method,eta,tau,budget,start_id,x0,y0,execution_status,raw_x,raw_y,grad_norm,lambda1,lambda2,n_outer_updates,terminal_category,endpoint,stop_reason,failure_reason,certification_reason,source
HiSD,0.03162277660168379,0.002,2000000,0,-0.7953125000000001,1.2093749999999999,completed,-11.401029144869423,7.41963244540015,1.7266625611884018e+30,2.6338206980357887e+29,1.92644206969873e+31,1,state_safeguard,U,state_safeguard,source_norm2_gt_5,raw_state_verified,run.py:numpy-batch
HiSD,0.03162277660168379,0.002,2000000,1,-0.7859375000000001,1.2093749999999999,completed,-12.07250549834793,7.9654171032165495,1.4779726976405686e+34,2.1454882124847658e+33,1.7490956527995045e+35,1,state_safeguard,U,state_safeguard,source_norm2_gt_5,raw_state_verified,run.py:numpy-batch
HiSD,0.03162277660168379,0.002,2000000,2,-0.7765625,1.2093749999999999,completed,-12.758918905360133,8.499604931761871,2.665665105942687e+38,3.67744751400314e+37,3.3415723571546766e+39,1,state_safeguard,U,state_safeguard,source_norm2_gt_5,raw_state_verified,run.py:numpy-batch
HiSD,0.03162277660168379,0.002,2000000,3,-0.7671875,1.2093749999999999,completed,-13.459280183154748,9.018889803794895,1.0049833246261084e+43,1.3164033560492593e+42,1.3324370722656808e+44,1,state_safeguard,U,state_safeguard,source_norm2_gt_5,raw_state_verified,run.py:numpy-batch
HiSD,0.03162277660168379,0.002,2000000,4,-0.7578125,1.2093749999999999,completed,-14.172719185109777,9.519667764434063,7.82674596737986e+47,9.728249796788357e+46,1.0958153428244502e+49,1,state_safeguard,U,state_safeguard,source_norm2_gt_5,raw_state_verified,run.py:numpy-batch
HiSD,0.03162277660168379,0.002,2000000,5,-0.7484375000000001,1.2093749999999999,completed,-14.89851418872723,9.997983988594344,1.2407519919046245e+53,1.4626939365929154e+52,1.8316629100126803e+54,1,state_safeguard,U,state_safeguard,source_norm2_gt_5,raw_state_verified,run.py:numpy-batch
HiSD,0.03162277660168379,0.002,2000000,6,-0.7390625000000001,1.2093749999999999,completed,-15.636124882402017,10.449463136008436,3.9397059823028613e+58,4.402884347911072e+57,6.12350052049191e+59,1,state_safeguard,U,state_safeguard,source_norm2_gt_5,raw_state_verified,run.py:numpy-batch
HiSD,0.03162277660168379,0.002,2000000,7,-0.7296875,1.2093749999999999,completed,-16.38522906870843,10.869217685114752,2.4669230327836085e+64,2.6119740264868226e+63,4.0317565936619294e+65,1,state_safeguard,U,state_safeguard,source_norm2_gt_5,raw_state_verified,run.py:numpy-batch
HiSD,0.03162277660168379,0.002,2000000,8,-0.7203125,1.2093749999999999,completed,-17.145762953462622,11.251726882635609,3.008944060533407e+70,3.015752607171114e+69,5.16487758462847e+71,1,state_safeguard,U,state_safeguard,source_norm2_gt_5,raw_state_verified,run.py:numpy-batch
HiSD,0.03162277660168379,0.002,2000000,9,-0.7109375,1.2093749999999999,completed,-17.917964372342784,11.590676203634654,7.110349477489679e+76,6.737699556140127e+75,1.280698195944625e+78,1,state_safeguard,U,state_safeguard,source_norm2_gt_5,raw_state_verified,run.py:numpy-batch
HiSD,0.03162277660168379,0.002,2000000,10,-0.7015625000000001,1.2093749999999999,completed,-18.70241729716495,11.878743325055567,3.276226247276077e+83,2.930164018836397e+82,6.188192441295661e+84,1,state_safeguard,U,state_safeguard,source_norm2_gt_5,raw_state_verified,run.py:numpy-batch
HiSD,0.03162277660168379,0.002,2000000,11,-0.6921875000000001,1.2093749999999999,completed,-19.500094057951422,12.107311065401456,3.017834750212623e+90,2.5415369362158112e+89,5.975737731579897e+91,1,state_safeguard,U,state_safeguard,source_norm2_gt_5,raw_state_verified,run.py:numpy-batch
HiSD,0.03162277660168379,0.002,2000000,12,-0.6828125,1.2093749999999999,completed,-20.31238818161732,12.26607980670219,5.857686878100122e+97,4.630792453328439e+96,1.21612873462826e+99,1,state_safeguard,U,state_safeguard,source_norm2_gt_5,raw_state_verified,run.py:numpy-batch
HiSD,0.03162277660168379,0.002,2000000,13,-0.6734375,1.2093749999999999,completed,-21.14112423864578,12.342540592868353,2.6297648119641386e+105,1.9435824951695155e+104,5.7278941212155295e+106,1,state_safeguard,U,state_safeguard,source_norm2_gt_5,raw_state_verified,run.py:numpy-batch
HiSD,0.03162277660168379,0.002,2000000,14,-0.6640625,1.2093749999999999,completed,-21.98851912813846,12.32125410861349,3.177433314311889e+113,2.1839713267209314e+112,7.269535101761705e+114,1,state_safeguard,U,state_safeguard,source_norm2_gt_5,raw_state_verified,run.py:numpy-batch
HiSD,0.03162277660168379,0.002,2000000,15,-0.6546875000000001,1.2093749999999999,completed,-22.857047222409772,12.182858730334319,1.3073344041666017e+122,8.301905892946865e+120,3.147803463564146e+123,1,state_safeguard,U,state_safeguard,source_norm2_gt_5,raw_state_verified,run.py:numpy-batch
HiSD,0.03162277660168379,0.002,2000000,16,-0.6453125000000001,1.2093749999999999,completed,-23.749121204197717,11.902702217638552,2.6127037787736958e+131,1.5204037891743597e+130,6.639091147729709e+132,1,state_safeguard,U,state_safeguard,source_norm2_gt_5,raw_state_verified,run.py:numpy-batch
HiSD,0.03162277660168379,0.002,2000000,17,-0.6359375,1.2093749999999999,completed,-24.666425538978917,11.448959225901165,4.2933004090975784e+141,2.266969121339844e+140,1.1556901349744687e+143,1,state_safeguard,U,state_safeguard,source_norm2_gt_5,raw_state_verified,run.py:numpy-batch
HiSD,0.03162277660168379,0.002,2000000,18,-0.6265625,1.2093749999999999,completed,-25.608602053402485,10.780074427652853,1.2522124875077572e+153,5.929977645122001e+151,3.5881728858735345e+154,1,state_safeguard,U,state_safeguard,source_norm2_gt_5,raw_state_verified,run.py:numpy-batch
HiSD,0.03162277660168379,0.002,2000000,19,-0.6171875,1.2093749999999999,completed,-26.570739248072886,9.84140310561643,,,,1,numerical_breakdown,U,state_safeguard,source_norm2_gt_5,nonfinite_derivatives_or_residual,run.py:numpy-batch
HiSD,0.03162277660168379,0.002,2000000,20,-0.6078125000000001,1.2093749999999999,completed,-27.53869020340325,8.5611320814884,,,,1,numerical_breakdown,U,state_safeguard,source_norm2_gt_5,nonfinite_derivatives_or_residual,run.py:numpy-batch
HiSD,0.03162277660168379,0.002,2000000,21,-0.5984375000000001,1.2093749999999999,completed,-28.480587991328207,6.846269933278044,,,,1,numerical_breakdown,U,state_safeguard,source_norm2_gt_5,nonfinite_derivatives_or_residual,run.py:numpy-batch
HiSD,0.03162277660168379,0.002,2000000,22,-0.5890625,1.2093749999999999,completed,-29.33221435928745,4.58140938764288,,,,1,numerical_breakdown,U,state_safeguard,source_norm2_gt_5,nonfinite_derivatives_or_residual,run.py:numpy-batch
HiSD,0.03162277660168379,0.002,2000000,23,-0.5796875,1.2093749999999999,completed,-29.97421667403381,1.637347548311171,,,,1,numerical_breakdown,U,state_safeguard,source_norm2_gt_5,nonfinite_derivatives_or_residual,run.py:numpy-batch
HiSD,0.03162277660168379,0.002,2000000,24,-0.5703125,1.2093749999999999,completed,-30.204360650306118,-2.0956907176331816,,,,1,numerical_breakdown,U,state_safeguard,source_norm2_gt_5,nonfinite_derivatives_or_residual,run.py:numpy-batch
HiSD,0.03162277660168379,0.002,2000000,25,-0.5609375000000001,1.2093749999999999,completed,-29.725987257426144,-6.630097214987128,,,,1,numerical_breakdown,U,state_safeguard,source_norm2_gt_5,nonfinite_derivatives_or_residual,run.py:numpy-batch
HiSD,0.03162277660168379,0.002,2000000,26,-0.5515625000000001,1.2093749999999999,completed,-28.206054097364227,-11.76065229759134,,,,1,numerical_breakdown,U,state_safeguard,source_norm2_gt_5,nonfinite_derivatives_or_residual,run.py:numpy-batch
HiSD,0.03162277660168379,0.002,2000000,27,-0.5421875,1.2093749999999999,completed,-25.45372290516754,-16.990589470669565,,,,1,numerical_breakdown,U,state_safeguard,source_norm2_gt_5,nonfinite_derivatives_or_residual,run.py:numpy-batch
HiSD,0.03162277660168379,0.002,2000000,28,-0.5328125000000001,1.2093749999999999,completed,-21.632690826390313,-21.66597471814945,,,,1,numerical_breakdown,U,state_safeguard,source_norm2_gt_5,nonfinite_derivatives_or_residual,run.py:numpy-batch
HiSD,0.03162277660168379,0.002,2000000,29,-0.5234375,1.2093749999999999,completed,-17.256762100401357,-25.303519632780148,,,,1,numerical_breakdown,U,state_safeguard,source_norm2_gt_5,nonfinite_derivatives_or_residual,run.py:numpy-batch
HiSD,0.03162277660168379,0.002,2000000,30,-0.5140625000000001,1.2093749999999999,completed,-12.911084696879673,-27.79864860512509,,,,1,numerical_breakdown,U,state_safeguard,source_norm2_gt_5,nonfinite_derivatives_or_residual,run.py:numpy-batch
HiSD,0.03162277660168379,0.002,2000000,31,-0.5046875000000001,1.2093749999999999,completed,-8.990166802551984,-29.337602413977276,,,,1,numerical_breakdown,U,state_safeguard,source_norm2_gt_5,nonfinite_derivatives_or_residual,run.py:numpy-batch
HiSD,0.03162277660168379,0.002,2000000,32,-0.7953125000000001,1.228125,completed,-9.909679579888214,6.770915860295068,1.0211704008469698e+23,1.8766589434871765e+22,9.731807793116047e+23,1,state_safeguard,U,state_safeguard,source_norm2_gt_5,raw_state_verified,run.py:numpy-batch
HiSD,0.03162277660168379,0.002,2000000,33,-0.7859375000000001,1.228125,completed,-10.560139634526982,7.356052796098972,2.5843250740112084e+26,4.5001817532232105e+25,2.6316600412122386e+27,1,state_safeguard,U,state_safeguard,source_norm2_gt_5,raw_state_verified,run.py:numpy-batch
HiSD,0.03162277660168379,0.002,2000000,34,-0.7765625,1.228125,completed,-11.227172333751135,7.935752734923907,1.4006031390040503e+30,2.307441077790452e+29,1.5213764126153623e+31,1,state_safeguard,U,state_safeguard,source_norm2_gt_5,raw_state_verified,run.py:numpy-batch
HiSD,0.03162277660168379,0.002,2000000,35,-0.7671875,1.228125,completed,-11.909596674218509,8.507227522041562,1.623073614512744e+34,2.528091172834719e+33,1.8768975062787208e+35,1,state_safeguard,U,state_safeguard,source_norm2_gt_5,raw_state_verified,run.py:numpy-batch
HiSD,0.03162277660168379,0.002,2000000,36,-0.7578125,1.228125,completed,-12.606307716358394,9.067470511344634,3.993490954436937e+38,5.88024975123939e+37,4.9059565384663746e+39,1,state_safeguard,U,state_safeguard,source_norm2_gt_5,raw_state_verified,run.py:numpy-batch
HiSD,0.03162277660168379,0.002,2000000,37,-0.7484375000000001,1.228125,completed,-13.31630125273286,9.613227338405068,2.0607970238200704e+43,2.8692112632923474e+42,2.683795474926925e+44,1,state_safeguard,U,state_safeguard,source_norm2_gt_5,raw_state_verified,run.py:numpy-batch
HiSD,0.03162277660168379,0.002,2000000,38,-0.7390625000000001,1.228125,completed,-14.038702131387131,10.140957262759107,2.193136916018197e+48,2.888308173816262e+47,3.0214424734691685e+49,1,state_safeguard,U,state_safeguard,source_norm2_gt_5,raw_state_verified,run.py:numpy-batch
HiSD,0.03162277660168379,0.002,2000000,39,-0.7296875,1.228125,completed,-14.772796668482375,10.646782043133541,4.715610211379425e+53,5.876816962825507e+52,6.858855831037751e+54,1,state_safeguard,U,state_safeguard,source_norm2_gt_5,raw_state_verified,run.py:numpy-batch
HiSD,0.03162277660168379,0.002,2000000,40,-0.7203125,1.228125,completed,-15.51806963842006,11.126418279777473,2.002400527523132e+59,2.3621966470124572e+58,3.0691575255897738e+60,1,state_safeguard,U,state_safeguard,source_norm2_gt_5,raw_state_verified,run.py:numpy-batch
HiSD,0.03162277660168379,0.002,2000000,41,-0.7109375,1.228125,completed,-16.27424634290749,11.575087713727795,1.6407095419422647e+65,1.8323304123714744e+64,2.6455683792079517e+66,1,state_safeguard,U,state_safeguard,source_norm2_gt_5,raw_state_verified,run.py:numpy-batch
HiSD,0.03162277660168379,0.002,2000000,42,-0.7015625000000001,1.228125,completed,-17.04134017950633,11.987397930425871,2.5401244596254183e+71,2.685014377357037e+70,4.302471735500966e+72,1,state_safeguard,U,state_safeguard,source_norm2_gt_5,raw_state_verified,run.py:numpy-batch
HiSD,0.03162277660168379,0.002,2000000,43,-0.6921875000000001,1.228125,completed,-17.81970585660032,12.357182997871456,7.317498481199479e+77,7.316529478831387e+76,1.3003742173280303e+79,1,state_safeguard,U,state_safeguard,source_norm2_gt_5,raw_state_verified,run.py:numpy-batch
HiSD,0.03162277660168379,0.002,2000000,44,-0.6828125,1.228125,completed,-18.610097745923976,12.677289368524608,3.903261102708094e+84,3.6873827902237664e+83,7.270667891205491e+85,1,state_safeguard,U,state_safeguard,source_norm2_gt_5,raw_state_verified,run.py:numpy-batch
HiSD,0.03162277660168379,0.002,2000000,45,-0.6734375,1.228125,completed,-19.41373147276466,12.939286272454774,3.9019509360231195e+91,3.476343699226031e+90,7.614209055468327e+92,1,state_safeguard,U,state_safeguard,source_norm2_gt_5,raw_state_verified,run.py:numpy-batch
HiSD,0.03162277660168379,0.002,2000000,46,-0.6640625,1.228125,completed,-20.23234404959611,13.133070907642162,7.593386854921066e+98,6.362996477469086e+97,1.5520967064600823e+100,1,state_safeguard,U,state_safeguard,source_norm2_gt_5,raw_state_verified,run.py:numpy-batch
HiSD,0.03162277660168379,0.002,2000000,47,-0.6546875000000001,1.228125,completed,-21.06824238942605,13.246325642629792,3.105881217430062e+106,2.438813373305051e+105,6.652432687525958e+107,1,state_safeguard,U,state_safeguard,source_norm2_gt_5,raw_state_verified,run.py:numpy-batch
HiSD,0.03162277660168379,0.002,2000000,48,-0.6453125000000001,1.228125,completed,-21.92431946190674,13.263765256154116,3.0511380188054816e+114,2.2338422996251994e+113,6.855184338945582e+115,1,state_safeguard,U,state_safeguard,source_norm2_gt_5,raw_state_verified,run.py:numpy-batch
HiSD,0.03162277660168379,0.002,2000000,49,-0.6359375,1.228125,completed,-22.80399698522609,13.166084402466376,8.936656318294182e+122,6.060728658435107e+121,2.109987959432756e+124,1,state_safeguard,U,state_safeguard,source_norm2_gt_5,raw_state_verified,run.py:numpy-batch
HiSD,0.03162277660168379,0.002,2000000,50,-0.6265625,1.228125,completed,-23.711014276091955,12.928476238149681,1.0933701804520206e+132,6.811592197584629e+130,2.7202762202882673e+133,1,state_safeguard,U,state_safeguard,source_norm2_gt_5,raw_state_verified,run.py:numpy-batch
HiSD,0.03162277660168379,0.002,2000000,51,-0.6171875,1.228125,completed,-24.648907007665873,12.518541433132107,9.343730219671708e+141,5.291754250362716e+140,2.459156222887996e+143,1,state_safeguard,U,state_safeguard,source_norm2_gt_5,raw_state_verified,run.py:numpy-batch
HiSD,0.03162277660168379,0.002,2000000,52,-0.6078125000000001,1.228125,completed,-25.619873083697556,11.89334989152318,1.2079984404508878e+153,6.140771711350177e+151,3.380621127340717e+154,1,state_safeguard,U,state_safeguard,source_norm2_gt_5,raw_state_verified,run.py:numpy-batch
HiSD,0.03162277660168379,0.002,2000000,53,-0.5984375000000001,1.228125,completed,-26.62244218066327,10.995390941090946,,,,1,numerical_breakdown,U,state_safeguard,source_norm2_gt_5,nonfinite_derivatives_or_residual,run.py:numpy-batch
HiSD,0.03162277660168379,0.002,2000000,54,-0.5890625,1.228125,completed,-27.64684268073429,9.747271058889767,,,,1,numerical_breakdown,U,state_safeguard,source_norm2_gt_5,nonfinite_derivatives_or_residual,run.py:numpy-batch
HiSD,0.03162277660168379,0.002,2000000,55,-0.5796875,1.228125,completed,-28.666054315279705,8.045639768369886,,,,1,numerical_breakdown,U,state_safeguard,source_norm2_gt_5,nonfinite_derivatives_or_residual,run.py:numpy-batch
HiSD,0.03162277660168379,0.002,2000000,56,-0.5703125,1.228125,completed,-29.61925456072912,5.756847431406857,,,,1,numerical_breakdown,U,state_safeguard,source_norm2_gt_5,nonfinite_derivatives_or_residual,run.py:numpy-batch
HiSD,0.03162277660168379,0.002,2000000,57,-0.5609375000000001,1.228125,completed,-30.383713717234805,2.7222090198075897,,,,1,numerical_breakdown,U,state_safeguard,source_norm2_gt_5,nonfinite_derivatives_or_residual,run.py:numpy-batch
HiSD,0.03162277660168379,0.002,2000000,58,-0.5515625000000001,1.228125,completed,-30.735845423847934,-1.2080688091534535,,,,1,numerical_breakdown,U,state_safeguard,source_norm2_gt_5,nonfinite_derivatives_or_residual,run.py:numpy-batch
HiSD,0.03162277660168379,0.002,2000000,59,-0.5421875,1.228125,completed,-30.324743074121937,-6.080648537518309,,,,1,numerical_breakdown,U,state_safeguard,source_norm2_gt_5,nonfinite_derivatives_or_residual,run.py:numpy-batch
HiSD,0.03162277660168379,0.002,2000000,60,-0.5328125000000001,1.228125,completed,-28.732506332972253,-11.674811132798435,,,,1,numerical_breakdown,U,state_safeguard,source_norm2_gt_5,nonfinite_derivatives_or_residual,run.py:numpy-batch
HiSD,0.03162277660168379,0.002,2000000,61,-0.5234375,1.228125,completed,-25.710280076054296,-17.384692991654962,,,,1,numerical_breakdown,U,state_safeguard,source_norm2_gt_5,nonfinite_derivatives_or_residual,run.py:numpy-batch
HiSD,0.03162277660168379,0.002,2000000,62,-0.5140625000000001,1.228125,completed,-21.476356467068044,-22.399318948918456,,,,1,numerical_breakdown,U,state_safeguard,source_norm2_gt_5,nonfinite_derivatives_or_residual,run.py:numpy-batch
HiSD,0.03162277660168379,0.002,2000000,63,-0.5046875000000001,1.228125,completed,-16.692601918668874,-26.161609648230744,,,,1,numerical_breakdown,U,state_safeguard,source_norm2_gt_5,nonfinite_derivatives_or_residual,run.py:numpy-batch
HiSD,0.03162277660168379,0.002,2000000,64,-0.7953125000000001,1.246875,completed,-8.437952074131884,6.0380298197334925,6.9215481345521784e+16,1.5652682667635584e+16,5.511335003860915e+17,1,state_safeguard,U,state_safeguard,source_norm2_gt_5,raw_state_verified,run.py:numpy-batch
HiSD,0.03162277660168379,0.002,2000000,65,-0.7859375000000001,1.246875,completed,-9.064046583286732,6.649972112331524,5.0778540257383555e+19,1.0799082504682084e+19,4.363647766046439e+20,1,state_safeguard,U,state_safeguard,source_norm2_gt_5,raw_state_verified,run.py:numpy-batch
HiSD,0.03162277660168379,0.002,2000000,66,-0.7765625,1.246875,completed,-9.708603241674087,7.2617211054408495,8.008274920892926e+22,1.598615295687945e+22,7.411391267689667e+23,1,state_safeguard,U,state_safeguard,source_norm2_gt_5,raw_state_verified,run.py:numpy-batch
HiSD,0.03162277660168379,0.002,2000000,67,-0.7671875,1.246875,completed,-10.370315361870494,7.870887104489702,2.736266440773529e+26,5.124541659195716e+25,2.720144323198587e+27,1,state_safeguard,U,state_safeguard,source_norm2_gt_5,raw_state_verified,run.py:numpy-batch
HiSD,0.03162277660168379,0.002,2000000,68,-0.7578125,1.246875,completed,-11.04791516119152,8.474906051779316,2.0289829833008305e+30,3.566617013754721e+29,2.1605786418948515e+31,1,state_safeguard,U,state_safeguard,source_norm2_gt_5,raw_state_verified,run.py:numpy-batch
HiSD,0.03162277660168379,0.002,2000000,69,-0.7484375000000001,1.246875,completed,-11.7401931974832,9.07102437360507,3.2503665021335317e+34,5.368131050284606e+33,3.696884358163586e+35,1,state_safeguard,U,state_safeguard,source_norm2_gt_5,raw_state_verified,run.py:numpy-batch
HiSD,0.03162277660168379,0.002,2000000,70,-0.7390625000000001,1.246875,completed,-12.446021066480563,9.656278561041425,1.1129338613365669e+39,1.729165094153664e+38,1.3481844290168838e+40,1,state_safeguard,U,state_safeguard,source_norm2_gt_5,raw_state_verified,run.py:numpy-batch
HiSD,0.03162277660168379,0.002,2000000,71,-0.7296875,1.246875,completed,-13.164377742900127,10.227467753237185,8.01086181365362e+43,1.172575073409805e+43,1.0307158319359519e+45,1,state_safeguard,U,state_safeguard,source_norm2_gt_5,raw_state_verified,run.py:numpy-batch
HiSD,0.03162277660168379,0.002,2000000,72,-0.7203125,1.246875,completed,-13.894380055775283,10.781117052264936,1.1858657941117352e+49,1.6375931896475158e+48,1.6163526458462698e+50,1,state_safeguard,U,state_safeguard,source_norm2_gt_5,raw_state_verified,run.py:numpy-batch
HiSD,0.03162277660168379,0.002,2000000,73,-0.7109375,1.246875,completed,-14.635317913737373,11.313428547346357,3.516252571273292e+54,4.586972188461306e+53,5.064705713931983e+55,1,state_safeguard,U,state_safeguard,source_norm2_gt_5,raw_state_verified,run.py:numpy-batch
HiSD,0.03162277660168379,0.002,2000000,74,-0.7015625000000001,1.246875,completed,-15.386695031562985,11.820215974770331,2.0275914515107348e+60,2.501394143280628e+59,3.079241767180082e+61,1,state_safeguard,U,state_safeguard,source_norm2_gt_5,raw_state_verified,run.py:numpy-batch
HiSD,0.03162277660168379,0.002,2000000,75,-0.6921875000000001,1.246875,completed,-16.148276039130227,12.296817455336827,2.2044811618963e+66,2.574077387715246e+65,3.522639581044154e+67,1,state_safeguard,U,state_safeguard,source_norm2_gt_5,raw_state_verified,run.py:numpy-batch
HiSD,0.03162277660168379,0.002,2000000,76,-0.6828125,1.246875,completed,-16.92014094658988,12.737978628205699,4.3862176589954015e+72,4.849731596049334e+71,7.36148344989677e+73,1,state_safeguard,U,state_safeguard,source_norm2_gt_5,raw_state_verified,run.py:numpy-batch
HiSD,0.03162277660168379,0.002,2000000,77,-0.6734375,1.246875,completed,-17.70274791999058,13.13769543742708,1.5569280430946254e+79,1.6300715096282202e+78,2.740260724903323e+80,1,state_safeguard,U,state_safeguard,source_norm2_gt_5,raw_state_verified,run.py:numpy-batch
HiSD,0.03162277660168379,0.002,2000000,78,-0.6640625,1.246875,completed,-18.49700504558844,13.489001355905396,9.697288449137173e+85,9.60832523164615e+84,1.7877018553715983e+87,1,state_safeguard,U,state_safeguard,source_norm2_gt_5,raw_state_verified,run.py:numpy-batch
HiSD,0.03162277660168379,0.002,2000000,79,-0.6546875000000001,1.246875,completed,-19.30435093658821,13.783677233951614,1.0583485228732035e+93,9.911154936779736e+91,2.0418819459533897e+94,1,state_safeguard,U,state_safeguard,source_norm2_gt_5,raw_state_verified,run.py:numpy-batch
HiSD,0.03162277660168379,0.002,2000000,80,-0.6453125000000001,1.246875,completed,-20.126842083532882,14.011852129411277,2.070012596484574e+100,1.8281885207519283e+99,4.1779362263867424e+101,1,state_safeguard,U,state_safeguard,source_norm2_gt_5,raw_state_verified,run.py:numpy-batch
HiSD,0.03162277660168379,0.002,2000000,81,-0.6359375,1.246875,completed,-20.96724062215011,14.1614487031367,7.695158414848587e+107,6.388430197429197e+106,1.6250187096167469e+109,1,state_safeguard,U,state_safeguard,source_norm2_gt_5,raw_state_verified,run.py:numpy-batch
HiSD,0.03162277660168379,0.002,2000000,82,-0.6265625,1.246875,completed,-21.82908739622562,14.217404446378739,6.087753982506123e+115,4.7287342053775047e+114,1.3461819995961752e+117,1,state_safeguard,U,state_safeguard,source_norm2_gt_5,raw_state_verified,run.py:numpy-batch
HiSD,0.03162277660168379,0.002,2000000,83,-0.6171875,1.246875,completed,-22.716727215749458,14.160566301211682,1.2439913886431098e+124,8.983923575367979e+122,2.8852325768529116e+125,1,state_safeguard,U,state_safeguard,source_norm2_gt_5,raw_state_verified,run.py:numpy-batch
HiSD,0.03162277660168379,0.002,2000000,84,-0.6078125000000001,1.246875,completed,-23.635216685326583,13.966105894977554,8.986621755772924e+132,5.98358379973883e+131,2.1919427008768617e+134,1,state_safeguard,U,state_safeguard,source_norm2_gt_5,raw_state_verified,run.py:numpy-batch
HiSD,0.03162277660168379,0.002,2000000,85,-0.5984375000000001,1.246875,completed,-24.589970755405577,13.601229889906534,3.759878464169952e+142,2.2831997057776442e+141,9.682125043942845e+143,1,state_safeguard,U,state_safeguard,source_norm2_gt_5,raw_state_verified,run.py:numpy-batch
HiSD,0.03162277660168379,0.002,2000000,86,-0.5890625,1.246875,completed,-25.585853060580455,13.021863538827159,1.9558378458171187e+153,1.0685029672520649e+152,5.3461622703190474e+154,1,state_safeguard,U,state_safeguard,source_norm2_gt_5,raw_state_verified,run.py:numpy-batch
HiSD,0.03162277660168379,0.002,2000000,87,-0.5796875,1.246875,completed,-26.625108164566353,12.16788675807127,,,,1,numerical_breakdown,U,state_safeguard,source_norm2_gt_5,nonfinite_derivatives_or_residual,run.py:numpy-batch
HiSD,0.03162277660168379,0.002,2000000,88,-0.5703125,1.246875,completed,-27.70291929523393,10.956503594069632,,,,1,numerical_breakdown,U,state_safeguard,source_norm2_gt_5,nonfinite_derivatives_or_residual,run.py:numpy-batch
HiSD,0.03162277660168379,0.002,2000000,89,-0.5609375000000001,1.246875,completed,-28.798200055741148,9.273786425701154,,,,1,numerical_breakdown,U,state_safeguard,source_norm2_gt_5,nonfinite_derivatives_or_residual,run.py:numpy-batch
HiSD,0.03162277660168379,0.002,2000000,90,-0.5515625000000001,1.246875,completed,-29.855253834526515,6.96643432411103,,,,1,numerical_breakdown,U,state_safeguard,source_norm2_gt_5,nonfinite_derivatives_or_residual,run.py:numpy-batch
HiSD,0.03162277660168379,0.002,2000000,91,-0.5421875,1.246875,completed,-30.749836885256066,3.842082361505243,,,,1,numerical_breakdown,U,state_safeguard,source_norm2_gt_5,nonfinite_derivatives_or_residual,run.py:numpy-batch
HiSD,0.03162277660168379,0.002,2000000,92,-0.5328125000000001,1.246875,completed,-31.23628548051771,-0.29796565099046446,,,,1,numerical_breakdown,U,state_safeguard,source_norm2_gt_5,nonfinite_derivatives_or_residual,run.py:numpy-batch
HiSD,0.03162277660168379,0.002,2000000,93,-0.5234375,1.246875,completed,-30.899655953846615,-5.546077123259108,,,,1,numerical_breakdown,U,state_safeguard,source_norm2_gt_5,nonfinite_derivatives_or_residual,run.py:numpy-batch
HiSD,0.03162277660168379,0.002,2000000,94,-0.5140625000000001,1.246875,completed,-29.214927253946314,-11.664567272011887,,,,1,numerical_breakdown,U,state_safeguard,source_norm2_gt_5,nonfinite_derivatives_or_residual,run.py:numpy-batch
HiSD,0.03162277660168379,0.002,2000000,95,-0.5046875000000001,1.246875,completed,-25.86249212903042,-17.903854053254594,,,,1,numerical_breakdown,U,state_safeguard,source_norm2_gt_5,nonfinite_derivatives_or_residual,run.py:numpy-batch
HiSD,0.03162277660168379,0.002,2000000,96,-0.7953125000000001,1.265625,completed,-6.9950724525864185,5.249728385491734,566506787746.0648,162865608960.6168,3657421242091.075,1,state_safeguard,U,state_safeguard,source_norm2_gt_5,raw_state_verified,run.py:numpy-batch
HiSD,0.03162277660168379,0.002,2000000,97,-0.7859375000000001,1.265625,completed,-7.593221600786607,5.87750558738136,121498921451601.31,32437074157149.934,858370854748575.2,1,state_safeguard,U,state_safeguard,source_norm2_gt_5,raw_state_verified,run.py:numpy-batch
HiSD,0.03162277660168379,0.002,2000000,98,-0.7765625,1.265625,completed,-8.211862628696466,6.5096016283125255,5.5249679237493576e+16,1.3665650341088002e+16,4.2597374160726554e+17,1,state_safeguard,U,state_safeguard,source_norm2_gt_5,raw_state_verified,run.py:numpy-batch
HiSD,0.03162277660168379,0.002,2000000,99,-0.7671875,1.265625,completed,-8.849623513748288,7.143959090449162,5.424516015749489e+19,1.2430865586548302e+19,4.548198896343184e+20,1,state_safeguard,U,state_safeguard,source_norm2_gt_5,raw_state_verified,run.py:numpy-batch
HiSD,0.03162277660168379,0.002,2000000,100,-0.7578125,1.265625,completed,-9.505141218042734,7.778368685119845,1.1642028206327062e+23,2.475246436904889e+22,1.0574430341512929e+24,1,state_safeguard,U,state_safeguard,source_norm2_gt_5,raw_state_verified,run.py:numpy-batch
HiSD,0.03162277660168379,0.002,2000000,101,-0.7484375000000001,1.265625,completed,-10.177076074904141,8.410462356341423,5.4946052558741386e+26,1.0862225237855086e+26,5.385209718684542e+27,1,state_safeguard,U,state_safeguard,source_norm2_gt_5,raw_state_verified,run.py:numpy-batch
HiSD,0.03162277660168379,0.002,2000000,102,-0.7390625000000001,1.265625,completed,-10.86412908003181,9.03770356910508,5.698680607631135e+30,1.0501655656201046e+30,6.0033639490399595e+31,1,state_safeguard,U,state_safeguard,source_norm2_gt_5,raw_state_verified,run.py:numpy-batch
HiSD,0.03162277660168379,0.002,2000000,103,-0.7296875,1.265625,completed,-11.565062331426562,9.657373765758935,1.2889772522399168e+35,2.22023333321636e+34,1.4541221663486217e+36,1,state_safeguard,U,state_safeguard,source_norm2_gt_5,raw_state_verified,run.py:numpy-batch
HiSD,0.03162277660168379,0.002,2000000,104,-0.7203125,1.265625,completed,-12.278722959781186,10.266553690678329,6.267309856433943e+39,1.0117338626351714e+39,7.544613161680819e+40,1,state_safeguard,U,state_safeguard,source_norm2_gt_5,raw_state_verified,run.py:numpy-batch
HiSD,0.03162277660168379,0.002,2000000,105,-0.7109375,1.265625,completed,-13.004071012371115,10.862097891472272,6.4143951645694146e+44,9.729343027321043e+43,8.212402123207856e+45,1,state_safeguard,U,state_safeguard,source_norm2_gt_5,raw_state_verified,run.py:numpy-batch
HiSD,0.03162277660168379,0.002,2000000,106,-0.7015625000000001,1.265625,completed,-13.740211900723834,11.440600164980841,1.3449612904473994e+50,1.9213632439686528e+49,1.825744810491235e+51,1,state_safeguard,U,state_safeguard,source_norm2_gt_5,raw_state_verified,run.py:numpy-batch
HiSD,0.03162277660168379,0.002,2000000,107,-0.6921875000000001,1.265625,completed,-14.486434203420814,11.998346960532421,5.593840967155963e+55,7.542322312379495e+54,8.028139020906913e+56,1,state_safeguard,U,state_safeguard,source_norm2_gt_5,raw_state_verified,run.py:numpy-batch
HiSD,0.03162277660168379,0.002,2000000,108,-0.6828125,1.265625,completed,-15.242253830102348,12.531254690851924,4.4501061313271026e+61,5.673569214962838e+60,6.734615100224938e+62,1,state_safeguard,U,state_safeguard,source_norm2_gt_5,raw_state_verified,run.py:numpy-batch
HiSD,0.03162277660168379,0.002,2000000,109,-0.6734375,1.265625,completed,-16.007465801470186,13.03478538716973,6.514438909061352e+67,7.865007327597942e+66,1.0371197902614086e+69,1,state_safeguard,U,state_safeguard,source_norm2_gt_5,raw_state_verified,run.py:numpy-batch
HiSD,0.03162277660168379,0.002,2000000,110,-0.6640625,1.265625,completed,-16.78220516727704,13.503832954762823,1.6880363389315233e+74,1.932001702273825e+73,2.8211776233445407e+75,1,state_safeguard,U,state_safeguard,source_norm2_gt_5,raw_state_verified,run.py:numpy-batch
HiSD,0.03162277660168379,0.002,2000000,111,-0.6546875000000001,1.265625,completed,-17.567018829040627,13.932569105388813,7.470556131915343e+80,8.110323360978346e+79,1.3083118637286528e+82,1,state_safeguard,U,state_safeguard,source_norm2_gt_5,raw_state_verified,run.py:numpy-batch
HiSD,0.03162277660168379,0.002,2000000,112,-0.6453125000000001,1.265625,completed,-18.362950159171888,14.314233345346947,5.4881355906153885e+87,5.651582178151416e+86,1.0056501898619657e+89,1,state_safeguard,U,state_safeguard,source_norm2_gt_5,raw_state_verified,run.py:numpy-batch
HiSD,0.03162277660168379,0.002,2000000,113,-0.6359375,1.265625,completed,-19.17163809509055,14.640844370125723,6.5911433874841764e+94,6.433588532386725e+93,1.2623034099636906e+96,1,state_safeguard,U,state_safeguard,source_norm2_gt_5,raw_state_verified,run.py:numpy-batch
HiSD,0.03162277660168379,0.002,2000000,114,-0.6265625,1.265625,completed,-19.995431373399704,14.902799565347665,1.302156537559392e+102,1.2028220438795952e+101,2.604702037973079e+103,1,state_safeguard,U,state_safeguard,source_norm2_gt_5,raw_state_verified,run.py:numpy-batch
HiSD,0.03162277660168379,0.002,2000000,115,-0.6171875,1.265625,completed,-20.837515775883688,15.088312978654443,4.403115376172195e+109,3.838432351013839e+108,9.19800958024826e+110,1,state_safeguard,U,state_safeguard,source_norm2_gt_5,raw_state_verified,run.py:numpy-batch
HiSD,0.03162277660168379,0.002,2000000,116,-0.6078125000000001,1.265625,completed,-21.702045633765582,15.18261680635719,2.7900474681532194e+117,2.2858816658934083e+116,6.090103511256379e+118,1,state_safeguard,U,state_safeguard,source_norm2_gt_5,raw_state_verified,run.py:numpy-batch
HiSD,0.03162277660168379,0.002,2000000,117,-0.5984375000000001,1.265625,completed,-22.594256032136304,15.166811921011373,3.918350702784125e+125,2.9991970445597914e+124,8.949635283162069e+126,1,state_safeguard,U,state_safeguard,source_norm2_gt_5,raw_state_verified,run.py:numpy-batch
HiSD,0.03162277660168379,0.002,2000000,118,-0.5890625,1.265625,completed,-23.52049992674372,15.016191248732731,1.6219950141998176e+134,1.1503712071297638e+133,3.8861397750347044e+135,1,state_safeguard,U,state_safeguard,source_norm2_gt_5,raw_state_verified,run.py:numpy-batch
HiSD,0.03162277660168379,0.002,2000000,119,-0.5796875,1.265625,completed,-24.488084817476008,14.697764652304851,3.1494346471634845e+143,2.0469869556711253e+142,7.945826124408777e+144,1,state_safeguard,U,state_safeguard,source_norm2_gt_5,raw_state_verified,run.py:numpy-batch
HiSD,0.03162277660168379,0.002,2000000,120,-0.5703125,1.265625,completed,-25.504633561654753,14.166573250101049,6.024251998045397e+153,3.5368757472686643e+152,1.6093800568693191e+155,1,state_safeguard,U,state_safeguard,source_norm2_gt_5,raw_state_verified,run.py:numpy-batch
HiSD,0.03162277660168379,0.002,2000000,121,-0.5609375000000001,1.265625,completed,-26.576369899661668,13.36019594146702,,,,1,numerical_breakdown,U,state_safeguard,source_norm2_gt_5,nonfinite_derivatives_or_residual,run.py:numpy-batch
HiSD,0.03162277660168379,0.002,2000000,122,-0.5515625000000001,1.265625,completed,-27.704033510338387,12.1906921276788,,,,1,numerical_breakdown,U,state_safeguard,source_norm2_gt_5,nonfinite_derivatives_or_residual,run.py:numpy-batch
HiSD,0.03162277660168379,0.002,2000000,123,-0.5421875,1.265625,completed,-28.873674742732703,10.533428080151882,,,,1,numerical_breakdown,U,state_safeguard,source_norm2_gt_5,nonfinite_derivatives_or_residual,run.py:numpy-batch
HiSD,0.03162277660168379,0.002,2000000,124,-0.5328125000000001,1.265625,completed,-30.036781921455535,8.214010371170534,,,,1,numerical_breakdown,U,state_safeguard,source_norm2_gt_5,nonfinite_derivatives_or_residual,run.py:numpy-batch
HiSD,0.03162277660168379,0.002,2000000,125,-0.5234375,1.265625,completed,-31.070090526068384,5.001574561077025,,,,1,numerical_breakdown,U,state_safeguard,source_norm2_gt_5,nonfinite_derivatives_or_residual,run.py:numpy-batch
HiSD,0.03162277660168379,0.002,2000000,126,-0.5140625000000001,1.265625,completed,-31.70551388091704,0.637404391158282,,,,1,numerical_breakdown,U,state_safeguard,source_norm2_gt_5,nonfinite_derivatives_or_residual,run.py:numpy-batch
HiSD,0.03162277660168379,0.002,2000000,127,-0.5046875000000001,1.265625,completed,-31.451801726026304,-5.03201216191086,,,,1,numerical_breakdown,U,state_safeguard,source_norm2_gt_5,nonfinite_derivatives_or_residual,run.py:numpy-batch
HiSD,0.03162277660168379,0.002,2000000,128,-0.7953125000000001,1.284375,completed,-5.590323993046782,4.432222461282575,55099574.166525796,21186322.136189368,276631331.2442634,1,state_safeguard,U,state_safeguard,source_norm2_gt_5,raw_state_verified,run.py:numpy-batch
HiSD,0.03162277660168379,0.002,2000000,129,-0.7859375000000001,1.284375,completed,-6.156931092551022,5.066135180737247,3620410404.5738997,1264205776.2049212,20296339069.84495,1,state_safeguard,U,state_safeguard,source_norm2_gt_5,raw_state_verified,run.py:numpy-batch
HiSD,0.03162277660168379,0.002,2000000,130,-0.7765625,1.284375,completed,-6.746087479561209,5.70825129317709,487437609172.17633,154247636280.54034,3039833715373.4365,1,state_safeguard,U,state_safeguard,source_norm2_gt_5,raw_state_verified,run.py:numpy-batch
HiSD,0.03162277660168379,0.002,2000000,131,-0.7671875,1.284375,completed,-7.35640748962696,6.356813172694981,138350177535816.89,39746528614924.16,954769243703847.0,1,state_safeguard,U,state_safeguard,source_norm2_gt_5,raw_state_verified,run.py:numpy-batch
HiSD,0.03162277660168379,0.002,2000000,132,-0.7578125,1.284375,completed,-7.9864919849766025,7.009920469379112,8.47549114024772e+16,2.2187057016267212e+16,6.435445412431421e+17,1,state_safeguard,U,state_safeguard,source_norm2_gt_5,raw_state_verified,run.py:numpy-batch
HiSD,0.03162277660168379,0.002,2000000,133,-0.7484375000000001,1.284375,completed,-8.634937901573421,7.665527988889328,1.140679369649957e+20,2.733081861025855e+19,9.47513236303069e+20,1,state_safeguard,U,state_safeguard,source_norm2_gt_5,raw_state_verified,run.py:numpy-batch
HiSD,0.03162277660168379,0.002,2000000,134,-0.7390625000000001,1.284375,completed,-9.300350521907305,8.321442221888017,3.410564763361637e+23,7.514576671061738e+22,3.082297586124764e+24,1,state_safeguard,U,state_safeguard,source_norm2_gt_5,raw_state_verified,run.py:numpy-batch
HiSD,0.03162277660168379,0.002,2000000,135,-0.7296875,1.284375,completed,-9.9813585745175,8.975315901822972,2.2748197801095787e+27,4.630394570808355e+26,2.2252928302855204e+28,1,state_safeguard,U,state_safeguard,source_norm2_gt_5,raw_state_verified,run.py:numpy-batch
HiSD,0.03162277660168379,0.002,2000000,136,-0.7203125,1.284375,completed,-10.676632340436473,9.624639821350616,3.373810432457969e+31,6.372255834257704e+30,3.5553043817931564e+32,1,state_safeguard,U,state_safeguard,source_norm2_gt_5,raw_state_verified,run.py:numpy-batch
HiSD,0.03162277660168379,0.002,2000000,137,-0.7109375,1.284375,completed,-11.384905041220009,10.266730934500927,1.1007180391823704e+36,1.9370189663040313e+35,1.2440248658216808e+37,1,state_safeguard,U,state_safeguard,source_norm2_gt_5,raw_state_verified,run.py:numpy-batch
HiSD,0.03162277660168379,0.002,2000000,138,-0.7015625000000001,1.284375,completed,-12.104997902033851,10.898715489424939,7.756918983878856e+40,1.2766677275727945e+40,9.364170464133763e+41,1,state_safeguard,U,state_safeguard,source_norm2_gt_5,raw_state_verified,run.py:numpy-batch
HiSD,0.03162277660168379,0.002,2000000,139,-0.6921875000000001,1.284375,completed,-12.835849429370278,11.517505550612572,1.151032780757379e+46,1.777907669168271e+45,1.4786487267228843e+47,1,state_safeguard,U,state_safeguard,source_norm2_gt_5,raw_state_verified,run.py:numpy-batch
HiSD,0.03162277660168379,0.002,2000000,140,-0.6828125,1.284375,completed,-13.576549627346289,12.119766733220239,3.48224209399573e+51,5.0637133950969655e+50,4.743892907299215e+52,1,state_safeguard,U,state_safeguard,source_norm2_gt_5,raw_state_verified,run.py:numpy-batch
HiSD,0.03162277660168379,0.002,2000000,141,-0.6734375,1.284375,completed,-14.326380111481207,12.701874218257355,2.0672014914047434e+57,2.837838590593803e+56,2.977025981792026e+58,1,state_safeguard,U,state_safeguard,source_norm2_gt_5,raw_state_verified,run.py:numpy-batch
HiSD,0.03162277660168379,0.002,2000000,142,-0.6640625,1.284375,completed,-15.084861370047197,13.259853055066325,2.3062879065323343e+63,2.9961483617730074e+62,3.500916765881286e+64,1,state_safeguard,U,state_safeguard,source_norm2_gt_5,raw_state_verified,run.py:numpy-batch
HiSD,0.03162277660168379,0.002,2000000,143,-0.6546875000000001,1.284375,completed,-15.851808790142812,13.789297228407573,4.615842599945733e+69,5.686291223940533e+68,7.366306594514189e+70,1,state_safeguard,U,state_safeguard,source_norm2_gt_5,raw_state_verified,run.py:numpy-batch
HiSD,0.03162277660168379,0.002,2000000,144,-0.6453125000000001,1.284375,completed,-16.627399507795232,14.285259752072493,1.5800009420576008e+76,1.8486850030826186e+75,2.644650496030417e+77,1,state_safeguard,U,state_safeguard,source_norm2_gt_5,raw_state_verified,run.py:numpy-batch
HiSD,0.03162277660168379,0.002,2000000,145,-0.6359375,1.284375,completed,-17.412252657120373,14.742102785988685,8.832932268618366e+82,9.827126352494247e+81,1.5475176171845017e+84,1,state_safeguard,U,state_safeguard,source_norm2_gt_5,raw_state_verified,run.py:numpy-batch
HiSD,0.03162277660168379,0.002,2000000,146,-0.6265625,1.284375,completed,-18.20752613465197,15.153291901061403,7.744391021542126e+89,8.197189673756925e+88,1.4176974709646476e+91,1,state_safeguard,U,state_safeguard,source_norm2_gt_5,raw_state_verified,run.py:numpy-batch
HiSD,0.03162277660168379,0.002,2000000,147,-0.6171875,1.284375,completed,-19.015033433664644,15.51111123036434,1.033950233780825e+97,1.041048859523971e+96,1.9749908659725652e+98,1,state_safeguard,U,state_safeguard,source_norm2_gt_5,raw_state_verified,run.py:numpy-batch
HiSD,0.03162277660168379,0.002,2000000,148,-0.6078125000000001,1.284375,completed,-19.837384114601715,15.806264882346333,2.0797676433203432e+104,1.989943880701648e+103,4.1413312674045565e+105,1,state_safeguard,U,state_safeguard,source_norm2_gt_5,raw_state_verified,run.py:numpy-batch
HiSD,0.03162277660168379,0.002,2000000,149,-0.5984375000000001,1.284375,completed,-20.678150304226314,16.02731224473012,6.426603726908541e+111,5.8310058923131184e+110,1.3334784522762992e+113,1,state_safeguard,U,state_safeguard,source_norm2_gt_5,raw_state_verified,run.py:numpy-batch
HiSD,0.03162277660168379,0.002,2000000,150,-0.5890625,1.284375,completed,-21.542057546923807,16.159856677135302,3.259908748210248e+119,2.7949006530194106e+118,7.050134500497548e+120,1,state_safeguard,U,state_safeguard,source_norm2_gt_5,raw_state_verified,run.py:numpy-batch
HiSD,0.03162277660168379,0.002,2000000,151,-0.5796875,1.284375,completed,-22.435187506464423,16.185361932428393,3.118476673884356e+127,2.512818421645013e+126,7.037218267450681e+128,1,state_safeguard,U,state_safeguard,source_norm2_gt_5,raw_state_verified,run.py:numpy-batch
HiSD,0.03162277660168379,0.002,2000000,152,-0.5703125,1.284375,completed,-23.365153742880118,16.079397483497434,7.231187066009632e+135,5.433720418073831e+134,1.7064630825130785e+137,1,state_safeguard,U,state_safeguard,source_norm2_gt_5,raw_state_verified,run.py:numpy-batch
HiSD,0.03162277660168379,0.002,2000000,153,-0.5609375000000001,1.284375,completed,-24.341150271541704,15.808995269800151,6.2287399934629234e+144,4.317337547848878e+143,1.5428030217546733e+146,1,state_safeguard,U,state_safeguard,source_norm2_gt_5,raw_state_verified,run.py:numpy-batch
HiSD,0.03162277660168379,0.002,2000000,154,-0.5515625000000001,1.284375,completed,-25.37363031508557,15.328610948868707,,,,1,numerical_breakdown,U,state_safeguard,source_norm2_gt_5,nonfinite_derivatives_or_residual,run.py:numpy-batch
HiSD,0.03162277660168379,0.002,2000000,155,-0.5421875,1.284375,completed,-26.473044014028638,14.573896784001926,,,,1,numerical_breakdown,U,state_safeguard,source_norm2_gt_5,nonfinite_derivatives_or_residual,run.py:numpy-batch
HiSD,0.03162277660168379,0.002,2000000,156,-0.5328125000000001,1.284375,completed,-27.64630537660033,13.452131165146069,,,,1,numerical_breakdown,U,state_safeguard,source_norm2_gt_5,nonfinite_derivatives_or_residual,run.py:numpy-batch
HiSD,0.03162277660168379,0.002,2000000,157,-0.5234375,1.284375,completed,-28.887930704236123,11.82797816311551,,,,1,numerical_breakdown,U,state_safeguard,source_norm2_gt_5,nonfinite_derivatives_or_residual,run.py:numpy-batch
HiSD,0.03162277660168379,0.002,2000000,158,-0.5140625000000001,1.284375,completed,-30.159054414953758,9.504524716611582,,,,1,numerical_breakdown,U,state_safeguard,source_norm2_gt_5,nonfinite_derivatives_or_residual,run.py:numpy-batch
HiSD,0.03162277660168379,0.002,2000000,159,-0.5046875000000001,1.284375,completed,-31.340740983436117,6.20687635174804,,,,1,numerical_breakdown,U,state_safeguard,source_norm2_gt_5,nonfinite_derivatives_or_residual,run.py:numpy-batch
HiSD,0.03162277660168379,0.002,2000000,160,-0.7953125000000001,1.3031249999999999,completed,-4.232651285885597,3.6097408699770845,57855.999067685385,32180.819412389825,211680.23958106834,1,state_safeguard,U,state_safeguard,source_norm2_gt_5,raw_state_verified,run.py:numpy-batch
HiSD,0.03162277660168379,0.002,2000000,161,-0.7859375000000001,1.3031249999999999,completed,-4.764333021984038,4.2411676170520245,1269849.246355612,616396.274227126,5386515.645924927,1,state_safeguard,U,state_safeguard,source_norm2_gt_5,raw_state_verified,run.py:numpy-batch
HiSD,0.03162277660168379,0.002,2000000,162,-0.7765625,1.3031249999999999,completed,-5.320542222847896,4.884108860466496,54314137.24849482,22945126.192418333,263841782.65107107,1,state_safeguard,U,state_safeguard,source_norm2_gt_5,raw_state_verified,run.py:numpy-batch
HiSD,0.03162277660168379,0.002,2000000,163,-0.7671875,1.3031249999999999,completed,-5.89992215143111,5.537095522754388,4672000932.3439245,1732331118.7755773,25762785200.73282,1,state_safeguard,U,state_safeguard,source_norm2_gt_5,raw_state_verified,run.py:numpy-batch
HiSD,0.03162277660168379,0.002,2000000,164,-0.7578125,1.3031249999999999,completed,-6.501087542451104,6.198516598164963,837019276074.0789,275041835978.2496,5190003841904.68,1,state_safeguard,U,state_safeguard,source_norm2_gt_5,raw_state_verified,run.py:numpy-batch
HiSD,0.03162277660168379,0.002,2000000,165,-0.7484375000000001,1.3031249999999999,completed,-7.1226293193711445,6.866619766525331,321801311645882.44,94595840542805.56,2223680810729663.5,1,state_safeguard,U,state_safeguard,source_norm2_gt_5,raw_state_verified,run.py:numpy-batch
HiSD,0.03162277660168379,0.002,2000000,166,-0.7390625000000001,1.3031249999999999,completed,-7.763122074937058,7.539511530601716,2.7189444483235066e+17,7.212154810069466e+16,2.0767981888497364e+18,1,state_safeguard,U,state_safeguard,source_norm2_gt_5,raw_state_verified,run.py:numpy-batch
HiSD,0.03162277660168379,0.002,2000000,167,-0.7296875,1.3031249999999999,completed,-8.421134277690212,8.215156479006076,5.1354562539910385e+20,1.2388148141342843e+20,4.3042340528060493e+21,1,state_safeguard,U,state_safeguard,source_norm2_gt_5,raw_state_verified,run.py:numpy-batch
HiSD,0.03162277660168379,0.002,2000000,168,-0.7203125,1.3031249999999999,completed,-9.09524123541005,8.891375203566165,2.1895857543922056e+24,4.8369458638563935e+23,2.000524790300187e+25,1,state_safeguard,U,state_safeguard,source_norm2_gt_5,raw_state_verified,run.py:numpy-batch
HiSD,0.03162277660168379,0.002,2000000,169,-0.7109375,1.3031249999999999,completed,-9.784040924341761,9.565840293037985,2.1117385303162e+28,4.2985643521361833e+27,2.090836164082323e+29,1,state_safeguard,U,state_safeguard,source_norm2_gt_5,raw_state_verified,run.py:numpy-batch
HiSD,0.03162277660168379,0.002,2000000,170,-0.7015625000000001,1.3031249999999999,completed,-10.486172881711164,10.236069679360469,4.5796785268161075e+32,8.63766866267456e+31,4.8876281280283246e+33,1,state_safeguard,U,state_safeguard,source_norm2_gt_5,raw_state_verified,run.py:numpy-batch
HiSD,0.03162277660168379,0.002,2000000,171,-0.6921875000000001,1.3031249999999999,completed,-11.200340468691822,10.899416410097919,2.2021084064264913e+37,3.86750432097088e+36,2.521097121825937e+38,1,state_safeguard,U,state_safeguard,source_norm2_gt_5,raw_state_verified,run.py:numpy-batch
HiSD,0.03162277660168379,0.002,2000000,172,-0.6828125,1.3031249999999999,completed,-11.925336944241971,11.553053646766106,2.2962890458362576e+42,3.7720708427501605e+41,2.8077604250817704e+43,1,state_safeguard,U,state_safeguard,source_norm2_gt_5,raw_state_verified,run.py:numpy-batch
HiSD,0.03162277660168379,0.002,2000000,173,-0.6734375,1.3031249999999999,completed,-12.660075961962317,12.19395330785946,5.039089049184986e+47,7.773190758302537e+46,6.55435743037734e+48,1,state_safeguard,U,state_safeguard,source_norm2_gt_5,raw_state_verified,run.py:numpy-batch
HiSD,0.03162277660168379,0.002,2000000,174,-0.6640625,1.3031249999999999,completed,-13.403627319939167,12.818856248789546,2.2414950119381728e+53,3.2586051756887844e+52,3.0900884851758095e+54,1,state_safeguard,U,state_safeguard,source_norm2_gt_5,raw_state_verified,run.py:numpy-batch
HiSD,0.03162277660168379,0.002,2000000,175,-0.6546875000000001,1.3031249999999999,completed,-14.15525907743812,13.424231128197135,1.9336589346109943e+59,2.657690311493192e+58,2.8158712110323022e+60,1,state_safeguard,U,state_safeguard,source_norm2_gt_5,raw_state_verified,run.py:numpy-batch
HiSD,0.03162277660168379,0.002,2000000,176,-0.6453125000000001,1.3031249999999999,completed,-14.914487520714808,14.006218053480056,3.077435919335948e+65,4.0101817426406565e+64,4.719441894593339e+66,1,state_safeguard,U,state_safeguard,source_norm2_gt_5,raw_state_verified,run.py:numpy-batch
HiSD,0.03162277660168379,0.002,2000000,177,-0.6359375,1.3031249999999999,completed,-15.681136938411646,14.5605515746838,8.558597475278917e+71,1.0599426396847861e+71,1.3783520235073682e+73,1,state_safeguard,U,state_safeguard,source_norm2_gt_5,raw_state_verified,run.py:numpy-batch
HiSD,0.03162277660168379,0.002,2000000,178,-0.6265625,1.3031249999999999,completed,-16.45541178611691,15.08245536494429,3.9302345749120714e+78,4.635338018148682e+77,6.630340358324757e+79,1,state_safeguard,U,state_safeguard,source_norm2_gt_5,raw_state_verified,run.py:numpy-batch
HiSD,0.03162277660168379,0.002,2000000,179,-0.6171875,1.3031249999999999,completed,-17.23798460467329,15.566497616040268,2.816618181145469e+85,3.1685253244590812e+84,4.9662547006006153e+86,1,state_safeguard,U,state_safeguard,source_norm2_gt_5,raw_state_verified,run.py:numpy-batch
HiSD,0.03162277660168379,0.002,2000000,180,-0.6078125000000001,1.3031249999999999,completed,-18.0301040278442,16.00639118184306,2.98861160287185e+92,3.210115437947506e+91,5.496765416626696e+93,1,state_safeguard,U,state_safeguard,source_norm2_gt_5,raw_state_verified,run.py:numpy-batch
HiSD,0.03162277660168379,0.002,2000000,181,-0.5984375000000001,1.3031249999999999,completed,-18.833728333790702,16.394714846854544,4.493604702684229e+99,4.6104979355722926e+98,8.607327727982631e+100,1,state_safeguard,U,state_safeguard,source_norm2_gt_5,raw_state_verified,run.py:numpy-batch
HiSD,0.03162277660168379,0.002,2000000,182,-0.5890625,1.3031249999999999,completed,-19.65169110573116,16.722520151398143,9.310224114832845e+106,9.121117374643454e+105,1.8549884238877807e+108,1,state_safeguard,U,state_safeguard,source_norm2_gt_5,raw_state_verified,run.py:numpy-batch
HiSD,0.03162277660168379,0.002,2000000,183,-0.5796875,1.3031249999999999,completed,-20.487906182917435,16.978769237885494,2.653694653089134e+114,2.478898755702258e+113,5.495722935005971e+115,1,state_safeguard,U,state_safeguard,source_norm2_gt_5,raw_state_verified,run.py:numpy-batch
HiSD,0.03162277660168379,0.002,2000000,184,-0.5703125,1.3031249999999999,completed,-21.34761794187322,17.149518512573195,1.0834218952234693e+122,9.623176972911182e+120,2.331967559302677e+123,1,state_safeguard,U,state_safeguard,source_norm2_gt_5,raw_state_verified,run.py:numpy-batch
HiSD,0.03162277660168379,0.002,2000000,185,-0.5609375000000001,1.3031249999999999,completed,-22.237696914713542,17.216712441965832,7.049117629034322e+129,5.926093368640443e+128,1.5780762980341533e+131,1,state_safeguard,U,state_safeguard,source_norm2_gt_5,raw_state_verified,run.py:numpy-batch
HiSD,0.03162277660168379,0.002,2000000,186,-0.5515625000000001,1.3031249999999999,completed,-23.166962189736395,17.156367403245138,9.032975997515264e+137,7.136846009685409e+136,2.107131070111685e+139,1,state_safeguard,U,state_safeguard,source_norm2_gt_5,raw_state_verified,run.py:numpy-batch
HiSD,0.03162277660168379,0.002,2000000,187,-0.5421875,1.3031249999999999,completed,-24.146462349448697,16.935782756122528,3.3345921665854723e+146,2.45044496675428e+145,8.132483472893948e+147,1,state_safeguard,U,state_safeguard,source_norm2_gt_5,raw_state_verified,run.py:numpy-batch
HiSD,0.03162277660168379,0.002,2000000,188,-0.5328125000000001,1.3031249999999999,completed,-25.189520166925863,16.509174508641816,,,,1,numerical_breakdown,U,state_safeguard,source_norm2_gt_5,nonfinite_derivatives_or_residual,run.py:numpy-batch
HiSD,0.03162277660168379,0.002,2000000,189,-0.5234375,1.3031249999999999,completed,-26.311029194578303,15.81072615138049,,,,1,numerical_breakdown,U,state_safeguard,source_norm2_gt_5,nonfinite_derivatives_or_residual,run.py:numpy-batch
HiSD,0.03162277660168379,0.002,2000000,190,-0.5140625000000001,1.3031249999999999,completed,-27.52469796070949,14.743439060782798,,,,1,numerical_breakdown,U,state_safeguard,source_norm2_gt_5,nonfinite_derivatives_or_residual,run.py:numpy-batch
HiSD,0.03162277660168379,0.002,2000000,191,-0.5046875000000001,1.3031249999999999,completed,-28.83496637638526,13.161475781477854,,,,1,numerical_breakdown,U,state_safeguard,source_norm2_gt_5,nonfinite_derivatives_or_residual,run.py:numpy-batch
HiSD,0.03162277660168379,0.002,2000000,194,-0.7765625,1.321875,completed,-3.9441895928682786,4.061787351332846,70220.5400242838,40887.91820575751,252531.76209020638,1,state_safeguard,U,state_safeguard,source_norm2_gt_5,raw_state_verified,run.py:numpy-batch
HiSD,0.03162277660168379,0.002,2000000,195,-0.7671875,1.321875,completed,-4.48937179704718,4.710424918575458,1997211.4327263394,974071.213997184,8553098.525247449,1,state_safeguard,U,state_safeguard,source_norm2_gt_5,raw_state_verified,run.py:numpy-batch
HiSD,0.03162277660168379,0.002,2000000,196,-0.7578125,1.321875,completed,-5.058254839968199,5.3708372535864815,111895326.90225698,46481397.445148855,554774571.9963498,1,state_safeguard,U,state_safeguard,source_norm2_gt_5,raw_state_verified,run.py:numpy-batch
HiSD,0.03162277660168379,0.002,2000000,197,-0.7484375000000001,1.321875,completed,-5.649472313188445,6.041554835898918,12825337207.20647,4625820884.566881,72559706489.03505,1,state_safeguard,U,state_safeguard,source_norm2_gt_5,raw_state_verified,run.py:numpy-batch
HiSD,0.03162277660168379,0.002,2000000,198,-0.7390625000000001,1.321875,completed,-6.261623853380329,6.720966055833763,3120564641828.0947,992443878994.6952,19899135243005.234,1,state_safeguard,U,state_safeguard,source_norm2_gt_5,raw_state_verified,run.py:numpy-batch
HiSD,0.03162277660168379,0.002,2000000,199,-0.7296875,1.321875,completed,-6.893280666679001,7.407319229780171,1661468670157004.2,471813757099940.8,1.1817009922336108e+16,1,state_safeguard,U,state_safeguard,source_norm2_gt_5,raw_state_verified,run.py:numpy-batch
HiSD,0.03162277660168379,0.002,2000000,200,-0.7203125,1.321875,completed,-7.542993792627886,8.09872406474537,1.9814019286202253e+18,5.076686778265569e+17,1.557697606329833e+19,1,state_safeguard,U,state_safeguard,source_norm2_gt_5,raw_state_verified,run.py:numpy-batch
HiSD,0.03162277660168379,0.002,2000000,201,-0.7109375,1.321875,completed,-8.209305067096334,8.793152225778142,5.377128149771926e+21,1.2540245856656918e+21,4.636109931616785e+22,1,state_safeguard,U,state_safeguard,source_norm2_gt_5,raw_state_verified,run.py:numpy-batch
HiSD,0.03162277660168379,0.002,2000000,202,-0.7015625000000001,1.321875,completed,-8.890760821139382,9.488436580930388,3.347089771217257e+25,7.158863029086772e+24,3.143255750238999e+26,1,state_safeguard,U,state_safeguard,source_norm2_gt_5,raw_state_verified,run.py:numpy-batch
HiSD,0.03162277660168379,0.002,2000000,203,-0.6921875000000001,1.321875,completed,-9.58592843547375,10.182268592841293,4.7772219476271596e+29,9.432275790628081e+28,4.856850728560132e+30,1,state_safeguard,U,state_safeguard,source_norm2_gt_5,raw_state_verified,run.py:numpy-batch
HiSD,0.03162277660168379,0.002,2000000,204,-0.6828125,1.321875,completed,-10.293415969159351,10.872193179842494,1.5496134557521321e+34,2.840711605000185e+33,1.6963263813378906e+35,1,state_safeguard,U,state_safeguard,source_norm2_gt_5,raw_state_verified,run.py:numpy-batch
HiSD,0.03162277660168379,0.002,2000000,205,-0.6734375,1.321875,completed,-11.011895198785789,11.555600174072422,1.1225312165203825e+39,1.9203525875650306e+38,1.316636411514092e+40,1,state_safeguard,U,state_safeguard,source_norm2_gt_5,raw_state_verified,run.py:numpy-batch
HiSD,0.03162277660168379,0.002,2000000,206,-0.6640625,1.321875,completed,-11.740128554172651,12.229711235507207,1.7690216990906072e+44,2.8371028577803383e+43,2.2133753967555135e+45,1,state_safeguard,U,state_safeguard,source_norm2_gt_5,raw_state_verified,run.py:numpy-batch
HiSD,0.03162277660168379,0.002,2000000,207,-0.6546875000000001,1.321875,completed,-12.477000626116954,12.891560713791817,5.858534258598998e+49,8.84443199332847e+48,7.787683102140113e+50,1,state_safeguard,U,state_safeguard,source_norm2_gt_5,raw_state_verified,run.py:numpy-batch
HiSD,0.03162277660168379,0.002,2000000,208,-0.6453125000000001,1.321875,completed,-13.221555173609799,13.537968433712061,3.906859199868886e+55,5.5725186642381533e+54,5.497116788709329e+56,1,state_safeguard,U,state_safeguard,source_norm2_gt_5,raw_state_verified,run.py:numpy-batch
HiSD,0.03162277660168379,0.002,2000000,209,-0.6359375,1.321875,completed,-13.973038884729998,14.165501658021753,4.989840569949106e+61,6.746802696565123e+60,7.406330231323184e+62,1,state_safeguard,U,state_safeguard,source_norm2_gt_5,raw_state_verified,run.py:numpy-batch
HiSD,0.03162277660168379,0.002,2000000,210,-0.6265625,1.321875,completed,-14.730953585941666,14.770422442596825,1.1533892722059128e+68,1.482758162615608e+67,1.8002851493779595e+69,1,state_safeguard,U,state_safeguard,source_norm2_gt_5,raw_state_verified,run.py:numpy-batch
HiSD,0.03162277660168379,0.002,2000000,211,-0.6171875,1.321875,completed,-15.49511918094905,15.348615094992118,4.535533415182593e+74,5.558462499373847e+73,7.42323207552856e+75,1,state_safeguard,U,state_safeguard,source_norm2_gt_5,raw_state_verified,run.py:numpy-batch
HiSD,0.03162277660168379,0.002,2000000,212,-0.6078125000000001,1.321875,completed,-16.26575038802314,15.895486230782968,2.8421347662945504e+81,3.328126351181469e+80,4.864807648620604e+82,1,state_safeguard,U,state_safeguard,source_norm2_gt_5,raw_state_verified,run.py:numpy-batch
HiSD,0.03162277660168379,0.002,2000000,213,-0.5984375000000001,1.321875,completed,-17.043551399471053,16.405826603892606,2.6552245278835366e+88,2.9765683671281786e+87,4.741801886660861e+89,1,state_safeguard,U,state_safeguard,source_norm2_gt_5,raw_state_verified,run.py:numpy-batch
HiSD,0.03162277660168379,0.002,2000000,214,-0.5890625,1.321875,completed,-17.829833986674753,16.87361883571232,3.4668049317726367e+95,3.725989733551679e+94,6.445725995029571e+96,1,state_safeguard,U,state_safeguard,source_norm2_gt_5,raw_state_verified,run.py:numpy-batch
HiSD,0.03162277660168379,0.002,2000000,215,-0.5796875,1.321875,completed,-18.626666394557585,17.291767337719797,5.968146317878216e+102,6.155353714032139e+101,1.1531595642789577e+104,1,state_safeguard,U,state_safeguard,source_norm2_gt_5,raw_state_verified,run.py:numpy-batch
HiSD,0.03162277660168379,0.002,2000000,216,-0.5703125,1.321875,completed,-19.437062634964473,17.651714350503404,1.2944267473804409e+110,1.2814374244362571e+109,2.595337143491388e+111,1,state_safeguard,U,state_safeguard,source_norm2_gt_5,raw_state_verified,run.py:numpy-batch
HiSD,0.03162277660168379,0.002,2000000,217,-0.5609375000000001,1.321875,completed,-20.265224337305558,17.942886076011263,3.455381191398666e+117,3.281203397690099e+116,7.1816850689197785e+118,1,state_safeguard,U,state_safeguard,source_norm2_gt_5,raw_state_verified,run.py:numpy-batch
HiSD,0.03162277660168379,0.002,2000000,218,-0.5515625000000001,1.321875,completed,-21.116849445532313,18.151880032730986,1.1501701989956062e+125,1.0456643061653612e+124,2.4768530365753635e+126,1,state_safeguard,U,state_safeguard,source_norm2_gt_5,raw_state_verified,run.py:numpy-batch
HiSD,0.03162277660168379,0.002,2000000,219,-0.5421875,1.321875,completed,-21.99952159920195,18.261249483206893,5.13028874414881e+132,4.4493742460484805e+131,1.145020256636564e+134,1,state_safeguard,U,state_safeguard,source_norm2_gt_5,raw_state_verified,run.py:numpy-batch
HiSD,0.03162277660168379,0.002,2000000,220,-0.5328125000000001,1.321875,completed,-22.923184997143743,18.247645717215317,3.6260116046275524e+140,2.9819837383717284e+139,8.398838251843697e+141,1,state_safeguard,U,state_safeguard,source_norm2_gt_5,raw_state_verified,run.py:numpy-batch
HiSD,0.03162277660168379,0.002,2000000,221,-0.5234375,1.321875,completed,-23.900675790645636,18.078912242547993,5.619779306841784e+148,4.341450194717248e+147,1.3547589055752099e+150,1,state_safeguard,U,state_safeguard,source_norm2_gt_5,raw_state_verified,run.py:numpy-batch
HiSD,0.03162277660168379,0.002,2000000,222,-0.5140625000000001,1.321875,completed,-24.94817956600891,17.70942829096569,,,,1,numerical_breakdown,U,state_safeguard,source_norm2_gt_5,nonfinite_derivatives_or_residual,run.py:numpy-batch
HiSD,0.03162277660168379,0.002,2000000,223,-0.5046875000000001,1.321875,completed,-26.085199410415942,17.072470717236424,,,,1,numerical_breakdown,U,state_safeguard,source_norm2_gt_5,nonfinite_derivatives_or_residual,run.py:numpy-batch
HiSD,0.03162277660168379,0.002,2000000,227,-0.7671875,1.340625,completed,-3.133457698866791,3.900950870605956,9143.66778072139,5844.707199717321,32628.251049894883,1,state_safeguard,U,state_safeguard,source_norm2_gt_5,raw_state_verified,run.py:numpy-batch
HiSD,0.03162277660168379,0.002,2000000,228,-0.7578125,1.340625,completed,-3.667079710626903,4.551910857120964,189659.89023185903,93561.40031467551,753670.322044342,1,state_safeguard,U,state_safeguard,source_norm2_gt_5,raw_state_verified,run.py:numpy-batch
HiSD,0.03162277660168379,0.002,2000000,229,-0.7484375000000001,1.340625,completed,-4.224814904294176,5.216285539735895,7014522.478595959,2961441.2363984236,32585363.355490305,1,state_safeguard,U,state_safeguard,source_norm2_gt_5,raw_state_verified,run.py:numpy-batch
HiSD,0.03162277660168379,0.002,2000000,230,-0.7390625000000001,1.340625,completed,-4.805336342936558,5.892741298958319,520641077.71952546,190745096.7319676,2775995303.417756,1,state_safeguard,U,state_safeguard,source_norm2_gt_5,raw_state_verified,run.py:numpy-batch
HiSD,0.03162277660168379,0.002,2000000,231,-0.7296875,1.340625,completed,-5.407272726802738,6.5798001740011065,80916135246.65944,26134761568.05601,488768585730.4635,1,state_safeguard,U,state_safeguard,source_norm2_gt_5,raw_state_verified,run.py:numpy-batch
HiSD,0.03162277660168379,0.002,2000000,232,-0.7203125,1.340625,completed,-6.0292121732429615,7.275843460348966,27305504751497.816,7874466803802.013,184786543659520.3,1,state_safeguard,U,state_safeguard,source_norm2_gt_5,raw_state_verified,run.py:numpy-batch
HiSD,0.03162277660168379,0.002,2000000,233,-0.7109375,1.340625,completed,-6.66970874857825,7.979114951172195,2.0601343652570308e+16,5360344051918098.0,1.5470863033181648e+17,1,state_safeguard,U,state_safeguard,source_norm2_gt_5,raw_state_verified,run.py:numpy-batch
HiSD,0.03162277660168379,0.002,2000000,234,-0.7015625000000001,1.340625,completed,-7.327291643552558,8.687723585534487,3.5518705658943754e+19,8.411899877667705e+18,2.935471420131929e+20,1,state_safeguard,U,state_safeguard,source_norm2_gt_5,raw_state_verified,run.py:numpy-batch
HiSD,0.03162277660168379,0.002,2000000,235,-0.6921875000000001,1.340625,completed,-8.00047696173433,9.39964520530145,1.4190559051795052e+23,3.0820542111195666e+22,1.2813725862502966e+24,1,state_safeguard,U,state_safeguard,source_norm2_gt_5,raw_state_verified,run.py:numpy-batch
HiSD,0.03162277660168379,0.002,2000000,236,-0.6828125,1.340625,completed,-8.687782169784409,10.112723041702537,1.3212222583519527e+27,2.6488549451707655e+26,1.2951710322464106e+28,1,state_safeguard,U,state_safeguard,source_norm2_gt_5,raw_state_verified,run.py:numpy-batch
HiSD,0.03162277660168379,0.002,2000000,237,-0.6734375,1.340625,completed,-9.387743345656952,10.824666446155987,2.8580238075072646e+31,5.319737505898249e+30,3.0242187235251726e+32,1,state_safeguard,U,state_safeguard,source_norm2_gt_5,raw_state_verified,run.py:numpy-batch
HiSD,0.03162277660168379,0.002,2000000,238,-0.6640625,1.340625,completed,-10.098935463708077,11.533047238170532,1.41923892378923e+36,2.465192060596281e+35,1.612756124814955e+37,1,state_safeguard,U,state_safeguard,source_norm2_gt_5,raw_state_verified,run.py:numpy-batch
HiSD,0.03162277660168379,0.002,2000000,239,-0.6546875000000001,1.340625,completed,-10.819996081259054,12.235292853909744,1.584059502614141e+41,2.579547487505959e+40,1.9241035193209603e+42,1,state_safeguard,U,state_safeguard,source_norm2_gt_5,raw_state_verified,run.py:numpy-batch
HiSD,0.03162277660168379,0.002,2000000,240,-0.6453125000000001,1.340625,completed,-11.549652950598668,12.928675222299335,3.855476037357756e+46,5.910803040594336e+45,4.984627650213814e+47,1,state_safeguard,U,state_safeguard,source_norm2_gt_5,raw_state_verified,run.py:numpy-batch
HiSD,0.03162277660168379,0.002,2000000,241,-0.6359375,1.340625,completed,-12.286756290004776,13.610293940406335,1.9676429330587499e+52,2.8508352338115732e+51,2.697140083925193e+53,1,state_safeguard,U,state_safeguard,source_norm2_gt_5,raw_state_verified,run.py:numpy-batch
HiSD,0.03162277660168379,0.002,2000000,242,-0.6265625,1.340625,completed,-13.03031672055428,14.277051828438244,2.0072692546586954e+58,2.758107655923654e+57,2.9067040534322033e+59,1,state_safeguard,U,state_safeguard,source_norm2_gt_5,raw_state_verified,run.py:numpy-batch
HiSD,0.03162277660168379,0.002,2000000,243,-0.6171875,1.340625,completed,-13.7795502491485,14.925620242324952,3.870684339662834e+64,5.060240556741853e+63,5.9016251421119e+65,1,state_safeguard,U,state_safeguard,source_norm2_gt_5,raw_state_verified,run.py:numpy-batch
HiSD,0.03162277660168379,0.002,2000000,244,-0.6078125000000001,1.340625,completed,-14.533932177418286,15.55239051996021,1.3245856798663542e+71,1.6524322335257206e+70,2.1198587188164256e+72,1,state_safeguard,U,state_safeguard,source_norm2_gt_5,raw_state_verified,run.py:numpy-batch
HiSD,0.03162277660168379,0.002,2000000,245,-0.5984375000000001,1.340625,completed,-15.293262506081925,16.153406468624077,7.506036301809556e+77,8.959508845335254e+76,1.2572752683145478e+79,1,state_safeguard,U,state_safeguard,source_norm2_gt_5,raw_state_verified,run.py:numpy-batch
HiSD,0.03162277660168379,0.002,2000000,246,-0.5890625,1.340625,completed,-16.057746350927264,16.724270627603875,6.541850581332737e+84,7.489591680444419e+83,1.1438105275910174e+86,1,state_safeguard,U,state_safeguard,source_norm2_gt_5,raw_state_verified,run.py:numpy-batch
HiSD,0.03162277660168379,0.002,2000000,247,-0.5796875,1.340625,completed,-16.828094200042376,17.260013759451308,8.123431825986884e+91,8.939408056446434e+90,1.478966007786807e+93,1,state_safeguard,U,state_safeguard,source_norm2_gt_5,raw_state_verified,run.py:numpy-batch
HiSD,0.03162277660168379,0.002,2000000,248,-0.5703125,1.340625,completed,-17.60564866384963,17.754911986098673,1.3316076038474322e+99,1.411035872201325e+98,2.518757166646188e+100,1,state_safeguard,U,state_safeguard,source_norm2_gt_5,raw_state_verified,run.py:numpy-batch
HiSD,0.03162277660168379,0.002,2000000,249,-0.5609375000000001,1.340625,completed,-18.39254689261821,18.202228096759086,2.6802561428142914e+106,2.7386106142764396e+105,5.256651809463701e+107,1,state_safeguard,U,state_safeguard,source_norm2_gt_5,raw_state_verified,run.py:numpy-batch
HiSD,0.03162277660168379,0.002,2000000,250,-0.5515625000000001,1.340625,completed,-19.191931288209425,18.593840939911615,6.220155474462891e+113,6.133542817113336e+112,1.262737620644167e+115,1,state_safeguard,U,state_safeguard,source_norm2_gt_5,raw_state_verified,run.py:numpy-batch
HiSD,0.03162277660168379,0.002,2000000,251,-0.5421875,1.340625,completed,-20.008225723515007,18.919706185225234,1.5905523706749863e+121,1.513764771522215e+120,3.337732822287679e+122,1,state_safeguard,U,state_safeguard,source_norm2_gt_5,raw_state_verified,run.py:numpy-batch
HiSD,0.03162277660168379,0.002,2000000,252,-0.5328125000000001,1.340625,completed,-20.84750017339924,19.167057194489537,4.413811469638445e+128,4.05059963453629e+127,9.565986391619415e+129,1,state_safeguard,U,state_safeguard,source_norm2_gt_5,raw_state_verified,run.py:numpy-batch
HiSD,0.03162277660168379,0.002,2000000,253,-0.5234375,1.340625,completed,-21.717952520385754,19.319195392558637,1.376766906514881e+136,1.2153699421190635e+135,3.0810448787992034e+137,1,state_safeguard,U,state_safeguard,source_norm2_gt_5,raw_state_verified,run.py:numpy-batch
HiSD,0.03162277660168379,0.002,2000000,254,-0.5140625000000001,1.340625,completed,-22.63053856388439,19.353614837747916,5.437548365753301e+143,4.5961080881934895e+142,1.257437165121003e+145,1,state_safeguard,U,state_safeguard,source_norm2_gt_5,raw_state_verified,run.py:numpy-batch
HiSD,0.03162277660168379,0.002,2000000,255,-0.5046875000000001,1.340625,completed,-23.599767779367863,19.23901602927072,3.5302382722835905e+151,2.8347425390356724e+150,8.454103545725106e+152,1,state_safeguard,U,state_safeguard,source_norm2_gt_5,raw_state_verified,run.py:numpy-batch
HiSD,0.03162277660168379,0.002,2000000,261,-0.7484375000000001,1.359375,completed,-2.857583034506753,4.4155008669268785,48275.57205321055,20897.84813076425,197514.4568281914,1,state_safeguard,U,state_safeguard,source_norm2_gt_5,raw_state_verified,run.py:numpy-batch
HiSD,0.03162277660168379,0.002,2000000,262,-0.7390625000000001,1.359375,completed,-3.4035896585274013,5.08030660073528,1197911.2805951706,446004.0781705626,5552029.879218979,1,state_safeguard,U,state_safeguard,source_norm2_gt_5,raw_state_verified,run.py:numpy-batch
HiSD,0.03162277660168379,0.002,2000000,263,-0.7296875,1.359375,completed,-3.9727123894943572,5.758902100217692,58141672.94859852,19442473.193504836,306446198.4385891,1,state_safeguard,U,state_safeguard,source_norm2_gt_5,raw_state_verified,run.py:numpy-batch
HiSD,0.03162277660168379,0.002,2000000,264,-0.7203125,1.359375,completed,-4.56363133549252,6.449934483625019,5828229030.67193,1756850078.2007403,34617663952.66901,1,state_safeguard,U,state_safeguard,source_norm2_gt_5,raw_state_verified,run.py:numpy-batch
HiSD,0.03162277660168379,0.002,2000000,265,-0.7109375,1.359375,completed,-5.174973304155323,7.151908583774082,1256357584660.8633,343573116228.21716,8336185291704.096,1,state_safeguard,U,state_safeguard,source_norm2_gt_5,raw_state_verified,run.py:numpy-batch
HiSD,0.03162277660168379,0.002,2000000,266,-0.7015625000000001,1.359375,completed,-5.805316925179149,7.863191582091601,602608699416528.2,150435845084319.7,4430566058152904.0,1,state_safeguard,U,state_safeguard,source_norm2_gt_5,raw_state_verified,run.py:numpy-batch
HiSD,0.03162277660168379,0.002,2000000,267,-0.6921875000000001,1.359375,completed,-6.453200340347032,8.582017242675192,6.609040454683012e+17,1.514966657256907e+17,5.344774530656876e+18,1,state_safeguard,U,state_safeguard,source_norm2_gt_5,raw_state_verified,run.py:numpy-batch
HiSD,0.03162277660168379,0.002,2000000,268,-0.6828125,1.359375,completed,-7.117131375338756,9.306489556736585,1.6904451746988721e+21,3.5774131365540993e+20,1.493705960346797e+22,1,state_safeguard,U,state_safeguard,source_norm2_gt_5,raw_state_verified,run.py:numpy-batch
HiSD,0.03162277660168379,0.002,2000000,269,-0.6734375,1.359375,completed,-7.795600182365986,10.034585542495002,1.0202140449759795e+25,2.0032631990757775e+24,9.79065553533911e+25,1,state_safeguard,U,state_safeguard,source_norm2_gt_5,raw_state_verified,run.py:numpy-batch
HiSD,0.03162277660168379,0.002,2000000,270,-0.6640625,1.359375,completed,-8.487094421307141,10.764156863150488,1.4572786178377943e+29,2.6673419904902818e+28,1.510586862935374e+30,1,state_safeguard,U,state_safeguard,source_norm2_gt_5,raw_state_verified,run.py:numpy-batch
HiSD,0.03162277660168379,0.002,2000000,271,-0.6546875000000001,1.359375,completed,-9.190117133968808,11.492929821480542,4.8974683270998285e+33,8.391902982005322e+32,5.456241074529927e+34,1,state_safeguard,U,state_safeguard,source_norm2_gt_5,raw_state_verified,run.py:numpy-batch
HiSD,0.03162277660168379,0.002,2000000,272,-0.6453125000000001,1.359375,completed,-9.903207570101138,12.218503153909637,3.813684663635977e+38,6.142133276650593e+37,4.545719860794218e+39,1,state_safeguard,U,state_safeguard,source_norm2_gt_5,raw_state_verified,run.py:numpy-batch
HiSD,0.03162277660168379,0.002,2000000,273,-0.6359375,1.359375,completed,-10.624965353448031,12.938342866979866,6.712759697973541e+43,1.0199505836531069e+43,8.524488554329074e+44,1,state_safeguard,U,state_safeguard,source_norm2_gt_5,raw_state_verified,run.py:numpy-batch
HiSD,0.03162277660168379,0.002,2000000,274,-0.6265625,1.359375,completed,-11.354078543741862,13.649773115603962,2.580705109144009e+49,3.7122419477851406e+48,3.477952490220784e+50,1,state_safeguard,U,state_safeguard,source_norm2_gt_5,raw_state_verified,run.py:numpy-batch
HiSD,0.03162277660168379,0.002,2000000,275,-0.6171875,1.359375,completed,-12.089356370975768,14.34996178828948,2.0742842829819299e+55,2.8340781071877375e+54,2.955957456022416e+56,1,state_safeguard,U,state_safeguard,source_norm2_gt_5,raw_state_verified,run.py:numpy-batch
HiSD,0.03162277660168379,0.002,2000000,276,-0.6078125000000001,1.359375,completed,-12.829767715700797,15.035898996132065,3.306337761816888e+61,4.304082533486992e+60,4.965373669694587e+62,1,state_safeguard,U,state_safeguard,source_norm2_gt_5,raw_state_verified,run.py:numpy-batch
HiSD,0.03162277660168379,0.002,2000000,277,-0.5984375000000001,1.359375,completed,-13.574486813546175,15.70436599749269,9.828585370502444e+67,1.2225972125906409e+67,1.5505745667524633e+69,1,state_safeguard,U,state_safeguard,source_norm2_gt_5,raw_state_verified,run.py:numpy-batch
HiSD,0.03162277660168379,0.002,2000000,278,-0.5890625,1.359375,completed,-14.322948219043381,16.351891131040517,5.083748613735294e+74,6.059456693135571e+73,8.400158640671695e+75,1,state_safeguard,U,state_safeguard,source_norm2_gt_5,raw_state_verified,run.py:numpy-batch
HiSD,0.03162277660168379,0.002,2000000,279,-0.5796875,1.359375,completed,-15.074913841072947,16.97468792123116,4.239353886452858e+81,4.854392107700192e+80,7.316202107752313e+82,1,state_safeguard,U,state_safeguard,source_norm2_gt_5,raw_state_verified,run.py:numpy-batch
HiSD,0.03162277660168379,0.002,2000000,280,-0.5703125,1.359375,completed,-15.830555954953578,17.568568419269823,5.251191071257855e+88,5.790743366464786e+87,9.440151108034557e+89,1,state_safeguard,U,state_safeguard,source_norm2_gt_5,raw_state_verified,run.py:numpy-batch
HiSD,0.03162277660168379,0.002,2000000,281,-0.5609375000000001,1.359375,completed,-16.590561648043675,18.12882165090102,8.866741635774028e+95,9.437506587448238e+94,1.6563153951819704e+97,1,state_safeguard,U,state_safeguard,source_norm2_gt_5,raw_state_verified,run.py:numpy-batch
HiSD,0.03162277660168379,0.002,2000000,282,-0.5515625000000001,1.359375,completed,-17.35626637945669,18.65004209830808,1.8698318200212705e+103,1.924830556985306e+102,3.621050581623845e+104,1,state_safeguard,U,state_safeguard,source_norm2_gt_5,raw_state_verified,run.py:numpy-batch
HiSD,0.03162277660168379,0.002,2000000,283,-0.5421875,1.359375,completed,-18.129827539380468,19.125885326695713,4.518644568045679e+110,4.506649477547771e+109,9.052489829013659e+111,1,state_safeguard,U,state_safeguard,source_norm2_gt_5,raw_state_verified,run.py:numpy-batch
HiSD,0.03162277660168379,0.002,2000000,284,-0.5328125000000001,1.359375,completed,-18.91445352629667,19.548715226521985,1.155136428486582e+118,1.1177125318392412e+117,2.389403778084635e+119,1,state_safeguard,U,state_safeguard,source_norm2_gt_5,raw_state_verified,run.py:numpy-batch
HiSD,0.03162277660168379,0.002,2000000,285,-0.5234375,1.359375,completed,-19.714710533426025,19.909086397983696,2.9207098308560232e+125,2.7441067217840156e+124,6.227713692319862e+126,1,state_safeguard,U,state_safeguard,source_norm2_gt_5,raw_state_verified,run.py:numpy-batch
HiSD,0.03162277660168379,0.002,2000000,286,-0.5140625000000001,1.359375,completed,-20.536938682613606,20.194969568737502,6.990994972815732e+132,6.378111415565719e+131,1.5346592630956277e+134,1,state_safeguard,U,state_safeguard,source_norm2_gt_5,raw_state_verified,run.py:numpy-batch
HiSD,0.03162277660168379,0.002,2000000,287,-0.5046875000000001,1.359375,completed,-21.389821909772284,20.39056553665991,1.5791136623656442e+140,1.3973896378685888e+139,3.566144595366618e+141,1,state_safeguard,U,state_safeguard,source_norm2_gt_5,raw_state_verified,run.py:numpy-batch
HiSD,0.03162277660168379,0.002,2000000,295,-0.7296875,1.378125,completed,-2.5989049575396264,4.9698784247126815,566338.1378424403,166964.16190151227,2785995.497760774,1,state_safeguard,U,state_safeguard,source_norm2_gt_5,raw_state_verified,run.py:numpy-batch
HiSD,0.03162277660168379,0.002,2000000,296,-0.7203125,1.378125,completed,-3.155963322344718,5.646922760898471,18224827.548824117,5028290.867701093,99834548.6608752,1,state_safeguard,U,state_safeguard,source_norm2_gt_5,raw_state_verified,run.py:numpy-batch
HiSD,0.03162277660168379,0.002,2000000,297,-0.7109375,1.378125,completed,-3.73507778601825,6.338194573745009,1194349517.6762648,308934138.77357614,7267153942.400333,1,state_safeguard,U,state_safeguard,source_norm2_gt_5,raw_state_verified,run.py:numpy-batch
HiSD,0.03162277660168379,0.002,2000000,298,-0.7015625000000001,1.378125,completed,-4.334937209986633,7.0423101692675045,166420963532.0399,40226719966.880714,1119733457507.4937,1,state_safeguard,U,state_safeguard,source_norm2_gt_5,raw_state_verified,run.py:numpy-batch
HiSD,0.03162277660168379,0.002,2000000,299,-0.6921875000000001,1.378125,completed,-4.954167395226027,7.757747915000218,51208629245735.53,11558141530166.738,379066965792556.6,1,state_safeguard,U,state_safeguard,source_norm2_gt_5,raw_state_verified,run.py:numpy-batch
HiSD,0.03162277660168379,0.002,2000000,300,-0.6828125,1.378125,completed,-5.5913377002722,8.482853553642405,3.5925444473968988e+16,7576654459698442.0,2.9105216198823386e+17,1,state_safeguard,U,state_safeguard,source_norm2_gt_5,raw_state_verified,run.py:numpy-batch
HiSD,0.03162277660168379,0.002,2000000,301,-0.6734375,1.378125,completed,-6.244969973245232,9.215845145976688,5.8922954997807866e+19,1.1629706969692518e+19,5.1978149055782086e+20,1,state_safeguard,U,state_safeguard,source_norm2_gt_5,raw_state_verified,run.py:numpy-batch
HiSD,0.03162277660168379,0.002,2000000,302,-0.6640625,1.378125,completed,-6.913549746716259,9.954817488355403,2.2992525066017205e+23,4.255898185565036e+22,2.1976297868106122e+24,1,state_safeguard,U,state_safeguard,source_norm2_gt_5,raw_state_verified,run.py:numpy-batch
HiSD,0.03162277660168379,0.002,2000000,303,-0.6546875000000001,1.378125,completed,-7.595539713179697,10.697745782369413,2.1543121728150814e+27,3.748698658784942e+26,2.2206738330487387e+28,1,state_safeguard,U,state_safeguard,source_norm2_gt_5,raw_state_verified,run.py:numpy-batch
HiSD,0.03162277660168379,0.002,2000000,304,-0.6453125000000001,1.378125,completed,-8.28939557033195,11.442488255102298,4.848491606777452e+31,7.951829482878052e+30,5.36642686292754e+32,1,state_safeguard,U,state_safeguard,source_norm2_gt_5,raw_state_verified,run.py:numpy-batch
HiSD,0.03162277660168379,0.002,2000000,305,-0.6359375,1.378125,completed,-8.993584410707877,12.186787327878944,2.597738405218295e+36,4.026252141342506e+35,3.07457189968123e+37,1,state_safeguard,U,state_safeguard,source_norm2_gt_5,raw_state_verified,run.py:numpy-batch
HiSD,0.03162277660168379,0.002,2000000,306,-0.6265625,1.378125,completed,-9.70660592950317,12.928268806392365,3.252404354272421e+41,4.776646634078505e+40,4.100337514355427e+42,1,state_safeguard,U,state_safeguard,source_norm2_gt_5,raw_state_verified,run.py:numpy-batch
HiSD,0.03162277660168379,0.002,2000000,307,-0.6171875,1.378125,completed,-10.427016857787184,13.664438395209167,9.248969466951068e+46,1.2905926089621143e+46,1.2375069390469661e+48,1,state_safeguard,U,state_safeguard,source_norm2_gt_5,raw_state_verified,run.py:numpy-batch
HiSD,0.03162277660168379,0.002,2000000,308,-0.6078125000000001,1.378125,completed,-11.153459196644016,14.392674615618255,5.749475521565658e+52,7.642806575907158e+51,8.136252112869617e+53,1,state_safeguard,U,state_safeguard,source_norm2_gt_5,raw_state_verified,run.py:numpy-batch
HiSD,0.03162277660168379,0.002,2000000,309,-0.5984375000000001,1.378125,completed,-11.884693057445102,15.110216894387914,7.446051406157678e+58,9.453946456059286e+57,1.1108294055460726e+60,1,state_safeguard,U,state_safeguard,source_norm2_gt_5,raw_state_verified,run.py:numpy-batch
HiSD,0.03162277660168379,0.002,2000000,310,-0.5890625,1.378125,completed,-12.61963522582965,15.8141471547433,1.8965632292659656e+65,2.305842729354235e+64,2.9735132472856853e+66,1,state_safeguard,U,state_safeguard,source_norm2_gt_5,raw_state_verified,run.py:numpy-batch
HiSD,0.03162277660168379,0.002,2000000,311,-0.5796875,1.378125,completed,-13.35740499588219,16.501362620679075,8.887587058905513e+71,1.03731733960658e+71,1.460122832411124e+73,1,state_safeguard,U,state_safeguard,source_norm2_gt_5,raw_state_verified,run.py:numpy-batch
HiSD,0.03162277660168379,0.002,2000000,312,-0.5703125,1.378125,completed,-14.097379422053995,17.168536645074465,7.10765472687819e+78,7.983360102441263e+77,1.22015851217686e+80,1,state_safeguard,U,state_safeguard,source_norm2_gt_5,raw_state_verified,run.py:numpy-batch
HiSD,0.03162277660168379,0.002,2000000,313,-0.5609375000000001,1.378125,completed,-14.839260986919898,17.812063043253797,8.929398408511915e+85,9.67506242201279e+84,1.597470069494919e+87,1,state_safeguard,U,state_safeguard,source_norm2_gt_5,raw_state_verified,run.py:numpy-batch
HiSD,0.03162277660168379,0.002,2000000,314,-0.5515625000000001,1.378125,completed,-15.583161896830028,18.427977421751795,1.611539527677428e+93,1.6883272491390187e+92,2.9968115873778006e+94,1,state_safeguard,U,state_safeguard,source_norm2_gt_5,raw_state_verified,run.py:numpy-batch
HiSD,0.03162277660168379,0.002,2000000,315,-0.5421875,1.378125,completed,-16.329710980845142,19.01184594126275,3.800985473382959e+100,3.8589915019910456e+99,7.329244601729611e+101,1,state_safeguard,U,state_safeguard,source_norm2_gt_5,raw_state_verified,run.py:numpy-batch
HiSD,0.03162277660168379,0.002,2000000,316,-0.5328125000000001,1.378125,completed,-17.080191751150128,19.558607193918778,1.0622773991368663e+108,1.0473977764548918e+107,2.119003335984377e+109,1,state_safeguard,U,state_safeguard,source_norm2_gt_5,raw_state_verified,run.py:numpy-batch
HiSD,0.03162277660168379,0.002,2000000,317,-0.5234375,1.378125,completed,-17.83672402051089,20.062345279321416,3.1866118698651827e+115,3.0575442567534133e+114,6.561346652812065e+116,1,state_safeguard,U,state_safeguard,source_norm2_gt_5,raw_state_verified,run.py:numpy-batch
HiSD,0.03162277660168379,0.002,2000000,318,-0.5140625000000001,1.378125,completed,-18.602507230711385,20.515959752170804,9.319145746396895e+122,8.717153320799486e+121,1.9765668719092716e+124,1,state_safeguard,U,state_safeguard,source_norm2_gt_5,raw_state_verified,run.py:numpy-batch
HiSD,0.03162277660168379,0.002,2000000,319,-0.5046875000000001,1.378125,completed,-19.382152367785007,20.910677289364642,2.432313980223933e+130,2.2213754428835173e+129,5.304045036696463e+131,1,state_safeguard,U,state_safeguard,source_norm2_gt_5,raw_state_verified,run.py:numpy-batch
HiSD,0.03162277660168379,0.002,2000000,328,-0.7203125,1.3968749999999999,completed,-1.8155395519635111,4.892152806166309,731564.3032423189,161442.30992086927,3972655.8691775654,1,state_safeguard,U,state_safeguard,source_norm2_gt_5,raw_state_verified,run.py:numpy-batch
HiSD,0.03162277660168379,0.002,2000000,329,-0.7109375,1.3968749999999999,completed,-2.3598821072633394,5.563798946108621,15993215.154301614,3446872.9277205435,94631329.60284804,1,state_safeguard,U,state_safeguard,source_norm2_gt_5,raw_state_verified,run.py:numpy-batch
HiSD,0.03162277660168379,0.002,2000000,330,-0.7015625000000001,1.3968749999999999,completed,-2.9264005374723903,6.251462217991948,700303143.6646159,146926275.9236523,4519538556.559014,1,state_safeguard,U,state_safeguard,source_norm2_gt_5,raw_state_verified,run.py:numpy-batch
HiSD,0.03162277660168379,0.002,2000000,331,-0.6921875000000001,1.3968749999999999,completed,-3.5138705921861875,6.953853122859382,64258830285.30255,13016768415.305346,452049864854.4258,1,state_safeguard,U,state_safeguard,source_norm2_gt_5,raw_state_verified,run.py:numpy-batch
HiSD,0.03162277660168379,0.002,2000000,332,-0.6828125,1.3968749999999999,completed,-4.12098874071645,7.669545275684889,12877391231311.635,2502768587206.7427,98564918612747.75,1,state_safeguard,U,state_safeguard,source_norm2_gt_5,raw_state_verified,run.py:numpy-batch
HiSD,0.03162277660168379,0.002,2000000,333,-0.6734375,1.3968749999999999,completed,-4.7463782645224,8.396981160604804,5843832600387956.0,1085141508757036.8,4.853850229497433e+16,1,state_safeguard,U,state_safeguard,source_norm2_gt_5,raw_state_verified,run.py:numpy-batch
HiSD,0.03162277660168379,0.002,2000000,334,-0.6640625,1.3968749999999999,completed,-5.388597421245689,9.134477714997606,6.188866711449033e+18,1.0951986192117966e+18,5.560921114794337e+19,1,state_safeguard,U,state_safeguard,source_norm2_gt_5,raw_state_verified,run.py:numpy-batch
HiSD,0.03162277660168379,0.002,2000000,335,-0.6546875000000001,1.3968749999999999,completed,-6.046149617834029,9.880231661344343,1.5652635951101095e+22,2.6363990157451183e+21,1.5164190693106787e+23,1,state_safeguard,U,state_safeguard,source_norm2_gt_5,raw_state_verified,run.py:numpy-batch
HiSD,0.03162277660168379,0.002,2000000,336,-0.6453125000000001,1.3968749999999999,completed,-6.7174955856504175,10.63232444806838,9.599509267485212e+25,1.5384132762414266e+25,9.992759594133544e+26,1,state_safeguard,U,state_safeguard,source_norm2_gt_5,raw_state_verified,run.py:numpy-batch
HiSD,0.03162277660168379,0.002,2000000,337,-0.6359375,1.3968749999999999,completed,-7.401067606317175,11.38872659766243,1.437202771856095e+30,2.1923056390694946e+29,1.60201563467075e+31,1,state_safeguard,U,state_safeguard,source_norm2_gt_5,raw_state_verified,run.py:numpy-batch
HiSD,0.03162277660168379,0.002,2000000,338,-0.6265625,1.3968749999999999,completed,-8.095285901572955,12.147301185951566,5.240381097990123e+34,7.615215645890594e+33,6.2338272452671955e+35,1,state_safeguard,U,state_safeguard,source_norm2_gt_5,raw_state_verified,run.py:numpy-batch
HiSD,0.03162277660168379,0.002,2000000,339,-0.6171875,1.3968749999999999,completed,-8.7985773760696,12.9058060864888,4.598286793983455e+39,6.373634258405115e+38,5.818339819649845e+40,1,state_safeguard,U,state_safeguard,source_norm2_gt_5,raw_state_verified,run.py:numpy-batch
HiSD,0.03162277660168379,0.002,2000000,340,-0.6078125000000001,1.3968749999999999,completed,-9.509396999303146,13.66189449869972,9.50009714328302e+44,1.257884340200275e+44,1.2745426270064866e+46,1,state_safeguard,U,state_safeguard,source_norm2_gt_5,raw_state_verified,run.py:numpy-batch
HiSD,0.03162277660168379,0.002,2000000,341,-0.5984375000000001,1.3968749999999999,completed,-10.22625224056574,14.413113126257915,4.475890990228504e+50,5.670823684984557e+49,6.347290282430609e+51,1,state_safeguard,U,state_safeguard,source_norm2_gt_5,raw_state_verified,run.py:numpy-batch
HiSD,0.03162277660168379,0.002,2000000,342,-0.5890625,1.3968749999999999,completed,-10.9477311394033,15.156897168482546,4.610569546863464e+56,5.599732435960817e+55,6.890528691726591e+57,1,state_safeguard,U,state_safeguard,source_norm2_gt_5,raw_state_verified,run.py:numpy-batch
HiSD,0.03162277660168379,0.002,2000000,343,-0.5796875,1.3968749999999999,completed,-11.672534826368326,15.89056100455388,9.855461505295526e+62,1.1496644677018244e+62,1.5478059568178073e+64,1,state_safeguard,U,state_safeguard,source_norm2_gt_5,raw_state_verified,run.py:numpy-batch
HiSD,0.03162277660168379,0.002,2000000,344,-0.5703125,1.3968749999999999,completed,-12.39951562560798,16.61128305515571,4.108561716645901e+69,4.612459007186238e+68,6.761872007064798e+70,1,state_safeguard,U,state_safeguard,source_norm2_gt_5,raw_state_verified,run.py:numpy-batch
HiSD,0.03162277660168379,0.002,2000000,345,-0.5609375000000001,1.3968749999999999,completed,-13.127722318488471,17.316082736585006,3.1097146214701255e+76,3.3666853674971055e+75,5.348991436326701e+77,1,state_safeguard,U,state_safeguard,source_norm2_gt_5,raw_state_verified,run.py:numpy-batch
HiSD,0.03162277660168379,0.002,2000000,346,-0.5515625000000001,1.3968749999999999,completed,-13.856454772630663,18.001786598900935,3.9428657585302477e+83,4.125171107814849e+82,7.06987631693359e+84,1,state_safeguard,U,state_safeguard,source_norm2_gt_5,raw_state_verified,run.py:numpy-batch
HiSD,0.03162277660168379,0.002,2000000,347,-0.5421875,1.3968749999999999,completed,-14.58533104478648,18.664979512487875,7.663434019590494e+90,7.764687694390308e+89,1.4288296664691018e+92,1,state_safeguard,U,state_safeguard,source_norm2_gt_5,raw_state_verified,run.py:numpy-batch
HiSD,0.03162277660168379,0.002,2000000,348,-0.5328125000000001,1.3968749999999999,completed,-15.314371371560384,19.301934920094705,2.0739994768920366e+98,2.0394503038330263e+97,4.011099264698441e+99,1,state_safeguard,U,state_safeguard,source_norm2_gt_5,raw_state_verified,run.py:numpy-batch
HiSD,0.03162277660168379,0.002,2000000,349,-0.5234375,1.3968749999999999,completed,-16.04410538946125,19.90851532363649,7.054843203976282e+105,6.74740045455267e+104,1.4119195330443932e+107,1,state_safeguard,U,state_safeguard,source_norm2_gt_5,raw_state_verified,run.py:numpy-batch
HiSD,0.03162277660168379,0.002,2000000,350,-0.5140625000000001,1.3968749999999999,completed,-16.77571180578791,20.48002969860982,2.7092021464958058e+113,2.5256819063358725e+112,5.597965660053024e+114,1,state_safeguard,U,state_safeguard,source_norm2_gt_5,raw_state_verified,run.py:numpy-batch
HiSD,0.03162277660168379,0.002,2000000,351,-0.5046875000000001,1.3968749999999999,completed,-17.51120411976663,21.011027323293845,1.0517129837183063e+121,9.577694545940037e+119,2.2386156498398488e+122,1,state_safeguard,U,state_safeguard,source_norm2_gt_5,raw_state_verified,run.py:numpy-batch
HiSD,0.03162277660168379,0.002,2000000,362,-0.7015625000000001,1.415625,completed,-1.5898322808014107,5.516689883052534,38555756.710215256,6465497.336466669,252132455.45381325,1,state_safeguard,U,state_safeguard,source_norm2_gt_5,raw_state_verified,run.py:numpy-batch
HiSD,0.03162277660168379,0.002,2000000,363,-0.6921875000000001,1.415625,completed,-2.142919671786843,6.1967182237692064,1162972742.304528,194548178.89288574,8151282820.743748,1,state_safeguard,U,state_safeguard,source_norm2_gt_5,raw_state_verified,run.py:numpy-batch
HiSD,0.03162277660168379,0.002,2000000,364,-0.6828125,1.415625,completed,-2.717038658687083,6.8933874353765106,72133408285.50378,11944912978.305336,542894147756.55176,1,state_safeguard,U,state_safeguard,source_norm2_gt_5,raw_state_verified,run.py:numpy-batch
HiSD,0.03162277660168379,0.002,2000000,365,-0.6734375,1.415625,completed,-3.3109801592699126,7.60534387975636,9622885919975.957,1565446173315.3408,77815595160065.62,1,state_safeguard,U,state_safeguard,source_norm2_gt_5,raw_state_verified,run.py:numpy-batch
HiSD,0.03162277660168379,0.002,2000000,366,-0.6640625,1.415625,completed,-3.9234439630769984,8.331106762305797,2874872344830220.0,456466986114564.94,2.496835739655267e+16,1,state_safeguard,U,state_safeguard,source_norm2_gt_5,raw_state_verified,run.py:numpy-batch
HiSD,0.03162277660168379,0.002,2000000,367,-0.6546875000000001,1.415625,completed,-4.553046692442333,9.06907348840152,1.9916954678463695e+18,3.070612329416784e+17,1.855692279904845e+19,1,state_safeguard,U,state_safeguard,source_norm2_gt_5,raw_state_verified,run.py:numpy-batch
HiSD,0.03162277660168379,0.002,2000000,368,-0.6453125000000001,1.415625,completed,-5.198331440517908,9.817525080219294,3.2920465220873214e+21,4.909059000105776e+20,3.2849387917853424e+22,1,state_safeguard,U,state_safeguard,source_norm2_gt_5,raw_state_verified,run.py:numpy-batch
HiSD,0.03162277660168379,0.002,2000000,369,-0.6359375,1.415625,completed,-5.857779087273137,10.574631557853595,1.3259305785392121e+25,1.9072228589190823e+24,1.414050569960272e+26,1,state_safeguard,U,state_safeguard,source_norm2_gt_5,raw_state_verified,run.py:numpy-batch
HiSD,0.03162277660168379,0.002,2000000,370,-0.6265625,1.415625,completed,-6.529821330937729,11.338457141003307,1.3184001062011533e+29,1.8260501025298942e+28,1.499243215133777e+30,1,state_safeguard,U,state_safeguard,source_norm2_gt_5,raw_state_verified,run.py:numpy-batch
HiSD,0.03162277660168379,0.002,2000000,371,-0.6171875,1.415625,completed,-7.212855514140675,12.106965074503224,3.2500885446596233e+33,4.330343404186429e+32,3.9312702235096693e+34,1,state_safeguard,U,state_safeguard,source_norm2_gt_5,raw_state_verified,run.py:numpy-batch
HiSD,0.03162277660168379,0.002,2000000,372,-0.6078125000000001,1.415625,completed,-7.90526137688771,12.878021817660699,1.976311999214966e+38,2.5321747819041687e+37,2.5363074674860982e+39,1,state_safeguard,U,state_safeguard,source_norm2_gt_5,raw_state_verified,run.py:numpy-batch
HiSD,0.03162277660168379,0.002,2000000,373,-0.5984375000000001,1.415625,completed,-8.605419934837174,13.649400260066137,2.920536221832112e+43,3.5989615126787836e+42,3.966413108069777e+44,1,state_safeguard,U,state_safeguard,source_norm2_gt_5,raw_state_verified,run.py:numpy-batch
HiSD,0.03162277660168379,0.002,2000000,374,-0.5890625,1.415625,completed,-9.311734770620468,14.418781526557146,1.0229452856092955e+49,1.2130523727324047e+48,1.4664105799820642e+50,1,state_safeguard,U,state_safeguard,source_norm2_gt_5,raw_state_verified,run.py:numpy-batch
HiSD,0.03162277660168379,0.002,2000000,375,-0.5796875,1.415625,completed,-10.022656146391723,15.18375480160088,8.197436277281805e+54,9.3624344669987e+53,1.2371887726675055e+56,1,state_safeguard,U,state_safeguard,source_norm2_gt_5,raw_state_verified,run.py:numpy-batch
HiSD,0.03162277660168379,0.002,2000000,376,-0.5703125,1.415625,completed,-10.736708508347961,15.941814425065678,1.43576898739515e+61,1.5810920957872464e+60,2.275611474271178e+62,1,state_safeguard,U,state_safeguard,source_norm2_gt_5,raw_state_verified,run.py:numpy-batch
HiSD,0.03162277660168379,0.002,2000000,377,-0.5609375000000001,1.415625,completed,-11.452522182645218,16.690353261577222,5.1968831644433664e+67,5.525119629840754e+66,8.628402910933501e+68,1,state_safeguard,U,state_safeguard,source_norm2_gt_5,raw_state_verified,run.py:numpy-batch
HiSD,0.03162277660168379,0.002,2000000,378,-0.5515625000000001,1.415625,completed,-12.168870374831766,17.426650997442493,3.638668437663236e+74,3.740259458511595e+73,6.313078118407183e+75,1,state_safeguard,U,state_safeguard,source_norm2_gt_5,raw_state_verified,run.py:numpy-batch
HiSD,0.03162277660168379,0.002,2000000,379,-0.5421875,1.415625,completed,-12.884713033835046,18.147855513559776,4.568139317880655e+81,4.547282573379226e+80,8.26239234051187e+82,1,state_safeguard,U,state_safeguard,source_norm2_gt_5,raw_state_verified,run.py:numpy-batch
HiSD,0.03162277660168379,0.002,2000000,380,-0.5328125000000001,1.415625,completed,-13.599249776798313,18.85095474754413,9.444060287279579e+88,9.119432659990513e+87,1.7765120722427238e+90,1,state_safeguard,U,state_safeguard,source_norm2_gt_5,raw_state_verified,run.py:numpy-batch
HiSD,0.03162277660168379,0.002,2000000,381,-0.5234375,1.415625,completed,-14.311984995337209,19.532735360393545,2.9271695449775667e+96,2.7468908134874795e+95,5.713372109981201e+97,1,state_safeguard,U,state_safeguard,source_norm2_gt_5,raw_state_verified,run.py:numpy-batch
HiSD,0.03162277660168379,0.002,2000000,382,-0.5140625000000001,1.415625,completed,-15.02280962076598,20.18972285761888,1.2285077948023276e+104,1.122497983071212e+103,2.482362658247216e+105,1,state_safeguard,U,state_safeguard,source_norm2_gt_5,raw_state_verified,run.py:numpy-batch
HiSD,0.03162277660168379,0.002,2000000,383,-0.5046875000000001,1.415625,completed,-15.732106053747467,20.818095234226757,6.260334685982566e+111,5.580707470271764e+110,1.306615756597694e+113,1,state_safeguard,U,state_safeguard,source_norm2_gt_5,raw_state_verified,run.py:numpy-batch
HiSD,0.03162277660168379,0.002,2000000,395,-0.6921875000000001,1.434375,completed,-0.851945596081937,5.512970900440257,248906917.85547554,33398861.79848084,1817658854.778066,1,state_safeguard,U,state_safeguard,source_norm2_gt_5,raw_state_verified,run.py:numpy-batch
HiSD,0.03162277660168379,0.002,2000000,396,-0.6828125,1.434375,completed,-1.3906554601752623,6.181082061789982,5359604411.433258,724324184.1674575,41330974143.52271,1,state_safeguard,U,state_safeguard,source_norm2_gt_5,raw_state_verified,run.py:numpy-batch
HiSD,0.03162277660168379,0.002,2000000,397,-0.6734375,1.434375,completed,-1.9503493122394508,6.867838897637871,231977103082.6242,31452885575.426903,1894983111702.5083,1,state_safeguard,U,state_safeguard,source_norm2_gt_5,raw_state_verified,run.py:numpy-batch
HiSD,0.03162277660168379,0.002,2000000,398,-0.6640625,1.434375,completed,-2.52993512634096,7.571927822203754,21182787866510.895,2865668477138.5444,183684059806169.44,1,state_safeguard,U,state_safeguard,source_norm2_gt_5,raw_state_verified,run.py:numpy-batch
HiSD,0.03162277660168379,0.002,2000000,399,-0.6546875000000001,1.434375,completed,-3.128210444209864,8.291917011545083,4265850520613475.0,572380870803193.6,3.931276942266694e+16,1,state_safeguard,U,state_safeguard,source_norm2_gt_5,raw_state_verified,run.py:numpy-batch
HiSD,0.03162277660168379,0.002,2000000,400,-0.6453125000000001,1.434375,completed,-3.7438707471530055,9.026260247494095,1.9706895741717138e+18,2.6077900100951136e+17,1.930870200630603e+19,1,state_safeguard,U,state_safeguard,source_norm2_gt_5,raw_state_verified,run.py:numpy-batch
HiSD,0.03162277660168379,0.002,2000000,401,-0.6359375,1.434375,completed,-4.375519070494176,9.77330130496561,2.1595992363179217e+21,2.8044239324848056e+20,2.249042408872235e+22,1,state_safeguard,U,state_safeguard,source_norm2_gt_5,raw_state_verified,run.py:numpy-batch
HiSD,0.03162277660168379,0.002,2000000,402,-0.6265625,1.434375,completed,-5.021676908418727,10.531278762799435,5.766132085639392e+24,7.317856948522268e+23,6.3775609806113105e+25,1,state_safeguard,U,state_safeguard,source_norm2_gt_5,raw_state_verified,run.py:numpy-batch
HiSD,0.03162277660168379,0.002,2000000,403,-0.6171875,1.434375,completed,-5.6807964665007775,11.298331095796746,3.8235656162437817e+28,4.7270197833855317e+27,4.486054493395576e+29,1,state_safeguard,U,state_safeguard,source_norm2_gt_5,raw_state_verified,run.py:numpy-batch
HiSD,0.03162277660168379,0.002,2000000,404,-0.6078125000000001,1.434375,completed,-6.351274337803941,12.072501876427399,6.3652696212000926e+32,7.647118545576762e+31,7.910191630080568e+33,1,state_safeguard,U,state_safeguard,source_norm2_gt_5,raw_state_verified,run.py:numpy-batch
HiSD,0.03162277660168379,0.002,2000000,405,-0.5984375000000001,1.434375,completed,-7.031466704225424,12.851744878804176,2.665086817911915e+37,3.10605279691185e+36,3.501927282960878e+38,1,state_safeguard,U,state_safeguard,source_norm2_gt_5,raw_state_verified,run.py:numpy-batch
HiSD,0.03162277660168379,0.002,2000000,406,-0.5890625,1.434375,completed,-7.719706205602928,13.633928830036991,2.7847471114911365e+42,3.1450097042198625e+41,3.861797490628109e+43,1,state_safeguard,U,state_safeguard,source_norm2_gt_5,raw_state_verified,run.py:numpy-batch
HiSD,0.03162277660168379,0.002,2000000,407,-0.5796875,1.434375,completed,-8.414320673117071,14.416841494114419,7.134077244496128e+47,7.802995780713382e+46,1.0420404629970135e+49,1,state_safeguard,U,state_safeguard,source_norm2_gt_5,raw_state_verified,run.py:numpy-batch
HiSD,0.03162277660168379,0.002,2000000,408,-0.5703125,1.434375,completed,-9.113654003728472,15.198192691629613,4.357095715842452e+53,4.6147236284448983e+52,6.689459696197697e+54,1,state_safeguard,U,state_safeguard,source_norm2_gt_5,raw_state_verified,run.py:numpy-batch
HiSD,0.03162277660168379,0.002,2000000,409,-0.5609375000000001,1.434375,completed,-9.81608955937346,15.97561575086014,6.104491215876244e+59,6.26207353767179e+58,9.830507410283322e+60,1,state_safeguard,U,state_safeguard,source_norm2_gt_5,raw_state_verified,run.py:numpy-batch
HiSD,0.03162277660168379,0.002,2000000,410,-0.5515625000000001,1.434375,completed,-10.52007662899989,16.746666734786675,1.868180543130871e+66,1.8570934410987463e+65,3.1488592315761113e+67,1,state_safeguard,U,state_safeguard,source_norm2_gt_5,raw_state_verified,run.py:numpy-batch
HiSD,0.03162277660168379,0.002,2000000,411,-0.5421875,1.434375,completed,-11.224160703885111,17.508820580077103,1.1768076320403813e+73,1.1344949218641526e+72,2.071664770567822e+74,1,state_safeguard,U,state_safeguard,source_norm2_gt_5,raw_state_verified,run.py:numpy-batch
HiSD,0.03162277660168379,0.002,2000000,412,-0.5328125000000001,1.434375,completed,-11.927018617819371,18.259462987142253,1.4232390787612134e+80,1.3319446327437054e+79,2.6112199522775364e+81,1,state_safeguard,U,state_safeguard,source_norm2_gt_5,raw_state_verified,run.py:numpy-batch
HiSD,0.03162277660168379,0.002,2000000,413,-0.5234375,1.434375,completed,-12.62750003499921,18.99587647015148,3.0522048338225743e+87,2.7761486573428424e+86,5.823788181389132e+88,1,state_safeguard,U,state_safeguard,source_norm2_gt_5,raw_state_verified,run.py:numpy-batch
HiSD,0.03162277660168379,0.002,2000000,414,-0.5140625000000001,1.434375,completed,-13.324677388200602,19.715218345215135,1.0618995076817153e+95,9.399700347958516e+93,2.1027132716478044e+96,1,state_safeguard,U,state_safeguard,source_norm2_gt_5,raw_state_verified,run.py:numpy-batch
HiSD,0.03162277660168379,0.002,2000000,415,-0.5046875000000001,1.434375,completed,-14.017907278422298,20.414487489797903,5.434611920654659e+102,4.6886402055952605e+101,1.1144277905791686e+104,1,state_safeguard,U,state_safeguard,source_norm2_gt_5,raw_state_verified,run.py:numpy-batch
HiSD,0.03162277660168379,0.002,2000000,428,-0.6828125,1.453125,completed,-0.15339938223485883,5.560276890972025,4182269483.967284,465573554.4533188,34175781988.232243,1,state_safeguard,U,state_safeguard,source_norm2_gt_5,raw_state_verified,run.py:numpy-batch
HiSD,0.03162277660168379,0.002,2000000,429,-0.6734375,1.453125,completed,-0.6765622958309276,6.211841584862909,66703301782.97782,7480893463.814154,568795706856.0735,1,state_safeguard,U,state_safeguard,source_norm2_gt_5,raw_state_verified,run.py:numpy-batch
HiSD,0.03162277660168379,0.002,2000000,430,-0.6640625,1.453125,completed,-1.2205512823365074,6.884229354462033,2085937094045.3906,235710278795.5568,18628291861004.6,1,state_safeguard,U,state_safeguard,source_norm2_gt_5,raw_state_verified,run.py:numpy-batch
HiSD,0.03162277660168379,0.002,2000000,431,-0.6546875000000001,1.453125,completed,-1.7844097863355988,7.576119175877032,134610362793116.06,15289882321183.246,1262568943269584.5,1,state_safeguard,U,state_safeguard,source_norm2_gt_5,raw_state_verified,run.py:numpy-batch
HiSD,0.03162277660168379,0.002,2000000,432,-0.6453125000000001,1.453125,completed,-2.3670505965765605,8.286089099227906,1.8801896642932844e+16,2138451419683933.2,1.856114508528976e+17,1,state_safeguard,U,state_safeguard,source_norm2_gt_5,raw_state_verified,run.py:numpy-batch
HiSD,0.03162277660168379,0.002,2000000,433,-0.6359375,1.453125,completed,-2.9672651492867406,9.012616592947953,5.936215586267024e+18,6.729797861231094e+17,6.176703921202662e+19,1,state_safeguard,U,state_safeguard,source_norm2_gt_5,raw_state_verified,run.py:numpy-batch
HiSD,0.03162277660168379,0.002,2000000,434,-0.6265625,1.453125,completed,-3.5837335506380397,9.754080289516944,4.4010536000028163e+21,4.9502167500228035e+20,4.830469197677647e+22,1,state_safeguard,U,state_safeguard,source_norm2_gt_5,raw_state_verified,run.py:numpy-batch
HiSD,0.03162277660168379,0.002,2000000,435,-0.6171875,1.453125,completed,-4.215035446001894,10.50876287267969,7.910779305369295e+24,8.789580183051337e+23,9.160893234906138e+25,1,state_safeguard,U,state_safeguard,source_norm2_gt_5,raw_state_verified,run.py:numpy-batch
HiSD,0.03162277660168379,0.002,2000000,436,-0.6078125000000001,1.453125,completed,-4.859661841741442,11.274854874883953,3.534447964208639e+28,3.864356975209503e+27,4.317397914860045e+29,1,state_safeguard,U,state_safeguard,source_norm2_gt_5,raw_state_verified,run.py:numpy-batch
HiSD,0.03162277660168379,0.002,2000000,437,-0.5984375000000001,1.453125,completed,-5.516027975840767,12.050459165794603,3.992883550817767e+32,4.2818901453779105e+31,5.1415781461331196e+33,1,state_safeguard,U,state_safeguard,source_norm2_gt_5,raw_state_verified,run.py:numpy-batch
HiSD,0.03162277660168379,0.002,2000000,438,-0.5890625,1.453125,completed,-6.182487334560087,12.833595911808917,1.1503295984534514e+37,1.2067568082346149e+36,1.5600287817203907e+38,1,state_safeguard,U,state_safeguard,source_norm2_gt_5,raw_state_verified,run.py:numpy-batch
HiSD,0.03162277660168379,0.002,2000000,439,-0.5796875,1.453125,completed,-6.857346925857342,13.622207773092128,8.445953198822974e+41,8.649822810469905e+40,1.204877561741429e+43,1,state_safeguard,U,state_safeguard,source_norm2_gt_5,raw_state_verified,run.py:numpy-batch
HiSD,0.03162277660168379,0.002,2000000,440,-0.5703125,1.453125,completed,-7.538883947062191,14.414165078830287,1.5641301856744128e+47,1.5614936578956186e+46,2.3439626187035492e+48,1,state_safeguard,U,state_safeguard,source_norm2_gt_5,raw_state_verified,run.py:numpy-batch
HiSD,0.03162277660168379,0.002,2000000,441,-0.5609375000000001,1.453125,completed,-8.225364027112596,15.20727068153444,7.158396290527091e+52,6.959032171019734e+51,1.1251557999606088e+54,1,state_safeguard,U,state_safeguard,source_norm2_gt_5,raw_state_verified,run.py:numpy-batch
HiSD,0.03162277660168379,0.002,2000000,442,-0.5515625000000001,1.453125,completed,-8.915061289277675,15.999264132687818,7.850427497753507e+58,7.427320994821847e+57,1.2921025079195031e+60,1,state_safeguard,U,state_safeguard,source_norm2_gt_5,raw_state_verified,run.py:numpy-batch
HiSD,0.03162277660168379,0.002,2000000,443,-0.5421875,1.453125,completed,-9.606280574661653,16.787824739274626,1.9794999437922187e+65,1.822210747468913e+64,3.405792241027204e+66,1,state_safeguard,U,state_safeguard,source_norm2_gt_5,raw_state_verified,run.py:numpy-batch
HiSD,0.03162277660168379,0.002,2000000,444,-0.5328125000000001,1.453125,completed,-10.297382299247149,17.57057294526704,1.0896348684760266e+72,9.760305163365253e+70,1.956272766619908e+73,1,state_safeguard,U,state_safeguard,source_norm2_gt_5,raw_state_verified,run.py:numpy-batch
HiSD,0.03162277660168379,0.002,2000000,445,-0.5234375,1.453125,completed,-10.986810610929068,18.34506931528574,1.2303452062532196e+79,1.0727579483923206e+78,2.3007523341212534e+80,1,state_safeguard,U,state_safeguard,source_norm2_gt_5,raw_state_verified,run.py:numpy-batch
HiSD,0.03162277660168379,0.002,2000000,446,-0.5140625000000001,1.453125,completed,-11.673125783617749,19.10881016153657,2.650509443124845e+86,2.2508790923151495e+85,5.153031680502032e+87,1,state_safeguard,U,state_safeguard,source_norm2_gt_5,raw_state_verified,run.py:numpy-batch
HiSD,0.03162277660168379,0.002,2000000,447,-0.5046875000000001,1.453125,completed,-12.35504217952015,19.859218509086396,1.0033375169957866e+94,8.305468174006552e+92,2.0242225547203684e+95,1,state_safeguard,U,state_safeguard,source_norm2_gt_5,raw_state_verified,run.py:numpy-batch
HiSD,0.03162277660168379,0.002,2000000,448,-0.7953125000000001,1.4718749999999998,completed,5.1882877277326855,0.28717009326889675,5769112110739.131,691960255802.1511,51199805276602.97,1,state_safeguard,U,state_safeguard,source_norm2_gt_5,raw_state_verified,run.py:numpy-batch
HiSD,0.03162277660168379,0.002,2000000,460,-0.6828125,1.4718749999999998,completed,0.9819866469078193,5.0611920369767684,26161606627.82508,2492639989.2462797,231692103838.12634,1,state_safeguard,U,state_safeguard,source_norm2_gt_5,raw_state_verified,run.py:numpy-batch
HiSD,0.03162277660168379,0.002,2000000,461,-0.6734375,1.4718749999999998,completed,0.4971963177283506,5.666519502208796,176862429848.3837,16853080153.720966,1612740631666.4053,1,state_safeguard,U,state_safeguard,source_norm2_gt_5,raw_state_verified,run.py:numpy-batch
HiSD,0.03162277660168379,0.002,2000000,462,-0.6640625,1.4718749999999998,completed,-0.00885169414469722,6.29645936263007,2165166376725.878,207287279394.93237,20412064160710.258,1,state_safeguard,U,state_safeguard,source_norm2_gt_5,raw_state_verified,run.py:numpy-batch
HiSD,0.03162277660168379,0.002,2000000,463,-0.6546875000000001,1.4718749999999998,completed,-0.5355051716305985,6.949675905186658,50687294021121.07,4886568616230.82,495857669973895.56,1,state_safeguard,U,state_safeguard,source_norm2_gt_5,raw_state_verified,run.py:numpy-batch
HiSD,0.03162277660168379,0.002,2000000,464,-0.6453125000000001,1.4718749999999998,completed,-1.081951490318593,7.624772872627455,2392164039064550.0,232253915866419.8,2.4360433071411588e+16,1,state_safeguard,U,state_safeguard,source_norm2_gt_5,raw_state_verified,run.py:numpy-batch
HiSD,0.03162277660168379,0.002,2000000,465,-0.6359375,1.4718749999999998,completed,-1.6472279916957164,8.320283511631185,2.3930533086254592e+17,2.336036505844049e+16,2.543405652453771e+18,1,state_safeguard,U,state_safeguard,source_norm2_gt_5,raw_state_verified,run.py:numpy-batch
HiSD,0.03162277660168379,0.002,2000000,466,-0.6265625,1.4718749999999998,completed,-2.230232302790137,9.034664361192426,5.316291416686089e+19,5.203058637924605e+18,5.909192819786524e+20,1,state_safeguard,U,state_safeguard,source_norm2_gt_5,raw_state_verified,run.py:numpy-batch
HiSD,0.03162277660168379,0.002,2000000,467,-0.6171875,1.4718749999999998,completed,-2.8297328747242565,9.766291981384374,2.735349625831351e+22,2.674601279291477e+21,3.184457337133683e+23,1,state_safeguard,U,state_safeguard,source_norm2_gt_5,raw_state_verified,run.py:numpy-batch
HiSD,0.03162277660168379,0.002,2000000,468,-0.6078125000000001,1.4718749999999998,completed,-3.4443799454289428,10.513462022531073,3.3809527024008215e+25,3.2903924109280327e+24,4.126553544183702e+26,1,state_safeguard,U,state_safeguard,source_norm2_gt_5,raw_state_verified,run.py:numpy-batch
HiSD,0.03162277660168379,0.002,2000000,469,-0.5984375000000001,1.4718749999999998,completed,-4.072717083543518,11.274390168967514,1.0346487952024388e+29,9.98525884272051e+27,1.3246052243202415e+30,1,state_safeguard,U,state_safeguard,source_norm2_gt_5,raw_state_verified,run.py:numpy-batch
HiSD,0.03162277660168379,0.002,2000000,470,-0.5890625,1.4718749999999998,completed,-4.713193437633924,12.0472145804453,8.021247810902496e+32,7.650337837397541e+31,1.0772608325528341e+34,1,state_safeguard,U,state_safeguard,source_norm2_gt_5,raw_state_verified,run.py:numpy-batch
HiSD,0.03162277660168379,0.002,2000000,471,-0.5796875,1.4718749999999998,completed,-5.3641767939769265,12.829999511437446,1.5991036724814245e+37,1.502703522963405e+36,2.252305582148309e+38,1,state_safeguard,U,state_safeguard,source_norm2_gt_5,raw_state_verified,run.py:numpy-batch
HiSD,0.03162277660168379,0.002,2000000,472,-0.5703125,1.4718749999999998,completed,-6.023967538051099,13.620739821884559,8.249142209517676e+41,7.618060747681479e+40,1.2178329771812457e+43,1,state_safeguard,U,state_safeguard,source_norm2_gt_5,raw_state_verified,run.py:numpy-batch
HiSD,0.03162277660168379,0.002,2000000,473,-0.5609375000000001,1.4718749999999998,completed,-6.690813616956328,14.417366108205723,1.0977743623611194e+47,9.941892538810166e+45,1.6973412187822036e+48,1,state_safeguard,U,state_safeguard,source_norm2_gt_5,raw_state_verified,run.py:numpy-batch
HiSD,0.03162277660168379,0.002,2000000,474,-0.5515625000000001,1.4718749999999998,completed,-7.362926615771322,15.217750182467775,3.7206412021741593e+52,3.2989007025230994e+51,6.018829734011864e+53,1,state_safeguard,U,state_safeguard,source_norm2_gt_5,raw_state_verified,run.py:numpy-batch
HiSD,0.03162277660168379,0.002,2000000,475,-0.5421875,1.4718749999999998,completed,-8.03849909234512,16.019710610906362,3.138694300660893e+58,2.721143602851184e+57,5.306055895977676e+59,1,state_safeguard,U,state_safeguard,source_norm2_gt_5,raw_state_verified,run.py:numpy-batch
HiSD,0.03162277660168379,0.002,2000000,476,-0.5328125000000001,1.4718749999999998,completed,-8.715723361845011,16.8210179913363,6.374279941622873e+64,5.398883838667241e+63,1.1246479179404108e+66,1,state_safeguard,U,state_safeguard,source_norm2_gt_5,raw_state_verified,run.py:numpy-batch
HiSD,0.03162277660168379,0.002,2000000,477,-0.5234375,1.4718749999999998,completed,-9.392811999673913,17.619399594478782,2.9829417301340967e+71,2.466914288606607e+70,5.485077662516189e+72,1,state_safeguard,U,state_safeguard,source_norm2_gt_5,raw_state_verified,run.py:numpy-batch
HiSD,0.03162277660168379,0.002,2000000,478,-0.5140625000000001,1.4718749999999998,completed,-10.068020438782442,18.412542914813105,3.0467858577120437e+78,2.459708684119691e+77,5.830261119749525e+79,1,state_safeguard,U,state_safeguard,source_norm2_gt_5,raw_state_verified,run.py:numpy-batch
HiSD,0.03162277660168379,0.002,2000000,479,-0.5046875000000001,1.4718749999999998,completed,-10.73967219286611,19.19809756016271,6.36818471678017e+85,5.0188095919975005e+84,1.2661894586226197e+87,1,state_safeguard,U,state_safeguard,source_norm2_gt_5,raw_state_verified,run.py:numpy-batch
HiSD,0.03162277660168379,0.002,2000000,480,-0.7953125000000001,1.4906249999999999,completed,5.8320429176521085,1.6355947114123048,4.643691726514487e+17,3.831214818592665e+16,5.245736746587202e+18,1,state_safeguard,U,state_safeguard,source_norm2_gt_5,raw_state_verified,run.py:numpy-batch
HiSD,0.03162277660168379,0.002,2000000,481,-0.7859375000000001,1.4906249999999999,completed,5.603975520431407,1.4782555647702185,2.250762933713015e+16,1968822724740109.5,2.425199990816562e+17,1,state_safeguard,U,state_safeguard,source_norm2_gt_5,raw_state_verified,run.py:numpy-batch
HiSD,0.03162277660168379,0.002,2000000,482,-0.7765625,1.4906249999999999,completed,5.35748446857849,1.4513819268420447,1911043569955610.2,173927500072250.5,1.9829053037326816e+16,1,state_safeguard,U,state_safeguard,source_norm2_gt_5,raw_state_verified,run.py:numpy-batch
HiSD,0.03162277660168379,0.002,2000000,483,-0.7671875,1.4906249999999999,completed,5.096846924603102,1.5247066464359702,244651309633378.38,22799600185090.12,2463823714504629.0,1,state_safeguard,U,state_safeguard,source_norm2_gt_5,raw_state_verified,run.py:numpy-batch
HiSD,0.03162277660168379,0.002,2000000,484,-0.7578125,1.4906249999999999,completed,4.822576955646901,1.6778839773684622,43155064633358.69,4063850392014.0537,424598731135971.9,1,state_safeguard,U,state_safeguard,source_norm2_gt_5,raw_state_verified,run.py:numpy-batch
HiSD,0.03162277660168379,0.002,2000000,492,-0.6828125,1.4906249999999999,completed,1.9995635350638843,4.719187815742693,1003810831211.0969,84667439558.89638,9757575324410.418,1,state_safeguard,U,state_safeguard,source_norm2_gt_5,raw_state_verified,run.py:numpy-batch
HiSD,0.03162277660168379,0.002,2000000,493,-0.6734375,1.4906249999999999,completed,1.555036096977541,5.26486108491264,3282645092606.06,274920218852.5267,32492547274835.137,1,state_safeguard,U,state_safeguard,source_norm2_gt_5,raw_state_verified,run.py:numpy-batch
HiSD,0.03162277660168379,0.002,2000000,494,-0.6640625,1.4906249999999999,completed,1.0892632850332076,5.839844100241191,18014682585915.805,1505455185840.3162,182319986966477.62,1,state_safeguard,U,state_safeguard,source_norm2_gt_5,raw_state_verified,run.py:numpy-batch
HiSD,0.03162277660168379,0.002,2000000,495,-0.6546875000000001,1.4906249999999999,completed,0.6025655449888379,6.442529827571747,175020501685118.22,14655104239103.338,1818141648989996.2,1,state_safeguard,U,state_safeguard,source_norm2_gt_5,raw_state_verified,run.py:numpy-batch
HiSD,0.03162277660168379,0.002,2000000,496,-0.6453125000000001,1.4906249999999999,completed,0.09544872784018055,7.071349264385864,3176784518444518.5,267295205028456.12,3.399486841459067e+16,1,state_safeguard,U,state_safeguard,source_norm2_gt_5,raw_state_verified,run.py:numpy-batch
HiSD,0.03162277660168379,0.002,2000000,497,-0.6359375,1.4906249999999999,completed,-0.4314066695310803,7.724737101815102,1.1360637550982046e+17,9618435577925576.0,1.2563607984861379e+18,1,state_safeguard,U,state_safeguard,source_norm2_gt_5,raw_state_verified,run.py:numpy-batch
HiSD,0.03162277660168379,0.002,2000000,498,-0.6265625,1.4906249999999999,completed,-0.9771559077635654,8.40110715026061,8.427041568130852e+18,7.178586131637806e+17,9.658142416536653e+19,1,state_safeguard,U,state_safeguard,source_norm2_gt_5,raw_state_verified,run.py:numpy-batch
HiSD,0.03162277660168379,0.002,2000000,499,-0.6171875,1.4906249999999999,completed,-1.5408002771620537,9.098835071003942,1.3613526562256894e+21,1.1652722339144268e+20,1.6207810731760574e+22,1,state_safeguard,U,state_safeguard,source_norm2_gt_5,raw_state_verified,run.py:numpy-batch
HiSD,0.03162277660168379,0.002,2000000,500,-0.6078125000000001,1.4906249999999999,completed,-2.121197443126044,9.816246675063322,5.0101007676964177e+23,4.299647855340376e+22,6.20821040384692e+24,1,state_safeguard,U,state_safeguard,source_norm2_gt_5,raw_state_verified,run.py:numpy-batch
HiSD,0.03162277660168379,0.002,2000000,501,-0.5984375000000001,1.4906249999999999,completed,-2.7170720376309623,10.551610535161528,4.3734842843911494e+26,3.7525908963403184e+25,5.64872011265097e+27,1,state_safeguard,U,state_safeguard,source_norm2_gt_5,raw_state_verified,run.py:numpy-batch
HiSD,0.03162277660168379,0.002,2000000,502,-0.5890625,1.4906249999999999,completed,-3.3270266366501096,11.30313398675145,9.37554863486147e+29,8.018361580431734e+28,1.263491519563812e+31,1,state_safeguard,U,state_safeguard,source_norm2_gt_5,raw_state_verified,run.py:numpy-batch
HiSD,0.03162277660168379,0.002,2000000,503,-0.5796875,1.4906249999999999,completed,-3.949553233952723,12.068961820546381,5.076968125295861e+33,4.3145044148191156e+32,7.143515503206303e+34,1,state_safeguard,U,state_safeguard,source_norm2_gt_5,raw_state_verified,run.py:numpy-batch
HiSD,0.03162277660168379,0.002,2000000,504,-0.5703125,1.4906249999999999,completed,-4.583045298194424,12.847177124786784,7.090983097736999e+37,5.970108954466774e+36,1.0420041684708158e+39,1,state_safeguard,U,state_safeguard,source_norm2_gt_5,raw_state_verified,run.py:numpy-batch
HiSD,0.03162277660168379,0.002,2000000,505,-0.5609375000000001,1.4906249999999999,completed,-5.225810482643281,13.635803842343012,2.5872264849013045e+42,2.1521902961195544e+41,3.970445306015603e+43,1,state_safeguard,U,state_safeguard,source_norm2_gt_5,raw_state_verified,run.py:numpy-batch
HiSD,0.03162277660168379,0.002,2000000,506,-0.5515625000000001,1.4906249999999999,completed,-5.8760840469394235,14.432810679629307,2.4757559437283295e+47,2.029942544175868e+46,3.966628950373812e+48,1,state_safeguard,U,state_safeguard,source_norm2_gt_5,raw_state_verified,run.py:numpy-batch
HiSD,0.03162277660168379,0.002,2000000,507,-0.5421875,1.4906249999999999,completed,-6.532043047585548,15.23611605073084,6.180048633407999e+52,4.9843463547361225e+51,1.0331898030523197e+54,1,state_safeguard,U,state_safeguard,source_norm2_gt_5,raw_state_verified,run.py:numpy-batch
HiSD,0.03162277660168379,0.002,2000000,508,-0.5328125000000001,1.4906249999999999,completed,-7.191821361128739,16.043593766369476,3.9637642571828363e+58,3.139271935869891e+57,6.90955926189979e+59,1,state_safeguard,U,state_safeguard,source_norm2_gt_5,raw_state_verified,run.py:numpy-batch
HiSD,0.03162277660168379,0.002,2000000,509,-0.5234375,1.4906249999999999,completed,-7.853525621113047,16.853079187325246,6.369399320685939e+64,4.946950517668741e+63,1.1566552572877717e+66,1,state_safeguard,U,state_safeguard,source_norm2_gt_5,raw_state_verified,run.py:numpy-batch
HiSD,0.03162277660168379,0.002,2000000,510,-0.5140625000000001,1.4906249999999999,completed,-8.515252181022163,17.662375556469744,2.474872255066832e+71,1.8830532868449286e+70,4.677041888019065e+72,1,state_safeguard,U,state_safeguard,source_norm2_gt_5,raw_state_verified,run.py:numpy-batch
HiSD,0.03162277660168379,0.002,2000000,511,-0.5046875000000001,1.4906249999999999,completed,-9.175105265130727,18.46926020170336,2.2212108550110497e+78,1.6544412931971817e+77,4.3633871727136645e+79,1,state_safeguard,U,state_safeguard,source_norm2_gt_5,raw_state_verified,run.py:numpy-batch
HiSD,0.03162277660168379,0.002,2000000,192,-0.7953125000000001,1.321875,completed,-13.540638284265562,-26.37664248921741,,,,2,numerical_breakdown,U,state_safeguard,source_norm2_gt_5,nonfinite_derivatives_or_residual,run.py:numpy-batch
HiSD,0.03162277660168379,0.002,2000000,193,-0.7859375000000001,1.321875,completed,-14.529568493397218,-122.26562261288372,,,,2,numerical_breakdown,U,state_safeguard,source_norm2_gt_5,nonfinite_derivatives_or_residual,run.py:numpy-batch
HiSD,0.03162277660168379,0.002,2000000,224,-0.7953125000000001,1.340625,completed,-34.112595769290785,11.440215622328658,,,,2,numerical_breakdown,U,state_safeguard,source_norm2_gt_5,nonfinite_derivatives_or_residual,run.py:numpy-batch
HiSD,0.03162277660168379,0.002,2000000,225,-0.7859375000000001,1.340625,completed,-7.197024907135297,-25.20917831854932,,,,2,numerical_breakdown,U,state_safeguard,source_norm2_gt_5,nonfinite_derivatives_or_residual,run.py:numpy-batch
HiSD,0.03162277660168379,0.002,2000000,226,-0.7765625,1.340625,completed,-34.55106224327036,-35.75226088935655,,,,2,numerical_breakdown,U,state_safeguard,source_norm2_gt_5,nonfinite_derivatives_or_residual,run.py:numpy-batch
HiSD,0.03162277660168379,0.002,2000000,256,-0.7953125000000001,1.359375,completed,-27.135223543643782,-9.142130036072142,,,,2,numerical_breakdown,U,state_safeguard,source_norm2_gt_5,nonfinite_derivatives_or_residual,run.py:numpy-batch
HiSD,0.03162277660168379,0.002,2000000,257,-0.7859375000000001,1.359375,completed,5.070901953613068,9.512040651313379,1.5418494374839878e+49,6.0074523074137066e+47,3.201816551124248e+50,2,state_safeguard,U,state_safeguard,source_norm2_gt_5,raw_state_verified,run.py:numpy-batch
HiSD,0.03162277660168379,0.002,2000000,258,-0.7765625,1.359375,completed,-34.98489891579012,-11.011780081464753,,,,2,numerical_breakdown,U,state_safeguard,source_norm2_gt_5,nonfinite_derivatives_or_residual,run.py:numpy-batch
HiSD,0.03162277660168379,0.002,2000000,259,-0.7671875,1.359375,completed,20.744542115266235,21.95653265779928,,,,2,numerical_breakdown,U,state_safeguard,source_norm2_gt_5,nonfinite_derivatives_or_residual,run.py:numpy-batch
HiSD,0.03162277660168379,0.002,2000000,260,-0.7578125,1.359375,completed,-137.0927980150331,-3.488704291696863,,,,2,numerical_breakdown,U,state_safeguard,source_norm2_gt_5,nonfinite_derivatives_or_residual,run.py:numpy-batch
HiSD,0.03162277660168379,0.002,2000000,288,-0.7953125000000001,1.378125,completed,-19.495766633137034,-4.140394613133084,3.2878566348482227e+139,8.234235328195725e+137,1.128602001041069e+141,2,state_safeguard,U,state_safeguard,source_norm2_gt_5,raw_state_verified,run.py:numpy-batch
HiSD,0.03162277660168379,0.002,2000000,289,-0.7859375000000001,1.378125,completed,10.22207657813884,-17.739239072069203,5.239616900590675e+92,4.3485895270046274e+91,1.051265559484978e+94,2,state_safeguard,U,state_safeguard,source_norm2_gt_5,raw_state_verified,run.py:numpy-batch
HiSD,0.03162277660168379,0.002,2000000,290,-0.7765625,1.378125,completed,-29.62176848149573,14.472943419764622,,,,2,numerical_breakdown,U,state_safeguard,source_norm2_gt_5,nonfinite_derivatives_or_residual,run.py:numpy-batch
HiSD,0.03162277660168379,0.002,2000000,291,-0.7671875,1.378125,completed,-11.813253194532983,3.124528082375973,1.8355806315057204e+33,1.4282951903514164e+32,2.646927863055056e+34,2,state_safeguard,U,state_safeguard,source_norm2_gt_5,raw_state_verified,run.py:numpy-batch
HiSD,0.03162277660168379,0.002,2000000,292,-0.7578125,1.378125,completed,-14.368166285427908,-38.75151194085126,,,,2,numerical_breakdown,U,state_safeguard,source_norm2_gt_5,nonfinite_derivatives_or_residual,run.py:numpy-batch
HiSD,0.03162277660168379,0.002,2000000,293,-0.7484375000000001,1.378125,completed,-92.48910578588836,-72.37227086234523,,,,2,numerical_breakdown,U,state_safeguard,source_norm2_gt_5,nonfinite_derivatives_or_residual,run.py:numpy-batch
HiSD,0.03162277660168379,0.002,2000000,294,-0.7390625000000001,1.378125,completed,-1067.3562520569606,-235.63039863056574,,,,2,numerical_breakdown,U,state_safeguard,source_norm2_gt_5,nonfinite_derivatives_or_residual,run.py:numpy-batch
HiSD,0.03162277660168379,0.002,2000000,320,-0.7953125000000001,1.3968749999999999,completed,-44.68235451396073,-81.6192399103279,,,,2,numerical_breakdown,U,state_safeguard,source_norm2_gt_5,nonfinite_derivatives_or_residual,run.py:numpy-batch
HiSD,0.03162277660168379,0.002,2000000,321,-0.7859375000000001,1.3968749999999999,completed,-22.41841736945316,-42.527538457274055,,,,2,numerical_breakdown,U,state_safeguard,source_norm2_gt_5,nonfinite_derivatives_or_residual,run.py:numpy-batch
HiSD,0.03162277660168379,0.002,2000000,322,-0.7765625,1.3968749999999999,completed,-25.261241904259325,22.761358225805548,,,,2,numerical_breakdown,U,state_safeguard,source_norm2_gt_5,nonfinite_derivatives_or_residual,run.py:numpy-batch
HiSD,0.03162277660168379,0.002,2000000,323,-0.7671875,1.3968749999999999,completed,-38.93648181305579,4.096835067002661,,,,2,numerical_breakdown,U,state_safeguard,source_norm2_gt_5,nonfinite_derivatives_or_residual,run.py:numpy-batch
HiSD,0.03162277660168379,0.002,2000000,324,-0.7578125,1.3968749999999999,completed,-59.043711664863835,31.47745625999068,,,,2,numerical_breakdown,U,state_safeguard,source_norm2_gt_5,nonfinite_derivatives_or_residual,run.py:numpy-batch
HiSD,0.03162277660168379,0.002,2000000,325,-0.7484375000000001,1.3968749999999999,completed,-34.52550952058789,98.60373326401557,,,,2,numerical_breakdown,U,state_safeguard,source_norm2_gt_5,nonfinite_derivatives_or_residual,run.py:numpy-batch
HiSD,0.03162277660168379,0.002,2000000,326,-0.7390625000000001,1.3968749999999999,completed,-275.90148064023265,-148.87227717176805,,,,2,numerical_breakdown,U,state_safeguard,source_norm2_gt_5,nonfinite_derivatives_or_residual,run.py:numpy-batch
HiSD,0.03162277660168379,0.002,2000000,327,-0.7296875,1.3968749999999999,completed,-1795.137495564638,-918.994600145168,,,,2,numerical_breakdown,U,state_safeguard,source_norm2_gt_5,nonfinite_derivatives_or_residual,run.py:numpy-batch
HiSD,0.03162277660168379,0.002,2000000,352,-0.7953125000000001,1.415625,completed,-68.6118649103326,-3584.3308073631692,,,,2,numerical_breakdown,U,state_safeguard,source_norm2_gt_5,nonfinite_derivatives_or_residual,run.py:numpy-batch
HiSD,0.03162277660168379,0.002,2000000,353,-0.7859375000000001,1.415625,completed,-202.80395175807973,-1408.897897781793,,,,2,numerical_breakdown,U,state_safeguard,source_norm2_gt_5,nonfinite_derivatives_or_residual,run.py:numpy-batch
HiSD,0.03162277660168379,0.002,2000000,354,-0.7765625,1.415625,completed,-179.25125199307536,-656.178858852828,,,,2,numerical_breakdown,U,state_safeguard,source_norm2_gt_5,nonfinite_derivatives_or_residual,run.py:numpy-batch
HiSD,0.03162277660168379,0.002,2000000,355,-0.7671875,1.415625,completed,-158.02314622164562,-375.3267044848355,,,,2,numerical_breakdown,U,state_safeguard,source_norm2_gt_5,nonfinite_derivatives_or_residual,run.py:numpy-batch
HiSD,0.03162277660168379,0.002,2000000,356,-0.7578125,1.415625,completed,-167.95521760970507,-282.4986952860446,,,,2,numerical_breakdown,U,state_safeguard,source_norm2_gt_5,nonfinite_derivatives_or_residual,run.py:numpy-batch
HiSD,0.03162277660168379,0.002,2000000,357,-0.7484375000000001,1.415625,completed,87.82172797247678,-386.2533967500978,,,,2,numerical_breakdown,U,state_safeguard,source_norm2_gt_5,nonfinite_derivatives_or_residual,run.py:numpy-batch
HiSD,0.03162277660168379,0.002,2000000,358,-0.7390625000000001,1.415625,completed,-140.5351965783396,-719.2395970860377,,,,2,numerical_breakdown,U,state_safeguard,source_norm2_gt_5,nonfinite_derivatives_or_residual,run.py:numpy-batch
HiSD,0.03162277660168379,0.002,2000000,359,-0.7296875,1.415625,completed,-1492.324323259249,-1420.3644714430618,,,,2,numerical_breakdown,U,state_safeguard,source_norm2_gt_5,nonfinite_derivatives_or_residual,run.py:numpy-batch
HiSD,0.03162277660168379,0.002,2000000,360,-0.7203125,1.415625,completed,-7755.204444776398,-5598.96040377956,,,,2,numerical_breakdown,U,state_safeguard,source_norm2_gt_5,nonfinite_derivatives_or_residual,run.py:numpy-batch
HiSD,0.03162277660168379,0.002,2000000,361,-0.7109375,1.415625,completed,-68308.03528977052,-40045.0113389636,,,,2,numerical_breakdown,U,state_safeguard,source_norm2_gt_5,nonfinite_derivatives_or_residual,run.py:numpy-batch
HiSD,0.03162277660168379,0.002,2000000,384,-0.7953125000000001,1.434375,completed,127.10418085613446,-358305.02070178225,,,,2,numerical_breakdown,U,state_safeguard,source_norm2_gt_5,nonfinite_derivatives_or_residual,run.py:numpy-batch
HiSD,0.03162277660168379,0.002,2000000,385,-0.7859375000000001,1.434375,completed,-9482.290590229777,-122371.66215682674,,,,2,numerical_breakdown,U,state_safeguard,source_norm2_gt_5,nonfinite_derivatives_or_residual,run.py:numpy-batch
HiSD,0.03162277660168379,0.002,2000000,386,-0.7765625,1.434375,completed,-7615.277837409679,-46995.426911048904,,,,2,numerical_breakdown,U,state_safeguard,source_norm2_gt_5,nonfinite_derivatives_or_residual,run.py:numpy-batch
HiSD,0.03162277660168379,0.002,2000000,387,-0.7671875,1.434375,completed,-5375.904531691282,-21150.11534923414,,,,2,numerical_breakdown,U,state_safeguard,source_norm2_gt_5,nonfinite_derivatives_or_residual,run.py:numpy-batch
HiSD,0.03162277660168379,0.002,2000000,388,-0.7578125,1.434375,completed,-4152.214865752204,-11668.507826068302,,,,2,numerical_breakdown,U,state_safeguard,source_norm2_gt_5,nonfinite_derivatives_or_residual,run.py:numpy-batch
HiSD,0.03162277660168379,0.002,2000000,389,-0.7484375000000001,1.434375,completed,-3890.5907813017875,-8285.461544524618,,,,2,numerical_breakdown,U,state_safeguard,source_norm2_gt_5,nonfinite_derivatives_or_residual,run.py:numpy-batch
HiSD,0.03162277660168379,0.002,2000000,390,-0.7390625000000001,1.434375,completed,-4759.554819660814,-7970.517168127431,,,,2,numerical_breakdown,U,state_safeguard,source_norm2_gt_5,nonfinite_derivatives_or_residual,run.py:numpy-batch
HiSD,0.03162277660168379,0.002,2000000,391,-0.7296875,1.434375,completed,-8121.6494090213255,-10962.989054270009,,,,2,numerical_breakdown,U,state_safeguard,source_norm2_gt_5,nonfinite_derivatives_or_residual,run.py:numpy-batch
HiSD,0.03162277660168379,0.002,2000000,392,-0.7203125,1.434375,completed,-20458.941977138562,-22927.316361010267,,,,2,numerical_breakdown,U,state_safeguard,source_norm2_gt_5,nonfinite_derivatives_or_residual,run.py:numpy-batch
HiSD,0.03162277660168379,0.002,2000000,393,-0.7109375,1.434375,completed,-81787.6697591062,-76468.04412567156,,,,2,numerical_breakdown,U,state_safeguard,source_norm2_gt_5,nonfinite_derivatives_or_residual,run.py:numpy-batch
HiSD,0.03162277660168379,0.002,2000000,394,-0.7015625000000001,1.434375,completed,-549692.0582590286,-430004.9025019191,,,,2,numerical_breakdown,U,state_safeguard,source_norm2_gt_5,nonfinite_derivatives_or_residual,run.py:numpy-batch
HiSD,0.03162277660168379,0.002,2000000,416,-0.7953125000000001,1.453125,completed,161726.37254110991,-101789435.79239996,,,,2,numerical_breakdown,U,state_safeguard,source_norm2_gt_5,nonfinite_derivatives_or_residual,run.py:numpy-batch
HiSD,0.03162277660168379,0.002,2000000,417,-0.7859375000000001,1.453125,completed,-1596342.545717353,-29680203.432896875,,,,2,numerical_breakdown,U,state_safeguard,source_norm2_gt_5,nonfinite_derivatives_or_residual,run.py:numpy-batch
HiSD,0.03162277660168379,0.002,2000000,418,-0.7765625,1.453125,completed,-1089128.2903013318,-9493776.182712872,,,,2,numerical_breakdown,U,state_safeguard,source_norm2_gt_5,nonfinite_derivatives_or_residual,run.py:numpy-batch
HiSD,0.03162277660168379,0.002,2000000,419,-0.7671875,1.453125,completed,-621766.1133956887,-3423885.0290035275,,,,2,numerical_breakdown,U,state_safeguard,source_norm2_gt_5,nonfinite_derivatives_or_residual,run.py:numpy-batch
HiSD,0.03162277660168379,0.002,2000000,420,-0.7578125,1.453125,completed,-367106.62502865697,-1439906.6207607868,,,,2,numerical_breakdown,U,state_safeguard,source_norm2_gt_5,nonfinite_derivatives_or_residual,run.py:numpy-batch
HiSD,0.03162277660168379,0.002,2000000,421,-0.7484375000000001,1.453125,completed,-246325.48212010757,-734220.4141299006,,,,2,numerical_breakdown,U,state_safeguard,source_norm2_gt_5,nonfinite_derivatives_or_residual,run.py:numpy-batch
HiSD,0.03162277660168379,0.002,2000000,422,-0.7390625000000001,1.453125,completed,-201085.90395083636,-474155.6180364763,,,,2,numerical_breakdown,U,state_safeguard,source_norm2_gt_5,nonfinite_derivatives_or_residual,run.py:numpy-batch
HiSD,0.03162277660168379,0.002,2000000,423,-0.7296875,1.453125,completed,-212200.62511295435,-406656.3836787617,,,,2,numerical_breakdown,U,state_safeguard,source_norm2_gt_5,nonfinite_derivatives_or_residual,run.py:numpy-batch
HiSD,0.03162277660168379,0.002,2000000,424,-0.7203125,1.453125,completed,-306970.841949899,-487255.9471767647,,,,2,numerical_breakdown,U,state_safeguard,source_norm2_gt_5,nonfinite_derivatives_or_residual,run.py:numpy-batch
HiSD,0.03162277660168379,0.002,2000000,425,-0.7109375,1.453125,completed,-645452.3633633078,-860257.7953594448,,,,2,numerical_breakdown,U,state_safeguard,source_norm2_gt_5,nonfinite_derivatives_or_residual,run.py:numpy-batch
HiSD,0.03162277660168379,0.002,2000000,426,-0.7015625000000001,1.453125,completed,-2091683.0026786656,-2364980.989120462,,,,2,numerical_breakdown,U,state_safeguard,source_norm2_gt_5,nonfinite_derivatives_or_residual,run.py:numpy-batch
HiSD,0.03162277660168379,0.002,2000000,427,-0.6921875000000001,1.453125,completed,-11084443.246653754,-10705206.713690344,,,,2,numerical_breakdown,U,state_safeguard,source_norm2_gt_5,nonfinite_derivatives_or_residual,run.py:numpy-batch
HiSD,0.03162277660168379,0.002,2000000,449,-0.7859375000000001,1.4718749999999998,completed,-1054635293.2749054,-33943032773.89667,,,,2,numerical_breakdown,U,state_safeguard,source_norm2_gt_5,nonfinite_derivatives_or_residual,run.py:numpy-batch
HiSD,0.03162277660168379,0.002,2000000,450,-0.7765625,1.4718749999999998,completed,-590978638.8262528,-7578800957.612709,,,,2,numerical_breakdown,U,state_safeguard,source_norm2_gt_5,nonfinite_derivatives_or_residual,run.py:numpy-batch
HiSD,0.03162277660168379,0.002,2000000,451,-0.7671875,1.4718749999999998,completed,-257642154.98144364,-1992090078.4619339,,,,2,numerical_breakdown,U,state_safeguard,source_norm2_gt_5,nonfinite_derivatives_or_residual,run.py:numpy-batch
HiSD,0.03162277660168379,0.002,2000000,452,-0.7578125,1.4718749999999998,completed,-114449402.79448944,-616950143.4228284,,,,2,numerical_breakdown,U,state_safeguard,source_norm2_gt_5,nonfinite_derivatives_or_residual,run.py:numpy-batch
HiSD,0.03162277660168379,0.002,2000000,453,-0.7484375000000001,1.4718749999999998,completed,-56417442.24887533,-228497240.0390853,,,,2,numerical_breakdown,U,state_safeguard,source_norm2_gt_5,nonfinite_derivatives_or_residual,run.py:numpy-batch
HiSD,0.03162277660168379,0.002,2000000,454,-0.7390625000000001,1.4718749999999998,completed,-32589636.223409712,-103790485.09362537,,,,2,numerical_breakdown,U,state_safeguard,source_norm2_gt_5,nonfinite_derivatives_or_residual,run.py:numpy-batch
HiSD,0.03162277660168379,0.002,2000000,455,-0.7296875,1.4718749999999998,completed,-23152217.523278646,-59773641.09024018,,,,2,numerical_breakdown,U,state_safeguard,source_norm2_gt_5,nonfinite_derivatives_or_residual,run.py:numpy-batch
HiSD,0.03162277660168379,0.002,2000000,456,-0.7203125,1.4718749999999998,completed,-21231937.895630836,-45407200.906614296,,,,2,numerical_breakdown,U,state_safeguard,source_norm2_gt_5,nonfinite_derivatives_or_residual,run.py:numpy-batch
HiSD,0.03162277660168379,0.002,2000000,457,-0.7109375,1.4718749999999998,completed,-26432682.689522583,-47577196.996467024,,,,2,numerical_breakdown,U,state_safeguard,source_norm2_gt_5,nonfinite_derivatives_or_residual,run.py:numpy-batch
HiSD,0.03162277660168379,0.002,2000000,458,-0.7015625000000001,1.4718749999999998,completed,-47086038.74421757,-72190061.06947312,,,,2,numerical_breakdown,U,state_safeguard,source_norm2_gt_5,nonfinite_derivatives_or_residual,run.py:numpy-batch
HiSD,0.03162277660168379,0.002,2000000,459,-0.6921875000000001,1.4718749999999998,completed,-126750475.8178761,-167046531.3940585,,,,2,numerical_breakdown,U,state_safeguard,source_norm2_gt_5,nonfinite_derivatives_or_residual,run.py:numpy-batch
HiSD,0.03162277660168379,0.002,2000000,485,-0.7484375000000001,1.4906249999999999,completed,-53654428614.21891,-311396235177.7249,,,,2,numerical_breakdown,U,state_safeguard,source_norm2_gt_5,nonfinite_derivatives_or_residual,run.py:numpy-batch
HiSD,0.03162277660168379,0.002,2000000,486,-0.7390625000000001,1.4906249999999999,completed,-20893171403.36998,-91814588685.11038,,,,2,numerical_breakdown,U,state_safeguard,source_norm2_gt_5,nonfinite_derivatives_or_residual,run.py:numpy-batch
HiSD,0.03162277660168379,0.002,2000000,487,-0.7296875,1.4906249999999999,completed,-9963451298.725506,-34730137963.51388,,,,2,numerical_breakdown,U,state_safeguard,source_norm2_gt_5,nonfinite_derivatives_or_residual,run.py:numpy-batch
HiSD,0.03162277660168379,0.002,2000000,488,-0.7203125,1.4906249999999999,completed,-6000493925.422709,-17103772248.657001,,,,2,numerical_breakdown,U,state_safeguard,source_norm2_gt_5,nonfinite_derivatives_or_residual,run.py:numpy-batch
HiSD,0.03162277660168379,0.002,2000000,489,-0.7109375,1.4906249999999999,completed,-4725523914.442932,-11252335001.469034,,,,2,numerical_breakdown,U,state_safeguard,source_norm2_gt_5,nonfinite_derivatives_or_residual,run.py:numpy-batch
HiSD,0.03162277660168379,0.002,2000000,490,-0.7015625000000001,1.4906249999999999,completed,-5063984661.139612,-10232819134.667408,,,,2,numerical_breakdown,U,state_safeguard,source_norm2_gt_5,nonfinite_derivatives_or_residual,run.py:numpy-batch
HiSD,0.03162277660168379,0.002,2000000,491,-0.6921875000000001,1.4906249999999999,completed,-7720269199.015995,-13397391358.063297,,,,2,numerical_breakdown,U,state_safeguard,source_norm2_gt_5,nonfinite_derivatives_or_residual,run.py:numpy-batch
