method,eta,tau,budget,start_id,x0,y0,execution_status,raw_x,raw_y,grad_norm,lambda1,lambda2,n_outer_updates,terminal_category,endpoint,stop_reason,failure_reason,certification_reason,source
HiSD,0.00012589254117941674,0.002,2000000,31,-0.5046875000000001,1.2093749999999999,completed,0.06601892975931646,0.1840409414086303,9.864126812799666e-07,-1005.136366924186,762.7329008495188,416,success_index1,S_L,gradient_tolerance,,raw_state_verified,run.py:numpy-batch
HiSD,0.00012589254117941674,0.002,2000000,30,-0.5140625000000001,1.2093749999999999,completed,0.06601892967628349,0.1840409414801232,9.729276725428683e-07,-1005.1363672239709,762.7329006785237,417,success_index1,S_L,gradient_tolerance,,raw_state_verified,run.py:numpy-batch
HiSD,0.00012589254117941674,0.002,2000000,29,-0.5234375,1.2093749999999999,completed,0.06601892974908692,0.18404094140078897,9.765758381128198e-07,-1005.1363668933808,762.732900843049,418,success_index1,S_L,gradient_tolerance,,raw_state_verified,run.py:numpy-batch
HiSD,0.00012589254117941674,0.002,2000000,63,-0.5046875000000001,1.228125,completed,0.06601892972663694,0.18404094138353683,9.54968593979102e-07,-1005.1363668255983,762.7329008288892,418,success_index1,S_L,gradient_tolerance,,raw_state_verified,run.py:numpy-batch
HiSD,0.00012589254117941674,0.002,2000000,62,-0.5140625000000001,1.228125,completed,0.06601892966622508,0.18404094147097125,9.625477611828408e-07,-1005.1363671878146,762.7329006734268,420,success_index1,S_L,gradient_tolerance,,raw_state_verified,run.py:numpy-batch
HiSD,0.00012589254117941674,0.002,2000000,28,-0.5328125000000001,1.2093749999999999,completed,0.06601892976357958,0.18404094141193914,9.905303562779468e-07,-1005.1363669371906,762.7329008521791,421,success_index1,S_L,gradient_tolerance,,raw_state_verified,run.py:numpy-batch
HiSD,0.00012589254117941674,0.002,2000000,0,-0.7953125000000001,1.2093749999999999,completed,-2.628045771160337,1.7869725684706852,9.98032364304314e-07,-3153.3636982200487,238.07432574767236,6068,success_index1,S_H,gradient_tolerance,,raw_state_verified,run.py:numpy-batch
HiSD,0.00012589254117941674,0.002,2000000,1,-0.7859375000000001,1.2093749999999999,completed,-2.6280457712251546,1.786972568577791,9.974944327184172e-07,-3153.363698208893,238.07432589800007,6073,success_index1,S_H,gradient_tolerance,,raw_state_verified,run.py:numpy-batch
HiSD,0.00012589254117941674,0.002,2000000,2,-0.7765625,1.2093749999999999,completed,-2.62804577115767,1.7869725684724216,9.972595387373464e-07,-3153.363698221109,238.07432574469266,6078,success_index1,S_H,gradient_tolerance,,raw_state_verified,run.py:numpy-batch
HiSD,0.00012589254117941674,0.002,2000000,32,-0.7953125000000001,1.228125,completed,-2.6280457711571996,1.7869725684727276,9.971234340723606e-07,-3153.363698221297,238.07432574416686,6078,success_index1,S_H,gradient_tolerance,,raw_state_verified,run.py:numpy-batch
HiSD,0.00012589254117941674,0.002,2000000,3,-0.7671875,1.2093749999999999,completed,-2.6280457711628484,1.7869725684690498,9.987602666710366e-07,-3153.363698219049,238.0743257504784,6082,success_index1,S_H,gradient_tolerance,,raw_state_verified,run.py:numpy-batch
HiSD,0.00012589254117941674,0.002,2000000,33,-0.7859375000000001,1.228125,completed,-2.628045771232509,1.7869725685733158,9.995852199122032e-07,-3153.363698205999,238.07432590638086,6083,success_index1,S_H,gradient_tolerance,,raw_state_verified,run.py:numpy-batch
HiSD,0.00012589254117941674,0.002,2000000,4,-0.7578125,1.2093749999999999,completed,-2.628045771156967,1.786972568472879,9.97055964197247e-07,-3153.36369822139,238.0743257439069,6088,success_index1,S_H,gradient_tolerance,,raw_state_verified,run.py:numpy-batch
HiSD,0.00012589254117941674,0.002,2000000,34,-0.7765625,1.228125,completed,-2.628045771228227,1.786972568575922,9.983679881769583e-07,-3153.3636982076832,238.07432590150114,6089,success_index1,S_H,gradient_tolerance,,raw_state_verified,run.py:numpy-batch
HiSD,0.00012589254117941674,0.002,2000000,64,-0.7953125000000001,1.246875,completed,-2.628045771224432,1.7869725685782312,9.97289223329507e-07,-3153.3636982091775,238.07432589717675,6089,success_index1,S_H,gradient_tolerance,,raw_state_verified,run.py:numpy-batch
HiSD,0.00012589254117941674,0.002,2000000,5,-0.7484375000000001,1.2093749999999999,completed,-2.6280457711570753,1.7869725684728088,9.970872128984734e-07,-3153.3636982213466,238.0743257440279,6094,success_index1,S_H,gradient_tolerance,,raw_state_verified,run.py:numpy-batch
HiSD,0.00012589254117941674,0.002,2000000,35,-0.7671875,1.228125,completed,-2.6280457712331846,1.7869725685729045,9.997773063215093e-07,-3153.3636982057324,238.07432590715104,6095,success_index1,S_H,gradient_tolerance,,raw_state_verified,run.py:numpy-batch
HiSD,0.00012589254117941674,0.002,2000000,65,-0.7859375000000001,1.246875,completed,-2.628045771157661,1.7869725684724276,9.972567731832655e-07,-3153.3636982211133,238.0743257446823,6096,success_index1,S_H,gradient_tolerance,,raw_state_verified,run.py:numpy-batch
HiSD,0.00012589254117941674,0.002,2000000,6,-0.7390625000000001,1.2093749999999999,completed,-2.6280457711591585,1.7869725684714521,9.976911341370703e-07,-3153.363698220518,238.07432574635527,6100,success_index1,S_H,gradient_tolerance,,raw_state_verified,run.py:numpy-batch
HiSD,0.00012589254117941674,0.002,2000000,36,-0.7578125,1.228125,completed,-2.6280457711572804,1.7869725684726754,9.97146605715897e-07,-3153.3636982212656,238.07432574425735,6102,success_index1,S_H,gradient_tolerance,,raw_state_verified,run.py:numpy-batch
HiSD,0.00012589254117941674,0.002,2000000,96,-0.7953125000000001,1.265625,completed,-2.6280457711575824,1.7869725684724784,9.972343385183856e-07,-3153.3636982211447,238.0743257445946,6102,success_index1,S_H,gradient_tolerance,,raw_state_verified,run.py:numpy-batch
HiSD,0.00012589254117941674,0.002,2000000,66,-0.7765625,1.246875,completed,-2.628045771227213,1.7869725685765383,9.980795903876354e-07,-3153.3636982080825,238.07432590034583,6103,success_index1,S_H,gradient_tolerance,,raw_state_verified,run.py:numpy-batch
HiSD,0.00012589254117941674,0.002,2000000,27,-0.5421875,1.2093749999999999,completed,-2.628045771231008,1.7869725685742293,9.991585252796715e-07,-3153.36369820659,238.0743259046706,6106,success_index1,S_H,gradient_tolerance,,raw_state_verified,run.py:numpy-batch
HiSD,0.00012589254117941674,0.002,2000000,7,-0.7296875,1.2093749999999999,completed,-2.6280457711574923,1.7869725684725375,9.972079891895982e-07,-3153.36369822118,238.07432574449402,6108,success_index1,S_H,gradient_tolerance,,raw_state_verified,run.py:numpy-batch
HiSD,0.00012589254117941674,0.002,2000000,37,-0.7484375000000001,1.228125,completed,-2.62804577115727,1.7869725684726823,9.971435577870936e-07,-3153.3636982212684,238.07432574424533,6110,success_index1,S_H,gradient_tolerance,,raw_state_verified,run.py:numpy-batch
HiSD,0.00012589254117941674,0.002,2000000,97,-0.7859375000000001,1.265625,completed,-2.628045771160792,1.786972568470389,9.9816419289601e-07,-3153.3636982198677,238.07432574818102,6110,success_index1,S_H,gradient_tolerance,,raw_state_verified,run.py:numpy-batch
HiSD,0.00012589254117941674,0.002,2000000,67,-0.7671875,1.246875,completed,-2.628045771232078,1.7869725685735784,9.994628063903313e-07,-3153.3636982061685,238.0743259058901,6111,success_index1,S_H,gradient_tolerance,,raw_state_verified,run.py:numpy-batch
HiSD,0.00012589254117941674,0.002,2000000,8,-0.7203125,1.2093749999999999,completed,-2.6280457711568834,1.7869725684729332,9.970320132909405e-07,-3153.363698221423,238.07432574381306,6116,success_index1,S_H,gradient_tolerance,,raw_state_verified,run.py:numpy-batch
HiSD,0.00012589254117941674,0.002,2000000,38,-0.7390625000000001,1.228125,completed,-2.628045771161039,1.786972568470228,9.982358316607173e-07,-3153.3636982197695,238.0743257484571,6118,success_index1,S_H,gradient_tolerance,,raw_state_verified,run.py:numpy-batch
HiSD,0.00012589254117941674,0.002,2000000,128,-0.7953125000000001,1.284375,completed,-2.628045771157647,1.786972568472437,9.972525885337338e-07,-3153.3636982211183,238.0743257446665,6118,success_index1,S_H,gradient_tolerance,,raw_state_verified,run.py:numpy-batch
HiSD,0.00012589254117941674,0.002,2000000,26,-0.5515625000000001,1.2093749999999999,completed,-2.628045771227956,1.7869725685760864,9.982909459841546e-07,-3153.3636982077905,238.07432590119222,6119,success_index1,S_H,gradient_tolerance,,raw_state_verified,run.py:numpy-batch
HiSD,0.00012589254117941674,0.002,2000000,68,-0.7578125,1.246875,completed,-2.628045771161756,1.7869725684697613,9.984436329159424e-07,-3153.3636982194853,238.07432574925815,6120,success_index1,S_H,gradient_tolerance,,raw_state_verified,run.py:numpy-batch
HiSD,0.00012589254117941674,0.002,2000000,98,-0.7765625,1.265625,completed,-2.6280457711603096,1.7869725684707027,9.98024565257849e-07,-3153.3636982200596,238.07432574764164,6120,success_index1,S_H,gradient_tolerance,,raw_state_verified,run.py:numpy-batch
HiSD,0.00012589254117941674,0.002,2000000,9,-0.7109375,1.2093749999999999,completed,-2.6280457711577347,1.7869725684723796,9.972782319150377e-07,-3153.3636982210837,238.07432574476476,6124,success_index1,S_H,gradient_tolerance,,raw_state_verified,run.py:numpy-batch
HiSD,0.00012589254117941674,0.002,2000000,39,-0.7296875,1.228125,completed,-2.628045771159657,1.7869725684711275,9.97835519465802e-07,-3153.3636982203207,238.07432574691254,6128,success_index1,S_H,gradient_tolerance,,raw_state_verified,run.py:numpy-batch
HiSD,0.00012589254117941674,0.002,2000000,129,-0.7859375000000001,1.284375,completed,-2.6280457711576823,1.7869725684724134,9.972631800222827e-07,-3153.3636982211037,238.0743257447061,6130,success_index1,S_H,gradient_tolerance,,raw_state_verified,run.py:numpy-batch
HiSD,0.00012589254117941674,0.002,2000000,69,-0.7484375000000001,1.246875,completed,-2.62804577115673,1.7869725684730333,9.969873917376122e-07,-3153.363698221484,238.07432574364276,6132,success_index1,S_H,gradient_tolerance,,raw_state_verified,run.py:numpy-batch
HiSD,0.00012589254117941674,0.002,2000000,99,-0.7671875,1.265625,completed,-2.628045771157011,1.7869725684728506,9.970686904986333e-07,-3153.363698221371,238.0743257439557,6132,success_index1,S_H,gradient_tolerance,,raw_state_verified,run.py:numpy-batch
HiSD,0.00012589254117941674,0.002,2000000,10,-0.7015625000000001,1.2093749999999999,completed,-2.6280457711587,1.786972568471751,9.975579208035575e-07,-3153.363698220699,238.07432574584396,6134,success_index1,S_H,gradient_tolerance,,raw_state_verified,run.py:numpy-batch
HiSD,0.00012589254117941674,0.002,2000000,61,-0.5234375,1.228125,completed,-2.628045771231527,1.7869725685739135,9.993060898167577e-07,-3153.3636982063854,238.07432590526173,6136,success_index1,S_H,gradient_tolerance,,raw_state_verified,run.py:numpy-batch
HiSD,0.00012589254117941674,0.002,2000000,160,-0.7953125000000001,1.3031249999999999,completed,-2.6280457711577547,1.786972568472366,9.972843613762356e-07,-3153.3636982210764,238.0743257447872,6138,success_index1,S_H,gradient_tolerance,,raw_state_verified,run.py:numpy-batch
HiSD,0.00012589254117941674,0.002,2000000,40,-0.7203125,1.228125,completed,-2.6280457711569722,1.7869725684728759,9.970574218891108e-07,-3153.3636982213875,238.07432574391277,6140,success_index1,S_H,gradient_tolerance,,raw_state_verified,run.py:numpy-batch
HiSD,0.00012589254117941674,0.002,2000000,70,-0.7390625000000001,1.246875,completed,-2.628045771157833,1.7869725684723154,9.973066612906084e-07,-3153.3636982210455,238.07432574487453,6144,success_index1,S_H,gradient_tolerance,,raw_state_verified,run.py:numpy-batch
HiSD,0.00012589254117941674,0.002,2000000,130,-0.7765625,1.284375,completed,-2.6280457711569785,1.786972568472872,9.97059130704372e-07,-3153.3636982213857,238.0743257439201,6144,success_index1,S_H,gradient_tolerance,,raw_state_verified,run.py:numpy-batch
HiSD,0.00012589254117941674,0.002,2000000,11,-0.6921875000000001,1.2093749999999999,completed,-2.628045771156967,1.786972568472879,9.97055964197247e-07,-3153.36369822139,238.0743257439069,6146,success_index1,S_H,gradient_tolerance,,raw_state_verified,run.py:numpy-batch
HiSD,0.00012589254117941674,0.002,2000000,100,-0.7578125,1.265625,completed,-2.628045771157047,1.786972568472827,9.970791355268185e-07,-3153.363698221358,238.07432574399607,6146,success_index1,S_H,gradient_tolerance,,raw_state_verified,run.py:numpy-batch
HiSD,0.00012589254117941674,0.002,2000000,41,-0.7109375,1.228125,completed,-2.6280457711570855,1.7869725684728022,9.970902241690348e-07,-3153.363698221342,238.0743257440392,6154,success_index1,S_H,gradient_tolerance,,raw_state_verified,run.py:numpy-batch
HiSD,0.00012589254117941674,0.002,2000000,161,-0.7859375000000001,1.3031249999999999,completed,-2.6280457711639404,1.7869725684683389,9.990767713973794e-07,-3153.3636982186154,238.07432575169886,6156,success_index1,S_H,gradient_tolerance,,raw_state_verified,run.py:numpy-batch
HiSD,0.00012589254117941674,0.002,2000000,12,-0.6828125,1.2093749999999999,completed,-2.628045771157174,1.7869725684727447,9.971156685295475e-07,-3153.3636982213075,238.07432574413846,6160,success_index1,S_H,gradient_tolerance,,raw_state_verified,run.py:numpy-batch
HiSD,0.00012589254117941674,0.002,2000000,71,-0.7296875,1.246875,completed,-2.6280457711581793,1.7869725684720896,9.974074402027694e-07,-3153.3636982209073,238.07432574526112,6160,success_index1,S_H,gradient_tolerance,,raw_state_verified,run.py:numpy-batch
HiSD,0.00012589254117941674,0.002,2000000,131,-0.7671875,1.284375,completed,-2.6280457711615135,1.7869725684699194,9.983732127926793e-07,-3153.363698219581,238.07432574898712,6162,success_index1,S_H,gradient_tolerance,,raw_state_verified,run.py:numpy-batch
HiSD,0.00012589254117941674,0.002,2000000,101,-0.7484375000000001,1.265625,completed,-2.6280457711572214,1.7869725684727134,9.971296748608385e-07,-3153.3636982212884,238.07432574419062,6164,success_index1,S_H,gradient_tolerance,,raw_state_verified,run.py:numpy-batch
HiSD,0.00012589254117941674,0.002,2000000,192,-0.7953125000000001,1.321875,completed,-2.628045771157239,1.7869725684727025,9.971345438796084e-07,-3153.363698221281,238.0743257442109,6170,success_index1,S_H,gradient_tolerance,,raw_state_verified,run.py:numpy-batch
HiSD,0.00012589254117941674,0.002,2000000,42,-0.7015625000000001,1.228125,completed,-2.6280457711569873,1.786972568472866,9.97061884911566e-07,-3153.363698221382,238.07432574392993,6172,success_index1,S_H,gradient_tolerance,,raw_state_verified,run.py:numpy-batch
HiSD,0.00012589254117941674,0.002,2000000,13,-0.6734375,1.2093749999999999,completed,-2.6280457712237806,1.786972568578627,9.971038723698135e-07,-3153.3636982094345,238.07432589643446,6177,success_index1,S_H,gradient_tolerance,,raw_state_verified,run.py:numpy-batch
HiSD,0.00012589254117941674,0.002,2000000,60,-0.5328125000000001,1.228125,completed,-2.62804577123347,1.786972568572731,9.998583961520354e-07,-3153.3636982056205,238.07432590747652,6181,success_index1,S_H,gradient_tolerance,,raw_state_verified,run.py:numpy-batch
HiSD,0.00012589254117941674,0.002,2000000,95,-0.5046875000000001,1.246875,completed,-2.6280457711576113,1.7869725684724596,9.972427698344808e-07,-3153.363698221133,238.07432574462675,6181,success_index1,S_H,gradient_tolerance,,raw_state_verified,run.py:numpy-batch
HiSD,0.00012589254117941674,0.002,2000000,72,-0.7203125,1.246875,completed,-2.6280457711577094,1.7869725684723958,9.972710439233073e-07,-3153.363698221094,238.07432574473643,6182,success_index1,S_H,gradient_tolerance,,raw_state_verified,run.py:numpy-batch
HiSD,0.00012589254117941674,0.002,2000000,162,-0.7765625,1.3031249999999999,completed,-2.6280457711573755,1.7869725684726134,9.971742141265455e-07,-3153.3636982212274,238.07432574436365,6182,success_index1,S_H,gradient_tolerance,,raw_state_verified,run.py:numpy-batch
HiSD,0.00012589254117941674,0.002,2000000,25,-0.5609375000000001,1.2093749999999999,completed,-2.6280457711601457,1.7869725684708095,9.979770485889956e-07,-3153.363698220125,238.0743257474586,6186,success_index1,S_H,gradient_tolerance,,raw_state_verified,run.py:numpy-batch
HiSD,0.00012589254117941674,0.002,2000000,102,-0.7390625000000001,1.265625,completed,-2.6280457711586616,1.7869725684717759,9.975470431598318e-07,-3153.3636982207163,238.07432574580045,6188,success_index1,S_H,gradient_tolerance,,raw_state_verified,run.py:numpy-batch
HiSD,0.00012589254117941674,0.002,2000000,132,-0.7578125,1.284375,completed,-2.6280457711582486,1.7869725684720448,9.974273114856076e-07,-3153.363698220879,238.07432574533902,6188,success_index1,S_H,gradient_tolerance,,raw_state_verified,run.py:numpy-batch
HiSD,0.00012589254117941674,0.002,2000000,43,-0.6921875000000001,1.228125,completed,-2.6280457711629226,1.7869725684690014,9.987817861114262e-07,-3153.36369821902,238.07432575056126,6196,success_index1,S_H,gradient_tolerance,,raw_state_verified,run.py:numpy-batch
HiSD,0.00012589254117941674,0.002,2000000,14,-0.6640625,1.2093749999999999,completed,-2.62804577116089,1.786972568470325,9.981926438000975e-07,-3153.36369821983,238.07432574829082,6198,success_index1,S_H,gradient_tolerance,,raw_state_verified,run.py:numpy-batch
HiSD,0.00012589254117941674,0.002,2000000,193,-0.7859375000000001,1.321875,completed,-2.6280457711568674,1.786972568472944,9.970270774284922e-07,-3153.3636982214293,238.0743257437955,6206,success_index1,S_H,gradient_tolerance,,raw_state_verified,run.py:numpy-batch
HiSD,0.00012589254117941674,0.002,2000000,73,-0.7109375,1.246875,completed,-2.6280457711572214,1.7869725684727134,9.971296748608385e-07,-3153.3636982212884,238.07432574419062,6214,success_index1,S_H,gradient_tolerance,,raw_state_verified,run.py:numpy-batch
HiSD,0.00012589254117941674,0.002,2000000,163,-0.7671875,1.3031249999999999,completed,-2.6280457712322964,1.786972568573445,9.99524773306396e-07,-3153.3636982060816,238.07432590613888,6223,success_index1,S_H,gradient_tolerance,,raw_state_verified,run.py:numpy-batch
HiSD,0.00012589254117941674,0.002,2000000,103,-0.7296875,1.265625,completed,-2.6280457711622396,1.7869725684694464,9.98583622377186e-07,-3153.3636982192916,238.07432574979862,6228,success_index1,S_H,gradient_tolerance,,raw_state_verified,run.py:numpy-batch
HiSD,0.00012589254117941674,0.002,2000000,15,-0.6546875000000001,1.2093749999999999,completed,-2.628045771225426,1.7869725685776259,9.97571533464243e-07,-3153.3636982087874,238.0743258983095,6229,success_index1,S_H,gradient_tolerance,,raw_state_verified,run.py:numpy-batch
HiSD,0.00012589254117941674,0.002,2000000,133,-0.7484375000000001,1.284375,completed,-2.6280457711578427,1.7869725684723095,9.973093439287385e-07,-3153.363698221041,238.07432574488564,6232,success_index1,S_H,gradient_tolerance,,raw_state_verified,run.py:numpy-batch
HiSD,0.00012589254117941674,0.002,2000000,44,-0.6828125,1.228125,completed,-2.6280457712232876,1.7869725685789273,9.969638033259123e-07,-3153.363698209627,238.0743258958734,6237,success_index1,S_H,gradient_tolerance,,raw_state_verified,run.py:numpy-batch
HiSD,0.00012589254117941674,0.002,2000000,224,-0.7953125000000001,1.340625,completed,-2.628045771233309,1.7869725685728286,9.998124784263044e-07,-3153.3636982056832,238.07432590729263,6257,success_index1,S_H,gradient_tolerance,,raw_state_verified,run.py:numpy-batch
HiSD,0.00012589254117941674,0.002,2000000,16,-0.6453125000000001,1.2093749999999999,completed,-2.628045771157521,1.7869725684725182,9.97216706129458e-07,-3153.36369822117,238.07432574452605,6282,success_index1,S_H,gradient_tolerance,,raw_state_verified,run.py:numpy-batch
HiSD,0.00012589254117941674,0.002,2000000,74,-0.7015625000000001,1.246875,completed,-2.6280457711572414,1.7869725684727005,9.971354430793203e-07,-3153.36369822128,238.07432574421347,6284,success_index1,S_H,gradient_tolerance,,raw_state_verified,run.py:numpy-batch
HiSD,0.00012589254117941674,0.002,2000000,24,-0.5703125,1.2093749999999999,completed,-2.628045771160652,1.7869725684704796,9.981240385629779e-07,-3153.363698219923,238.0743257480243,6294,success_index1,S_H,gradient_tolerance,,raw_state_verified,run.py:numpy-batch
HiSD,0.00012589254117941674,0.002,2000000,194,-0.7765625,1.321875,completed,-2.6280457711572605,1.7869725684726878,9.971411237515115e-07,-3153.3636982212724,238.07432574423493,6296,success_index1,S_H,gradient_tolerance,,raw_state_verified,run.py:numpy-batch
HiSD,0.00012589254117941674,0.002,2000000,45,-0.6734375,1.228125,completed,-2.6280457711626197,1.7869725684691988,9.9869384330401e-07,-3153.3636982191397,238.0743257502231,6378,success_index1,S_H,gradient_tolerance,,raw_state_verified,run.py:numpy-batch
HiSD,0.00012589254117941674,0.002,2000000,104,-0.7203125,1.265625,completed,-2.628045771225317,1.7869725685776927,9.97540860568722e-07,-3153.363698208829,238.074325898185,6379,success_index1,S_H,gradient_tolerance,,raw_state_verified,run.py:numpy-batch
HiSD,0.00012589254117941674,0.002,2000000,164,-0.7578125,1.3031249999999999,completed,-2.628045771157717,1.7869725684723907,9.972733919900285e-07,-3153.36369822109,238.07432574474458,6398,success_index1,S_H,gradient_tolerance,,raw_state_verified,run.py:numpy-batch
HiSD,0.00012589254117941674,0.002,2000000,17,-0.6359375,1.2093749999999999,completed,-1.4882604021940509,3.827763575432085,7847.120260347006,261.3853534465056,33958.61470630017,2000000,budget_exhausted,U,budget_exhausted,,raw_state_verified,run.py:numpy-batch
HiSD,0.00012589254117941674,0.002,2000000,18,-0.6265625,1.2093749999999999,completed,-1.5709968339584053,3.775127309899016,5727.538888579047,777.4454440807922,24160.072724057594,2000000,budget_exhausted,U,budget_exhausted,,raw_state_verified,run.py:numpy-batch
HiSD,0.00012589254117941674,0.002,2000000,19,-0.6171875,1.2093749999999999,completed,-1.5254064398448408,3.78906611801652,6395.4041252002025,268.34876908386553,27251.700606581304,2000000,budget_exhausted,U,budget_exhausted,,raw_state_verified,run.py:numpy-batch
HiSD,0.00012589254117941674,0.002,2000000,20,-0.6078125000000001,1.2093749999999999,completed,-1.52494183524812,3.7895576092195875,6411.787242804287,267.93596101882855,27326.735073237396,2000000,budget_exhausted,U,budget_exhausted,,raw_state_verified,run.py:numpy-batch
HiSD,0.00012589254117941674,0.002,2000000,21,-0.5984375000000001,1.2093749999999999,completed,-1.5645608322572027,3.777982592886719,5836.971425526472,714.7829166179961,24660.891341760875,2000000,budget_exhausted,U,budget_exhausted,,raw_state_verified,run.py:numpy-batch
HiSD,0.00012589254117941674,0.002,2000000,22,-0.5890625,1.2093749999999999,completed,-1.4963057403854978,3.812897911677221,7307.108947797771,167.73900942232325,31464.25838108568,2000000,budget_exhausted,U,budget_exhausted,,raw_state_verified,run.py:numpy-batch
HiSD,0.00012589254117941674,0.002,2000000,23,-0.5796875,1.2093749999999999,completed,-1.488281877268959,3.8275664605207336,7840.540915904341,258.90839446595106,33928.3711351259,2000000,budget_exhausted,U,budget_exhausted,,raw_state_verified,run.py:numpy-batch
HiSD,0.00012589254117941674,0.002,2000000,46,-0.6640625,1.228125,completed,-1.6407225243149979,3.7484244172443346,4768.259959822017,1537.210545011037,19816.999190633516,2000000,budget_exhausted,U,budget_exhausted,,raw_state_verified,run.py:numpy-batch
HiSD,0.00012589254117941674,0.002,2000000,47,-0.6546875000000001,1.228125,completed,-1.5243912905609214,3.790028258075085,6428.348305388437,266.0021580477562,27402.78980078405,2000000,budget_exhausted,U,budget_exhausted,,raw_state_verified,run.py:numpy-batch
HiSD,0.00012589254117941674,0.002,2000000,48,-0.6453125000000001,1.228125,completed,-1.5716679028106122,3.7745720074167064,5710.370153544481,780.7025177450747,24082.212581498723,2000000,budget_exhausted,U,budget_exhausted,,raw_state_verified,run.py:numpy-batch
HiSD,0.00012589254117941674,0.002,2000000,49,-0.6359375,1.228125,completed,-1.5254790230993398,3.7891098002017616,6395.970778664521,269.9822412359307,27254.092895287664,2000000,budget_exhausted,U,budget_exhausted,,raw_state_verified,run.py:numpy-batch
HiSD,0.00012589254117941674,0.002,2000000,50,-0.6265625,1.228125,completed,-1.4973816317465207,3.8119814215571894,7269.825708528326,170.364742227888,31291.144016438277,2000000,budget_exhausted,U,budget_exhausted,,raw_state_verified,run.py:numpy-batch
HiSD,0.00012589254117941674,0.002,2000000,51,-0.6171875,1.228125,completed,-1.5676524369429548,3.776532270945798,5782.259052281892,743.78417345818,24410.557385027274,2000000,budget_exhausted,U,budget_exhausted,,raw_state_verified,run.py:numpy-batch
HiSD,0.00012589254117941674,0.002,2000000,52,-0.6078125000000001,1.228125,completed,-1.488245623232794,3.8277766656656977,7847.692137886885,261.36511978071724,33961.28348745045,2000000,budget_exhausted,U,budget_exhausted,,raw_state_verified,run.py:numpy-batch
HiSD,0.00012589254117941674,0.002,2000000,53,-0.5984375000000001,1.228125,completed,-1.5253920849657578,3.7890794631941707,6395.8619043442495,268.31190970280693,27253.800116268536,2000000,budget_exhausted,U,budget_exhausted,,raw_state_verified,run.py:numpy-batch
HiSD,0.00012589254117941674,0.002,2000000,54,-0.5890625,1.228125,completed,-1.5711992826046792,3.7746236418138475,5714.64164941744,774.1015200295383,24102.10808903372,2000000,budget_exhausted,U,budget_exhausted,,raw_state_verified,run.py:numpy-batch
HiSD,0.00012589254117941674,0.002,2000000,55,-0.5796875,1.228125,completed,-1.4882351366054367,3.8277703322174137,7847.593411027096,261.13085074556886,33960.86307187031,2000000,budget_exhausted,U,budget_exhausted,,raw_state_verified,run.py:numpy-batch
HiSD,0.00012589254117941674,0.002,2000000,56,-0.5703125,1.228125,completed,-1.4975814766705677,3.8116278714915297,7257.476862136363,168.37217490226033,31234.262535617316,2000000,budget_exhausted,U,budget_exhausted,,raw_state_verified,run.py:numpy-batch
HiSD,0.00012589254117941674,0.002,2000000,57,-0.5609375000000001,1.228125,completed,-1.4883634428865975,3.827762762401782,7846.054452051938,262.79998424837464,33953.40758538588,2000000,budget_exhausted,U,budget_exhausted,,raw_state_verified,run.py:numpy-batch
HiSD,0.00012589254117941674,0.002,2000000,58,-0.5515625000000001,1.228125,completed,-1.5254682826511803,3.789009586529124,6393.457283128695,268.5201705852661,27242.770171274737,2000000,budget_exhausted,U,budget_exhausted,,raw_state_verified,run.py:numpy-batch
HiSD,0.00012589254117941674,0.002,2000000,59,-0.5421875,1.228125,completed,-1.571703547047559,3.7746301088234233,5711.466365781174,782.0026923053468,24087.046377404404,2000000,budget_exhausted,U,budget_exhausted,,raw_state_verified,run.py:numpy-batch
HiSD,0.00012589254117941674,0.002,2000000,75,-0.6921875000000001,1.246875,completed,-1.4960708936736289,3.812905364954967,7309.508467547405,164.554337743782,31475.869672331937,2000000,budget_exhausted,U,budget_exhausted,,raw_state_verified,run.py:numpy-batch
HiSD,0.00012589254117941674,0.002,2000000,76,-0.6828125,1.246875,completed,-1.5659217083161674,3.7772405396863675,5810.390866045418,726.1906720503217,24539.489008379704,2000000,budget_exhausted,U,budget_exhausted,,raw_state_verified,run.py:numpy-batch
HiSD,0.00012589254117941674,0.002,2000000,77,-0.6734375,1.246875,completed,-1.5667225066682335,3.776804509957437,5794.831737294493,732.927498705838,24468.450855575553,2000000,budget_exhausted,U,budget_exhausted,,raw_state_verified,run.py:numpy-batch
HiSD,0.00012589254117941674,0.002,2000000,78,-0.6640625,1.246875,completed,-1.6398184193953278,3.748311594243165,4770.699815499334,1521.5372266134887,19828.513620919715,2000000,budget_exhausted,U,budget_exhausted,,raw_state_verified,run.py:numpy-batch
HiSD,0.00012589254117941674,0.002,2000000,79,-0.6546875000000001,1.246875,completed,-1.5706050794645627,3.7754213170097186,5736.894458279283,775.1606817610711,24202.556580941775,2000000,budget_exhausted,U,budget_exhausted,,raw_state_verified,run.py:numpy-batch
HiSD,0.00012589254117941674,0.002,2000000,80,-0.6453125000000001,1.246875,completed,-1.5716344574902927,3.7746023587368835,5711.285723761485,780.5743416613077,24086.359979523637,2000000,budget_exhausted,U,budget_exhausted,,raw_state_verified,run.py:numpy-batch
HiSD,0.00012589254117941674,0.002,2000000,81,-0.6359375,1.246875,completed,-1.4980635818616896,3.8113127774558713,7243.704207554315,170.86701544706548,31170.111432649723,2000000,budget_exhausted,U,budget_exhausted,,raw_state_verified,run.py:numpy-batch
HiSD,0.00012589254117941674,0.002,2000000,82,-0.6265625,1.246875,completed,-1.4884693345702553,3.827754496724995,7844.719545860415,264.1495208145915,33946.95758861001,2000000,budget_exhausted,U,budget_exhausted,,raw_state_verified,run.py:numpy-batch
HiSD,0.00012589254117941674,0.002,2000000,83,-0.6171875,1.246875,completed,-1.565347981933411,3.7776796098235668,5824.532849720504,723.0077781801282,24603.796314267376,2000000,budget_exhausted,U,budget_exhausted,,raw_state_verified,run.py:numpy-batch
HiSD,0.00012589254117941674,0.002,2000000,84,-0.6078125000000001,1.246875,completed,-1.5245519001453132,3.7898671696656745,6422.89251993808,266.2550674926793,27377.780274634504,2000000,budget_exhausted,U,budget_exhausted,,raw_state_verified,run.py:numpy-batch
HiSD,0.00012589254117941674,0.002,2000000,85,-0.5984375000000001,1.246875,completed,-1.6398266729638702,3.748462402005638,4773.496378653379,1523.5351582299656,19840.798703357177,2000000,budget_exhausted,U,budget_exhausted,,raw_state_verified,run.py:numpy-batch
HiSD,0.00012589254117941674,0.002,2000000,86,-0.5890625,1.246875,completed,-1.64064505071959,3.7484139655743376,4768.454071421664,1535.8578983969385,19817.91984268908,2000000,budget_exhausted,U,budget_exhausted,,raw_state_verified,run.py:numpy-batch
HiSD,0.00012589254117941674,0.002,2000000,87,-0.5796875,1.246875,completed,-1.4980138233139253,3.8114120201382677,7247.102828773372,171.51338850064332,31185.747864747194,2000000,budget_exhausted,U,budget_exhausted,,raw_state_verified,run.py:numpy-batch
HiSD,0.00012589254117941674,0.002,2000000,88,-0.5703125,1.246875,completed,-1.6415835498947984,3.7486028018085262,4767.275062454645,1553.0127999916883,19811.9224658155,2000000,budget_exhausted,U,budget_exhausted,,raw_state_verified,run.py:numpy-batch
HiSD,0.00012589254117941674,0.002,2000000,89,-0.5609375000000001,1.246875,completed,-1.4971029693369124,3.812192588490844,7278.680598168259,169.32386365988094,31332.315566287918,2000000,budget_exhausted,U,budget_exhausted,,raw_state_verified,run.py:numpy-batch
HiSD,0.00012589254117941674,0.002,2000000,90,-0.5515625000000001,1.246875,completed,-1.5246319404638402,3.789846669261079,6421.731663341537,267.16071889570566,27372.35358262976,2000000,budget_exhausted,U,budget_exhausted,,raw_state_verified,run.py:numpy-batch
HiSD,0.00012589254117941674,0.002,2000000,91,-0.5421875,1.246875,completed,-1.4884599570537635,3.8277551552300566,7844.835375604893,264.0289597094261,33947.517830192955,2000000,budget_exhausted,U,budget_exhausted,,raw_state_verified,run.py:numpy-batch
HiSD,0.00012589254117941674,0.002,2000000,92,-0.5328125000000001,1.246875,completed,-1.497357890444376,3.811987141489301,7270.214455047946,170.10942726830316,31292.98357560883,2000000,budget_exhausted,U,budget_exhausted,,raw_state_verified,run.py:numpy-batch
HiSD,0.00012589254117941674,0.002,2000000,93,-0.5234375,1.246875,completed,-1.6416377105344373,3.7482856350738705,4761.044138663563,1549.939797105124,19784.496123363435,2000000,budget_exhausted,U,budget_exhausted,,raw_state_verified,run.py:numpy-batch
HiSD,0.00012589254117941674,0.002,2000000,94,-0.5140625000000001,1.246875,completed,-1.568003690203831,3.776360072054713,5775.910268344506,746.993604177785,24381.54343883706,2000000,budget_exhausted,U,budget_exhausted,,raw_state_verified,run.py:numpy-batch
HiSD,0.00012589254117941674,0.002,2000000,105,-0.7109375,1.265625,completed,-1.5243869169888935,3.790078078965699,6429.681271344636,266.5877688063009,27408.82008594365,2000000,budget_exhausted,U,budget_exhausted,,raw_state_verified,run.py:numpy-batch
HiSD,0.00012589254117941674,0.002,2000000,106,-0.7015625000000001,1.265625,completed,-1.4883346799816293,3.8276751146014996,7843.514970025016,261.16812951624377,33941.848741119924,2000000,budget_exhausted,U,budget_exhausted,,raw_state_verified,run.py:numpy-batch
HiSD,0.00012589254117941674,0.002,2000000,107,-0.6921875000000001,1.265625,completed,-1.5243219524503413,3.7900965526329307,6430.672679616249,265.8770121669094,27413.447558526044,2000000,budget_exhausted,U,budget_exhausted,,raw_state_verified,run.py:numpy-batch
HiSD,0.00012589254117941674,0.002,2000000,108,-0.6828125,1.265625,completed,-1.6401586202145129,3.748423426566635,4771.086300488148,1528.2943885056459,19829.913985958417,2000000,budget_exhausted,U,budget_exhausted,,raw_state_verified,run.py:numpy-batch
HiSD,0.00012589254117941674,0.002,2000000,109,-0.6734375,1.265625,completed,-1.5707617749139309,3.775304697941509,5733.172786627228,776.086741396738,24185.65395649944,2000000,budget_exhausted,U,budget_exhausted,,raw_state_verified,run.py:numpy-batch
HiSD,0.00012589254117941674,0.002,2000000,110,-0.6640625,1.265625,completed,-1.4881403421178305,3.8275201372207315,7840.473129102513,256.2985489233611,33928.49741650679,2000000,budget_exhausted,U,budget_exhausted,,raw_state_verified,run.py:numpy-batch
HiSD,0.00012589254117941674,0.002,2000000,111,-0.6546875000000001,1.265625,completed,-1.6406475384225687,3.748413236836954,4768.427823246625,1535.8881516586077,19817.802315159715,2000000,budget_exhausted,U,budget_exhausted,,raw_state_verified,run.py:numpy-batch
HiSD,0.00012589254117941674,0.002,2000000,112,-0.6453125000000001,1.265625,completed,-1.6415652499368991,3.7482358089085785,4760.473210412269,1548.179133203976,19782.04995565532,2000000,budget_exhausted,U,budget_exhausted,,raw_state_verified,run.py:numpy-batch
HiSD,0.00012589254117941674,0.002,2000000,113,-0.6359375,1.265625,completed,-1.6415729440091182,3.748622342772186,4767.695861591011,1553.0874586691987,19813.780760259084,2000000,budget_exhausted,U,budget_exhausted,,raw_state_verified,run.py:numpy-batch
HiSD,0.00012589254117941674,0.002,2000000,114,-0.6265625,1.265625,completed,-1.5681012951274491,3.7763238724688466,5774.417703039025,748.0360300719424,24374.6961297954,2000000,budget_exhausted,U,budget_exhausted,,raw_state_verified,run.py:numpy-batch
HiSD,0.00012589254117941674,0.002,2000000,115,-0.6171875,1.265625,completed,-1.4965574259230314,3.81286128799254,7303.682384183537,170.76468484094755,31447.91425678281,2000000,budget_exhausted,U,budget_exhausted,,raw_state_verified,run.py:numpy-batch
HiSD,0.00012589254117941674,0.002,2000000,116,-0.6078125000000001,1.265625,completed,-1.4882544467744592,3.8277800885801483,7847.713648450011,261.53540661223764,33961.35486900317,2000000,budget_exhausted,U,budget_exhausted,,raw_state_verified,run.py:numpy-batch
HiSD,0.00012589254117941674,0.002,2000000,117,-0.5984375000000001,1.265625,completed,-1.6403411686040403,3.7484296878970365,4770.282722602161,1531.254460014627,19826.2222514842,2000000,budget_exhausted,U,budget_exhausted,,raw_state_verified,run.py:numpy-batch
HiSD,0.00012589254117941674,0.002,2000000,118,-0.5890625,1.265625,completed,-1.6415578168174996,3.748628389311144,4767.885743624873,1552.9235827308498,19814.6282745102,2000000,budget_exhausted,U,budget_exhausted,,raw_state_verified,run.py:numpy-batch
HiSD,0.00012589254117941674,0.002,2000000,119,-0.5796875,1.265625,completed,-1.5255941456846083,3.7889644964779468,6391.3090025483025,269.77996903792234,27232.78445646083,2000000,budget_exhausted,U,budget_exhausted,,raw_state_verified,run.py:numpy-batch
HiSD,0.00012589254117941674,0.002,2000000,120,-0.5703125,1.265625,completed,-1.524943025151204,3.789556034865468,6411.737021295209,267.93289385986634,27326.505568910157,2000000,budget_exhausted,U,budget_exhausted,,raw_state_verified,run.py:numpy-batch
HiSD,0.00012589254117941674,0.002,2000000,121,-0.5609375000000001,1.265625,completed,-1.5706235280373753,3.775408402645445,5736.474920776658,775.2801917809974,24200.649735606665,2000000,budget_exhausted,U,budget_exhausted,,raw_state_verified,run.py:numpy-batch
HiSD,0.00012589254117941674,0.002,2000000,122,-0.5515625000000001,1.265625,completed,-1.525438710201687,3.789159455794544,6397.572315229015,270.037289783724,27261.415403572213,2000000,budget_exhausted,U,budget_exhausted,,raw_state_verified,run.py:numpy-batch
HiSD,0.00012589254117941674,0.002,2000000,123,-0.5421875,1.265625,completed,-1.5713592252804718,3.7748424473893256,5718.604469596507,779.3961287786599,24119.529036913627,2000000,budget_exhausted,U,budget_exhausted,,raw_state_verified,run.py:numpy-batch
HiSD,0.00012589254117941674,0.002,2000000,124,-0.5328125000000001,1.265625,completed,-1.639677708204686,3.748345592379048,4772.0502665866925,1519.73603899401,19834.57320694079,2000000,budget_exhausted,U,budget_exhausted,,raw_state_verified,run.py:numpy-batch
HiSD,0.00012589254117941674,0.002,2000000,125,-0.5234375,1.265625,completed,-1.641619816998471,3.7486296389479232,4767.596956068483,1553.9177243317693,19813.305498740014,2000000,budget_exhausted,U,budget_exhausted,,raw_state_verified,run.py:numpy-batch
HiSD,0.00012589254117941674,0.002,2000000,126,-0.5140625000000001,1.265625,completed,-1.6404863491919914,3.7484229607295236,4769.423672603541,1533.4635240263506,19822.31973223001,2000000,budget_exhausted,U,budget_exhausted,,raw_state_verified,run.py:numpy-batch
HiSD,0.00012589254117941674,0.002,2000000,127,-0.5046875000000001,1.265625,completed,-1.6401103489927733,3.7484509348002435,4771.84765427047,1527.872826009714,19833.302682320005,2000000,budget_exhausted,U,budget_exhausted,,raw_state_verified,run.py:numpy-batch
HiSD,0.00012589254117941674,0.002,2000000,134,-0.7390625000000001,1.284375,completed,-1.5255714264532365,3.788922257733637,6390.39191310816,268.8969007934972,27228.69627992801,2000000,budget_exhausted,U,budget_exhausted,,raw_state_verified,run.py:numpy-batch
HiSD,0.00012589254117941674,0.002,2000000,135,-0.7296875,1.284375,completed,-1.564866395754799,3.7778268206907537,5831.244701126076,717.48148283934,24634.706740512236,2000000,budget_exhausted,U,budget_exhausted,,raw_state_verified,run.py:numpy-batch
HiSD,0.00012589254117941674,0.002,2000000,136,-0.7203125,1.284375,completed,-1.5255316724490242,3.7890432796721583,6393.836555262348,269.88875131363943,27244.337558593346,2000000,budget_exhausted,U,budget_exhausted,,raw_state_verified,run.py:numpy-batch
HiSD,0.00012589254117941674,0.002,2000000,137,-0.7109375,1.284375,completed,-1.6396406244175732,3.7484325228297135,4773.874038719267,1520.2269293959505,19842.622495311356,2000000,budget_exhausted,U,budget_exhausted,,raw_state_verified,run.py:numpy-batch
HiSD,0.00012589254117941674,0.002,2000000,138,-0.7015625000000001,1.284375,completed,-1.525633584106517,3.788899945561501,6389.330320309765,269.5185991813925,27223.762065542094,2000000,budget_exhausted,U,budget_exhausted,,raw_state_verified,run.py:numpy-batch
HiSD,0.00012589254117941674,0.002,2000000,139,-0.6921875000000001,1.284375,completed,-1.570682269722011,3.7753433324478864,5734.5881743193395,775.3522851150791,24192.117062415855,2000000,budget_exhausted,U,budget_exhausted,,raw_state_verified,run.py:numpy-batch
HiSD,0.00012589254117941674,0.002,2000000,140,-0.6828125,1.284375,completed,-1.5245475948784581,3.789871617218092,6423.042069565409,266.24996100031063,27378.465564070593,2000000,budget_exhausted,U,budget_exhausted,,raw_state_verified,run.py:numpy-batch
HiSD,0.00012589254117941674,0.002,2000000,141,-0.6734375,1.284375,completed,-1.5240272861380295,3.790404732811122,6441.029922264826,265.58165942724094,27460.909323023974,2000000,budget_exhausted,U,budget_exhausted,,raw_state_verified,run.py:numpy-batch
HiSD,0.00012589254117941674,0.002,2000000,142,-0.6640625,1.284375,completed,-1.6415233836087366,3.7482459402349906,4760.873927957293,1547.6436937012475,19783.846864167732,2000000,budget_exhausted,U,budget_exhausted,,raw_state_verified,run.py:numpy-batch
HiSD,0.00012589254117941674,0.002,2000000,143,-0.6546875000000001,1.284375,completed,-1.6416232798929749,3.748311360072808,4761.599671945566,1550.030523601441,19786.949608226067,2000000,budget_exhausted,U,budget_exhausted,,raw_state_verified,run.py:numpy-batch
HiSD,0.00012589254117941674,0.002,2000000,144,-0.6453125000000001,1.284375,completed,-1.6398169385099945,3.7483107206015047,4770.6908564874775,1521.5030224345498,19828.475541708292,2000000,budget_exhausted,U,budget_exhausted,,raw_state_verified,run.py:numpy-batch
HiSD,0.00012589254117941674,0.002,2000000,145,-0.6359375,1.284375,completed,-1.5240972347042256,3.7903372798491333,6438.7185154283015,265.72582812648017,27450.307046387137,2000000,budget_exhausted,U,budget_exhausted,,raw_state_verified,run.py:numpy-batch
HiSD,0.00012589254117941674,0.002,2000000,146,-0.6265625,1.284375,completed,-1.4980848565732696,3.811337390837935,7244.238918869776,171.49927838456043,31172.490573939795,2000000,budget_exhausted,U,budget_exhausted,,raw_state_verified,run.py:numpy-batch
HiSD,0.00012589254117941674,0.002,2000000,147,-0.6171875,1.284375,completed,-1.6394167664232167,3.7484422394980745,4775.188746750089,1516.8118213909827,19848.59902129261,2000000,budget_exhausted,U,budget_exhausted,,raw_state_verified,run.py:numpy-batch
HiSD,0.00012589254117941674,0.002,2000000,148,-0.6078125000000001,1.284375,completed,-1.488218817910402,3.8274803436328853,7838.398347865921,256.8243851907913,33918.738967632045,2000000,budget_exhausted,U,budget_exhausted,,raw_state_verified,run.py:numpy-batch
HiSD,0.00012589254117941674,0.002,2000000,149,-0.5984375000000001,1.284375,completed,-1.4961934366026757,3.8127439286982576,7303.542935319789,164.0748081268207,31448.302220500085,2000000,budget_exhausted,U,budget_exhausted,,raw_state_verified,run.py:numpy-batch
HiSD,0.00012589254117941674,0.002,2000000,150,-0.5890625,1.284375,completed,-1.4882243907543447,3.827510161762399,7839.304045060129,257.3209350447603,33922.87574082865,2000000,budget_exhausted,U,budget_exhausted,,raw_state_verified,run.py:numpy-batch
HiSD,0.00012589254117941674,0.002,2000000,151,-0.5796875,1.284375,completed,-1.4974096642793437,3.811930229074386,7268.044551419419,170.0632619375263,31282.941328399567,2000000,budget_exhausted,U,budget_exhausted,,raw_state_verified,run.py:numpy-batch
HiSD,0.00012589254117941674,0.002,2000000,152,-0.5703125,1.284375,completed,-1.5716907269634925,3.7745467317145085,5709.640930425981,780.7313129602318,24078.915999277917,2000000,budget_exhausted,U,budget_exhausted,,raw_state_verified,run.py:numpy-batch
HiSD,0.00012589254117941674,0.002,2000000,153,-0.5609375000000001,1.284375,completed,-1.570638071266797,3.7754132004104246,5736.48900137267,775.5673521426505,24200.6870490749,2000000,budget_exhausted,U,budget_exhausted,,raw_state_verified,run.py:numpy-batch
HiSD,0.00012589254117941674,0.002,2000000,154,-0.5515625000000001,1.284375,completed,-1.4882460270455722,3.827762312576543,7847.224524535266,261.16865326248956,33959.13738961992,2000000,budget_exhausted,U,budget_exhausted,,raw_state_verified,run.py:numpy-batch
HiSD,0.00012589254117941674,0.002,2000000,155,-0.5421875,1.284375,completed,-1.6395261811821102,3.7484299546223623,4774.404174858115,1518.3877130406206,19845.053669681423,2000000,budget_exhausted,U,budget_exhausted,,raw_state_verified,run.py:numpy-batch
HiSD,0.00012589254117941674,0.002,2000000,156,-0.5328125000000001,1.284375,completed,-1.6397702802723213,3.7483228210167456,4771.154153627054,1520.9160145723658,19830.552931559116,2000000,budget_exhausted,U,budget_exhausted,,raw_state_verified,run.py:numpy-batch
HiSD,0.00012589254117941674,0.002,2000000,157,-0.5234375,1.284375,completed,-1.5255933938418722,3.788929543993581,6390.409603175786,269.3140472824333,27228.725988128426,2000000,budget_exhausted,U,budget_exhausted,,raw_state_verified,run.py:numpy-batch
HiSD,0.00012589254117941674,0.002,2000000,158,-0.5140625000000001,1.284375,completed,-1.488240867395426,3.8274929639343167,7838.583212384348,257.306970466975,33919.51875914626,2000000,budget_exhausted,U,budget_exhausted,,raw_state_verified,run.py:numpy-batch
HiSD,0.00012589254117941674,0.002,2000000,159,-0.5046875000000001,1.284375,completed,-1.5681378623767417,3.7762942455054906,5773.486219686278,748.2194536848889,24370.466574114223,2000000,budget_exhausted,U,budget_exhausted,,raw_state_verified,run.py:numpy-batch
HiSD,0.00012589254117941674,0.002,2000000,165,-0.7484375000000001,1.3031249999999999,completed,-1.6398155760329458,3.748310996713796,4770.702931351009,1521.4849248207454,19828.5298124645,2000000,budget_exhausted,U,budget_exhausted,,raw_state_verified,run.py:numpy-batch
HiSD,0.00012589254117941674,0.002,2000000,166,-0.7390625000000001,1.3031249999999999,completed,-1.4979096010752553,3.811506061036307,7250.848425735359,171.32503754305637,31203.118858438036,2000000,budget_exhausted,U,budget_exhausted,,raw_state_verified,run.py:numpy-batch
HiSD,0.00012589254117941674,0.002,2000000,167,-0.7296875,1.3031249999999999,completed,-1.4962511305535366,3.8126864387182766,7301.289703597568,164.10096171148612,31437.85820103091,2000000,budget_exhausted,U,budget_exhausted,,raw_state_verified,run.py:numpy-batch
HiSD,0.00012589254117941674,0.002,2000000,168,-0.7203125,1.3031249999999999,completed,-1.496742768920849,3.812788533110754,7299.791875167443,172.37167449132914,31429.641219014644,2000000,budget_exhausted,U,budget_exhausted,,raw_state_verified,run.py:numpy-batch
HiSD,0.00012589254117941674,0.002,2000000,169,-0.7109375,1.3031249999999999,completed,-1.5661263972578738,3.7771260510701135,5806.338288867075,727.8723327108698,24520.990891465794,2000000,budget_exhausted,U,budget_exhausted,,raw_state_verified,run.py:numpy-batch
HiSD,0.00012589254117941674,0.002,2000000,170,-0.7015625000000001,1.3031249999999999,completed,-1.488422060335516,3.827758755547525,7845.333818582205,263.55499521994574,33949.92111058794,2000000,budget_exhausted,U,budget_exhausted,,raw_state_verified,run.py:numpy-batch
HiSD,0.00012589254117941674,0.002,2000000,171,-0.6921875000000001,1.3031249999999999,completed,-1.6415640578797528,3.748670652802702,4768.6490260091805,1553.5456849875115,19817.976940796092,2000000,budget_exhausted,U,budget_exhausted,,raw_state_verified,run.py:numpy-batch
HiSD,0.00012589254117941674,0.002,2000000,172,-0.6828125,1.3031249999999999,completed,-1.5676500321031215,3.7765247016586376,5782.0994158476515,743.6493662927375,24409.847985749428,2000000,budget_exhausted,U,budget_exhausted,,raw_state_verified,run.py:numpy-batch
HiSD,0.00012589254117941674,0.002,2000000,173,-0.6734375,1.3031249999999999,completed,-1.6415672153265728,3.7486352121488937,4767.966688307903,1553.1564606942056,19814.975814533333,2000000,budget_exhausted,U,budget_exhausted,,raw_state_verified,run.py:numpy-batch
HiSD,0.00012589254117941674,0.002,2000000,174,-0.6640625,1.3031249999999999,completed,-1.4960905098228836,3.812850621701423,7307.6882547023215,164.08471261085157,31467.508097470076,2000000,budget_exhausted,U,budget_exhausted,,raw_state_verified,run.py:numpy-batch
HiSD,0.00012589254117941674,0.002,2000000,175,-0.6546875000000001,1.3031249999999999,completed,-1.5659861615701194,3.7772056156187084,5809.140703335699,726.7346590501181,24533.780044034742,2000000,budget_exhausted,U,budget_exhausted,,raw_state_verified,run.py:numpy-batch
HiSD,0.00012589254117941674,0.002,2000000,176,-0.6453125000000001,1.3031249999999999,completed,-1.5253586823629868,3.789260683450641,6400.8217810638325,270.181386786278,27276.26901032491,2000000,budget_exhausted,U,budget_exhausted,,raw_state_verified,run.py:numpy-batch
HiSD,0.00012589254117941674,0.002,2000000,177,-0.6359375,1.3031249999999999,completed,-1.4882097732876538,3.8277366553032257,7846.761768507102,260.3058440922216,33957.126914984896,2000000,budget_exhausted,U,budget_exhausted,,raw_state_verified,run.py:numpy-batch
HiSD,0.00012589254117941674,0.002,2000000,178,-0.6265625,1.3031249999999999,completed,-1.5644806341623494,3.778070572321374,5839.580837825071,714.6836702548517,24672.714971932124,2000000,budget_exhausted,U,budget_exhausted,,raw_state_verified,run.py:numpy-batch
HiSD,0.00012589254117941674,0.002,2000000,179,-0.6171875,1.3031249999999999,completed,-1.6406479393946016,3.748413631087055,4768.433215003309,1535.8993650224793,19817.82566151936,2000000,budget_exhausted,U,budget_exhausted,,raw_state_verified,run.py:numpy-batch
HiSD,0.00012589254117941674,0.002,2000000,180,-0.6078125000000001,1.3031249999999999,completed,-1.488270313716878,3.827785234856237,7847.719744934966,261.8274291737429,33961.33377081269,2000000,budget_exhausted,U,budget_exhausted,,raw_state_verified,run.py:numpy-batch
HiSD,0.00012589254117941674,0.002,2000000,181,-0.5984375000000001,1.3031249999999999,completed,-1.5710744996472883,3.775094101706598,5726.262388458094,778.2216982810929,24154.234266395382,2000000,budget_exhausted,U,budget_exhausted,,raw_state_verified,run.py:numpy-batch
HiSD,0.00012589254117941674,0.002,2000000,182,-0.5890625,1.3031249999999999,completed,-1.4882096212454647,3.8277380745370073,7846.809133195694,260.323717455544,33957.34463710357,2000000,budget_exhausted,U,budget_exhausted,,raw_state_verified,run.py:numpy-batch
HiSD,0.00012589254117941674,0.002,2000000,183,-0.5796875,1.3031249999999999,completed,-1.4968123392909578,3.8127574528933446,7298.21950267119,172.9239002802158,31422.27144283077,2000000,budget_exhausted,U,budget_exhausted,,raw_state_verified,run.py:numpy-batch
HiSD,0.00012589254117941674,0.002,2000000,184,-0.5703125,1.3031249999999999,completed,-1.4961425924861145,3.81295366831732,7310.289713574648,166.21397029206688,31479.232777240904,2000000,budget_exhausted,U,budget_exhausted,,raw_state_verified,run.py:numpy-batch
HiSD,0.00012589254117941674,0.002,2000000,185,-0.5609375000000001,1.3031249999999999,completed,-1.5716541613545993,3.774442734661012,5707.500358995962,778.8267531494552,24069.419644697315,2000000,budget_exhausted,U,budget_exhausted,,raw_state_verified,run.py:numpy-batch
HiSD,0.00012589254117941674,0.002,2000000,186,-0.5515625000000001,1.3031249999999999,completed,-1.525490722046989,3.7890849034702643,6395.234288687717,269.82976722541986,27250.74122080896,2000000,budget_exhausted,U,budget_exhausted,,raw_state_verified,run.py:numpy-batch
HiSD,0.00012589254117941674,0.002,2000000,187,-0.5421875,1.3031249999999999,completed,-1.5684091190730918,3.7761570279559677,5768.4934765494845,750.645368824037,24347.662970661626,2000000,budget_exhausted,U,budget_exhausted,,raw_state_verified,run.py:numpy-batch
HiSD,0.00012589254117941674,0.002,2000000,188,-0.5328125000000001,1.3031249999999999,completed,-1.6400472160901975,3.7482684814663303,4768.73392315323,1524.616514877875,19819.672228602783,2000000,budget_exhausted,U,budget_exhausted,,raw_state_verified,run.py:numpy-batch
HiSD,0.00012589254117941674,0.002,2000000,189,-0.5234375,1.3031249999999999,completed,-1.5248588218085328,3.789632302112465,6414.378177001808,267.69222001695465,27338.625120785557,2000000,budget_exhausted,U,budget_exhausted,,raw_state_verified,run.py:numpy-batch
HiSD,0.00012589254117941674,0.002,2000000,190,-0.5140625000000001,1.3031249999999999,completed,-1.5248719602364222,3.789619581139557,6413.944648639965,267.7190591221752,27336.63730956905,2000000,budget_exhausted,U,budget_exhausted,,raw_state_verified,run.py:numpy-batch
HiSD,0.00012589254117941674,0.002,2000000,191,-0.5046875000000001,1.3031249999999999,completed,-1.525593087428855,3.7889296956926124,6390.415917082024,269.311525437005,27228.755190577023,2000000,budget_exhausted,U,budget_exhausted,,raw_state_verified,run.py:numpy-batch
HiSD,0.00012589254117941674,0.002,2000000,195,-0.7671875,1.321875,completed,-1.4881354798331932,3.827529867064589,7840.836090820297,256.3681660051181,33930.177199754005,2000000,budget_exhausted,U,budget_exhausted,,raw_state_verified,run.py:numpy-batch
HiSD,0.00012589254117941674,0.002,2000000,196,-0.7578125,1.321875,completed,-1.5241433334326415,3.7902794849173147,6436.8475053143375,265.64690790334197,27441.74942712485,2000000,budget_exhausted,U,budget_exhausted,,raw_state_verified,run.py:numpy-batch
HiSD,0.00012589254117941674,0.002,2000000,197,-0.7484375000000001,1.321875,completed,-1.4973954585290845,3.8119436843973187,7268.5755837456645,170.0466013752138,31285.403192999707,2000000,budget_exhausted,U,budget_exhausted,,raw_state_verified,run.py:numpy-batch
HiSD,0.00012589254117941674,0.002,2000000,198,-0.7390625000000001,1.321875,completed,-1.6406051415674145,3.74841007486369,4768.582161805408,1535.1795904439807,19818.517604473967,2000000,budget_exhausted,U,budget_exhausted,,raw_state_verified,run.py:numpy-batch
HiSD,0.00012589254117941674,0.002,2000000,199,-0.7296875,1.321875,completed,-1.5706580600346025,3.7753833632658313,5735.6697885280655,775.4927508458434,24196.99189874834,2000000,budget_exhausted,U,budget_exhausted,,raw_state_verified,run.py:numpy-batch
HiSD,0.00012589254117941674,0.002,2000000,200,-0.7203125,1.321875,completed,-1.5657910202664267,3.7773094112568244,5812.8813809280755,725.0628222081729,24550.866776322153,2000000,budget_exhausted,U,budget_exhausted,,raw_state_verified,run.py:numpy-batch
HiSD,0.00012589254117941674,0.002,2000000,201,-0.7109375,1.321875,completed,-1.498026149436494,3.811399974628505,7246.632602346092,171.5231810924156,31183.56926512868,2000000,budget_exhausted,U,budget_exhausted,,raw_state_verified,run.py:numpy-batch
HiSD,0.00012589254117941674,0.002,2000000,202,-0.7015625000000001,1.321875,completed,-1.497263984584007,3.811838049901911,7266.642910009446,166.77016132613699,31276.955123529413,2000000,budget_exhausted,U,budget_exhausted,,raw_state_verified,run.py:numpy-batch
HiSD,0.00012589254117941674,0.002,2000000,203,-0.6921875000000001,1.321875,completed,-1.5646285829543838,3.777969756950979,5836.210123587505,715.6615896373677,24657.360335047015,2000000,budget_exhausted,U,budget_exhausted,,raw_state_verified,run.py:numpy-batch
HiSD,0.00012589254117941674,0.002,2000000,204,-0.6828125,1.321875,completed,-1.4882121510723723,3.827496678433689,7838.992451843769,256.9619266880789,33921.48441320725,2000000,budget_exhausted,U,budget_exhausted,,raw_state_verified,run.py:numpy-batch
HiSD,0.00012589254117941674,0.002,2000000,205,-0.6734375,1.321875,completed,-1.6403415188819808,3.7484196288669676,4770.091723218333,1531.1354146923552,19825.382478546948,2000000,budget_exhausted,U,budget_exhausted,,raw_state_verified,run.py:numpy-batch
HiSD,0.00012589254117941674,0.002,2000000,206,-0.6640625,1.321875,completed,-1.6405769762256046,3.7484187075112545,4768.886551333856,1534.8417931180045,19819.87995404221,2000000,budget_exhausted,U,budget_exhausted,,raw_state_verified,run.py:numpy-batch
HiSD,0.00012589254117941674,0.002,2000000,207,-0.6546875000000001,1.321875,completed,-1.4961627727463476,3.812914916049894,7308.942675677219,165.96952935049237,31473.028874348372,2000000,budget_exhausted,U,budget_exhausted,,raw_state_verified,run.py:numpy-batch
HiSD,0.00012589254117941674,0.002,2000000,208,-0.6453125000000001,1.321875,completed,-1.5705702207286039,3.775457948078761,5737.968858350141,775.0924299318199,24207.418111972605,2000000,budget_exhausted,U,budget_exhausted,,raw_state_verified,run.py:numpy-batch
HiSD,0.00012589254117941674,0.002,2000000,209,-0.6359375,1.321875,completed,-1.641569172581367,3.7486308380666,4767.874585757743,1553.1331682842058,19814.56939301936,2000000,budget_exhausted,U,budget_exhausted,,raw_state_verified,run.py:numpy-batch
HiSD,0.00012589254117941674,0.002,2000000,210,-0.6265625,1.321875,completed,-1.6415496122150923,3.748223815414284,4760.326728109207,1547.7838102206772,19781.419794911355,2000000,budget_exhausted,U,budget_exhausted,,raw_state_verified,run.py:numpy-batch
HiSD,0.00012589254117941674,0.002,2000000,211,-0.6171875,1.321875,completed,-1.488493605123667,3.8277549756337317,7844.490250592204,264.49230286074766,33945.83091282881,2000000,budget_exhausted,U,budget_exhausted,,raw_state_verified,run.py:numpy-batch
HiSD,0.00012589254117941674,0.002,2000000,212,-0.6078125000000001,1.321875,completed,-1.5243755649861315,3.790088782961967,6430.049397604275,266.56105754183625,27410.508880342408,2000000,budget_exhausted,U,budget_exhausted,,raw_state_verified,run.py:numpy-batch
HiSD,0.00012589254117941674,0.002,2000000,213,-0.5984375000000001,1.321875,completed,-1.6416195617439395,3.748509870247059,4765.347042693729,1552.4301231241402,19803.41916091383,2000000,budget_exhausted,U,budget_exhausted,,raw_state_verified,run.py:numpy-batch
HiSD,0.00012589254117941674,0.002,2000000,214,-0.5890625,1.321875,completed,-1.5255823331322729,3.788982867017403,6391.8768231465765,269.8457373735803,27235.37477700351,2000000,budget_exhausted,U,budget_exhausted,,raw_state_verified,run.py:numpy-batch
HiSD,0.00012589254117941674,0.002,2000000,215,-0.5796875,1.321875,completed,-1.4882499465823558,3.827778236310302,7847.699237580919,261.4470568629131,33961.30268414346,2000000,budget_exhausted,U,budget_exhausted,,raw_state_verified,run.py:numpy-batch
HiSD,0.00012589254117941674,0.002,2000000,216,-0.5703125,1.321875,completed,-1.640054807877343,3.7482669472923718,4768.666763220297,1524.7174040420707,19819.370397169732,2000000,budget_exhausted,U,budget_exhausted,,raw_state_verified,run.py:numpy-batch
HiSD,0.00012589254117941674,0.002,2000000,217,-0.5609375000000001,1.321875,completed,-1.6416238662167038,3.748280891668019,4761.024713340582,1549.6625390491017,19784.422711973006,2000000,budget_exhausted,U,budget_exhausted,,raw_state_verified,run.py:numpy-batch
HiSD,0.00012589254117941674,0.002,2000000,218,-0.5515625000000001,1.321875,completed,-1.525525893971706,3.78895880395621,6391.692973602215,268.70445606976733,27234.673698806582,2000000,budget_exhausted,U,budget_exhausted,,raw_state_verified,run.py:numpy-batch
HiSD,0.00012589254117941674,0.002,2000000,219,-0.5421875,1.321875,completed,-1.5681754702752004,3.7762894276151524,5773.122994058632,748.7388980195387,24368.775510772495,2000000,budget_exhausted,U,budget_exhausted,,raw_state_verified,run.py:numpy-batch
HiSD,0.00012589254117941674,0.002,2000000,220,-0.5328125000000001,1.321875,completed,-1.5682780361398614,3.7762254490459553,5770.954464414114,749.5001313295021,24358.898140583548,2000000,budget_exhausted,U,budget_exhausted,,raw_state_verified,run.py:numpy-batch
HiSD,0.00012589254117941674,0.002,2000000,221,-0.5234375,1.321875,completed,-1.6400127932541153,3.748446283669562,4772.252765761013,1526.2746971114364,19835.168893757596,2000000,budget_exhausted,U,budget_exhausted,,raw_state_verified,run.py:numpy-batch
HiSD,0.00012589254117941674,0.002,2000000,222,-0.5140625000000001,1.321875,completed,-1.5242510577859971,3.7901690873020435,6433.120821374135,265.7845749428612,27424.668300962963,2000000,budget_exhausted,U,budget_exhausted,,raw_state_verified,run.py:numpy-batch
HiSD,0.00012589254117941674,0.002,2000000,223,-0.5046875000000001,1.321875,completed,-1.5255708125056373,3.788997244910407,6392.338991690619,269.86383198580234,27237.487494614634,2000000,budget_exhausted,U,budget_exhausted,,raw_state_verified,run.py:numpy-batch
HiSD,0.00012589254117941674,0.002,2000000,225,-0.7859375000000001,1.340625,completed,-1.567708509091593,3.7765047525139277,5781.244316191862,744.295988553764,24405.919873504885,2000000,budget_exhausted,U,budget_exhausted,,raw_state_verified,run.py:numpy-batch
HiSD,0.00012589254117941674,0.002,2000000,226,-0.7765625,1.340625,completed,-1.6395188916785712,3.748391148219968,4773.710346120118,1517.7919903896438,19842.010186839718,2000000,budget_exhausted,U,budget_exhausted,,raw_state_verified,run.py:numpy-batch
HiSD,0.00012589254117941674,0.002,2000000,227,-0.7671875,1.340625,completed,-1.5717116163460547,3.7746500276003667,5711.869573307963,782.3840929628903,24088.833127383754,2000000,budget_exhausted,U,budget_exhausted,,raw_state_verified,run.py:numpy-batch
HiSD,0.00012589254117941674,0.002,2000000,228,-0.7578125,1.340625,completed,-1.6412580156750756,3.748225038006522,4761.816440092845,1543.195862157559,19788.21774540346,2000000,budget_exhausted,U,budget_exhausted,,raw_state_verified,run.py:numpy-batch
HiSD,0.00012589254117941674,0.002,2000000,229,-0.7484375000000001,1.340625,completed,-1.4961236119823185,3.8129163850824286,7309.3496314983195,165.4416123030172,31474.99629454333,2000000,budget_exhausted,U,budget_exhausted,,raw_state_verified,run.py:numpy-batch
HiSD,0.00012589254117941674,0.002,2000000,230,-0.7390625000000001,1.340625,completed,-1.6406187321867594,3.7484163995904867,4768.632562844024,1535.4724997588482,19818.727253789213,2000000,budget_exhausted,U,budget_exhausted,,raw_state_verified,run.py:numpy-batch
HiSD,0.00012589254117941674,0.002,2000000,231,-0.7296875,1.340625,completed,-1.5256041894684889,3.7888978956024673,6389.506017661737,269.0605967463257,27224.622297681013,2000000,budget_exhausted,U,budget_exhausted,,raw_state_verified,run.py:numpy-batch
HiSD,0.00012589254117941674,0.002,2000000,232,-0.7203125,1.340625,completed,-1.488217359797673,3.827479601323338,7838.389099138573,256.79377093735326,33918.7010509843,2000000,budget_exhausted,U,budget_exhausted,,raw_state_verified,run.py:numpy-batch
HiSD,0.00012589254117941674,0.002,2000000,233,-0.7109375,1.340625,completed,-1.6416723943594025,3.7485088288572808,4765.061537118872,1553.2511671848558,19802.118890750044,2000000,budget_exhausted,U,budget_exhausted,,raw_state_verified,run.py:numpy-batch
HiSD,0.00012589254117941674,0.002,2000000,234,-0.7015625000000001,1.340625,completed,-1.6396742797583232,3.748346464372824,4772.083998058663,1519.6926924284876,19834.724492074885,2000000,budget_exhausted,U,budget_exhausted,,raw_state_verified,run.py:numpy-batch
HiSD,0.00012589254117941674,0.002,2000000,235,-0.6921875000000001,1.340625,completed,-1.5661425678720389,3.7771172625101115,5806.024249175258,728.0085249987153,24519.556954950323,2000000,budget_exhausted,U,budget_exhausted,,raw_state_verified,run.py:numpy-batch
HiSD,0.00012589254117941674,0.002,2000000,236,-0.6828125,1.340625,completed,-1.5243757711564179,3.790042447752657,6428.839897435395,265.9598360763831,27405.045795341786,2000000,budget_exhausted,U,budget_exhausted,,raw_state_verified,run.py:numpy-batch
HiSD,0.00012589254117941674,0.002,2000000,237,-0.6734375,1.340625,completed,-1.5253802984855325,3.789226271371734,6399.760515116591,270.05036829678113,27271.428134339483,2000000,budget_exhausted,U,budget_exhausted,,raw_state_verified,run.py:numpy-batch
HiSD,0.00012589254117941674,0.002,2000000,238,-0.6640625,1.340625,completed,-1.5717660021201532,3.7744603214188346,5707.1668438468805,780.7871941608747,24067.73550891883,2000000,budget_exhausted,U,budget_exhausted,,raw_state_verified,run.py:numpy-batch
HiSD,0.00012589254117941674,0.002,2000000,239,-0.6546875000000001,1.340625,completed,-1.5256022875194206,3.7889084765325083,6389.794806660892,269.17038101602304,27225.930312216886,2000000,budget_exhausted,U,budget_exhausted,,raw_state_verified,run.py:numpy-batch
HiSD,0.00012589254117941674,0.002,2000000,240,-0.6453125000000001,1.340625,completed,-1.5256143261802972,3.7888928521024936,6389.296531305314,269.1437050722372,27223.65348523368,2000000,budget_exhausted,U,budget_exhausted,,raw_state_verified,run.py:numpy-batch
HiSD,0.00012589254117941674,0.002,2000000,241,-0.6359375,1.340625,completed,-1.4882205463312446,3.8277531794300175,7847.186685223277,260.68750399648934,33959.04261289198,2000000,budget_exhausted,U,budget_exhausted,,raw_state_verified,run.py:numpy-batch
HiSD,0.00012589254117941674,0.002,2000000,242,-0.6265625,1.340625,completed,-1.639446917264405,3.748416016053227,4774.54244185892,1516.9632381011522,19845.731360766316,2000000,budget_exhausted,U,budget_exhausted,,raw_state_verified,run.py:numpy-batch
HiSD,0.00012589254117941674,0.002,2000000,243,-0.6171875,1.340625,completed,-1.4883550840986808,3.827695443160153,7843.965390272904,261.7366558631802,33943.85160090345,2000000,budget_exhausted,U,budget_exhausted,,raw_state_verified,run.py:numpy-batch
HiSD,0.00012589254117941674,0.002,2000000,244,-0.6078125000000001,1.340625,completed,-1.5248555592367816,3.789633591655152,6414.437228418783,267.66119733910614,27338.899267237,2000000,budget_exhausted,U,budget_exhausted,,raw_state_verified,run.py:numpy-batch
HiSD,0.00012589254117941674,0.002,2000000,245,-0.5984375000000001,1.340625,completed,-1.5240219703020907,3.790414773877295,6441.333996252407,265.6348456624179,27462.295132189476,2000000,budget_exhausted,U,budget_exhausted,,raw_state_verified,run.py:numpy-batch
HiSD,0.00012589254117941674,0.002,2000000,246,-0.5890625,1.340625,completed,-1.63941567712428,3.748444115788995,4775.2295929386255,1516.8178555653335,19848.779537154223,2000000,budget_exhausted,U,budget_exhausted,,raw_state_verified,run.py:numpy-batch
HiSD,0.00012589254117941674,0.002,2000000,247,-0.5796875,1.340625,completed,-1.4973157646667379,3.8120107008657302,7271.30343322302,169.8384171479315,31298.068574276105,2000000,budget_exhausted,U,budget_exhausted,,raw_state_verified,run.py:numpy-batch
HiSD,0.00012589254117941674,0.002,2000000,248,-0.5703125,1.340625,completed,-1.6400560882320927,3.748266652935412,4768.654767007707,1524.733977975329,19819.316549941308,2000000,budget_exhausted,U,budget_exhausted,,raw_state_verified,run.py:numpy-batch
HiSD,0.00012589254117941674,0.002,2000000,249,-0.5609375000000001,1.340625,completed,-1.6415355058533954,3.7482520903831524,4760.928413333011,1547.911187655893,19784.075814439515,2000000,budget_exhausted,U,budget_exhausted,,raw_state_verified,run.py:numpy-batch
HiSD,0.00012589254117941674,0.002,2000000,250,-0.5515625000000001,1.340625,completed,-1.6406123667016046,3.7484102882521197,4768.549738476187,1535.296311056292,19818.368802727124,2000000,budget_exhausted,U,budget_exhausted,,raw_state_verified,run.py:numpy-batch
HiSD,0.00012589254117941674,0.002,2000000,251,-0.5421875,1.340625,completed,-1.641598099363395,3.7485736118349995,4766.653069587086,1552.8808736623253,19809.176676199437,2000000,budget_exhausted,U,budget_exhausted,,raw_state_verified,run.py:numpy-batch
HiSD,0.00012589254117941674,0.002,2000000,252,-0.5328125000000001,1.340625,completed,-1.48845986589486,3.827752313180266,7844.744543798522,263.9876863446576,33947.10150215622,2000000,budget_exhausted,U,budget_exhausted,,raw_state_verified,run.py:numpy-batch
HiSD,0.00012589254117941674,0.002,2000000,253,-0.5234375,1.340625,completed,-1.4966016196655128,3.812828326807174,7302.287628020027,170.9355206672022,31441.425760198283,2000000,budget_exhausted,U,budget_exhausted,,raw_state_verified,run.py:numpy-batch
HiSD,0.00012589254117941674,0.002,2000000,254,-0.5140625000000001,1.340625,completed,-1.5248627231676604,3.789627127832153,6414.213119117636,267.68198690839637,27337.87082536006,2000000,budget_exhausted,U,budget_exhausted,,raw_state_verified,run.py:numpy-batch
HiSD,0.00012589254117941674,0.002,2000000,255,-0.5046875000000001,1.340625,completed,-1.4881610067158646,3.827502177566032,7839.685372763379,256.3317579452909,33924.820477771886,2000000,budget_exhausted,U,budget_exhausted,,raw_state_verified,run.py:numpy-batch
HiSD,0.00012589254117941674,0.002,2000000,256,-0.7953125000000001,1.359375,completed,-1.0851307505446495,3.5158871335565083,4112.077209519926,-1875.8078911209677,17445.428249057055,2000000,budget_exhausted,U,budget_exhausted,,raw_state_verified,run.py:numpy-batch
HiSD,0.00012589254117941674,0.002,2000000,257,-0.7859375000000001,1.359375,completed,-0.5775583709107968,3.4469588949968957,8769.02813207303,5047.451089566004,41680.5273242302,2000000,budget_exhausted,U,budget_exhausted,,raw_state_verified,run.py:numpy-batch
HiSD,0.00012589254117941674,0.002,2000000,258,-0.7765625,1.359375,completed,-1.4961054769433177,3.8128428980834883,7307.318430621017,164.18911782779588,31465.77831056506,2000000,budget_exhausted,U,budget_exhausted,,raw_state_verified,run.py:numpy-batch
HiSD,0.00012589254117941674,0.002,2000000,259,-0.7671875,1.359375,completed,-1.4962616153773105,3.8126779921761678,7300.940129412823,164.1329206815253,31436.233592960416,2000000,budget_exhausted,U,budget_exhausted,,raw_state_verified,run.py:numpy-batch
HiSD,0.00012589254117941674,0.002,2000000,260,-0.7578125,1.359375,completed,-1.5645118271160536,3.7780448212419513,5838.764481342616,714.8317022765445,24669.004658329257,2000000,budget_exhausted,U,budget_exhausted,,raw_state_verified,run.py:numpy-batch
HiSD,0.00012589254117941674,0.002,2000000,261,-0.7484375000000001,1.359375,completed,-1.5669602791722008,3.7768730149023364,5794.827293907815,737.4843090999746,24468.001280743014,2000000,budget_exhausted,U,budget_exhausted,,raw_state_verified,run.py:numpy-batch
HiSD,0.00012589254117941674,0.002,2000000,262,-0.7390625000000001,1.359375,completed,-1.568763515767679,3.776004104545096,5762.58785957105,754.156357624789,24320.633593959163,2000000,budget_exhausted,U,budget_exhausted,,raw_state_verified,run.py:numpy-batch
HiSD,0.00012589254117941674,0.002,2000000,263,-0.7296875,1.359375,completed,-1.488359365732877,3.827702650240491,7844.154857955777,261.89736157126055,33944.70738813056,2000000,budget_exhausted,U,budget_exhausted,,raw_state_verified,run.py:numpy-batch
HiSD,0.00012589254117941674,0.002,2000000,264,-0.7203125,1.359375,completed,-1.5256298840687603,3.7888953743360614,6389.240755447657,269.4048184867197,27223.366191760328,2000000,budget_exhausted,U,budget_exhausted,,raw_state_verified,run.py:numpy-batch
HiSD,0.00012589254117941674,0.002,2000000,265,-0.7109375,1.359375,completed,-1.524356478487527,3.790062380391671,6429.510845618698,265.9371390170509,27408.120556566224,2000000,budget_exhausted,U,budget_exhausted,,raw_state_verified,run.py:numpy-batch
HiSD,0.00012589254117941674,0.002,2000000,266,-0.7015625000000001,1.359375,completed,-1.5255935646603638,3.7889287376185545,6390.3873903314625,269.30605959917597,27228.625322487642,2000000,budget_exhausted,U,budget_exhausted,,raw_state_verified,run.py:numpy-batch
HiSD,0.00012589254117941674,0.002,2000000,267,-0.6921875000000001,1.359375,completed,-1.5649988419407652,3.7778034594380214,5829.798993597469,719.2222496315152,24627.995601854767,2000000,budget_exhausted,U,budget_exhausted,,raw_state_verified,run.py:numpy-batch
HiSD,0.00012589254117941674,0.002,2000000,268,-0.6828125,1.359375,completed,-1.4883602756795744,3.827702085033043,7844.127435928929,261.9020005687916,33944.57880166798,2000000,budget_exhausted,U,budget_exhausted,,raw_state_verified,run.py:numpy-batch
HiSD,0.00012589254117941674,0.002,2000000,269,-0.6734375,1.359375,completed,-1.5254345542638017,3.7891643195309435,6397.730824884651,270.03964517782197,27262.14052654775,2000000,budget_exhausted,U,budget_exhausted,,raw_state_verified,run.py:numpy-batch
HiSD,0.00012589254117941674,0.002,2000000,270,-0.6640625,1.359375,completed,-1.5713550707829227,3.774558935859993,5712.13165572004,775.6841399123792,24090.625310334563,2000000,budget_exhausted,U,budget_exhausted,,raw_state_verified,run.py:numpy-batch
HiSD,0.00012589254117941674,0.002,2000000,271,-0.6546875000000001,1.359375,completed,-1.5671335445453014,3.776787676150111,5791.677073513466,739.0600291256598,24453.601823911107,2000000,budget_exhausted,U,budget_exhausted,,raw_state_verified,run.py:numpy-batch
HiSD,0.00012589254117941674,0.002,2000000,272,-0.6453125000000001,1.359375,completed,-1.4883363239097176,3.827679725620304,7843.64722790522,261.2557798321691,33942.45027821191,2000000,budget_exhausted,U,budget_exhausted,,raw_state_verified,run.py:numpy-batch
HiSD,0.00012589254117941674,0.002,2000000,273,-0.6359375,1.359375,completed,-1.5674735908209367,3.776620224701823,5785.501285658058,742.1544032506691,24425.375106256237,2000000,budget_exhausted,U,budget_exhausted,,raw_state_verified,run.py:numpy-batch
HiSD,0.00012589254117941674,0.002,2000000,274,-0.6265625,1.359375,completed,-1.4978282080605025,3.811476643018019,7250.722150306088,169.78385697783287,31202.769628073554,2000000,budget_exhausted,U,budget_exhausted,,raw_state_verified,run.py:numpy-batch
HiSD,0.00012589254117941674,0.002,2000000,275,-0.6171875,1.359375,completed,-1.4883948357058774,3.8277775233404228,7846.214398098058,263.4423412512879,33954.04417585378,2000000,budget_exhausted,U,budget_exhausted,,raw_state_verified,run.py:numpy-batch
HiSD,0.00012589254117941674,0.002,2000000,276,-0.6078125000000001,1.359375,completed,-1.4965409795360514,3.8128793569508628,7304.375064783462,170.7800146769288,31451.121222745314,2000000,budget_exhausted,U,budget_exhausted,,raw_state_verified,run.py:numpy-batch
HiSD,0.00012589254117941674,0.002,2000000,277,-0.5984375000000001,1.359375,completed,-1.4881321756492536,3.8275398899478397,7841.192816567051,256.46346134836426,33931.82357358646,2000000,budget_exhausted,U,budget_exhausted,,raw_state_verified,run.py:numpy-batch
HiSD,0.00012589254117941674,0.002,2000000,278,-0.5890625,1.359375,completed,-1.5253859598165418,3.7892169852567457,6399.4755048276365,270.0124993438792,27270.12842430764,2000000,budget_exhausted,U,budget_exhausted,,raw_state_verified,run.py:numpy-batch
HiSD,0.00012589254117941674,0.002,2000000,279,-0.5796875,1.359375,completed,-1.497035634445894,3.8122612789686983,7281.348650915309,169.31265088075145,31344.675394131416,2000000,budget_exhausted,U,budget_exhausted,,raw_state_verified,run.py:numpy-batch
HiSD,0.00012589254117941674,0.002,2000000,280,-0.5703125,1.359375,completed,-1.4960028256722566,3.8128780467767354,7309.321788107904,163.23097806276945,31475.209588266887,2000000,budget_exhausted,U,budget_exhausted,,raw_state_verified,run.py:numpy-batch
HiSD,0.00012589254117941674,0.002,2000000,281,-0.5609375000000001,1.359375,completed,-1.639441756138083,3.7484200123137192,4774.643791093753,1516.9312177228633,19846.181427488234,2000000,budget_exhausted,U,budget_exhausted,,raw_state_verified,run.py:numpy-batch
HiSD,0.00012589254117941674,0.002,2000000,282,-0.5515625000000001,1.359375,completed,-1.5243049912467574,3.7901143693229686,6431.270366932027,265.8609166538958,27416.186142465478,2000000,budget_exhausted,U,budget_exhausted,,raw_state_verified,run.py:numpy-batch
HiSD,0.00012589254117941674,0.002,2000000,283,-0.5421875,1.359375,completed,-1.4882106910558028,3.827749644820852,7847.171982171678,260.50138537810324,33959.00564515988,2000000,budget_exhausted,U,budget_exhausted,,raw_state_verified,run.py:numpy-batch
HiSD,0.00012589254117941674,0.002,2000000,284,-0.5328125000000001,1.359375,completed,-1.5253856169561981,3.789217479336008,6399.490993536279,270.0139032545641,27270.199136654104,2000000,budget_exhausted,U,budget_exhausted,,raw_state_verified,run.py:numpy-batch
HiSD,0.00012589254117941674,0.002,2000000,285,-0.5234375,1.359375,completed,-1.5249417228767548,3.789558587324139,6411.813543362096,267.9470571728108,27326.854090279812,2000000,budget_exhausted,U,budget_exhausted,,raw_state_verified,run.py:numpy-batch
HiSD,0.00012589254117941674,0.002,2000000,286,-0.5140625000000001,1.359375,completed,-1.49708603946056,3.8122144069932453,7279.486843033151,169.38275879654586,31336.040899522282,2000000,budget_exhausted,U,budget_exhausted,,raw_state_verified,run.py:numpy-batch
HiSD,0.00012589254117941674,0.002,2000000,287,-0.5046875000000001,1.359375,completed,-1.525566264127276,3.7889262765652996,6390.536179441778,268.8734561343032,27229.35933069892,2000000,budget_exhausted,U,budget_exhausted,,raw_state_verified,run.py:numpy-batch
HiSD,0.00012589254117941674,0.002,2000000,288,-0.7953125000000001,1.378125,completed,-1.0890103947288028,3.5161522910147482,4089.0823707261234,-1925.5669225836832,17335.581135547207,2000000,budget_exhausted,U,budget_exhausted,,raw_state_verified,run.py:numpy-batch
HiSD,0.00012589254117941674,0.002,2000000,289,-0.7859375000000001,1.378125,completed,-0.6560992350728688,3.459833199039185,7648.188206622068,4389.865455440753,36007.413780486175,2000000,budget_exhausted,U,budget_exhausted,,raw_state_verified,run.py:numpy-batch
HiSD,0.00012589254117941674,0.002,2000000,290,-0.7765625,1.378125,completed,-0.7824295097689442,3.47938599035923,6257.396990040089,2815.830107724384,28710.2872807985,2000000,budget_exhausted,U,budget_exhausted,,raw_state_verified,run.py:numpy-batch
HiSD,0.00012589254117941674,0.002,2000000,291,-0.7671875,1.378125,completed,-0.7831558607342376,3.4795466949786023,6251.932487425018,2805.371060182253,28680.392792551353,2000000,budget_exhausted,U,budget_exhausted,,raw_state_verified,run.py:numpy-batch
HiSD,0.00012589254117941674,0.002,2000000,292,-0.7578125,1.378125,completed,-0.5775048968372236,3.4470232450731957,8772.459316991024,5048.285231706595,41697.768814271025,2000000,budget_exhausted,U,budget_exhausted,,raw_state_verified,run.py:numpy-batch
HiSD,0.00012589254117941674,0.002,2000000,293,-0.7484375000000001,1.378125,completed,-0.7760442407805797,3.4783619080088335,6315.648106949269,2908.067882741902,29023.307521097748,2000000,budget_exhausted,U,budget_exhausted,,raw_state_verified,run.py:numpy-batch
HiSD,0.00012589254117941674,0.002,2000000,294,-0.7390625000000001,1.378125,completed,-0.779509726424404,3.478955989686972,6284.863043931842,2858.2430517305515,28857.525242938973,2000000,budget_exhausted,U,budget_exhausted,,raw_state_verified,run.py:numpy-batch
HiSD,0.00012589254117941674,0.002,2000000,295,-0.7296875,1.378125,completed,-0.5776807946133146,3.446980609872419,8767.14790360493,5046.643178870277,41671.11958823074,2000000,budget_exhausted,U,budget_exhausted,,raw_state_verified,run.py:numpy-batch
HiSD,0.00012589254117941674,0.002,2000000,296,-0.7203125,1.378125,completed,-0.5766438076456734,3.446971155359957,8789.27111725517,5054.6068846518865,41781.98198295855,2000000,budget_exhausted,U,budget_exhausted,,raw_state_verified,run.py:numpy-batch
HiSD,0.00012589254117941674,0.002,2000000,297,-0.7109375,1.378125,completed,-0.6471731726523143,3.4582984836231114,7761.553709995755,4477.450038200437,36588.59714459629,2000000,budget_exhausted,U,budget_exhausted,,raw_state_verified,run.py:numpy-batch
HiSD,0.00012589254117941674,0.002,2000000,298,-0.7015625000000001,1.378125,completed,-0.7815873690223961,3.4793950509632623,6268.609441032932,2828.4077396919347,28768.962360615635,2000000,budget_exhausted,U,budget_exhausted,,raw_state_verified,run.py:numpy-batch
HiSD,0.00012589254117941674,0.002,2000000,299,-0.6921875000000001,1.378125,completed,-1.6401969247728019,3.7484234451889638,4770.893287316929,1528.899477660625,19829.032081312977,2000000,budget_exhausted,U,budget_exhausted,,raw_state_verified,run.py:numpy-batch
HiSD,0.00012589254117941674,0.002,2000000,300,-0.6828125,1.378125,completed,-1.4962302024112728,3.8127081729572225,7302.133275017978,164.10341152531433,31441.766336063854,2000000,budget_exhausted,U,budget_exhausted,,raw_state_verified,run.py:numpy-batch
HiSD,0.00012589254117941674,0.002,2000000,301,-0.6734375,1.378125,completed,-1.4882568243358014,3.827520726815308,7839.317966653492,257.91830677561416,33922.839429036205,2000000,budget_exhausted,U,budget_exhausted,,raw_state_verified,run.py:numpy-batch
HiSD,0.00012589254117941674,0.002,2000000,302,-0.6640625,1.378125,completed,-1.49631360941279,3.8129393779300287,7308.276889933322,168.4128494047672,31469.565815005557,2000000,budget_exhausted,U,budget_exhausted,,raw_state_verified,run.py:numpy-batch
HiSD,0.00012589254117941674,0.002,2000000,303,-0.6546875000000001,1.378125,completed,-1.5242230776752321,3.790223281558992,6434.7543646868035,266.08165079114485,27432.111050316926,2000000,budget_exhausted,U,budget_exhausted,,raw_state_verified,run.py:numpy-batch
HiSD,0.00012589254117941674,0.002,2000000,304,-0.6453125000000001,1.378125,completed,-1.5715432510752516,3.7744813191067395,5709.114026879964,777.6032928298173,24076.819638448775,2000000,budget_exhausted,U,budget_exhausted,,raw_state_verified,run.py:numpy-batch
HiSD,0.00012589254117941674,0.002,2000000,305,-0.6359375,1.378125,completed,-1.641403755960957,3.748223936038527,4761.062544496793,1545.4828919395475,19784.778968900468,2000000,budget_exhausted,U,budget_exhausted,,raw_state_verified,run.py:numpy-batch
HiSD,0.00012589254117941674,0.002,2000000,306,-0.6265625,1.378125,completed,-1.5685393447736686,3.7761110186525944,5766.558307741829,752.0665558579827,24338.780305938282,2000000,budget_exhausted,U,budget_exhausted,,raw_state_verified,run.py:numpy-batch
HiSD,0.00012589254117941674,0.002,2000000,307,-0.6171875,1.378125,completed,-1.498043546122323,3.8113527052614864,7245.07150168626,171.12679176074198,31176.402078154926,2000000,budget_exhausted,U,budget_exhausted,,raw_state_verified,run.py:numpy-batch
HiSD,0.00012589254117941674,0.002,2000000,308,-0.6078125000000001,1.378125,completed,-1.497100284426893,3.812192656198088,7278.707367415919,169.28715052349878,31332.445199416004,2000000,budget_exhausted,U,budget_exhausted,,raw_state_verified,run.py:numpy-batch
HiSD,0.00012589254117941674,0.002,2000000,309,-0.5984375000000001,1.378125,completed,-1.6395301859228772,3.748385470964169,4773.546373231276,1517.9000564822034,19841.279451596063,2000000,budget_exhausted,U,budget_exhausted,,raw_state_verified,run.py:numpy-batch
HiSD,0.00012589254117941674,0.002,2000000,310,-0.5890625,1.378125,completed,-1.5681931337359842,3.7762814927672492,5772.820936585439,748.9097366275145,24367.393607234575,2000000,budget_exhausted,U,budget_exhausted,,raw_state_verified,run.py:numpy-batch
HiSD,0.00012589254117941674,0.002,2000000,311,-0.5796875,1.378125,completed,-1.4960806783456722,3.812873471407277,7308.463183113865,164.25772734989118,31471.07206379251,2000000,budget_exhausted,U,budget_exhausted,,raw_state_verified,run.py:numpy-batch
HiSD,0.00012589254117941674,0.002,2000000,312,-0.5703125,1.378125,completed,-1.4884355424727165,3.8277581273815064,7845.177559011786,263.7327961369662,33949.162740228705,2000000,budget_exhausted,U,budget_exhausted,,raw_state_verified,run.py:numpy-batch
HiSD,0.00012589254117941674,0.002,2000000,313,-0.5609375000000001,1.378125,completed,-1.4884349885998702,3.8277664996410077,7845.453450160114,263.84299688159234,33950.429864259306,2000000,budget_exhausted,U,budget_exhausted,,raw_state_verified,run.py:numpy-batch
HiSD,0.00012589254117941674,0.002,2000000,314,-0.5515625000000001,1.378125,completed,-1.4971525341046918,3.812142021513862,7276.717230140438,169.33221304988567,31323.2204565925,2000000,budget_exhausted,U,budget_exhausted,,raw_state_verified,run.py:numpy-batch
HiSD,0.00012589254117941674,0.002,2000000,315,-0.5421875,1.378125,completed,-1.5705887809583592,3.7754495293797214,5737.652000738404,775.2715684909003,24205.969782157215,2000000,budget_exhausted,U,budget_exhausted,,raw_state_verified,run.py:numpy-batch
HiSD,0.00012589254117941674,0.002,2000000,316,-0.5328125000000001,1.378125,completed,-1.5716522758606675,3.7744403096244823,5707.457253388698,778.7663310777123,24069.230414043137,2000000,budget_exhausted,U,budget_exhausted,,raw_state_verified,run.py:numpy-batch
HiSD,0.00012589254117941674,0.002,2000000,317,-0.5234375,1.378125,completed,-1.524050478334491,3.790377470361885,6440.135541579579,265.56553162833956,27456.81576660196,2000000,budget_exhausted,U,budget_exhausted,,raw_state_verified,run.py:numpy-batch
HiSD,0.00012589254117941674,0.002,2000000,318,-0.5140625000000001,1.378125,completed,-1.6402943204803153,3.748431916584469,4770.561077644034,1530.542319678448,19827.48666254055,2000000,budget_exhausted,U,budget_exhausted,,raw_state_verified,run.py:numpy-batch
HiSD,0.00012589254117941674,0.002,2000000,319,-0.5046875000000001,1.378125,completed,-1.5676356150995838,3.7765321409047545,5782.368795595846,743.5224719635606,24411.07827024078,2000000,budget_exhausted,U,budget_exhausted,,raw_state_verified,run.py:numpy-batch
HiSD,0.00012589254117941674,0.002,2000000,320,-0.7953125000000001,1.3968749999999999,completed,-0.8920654966724483,3.4977637881267594,5412.451572023455,1097.8958353929122,24117.83147370715,2000000,budget_exhausted,U,budget_exhausted,,raw_state_verified,run.py:numpy-batch
HiSD,0.00012589254117941674,0.002,2000000,321,-0.7859375000000001,1.3968749999999999,completed,-0.8858875495323884,3.497002737050918,5460.030550288299,1199.4199562936024,24373.486609010048,2000000,budget_exhausted,U,budget_exhausted,,raw_state_verified,run.py:numpy-batch
HiSD,0.00012589254117941674,0.002,2000000,322,-0.7765625,1.3968749999999999,completed,-0.6477097843728428,3.458346507015329,7753.277615895375,4472.056070571853,36546.4210128154,2000000,budget_exhausted,U,budget_exhausted,,raw_state_verified,run.py:numpy-batch
HiSD,0.00012589254117941674,0.002,2000000,323,-0.7671875,1.3968749999999999,completed,-0.5771482671504634,3.447051819140974,8781.191375788323,5051.234375004166,41741.55110693531,2000000,budget_exhausted,U,budget_exhausted,,raw_state_verified,run.py:numpy-batch
HiSD,0.00012589254117941674,0.002,2000000,324,-0.7578125,1.3968749999999999,completed,-0.7759044227324283,3.478330298943336,6316.704378743346,2910.0516883546766,29029.079890547768,2000000,budget_exhausted,U,budget_exhausted,,raw_state_verified,run.py:numpy-batch
HiSD,0.00012589254117941674,0.002,2000000,325,-0.7484375000000001,1.3968749999999999,completed,-0.577654140969978,3.4469870161071836,8767.950584666298,5046.891688341926,41675.14687670034,2000000,budget_exhausted,U,budget_exhausted,,raw_state_verified,run.py:numpy-batch
HiSD,0.00012589254117941674,0.002,2000000,326,-0.7390625000000001,1.3968749999999999,completed,-0.7766902773613763,3.478473720330251,6309.913740219469,2898.8083523037467,28992.42854174987,2000000,budget_exhausted,U,budget_exhausted,,raw_state_verified,run.py:numpy-batch
HiSD,0.00012589254117941674,0.002,2000000,327,-0.7296875,1.3968749999999999,completed,-0.7781079730580364,3.4786633099446846,6295.96935746052,2878.3087720563753,28917.958094035257,2000000,budget_exhausted,U,budget_exhausted,,raw_state_verified,run.py:numpy-batch
HiSD,0.00012589254117941674,0.002,2000000,328,-0.7203125,1.3968749999999999,completed,-1.088354875996477,3.516144635086807,4093.528644578896,-1917.2003213984979,17356.795339266206,2000000,budget_exhausted,U,budget_exhausted,,raw_state_verified,run.py:numpy-batch
HiSD,0.00012589254117941674,0.002,2000000,329,-0.7109375,1.3968749999999999,completed,-0.5766879301713846,3.4469676810161998,8788.19107774239,5054.24347369719,41776.56706388276,2000000,budget_exhausted,U,budget_exhausted,,raw_state_verified,run.py:numpy-batch
HiSD,0.00012589254117941674,0.002,2000000,330,-0.7015625000000001,1.3968749999999999,completed,-0.8962209798871341,3.4983104990168243,5381.571259694696,1029.5365488407513,23951.69469993711,2000000,budget_exhausted,U,budget_exhausted,,raw_state_verified,run.py:numpy-batch
HiSD,0.00012589254117941674,0.002,2000000,331,-0.6921875000000001,1.3968749999999999,completed,-0.5773014799874625,3.4469311711640884,8773.606306229214,5049.260666320436,41703.45111896885,2000000,budget_exhausted,U,budget_exhausted,,raw_state_verified,run.py:numpy-batch
HiSD,0.00012589254117941674,0.002,2000000,332,-0.6828125,1.3968749999999999,completed,-1.0851425683824956,3.5158884457856,4112.014727173345,-1875.9603623674773,17445.129251908584,2000000,budget_exhausted,U,budget_exhausted,,raw_state_verified,run.py:numpy-batch
HiSD,0.00012589254117941674,0.002,2000000,333,-0.6734375,1.3968749999999999,completed,-0.5766316982843478,3.446973710187511,8789.624279347085,5054.717087354865,41783.75367653668,2000000,budget_exhausted,U,budget_exhausted,,raw_state_verified,run.py:numpy-batch
HiSD,0.00012589254117941674,0.002,2000000,334,-0.6640625,1.3968749999999999,completed,-0.6524838732840448,3.4592310926510517,7694.374078414725,4425.839764112281,36244.34631533676,2000000,budget_exhausted,U,budget_exhausted,,raw_state_verified,run.py:numpy-batch
HiSD,0.00012589254117941674,0.002,2000000,335,-0.6546875000000001,1.3968749999999999,completed,-1.0890271006118302,3.5161603546167637,4089.09027657375,-1925.779528530542,17335.61914593285,2000000,budget_exhausted,U,budget_exhausted,,raw_state_verified,run.py:numpy-batch
HiSD,0.00012589254117941674,0.002,2000000,336,-0.6453125000000001,1.3968749999999999,completed,-0.5766043182560822,3.4469997417618727,8791.140404973496,5055.098781511002,41791.37097056412,2000000,budget_exhausted,U,budget_exhausted,,raw_state_verified,run.py:numpy-batch
HiSD,0.00012589254117941674,0.002,2000000,337,-0.6359375,1.3968749999999999,completed,-0.5769142735349992,3.447160916362715,8790.126332250189,5053.757956996798,41786.40944983366,2000000,budget_exhausted,U,budget_exhausted,,raw_state_verified,run.py:numpy-batch
HiSD,0.00012589254117941674,0.002,2000000,338,-0.6265625,1.3968749999999999,completed,-0.8852411833601402,3.496924242322876,5465.073798312096,1210.0309949322386,24400.58715474973,2000000,budget_exhausted,U,budget_exhausted,,raw_state_verified,run.py:numpy-batch
HiSD,0.00012589254117941674,0.002,2000000,339,-0.6171875,1.3968749999999999,completed,-0.7757306571359184,3.478295718037084,6318.1358098387,2912.5281290681364,29036.83843277327,2000000,budget_exhausted,U,budget_exhausted,,raw_state_verified,run.py:numpy-batch
HiSD,0.00012589254117941674,0.002,2000000,340,-0.6078125000000001,1.3968749999999999,completed,-0.6490826642547262,3.458733920319804,7740.407002180465,4459.533080703426,36479.87995876297,2000000,budget_exhausted,U,budget_exhausted,,raw_state_verified,run.py:numpy-batch
HiSD,0.00012589254117941674,0.002,2000000,341,-0.5984375000000001,1.3968749999999999,completed,-1.5667488021086164,3.7769774528191498,5798.681553009972,735.5653755074633,24485.619373969355,2000000,budget_exhausted,U,budget_exhausted,,raw_state_verified,run.py:numpy-batch
HiSD,0.00012589254117941674,0.002,2000000,342,-0.5890625,1.3968749999999999,completed,-1.6414502728015252,3.7482331013317536,4761.0006244985125,1546.3306592943877,19784.466705113144,2000000,budget_exhausted,U,budget_exhausted,,raw_state_verified,run.py:numpy-batch
HiSD,0.00012589254117941674,0.002,2000000,343,-0.5796875,1.3968749999999999,completed,-1.4881460681709862,3.8275153569503915,7840.261168994519,256.31050961450836,33927.50755336701,2000000,budget_exhausted,U,budget_exhausted,,raw_state_verified,run.py:numpy-batch
HiSD,0.00012589254117941674,0.002,2000000,344,-0.5703125,1.3968749999999999,completed,-1.5254641495455286,3.7891282795442525,6396.565734220283,270.00460817570894,27256.81288379048,2000000,budget_exhausted,U,budget_exhausted,,raw_state_verified,run.py:numpy-batch
HiSD,0.00012589254117941674,0.002,2000000,345,-0.5609375000000001,1.3968749999999999,completed,-1.6397160068410992,3.7483355475173736,4771.667759576742,1520.2164909796695,19832.858194637454,2000000,budget_exhausted,U,budget_exhausted,,raw_state_verified,run.py:numpy-batch
HiSD,0.00012589254117941674,0.002,2000000,346,-0.5515625000000001,1.3968749999999999,completed,-1.4962614711646078,3.8129492221088426,7309.0546928561025,167.81697713658613,31473.26200339872,2000000,budget_exhausted,U,budget_exhausted,,raw_state_verified,run.py:numpy-batch
HiSD,0.00012589254117941674,0.002,2000000,347,-0.5421875,1.3968749999999999,completed,-1.5646260128195961,3.7779286952965916,5835.264514647306,715.091295952722,24653.13397232055,2000000,budget_exhausted,U,budget_exhausted,,raw_state_verified,run.py:numpy-batch
HiSD,0.00012589254117941674,0.002,2000000,348,-0.5328125000000001,1.3968749999999999,completed,-1.4967036923861363,3.8128107959916373,7300.818887834173,172.1268921988391,31434.437091831867,2000000,budget_exhausted,U,budget_exhausted,,raw_state_verified,run.py:numpy-batch
HiSD,0.00012589254117941674,0.002,2000000,349,-0.5234375,1.3968749999999999,completed,-1.5719121600159758,3.7744504478730834,5705.979117376743,782.9268765203504,24062.17696704353,2000000,budget_exhausted,U,budget_exhausted,,raw_state_verified,run.py:numpy-batch
HiSD,0.00012589254117941674,0.002,2000000,350,-0.5140625000000001,1.3968749999999999,completed,-1.4882693476721203,3.827763713071662,7847.03444639694,261.51108174008846,33958.19343949236,2000000,budget_exhausted,U,budget_exhausted,,raw_state_verified,run.py:numpy-batch
HiSD,0.00012589254117941674,0.002,2000000,351,-0.5046875000000001,1.3968749999999999,completed,-1.5659825725812433,3.7772039529020027,5809.12611896045,726.657795755267,24533.72133769485,2000000,budget_exhausted,U,budget_exhausted,,raw_state_verified,run.py:numpy-batch
HiSD,0.00012589254117941674,0.002,2000000,352,-0.7953125000000001,1.415625,completed,-1.6417069518499317,3.7485063787565363,4764.841570869921,1553.7662910930626,19801.122444683184,2000000,budget_exhausted,U,budget_exhausted,,raw_state_verified,run.py:numpy-batch
HiSD,0.00012589254117941674,0.002,2000000,353,-0.7859375000000001,1.415625,completed,-1.5255377554618361,3.7890414154777865,6393.740866363622,269.9537377532509,27243.891676045503,2000000,budget_exhausted,U,budget_exhausted,,raw_state_verified,run.py:numpy-batch
HiSD,0.00012589254117941674,0.002,2000000,354,-0.7765625,1.415625,completed,-0.6560808856987755,3.459829735537827,7648.408899535563,4390.047425249309,36008.54863348217,2000000,budget_exhausted,U,budget_exhausted,,raw_state_verified,run.py:numpy-batch
HiSD,0.00012589254117941674,0.002,2000000,355,-0.7671875,1.415625,completed,-0.6468928025818577,3.458204431507028,7763.725823598678,4479.914629303849,36599.90234961807,2000000,budget_exhausted,U,budget_exhausted,,raw_state_verified,run.py:numpy-batch
HiSD,0.00012589254117941674,0.002,2000000,356,-0.7578125,1.415625,completed,-0.5774761977348645,3.446948693976321,8770.445117268899,5048.021530843283,41687.62140573985,2000000,budget_exhausted,U,budget_exhausted,,raw_state_verified,run.py:numpy-batch
HiSD,0.00012589254117941674,0.002,2000000,357,-0.7484375000000001,1.415625,completed,-0.6481196686161904,3.458417657837828,7748.040483690239,4468.102107680563,36519.60786366805,2000000,budget_exhausted,U,budget_exhausted,,raw_state_verified,run.py:numpy-batch
HiSD,0.00012589254117941674,0.002,2000000,358,-0.7390625000000001,1.415625,completed,-0.7819554308424741,3.479428058696287,6264.625211054518,2823.00134581386,28747.830279450787,2000000,budget_exhausted,U,budget_exhausted,,raw_state_verified,run.py:numpy-batch
HiSD,0.00012589254117941674,0.002,2000000,359,-0.7296875,1.415625,completed,-0.7820248665989032,3.4794350849026845,6263.893933135493,2821.9829564799907,28743.943885674853,2000000,budget_exhausted,U,budget_exhausted,,raw_state_verified,run.py:numpy-batch
HiSD,0.00012589254117941674,0.002,2000000,360,-0.7203125,1.415625,completed,-0.5773333888219709,3.447025396258754,8776.247452141606,5049.628374311355,41716.75512271186,2000000,budget_exhausted,U,budget_exhausted,,raw_state_verified,run.py:numpy-batch
HiSD,0.00012589254117941674,0.002,2000000,361,-0.7109375,1.415625,completed,-0.7782739108972502,3.478746008513329,6295.854706398018,2876.0550172974467,28916.71609067211,2000000,budget_exhausted,U,budget_exhausted,,raw_state_verified,run.py:numpy-batch
HiSD,0.00012589254117941674,0.002,2000000,362,-0.7015625000000001,1.415625,completed,-0.7826294247249516,3.4794221660684714,6255.691780296554,2812.9337393990468,28701.06873759843,2000000,budget_exhausted,U,budget_exhausted,,raw_state_verified,run.py:numpy-batch
HiSD,0.00012589254117941674,0.002,2000000,363,-0.6921875000000001,1.415625,completed,-0.5771629146317553,3.447051604845176,8780.86647248128,5051.1195917514215,41739.92267779635,2000000,budget_exhausted,U,budget_exhausted,,raw_state_verified,run.py:numpy-batch
HiSD,0.00012589254117941674,0.002,2000000,364,-0.6828125,1.415625,completed,-0.6562794648180892,3.4598768017843744,7646.316240392057,4388.124047198904,35997.739457643824,2000000,budget_exhausted,U,budget_exhausted,,raw_state_verified,run.py:numpy-batch
HiSD,0.00012589254117941674,0.002,2000000,365,-0.6734375,1.415625,completed,-0.6562258864797369,3.4598679813026756,7647.000187951199,4388.662058535432,36001.25025539784,2000000,budget_exhausted,U,budget_exhausted,,raw_state_verified,run.py:numpy-batch
HiSD,0.00012589254117941674,0.002,2000000,366,-0.6640625,1.415625,completed,-0.648918923939513,3.458692171668023,7742.078560796116,4461.053663145878,36488.4989712765,2000000,budget_exhausted,U,budget_exhausted,,raw_state_verified,run.py:numpy-batch
HiSD,0.00012589254117941674,0.002,2000000,367,-0.6546875000000001,1.415625,completed,-1.0883813642406888,3.5161456520090493,4093.3597708244206,-1917.538700319586,17355.989423894738,2000000,budget_exhausted,U,budget_exhausted,,raw_state_verified,run.py:numpy-batch
HiSD,0.00012589254117941674,0.002,2000000,368,-0.6453125000000001,1.415625,completed,-0.6561191710946513,3.4598617317155895,7648.711404375756,4389.788466462857,36009.98070131035,2000000,budget_exhausted,U,budget_exhausted,,raw_state_verified,run.py:numpy-batch
HiSD,0.00012589254117941674,0.002,2000000,369,-0.6359375,1.415625,completed,-0.647022858420533,3.458284910027775,7763.870510555093,4478.95837196762,36600.40315793175,2000000,budget_exhausted,U,budget_exhausted,,raw_state_verified,run.py:numpy-batch
HiSD,0.00012589254117941674,0.002,2000000,370,-0.6265625,1.415625,completed,-0.8865948287337101,3.4970885415868733,5454.519258475669,1187.8060971690495,24343.874571639033,2000000,budget_exhausted,U,budget_exhausted,,raw_state_verified,run.py:numpy-batch
HiSD,0.00012589254117941674,0.002,2000000,371,-0.6171875,1.415625,completed,-0.6472613665646293,3.458344489099196,7761.384192734963,4476.757026430625,36587.601812227,2000000,budget_exhausted,U,budget_exhausted,,raw_state_verified,run.py:numpy-batch
HiSD,0.00012589254117941674,0.002,2000000,372,-0.6078125000000001,1.415625,completed,-0.5766480641040407,3.446971150414349,8789.178615946192,5054.573989606815,41781.51843654887,2000000,budget_exhausted,U,budget_exhausted,,raw_state_verified,run.py:numpy-batch
HiSD,0.00012589254117941674,0.002,2000000,373,-0.5984375000000001,1.415625,completed,-0.9083072696809253,3.4997810560766833,5290.998931240689,830.3345163359007,23466.397373894604,2000000,budget_exhausted,U,budget_exhausted,,raw_state_verified,run.py:numpy-batch
HiSD,0.00012589254117941674,0.002,2000000,374,-0.5890625,1.415625,completed,-0.7822929582407298,3.4794622808214535,6261.073503128063,2818.049962815639,28728.953373026285,2000000,budget_exhausted,U,budget_exhausted,,raw_state_verified,run.py:numpy-batch
HiSD,0.00012589254117941674,0.002,2000000,375,-0.5796875,1.415625,completed,-0.6483540229576061,3.45857295069781,7748.625492303177,4466.415233041353,36522.11827572039,2000000,budget_exhausted,U,budget_exhausted,,raw_state_verified,run.py:numpy-batch
HiSD,0.00012589254117941674,0.002,2000000,376,-0.5703125,1.415625,completed,-0.6489785606071311,3.458705815332404,7741.420962338044,4460.492139548459,36485.116664215624,2000000,budget_exhausted,U,budget_exhausted,,raw_state_verified,run.py:numpy-batch
HiSD,0.00012589254117941674,0.002,2000000,377,-0.5609375000000001,1.415625,completed,-1.086018891274324,3.515939752702636,4106.673673847925,-1887.2525769787978,17419.585793941667,2000000,budget_exhausted,U,budget_exhausted,,raw_state_verified,run.py:numpy-batch
HiSD,0.00012589254117941674,0.002,2000000,378,-0.5515625000000001,1.415625,completed,-0.5766285725584686,3.447032271602094,8791.76665173798,5055.124380517609,41794.53382124374,2000000,budget_exhausted,U,budget_exhausted,,raw_state_verified,run.py:numpy-batch
HiSD,0.00012589254117941674,0.002,2000000,379,-0.5421875,1.415625,completed,-1.0851558484763206,3.5158891463068724,4111.932529356283,-1876.1317195312938,17444.736019502485,2000000,budget_exhausted,U,budget_exhausted,,raw_state_verified,run.py:numpy-batch
HiSD,0.00012589254117941674,0.002,2000000,380,-0.5328125000000001,1.415625,completed,-1.640036553287742,3.7482699877918626,4768.816057896755,1524.4667852044101,19820.04256824107,2000000,budget_exhausted,U,budget_exhausted,,raw_state_verified,run.py:numpy-batch
HiSD,0.00012589254117941674,0.002,2000000,381,-0.5234375,1.415625,completed,-1.6398339571588743,3.7483072717190575,4770.540033954332,1521.729078908807,19827.797668807238,2000000,budget_exhausted,U,budget_exhausted,,raw_state_verified,run.py:numpy-batch
HiSD,0.00012589254117941674,0.002,2000000,382,-0.5140625000000001,1.415625,completed,-1.5255819384436555,3.7889143006985218,6390.104021332989,268.94759082686517,27227.372648764293,2000000,budget_exhausted,U,budget_exhausted,,raw_state_verified,run.py:numpy-batch
HiSD,0.00012589254117941674,0.002,2000000,383,-0.5046875000000001,1.415625,completed,-1.641587455843581,3.7486115872401164,4767.420556825976,1553.1832865970016,19812.558416994012,2000000,budget_exhausted,U,budget_exhausted,,raw_state_verified,run.py:numpy-batch
HiSD,0.00012589254117941674,0.002,2000000,384,-0.7953125000000001,1.434375,completed,-1.5240354995500742,3.7904032507665475,6440.926624421612,265.6825890318915,27460.4237302791,2000000,budget_exhausted,U,budget_exhausted,,raw_state_verified,run.py:numpy-batch
HiSD,0.00012589254117941674,0.002,2000000,385,-0.7859375000000001,1.434375,completed,-1.4883539821882996,3.827763291803684,7846.166982648442,262.6764868337895,33953.95297234559,2000000,budget_exhausted,U,budget_exhausted,,raw_state_verified,run.py:numpy-batch
HiSD,0.00012589254117941674,0.002,2000000,386,-0.7765625,1.434375,completed,-1.564597435288328,3.777986434674745,5836.812905209546,715.3969008177064,24660.114737429147,2000000,budget_exhausted,U,budget_exhausted,,raw_state_verified,run.py:numpy-batch
HiSD,0.00012589254117941674,0.002,2000000,387,-0.7671875,1.434375,completed,-1.5253582784824204,3.7892613566956372,6400.842397446468,270.18422947906765,27276.363014197246,2000000,budget_exhausted,U,budget_exhausted,,raw_state_verified,run.py:numpy-batch
HiSD,0.00012589254117941674,0.002,2000000,388,-0.7578125,1.434375,completed,-0.7825885113799316,3.4795083105727467,6258.365549409794,2813.7503852141303,28714.403792004232,2000000,budget_exhausted,U,budget_exhausted,,raw_state_verified,run.py:numpy-batch
HiSD,0.00012589254117941674,0.002,2000000,389,-0.7484375000000001,1.434375,completed,-0.5766464734504502,3.4469718474066933,8789.237805212824,5054.590830098755,41781.815571559215,2000000,budget_exhausted,U,budget_exhausted,,raw_state_verified,run.py:numpy-batch
HiSD,0.00012589254117941674,0.002,2000000,390,-0.7390625000000001,1.434375,completed,-0.7757455259912375,3.4782972964548295,6317.9786148399435,2912.312792066424,29036.00354873904,2000000,budget_exhausted,U,budget_exhausted,,raw_state_verified,run.py:numpy-batch
HiSD,0.00012589254117941674,0.002,2000000,391,-0.7296875,1.434375,completed,-1.085143572513513,3.5158887393272384,4112.012237129191,-1875.9733108760452,17445.11731157844,2000000,budget_exhausted,U,budget_exhausted,,raw_state_verified,run.py:numpy-batch
HiSD,0.00012589254117941674,0.002,2000000,392,-0.7203125,1.434375,completed,-1.0886874436517797,3.516123994486745,4090.8943853717215,-1921.448336017067,17344.22477100609,2000000,budget_exhausted,U,budget_exhausted,,raw_state_verified,run.py:numpy-batch
HiSD,0.00012589254117941674,0.002,2000000,393,-0.7109375,1.434375,completed,-1.0872998923306767,3.5160466063795823,4099.3735597605655,-1903.7028032389353,17384.70052518431,2000000,budget_exhausted,U,budget_exhausted,,raw_state_verified,run.py:numpy-batch
HiSD,0.00012589254117941674,0.002,2000000,394,-0.7015625000000001,1.434375,completed,-0.6531546155680859,3.459289402911915,7684.117747924607,4418.943242888692,36192.000809200064,2000000,budget_exhausted,U,budget_exhausted,,raw_state_verified,run.py:numpy-batch
HiSD,0.00012589254117941674,0.002,2000000,395,-0.6921875000000001,1.434375,completed,-0.577228357160331,3.447037713887789,8778.95746901555,5050.522224828402,41730.345496073736,2000000,budget_exhausted,U,budget_exhausted,,raw_state_verified,run.py:numpy-batch
HiSD,0.00012589254117941674,0.002,2000000,396,-0.6828125,1.434375,completed,-0.889454369294038,3.497459702487197,5432.845819491233,1140.8442019569736,24227.208041113692,2000000,budget_exhausted,U,budget_exhausted,,raw_state_verified,run.py:numpy-batch
HiSD,0.00012589254117941674,0.002,2000000,397,-0.6734375,1.434375,completed,-0.6485828318623559,3.4586354808757536,7746.416885307272,4464.316901391307,36510.711007547165,2000000,budget_exhausted,U,budget_exhausted,,raw_state_verified,run.py:numpy-batch
HiSD,0.00012589254117941674,0.002,2000000,398,-0.6640625,1.434375,completed,-0.5776644858563593,3.4469770796134376,8767.375821926718,5046.746688799017,41672.259364950456,2000000,budget_exhausted,U,budget_exhausted,,raw_state_verified,run.py:numpy-batch
HiSD,0.00012589254117941674,0.002,2000000,399,-0.6546875000000001,1.434375,completed,-0.7794421505926555,3.4789382162384115,6285.305982280762,2859.2027568453036,28859.983295029822,2000000,budget_exhausted,U,budget_exhausted,,raw_state_verified,run.py:numpy-batch
HiSD,0.00012589254117941674,0.002,2000000,400,-0.6453125000000001,1.434375,completed,-0.7789799839685796,3.4788636204429593,6289.51120919252,2865.877824062279,28882.585780273585,2000000,budget_exhausted,U,budget_exhausted,,raw_state_verified,run.py:numpy-batch
HiSD,0.00012589254117941674,0.002,2000000,401,-0.6359375,1.434375,completed,-0.6478503100765333,3.458471454032236,7754.6220025975035,4471.208558263296,36552.881446431755,2000000,budget_exhausted,U,budget_exhausted,,raw_state_verified,run.py:numpy-batch
HiSD,0.00012589254117941674,0.002,2000000,402,-0.6265625,1.434375,completed,-0.6541190707294063,3.4594656585821624,7672.260454611638,4409.450701421663,36131.117712886815,2000000,budget_exhausted,U,budget_exhausted,,raw_state_verified,run.py:numpy-batch
HiSD,0.00012589254117941674,0.002,2000000,403,-0.6171875,1.434375,completed,-1.0890178036090323,3.5161535446637515,4089.050119943335,-1925.66132795704,17335.42734179611,2000000,budget_exhausted,U,budget_exhausted,,raw_state_verified,run.py:numpy-batch
HiSD,0.00012589254117941674,0.002,2000000,404,-0.6078125000000001,1.434375,completed,-0.5775478810501036,3.4470041894887697,8770.855757866,5047.827712410921,41689.71878827434,2000000,budget_exhausted,U,budget_exhausted,,raw_state_verified,run.py:numpy-batch
HiSD,0.00012589254117941674,0.002,2000000,405,-0.5984375000000001,1.434375,completed,-0.887650402912256,3.4972186542870594,5446.355116481364,1170.4696823269035,24299.993383312343,2000000,budget_exhausted,U,budget_exhausted,,raw_state_verified,run.py:numpy-batch
HiSD,0.00012589254117941674,0.002,2000000,406,-0.5890625,1.434375,completed,-1.0886807245584809,3.516123194506357,4090.928841880114,-1921.362612640285,17344.38914996798,2000000,budget_exhausted,U,budget_exhausted,,raw_state_verified,run.py:numpy-batch
HiSD,0.00012589254117941674,0.002,2000000,407,-0.5796875,1.434375,completed,-0.5767518198351104,3.447097985979436,8791.420894771987,5054.602309008107,41792.8504483461,2000000,budget_exhausted,U,budget_exhausted,,raw_state_verified,run.py:numpy-batch
HiSD,0.00012589254117941674,0.002,2000000,408,-0.5703125,1.434375,completed,-1.0871384217040578,3.516033771281747,4100.302601624561,-1901.6328642301532,17389.13814335739,2000000,budget_exhausted,U,budget_exhausted,,raw_state_verified,run.py:numpy-batch
HiSD,0.00012589254117941674,0.002,2000000,409,-0.5609375000000001,1.434375,completed,-0.7755816525457727,3.478290439268778,6319.976309231878,2914.712250490993,29046.51159118882,2000000,budget_exhausted,U,budget_exhausted,,raw_state_verified,run.py:numpy-batch
HiSD,0.00012589254117941674,0.002,2000000,410,-0.5515625000000001,1.434375,completed,-0.6529184627948293,3.459303272464485,7688.791693930691,4421.543241526537,36215.72703226245,2000000,budget_exhausted,U,budget_exhausted,,raw_state_verified,run.py:numpy-batch
HiSD,0.00012589254117941674,0.002,2000000,411,-0.5421875,1.434375,completed,-0.8853696009065912,3.4969428477450655,5464.13524520423,1207.925776413433,24395.512852580006,2000000,budget_exhausted,U,budget_exhausted,,raw_state_verified,run.py:numpy-batch
HiSD,0.00012589254117941674,0.002,2000000,412,-0.5328125000000001,1.434375,completed,-0.5775967150615887,3.446965204416687,8768.42178377969,5047.194909538244,41677.493000987146,2000000,budget_exhausted,U,budget_exhausted,,raw_state_verified,run.py:numpy-batch
HiSD,0.00012589254117941674,0.002,2000000,413,-0.5234375,1.434375,completed,-0.7831287644347431,3.479526179502476,6251.775622285533,2805.7269135155134,28679.731748540566,2000000,budget_exhausted,U,budget_exhausted,,raw_state_verified,run.py:numpy-batch
HiSD,0.00012589254117941674,0.002,2000000,414,-0.5140625000000001,1.434375,completed,-1.0850511156394163,3.515884800090261,4112.599084280855,-1874.780088333879,17447.924777529097,2000000,budget_exhausted,U,budget_exhausted,,raw_state_verified,run.py:numpy-batch
HiSD,0.00012589254117941674,0.002,2000000,415,-0.5046875000000001,1.434375,completed,-0.6556246892530969,3.4597441321656395,7653.914832359869,4394.569373494974,36036.85608327629,2000000,budget_exhausted,U,budget_exhausted,,raw_state_verified,run.py:numpy-batch
HiSD,0.00012589254117941674,0.002,2000000,416,-0.7953125000000001,1.453125,completed,-1.5240901188981208,3.7903438484762857,6438.945951948917,265.7073258581577,27451.35080506781,2000000,budget_exhausted,U,budget_exhausted,,raw_state_verified,run.py:numpy-batch
HiSD,0.00012589254117941674,0.002,2000000,417,-0.7859375000000001,1.453125,completed,-1.4968343820742112,3.8127551923733516,7297.9480997391165,173.2020259554853,31420.97119345639,2000000,budget_exhausted,U,budget_exhausted,,raw_state_verified,run.py:numpy-batch
HiSD,0.00012589254117941674,0.002,2000000,418,-0.7765625,1.453125,completed,-1.488214232147778,3.8274792877939463,7838.410506833363,256.74609061442703,33918.80889510251,2000000,budget_exhausted,U,budget_exhausted,,raw_state_verified,run.py:numpy-batch
HiSD,0.00012589254117941674,0.002,2000000,419,-0.7671875,1.453125,completed,-1.4884116528796003,3.8277735895164446,7845.917739846109,263.6197596115456,33952.63152135285,2000000,budget_exhausted,U,budget_exhausted,,raw_state_verified,run.py:numpy-batch
HiSD,0.00012589254117941674,0.002,2000000,420,-0.7578125,1.453125,completed,-1.4981662716926776,3.8113239038955737,7243.093223192251,172.4597813807546,31167.03986101663,2000000,budget_exhausted,U,budget_exhausted,,raw_state_verified,run.py:numpy-batch
HiSD,0.00012589254117941674,0.002,2000000,421,-0.7484375000000001,1.453125,completed,-1.5644800804716725,3.7780754007654895,5839.697930262625,714.7375485804745,24673.239942211727,2000000,budget_exhausted,U,budget_exhausted,,raw_state_verified,run.py:numpy-batch
HiSD,0.00012589254117941674,0.002,2000000,422,-0.7390625000000001,1.453125,completed,-0.6511803615715187,3.459009033906016,7710.98544482241,4438.651848285681,36329.504448141524,2000000,budget_exhausted,U,budget_exhausted,,raw_state_verified,run.py:numpy-batch
HiSD,0.00012589254117941674,0.002,2000000,423,-0.7296875,1.453125,completed,-0.8910587108617828,3.4976393156163708,5420.147515538548,1114.4532198328172,24159.171937276566,2000000,budget_exhausted,U,budget_exhausted,,raw_state_verified,run.py:numpy-batch
HiSD,0.00012589254117941674,0.002,2000000,424,-0.7203125,1.453125,completed,-0.7822702176937026,3.4793605303839414,6258.840006687653,2818.1451887158046,28718.047692269225,2000000,budget_exhausted,U,budget_exhausted,,raw_state_verified,run.py:numpy-batch
HiSD,0.00012589254117941674,0.002,2000000,425,-0.7109375,1.453125,completed,-0.8908699353592983,3.497643775224928,5422.178769397921,1117.580831291637,24169.80333455348,2000000,budget_exhausted,U,budget_exhausted,,raw_state_verified,run.py:numpy-batch
HiSD,0.00012589254117941674,0.002,2000000,426,-0.7015625000000001,1.453125,completed,-0.6468993637685744,3.4582037898382243,7763.58606623398,4479.842603293922,36599.19446056546,2000000,budget_exhausted,U,budget_exhausted,,raw_state_verified,run.py:numpy-batch
HiSD,0.00012589254117941674,0.002,2000000,427,-0.6921875000000001,1.453125,completed,-1.0881682669668404,3.5161363381984843,4094.701136744498,-1914.8157027320958,17362.39126120041,2000000,budget_exhausted,U,budget_exhausted,,raw_state_verified,run.py:numpy-batch
HiSD,0.00012589254117941674,0.002,2000000,428,-0.6828125,1.453125,completed,-0.5770085332069038,3.447178053179601,8788.689115483674,5053.14073706887,41779.21921845594,2000000,budget_exhausted,U,budget_exhausted,,raw_state_verified,run.py:numpy-batch
HiSD,0.00012589254117941674,0.002,2000000,429,-0.6734375,1.453125,completed,-0.5770324997780977,3.4471919600487055,8788.661975776857,5053.046169238951,41779.093392718336,2000000,budget_exhausted,U,budget_exhausted,,raw_state_verified,run.py:numpy-batch
HiSD,0.00012589254117941674,0.002,2000000,430,-0.6640625,1.453125,completed,-0.9081233434979403,3.4997655246213797,5292.498449939512,833.3721909242854,23474.356047589314,2000000,budget_exhausted,U,budget_exhausted,,raw_state_verified,run.py:numpy-batch
HiSD,0.00012589254117941674,0.002,2000000,431,-0.6546875000000001,1.453125,completed,-0.5775720642514544,3.4470014443539383,8770.235596187555,5047.62229764692,41686.60879947301,2000000,budget_exhausted,U,budget_exhausted,,raw_state_verified,run.py:numpy-batch
HiSD,0.00012589254117941674,0.002,2000000,432,-0.6453125000000001,1.453125,completed,-0.5776009375456356,3.4470173672127653,8770.173772215157,5047.502186135995,41686.31019900732,2000000,budget_exhausted,U,budget_exhausted,,raw_state_verified,run.py:numpy-batch
HiSD,0.00012589254117941674,0.002,2000000,433,-0.6359375,1.453125,completed,-1.0871277244006787,3.5160328935512606,4100.363736232812,-1901.4956963730315,17389.430177239825,2000000,budget_exhausted,U,budget_exhausted,,raw_state_verified,run.py:numpy-batch
HiSD,0.00012589254117941674,0.002,2000000,434,-0.6265625,1.453125,completed,-0.8856082147266373,3.4969757518420543,5462.356622007133,1204.01225226125,24385.915086201436,2000000,budget_exhausted,U,budget_exhausted,,raw_state_verified,run.py:numpy-batch
HiSD,0.00012589254117941674,0.002,2000000,435,-0.6171875,1.453125,completed,-0.5776372828919437,3.446991362439583,8768.468718291362,5047.0507783726525,41677.74665839922,2000000,budget_exhausted,U,budget_exhausted,,raw_state_verified,run.py:numpy-batch
HiSD,0.00012589254117941674,0.002,2000000,436,-0.6078125000000001,1.453125,completed,-0.7821133089906154,3.479458277956996,6263.317049396134,2820.7198370244505,28740.73978960709,2000000,budget_exhausted,U,budget_exhausted,,raw_state_verified,run.py:numpy-batch
HiSD,0.00012589254117941674,0.002,2000000,437,-0.5984375000000001,1.453125,completed,-1.0853544017605197,3.515905473186404,4110.794425201419,-1878.6926697942029,17439.291141522343,2000000,budget_exhausted,U,budget_exhausted,,raw_state_verified,run.py:numpy-batch
HiSD,0.00012589254117941674,0.002,2000000,438,-0.5890625,1.453125,completed,-0.648122269468111,3.4585209259556553,7751.217068041907,4468.5951123883315,36535.438493555965,2000000,budget_exhausted,U,budget_exhausted,,raw_state_verified,run.py:numpy-batch
HiSD,0.00012589254117941674,0.002,2000000,439,-0.5796875,1.453125,completed,-0.7771043909267054,3.47850871046889,6305.323750541044,2892.7753387761704,28968.130343604484,2000000,budget_exhausted,U,budget_exhausted,,raw_state_verified,run.py:numpy-batch
HiSD,0.00012589254117941674,0.002,2000000,440,-0.5703125,1.453125,completed,-0.9041051421324012,3.4993239027430216,5323.3141479188425,899.6621637376567,23638.876658315272,2000000,budget_exhausted,U,budget_exhausted,,raw_state_verified,run.py:numpy-batch
HiSD,0.00012589254117941674,0.002,2000000,441,-0.5609375000000001,1.453125,completed,-0.5767654108960419,3.4471003175980006,8791.208648438733,5054.512532604954,41791.7885268445,2000000,budget_exhausted,U,budget_exhausted,,raw_state_verified,run.py:numpy-batch
HiSD,0.00012589254117941674,0.002,2000000,442,-0.5515625000000001,1.453125,completed,-0.8932636561126962,3.497940089826751,5403.908607383352,1078.2084282087824,24071.66625779991,2000000,budget_exhausted,U,budget_exhausted,,raw_state_verified,run.py:numpy-batch
HiSD,0.00012589254117941674,0.002,2000000,443,-0.5421875,1.453125,completed,-0.9062237202351155,3.499510306446469,5306.075103823578,864.6813530039309,23547.251842029233,2000000,budget_exhausted,U,budget_exhausted,,raw_state_verified,run.py:numpy-batch
HiSD,0.00012589254117941674,0.002,2000000,444,-0.5328125000000001,1.453125,completed,-1.0863815673397932,3.5159799893171586,4104.759482131221,-1891.916266243513,17410.434199081865,2000000,budget_exhausted,U,budget_exhausted,,raw_state_verified,run.py:numpy-batch
HiSD,0.00012589254117941674,0.002,2000000,445,-0.5234375,1.453125,completed,-0.7757281342138651,3.47830322929571,6318.357915086403,2912.584205136713,29037.942928472214,2000000,budget_exhausted,U,budget_exhausted,,raw_state_verified,run.py:numpy-batch
HiSD,0.00012589254117941674,0.002,2000000,446,-0.5140625000000001,1.453125,completed,-0.5777184323120648,3.447001228343866,8767.062526795537,5046.485508275478,41670.706147455305,2000000,budget_exhausted,U,budget_exhausted,,raw_state_verified,run.py:numpy-batch
HiSD,0.00012589254117941674,0.002,2000000,447,-0.5046875000000001,1.453125,completed,-0.8856451022878118,3.496966838816826,5461.784018329438,1203.3944980935476,24382.9745912449,2000000,budget_exhausted,U,budget_exhausted,,raw_state_verified,run.py:numpy-batch
HiSD,0.00012589254117941674,0.002,2000000,448,-0.7953125000000001,1.4718749999999998,completed,-1.4965252077987405,3.8128718356841556,7304.296141325769,170.45691576225894,31450.80547189101,2000000,budget_exhausted,U,budget_exhausted,,raw_state_verified,run.py:numpy-batch
HiSD,0.00012589254117941674,0.002,2000000,449,-0.7859375000000001,1.4718749999999998,completed,-1.4884984623101851,3.8277554454937146,7844.456437990216,264.5661707680803,33945.66082122816,2000000,budget_exhausted,U,budget_exhausted,,raw_state_verified,run.py:numpy-batch
HiSD,0.00012589254117941674,0.002,2000000,450,-0.7765625,1.4718749999999998,completed,-1.488380278056034,3.8277883106569144,7846.7095861970265,263.39269898201616,33956.3604531865,2000000,budget_exhausted,U,budget_exhausted,,raw_state_verified,run.py:numpy-batch
HiSD,0.00012589254117941674,0.002,2000000,451,-0.7671875,1.4718749999999998,completed,-1.4882138058794636,3.827498592207877,7839.037508377635,257.01174149592487,33921.68595516396,2000000,budget_exhausted,U,budget_exhausted,,raw_state_verified,run.py:numpy-batch
HiSD,0.00012589254117941674,0.002,2000000,452,-0.7578125,1.4718749999999998,completed,-1.4969022848791012,3.8127543879838552,7297.296159983014,174.14260722332637,31417.805885395,2000000,budget_exhausted,U,budget_exhausted,,raw_state_verified,run.py:numpy-batch
HiSD,0.00012589254117941674,0.002,2000000,453,-0.7484375000000001,1.4718749999999998,completed,-1.4881630076137986,3.8274683257017763,7838.573177571896,255.88327142280352,33919.7131699814,2000000,budget_exhausted,U,budget_exhausted,,raw_state_verified,run.py:numpy-batch
HiSD,0.00012589254117941674,0.002,2000000,454,-0.7390625000000001,1.4718749999999998,completed,-1.5240964416324112,3.790328977108922,6438.50797727161,265.6058881718485,27449.35789719893,2000000,budget_exhausted,U,budget_exhausted,,raw_state_verified,run.py:numpy-batch
HiSD,0.00012589254117941674,0.002,2000000,455,-0.7296875,1.4718749999999998,completed,-1.6415498306282787,3.7482524319952777,4760.862784472798,1548.14153621326,19783.77507277295,2000000,budget_exhausted,U,budget_exhausted,,raw_state_verified,run.py:numpy-batch
HiSD,0.00012589254117941674,0.002,2000000,456,-0.7203125,1.4718749999999998,completed,-0.8906050145060203,3.497609055370969,5424.166626081434,1121.93506157225,24180.50279161529,2000000,budget_exhausted,U,budget_exhausted,,raw_state_verified,run.py:numpy-batch
HiSD,0.00012589254117941674,0.002,2000000,457,-0.7109375,1.4718749999999998,completed,-0.6559312792425087,3.459819255491344,7650.755832386076,4391.617156439337,36020.5282767294,2000000,budget_exhausted,U,budget_exhausted,,raw_state_verified,run.py:numpy-batch
HiSD,0.00012589254117941674,0.002,2000000,458,-0.7015625000000001,1.4718749999999998,completed,-0.5769687083806176,3.4471720778123096,8789.341104749281,5053.409831804404,41782.48239258025,2000000,budget_exhausted,U,budget_exhausted,,raw_state_verified,run.py:numpy-batch
HiSD,0.00012589254117941674,0.002,2000000,459,-0.6921875000000001,1.4718749999999998,completed,-1.0883783158015379,3.516143953647125,4093.3548325865218,-1917.4998343812397,17355.965835243325,2000000,budget_exhausted,U,budget_exhausted,,raw_state_verified,run.py:numpy-batch
HiSD,0.00012589254117941674,0.002,2000000,460,-0.6828125,1.4718749999999998,completed,-0.5767592703967837,3.447102167181688,8791.407392652922,5054.57208663246,41792.78590714069,2000000,budget_exhausted,U,budget_exhausted,,raw_state_verified,run.py:numpy-batch
HiSD,0.00012589254117941674,0.002,2000000,461,-0.6734375,1.4718749999999998,completed,-0.576661303977571,3.446973792161008,8788.98500486143,5054.489045432635,41780.55020240889,2000000,budget_exhausted,U,budget_exhausted,,raw_state_verified,run.py:numpy-batch
HiSD,0.00012589254117941674,0.002,2000000,462,-0.6640625,1.4718749999999998,completed,-0.6489554813338743,3.4587048258784914,7741.809251212547,4460.731022618792,36487.09255287033,2000000,budget_exhausted,U,budget_exhausted,,raw_state_verified,run.py:numpy-batch
HiSD,0.00012589254117941674,0.002,2000000,463,-0.6546875000000001,1.4718749999999998,completed,-0.652869282586199,3.4592948420815413,7689.414966687865,4422.02855606162,36218.92378294076,2000000,budget_exhausted,U,budget_exhausted,,raw_state_verified,run.py:numpy-batch
HiSD,0.00012589254117941674,0.002,2000000,464,-0.6453125000000001,1.4718749999999998,completed,-0.9051015093126256,3.4993739401660693,5314.420304793871,883.1850574856089,23591.931960557842,2000000,budget_exhausted,U,budget_exhausted,,raw_state_verified,run.py:numpy-batch
HiSD,0.00012589254117941674,0.002,2000000,465,-0.6359375,1.4718749999999998,completed,-1.0889355688537572,3.5161634657288454,4089.7751352709747,-1924.612172416194,17338.886207029806,2000000,budget_exhausted,U,budget_exhausted,,raw_state_verified,run.py:numpy-batch
HiSD,0.00012589254117941674,0.002,2000000,466,-0.6265625,1.4718749999999998,completed,-1.0856374300672933,3.515930420961921,4109.198727519445,-1882.3403936507038,17431.658349312267,2000000,budget_exhausted,U,budget_exhausted,,raw_state_verified,run.py:numpy-batch
HiSD,0.00012589254117941674,0.002,2000000,467,-0.6171875,1.4718749999999998,completed,-0.7831499784381627,3.4795331416541155,6251.672506037376,2805.426635955328,28679.136749250647,2000000,budget_exhausted,U,budget_exhausted,,raw_state_verified,run.py:numpy-batch
HiSD,0.00012589254117941674,0.002,2000000,468,-0.6078125000000001,1.4718749999999998,completed,-1.0851278284569146,3.515887947044333,4112.1102800490835,-1875.7701506687115,17445.586347102864,2000000,budget_exhausted,U,budget_exhausted,,raw_state_verified,run.py:numpy-batch
HiSD,0.00012589254117941674,0.002,2000000,469,-0.5984375000000001,1.4718749999999998,completed,-0.6565504258088817,3.459934457121083,7643.260489347573,4385.464829304904,35981.99132567643,2000000,budget_exhausted,U,budget_exhausted,,raw_state_verified,run.py:numpy-batch
HiSD,0.00012589254117941674,0.002,2000000,470,-0.5890625,1.4718749999999998,completed,-0.6475849610160267,3.458326591281173,7754.928402166095,4473.2676199882635,36554.86452480544,2000000,budget_exhausted,U,budget_exhausted,,raw_state_verified,run.py:numpy-batch
HiSD,0.00012589254117941674,0.002,2000000,471,-0.5796875,1.4718749999999998,completed,-0.9074676651902478,3.499666583664804,5296.955233225083,844.1721764383069,23498.388869201728,2000000,budget_exhausted,U,budget_exhausted,,raw_state_verified,run.py:numpy-batch
HiSD,0.00012589254117941674,0.002,2000000,472,-0.5703125,1.4718749999999998,completed,-0.886745301065634,3.497106762664812,5453.347249190212,1185.3348746560146,24337.57810823901,2000000,budget_exhausted,U,budget_exhausted,,raw_state_verified,run.py:numpy-batch
HiSD,0.00012589254117941674,0.002,2000000,473,-0.5609375000000001,1.4718749999999998,completed,-0.7821091899341456,3.4794438365181315,6263.011503787686,2820.7465770661124,28739.2519827196,2000000,budget_exhausted,U,budget_exhausted,,raw_state_verified,run.py:numpy-batch
HiSD,0.00012589254117941674,0.002,2000000,474,-0.5515625000000001,1.4718749999999998,completed,-1.0885134826771221,3.516147605941717,4092.469537645762,-1919.2261994822848,17351.74117703695,2000000,budget_exhausted,U,budget_exhausted,,raw_state_verified,run.py:numpy-batch
HiSD,0.00012589254117941674,0.002,2000000,475,-0.5421875,1.4718749999999998,completed,-1.0851755692459144,3.5158903965979333,4111.813722421027,-1876.3861624758056,17444.16763297408,2000000,budget_exhausted,U,budget_exhausted,,raw_state_verified,run.py:numpy-batch
HiSD,0.00012589254117941674,0.002,2000000,476,-0.5328125000000001,1.4718749999999998,completed,-0.6526270949981836,3.4592531832671143,7692.4810568472285,4424.4162956276505,36234.64944685164,2000000,budget_exhausted,U,budget_exhausted,,raw_state_verified,run.py:numpy-batch
HiSD,0.00012589254117941674,0.002,2000000,477,-0.5234375,1.4718749999999998,completed,-0.9077670241982347,3.4997319673937,5295.3342168633235,839.2547704617164,23489.43769396238,2000000,budget_exhausted,U,budget_exhausted,,raw_state_verified,run.py:numpy-batch
HiSD,0.00012589254117941674,0.002,2000000,478,-0.5140625000000001,1.4718749999999998,completed,-1.0852299637764684,3.5158933229060167,4111.477961173946,-1877.087914045565,17442.561419154918,2000000,budget_exhausted,U,budget_exhausted,,raw_state_verified,run.py:numpy-batch
HiSD,0.00012589254117941674,0.002,2000000,479,-0.5046875000000001,1.4718749999999998,completed,-0.8855885011296818,3.4969610926529793,5462.2495573974875,1204.324727025263,24385.464725265796,2000000,budget_exhausted,U,budget_exhausted,,raw_state_verified,run.py:numpy-batch
HiSD,0.00012589254117941674,0.002,2000000,480,-0.7953125000000001,1.4906249999999999,completed,-1.4884336592322311,3.8277672672322662,7845.491641116444,263.8353996542187,33950.60914082658,2000000,budget_exhausted,U,budget_exhausted,,raw_state_verified,run.py:numpy-batch
HiSD,0.00012589254117941674,0.002,2000000,481,-0.7859375000000001,1.4906249999999999,completed,-1.5253636656426606,3.7892568157712083,6400.682573049254,270.2041219627344,27275.629105399894,2000000,budget_exhausted,U,budget_exhausted,,raw_state_verified,run.py:numpy-batch
HiSD,0.00012589254117941674,0.002,2000000,482,-0.7765625,1.4906249999999999,completed,-1.567632093211506,3.776555082308336,5782.925144631679,743.7639548653597,24413.57200423159,2000000,budget_exhausted,U,budget_exhausted,,raw_state_verified,run.py:numpy-batch
HiSD,0.00012589254117941674,0.002,2000000,483,-0.7671875,1.4906249999999999,completed,-1.497332062738976,3.811793502084316,7264.691808541526,167.120400925664,31267.86559701656,2000000,budget_exhausted,U,budget_exhausted,,raw_state_verified,run.py:numpy-batch
HiSD,0.00012589254117941674,0.002,2000000,484,-0.7578125,1.4906249999999999,completed,-1.6416039548863202,3.7485960340596733,4767.0450724495,1553.2510525093485,19810.894147968604,2000000,budget_exhausted,U,budget_exhausted,,raw_state_verified,run.py:numpy-batch
HiSD,0.00012589254117941674,0.002,2000000,485,-0.7484375000000001,1.4906249999999999,completed,-1.4881357502245192,3.8275288911476233,7840.801875319048,256.3581773386343,33930.01943115775,2000000,budget_exhausted,U,budget_exhausted,,raw_state_verified,run.py:numpy-batch
HiSD,0.00012589254117941674,0.002,2000000,486,-0.7390625000000001,1.4906249999999999,completed,-1.4962240818058565,3.8129094869916975,7308.211984713301,166.7535844204965,31469.521791541665,2000000,budget_exhausted,U,budget_exhausted,,raw_state_verified,run.py:numpy-batch
HiSD,0.00012589254117941674,0.002,2000000,487,-0.7296875,1.4906249999999999,completed,-1.5248698520629584,3.7896216468562707,6414.014847494473,267.71507167663754,27336.959139725543,2000000,budget_exhausted,U,budget_exhausted,,raw_state_verified,run.py:numpy-batch
HiSD,0.00012589254117941674,0.002,2000000,488,-0.7203125,1.4906249999999999,completed,-1.6416431350338363,3.7485517926654564,4766.016209387256,1553.3214778039896,19806.339181258874,2000000,budget_exhausted,U,budget_exhausted,,raw_state_verified,run.py:numpy-batch
HiSD,0.00012589254117941674,0.002,2000000,489,-0.7109375,1.4906249999999999,completed,-0.7823760082229287,3.4794876434088136,6260.621400476677,2816.8718212015515,28726.38584395944,2000000,budget_exhausted,U,budget_exhausted,,raw_state_verified,run.py:numpy-batch
HiSD,0.00012589254117941674,0.002,2000000,490,-0.7015625000000001,1.4906249999999999,completed,-0.6492007727597803,3.4587636254383325,7739.188989918991,4458.433452381767,36473.601282764015,2000000,budget_exhausted,U,budget_exhausted,,raw_state_verified,run.py:numpy-batch
HiSD,0.00012589254117941674,0.002,2000000,491,-0.6921875000000001,1.4906249999999999,completed,-0.6469715797838805,3.458272714212699,7764.4244611812655,4479.434425292863,36603.251957381566,2000000,budget_exhausted,U,budget_exhausted,,raw_state_verified,run.py:numpy-batch
HiSD,0.00012589254117941674,0.002,2000000,492,-0.6828125,1.4906249999999999,completed,-1.0854277097128175,3.5159155487956752,4110.436977365709,-1879.637655551219,17437.58077267245,2000000,budget_exhausted,U,budget_exhausted,,raw_state_verified,run.py:numpy-batch
HiSD,0.00012589254117941674,0.002,2000000,493,-0.6734375,1.4906249999999999,completed,-0.776034421019813,3.4783742284554386,6316.087422610712,2908.243677107162,29025.51178368451,2000000,budget_exhausted,U,budget_exhausted,,raw_state_verified,run.py:numpy-batch
HiSD,0.00012589254117941674,0.002,2000000,494,-0.6640625,1.4906249999999999,completed,-0.5766103315944805,3.4470113018576667,8791.419485502067,5055.1280011528725,41792.77824626512,2000000,budget_exhausted,U,budget_exhausted,,raw_state_verified,run.py:numpy-batch
HiSD,0.00012589254117941674,0.002,2000000,495,-0.6546875000000001,1.4906249999999999,completed,-1.0859969226108692,3.515952353169243,4107.022216175023,-1886.9693398033962,17421.251004688595,2000000,budget_exhausted,U,budget_exhausted,,raw_state_verified,run.py:numpy-batch
HiSD,0.00012589254117941674,0.002,2000000,496,-0.6453125000000001,1.4906249999999999,completed,-0.5767367262596075,3.447073054239877,8790.865057064402,5054.55583275486,41790.04626085087,2000000,budget_exhausted,U,budget_exhausted,,raw_state_verified,run.py:numpy-batch
HiSD,0.00012589254117941674,0.002,2000000,497,-0.6359375,1.4906249999999999,completed,-0.9074198322542094,3.499659238222968,5297.2780053414035,844.9599468538967,23500.130870575456,2000000,budget_exhausted,U,budget_exhausted,,raw_state_verified,run.py:numpy-batch
HiSD,0.00012589254117941674,0.002,2000000,498,-0.6265625,1.4906249999999999,completed,-0.6468861340368267,3.4582460510373463,7765.149308595153,4480.19529624697,36607.010618781205,2000000,budget_exhausted,U,budget_exhausted,,raw_state_verified,run.py:numpy-batch
HiSD,0.00012589254117941674,0.002,2000000,499,-0.6171875,1.4906249999999999,completed,-1.0890068786666862,3.516144782729243,4088.991239546047,-1925.522461580308,17335.146150299137,2000000,budget_exhausted,U,budget_exhausted,,raw_state_verified,run.py:numpy-batch
HiSD,0.00012589254117941674,0.002,2000000,500,-0.6078125000000001,1.4906249999999999,completed,-0.7816983116297026,3.479400816093249,6267.303882419677,2826.768399919057,28762.07745227551,2000000,budget_exhausted,U,budget_exhausted,,raw_state_verified,run.py:numpy-batch
HiSD,0.00012589254117941674,0.002,2000000,501,-0.5984375000000001,1.4906249999999999,completed,-1.0850582689893633,3.515884941141024,4112.5511408857765,-1874.8724252138618,17447.695428881594,2000000,budget_exhausted,U,budget_exhausted,,raw_state_verified,run.py:numpy-batch
HiSD,0.00012589254117941674,0.002,2000000,502,-0.5890625,1.4906249999999999,completed,-1.088696962127566,3.5161247064671923,4090.8390847691835,-1921.569791549779,17343.96093985345,2000000,budget_exhausted,U,budget_exhausted,,raw_state_verified,run.py:numpy-batch
HiSD,0.00012589254117941674,0.002,2000000,503,-0.5796875,1.4906249999999999,completed,-1.0888750652704386,3.5161547379760085,4090.0618291280543,-1923.8408844077758,17340.25360079405,2000000,budget_exhausted,U,budget_exhausted,,raw_state_verified,run.py:numpy-batch
HiSD,0.00012589254117941674,0.002,2000000,504,-0.5703125,1.4906249999999999,completed,-0.6557531934952796,3.4597685750333342,7652.373348608891,4393.298104988952,36028.92981917586,2000000,budget_exhausted,U,budget_exhausted,,raw_state_verified,run.py:numpy-batch
HiSD,0.00012589254117941674,0.002,2000000,505,-0.5609375000000001,1.4906249999999999,completed,-0.5771514480378837,3.4470508614631985,8781.088575392212,5051.203498262101,41741.035219718295,2000000,budget_exhausted,U,budget_exhausted,,raw_state_verified,run.py:numpy-batch
HiSD,0.00012589254117941674,0.002,2000000,506,-0.5515625000000001,1.4906249999999999,completed,-0.6468563124949059,3.458229523506909,7765.176411275186,4480.424188690712,36607.19624248142,2000000,budget_exhausted,U,budget_exhausted,,raw_state_verified,run.py:numpy-batch
HiSD,0.00012589254117941674,0.002,2000000,507,-0.5421875,1.4906249999999999,completed,-0.5775080175752414,3.4470089958105694,8771.888085014038,5048.168113355949,41694.895871758024,2000000,budget_exhausted,U,budget_exhausted,,raw_state_verified,run.py:numpy-batch
HiSD,0.00012589254117941674,0.002,2000000,508,-0.5328125000000001,1.4906249999999999,completed,-0.779344607013848,3.478921288360451,6286.163508241253,2860.609178149932,28864.60592143386,2000000,budget_exhausted,U,budget_exhausted,,raw_state_verified,run.py:numpy-batch
HiSD,0.00012589254117941674,0.002,2000000,509,-0.5234375,1.4906249999999999,completed,-0.5766314418091044,3.4470345515092213,8791.785173761846,5055.117144013342,41794.62836024862,2000000,budget_exhausted,U,budget_exhausted,,raw_state_verified,run.py:numpy-batch
HiSD,0.00012589254117941674,0.002,2000000,510,-0.5140625000000001,1.4906249999999999,completed,-0.577112457899985,3.4472143313872117,8787.720590514935,5052.573398112375,41774.39172042567,2000000,budget_exhausted,U,budget_exhausted,,raw_state_verified,run.py:numpy-batch
HiSD,0.00012589254117941674,0.002,2000000,511,-0.5046875000000001,1.4906249999999999,completed,-1.0852500262650913,3.5159025158229316,4111.4797460603795,-1877.346428158511,17442.569043471838,2000000,budget_exhausted,U,budget_exhausted,,raw_state_verified,run.py:numpy-batch
