method,eta,tau,budget,start_id,x0,y0,execution_status,raw_x,raw_y,grad_norm,lambda1,lambda2,n_outer_updates,terminal_category,endpoint,stop_reason,failure_reason,certification_reason,source
SI-pHiSD,0.002511886431509582,0.002,2000000,416,-0.7953125000000001,1.453125,completed,0.9815397453330803,4.9031413790990825,8718223913.803713,851577287.6140857,75228034425.6359,4002,state_safeguard,U,state_safeguard,source_norm2_gt_5,raw_state_verified,run.py:numpy-batch
SI-pHiSD,0.002511886431509582,0.002,2000000,450,-0.7765625,1.4718749999999998,completed,0.9711795997524075,4.904788543241695,8348543834.326616,816871006.4953285,71945867494.60956,4013,state_safeguard,U,state_safeguard,source_norm2_gt_5,raw_state_verified,run.py:numpy-batch
SI-pHiSD,0.002511886431509582,0.002,2000000,417,-0.7859375000000001,1.453125,completed,0.9813419857666806,4.902769832140401,8687066370.953508,848616088.5163938,74952333488.80823,4018,state_safeguard,U,state_safeguard,source_norm2_gt_5,raw_state_verified,run.py:numpy-batch
SI-pHiSD,0.002511886431509582,0.002,2000000,384,-0.7953125000000001,1.434375,completed,0.9812386134689252,4.9028432367610995,8686684800.054516,848585665.492703,74948791938.48193,4023,state_safeguard,U,state_safeguard,source_norm2_gt_5,raw_state_verified,run.py:numpy-batch
SI-pHiSD,0.002511886431509582,0.002,2000000,487,-0.7296875,1.4906249999999999,completed,0.9087904248522967,4.916806270081986,6542039272.76439,646617087.2134755,55963306517.64478,4023,state_safeguard,U,state_safeguard,source_norm2_gt_5,raw_state_verified,run.py:numpy-batch
SI-pHiSD,0.002511886431509582,0.002,2000000,451,-0.7671875,1.4718749999999998,completed,0.9774036323709234,4.9039187138001425,8575583084.775545,838203197.1963127,73960838047.96921,4036,state_safeguard,U,state_safeguard,source_norm2_gt_5,raw_state_verified,run.py:numpy-batch
SI-pHiSD,0.002511886431509582,0.002,2000000,418,-0.7765625,1.453125,completed,0.9816195506332995,4.902994793967979,8713167830.784594,851090286.1452025,75183477214.8003,4039,state_safeguard,U,state_safeguard,source_norm2_gt_5,raw_state_verified,run.py:numpy-batch
SI-pHiSD,0.002511886431509582,0.002,2000000,385,-0.7859375000000001,1.434375,completed,0.9812685933501212,4.902829714302622,8687256140.425026,848638443.1329353,74953890428.72409,4047,state_safeguard,U,state_safeguard,source_norm2_gt_5,raw_state_verified,run.py:numpy-batch
SI-pHiSD,0.002511886431509582,0.002,2000000,452,-0.7578125,1.4718749999999998,completed,0.9791759982647177,4.903397124610033,8625287455.116352,842845786.8516809,74402863909.88098,4058,state_safeguard,U,state_safeguard,source_norm2_gt_5,raw_state_verified,run.py:numpy-batch
SI-pHiSD,0.002511886431509582,0.002,2000000,352,-0.7953125000000001,1.415625,completed,0.9808142077975424,4.902994476431007,8676220335.683899,847611751.017319,74855616221.64935,4063,state_safeguard,U,state_safeguard,source_norm2_gt_5,raw_state_verified,run.py:numpy-batch
SI-pHiSD,0.002511886431509582,0.002,2000000,419,-0.7671875,1.453125,completed,0.9815638789033614,4.902923309213692,8706358573.127953,850443879.9949485,75123202912.5128,4064,state_safeguard,U,state_safeguard,source_norm2_gt_5,raw_state_verified,run.py:numpy-batch
SI-pHiSD,0.002511886431509582,0.002,2000000,386,-0.7765625,1.434375,completed,0.9815994310856172,4.903172132767328,8722800710.556587,852010457.7971014,75268585213.67357,4077,state_safeguard,U,state_safeguard,source_norm2_gt_5,raw_state_verified,run.py:numpy-batch
SI-pHiSD,0.002511886431509582,0.002,2000000,453,-0.7484375000000001,1.4718749999999998,completed,0.9801078814577158,4.903332976856284,8663970092.852928,846483646.575244,74746202626.33643,4085,state_safeguard,U,state_safeguard,source_norm2_gt_5,raw_state_verified,run.py:numpy-batch
SI-pHiSD,0.002511886431509582,0.002,2000000,420,-0.7578125,1.453125,completed,0.9816154704728742,4.902968324553621,8711405518.4126,850922391.1645066,75167894391.35324,4095,state_safeguard,U,state_safeguard,source_norm2_gt_5,raw_state_verified,run.py:numpy-batch
SI-pHiSD,0.002511886431509582,0.002,2000000,353,-0.7859375000000001,1.415625,completed,0.98082258440025,4.902975021291934,8675450986.936354,847537856.7096066,74848830852.4493,4097,state_safeguard,U,state_safeguard,source_norm2_gt_5,raw_state_verified,run.py:numpy-batch
SI-pHiSD,0.002511886431509582,0.002,2000000,387,-0.7671875,1.434375,completed,0.9814376650541975,4.902866388325822,8697183628.106909,849575839.3433939,75041905980.20233,4113,state_safeguard,U,state_safeguard,source_norm2_gt_5,raw_state_verified,run.py:numpy-batch
SI-pHiSD,0.002511886431509582,0.002,2000000,454,-0.7390625000000001,1.4718749999999998,completed,0.9803268772648931,4.903034338648366,8656309694.977045,845739995.9069574,74678865879.62439,4118,state_safeguard,U,state_safeguard,source_norm2_gt_5,raw_state_verified,run.py:numpy-batch
SI-pHiSD,0.002511886431509582,0.002,2000000,320,-0.7953125000000001,1.3968749999999999,completed,0.9804987568400245,4.9030105250670815,8662749561.976633,846344593.0765514,74736055632.01697,4128,state_safeguard,U,state_safeguard,source_norm2_gt_5,raw_state_verified,run.py:numpy-batch
SI-pHiSD,0.002511886431509582,0.002,2000000,421,-0.7484375000000001,1.453125,completed,0.9817046278024403,4.903048557694554,8720279749.818378,851763842.7385603,75246476206.31726,4134,state_safeguard,U,state_safeguard,source_norm2_gt_5,raw_state_verified,run.py:numpy-batch
SI-pHiSD,0.002511886431509582,0.002,2000000,488,-0.7203125,1.4906249999999999,completed,0.9667135527066338,4.905933104038805,8218726215.722638,804710518.4012221,70793112836.51813,4137,state_safeguard,U,state_safeguard,source_norm2_gt_5,raw_state_verified,run.py:numpy-batch
SI-pHiSD,0.002511886431509582,0.002,2000000,354,-0.7765625,1.415625,completed,0.9811677835401279,4.902929605134343,8688563348.96134,848769003.5995265,74965278145.85559,4142,state_safeguard,U,state_safeguard,source_norm2_gt_5,raw_state_verified,run.py:numpy-batch
SI-pHiSD,0.002511886431509582,0.002,2000000,388,-0.7578125,1.434375,completed,0.9817022514212891,4.903118991343207,8724365873.131178,852153801.4042428,75282588354.74261,4161,state_safeguard,U,state_safeguard,source_norm2_gt_5,raw_state_verified,run.py:numpy-batch
SI-pHiSD,0.002511886431509582,0.002,2000000,455,-0.7296875,1.4718749999999998,completed,0.9807289806123141,4.903195597297294,8684240449.177568,848381941.3391818,74926354737.81512,4162,state_safeguard,U,state_safeguard,source_norm2_gt_5,raw_state_verified,run.py:numpy-batch
SI-pHiSD,0.002511886431509582,0.002,2000000,480,-0.7953125000000001,1.4906249999999999,completed,-4.874165491778948,-1.1152258105867474,14634446044.698908,1400332766.131885,128214470906.11078,4165,state_safeguard,U,state_safeguard,source_norm2_gt_5,raw_state_verified,run.py:numpy-batch
SI-pHiSD,0.002511886431509582,0.002,2000000,321,-0.7859375000000001,1.3968749999999999,completed,0.9810636021186595,4.903297465359794,8705632553.464846,850403632.8899157,75115964938.23447,4184,state_safeguard,U,state_safeguard,source_norm2_gt_5,raw_state_verified,run.py:numpy-batch
SI-pHiSD,0.002511886431509582,0.002,2000000,26,-0.5515625000000001,1.2093749999999999,completed,0.06601892781507934,0.1840409410861162,9.991015800602917e-07,-1005.1363658206708,762.7328985960455,4185,success_index1,S_L,gradient_tolerance,,raw_state_verified,run.py:numpy-batch
SI-pHiSD,0.002511886431509582,0.002,2000000,422,-0.7390625000000001,1.453125,completed,0.9814381824072532,4.902772448333119,8691630047.380829,849045944.6487861,74992824270.59023,4186,state_safeguard,U,state_safeguard,source_norm2_gt_5,raw_state_verified,run.py:numpy-batch
SI-pHiSD,0.002511886431509582,0.002,2000000,60,-0.5328125000000001,1.228125,completed,0.06601892781136404,0.18404094107993438,9.984723795549132e-07,-1005.1363657959179,762.7328985966186,4187,success_index1,S_L,gradient_tolerance,,raw_state_verified,run.py:numpy-batch
SI-pHiSD,0.002511886431509582,0.002,2000000,481,-0.7859375000000001,1.4906249999999999,completed,-4.873691775362148,-1.1176956765695052,14784397865.658142,1414138637.9040532,129565860369.50403,4190,state_safeguard,U,state_safeguard,source_norm2_gt_5,raw_state_verified,run.py:numpy-batch
SI-pHiSD,0.002511886431509582,0.002,2000000,28,-0.5328125000000001,1.2093749999999999,completed,0.06601892799810945,0.18404094129717707,9.996958349312133e-07,-1005.136366659744,762.7328986497628,4192,success_index1,S_L,gradient_tolerance,,raw_state_verified,run.py:numpy-batch
SI-pHiSD,0.002511886431509582,0.002,2000000,489,-0.7109375,1.4906249999999999,completed,0.9731086102352865,4.904428420579075,8413014992.145543,822922486.446604,72518127436.99844,4193,state_safeguard,U,state_safeguard,source_norm2_gt_5,raw_state_verified,run.py:numpy-batch
SI-pHiSD,0.002511886431509582,0.002,2000000,27,-0.5421875,1.2093749999999999,completed,0.0660189279240261,0.18404094122051604,9.99725359673787e-07,-1005.1363663557939,762.7328986203328,4193,success_index1,S_L,gradient_tolerance,,raw_state_verified,run.py:numpy-batch
SI-pHiSD,0.002511886431509582,0.002,2000000,30,-0.5140625000000001,1.2093749999999999,completed,0.06601892806798348,0.18404094135551355,9.951724651404361e-07,-1005.1363668895908,762.7328986897674,4193,success_index1,S_L,gradient_tolerance,,raw_state_verified,run.py:numpy-batch
SI-pHiSD,0.002511886431509582,0.002,2000000,61,-0.5234375,1.228125,completed,0.06601892794076929,0.18404094123249343,9.954937108394015e-07,-1005.1363664027274,762.7328986316735,4197,success_index1,S_L,gradient_tolerance,,raw_state_verified,run.py:numpy-batch
SI-pHiSD,0.002511886431509582,0.002,2000000,95,-0.5046875000000001,1.246875,completed,0.0660189279602767,0.18404094125364145,9.958329338146439e-07,-1005.1363664866765,762.7328986385793,4197,success_index1,S_L,gradient_tolerance,,raw_state_verified,run.py:numpy-batch
SI-pHiSD,0.002511886431509582,0.002,2000000,29,-0.5234375,1.2093749999999999,completed,0.06601892802362883,0.1840409413161118,9.957493091722478e-07,-1005.1363667340426,762.7328986664518,4198,success_index1,S_L,gradient_tolerance,,raw_state_verified,run.py:numpy-batch
SI-pHiSD,0.002511886431509582,0.002,2000000,31,-0.5046875000000001,1.2093749999999999,completed,0.06601892806994408,0.184040941362307,9.99023809385317e-07,-1005.1363669170203,762.7328986863687,4199,success_index1,S_L,gradient_tolerance,,raw_state_verified,run.py:numpy-batch
SI-pHiSD,0.002511886431509582,0.002,2000000,62,-0.5140625000000001,1.228125,completed,0.06601892800539966,0.18404094130079815,9.972180817079707e-07,-1005.136366673694,762.7328986560979,4200,success_index1,S_L,gradient_tolerance,,raw_state_verified,run.py:numpy-batch
SI-pHiSD,0.002511886431509582,0.002,2000000,355,-0.7671875,1.415625,completed,0.9812387685715919,4.9029740480032595,8694454875.46683,849327013.4991727,75017463128.67749,4201,state_safeguard,U,state_safeguard,source_norm2_gt_5,raw_state_verified,run.py:numpy-batch
SI-pHiSD,0.002511886431509582,0.002,2000000,63,-0.5046875000000001,1.228125,completed,0.06601892804140665,0.18404094133703194,9.99079687997762e-07,-1005.1363668172496,762.7328986713014,4201,success_index1,S_L,gradient_tolerance,,raw_state_verified,run.py:numpy-batch
SI-pHiSD,0.002511886431509582,0.002,2000000,482,-0.7765625,1.4906249999999999,completed,-4.873209761792816,-1.1202768853678238,14944210113.445269,1428849227.1571403,131006453665.09204,4218,state_safeguard,U,state_safeguard,source_norm2_gt_5,raw_state_verified,run.py:numpy-batch
SI-pHiSD,0.002511886431509582,0.002,2000000,456,-0.7203125,1.4718749999999998,completed,0.9809460218539943,4.9032720826461995,8698728014.441885,849751686.6036161,75054748962.35007,4222,state_safeguard,U,state_safeguard,source_norm2_gt_5,raw_state_verified,run.py:numpy-batch
SI-pHiSD,0.002511886431509582,0.002,2000000,389,-0.7484375000000001,1.434375,completed,0.9814278723780337,4.902817879885506,8693854156.821161,849258744.0338141,75012463969.31636,4226,state_safeguard,U,state_safeguard,source_norm2_gt_5,raw_state_verified,run.py:numpy-batch
SI-pHiSD,0.002511886431509582,0.002,2000000,288,-0.7953125000000001,1.378125,completed,0.9806069159376716,4.9031021142371385,8673114096.451698,847327344.6926992,74827825990.53314,4245,state_safeguard,U,state_safeguard,source_norm2_gt_5,raw_state_verified,run.py:numpy-batch
SI-pHiSD,0.002511886431509582,0.002,2000000,483,-0.7671875,1.4906249999999999,completed,-4.872752940177971,-1.1230179944253105,15121664648.039162,1445185767.5868375,132606317772.99565,4250,state_safeguard,U,state_safeguard,source_norm2_gt_5,raw_state_verified,run.py:numpy-batch
SI-pHiSD,0.002511886431509582,0.002,2000000,423,-0.7296875,1.453125,completed,0.9816503806000288,4.902996079826261,8714661325.876524,851230981.3837831,75196728112.84479,4262,state_safeguard,U,state_safeguard,source_norm2_gt_5,raw_state_verified,run.py:numpy-batch
SI-pHiSD,0.002511886431509582,0.002,2000000,322,-0.7765625,1.3968749999999999,completed,0.9810538679212636,4.903303386526992,8705537660.178143,850395143.9594209,75115110271.54236,4263,state_safeguard,U,state_safeguard,source_norm2_gt_5,raw_state_verified,run.py:numpy-batch
SI-pHiSD,0.002511886431509582,0.002,2000000,490,-0.7015625000000001,1.4906249999999999,completed,0.975687644418798,4.903962692857568,8500963642.842418,831176586.7596284,73298928561.37492,4267,state_safeguard,U,state_safeguard,source_norm2_gt_5,raw_state_verified,run.py:numpy-batch
SI-pHiSD,0.002511886431509582,0.002,2000000,221,-0.5234375,1.321875,completed,0.06601892834867361,0.18404094155925674,9.988137861331727e-07,-1005.1363676884106,762.7328988772964,4271,success_index1,S_L,gradient_tolerance,,raw_state_verified,run.py:numpy-batch
SI-pHiSD,0.002511886431509582,0.002,2000000,188,-0.5328125000000001,1.3031249999999999,completed,0.06601892836651185,0.18404094156553744,9.95621400862307e-07,-1005.1363677120497,762.7328988950597,4273,success_index1,S_L,gradient_tolerance,,raw_state_verified,run.py:numpy-batch
SI-pHiSD,0.002511886431509582,0.002,2000000,190,-0.5140625000000001,1.3031249999999999,completed,0.06601892841292097,0.18404094159290688,9.98043762446408e-07,-1005.1363678184237,762.7328989316043,4273,success_index1,S_L,gradient_tolerance,,raw_state_verified,run.py:numpy-batch
SI-pHiSD,0.002511886431509582,0.002,2000000,448,-0.7953125000000001,1.4718749999999998,completed,-4.8708928774242475,-1.1299025359741992,15501258227.805243,1480009162.021025,136033223394.42538,4275,state_safeguard,U,state_safeguard,source_norm2_gt_5,raw_state_verified,run.py:numpy-batch
SI-pHiSD,0.002511886431509582,0.002,2000000,286,-0.5140625000000001,1.359375,completed,0.06601892831700255,0.18404094153781453,9.96201148262064e-07,-1005.1363676045705,762.7328988547808,4275,success_index1,S_L,gradient_tolerance,,raw_state_verified,run.py:numpy-batch
SI-pHiSD,0.002511886431509582,0.002,2000000,191,-0.5046875000000001,1.3031249999999999,completed,0.06601892844990064,0.1840409416111977,9.980789572785815e-07,-1005.1363678888721,762.7328989638079,4276,success_index1,S_L,gradient_tolerance,,raw_state_verified,run.py:numpy-batch
SI-pHiSD,0.002511886431509582,0.002,2000000,219,-0.5421875,1.321875,completed,0.06601892832347006,0.18404094154439973,9.985579052216443e-07,-1005.1363676306689,762.7328988574443,4276,success_index1,S_L,gradient_tolerance,,raw_state_verified,run.py:numpy-batch
SI-pHiSD,0.002511886431509582,0.002,2000000,253,-0.5234375,1.340625,completed,0.0660189283318925,0.18404094154578668,9.955099000756188e-07,-1005.1363676354079,762.7328988672152,4276,success_index1,S_L,gradient_tolerance,,raw_state_verified,run.py:numpy-batch
SI-pHiSD,0.002511886431509582,0.002,2000000,154,-0.5515625000000001,1.284375,completed,0.06601892837390032,0.18404094157261372,9.98259873554982e-07,-1005.1363677400473,762.7328988984937,4277,success_index1,S_L,gradient_tolerance,,raw_state_verified,run.py:numpy-batch
SI-pHiSD,0.002511886431509582,0.002,2000000,222,-0.5140625000000001,1.321875,completed,0.06601892838695517,0.18404094158075204,9.992370575366392e-07,-1005.1363677717577,762.7328989083885,4278,success_index1,S_L,gradient_tolerance,,raw_state_verified,run.py:numpy-batch
SI-pHiSD,0.002511886431509582,0.002,2000000,153,-0.5609375000000001,1.284375,completed,0.06601892836390597,0.18404094156446965,9.959436990239449e-07,-1005.1363677079848,762.7328988925965,4280,success_index1,S_L,gradient_tolerance,,raw_state_verified,run.py:numpy-batch
SI-pHiSD,0.002511886431509582,0.002,2000000,155,-0.5421875,1.284375,completed,0.06601892841127625,0.18404094159375362,9.995266508355461e-07,-1005.1363678220448,762.7328989287164,4280,success_index1,S_L,gradient_tolerance,,raw_state_verified,run.py:numpy-batch
SI-pHiSD,0.002511886431509582,0.002,2000000,319,-0.5046875000000001,1.378125,completed,0.06601892831825741,0.18404094153923373,9.967760699605231e-07,-1005.1363676102101,762.7328988551734,4280,success_index1,S_L,gradient_tolerance,,raw_state_verified,run.py:numpy-batch
SI-pHiSD,0.002511886431509582,0.002,2000000,156,-0.5328125000000001,1.284375,completed,0.0660189284372286,0.18404094160182632,9.952044191858639e-07,-1005.1363678521043,762.732898955493,4281,success_index1,S_L,gradient_tolerance,,raw_state_verified,run.py:numpy-batch
SI-pHiSD,0.002511886431509582,0.002,2000000,255,-0.5046875000000001,1.340625,completed,0.0660189283742644,0.18404094157268103,9.981461316291671e-07,-1005.1363677402819,762.7328988989099,4281,success_index1,S_L,gradient_tolerance,,raw_state_verified,run.py:numpy-batch
SI-pHiSD,0.002511886431509582,0.002,2000000,185,-0.5609375000000001,1.3031249999999999,completed,0.06601892833989441,0.18404094155377315,9.984010047034404e-07,-1005.1363676670426,762.7328988706519,4283,success_index1,S_L,gradient_tolerance,,raw_state_verified,run.py:numpy-batch
SI-pHiSD,0.002511886431509582,0.002,2000000,186,-0.5515625000000001,1.3031249999999999,completed,0.0660189283608871,0.1840409415661259,9.988337668022414e-07,-1005.1363677150481,762.7328988872063,4283,success_index1,S_L,gradient_tolerance,,raw_state_verified,run.py:numpy-batch
SI-pHiSD,0.002511886431509582,0.002,2000000,189,-0.5234375,1.3031249999999999,completed,0.066018928419933,0.18404094159476506,9.965520553530446e-07,-1005.1363678252311,762.732898939122,4283,success_index1,S_L,gradient_tolerance,,raw_state_verified,run.py:numpy-batch
SI-pHiSD,0.002511886431509582,0.002,2000000,318,-0.5140625000000001,1.378125,completed,0.06601892830558097,0.18404094153477135,9.994663598568951e-07,-1005.1363675934151,762.7328988425492,4283,success_index1,S_L,gradient_tolerance,,raw_state_verified,run.py:numpy-batch
SI-pHiSD,0.002511886431509582,0.002,2000000,187,-0.5421875,1.3031249999999999,completed,0.06601892838980072,0.18404094157865028,9.960781837104252e-07,-1005.1363677629005,762.7328989139435,4284,success_index1,S_L,gradient_tolerance,,raw_state_verified,run.py:numpy-batch
SI-pHiSD,0.002511886431509582,0.002,2000000,121,-0.5609375000000001,1.265625,completed,0.06601892842239081,0.1840409415994547,9.995984878388164e-07,-1005.1363678440476,762.7328989382169,4285,success_index1,S_L,gradient_tolerance,,raw_state_verified,run.py:numpy-batch
SI-pHiSD,0.002511886431509582,0.002,2000000,151,-0.5796875,1.284375,completed,0.06601892833855365,0.18404094155384884,9.991307324910438e-07,-1005.136367667495,762.7328988688358,4285,success_index1,S_L,gradient_tolerance,,raw_state_verified,run.py:numpy-batch
SI-pHiSD,0.002511886431509582,0.002,2000000,285,-0.5234375,1.359375,completed,0.06601892832348712,0.18404094154343287,9.977198642721032e-07,-1005.1363676267331,762.7328988583142,4285,success_index1,S_L,gradient_tolerance,,raw_state_verified,run.py:numpy-batch
SI-pHiSD,0.002511886431509582,0.002,2000000,120,-0.5703125,1.265625,completed,0.06601892840161276,0.1840409415836445,9.950198185736892e-07,-1005.1363677819527,762.7328989249734,4286,success_index1,S_L,gradient_tolerance,,raw_state_verified,run.py:numpy-batch
SI-pHiSD,0.002511886431509582,0.002,2000000,157,-0.5234375,1.284375,completed,0.06601892849184765,0.1840409416317807,9.99219408326466e-07,-1005.1363679681142,762.732899000481,4286,success_index1,S_L,gradient_tolerance,,raw_state_verified,run.py:numpy-batch
SI-pHiSD,0.002511886431509582,0.002,2000000,484,-0.7578125,1.4906249999999999,completed,-4.872041631705322,-1.1258706683367998,15283945576.737335,1460086728.8249738,134070791725.73764,4287,state_safeguard,U,state_safeguard,source_norm2_gt_5,raw_state_verified,run.py:numpy-batch
SI-pHiSD,0.002511886431509582,0.002,2000000,254,-0.5140625000000001,1.340625,completed,0.06601892836007697,0.18404094156239895,9.959908287131986e-07,-1005.1363676999708,762.7328988894172,4287,success_index1,S_L,gradient_tolerance,,raw_state_verified,run.py:numpy-batch
SI-pHiSD,0.002511886431509582,0.002,2000000,150,-0.5890625,1.284375,completed,0.0660189283227532,0.18404094154265987,9.974283701112772e-07,-1005.1363676236671,762.7328988580341,4288,success_index1,S_L,gradient_tolerance,,raw_state_verified,run.py:numpy-batch
SI-pHiSD,0.002511886431509582,0.002,2000000,356,-0.7578125,1.415625,completed,0.9810804681374973,4.902884926970585,8681914258.519926,848139642.1664414,74906372317.76337,4289,state_safeguard,U,state_safeguard,source_norm2_gt_5,raw_state_verified,run.py:numpy-batch
SI-pHiSD,0.002511886431509582,0.002,2000000,118,-0.5890625,1.265625,completed,0.06601892837183233,0.18404094156910042,9.961819288282182e-07,-1005.136367725975,762.7328988988761,4290,success_index1,S_L,gradient_tolerance,,raw_state_verified,run.py:numpy-batch
SI-pHiSD,0.002511886431509582,0.002,2000000,122,-0.5515625000000001,1.265625,completed,0.06601892847219776,0.18404094161975787,9.963981713197032e-07,-1005.1363679213072,762.7328989853888,4290,success_index1,S_L,gradient_tolerance,,raw_state_verified,run.py:numpy-batch
SI-pHiSD,0.002511886431509582,0.002,2000000,123,-0.5421875,1.265625,completed,0.06601892849930599,0.18404094163390516,9.981850316141853e-07,-1005.1363679759575,762.7328990083475,4291,success_index1,S_L,gradient_tolerance,,raw_state_verified,run.py:numpy-batch
SI-pHiSD,0.002511886431509582,0.002,2000000,158,-0.5140625000000001,1.284375,completed,0.06601892853926057,0.184040941647852,9.956108995526753e-07,-1005.1363680284128,762.7328990482408,4291,success_index1,S_L,gradient_tolerance,,raw_state_verified,run.py:numpy-batch
SI-pHiSD,0.002511886431509582,0.002,2000000,252,-0.5328125000000001,1.340625,completed,0.06601892835890452,0.18404094156243067,9.965849022201974e-07,-1005.1363677002258,762.7328988878598,4292,success_index1,S_L,gradient_tolerance,,raw_state_verified,run.py:numpy-batch
SI-pHiSD,0.002511886431509582,0.002,2000000,86,-0.5890625,1.246875,completed,0.0660189284217688,0.18404094159410028,9.951518509879693e-07,-1005.1363678223299,762.7328989420995,4293,success_index1,S_L,gradient_tolerance,,raw_state_verified,run.py:numpy-batch
SI-pHiSD,0.002511886431509582,0.002,2000000,88,-0.5703125,1.246875,completed,0.06601892847576221,0.18404094162341492,9.982039749425321e-07,-1005.1363679358035,762.7328989868324,4294,success_index1,S_L,gradient_tolerance,,raw_state_verified,run.py:numpy-batch
SI-pHiSD,0.002511886431509582,0.002,2000000,149,-0.5984375000000001,1.284375,completed,0.06601892832079274,0.18404094154038558,9.964731773474871e-07,-1005.1363676146243,762.7328988574709,4294,success_index1,S_L,gradient_tolerance,,raw_state_verified,run.py:numpy-batch
SI-pHiSD,0.002511886431509582,0.002,2000000,216,-0.5703125,1.321875,completed,0.0660189283167009,0.18404094154140505,9.994278511095502e-07,-1005.1363676192115,762.732898851239,4294,success_index1,S_L,gradient_tolerance,,raw_state_verified,run.py:numpy-batch
SI-pHiSD,0.002511886431509582,0.002,2000000,218,-0.5515625000000001,1.321875,completed,0.06601892836700297,0.18404094157029066,9.9951805102324e-07,-1005.1363677313361,762.732898891533,4294,success_index1,S_L,gradient_tolerance,,raw_state_verified,run.py:numpy-batch
SI-pHiSD,0.002511886431509582,0.002,2000000,350,-0.5140625000000001,1.3968749999999999,completed,0.06601892830478569,0.18404094153065445,9.963683339238744e-07,-1005.1363675767506,762.7328988451214,4294,success_index1,S_L,gradient_tolerance,,raw_state_verified,run.py:numpy-batch
SI-pHiSD,0.002511886431509582,0.002,2000000,87,-0.5796875,1.246875,completed,0.06601892845558578,0.18404094161141313,9.958690478158193e-07,-1005.1363678891388,762.7328989710346,4295,success_index1,S_L,gradient_tolerance,,raw_state_verified,run.py:numpy-batch
SI-pHiSD,0.002511886431509582,0.002,2000000,182,-0.5890625,1.3031249999999999,completed,0.0660189283093633,0.18404094153688008,9.993160698265897e-07,-1005.1363676015887,762.7328988456346,4295,success_index1,S_L,gradient_tolerance,,raw_state_verified,run.py:numpy-batch
SI-pHiSD,0.002511886431509582,0.002,2000000,84,-0.6078125000000001,1.246875,completed,0.0660189283928242,0.18404094158152443,9.971946186568615e-07,-1005.1363677742702,762.7328989153674,4297,success_index1,S_L,gradient_tolerance,,raw_state_verified,run.py:numpy-batch
SI-pHiSD,0.002511886431509582,0.002,2000000,152,-0.5703125,1.284375,completed,0.06601892837504385,0.18404094157082526,9.96160674773229e-07,-1005.1363677326481,762.7328989015538,4297,success_index1,S_L,gradient_tolerance,,raw_state_verified,run.py:numpy-batch
SI-pHiSD,0.002511886431509582,0.002,2000000,51,-0.6171875,1.228125,completed,0.06601892840738718,0.18404094159190448,9.996517584220058e-07,-1005.1363678149393,762.7328989252643,4298,success_index1,S_L,gradient_tolerance,,raw_state_verified,run.py:numpy-batch
SI-pHiSD,0.002511886431509582,0.002,2000000,115,-0.6171875,1.265625,completed,0.06601892832434429,0.18404094154259945,9.965715899008158e-07,-1005.1363676232503,762.7328988601629,4298,success_index1,S_L,gradient_tolerance,,raw_state_verified,run.py:numpy-batch
SI-pHiSD,0.002511886431509582,0.002,2000000,124,-0.5328125000000001,1.265625,completed,0.06601892856247772,0.18404094165832527,9.967790088744298e-07,-1005.1363680685328,762.7328990693447,4298,success_index1,S_L,gradient_tolerance,,raw_state_verified,run.py:numpy-batch
SI-pHiSD,0.002511886431509582,0.002,2000000,53,-0.5984375000000001,1.228125,completed,0.06601892845940052,0.1840409416130211,9.956979881322809e-07,-1005.1363678952715,762.7328989746014,4299,success_index1,S_L,gradient_tolerance,,raw_state_verified,run.py:numpy-batch
SI-pHiSD,0.002511886431509582,0.002,2000000,89,-0.5609375000000001,1.246875,completed,0.06601892852702107,0.184040941647249,9.995811049048912e-07,-1005.1363680272732,762.7328990328028,4299,success_index1,S_L,gradient_tolerance,,raw_state_verified,run.py:numpy-batch
SI-pHiSD,0.002511886431509582,0.002,2000000,159,-0.5046875000000001,1.284375,completed,0.06601892862152933,0.18404094168285937,9.99618390724927e-07,-1005.1363681620136,762.7328991248668,4299,success_index1,S_L,gradient_tolerance,,raw_state_verified,run.py:numpy-batch
SI-pHiSD,0.002511886431509582,0.002,2000000,181,-0.5984375000000001,1.3031249999999999,completed,0.06601892829389229,0.18404094152496284,9.972062263539536e-07,-1005.1363675547625,762.7328988359013,4299,success_index1,S_L,gradient_tolerance,,raw_state_verified,run.py:numpy-batch
SI-pHiSD,0.002511886431509582,0.002,2000000,220,-0.5328125000000001,1.321875,completed,0.06601892839993224,0.18404094158567874,9.97571326900726e-07,-1005.1363677904101,762.7328989209972,4299,success_index1,S_L,gradient_tolerance,,raw_state_verified,run.py:numpy-batch
SI-pHiSD,0.002511886431509582,0.002,2000000,249,-0.5609375000000001,1.340625,completed,0.06601892831414452,0.1840409415389603,9.986414177337536e-07,-1005.1363676095398,762.7328988500476,4299,success_index1,S_L,gradient_tolerance,,raw_state_verified,run.py:numpy-batch
SI-pHiSD,0.002511886431509582,0.002,2000000,52,-0.6078125000000001,1.228125,completed,0.0660189284408589,0.18404094160380352,9.953873750596085e-07,-1005.1363678597592,762.7328989584953,4300,success_index1,S_L,gradient_tolerance,,raw_state_verified,run.py:numpy-batch
SI-pHiSD,0.002511886431509582,0.002,2000000,50,-0.6265625,1.228125,completed,0.06601892839232996,0.18404094158085338,9.968354348233998e-07,-1005.1363677715931,762.732898915311,4301,success_index1,S_L,gradient_tolerance,,raw_state_verified,run.py:numpy-batch
SI-pHiSD,0.002511886431509582,0.002,2000000,82,-0.6265625,1.246875,completed,0.0660189283539674,0.18404094156115564,9.978740113804005e-07,-1005.1363676955682,762.7328988825374,4301,success_index1,S_L,gradient_tolerance,,raw_state_verified,run.py:numpy-batch
SI-pHiSD,0.002511886431509582,0.002,2000000,119,-0.5796875,1.265625,completed,0.06601892841333475,0.18404094159012163,9.954074680229472e-07,-1005.1363678070478,762.7328989345857,4302,success_index1,S_L,gradient_tolerance,,raw_state_verified,run.py:numpy-batch
SI-pHiSD,0.002511886431509582,0.002,2000000,183,-0.5796875,1.3031249999999999,completed,0.06601892834371868,0.18404094155650683,9.988709884111306e-07,-1005.1363676777546,762.7328988732434,4302,success_index1,S_L,gradient_tolerance,,raw_state_verified,run.py:numpy-batch
SI-pHiSD,0.002511886431509582,0.002,2000000,49,-0.6359375,1.228125,completed,0.06601892837636801,0.18404094157539222,9.99514909809282e-07,-1005.1363677510869,762.7328988992767,4303,success_index1,S_L,gradient_tolerance,,raw_state_verified,run.py:numpy-batch
SI-pHiSD,0.002511886431509582,0.002,2000000,114,-0.6265625,1.265625,completed,0.06601892831636821,0.18404094153914644,9.976644412998535e-07,-1005.1363676100568,762.732898852786,4303,success_index1,S_L,gradient_tolerance,,raw_state_verified,run.py:numpy-batch
SI-pHiSD,0.002511886431509582,0.002,2000000,147,-0.6171875,1.284375,completed,0.06601892829782242,0.18404094152882022,9.984272160108675e-07,-1005.1363675700356,762.7328988376461,4303,success_index1,S_L,gradient_tolerance,,raw_state_verified,run.py:numpy-batch
SI-pHiSD,0.002511886431509582,0.002,2000000,184,-0.5703125,1.3031249999999999,completed,0.06601892837185908,0.18404094156810014,9.952986294050762e-07,-1005.1363677219026,762.732898899788,4303,success_index1,S_L,gradient_tolerance,,raw_state_verified,run.py:numpy-batch
SI-pHiSD,0.002511886431509582,0.002,2000000,214,-0.5890625,1.321875,completed,0.06601892829158683,0.18404094152095482,9.95017517924562e-07,-1005.1363675387036,762.7328988364077,4303,success_index1,S_L,gradient_tolerance,,raw_state_verified,run.py:numpy-batch
SI-pHiSD,0.002511886431509582,0.002,2000000,54,-0.5890625,1.228125,completed,0.06601892852076721,0.18404094164427637,9.992505516981794e-07,-1005.1363680158498,762.7328990272509,4304,success_index1,S_L,gradient_tolerance,,raw_state_verified,run.py:numpy-batch
SI-pHiSD,0.002511886431509582,0.002,2000000,90,-0.5515625000000001,1.246875,completed,0.06601892857824086,0.1840409416656796,9.980189134611937e-07,-1005.1363680967627,762.7328990834595,4304,success_index1,S_L,gradient_tolerance,,raw_state_verified,run.py:numpy-batch
SI-pHiSD,0.002511886431509582,0.002,2000000,18,-0.6265625,1.2093749999999999,completed,0.06601892844522612,0.18404094160637133,9.957887107951759e-07,-1005.1363678697376,762.7328989619414,4305,success_index1,S_L,gradient_tolerance,,raw_state_verified,run.py:numpy-batch
SI-pHiSD,0.002511886431509582,0.002,2000000,19,-0.6171875,1.2093749999999999,completed,0.06601892847444353,0.18404094162414233,9.993898203361692e-07,-1005.1363679389051,762.7328989844742,4305,success_index1,S_L,gradient_tolerance,,raw_state_verified,run.py:numpy-batch
SI-pHiSD,0.002511886431509582,0.002,2000000,55,-0.5796875,1.228125,completed,0.06601892853810121,0.18404094165165832,9.994652359554213e-07,-1005.1363680440236,762.732899043391,4305,success_index1,S_L,gradient_tolerance,,raw_state_verified,run.py:numpy-batch
SI-pHiSD,0.002511886431509582,0.002,2000000,81,-0.6359375,1.246875,completed,0.06601892834040242,0.1840409415503457,9.951941348599815e-07,-1005.136367653043,762.7328988743193,4305,success_index1,S_L,gradient_tolerance,,raw_state_verified,run.py:numpy-batch
SI-pHiSD,0.002511886431509582,0.002,2000000,180,-0.6078125000000001,1.3031249999999999,completed,0.06601892828711284,0.18404094152312972,9.992207951701745e-07,-1005.1363675480327,762.7328988286645,4305,success_index1,S_L,gradient_tolerance,,raw_state_verified,run.py:numpy-batch
SI-pHiSD,0.002511886431509582,0.002,2000000,16,-0.6453125000000001,1.2093749999999999,completed,0.06601892840141423,0.1840409415854569,9.967003663512916e-07,-1005.1363677893476,762.7328989231255,4306,success_index1,S_L,gradient_tolerance,,raw_state_verified,run.py:numpy-batch
SI-pHiSD,0.002511886431509582,0.002,2000000,117,-0.5984375000000001,1.265625,completed,0.06601892837566685,0.18404094157248205,9.973096203196392e-07,-1005.1363677393219,762.7328989009136,4306,success_index1,S_L,gradient_tolerance,,raw_state_verified,run.py:numpy-batch
SI-pHiSD,0.002511886431509582,0.002,2000000,125,-0.5234375,1.265625,completed,0.06601892865010917,0.1840409416915559,9.990012479052807e-07,-1005.1363681943294,762.7328991545241,4306,success_index1,S_L,gradient_tolerance,,raw_state_verified,run.py:numpy-batch
SI-pHiSD,0.002511886431509582,0.002,2000000,316,-0.5328125000000001,1.378125,completed,0.06601892831896827,0.18404094153814263,9.954799368214764e-07,-1005.1363676056943,762.7328988570575,4306,success_index1,S_L,gradient_tolerance,,raw_state_verified,run.py:numpy-batch
SI-pHiSD,0.002511886431509582,0.002,2000000,83,-0.6171875,1.246875,completed,0.06601892839687398,0.1840409415834145,9.969864692629502e-07,-1005.1363677815253,762.7328989189933,4307,success_index1,S_L,gradient_tolerance,,raw_state_verified,run.py:numpy-batch
SI-pHiSD,0.002511886431509582,0.002,2000000,217,-0.5609375000000001,1.321875,completed,0.06601892835942608,0.18404094156297168,9.96801984978278e-07,-1005.1363677023712,762.7328988880658,4307,success_index1,S_L,gradient_tolerance,,raw_state_verified,run.py:numpy-batch
SI-pHiSD,0.002511886431509582,0.002,2000000,20,-0.6078125000000001,1.2093749999999999,completed,0.06601892853400278,0.18404094164764587,9.973524165153358e-07,-1005.1363680281383,762.7328990415626,4308,success_index1,S_L,gradient_tolerance,,raw_state_verified,run.py:numpy-batch
SI-pHiSD,0.002511886431509582,0.002,2000000,15,-0.6546875000000001,1.2093749999999999,completed,0.06601892838908732,0.18404094157758819,9.954805120327049e-07,-1005.1363677586565,762.7328989139435,4309,success_index1,S_L,gradient_tolerance,,raw_state_verified,run.py:numpy-batch
SI-pHiSD,0.002511886431509582,0.002,2000000,85,-0.5984375000000001,1.246875,completed,0.06601892844635818,0.18404094161001977,9.98540096226162e-07,-1005.13636788446,762.7328989602192,4309,success_index1,S_L,gradient_tolerance,,raw_state_verified,run.py:numpy-batch
SI-pHiSD,0.002511886431509582,0.002,2000000,21,-0.5984375000000001,1.2093749999999999,completed,0.06601892855500066,0.18404094165809282,9.9919656083323e-07,-1005.1363680683893,762.7328990597947,4310,success_index1,S_L,gradient_tolerance,,raw_state_verified,run.py:numpy-batch
SI-pHiSD,0.002511886431509582,0.002,2000000,47,-0.6546875000000001,1.228125,completed,0.066018928350658,0.1840409415585879,9.97264848670736e-07,-1005.1363676854764,762.7328988804715,4310,success_index1,S_L,gradient_tolerance,,raw_state_verified,run.py:numpy-batch
SI-pHiSD,0.002511886431509582,0.002,2000000,56,-0.5703125,1.228125,completed,0.06601892859726098,0.18404094167302665,9.983724163509433e-07,-1005.1363681246132,762.7328991018298,4310,success_index1,S_L,gradient_tolerance,,raw_state_verified,run.py:numpy-batch
SI-pHiSD,0.002511886431509582,0.002,2000000,80,-0.6453125000000001,1.246875,completed,0.06601892833310041,0.18404094154850373,9.972423303168274e-07,-1005.1363676463326,762.7328988664086,4310,success_index1,S_L,gradient_tolerance,,raw_state_verified,run.py:numpy-batch
SI-pHiSD,0.002511886431509582,0.002,2000000,113,-0.6359375,1.265625,completed,0.06601892831372232,0.18404094153659958,9.968390434633097e-07,-1005.1363675999795,762.732898851567,4310,success_index1,S_L,gradient_tolerance,,raw_state_verified,run.py:numpy-batch
SI-pHiSD,0.002511886431509582,0.002,2000000,146,-0.6265625,1.284375,completed,0.06601892829362663,0.18404094152322523,9.958707165990276e-07,-1005.1363675477221,762.7328988370778,4310,success_index1,S_L,gradient_tolerance,,raw_state_verified,run.py:numpy-batch
SI-pHiSD,0.002511886431509582,0.002,2000000,383,-0.5046875000000001,1.415625,completed,0.06601892832885206,0.18404094154595424,9.971794838373045e-07,-1005.1363676364158,762.7328988631024,4310,success_index1,S_L,gradient_tolerance,,raw_state_verified,run.py:numpy-batch
SI-pHiSD,0.002511886431509582,0.002,2000000,14,-0.6640625,1.2093749999999999,completed,0.06601892837279213,0.1840409415719732,9.982270376354e-07,-1005.13636773756,762.7328988976097,4312,success_index1,S_L,gradient_tolerance,,raw_state_verified,run.py:numpy-batch
SI-pHiSD,0.002511886431509582,0.002,2000000,116,-0.6078125000000001,1.265625,completed,0.06601892836861879,0.1840409415688884,9.975275161321755e-07,-1005.1363677254573,762.7328988948699,4312,success_index1,S_L,gradient_tolerance,,raw_state_verified,run.py:numpy-batch
SI-pHiSD,0.002511886431509582,0.002,2000000,287,-0.5046875000000001,1.359375,completed,0.06601892839182323,0.1840409415810916,9.972780411889754e-07,-1005.1363677726166,762.7328989144413,4312,success_index1,S_L,gradient_tolerance,,raw_state_verified,run.py:numpy-batch
SI-pHiSD,0.002511886431509582,0.002,2000000,457,-0.7109375,1.4718749999999998,completed,0.9808888199239624,4.903112801741137,8686650712.847649,848602664.1564188,74947917693.42361,4313,state_safeguard,U,state_safeguard,source_norm2_gt_5,raw_state_verified,run.py:numpy-batch
SI-pHiSD,0.002511886431509582,0.002,2000000,17,-0.6359375,1.2093749999999999,completed,0.06601892843923111,0.18404094160313308,9.954954562925775e-07,-1005.1363678572063,762.7328989569594,4313,success_index1,S_L,gradient_tolerance,,raw_state_verified,run.py:numpy-batch
SI-pHiSD,0.002511886431509582,0.002,2000000,48,-0.6453125000000001,1.228125,completed,0.06601892839544289,0.18404094158485929,9.989095258211688e-07,-1005.1363677875569,762.73289891586,4313,success_index1,S_L,gradient_tolerance,,raw_state_verified,run.py:numpy-batch
SI-pHiSD,0.002511886431509582,0.002,2000000,91,-0.5421875,1.246875,completed,0.06601892866865748,0.18404094169805726,9.99691694792187e-07,-1005.13636821879,762.7328991730204,4314,success_index1,S_L,gradient_tolerance,,raw_state_verified,run.py:numpy-batch
SI-pHiSD,0.002511886431509582,0.002,2000000,46,-0.6640625,1.228125,completed,0.06601892833986372,0.18404094155118078,9.9618108546888e-07,-1005.1363676564984,762.7328988728844,4315,success_index1,S_L,gradient_tolerance,,raw_state_verified,run.py:numpy-batch
SI-pHiSD,0.002511886431509582,0.002,2000000,22,-0.5890625,1.2093749999999999,completed,0.06601892861560349,0.1840409416758766,9.95108864786805e-07,-1005.1363681342399,762.7328991232584,4316,success_index1,S_L,gradient_tolerance,,raw_state_verified,run.py:numpy-batch
SI-pHiSD,0.002511886431509582,0.002,2000000,112,-0.6453125000000001,1.265625,completed,0.06601892830629118,0.18404094153419703,9.986097576952338e-07,-1005.1363675910026,762.7328988439793,4316,success_index1,S_L,gradient_tolerance,,raw_state_verified,run.py:numpy-batch
SI-pHiSD,0.002511886431509582,0.002,2000000,250,-0.5515625000000001,1.340625,completed,0.06601892834879847,0.18404094155982298,9.992424240208428e-07,-1005.1363676907014,762.7328988769627,4316,success_index1,S_L,gradient_tolerance,,raw_state_verified,run.py:numpy-batch
SI-pHiSD,0.002511886431509582,0.002,2000000,315,-0.5421875,1.378125,completed,0.06601892833869562,0.18404094155327053,9.985617187806498e-07,-1005.1363676651263,762.7328988695284,4316,success_index1,S_L,gradient_tolerance,,raw_state_verified,run.py:numpy-batch
SI-pHiSD,0.002511886431509582,0.002,2000000,145,-0.6359375,1.284375,completed,0.06601892828920532,0.18404094152369058,9.985917921818336e-07,-1005.13636755009,762.7328988309023,4317,success_index1,S_L,gradient_tolerance,,raw_state_verified,run.py:numpy-batch
SI-pHiSD,0.002511886431509582,0.002,2000000,126,-0.5140625000000001,1.265625,completed,0.06601892874745309,0.184040941714737,9.953440235793946e-07,-1005.1363682781968,762.7328992611842,4318,success_index1,S_L,gradient_tolerance,,raw_state_verified,run.py:numpy-batch
SI-pHiSD,0.002511886431509582,0.002,2000000,179,-0.6171875,1.3031249999999999,completed,0.06601892830355378,0.18404094153116696,9.974433903600881e-07,-1005.136367578968,762.7328988430651,4318,success_index1,S_L,gradient_tolerance,,raw_state_verified,run.py:numpy-batch
SI-pHiSD,0.002511886431509582,0.002,2000000,57,-0.5609375000000001,1.228125,completed,0.06601892868280688,0.18404094169797688,9.957815729109404e-07,-1005.1363682169442,762.7328991915484,4320,success_index1,S_L,gradient_tolerance,,raw_state_verified,run.py:numpy-batch
SI-pHiSD,0.002511886431509582,0.002,2000000,12,-0.6828125,1.2093749999999999,completed,0.06601892835213505,0.1840409415618707,9.993850771451851e-07,-1005.1363676986746,762.7328988795199,4321,success_index1,S_L,gradient_tolerance,,raw_state_verified,run.py:numpy-batch
SI-pHiSD,0.002511886431509582,0.002,2000000,45,-0.6734375,1.228125,completed,0.06601892833523847,0.18404094155291856,9.999761306217874e-07,-1005.1363676640655,762.7328988653271,4321,success_index1,S_L,gradient_tolerance,,raw_state_verified,run.py:numpy-batch
SI-pHiSD,0.002511886431509582,0.002,2000000,23,-0.5796875,1.2093749999999999,completed,0.0660189286967915,0.1840409417058329,9.993002920495937e-07,-1005.136368247406,762.732899202904,4322,success_index1,S_L,gradient_tolerance,,raw_state_verified,run.py:numpy-batch
SI-pHiSD,0.002511886431509582,0.002,2000000,148,-0.6078125000000001,1.284375,completed,0.06601892835822279,0.18404094156374112,9.98050862985108e-07,-1005.136367705631,762.7328988858217,4322,success_index1,S_L,gradient_tolerance,,raw_state_verified,run.py:numpy-batch
SI-pHiSD,0.002511886431509582,0.002,2000000,251,-0.5421875,1.340625,completed,0.06601892837966578,0.18404094157500947,9.976288688043161e-07,-1005.1363677491754,762.7328989039145,4322,success_index1,S_L,gradient_tolerance,,raw_state_verified,run.py:numpy-batch
SI-pHiSD,0.002511886431509582,0.002,2000000,79,-0.6546875000000001,1.246875,completed,0.06601892834222686,0.18404094155198883,9.957079546716068e-07,-1005.1363676595329,762.7328988752587,4323,success_index1,S_L,gradient_tolerance,,raw_state_verified,run.py:numpy-batch
SI-pHiSD,0.002511886431509582,0.002,2000000,281,-0.5609375000000001,1.359375,completed,0.0660189283410597,0.1840409415557459,9.995261622211723e-07,-1005.1363676749438,762.7328988704422,4323,success_index1,S_L,gradient_tolerance,,raw_state_verified,run.py:numpy-batch
SI-pHiSD,0.002511886431509582,0.002,2000000,284,-0.5328125000000001,1.359375,completed,0.06601892838124487,0.18404094157308842,9.952111702598438e-07,-1005.1363677411906,762.7328989076584,4323,success_index1,S_L,gradient_tolerance,,raw_state_verified,run.py:numpy-batch
SI-pHiSD,0.002511886431509582,0.002,2000000,380,-0.5328125000000001,1.415625,completed,0.0660189283013069,0.18404094152930903,9.970279783772602e-07,-1005.1363675716505,762.7328988417627,4324,success_index1,S_L,gradient_tolerance,,raw_state_verified,run.py:numpy-batch
SI-pHiSD,0.002511886431509582,0.002,2000000,92,-0.5328125000000001,1.246875,completed,0.06601892876149075,0.18404094172107874,9.981082726944204e-07,-1005.1363683024917,762.7328992739361,4325,success_index1,S_L,gradient_tolerance,,raw_state_verified,run.py:numpy-batch
SI-pHiSD,0.002511886431509582,0.002,2000000,144,-0.6453125000000001,1.284375,completed,0.066018928284778,0.18404094151761632,9.957899209290337e-07,-1005.1363675258513,762.7328988304523,4325,success_index1,S_L,gradient_tolerance,,raw_state_verified,run.py:numpy-batch
SI-pHiSD,0.002511886431509582,0.002,2000000,178,-0.6265625,1.3031249999999999,completed,0.06601892829619165,0.1840409415259167,9.968116014395256e-07,-1005.1363675583971,762.732898838064,4325,success_index1,S_L,gradient_tolerance,,raw_state_verified,run.py:numpy-batch
SI-pHiSD,0.002511886431509582,0.002,2000000,223,-0.5046875000000001,1.321875,completed,0.06601892845016236,0.18404094161045964,9.973130704136157e-07,-1005.1363678858418,762.7328989647959,4325,success_index1,S_L,gradient_tolerance,,raw_state_verified,run.py:numpy-batch
SI-pHiSD,0.002511886431509582,0.002,2000000,414,-0.5140625000000001,1.434375,completed,0.06601892831300436,0.18404094153917896,9.99411730711593e-07,-1005.1363676105511,762.7328988483689,4325,success_index1,S_L,gradient_tolerance,,raw_state_verified,run.py:numpy-batch
SI-pHiSD,0.002511886431509582,0.002,2000000,78,-0.6640625,1.246875,completed,0.06601892833004618,0.18404094154721742,9.976655018920918e-07,-1005.1363676414271,762.7328988635521,4326,success_index1,S_L,gradient_tolerance,,raw_state_verified,run.py:numpy-batch
SI-pHiSD,0.002511886431509582,0.002,2000000,111,-0.6546875000000001,1.265625,completed,0.06601892831179562,0.18404094153484837,9.963308956381547e-07,-1005.1363675930614,762.7328988505889,4326,success_index1,S_L,gradient_tolerance,,raw_state_verified,run.py:numpy-batch
SI-pHiSD,0.002511886431509582,0.002,2000000,282,-0.5515625000000001,1.359375,completed,0.06601892834850624,0.18404094155757947,9.974455671522726e-07,-1005.1363676816047,762.7328988785484,4326,success_index1,S_L,gradient_tolerance,,raw_state_verified,run.py:numpy-batch
SI-pHiSD,0.002511886431509582,0.002,2000000,44,-0.6828125,1.228125,completed,0.06601892832489681,0.1840409415462732,9.994448649344453e-07,-1005.1363676381384,762.7328988576627,4327,success_index1,S_L,gradient_tolerance,,raw_state_verified,run.py:numpy-batch
SI-pHiSD,0.002511886431509582,0.002,2000000,11,-0.6921875000000001,1.2093749999999999,completed,0.06601892835047395,0.18404094155968853,9.983069807125459e-07,-1005.136367689974,762.7328988792661,4328,success_index1,S_L,gradient_tolerance,,raw_state_verified,run.py:numpy-batch
SI-pHiSD,0.002511886431509582,0.002,2000000,279,-0.5796875,1.359375,completed,0.06601892830964402,0.18404094153784445,9.999951896835748e-07,-1005.1363676054823,762.7328988451552,4328,success_index1,S_L,gradient_tolerance,,raw_state_verified,run.py:numpy-batch
SI-pHiSD,0.002511886431509582,0.002,2000000,348,-0.5328125000000001,1.3968749999999999,completed,0.06601892832540554,0.18404094154463868,9.977853264379562e-07,-1005.1363676314331,762.7328988597596,4328,success_index1,S_L,gradient_tolerance,,raw_state_verified,run.py:numpy-batch
SI-pHiSD,0.002511886431509582,0.002,2000000,390,-0.7390625000000001,1.434375,completed,0.9814281579268608,4.902903371408639,8698944165.087563,849744360.859785,75057450169.04541,4329,state_safeguard,U,state_safeguard,source_norm2_gt_5,raw_state_verified,run.py:numpy-batch
SI-pHiSD,0.002511886431509582,0.002,2000000,58,-0.5515625000000001,1.228125,completed,0.06601892875867943,0.18404094171759247,9.955188484614784e-07,-1005.1363682886089,762.7328992733259,4330,success_index1,S_L,gradient_tolerance,,raw_state_verified,run.py:numpy-batch
SI-pHiSD,0.002511886431509582,0.002,2000000,77,-0.6734375,1.246875,completed,0.0660189283191718,0.18404094154052447,9.974158974374884e-07,-1005.1363676153635,762.7328988552347,4330,success_index1,S_L,gradient_tolerance,,raw_state_verified,run.py:numpy-batch
SI-pHiSD,0.002511886431509582,0.002,2000000,213,-0.5984375000000001,1.321875,completed,0.06601892834218223,0.18404094155268788,9.963330890116759e-07,-1005.1363676623816,762.7328988745875,4330,success_index1,S_L,gradient_tolerance,,raw_state_verified,run.py:numpy-batch
SI-pHiSD,0.002511886431509582,0.002,2000000,485,-0.7484375000000001,1.4906249999999999,completed,-4.871003260083217,-1.1289347930893594,15431255093.623707,1473563639.3596478,135401835334.26918,4332,state_safeguard,U,state_safeguard,source_norm2_gt_5,raw_state_verified,run.py:numpy-batch
SI-pHiSD,0.002511886431509582,0.002,2000000,110,-0.6640625,1.265625,completed,0.06601892830057393,0.18404094153200803,9.997064974370685e-07,-1005.1363675827098,762.7328988384405,4332,success_index1,S_L,gradient_tolerance,,raw_state_verified,run.py:numpy-batch
SI-pHiSD,0.002511886431509582,0.002,2000000,10,-0.7015625000000001,1.2093749999999999,completed,0.0660189283390573,0.18404094155146541,9.96826386563751e-07,-1005.1363676577433,762.7328988715827,4333,success_index1,S_L,gradient_tolerance,,raw_state_verified,run.py:numpy-batch
SI-pHiSD,0.002511886431509582,0.002,2000000,13,-0.6734375,1.2093749999999999,completed,0.06601892838481019,0.1840409415758527,9.959551569758555e-07,-1005.1363677520546,762.7328989098859,4333,success_index1,S_L,gradient_tolerance,,raw_state_verified,run.py:numpy-batch
SI-pHiSD,0.002511886431509582,0.002,2000000,143,-0.6546875000000001,1.284375,completed,0.06601892828026451,0.1840409415182887,9.987583717255862e-07,-1005.1363675290714,762.732898823975,4333,success_index1,S_L,gradient_tolerance,,raw_state_verified,run.py:numpy-batch
SI-pHiSD,0.002511886431509582,0.002,2000000,413,-0.5234375,1.434375,completed,0.06601892832164619,0.1840409415437509,9.989245313519844e-07,-1005.1363676282247,762.7328988556336,4334,success_index1,S_L,gradient_tolerance,,raw_state_verified,run.py:numpy-batch
SI-pHiSD,0.002511886431509582,0.002,2000000,212,-0.6078125000000001,1.321875,completed,0.06601892834075765,0.18404094155070863,9.953310112202163e-07,-1005.1363676544812,762.7328988744646,4335,success_index1,S_L,gradient_tolerance,,raw_state_verified,run.py:numpy-batch
SI-pHiSD,0.002511886431509582,0.002,2000000,24,-0.5703125,1.2093749999999999,completed,0.06601892879247793,0.18404094172763313,9.979004467475597e-07,-1005.136368325833,762.7328993086123,4336,success_index1,S_L,gradient_tolerance,,raw_state_verified,run.py:numpy-batch
SI-pHiSD,0.002511886431509582,0.002,2000000,211,-0.6171875,1.321875,completed,0.06601892830466563,0.184040941534842,9.999996896094082e-07,-1005.1363675938009,762.7328988412934,4336,success_index1,S_L,gradient_tolerance,,raw_state_verified,run.py:numpy-batch
SI-pHiSD,0.002511886431509582,0.002,2000000,246,-0.5890625,1.340625,completed,0.06601892831797554,0.18404094153905023,9.967625629707644e-07,-1005.1363676094937,762.7328988549667,4336,success_index1,S_L,gradient_tolerance,,raw_state_verified,run.py:numpy-batch
SI-pHiSD,0.002511886431509582,0.002,2000000,347,-0.5421875,1.3968749999999999,completed,0.06601892831953146,0.18404094154038952,9.971173592143535e-07,-1005.1363676147756,762.7328988558224,4337,success_index1,S_L,gradient_tolerance,,raw_state_verified,run.py:numpy-batch
SI-pHiSD,0.002511886431509582,0.002,2000000,9,-0.7109375,1.2093749999999999,completed,0.06601892832312325,0.18404094154465633,9.989533553031581e-07,-1005.1363676317499,762.7328988567668,4338,success_index1,S_L,gradient_tolerance,,raw_state_verified,run.py:numpy-batch
SI-pHiSD,0.002511886431509582,0.002,2000000,43,-0.6921875000000001,1.228125,completed,0.0660189283395693,0.18404094155475068,9.994049989326367e-07,-1005.1363676710545,762.7328988693704,4338,success_index1,S_L,gradient_tolerance,,raw_state_verified,run.py:numpy-batch
SI-pHiSD,0.002511886431509582,0.002,2000000,247,-0.5796875,1.340625,completed,0.06601892834685237,0.18404094155610126,9.9697925082065e-07,-1005.1363676757678,762.7328988776871,4338,success_index1,S_L,gradient_tolerance,,raw_state_verified,run.py:numpy-batch
SI-pHiSD,0.002511886431509582,0.002,2000000,127,-0.5046875000000001,1.265625,completed,0.06601892889364283,0.18404094174246519,9.95992321836933e-07,-1005.1363683753212,762.732899427577,4341,success_index1,S_L,gradient_tolerance,,raw_state_verified,run.py:numpy-batch
SI-pHiSD,0.002511886431509582,0.002,2000000,415,-0.5046875000000001,1.434375,completed,0.06601892833978089,0.18404094155460562,9.991751118954808e-07,-1005.1363676704416,762.7328988697739,4341,success_index1,S_L,gradient_tolerance,,raw_state_verified,run.py:numpy-batch
SI-pHiSD,0.002511886431509582,0.002,2000000,93,-0.5234375,1.246875,completed,0.06601892888567674,0.18404094174571176,9.99877816305703e-07,-1005.1363683893854,762.7328994143387,4342,success_index1,S_L,gradient_tolerance,,raw_state_verified,run.py:numpy-batch
SI-pHiSD,0.002511886431509582,0.002,2000000,109,-0.6734375,1.265625,completed,0.06601892830387641,0.18404094153267675,9.98562500353433e-07,-1005.1363675850763,762.7328988421624,4342,success_index1,S_L,gradient_tolerance,,raw_state_verified,run.py:numpy-batch
SI-pHiSD,0.002511886431509582,0.002,2000000,382,-0.5140625000000001,1.415625,completed,0.06601892834354381,0.1840409415523397,9.953601300222505e-07,-1005.136367660819,762.7328988766689,4342,success_index1,S_L,gradient_tolerance,,raw_state_verified,run.py:numpy-batch
SI-pHiSD,0.002511886431509582,0.002,2000000,248,-0.5703125,1.340625,completed,0.06601892835651801,0.18404094156406156,9.99153741663549e-07,-1005.1363677071178,762.7328988833165,4343,success_index1,S_L,gradient_tolerance,,raw_state_verified,run.py:numpy-batch
SI-pHiSD,0.002511886431509582,0.002,2000000,313,-0.5609375000000001,1.378125,completed,0.06601892832379914,0.18404094154182743,9.96185095253111e-07,-1005.1363676201679,762.7328988601288,4343,success_index1,S_L,gradient_tolerance,,raw_state_verified,run.py:numpy-batch
SI-pHiSD,0.002511886431509582,0.002,2000000,314,-0.5515625000000001,1.378125,completed,0.06601892833487781,0.18404094155089795,9.984158566252475e-07,-1005.1363676558832,762.732898866628,4344,success_index1,S_L,gradient_tolerance,,raw_state_verified,run.py:numpy-batch
SI-pHiSD,0.002511886431509582,0.002,2000000,446,-0.5140625000000001,1.453125,completed,0.06601892830940614,0.18404094153570086,9.982871406408653e-07,-1005.1363675967864,762.7328988467244,4344,success_index1,S_L,gradient_tolerance,,raw_state_verified,run.py:numpy-batch
SI-pHiSD,0.002511886431509582,0.002,2000000,317,-0.5234375,1.378125,completed,0.06601892836456187,0.1840409415652508,9.96307158784301e-07,-1005.1363677110927,762.7328988927671,4345,success_index1,S_L,gradient_tolerance,,raw_state_verified,run.py:numpy-batch
SI-pHiSD,0.002511886431509582,0.002,2000000,42,-0.7015625000000001,1.228125,completed,0.06601892832726426,0.18404094154545522,9.975495832725428e-07,-1005.1363676345559,762.7328988614681,4346,success_index1,S_L,gradient_tolerance,,raw_state_verified,run.py:numpy-batch
SI-pHiSD,0.002511886431509582,0.002,2000000,75,-0.6921875000000001,1.246875,completed,0.06601892830845207,0.1840409415326098,9.961405630794093e-07,-1005.1363675843118,762.7328988481903,4346,success_index1,S_L,gradient_tolerance,,raw_state_verified,run.py:numpy-batch
SI-pHiSD,0.002511886431509582,0.002,2000000,312,-0.5703125,1.378125,completed,0.06601892831912214,0.18404094154207293,9.98767452338913e-07,-1005.1363676216687,762.7328988538122,4346,success_index1,S_L,gradient_tolerance,,raw_state_verified,run.py:numpy-batch
SI-pHiSD,0.002511886431509582,0.002,2000000,209,-0.6359375,1.321875,completed,0.06601892827814806,0.18404094151357206,9.95905519060147e-07,-1005.1363675101082,762.7328988253496,4347,success_index1,S_L,gradient_tolerance,,raw_state_verified,run.py:numpy-batch
SI-pHiSD,0.002511886431509582,0.002,2000000,210,-0.6265625,1.321875,completed,0.06601892830711421,0.1840409415343463,9.98312220809249e-07,-1005.1363675915209,762.7328988449223,4347,success_index1,S_L,gradient_tolerance,,raw_state_verified,run.py:numpy-batch
SI-pHiSD,0.002511886431509582,0.002,2000000,311,-0.5796875,1.378125,completed,0.06601892830848145,0.18404094153158415,9.952503559382409e-07,-1005.136367580136,762.7328988491277,4347,success_index1,S_L,gradient_tolerance,,raw_state_verified,run.py:numpy-batch
SI-pHiSD,0.002511886431509582,0.002,2000000,381,-0.5234375,1.415625,completed,0.06601892836826152,0.18404094157036754,9.989843001618827e-07,-1005.1363677315137,762.7328988931072,4347,success_index1,S_L,gradient_tolerance,,raw_state_verified,run.py:numpy-batch
SI-pHiSD,0.002511886431509582,0.002,2000000,59,-0.5421875,1.228125,completed,0.06601892889788906,0.18404094174566007,9.98400529231126e-07,-1005.1363683878641,762.7328994303151,4348,success_index1,S_L,gradient_tolerance,,raw_state_verified,run.py:numpy-batch
SI-pHiSD,0.002511886431509582,0.002,2000000,108,-0.6828125,1.265625,completed,0.06601892828865874,0.1840409415247193,9.997519550920236e-07,-1005.1363675543337,762.7328988292877,4348,success_index1,S_L,gradient_tolerance,,raw_state_verified,run.py:numpy-batch
SI-pHiSD,0.002511886431509582,0.002,2000000,176,-0.6453125000000001,1.3031249999999999,completed,0.06601892831954387,0.18404094154295167,9.993059979438505e-07,-1005.1363676251985,762.7328988535918,4349,success_index1,S_L,gradient_tolerance,,raw_state_verified,run.py:numpy-batch
SI-pHiSD,0.002511886431509582,0.002,2000000,349,-0.5234375,1.3968749999999999,completed,0.06601892835661229,0.18404094156135148,9.967593453463517e-07,-1005.1363676960813,762.7328988858158,4349,success_index1,S_L,gradient_tolerance,,raw_state_verified,run.py:numpy-batch
SI-pHiSD,0.002511886431509582,0.002,2000000,378,-0.5515625000000001,1.415625,completed,0.06601892832511204,0.1840409415420612,9.957217603050104e-07,-1005.1363676209784,762.7328988616363,4350,success_index1,S_L,gradient_tolerance,,raw_state_verified,run.py:numpy-batch
SI-pHiSD,0.002511886431509582,0.002,2000000,175,-0.6546875000000001,1.3031249999999999,completed,0.06601892828585652,0.18404094151959735,9.968943699124304e-07,-1005.1363675337955,762.7328988301224,4351,success_index1,S_L,gradient_tolerance,,raw_state_verified,run.py:numpy-batch
SI-pHiSD,0.002511886431509582,0.002,2000000,244,-0.6078125000000001,1.340625,completed,0.06601892832832129,0.18404094154668996,9.980783962505727e-07,-1005.1363676394664,762.7328988617643,4351,success_index1,S_L,gradient_tolerance,,raw_state_verified,run.py:numpy-batch
SI-pHiSD,0.002511886431509582,0.002,2000000,379,-0.5421875,1.415625,completed,0.06601892831563096,0.18404094154115522,9.997596310394444e-07,-1005.1363676183094,762.732898850063,4352,success_index1,S_L,gradient_tolerance,,raw_state_verified,run.py:numpy-batch
SI-pHiSD,0.002511886431509582,0.002,2000000,74,-0.7015625000000001,1.246875,completed,0.06601892829388267,0.1840409415248815,9.97142187971992e-07,-1005.1363675544329,762.7328988359599,4353,success_index1,S_L,gradient_tolerance,,raw_state_verified,run.py:numpy-batch
SI-pHiSD,0.002511886431509582,0.002,2000000,142,-0.6640625,1.284375,completed,0.06601892830698217,0.18404094153095574,9.954886200490928e-07,-1005.1363675777402,762.7328988477229,4353,success_index1,S_L,gradient_tolerance,,raw_state_verified,run.py:numpy-batch
SI-pHiSD,0.002511886431509582,0.002,2000000,7,-0.7296875,1.2093749999999999,completed,0.06601892831130228,0.18404094153629572,9.978205455707872e-07,-1005.1363675990032,762.7328988486763,4354,success_index1,S_L,gradient_tolerance,,raw_state_verified,run.py:numpy-batch
SI-pHiSD,0.002511886431509582,0.002,2000000,8,-0.7203125,1.2093749999999999,completed,0.06601892835885641,0.18404094156170303,9.959772536527285e-07,-1005.1363676972709,762.7328988884348,4354,success_index1,S_L,gradient_tolerance,,raw_state_verified,run.py:numpy-batch
SI-pHiSD,0.002511886431509582,0.002,2000000,25,-0.5609375000000001,1.2093749999999999,completed,0.06601892889270296,0.18404094174402855,9.975169010520025e-07,-1005.1363683817827,762.7328994249801,4355,success_index1,S_L,gradient_tolerance,,raw_state_verified,run.py:numpy-batch
SI-pHiSD,0.002511886431509582,0.002,2000000,215,-0.5796875,1.321875,completed,0.06601892837084083,0.18404094156784123,9.955577929767764e-07,-1005.1363677209583,762.7328988986867,4355,success_index1,S_L,gradient_tolerance,,raw_state_verified,run.py:numpy-batch
SI-pHiSD,0.002511886431509582,0.002,2000000,242,-0.6265625,1.340625,completed,0.06601892828178574,0.18404094151555583,9.956388977944316e-07,-1005.1363675177894,762.7328988283554,4355,success_index1,S_L,gradient_tolerance,,raw_state_verified,run.py:numpy-batch
SI-pHiSD,0.002511886431509582,0.002,2000000,351,-0.5046875000000001,1.3968749999999999,completed,0.06601892839875069,0.18404094158532947,9.978051712251685e-07,-1005.1363677891155,762.7328989197625,4355,success_index1,S_L,gradient_tolerance,,raw_state_verified,run.py:numpy-batch
SI-pHiSD,0.002511886431509582,0.002,2000000,177,-0.6359375,1.3031249999999999,completed,0.0660189283271541,0.18404094154714426,9.990556005163242e-07,-1005.13636764144,762.7328988598435,4356,success_index1,S_L,gradient_tolerance,,raw_state_verified,run.py:numpy-batch
SI-pHiSD,0.002511886431509582,0.002,2000000,310,-0.5890625,1.378125,completed,0.0660189282984374,0.184040941525272,9.950895728284246e-07,-1005.1363675555332,762.7328988415591,4356,success_index1,S_L,gradient_tolerance,,raw_state_verified,run.py:numpy-batch
SI-pHiSD,0.002511886431509582,0.002,2000000,283,-0.5421875,1.359375,completed,0.06601892838722304,0.1840409415786689,9.972916044518989e-07,-1005.1363677632538,762.7328989105641,4357,success_index1,S_L,gradient_tolerance,,raw_state_verified,run.py:numpy-batch
SI-pHiSD,0.002511886431509582,0.002,2000000,141,-0.6734375,1.284375,completed,0.06601892829949738,0.18404094152817224,9.97002716429191e-07,-1005.136367567219,762.7328988403989,4358,success_index1,S_L,gradient_tolerance,,raw_state_verified,run.py:numpy-batch
SI-pHiSD,0.002511886431509582,0.002,2000000,280,-0.5703125,1.359375,completed,0.0660189283444707,0.1840409415531999,9.956453698393099e-07,-1005.136367664219,762.732898877124,4358,success_index1,S_L,gradient_tolerance,,raw_state_verified,run.py:numpy-batch
SI-pHiSD,0.002511886431509582,0.002,2000000,76,-0.6828125,1.246875,completed,0.06601892835411441,0.18404094156144807,9.98055796107782e-07,-1005.1363676967424,762.7328988824726,4359,success_index1,S_L,gradient_tolerance,,raw_state_verified,run.py:numpy-batch
SI-pHiSD,0.002511886431509582,0.002,2000000,208,-0.6453125000000001,1.321875,completed,0.06601892828292981,0.18404094151615477,9.955360894033238e-07,-1005.1363675201035,762.7328988293227,4359,success_index1,S_L,gradient_tolerance,,raw_state_verified,run.py:numpy-batch
SI-pHiSD,0.002511886431509582,0.002,2000000,412,-0.5328125000000001,1.434375,completed,0.06601892833420242,0.18404094154821574,9.964440043390064e-07,-1005.1363676450425,762.7328988680988,4359,success_index1,S_L,gradient_tolerance,,raw_state_verified,run.py:numpy-batch
SI-pHiSD,0.002511886431509582,0.002,2000000,107,-0.6921875000000001,1.265625,completed,0.06601892829168582,0.18404094152151773,9.95442654468873e-07,-1005.1363675409833,762.7328988360432,4360,success_index1,S_L,gradient_tolerance,,raw_state_verified,run.py:numpy-batch
SI-pHiSD,0.002511886431509582,0.002,2000000,40,-0.7203125,1.228125,completed,0.06601892830911468,0.184040941534773,9.976450926642024e-07,-1005.1363675930429,762.7328988471575,4361,success_index1,S_L,gradient_tolerance,,raw_state_verified,run.py:numpy-batch
SI-pHiSD,0.002511886431509582,0.002,2000000,41,-0.7109375,1.228125,completed,0.06601892833009092,0.18404094154770068,9.98058448667e-07,-1005.1363676433884,762.7328988631868,4361,success_index1,S_L,gradient_tolerance,,raw_state_verified,run.py:numpy-batch
SI-pHiSD,0.002511886431509582,0.002,2000000,444,-0.5328125000000001,1.453125,completed,0.06601892829688347,0.18404094152948833,9.994854437522107e-07,-1005.1363675728546,762.7328988358354,4361,success_index1,S_L,gradient_tolerance,,raw_state_verified,run.py:numpy-batch
SI-pHiSD,0.002511886431509582,0.002,2000000,73,-0.7109375,1.246875,completed,0.0660189282864848,0.1840409415213073,9.98009354061796e-07,-1005.1363675406852,762.7328988294428,4362,success_index1,S_L,gradient_tolerance,,raw_state_verified,run.py:numpy-batch
SI-pHiSD,0.002511886431509582,0.002,2000000,277,-0.5984375000000001,1.359375,completed,0.06601892831354612,0.18404094153664852,9.969711816275463e-07,-1005.1363676001973,762.7328988512944,4362,success_index1,S_L,gradient_tolerance,,raw_state_verified,run.py:numpy-batch
SI-pHiSD,0.002511886431509582,0.002,2000000,207,-0.6546875000000001,1.321875,completed,0.06601892826112624,0.18404094150720637,9.997350080405465e-07,-1005.1363674860363,762.7328988087262,4365,success_index1,S_L,gradient_tolerance,,raw_state_verified,run.py:numpy-batch
SI-pHiSD,0.002511886431509582,0.002,2000000,411,-0.5421875,1.434375,completed,0.06601892831390195,0.18404094153887746,9.986946454140719e-07,-1005.1363676092283,762.7328988498042,4365,success_index1,S_L,gradient_tolerance,,raw_state_verified,run.py:numpy-batch
SI-pHiSD,0.002511886431509582,0.002,2000000,6,-0.7390625000000001,1.2093749999999999,completed,0.06601892831739949,0.18404094154013953,9.979885052737648e-07,-1005.1363676139872,762.7328988532602,4366,success_index1,S_L,gradient_tolerance,,raw_state_verified,run.py:numpy-batch
SI-pHiSD,0.002511886431509582,0.002,2000000,447,-0.5046875000000001,1.453125,completed,0.06601892833555703,0.18404094155023124,9.97503338482423e-07,-1005.1363676530976,762.7328988680987,4366,success_index1,S_L,gradient_tolerance,,raw_state_verified,run.py:numpy-batch
SI-pHiSD,0.002511886431509582,0.002,2000000,289,-0.7859375000000001,1.378125,completed,0.9806984949006375,4.903249097490829,8686017257.832195,848553243.611527,74942007591.38733,4367,state_safeguard,U,state_safeguard,source_norm2_gt_5,raw_state_verified,run.py:numpy-batch
SI-pHiSD,0.002511886431509582,0.002,2000000,345,-0.5609375000000001,1.3968749999999999,completed,0.06601892833152818,0.18404094154745526,9.971271377898536e-07,-1005.1363676422358,762.732898865277,4367,success_index1,S_L,gradient_tolerance,,raw_state_verified,run.py:numpy-batch
SI-pHiSD,0.002511886431509582,0.002,2000000,346,-0.5515625000000001,1.3968749999999999,completed,0.06601892834453259,0.18404094155605902,9.980834432302257e-07,-1005.1363676758448,762.7328988746979,4368,success_index1,S_L,gradient_tolerance,,raw_state_verified,run.py:numpy-batch
SI-pHiSD,0.002511886431509582,0.002,2000000,39,-0.7296875,1.228125,completed,0.06601892829986789,0.18404094152784078,9.965276689735427e-07,-1005.1363675658303,762.7328988411729,4369,success_index1,S_L,gradient_tolerance,,raw_state_verified,run.py:numpy-batch
SI-pHiSD,0.002511886431509582,0.002,2000000,106,-0.7015625000000001,1.265625,completed,0.06601892828431506,0.18404094152030287,9.983083833430643e-07,-1005.1363675368318,762.732898827493,4369,success_index1,S_L,gradient_tolerance,,raw_state_verified,run.py:numpy-batch
SI-pHiSD,0.002511886431509582,0.002,2000000,243,-0.6171875,1.340625,completed,0.06601892835204064,0.18404094155762618,9.957576066572207e-07,-1005.1363676814155,762.7328988831181,4369,success_index1,S_L,gradient_tolerance,,raw_state_verified,run.py:numpy-batch
SI-pHiSD,0.002511886431509582,0.002,2000000,275,-0.6171875,1.359375,completed,0.06601892830565215,0.18404094153056655,9.958448023723e-07,-1005.1363675762999,762.7328988463289,4370,success_index1,S_L,gradient_tolerance,,raw_state_verified,run.py:numpy-batch
SI-pHiSD,0.002511886431509582,0.002,2000000,443,-0.5421875,1.453125,completed,0.06601892829106153,0.1840409415234109,9.973768796183428e-07,-1005.1363675487523,762.732898833569,4370,success_index1,S_L,gradient_tolerance,,raw_state_verified,run.py:numpy-batch
SI-pHiSD,0.002511886431509582,0.002,2000000,245,-0.5984375000000001,1.340625,completed,0.06601892835384428,0.18404094155829845,9.954601446202446e-07,-1005.1363676839569,762.7328988848817,4371,success_index1,S_L,gradient_tolerance,,raw_state_verified,run.py:numpy-batch
SI-pHiSD,0.002511886431509582,0.002,2000000,278,-0.5890625,1.359375,completed,0.06601892833488468,0.18404094154937742,9.97103402243109e-07,-1005.1363676496957,762.7328988679704,4372,success_index1,S_L,gradient_tolerance,,raw_state_verified,run.py:numpy-batch
SI-pHiSD,0.002511886431509582,0.002,2000000,343,-0.5796875,1.3968749999999999,completed,0.06601892831837917,0.18404094154134562,9.985223622630627e-07,-1005.136367618789,762.7328988534807,4372,success_index1,S_L,gradient_tolerance,,raw_state_verified,run.py:numpy-batch
SI-pHiSD,0.002511886431509582,0.002,2000000,72,-0.7203125,1.246875,completed,0.06601892828397528,0.18404094151757536,9.961814449375542e-07,-1005.1363675257707,762.7328988294414,4373,success_index1,S_L,gradient_tolerance,,raw_state_verified,run.py:numpy-batch
SI-pHiSD,0.002511886431509582,0.002,2000000,174,-0.6640625,1.3031249999999999,completed,0.06601892830855152,0.18404094153498887,9.981194431481032e-07,-1005.136367593981,762.7328988462338,4373,success_index1,S_L,gradient_tolerance,,raw_state_verified,run.py:numpy-batch
SI-pHiSD,0.002511886431509582,0.002,2000000,377,-0.5609375000000001,1.415625,completed,0.06601892831891663,0.18404094153773373,9.951561289968063e-07,-1005.1363676040369,762.7328988573485,4373,success_index1,S_L,gradient_tolerance,,raw_state_verified,run.py:numpy-batch
SI-pHiSD,0.002511886431509582,0.002,2000000,139,-0.6921875000000001,1.284375,completed,0.06601892826853085,0.18404094151109357,9.989858450274893e-07,-1005.1363675010565,762.7328988149773,4374,success_index1,S_L,gradient_tolerance,,raw_state_verified,run.py:numpy-batch
SI-pHiSD,0.002511886431509582,0.002,2000000,173,-0.6734375,1.3031249999999999,completed,0.06601892828133576,0.18404094151843484,9.983114441880846e-07,-1005.1363675295506,762.7328988252448,4375,success_index1,S_L,gradient_tolerance,,raw_state_verified,run.py:numpy-batch
SI-pHiSD,0.002511886431509582,0.002,2000000,344,-0.5703125,1.3968749999999999,completed,0.06601892832788105,0.18404094154520056,9.97020491750222e-07,-1005.1363676334538,762.732898862496,4376,success_index1,S_L,gradient_tolerance,,raw_state_verified,run.py:numpy-batch
SI-pHiSD,0.002511886431509582,0.002,2000000,5,-0.7484375000000001,1.2093749999999999,completed,0.06601892831304385,0.18404094153438852,9.952972560530014e-07,-1005.1363675910566,762.7328988526202,4377,success_index1,S_L,gradient_tolerance,,raw_state_verified,run.py:numpy-batch
SI-pHiSD,0.002511886431509582,0.002,2000000,206,-0.6640625,1.321875,completed,0.06601892825825745,0.18404094150470585,9.99203150897279e-07,-1005.13636747617,762.7328988071758,4377,success_index1,S_L,gradient_tolerance,,raw_state_verified,run.py:numpy-batch
SI-pHiSD,0.002511886431509582,0.002,2000000,511,-0.5046875000000001,1.4906249999999999,completed,0.06601892832049809,0.18404094154316597,9.990052137183935e-07,-1005.1363676259681,762.7328988546489,4377,success_index1,S_L,gradient_tolerance,,raw_state_verified,run.py:numpy-batch
SI-pHiSD,0.002511886431509582,0.002,2000000,342,-0.5890625,1.3968749999999999,completed,0.06601892831207984,0.18404094153644898,9.975524607655057e-07,-1005.1363675995433,762.7328988495564,4379,success_index1,S_L,gradient_tolerance,,raw_state_verified,run.py:numpy-batch
SI-pHiSD,0.002511886431509582,0.002,2000000,478,-0.5140625000000001,1.4718749999999998,completed,0.06601892832407223,0.18404094154567086,9.993441835224588e-07,-1005.1363676357759,762.732898857115,4380,success_index1,S_L,gradient_tolerance,,raw_state_verified,run.py:numpy-batch
SI-pHiSD,0.002511886431509582,0.002,2000000,307,-0.6171875,1.378125,completed,0.06601892827070603,0.18404094151177736,9.983879374952274e-07,-1005.136367503605,762.7328988172154,4381,success_index1,S_L,gradient_tolerance,,raw_state_verified,run.py:numpy-batch
SI-pHiSD,0.002511886431509582,0.002,2000000,376,-0.5703125,1.415625,completed,0.06601892831530927,0.18404094153574496,9.952960046260456e-07,-1005.1363675963323,762.7328988543863,4382,success_index1,S_L,gradient_tolerance,,raw_state_verified,run.py:numpy-batch
SI-pHiSD,0.002511886431509582,0.002,2000000,477,-0.5234375,1.4718749999999998,completed,0.06601892831837944,0.18404094153875492,9.963039476125422e-07,-1005.1363676082489,762.7328988557528,4382,success_index1,S_L,gradient_tolerance,,raw_state_verified,run.py:numpy-batch
SI-pHiSD,0.002511886431509582,0.002,2000000,449,-0.7859375000000001,1.4718749999999998,completed,-4.8706242654253735,-1.1318369237998125,15637039782.048908,1492502255.6454194,137258292195.05438,4383,state_safeguard,U,state_safeguard,source_norm2_gt_5,raw_state_verified,run.py:numpy-batch
SI-pHiSD,0.002511886431509582,0.002,2000000,309,-0.5984375000000001,1.378125,completed,0.0660189283116763,0.1840409415370685,9.982887782813602e-07,-1005.136367602107,762.7328988484863,4383,success_index1,S_L,gradient_tolerance,,raw_state_verified,run.py:numpy-batch
SI-pHiSD,0.002511886431509582,0.002,2000000,105,-0.7109375,1.265625,completed,0.06601892829474303,0.18404094152485784,9.966708981097357e-07,-1005.1363675542445,762.732898837103,4384,success_index1,S_L,gradient_tolerance,,raw_state_verified,run.py:numpy-batch
SI-pHiSD,0.002511886431509582,0.002,2000000,479,-0.5046875000000001,1.4718749999999998,completed,0.06601892833732899,0.18404094155085768,9.971610270329048e-07,-1005.1363676554556,762.7328988698612,4385,success_index1,S_L,gradient_tolerance,,raw_state_verified,run.py:numpy-batch
SI-pHiSD,0.002511886431509582,0.002,2000000,241,-0.6359375,1.340625,completed,0.06601892831305141,0.18404094153442488,9.95324359227624e-07,-1005.1363675912032,762.7328988525986,4386,success_index1,S_L,gradient_tolerance,,raw_state_verified,run.py:numpy-batch
SI-pHiSD,0.002511886431509582,0.002,2000000,273,-0.6359375,1.359375,completed,0.0660189282735144,0.1840409415118443,9.96933079181418e-07,-1005.1363675035765,762.7328988208197,4386,success_index1,S_L,gradient_tolerance,,raw_state_verified,run.py:numpy-batch
SI-pHiSD,0.002511886431509582,0.002,2000000,37,-0.7484375000000001,1.228125,completed,0.06601892828273476,0.18404094151803876,9.972324667503805e-07,-1005.1363675277894,762.7328988274169,4388,success_index1,S_L,gradient_tolerance,,raw_state_verified,run.py:numpy-batch
SI-pHiSD,0.002511886431509582,0.002,2000000,94,-0.5140625000000001,1.246875,completed,0.06601892914007959,0.18404094174885874,9.961041815631233e-07,-1005.1363683748863,762.732899743445,4388,success_index1,S_L,gradient_tolerance,,raw_state_verified,run.py:numpy-batch
SI-pHiSD,0.002511886431509582,0.002,2000000,410,-0.5515625000000001,1.434375,completed,0.06601892832512259,0.18404094154263292,9.96207003853817e-07,-1005.1363676233036,762.7328988611484,4388,success_index1,S_L,gradient_tolerance,,raw_state_verified,run.py:numpy-batch
SI-pHiSD,0.002511886431509582,0.002,2000000,240,-0.6453125000000001,1.340625,completed,0.06601892829870924,0.18404094152693903,9.963649253342064e-07,-1005.1363675622864,762.7328988404521,4389,success_index1,S_L,gradient_tolerance,,raw_state_verified,run.py:numpy-batch
SI-pHiSD,0.002511886431509582,0.002,2000000,445,-0.5234375,1.453125,completed,0.06601892834687902,0.18404094155527378,9.96251209330296e-07,-1005.1363676723985,762.7328988784473,4389,success_index1,S_L,gradient_tolerance,,raw_state_verified,run.py:numpy-batch
SI-pHiSD,0.002511886431509582,0.002,2000000,491,-0.6921875000000001,1.4906249999999999,completed,0.9773042151444156,4.903984567481012,8574946836.439885,838148158.9758005,73955056023.14352,4390,state_safeguard,U,state_safeguard,source_norm2_gt_5,raw_state_verified,run.py:numpy-batch
SI-pHiSD,0.002511886431509582,0.002,2000000,409,-0.5609375000000001,1.434375,completed,0.06601892830304365,0.1840409415333283,9.995492399569782e-07,-1005.1363675878165,762.7328988405047,4390,success_index1,S_L,gradient_tolerance,,raw_state_verified,run.py:numpy-batch
SI-pHiSD,0.002511886431509582,0.002,2000000,510,-0.5140625000000001,1.4906249999999999,completed,0.0660189283190153,0.18404094154275208,9.99403515606403e-07,-1005.1363676244432,762.7328988530777,4391,success_index1,S_L,gradient_tolerance,,raw_state_verified,run.py:numpy-batch
SI-pHiSD,0.002511886431509582,0.002,2000000,424,-0.7203125,1.453125,completed,0.9817761420756691,4.903164339668057,8730470210.273186,852731857.7241653,75336665151.43376,4392,state_safeguard,U,state_safeguard,source_norm2_gt_5,raw_state_verified,run.py:numpy-batch
SI-pHiSD,0.002511886431509582,0.002,2000000,138,-0.7015625000000001,1.284375,completed,0.06601892828413891,0.1840409415221184,9.999381212647012e-07,-1005.1363675442367,762.7328988256718,4392,success_index1,S_L,gradient_tolerance,,raw_state_verified,run.py:numpy-batch
SI-pHiSD,0.002511886431509582,0.002,2000000,71,-0.7296875,1.246875,completed,0.06601892832228895,0.18404094154466114,9.993795063222112e-07,-1005.1363676318588,762.7328988556743,4393,success_index1,S_L,gradient_tolerance,,raw_state_verified,run.py:numpy-batch
SI-pHiSD,0.002511886431509582,0.002,2000000,205,-0.6734375,1.321875,completed,0.06601892826806542,0.184040941507816,9.964812453810487e-07,-1005.1363674877713,762.7328988172435,4393,success_index1,S_L,gradient_tolerance,,raw_state_verified,run.py:numpy-batch
SI-pHiSD,0.002511886431509582,0.002,2000000,374,-0.5890625,1.415625,completed,0.06601892829286801,0.18404094152425404,9.971423364910635e-07,-1005.1363675519888,762.7328988351866,4394,success_index1,S_L,gradient_tolerance,,raw_state_verified,run.py:numpy-batch
SI-pHiSD,0.002511886431509582,0.002,2000000,486,-0.7390625000000001,1.4906249999999999,completed,-4.8699168072684955,-1.1331604521266103,15674177675.070053,1495846732.8970203,137595533595.86395,4395,state_safeguard,U,state_safeguard,source_norm2_gt_5,raw_state_verified,run.py:numpy-batch
SI-pHiSD,0.002511886431509582,0.002,2000000,171,-0.6921875000000001,1.3031249999999999,completed,0.06601892826087757,0.18404094150466183,9.977364255112624e-07,-1005.1363674757099,762.7328988106323,4395,success_index1,S_L,gradient_tolerance,,raw_state_verified,run.py:numpy-batch
SI-pHiSD,0.002511886431509582,0.002,2000000,3,-0.7671875,1.2093749999999999,completed,0.0660189282999177,0.18404094153094466,9.991426527268877e-07,-1005.1363675784535,762.7328988385169,4396,success_index1,S_L,gradient_tolerance,,raw_state_verified,run.py:numpy-batch
SI-pHiSD,0.002511886431509582,0.002,2000000,4,-0.7578125,1.2093749999999999,completed,0.06601892833194613,0.18404094154822173,9.975770165009374e-07,-1005.1363676453091,762.7328988651503,4396,success_index1,S_L,gradient_tolerance,,raw_state_verified,run.py:numpy-batch
SI-pHiSD,0.002511886431509582,0.002,2000000,70,-0.7390625000000001,1.246875,completed,0.0660189282753583,0.1840409415125609,9.965468760480093e-07,-1005.1363675062939,762.732898822597,4396,success_index1,S_L,gradient_tolerance,,raw_state_verified,run.py:numpy-batch
SI-pHiSD,0.002511886431509582,0.002,2000000,276,-0.6078125000000001,1.359375,completed,0.06601892833417725,0.18404094154663533,9.950966671490845e-07,-1005.1363676386152,762.7328988694516,4396,success_index1,S_L,gradient_tolerance,,raw_state_verified,run.py:numpy-batch
SI-pHiSD,0.002511886431509582,0.002,2000000,308,-0.6078125000000001,1.378125,completed,0.06601892830577082,0.18404094153534936,9.998611574505002e-07,-1005.1363675957463,762.7328988422904,4396,success_index1,S_L,gradient_tolerance,,raw_state_verified,run.py:numpy-batch
SI-pHiSD,0.002511886431509582,0.002,2000000,475,-0.5421875,1.4718749999999998,completed,0.06601892829690321,0.1840409415283771,9.985303800341483e-07,-1005.1363675683313,762.7328988368356,4396,success_index1,S_L,gradient_tolerance,,raw_state_verified,run.py:numpy-batch
SI-pHiSD,0.002511886431509582,0.002,2000000,38,-0.7390625000000001,1.228125,completed,0.06601892831530896,0.18404094153821196,9.974060074002297e-07,-1005.1363676063694,762.732898852223,4400,success_index1,S_L,gradient_tolerance,,raw_state_verified,run.py:numpy-batch
SI-pHiSD,0.002511886431509582,0.002,2000000,272,-0.6453125000000001,1.359375,completed,0.06601892827056507,0.18404094151137781,9.98127665475069e-07,-1005.1363675019952,762.7328988173809,4400,success_index1,S_L,gradient_tolerance,,raw_state_verified,run.py:numpy-batch
SI-pHiSD,0.002511886431509582,0.002,2000000,407,-0.5796875,1.434375,completed,0.06601892828082727,0.18404094151870434,9.988099300711337e-07,-1005.1363675307023,762.7328988243447,4400,success_index1,S_L,gradient_tolerance,,raw_state_verified,run.py:numpy-batch
SI-pHiSD,0.002511886431509582,0.002,2000000,36,-0.7578125,1.228125,completed,0.06601892828120799,0.18404094151487024,9.95367562227524e-07,-1005.1363675150618,762.7328988282029,4401,success_index1,S_L,gradient_tolerance,,raw_state_verified,run.py:numpy-batch
SI-pHiSD,0.002511886431509582,0.002,2000000,140,-0.6828125,1.284375,completed,0.06601892836299679,0.184040941567231,9.987783265368453e-07,-1005.1363677193174,762.7328988889897,4401,success_index1,S_L,gradient_tolerance,,raw_state_verified,run.py:numpy-batch
SI-pHiSD,0.002511886431509582,0.002,2000000,239,-0.6546875000000001,1.340625,completed,0.06601892829730702,0.18404094152865683,9.985572916664343e-07,-1005.1363675694258,762.732898837117,4401,success_index1,S_L,gradient_tolerance,,raw_state_verified,run.py:numpy-batch
SI-pHiSD,0.002511886431509582,0.002,2000000,508,-0.5328125000000001,1.4906249999999999,completed,0.06601892829391572,0.18404094152587772,9.979705780849464e-07,-1005.1363675584828,762.7328988351294,4401,success_index1,S_L,gradient_tolerance,,raw_state_verified,run.py:numpy-batch
SI-pHiSD,0.002511886431509582,0.002,2000000,238,-0.6640625,1.340625,completed,0.06601892826170183,0.18404094150448655,9.971403374623534e-07,-1005.1363674749088,762.7328988118609,4402,success_index1,S_L,gradient_tolerance,,raw_state_verified,run.py:numpy-batch
SI-pHiSD,0.002511886431509582,0.002,2000000,375,-0.5796875,1.415625,completed,0.06601892834537033,0.18404094155849934,9.997792260502515e-07,-1005.1363676856839,762.732898873651,4402,success_index1,S_L,gradient_tolerance,,raw_state_verified,run.py:numpy-batch
SI-pHiSD,0.002511886431509582,0.002,2000000,323,-0.7671875,1.3968749999999999,completed,0.9812295418777377,4.903266760177478,8711427781.817831,850946914.2898611,75167457286.50742,4403,state_safeguard,U,state_safeguard,source_norm2_gt_5,raw_state_verified,run.py:numpy-batch
SI-pHiSD,0.002511886431509582,0.002,2000000,137,-0.7109375,1.284375,completed,0.06601892828086545,0.18404094151523875,9.95861470339765e-07,-1005.1363675165978,762.7328988274331,4403,success_index1,S_L,gradient_tolerance,,raw_state_verified,run.py:numpy-batch
SI-pHiSD,0.002511886431509582,0.002,2000000,509,-0.5234375,1.4906249999999999,completed,0.06601892833071873,0.1840409415462307,9.964800328502325e-07,-1005.1363676373401,762.7328988652952,4403,success_index1,S_L,gradient_tolerance,,raw_state_verified,run.py:numpy-batch
SI-pHiSD,0.002511886431509582,0.002,2000000,104,-0.7203125,1.265625,completed,0.06601892831042462,0.18404094153257533,9.950947674920169e-07,-1005.1363675839602,762.7328988507936,4404,success_index1,S_L,gradient_tolerance,,raw_state_verified,run.py:numpy-batch
SI-pHiSD,0.002511886431509582,0.002,2000000,2,-0.7765625,1.2093749999999999,completed,0.06601892828901838,0.18404094152205422,9.97303445800427e-07,-1005.136367543452,762.732898832093,4406,success_index1,S_L,gradient_tolerance,,raw_state_verified,run.py:numpy-batch
SI-pHiSD,0.002511886431509582,0.002,2000000,274,-0.6265625,1.359375,completed,0.06601892831652698,0.1840409415368321,9.956033365163279e-07,-1005.1363676006245,762.732898855022,4406,success_index1,S_L,gradient_tolerance,,raw_state_verified,run.py:numpy-batch
SI-pHiSD,0.002511886431509582,0.002,2000000,69,-0.7484375000000001,1.246875,completed,0.06601892826916896,0.18404094151101075,9.98571651657317e-07,-1005.1363675006512,762.7328988158818,4408,success_index1,S_L,gradient_tolerance,,raw_state_verified,run.py:numpy-batch
SI-pHiSD,0.002511886431509582,0.002,2000000,341,-0.5984375000000001,1.3968749999999999,completed,0.06601892833694438,0.18404094155277884,9.990073741505893e-07,-1005.1363676633134,762.7328988676751,4410,success_index1,S_L,gradient_tolerance,,raw_state_verified,run.py:numpy-batch
SI-pHiSD,0.002511886431509582,0.002,2000000,170,-0.7015625000000001,1.3031249999999999,completed,0.06601892826932503,0.18404094151261166,9.998345487506176e-07,-1005.1363675071478,762.7328988146821,4411,success_index1,S_L,gradient_tolerance,,raw_state_verified,run.py:numpy-batch
SI-pHiSD,0.002511886431509582,0.002,2000000,136,-0.7203125,1.284375,completed,0.06601892826311347,0.18404094150462022,9.964839447579514e-07,-1005.1363674753009,762.7328988135853,4414,success_index1,S_L,gradient_tolerance,,raw_state_verified,run.py:numpy-batch
SI-pHiSD,0.002511886431509582,0.002,2000000,172,-0.6828125,1.3031249999999999,completed,0.06601892833422168,0.18404094155069237,9.985660337256965e-07,-1005.1363676551173,762.7328988659525,4414,success_index1,S_L,gradient_tolerance,,raw_state_verified,run.py:numpy-batch
SI-pHiSD,0.002511886431509582,0.002,2000000,476,-0.5328125000000001,1.4718749999999998,completed,0.06601892832863301,0.18404094154621983,9.975178263394337e-07,-1005.1363676375202,762.7328988625832,4414,success_index1,S_L,gradient_tolerance,,raw_state_verified,run.py:numpy-batch
SI-pHiSD,0.002511886431509582,0.002,2000000,103,-0.7296875,1.265625,completed,0.06601892829884196,0.18404094152675257,9.961371595056982e-07,-1005.1363675615136,762.7328988407885,4415,success_index1,S_L,gradient_tolerance,,raw_state_verified,run.py:numpy-batch
SI-pHiSD,0.002511886431509582,0.002,2000000,339,-0.6171875,1.3968749999999999,completed,0.06601892828595625,0.1840409415229681,9.996953343187406e-07,-1005.1363675474988,762.7328988272977,4415,success_index1,S_L,gradient_tolerance,,raw_state_verified,run.py:numpy-batch
SI-pHiSD,0.002511886431509582,0.002,2000000,1,-0.7859375000000001,1.2093749999999999,completed,0.06601892827500615,0.1840409415146474,9.98494912894546e-07,-1005.1363675148209,762.7328988203084,4416,success_index1,S_L,gradient_tolerance,,raw_state_verified,run.py:numpy-batch
SI-pHiSD,0.002511886431509582,0.002,2000000,237,-0.6734375,1.340625,completed,0.066018928255854,0.18404094149835665,9.95204346355562e-07,-1005.1363674505961,762.7328988096073,4416,success_index1,S_L,gradient_tolerance,,raw_state_verified,run.py:numpy-batch
SI-pHiSD,0.002511886431509582,0.002,2000000,406,-0.5890625,1.434375,completed,0.06601892828291785,0.18404094151627345,9.956427691851403e-07,-1005.1363675205874,762.7328988292034,4416,success_index1,S_L,gradient_tolerance,,raw_state_verified,run.py:numpy-batch
SI-pHiSD,0.002511886431509582,0.002,2000000,340,-0.6078125000000001,1.3968749999999999,completed,0.06601892833391311,0.18404094154795778,9.96366490592869e-07,-1005.1363676440242,762.7328988679476,4417,success_index1,S_L,gradient_tolerance,,raw_state_verified,run.py:numpy-batch
SI-pHiSD,0.002511886431509582,0.002,2000000,35,-0.7671875,1.228125,completed,0.06601892829364162,0.18404094152233466,9.95107008670802e-07,-1005.1363675440967,762.7328988378786,4419,success_index1,S_L,gradient_tolerance,,raw_state_verified,run.py:numpy-batch
SI-pHiSD,0.002511886431509582,0.002,2000000,507,-0.5421875,1.4906249999999999,completed,0.06601892830369954,0.1840409415308315,9.970820772513569e-07,-1005.1363675775875,762.7328988435493,4421,success_index1,S_L,gradient_tolerance,,raw_state_verified,run.py:numpy-batch
SI-pHiSD,0.002511886431509582,0.002,2000000,68,-0.7578125,1.246875,completed,0.06601892826806516,0.18404094151080186,9.989919752734429e-07,-1005.1363674999201,762.7328988146254,4422,success_index1,S_L,gradient_tolerance,,raw_state_verified,run.py:numpy-batch
SI-pHiSD,0.002511886431509582,0.002,2000000,102,-0.7390625000000001,1.265625,completed,0.06601892827855681,0.18404094151364112,9.957451277216485e-07,-1005.1363675103458,762.7328988258223,4423,success_index1,S_L,gradient_tolerance,,raw_state_verified,run.py:numpy-batch
SI-pHiSD,0.002511886431509582,0.002,2000000,338,-0.6265625,1.3968749999999999,completed,0.06601892827046864,0.1840409415080318,9.95363965568177e-07,-1005.1363674883917,762.7328988201892,4423,success_index1,S_L,gradient_tolerance,,raw_state_verified,run.py:numpy-batch
SI-pHiSD,0.002511886431509582,0.002,2000000,441,-0.5609375000000001,1.453125,completed,0.06601892832242764,0.18404094154352135,9.983319597549334e-07,-1005.1363676272069,762.7328988568545,4424,success_index1,S_L,gradient_tolerance,,raw_state_verified,run.py:numpy-batch
SI-pHiSD,0.002511886431509582,0.002,2000000,169,-0.7109375,1.3031249999999999,completed,0.06601892826019648,0.1840409415037835,9.973715023521465e-07,-1005.1363674722091,762.7328988105144,4425,success_index1,S_L,gradient_tolerance,,raw_state_verified,run.py:numpy-batch
SI-pHiSD,0.002511886431509582,0.002,2000000,203,-0.6921875000000001,1.321875,completed,0.06601892827036297,0.18404094150920716,9.964098385967197e-07,-1005.1363674931852,762.7328988190209,4425,success_index1,S_L,gradient_tolerance,,raw_state_verified,run.py:numpy-batch
SI-pHiSD,0.002511886431509582,0.002,2000000,204,-0.6828125,1.321875,completed,0.06601892829384508,0.18404094152774078,9.995897069612279e-07,-1005.1363675660702,762.7328988334041,4425,success_index1,S_L,gradient_tolerance,,raw_state_verified,run.py:numpy-batch
SI-pHiSD,0.002511886431509582,0.002,2000000,305,-0.6359375,1.378125,completed,0.06601892831690068,0.18404094154076314,9.987765240729705e-07,-1005.1363676165776,762.732898852063,4425,success_index1,S_L,gradient_tolerance,,raw_state_verified,run.py:numpy-batch
SI-pHiSD,0.002511886431509582,0.002,2000000,271,-0.6546875000000001,1.359375,completed,0.06601892830536552,0.18404094153178682,9.9703324289952e-07,-1005.1363675812955,762.732898844885,4426,success_index1,S_L,gradient_tolerance,,raw_state_verified,run.py:numpy-batch
SI-pHiSD,0.002511886431509582,0.002,2000000,34,-0.7765625,1.228125,completed,0.06601892827260235,0.1840409415103208,9.961403637485764e-07,-1005.1363674974759,762.7328988209656,4427,success_index1,S_L,gradient_tolerance,,raw_state_verified,run.py:numpy-batch
SI-pHiSD,0.002511886431509582,0.002,2000000,372,-0.6078125000000001,1.415625,completed,0.06601892829006202,0.18404094152366454,9.981182486248189e-07,-1005.1363675498919,762.7328988320428,4428,success_index1,S_L,gradient_tolerance,,raw_state_verified,run.py:numpy-batch
SI-pHiSD,0.002511886431509582,0.002,2000000,0,-0.7953125000000001,1.2093749999999999,completed,0.0660189282680198,0.18404094151129294,9.994295005151254e-07,-1005.1363675019229,762.7328988141356,4429,success_index1,S_L,gradient_tolerance,,raw_state_verified,run.py:numpy-batch
SI-pHiSD,0.002511886431509582,0.002,2000000,135,-0.7296875,1.284375,completed,0.06601892826006729,0.1840409415035756,9.972678275601683e-07,-1005.1363674713778,762.7328988105278,4429,success_index1,S_L,gradient_tolerance,,raw_state_verified,run.py:numpy-batch
SI-pHiSD,0.002511886431509582,0.002,2000000,236,-0.6828125,1.340625,completed,0.0660189282506388,0.18404094150031333,9.99707882954059e-07,-1005.1363674591167,762.7328988010883,4431,success_index1,S_L,gradient_tolerance,,raw_state_verified,run.py:numpy-batch
SI-pHiSD,0.002511886431509582,0.002,2000000,101,-0.7484375000000001,1.265625,completed,0.06601892826515995,0.1840409415047838,9.955086950155985e-07,-1005.1363674757465,762.732898816112,4434,success_index1,S_L,gradient_tolerance,,raw_state_verified,run.py:numpy-batch
SI-pHiSD,0.002511886431509582,0.002,2000000,373,-0.5984375000000001,1.415625,completed,0.06601892837211015,0.18404094157084297,9.975665941100234e-07,-1005.1363677330348,762.732898897711,4436,success_index1,S_L,gradient_tolerance,,raw_state_verified,run.py:numpy-batch
SI-pHiSD,0.002511886431509582,0.002,2000000,337,-0.6359375,1.3968749999999999,completed,0.06601892826178989,0.18404094150687106,9.990924756661107e-07,-1005.1363674846002,762.7328988098857,4437,success_index1,S_L,gradient_tolerance,,raw_state_verified,run.py:numpy-batch
SI-pHiSD,0.002511886431509582,0.002,2000000,67,-0.7671875,1.246875,completed,0.06601892827087959,0.18404094150811617,9.952131870692584e-07,-1005.1363674886907,762.7328988206514,4439,success_index1,S_L,gradient_tolerance,,raw_state_verified,run.py:numpy-batch
SI-pHiSD,0.002511886431509582,0.002,2000000,168,-0.7203125,1.3031249999999999,completed,0.06601892825293348,0.1840409415003591,9.984833480871178e-07,-1005.1363674590565,762.7328988040416,4440,success_index1,S_L,gradient_tolerance,,raw_state_verified,run.py:numpy-batch
SI-pHiSD,0.002511886431509582,0.002,2000000,33,-0.7859375000000001,1.228125,completed,0.06601892826469494,0.18404094150523495,9.961400601163344e-07,-1005.1363674776322,762.7328988151097,4441,success_index1,S_L,gradient_tolerance,,raw_state_verified,run.py:numpy-batch
SI-pHiSD,0.002511886431509582,0.002,2000000,202,-0.7015625000000001,1.321875,completed,0.06601892827549273,0.18404094151352848,9.972906098323322e-07,-1005.1363675102164,762.7328988219241,4441,success_index1,S_L,gradient_tolerance,,raw_state_verified,run.py:numpy-batch
SI-pHiSD,0.002511886431509582,0.002,2000000,405,-0.5984375000000001,1.434375,completed,0.06601892829616943,0.1840409415276862,9.983267432379737e-07,-1005.1363675655988,762.732898836484,4442,success_index1,S_L,gradient_tolerance,,raw_state_verified,run.py:numpy-batch
SI-pHiSD,0.002511886431509582,0.002,2000000,306,-0.6265625,1.378125,completed,0.0660189283635026,0.18404094156341824,9.95224691327801e-07,-1005.1363677037505,762.7328988929922,4443,success_index1,S_L,gradient_tolerance,,raw_state_verified,run.py:numpy-batch
SI-pHiSD,0.002511886431509582,0.002,2000000,474,-0.5515625000000001,1.4718749999999998,completed,0.06601892832936096,0.1840409415463286,9.972455757804523e-07,-1005.1363676378845,762.7328988634375,4443,success_index1,S_L,gradient_tolerance,,raw_state_verified,run.py:numpy-batch
SI-pHiSD,0.002511886431509582,0.002,2000000,442,-0.5515625000000001,1.453125,completed,0.06601892834845217,0.1840409415566229,9.966451582188426e-07,-1005.1363676777186,762.7328988793165,4444,success_index1,S_L,gradient_tolerance,,raw_state_verified,run.py:numpy-batch
SI-pHiSD,0.002511886431509582,0.002,2000000,269,-0.6734375,1.359375,completed,0.06601892825445299,0.18404094150151618,9.986160980832136e-07,-1005.1363674636009,762.7328988050095,4445,success_index1,S_L,gradient_tolerance,,raw_state_verified,run.py:numpy-batch
SI-pHiSD,0.002511886431509582,0.002,2000000,270,-0.6640625,1.359375,completed,0.06601892829847691,0.1840409415301578,9.992234745679774e-07,-1005.1363675754068,762.7328988373273,4446,success_index1,S_L,gradient_tolerance,,raw_state_verified,run.py:numpy-batch
SI-pHiSD,0.002511886431509582,0.002,2000000,303,-0.6546875000000001,1.378125,completed,0.06601892827476047,0.1840409415132378,9.974382450879704e-07,-1005.1363675091119,762.7328988212239,4447,success_index1,S_L,gradient_tolerance,,raw_state_verified,run.py:numpy-batch
SI-pHiSD,0.002511886431509582,0.002,2000000,371,-0.6171875,1.415625,completed,0.06601892830488358,0.18404094153195202,9.974234877096285e-07,-1005.1363675820195,762.7328988441112,4448,success_index1,S_L,gradient_tolerance,,raw_state_verified,run.py:numpy-batch
SI-pHiSD,0.002511886431509582,0.002,2000000,439,-0.5796875,1.453125,completed,0.06601892831829843,0.18404094153832834,9.959800506294312e-07,-1005.1363676065217,762.732898856021,4448,success_index1,S_L,gradient_tolerance,,raw_state_verified,run.py:numpy-batch
SI-pHiSD,0.002511886431509582,0.002,2000000,370,-0.6265625,1.415625,completed,0.06601892827312082,0.1840409415129346,9.980631666180755e-07,-1005.1363675080539,762.7328988193508,4453,success_index1,S_L,gradient_tolerance,,raw_state_verified,run.py:numpy-batch
SI-pHiSD,0.002511886431509582,0.002,2000000,304,-0.6453125000000001,1.378125,completed,0.06601892831097556,0.18404094153766287,9.99156198182696e-07,-1005.1363676046004,762.7328988470514,4455,success_index1,S_L,gradient_tolerance,,raw_state_verified,run.py:numpy-batch
SI-pHiSD,0.002511886431509582,0.002,2000000,32,-0.7953125000000001,1.228125,completed,0.06601892825810275,0.18404094150271397,9.97619108925089e-07,-1005.1363674680829,762.7328988087206,4456,success_index1,S_L,gradient_tolerance,,raw_state_verified,run.py:numpy-batch
SI-pHiSD,0.002511886431509582,0.002,2000000,66,-0.7765625,1.246875,completed,0.06601892827450341,0.18404094151533604,9.993450611026532e-07,-1005.1363675176766,762.7328988190488,4456,success_index1,S_L,gradient_tolerance,,raw_state_verified,run.py:numpy-batch
SI-pHiSD,0.002511886431509582,0.002,2000000,235,-0.6921875000000001,1.340625,completed,0.06601892827154346,0.1840409415123603,9.984277605016158e-07,-1005.1363675058869,762.7328988177964,4456,success_index1,S_L,gradient_tolerance,,raw_state_verified,run.py:numpy-batch
SI-pHiSD,0.002511886431509582,0.002,2000000,404,-0.6078125000000001,1.434375,completed,0.06601892829300764,0.18404094152368253,9.965839615507743e-07,-1005.1363675496489,762.7328988358695,4456,success_index1,S_L,gradient_tolerance,,raw_state_verified,run.py:numpy-batch
SI-pHiSD,0.002511886431509582,0.002,2000000,167,-0.7296875,1.3031249999999999,completed,0.06601892825217891,0.1840409414994915,9.98173185156206e-07,-1005.1363674556075,762.7328988038182,4458,success_index1,S_L,gradient_tolerance,,raw_state_verified,run.py:numpy-batch
SI-pHiSD,0.002511886431509582,0.002,2000000,472,-0.5703125,1.4718749999999998,completed,0.06601892831043692,0.18404094153345948,9.958432984935617e-07,-1005.1363675875565,762.7328988500342,4458,success_index1,S_L,gradient_tolerance,,raw_state_verified,run.py:numpy-batch
SI-pHiSD,0.002511886431509582,0.002,2000000,505,-0.5609375000000001,1.4906249999999999,completed,0.06601892830528015,0.18404094153256287,9.977389501706713e-07,-1005.1363675844622,762.732898844093,4459,success_index1,S_L,gradient_tolerance,,raw_state_verified,run.py:numpy-batch
SI-pHiSD,0.002511886431509582,0.002,2000000,357,-0.7484375000000001,1.415625,completed,0.9813555964614165,4.903118219350469,8708383037.15238,850649109.1970841,75140753832.88748,4461,state_safeguard,U,state_safeguard,source_norm2_gt_5,raw_state_verified,run.py:numpy-batch
SI-pHiSD,0.002511886431509582,0.002,2000000,438,-0.5890625,1.453125,completed,0.0660189283106949,0.18404094153294104,9.952679541872138e-07,-1005.1363675854196,762.7328988508252,4461,success_index1,S_L,gradient_tolerance,,raw_state_verified,run.py:numpy-batch
SI-pHiSD,0.002511886431509582,0.002,2000000,268,-0.6828125,1.359375,completed,0.06601892824862474,0.1840409414969372,9.980004546761243e-07,-1005.1363674455966,762.7328988014211,4463,success_index1,S_L,gradient_tolerance,,raw_state_verified,run.py:numpy-batch
SI-pHiSD,0.002511886431509582,0.002,2000000,100,-0.7578125,1.265625,completed,0.06601892830053133,0.18404094152755907,9.959423801549904e-07,-1005.1363675646135,762.7328988422854,4464,success_index1,S_L,gradient_tolerance,,raw_state_verified,run.py:numpy-batch
SI-pHiSD,0.002511886431509582,0.002,2000000,336,-0.6453125000000001,1.3968749999999999,completed,0.06601892828833757,0.18404094152059297,9.964247800083647e-07,-1005.1363675375801,762.7328988324864,4464,success_index1,S_L,gradient_tolerance,,raw_state_verified,run.py:numpy-batch
SI-pHiSD,0.002511886431509582,0.002,2000000,437,-0.5984375000000001,1.453125,completed,0.06601892829869556,0.18404094152590103,9.954893791841788e-07,-1005.1363675580644,762.7328988413444,4465,success_index1,S_L,gradient_tolerance,,raw_state_verified,run.py:numpy-batch
SI-pHiSD,0.002511886431509582,0.002,2000000,440,-0.5703125,1.453125,completed,0.06601892835478199,0.1840409415608423,9.972067481437202e-07,-1005.1363676942062,762.7328988838746,4467,success_index1,S_L,gradient_tolerance,,raw_state_verified,run.py:numpy-batch
SI-pHiSD,0.002511886431509582,0.002,2000000,473,-0.5609375000000001,1.4718749999999998,completed,0.06601892833383477,0.18404094154818934,9.966048626015638e-07,-1005.1363676449745,762.7328988676427,4467,success_index1,S_L,gradient_tolerance,,raw_state_verified,run.py:numpy-batch
SI-pHiSD,0.002511886431509582,0.002,2000000,134,-0.7390625000000001,1.284375,completed,0.06601892832853046,0.18404094154470604,9.96268978181654e-07,-1005.1363676313719,762.732898863777,4468,success_index1,S_L,gradient_tolerance,,raw_state_verified,run.py:numpy-batch
SI-pHiSD,0.002511886431509582,0.002,2000000,99,-0.7671875,1.265625,completed,0.06601892827317218,0.18404094151471218,9.995335074627237e-07,-1005.1363675152813,762.7328988178592,4472,success_index1,S_L,gradient_tolerance,,raw_state_verified,run.py:numpy-batch
SI-pHiSD,0.002511886431509582,0.002,2000000,234,-0.7015625000000001,1.340625,completed,0.06601892826430653,0.18404094150516845,9.962952785957343e-07,-1005.1363674774032,762.7328988146614,4472,success_index1,S_L,gradient_tolerance,,raw_state_verified,run.py:numpy-batch
SI-pHiSD,0.002511886431509582,0.002,2000000,408,-0.5703125,1.434375,completed,0.06601892836674024,0.184040941569111,9.98618052020041e-07,-1005.1363677265645,762.7328988922243,4472,success_index1,S_L,gradient_tolerance,,raw_state_verified,run.py:numpy-batch
SI-pHiSD,0.002511886431509582,0.002,2000000,200,-0.7203125,1.321875,completed,0.06601892825140213,0.18404094149843506,9.97718385203246e-07,-1005.1363674513929,762.732898803731,4473,success_index1,S_L,gradient_tolerance,,raw_state_verified,run.py:numpy-batch
SI-pHiSD,0.002511886431509582,0.002,2000000,369,-0.6359375,1.415625,completed,0.06601892827518163,0.18404094151233832,9.964540671325918e-07,-1005.1363675054074,762.7328988225614,4473,success_index1,S_L,gradient_tolerance,,raw_state_verified,run.py:numpy-batch
SI-pHiSD,0.002511886431509582,0.002,2000000,133,-0.7484375000000001,1.284375,completed,0.06601892828036032,0.18404094151575523,9.965670698567859e-07,-1005.1363675187537,762.7328988263213,4474,success_index1,S_L,gradient_tolerance,,raw_state_verified,run.py:numpy-batch
SI-pHiSD,0.002511886431509582,0.002,2000000,403,-0.6171875,1.434375,completed,0.0660189283044285,0.18404094153228812,9.979454784395917e-07,-1005.1363675834355,762.7328988432233,4474,success_index1,S_L,gradient_tolerance,,raw_state_verified,run.py:numpy-batch
SI-pHiSD,0.002511886431509582,0.002,2000000,166,-0.7390625000000001,1.3031249999999999,completed,0.06601892824928543,0.18404094149512124,9.961201759459803e-07,-1005.1363674381373,762.7328988038753,4477,success_index1,S_L,gradient_tolerance,,raw_state_verified,run.py:numpy-batch
SI-pHiSD,0.002511886431509582,0.002,2000000,65,-0.7859375000000001,1.246875,completed,0.06601892827643993,0.18404094151302552,9.96358746276452e-07,-1005.1363675080681,762.7328988236007,4479,success_index1,S_L,gradient_tolerance,,raw_state_verified,run.py:numpy-batch
SI-pHiSD,0.002511886431509582,0.002,2000000,201,-0.7109375,1.321875,completed,0.0660189283029619,0.1840409415284125,9.954046004400535e-07,-1005.1363675678249,762.7328988447078,4479,success_index1,S_L,gradient_tolerance,,raw_state_verified,run.py:numpy-batch
SI-pHiSD,0.002511886431509582,0.002,2000000,132,-0.7578125,1.284375,completed,0.06601892825081088,0.18404094150011652,9.994486622185426e-07,-1005.1363674582972,762.7328988014852,4481,success_index1,S_L,gradient_tolerance,,raw_state_verified,run.py:numpy-batch
SI-pHiSD,0.002511886431509582,0.002,2000000,471,-0.5796875,1.4718749999999998,completed,0.06601892832010815,0.1840409415437958,9.997428617395407e-07,-1005.1363676285725,762.732898853588,4482,success_index1,S_L,gradient_tolerance,,raw_state_verified,run.py:numpy-batch
SI-pHiSD,0.002511886431509582,0.002,2000000,302,-0.6640625,1.378125,completed,0.0660189282956115,0.18404094152654435,9.97648394946118e-07,-1005.136367561013,762.7328988367573,4484,success_index1,S_L,gradient_tolerance,,raw_state_verified,run.py:numpy-batch
SI-pHiSD,0.002511886431509582,0.002,2000000,436,-0.6078125000000001,1.453125,completed,0.0660189282905439,0.18404094152046532,9.951521749204762e-07,-1005.1363675368236,762.7328988354761,4487,success_index1,S_L,gradient_tolerance,,raw_state_verified,run.py:numpy-batch
SI-pHiSD,0.002511886431509582,0.002,2000000,402,-0.6265625,1.434375,completed,0.06601892828000129,0.18404094151954387,9.999590460608748e-07,-1005.1363675342061,762.7328988225316,4488,success_index1,S_L,gradient_tolerance,,raw_state_verified,run.py:numpy-batch
SI-pHiSD,0.002511886431509582,0.002,2000000,98,-0.7765625,1.265625,completed,0.0660189282685152,0.18404094150677705,9.953645671942737e-07,-1005.1363674834963,762.732898818741,4489,success_index1,S_L,gradient_tolerance,,raw_state_verified,run.py:numpy-batch
SI-pHiSD,0.002511886431509582,0.002,2000000,267,-0.6921875000000001,1.359375,completed,0.06601892827562855,0.1840409415148288,9.983144018602931e-07,-1005.1363675154921,762.732898820961,4492,success_index1,S_L,gradient_tolerance,,raw_state_verified,run.py:numpy-batch
SI-pHiSD,0.002511886431509582,0.002,2000000,470,-0.5890625,1.4718749999999998,completed,0.06601892831079938,0.18404094153557937,9.974670099629594e-07,-1005.1363675961426,762.7328988486483,4493,success_index1,S_L,gradient_tolerance,,raw_state_verified,run.py:numpy-batch
SI-pHiSD,0.002511886431509582,0.002,2000000,199,-0.7296875,1.321875,completed,0.06601892824945393,0.18404094149497016,9.95901082645805e-07,-1005.1363674375053,762.7328988042269,4494,success_index1,S_L,gradient_tolerance,,raw_state_verified,run.py:numpy-batch
SI-pHiSD,0.002511886431509582,0.002,2000000,301,-0.6734375,1.378125,completed,0.06601892830178151,0.1840409415278612,9.95548894847796e-07,-1005.1363675657084,762.7328988436515,4494,success_index1,S_L,gradient_tolerance,,raw_state_verified,run.py:numpy-batch
SI-pHiSD,0.002511886431509582,0.002,2000000,334,-0.6640625,1.3968749999999999,completed,0.06601892825598253,0.18404094150395822,9.99821212672148e-07,-1005.1363674733725,762.7328988048637,4496,success_index1,S_L,gradient_tolerance,,raw_state_verified,run.py:numpy-batch
SI-pHiSD,0.002511886431509582,0.002,2000000,458,-0.7015625000000001,1.4718749999999998,completed,0.9811581216699752,4.903158787265189,8701728500.039267,850025666.5040469,75081615449.983,4497,state_safeguard,U,state_safeguard,source_norm2_gt_5,raw_state_verified,run.py:numpy-batch
SI-pHiSD,0.002511886431509582,0.002,2000000,368,-0.6453125000000001,1.415625,completed,0.06601892828324517,0.18404094151801564,9.969416657281908e-07,-1005.1363675276408,762.7328988281029,4497,success_index1,S_L,gradient_tolerance,,raw_state_verified,run.py:numpy-batch
SI-pHiSD,0.002511886431509582,0.002,2000000,165,-0.7484375000000001,1.3031249999999999,completed,0.06601892824754681,0.18404094149307512,9.953761241967486e-07,-1005.1363674299996,762.7328988034009,4498,success_index1,S_L,gradient_tolerance,,raw_state_verified,run.py:numpy-batch
SI-pHiSD,0.002511886431509582,0.002,2000000,335,-0.6546875000000001,1.3968749999999999,completed,0.06601892831644644,0.18404094153996228,9.983228073233176e-07,-1005.1363676133686,762.7328988521722,4499,success_index1,S_L,gradient_tolerance,,raw_state_verified,run.py:numpy-batch
SI-pHiSD,0.002511886431509582,0.002,2000000,506,-0.5515625000000001,1.4906249999999999,completed,0.06601892836788584,0.18404094156953335,9.984380351196814e-07,-1005.1363677281599,762.7328988933489,4499,success_index1,S_L,gradient_tolerance,,raw_state_verified,run.py:numpy-batch
SI-pHiSD,0.002511886431509582,0.002,2000000,233,-0.7109375,1.340625,completed,0.06601892827452265,0.18404094151460618,9.987194367103187e-07,-1005.136367514705,762.7328988197137,4500,success_index1,S_L,gradient_tolerance,,raw_state_verified,run.py:numpy-batch
SI-pHiSD,0.002511886431509582,0.002,2000000,300,-0.6828125,1.378125,completed,0.06601892824879353,0.18404094149598532,9.971130547758865e-07,-1005.1363674417058,762.7328988024757,4501,success_index1,S_L,gradient_tolerance,,raw_state_verified,run.py:numpy-batch
SI-pHiSD,0.002511886431509582,0.002,2000000,469,-0.5984375000000001,1.4718749999999998,completed,0.06601892829549033,0.18404094152655062,9.977170731689212e-07,-1005.1363675610513,762.7328988365939,4501,success_index1,S_L,gradient_tolerance,,raw_state_verified,run.py:numpy-batch
SI-pHiSD,0.002511886431509582,0.002,2000000,131,-0.7671875,1.284375,completed,0.06601892824773363,0.18404094149357844,9.956922186763425e-07,-1005.1363674320271,762.7328988032034,4502,success_index1,S_L,gradient_tolerance,,raw_state_verified,run.py:numpy-batch
SI-pHiSD,0.002511886431509582,0.002,2000000,435,-0.6171875,1.453125,completed,0.06601892827139172,0.184040941511924,9.981421136838688e-07,-1005.1363675041281,762.732898817981,4502,success_index1,S_L,gradient_tolerance,,raw_state_verified,run.py:numpy-batch
SI-pHiSD,0.002511886431509582,0.002,2000000,97,-0.7859375000000001,1.265625,completed,0.06601892824799238,0.18404094149328648,9.953054086567683e-07,-1005.1363674308114,762.732898803797,4506,success_index1,S_L,gradient_tolerance,,raw_state_verified,run.py:numpy-batch
SI-pHiSD,0.002511886431509582,0.002,2000000,64,-0.7953125000000001,1.246875,completed,0.06601892827898764,0.18404094151717992,9.98502500097405e-07,-1005.1363675246972,762.7328988232817,4508,success_index1,S_L,gradient_tolerance,,raw_state_verified,run.py:numpy-batch
SI-pHiSD,0.002511886431509582,0.002,2000000,503,-0.5796875,1.4906249999999999,completed,0.06601892834049254,0.1840409415527241,9.97200219630703e-07,-1005.13636766271,762.7328988723516,4508,success_index1,S_L,gradient_tolerance,,raw_state_verified,run.py:numpy-batch
SI-pHiSD,0.002511886431509582,0.002,2000000,504,-0.5703125,1.4906249999999999,completed,0.06601892833696706,0.18404094155019385,9.967691960535858e-07,-1005.1363676527941,762.7328988699709,4509,success_index1,S_L,gradient_tolerance,,raw_state_verified,run.py:numpy-batch
SI-pHiSD,0.002511886431509582,0.002,2000000,198,-0.7390625000000001,1.321875,completed,0.0660189282479711,0.18404094149314598,9.952000997305e-07,-1005.1363674302421,762.7328988038925,4517,success_index1,S_L,gradient_tolerance,,raw_state_verified,run.py:numpy-batch
SI-pHiSD,0.002511886431509582,0.002,2000000,266,-0.7015625000000001,1.359375,completed,0.06601892828101938,0.18404094151828887,9.983564722860052e-07,-1005.1363675289907,762.7328988249599,4517,success_index1,S_L,gradient_tolerance,,raw_state_verified,run.py:numpy-batch
SI-pHiSD,0.002511886431509582,0.002,2000000,367,-0.6546875000000001,1.415625,completed,0.06601892826926828,0.18404094150986874,9.975573135538692e-07,-1005.1363674959941,762.7328988170129,4518,success_index1,S_L,gradient_tolerance,,raw_state_verified,run.py:numpy-batch
SI-pHiSD,0.002511886431509582,0.002,2000000,164,-0.7578125,1.3031249999999999,completed,0.0660189282463003,0.18404094149567937,9.982376164723754e-07,-1005.1363674407288,762.7328987994915,4521,success_index1,S_L,gradient_tolerance,,raw_state_verified,run.py:numpy-batch
SI-pHiSD,0.002511886431509582,0.002,2000000,333,-0.6734375,1.3968749999999999,completed,0.0660189282621381,0.18404094150709263,9.9908901296906e-07,-1005.1363674854643,762.7328988101456,4522,success_index1,S_L,gradient_tolerance,,raw_state_verified,run.py:numpy-batch
SI-pHiSD,0.002511886431509582,0.002,2000000,468,-0.6078125000000001,1.4718749999999998,completed,0.06601892829252191,0.18404094152433015,9.973886915986225e-07,-1005.136367552336,762.7328988346679,4522,success_index1,S_L,gradient_tolerance,,raw_state_verified,run.py:numpy-batch
SI-pHiSD,0.002511886431509582,0.002,2000000,130,-0.7765625,1.284375,completed,0.06601892824216445,0.18404094149221917,9.976526228673152e-07,-1005.1363674270946,762.7328987971305,4524,success_index1,S_L,gradient_tolerance,,raw_state_verified,run.py:numpy-batch
SI-pHiSD,0.002511886431509582,0.002,2000000,502,-0.5890625,1.4906249999999999,completed,0.06601892831578753,0.18404094153591286,9.951950400971452e-07,-1005.1363675969637,762.7328988548629,4525,success_index1,S_L,gradient_tolerance,,raw_state_verified,run.py:numpy-batch
SI-pHiSD,0.002511886431509582,0.002,2000000,232,-0.7203125,1.340625,completed,0.0660189282826887,0.18404094152078657,9.995806418623912e-07,-1005.1363675389739,762.7328988249474,4526,success_index1,S_L,gradient_tolerance,,raw_state_verified,run.py:numpy-batch
SI-pHiSD,0.002511886431509582,0.002,2000000,96,-0.7953125000000001,1.265625,completed,0.06601892824017869,0.18404094149314623,9.995300473336274e-07,-1005.1363674310794,762.7328987937269,4527,success_index1,S_L,gradient_tolerance,,raw_state_verified,run.py:numpy-batch
SI-pHiSD,0.002511886431509582,0.002,2000000,299,-0.6921875000000001,1.378125,completed,0.06601892826378888,0.18404094150785974,9.988357887682916e-07,-1005.1363674884085,762.7328988116263,4530,success_index1,S_L,gradient_tolerance,,raw_state_verified,run.py:numpy-batch
SI-pHiSD,0.002511886431509582,0.002,2000000,400,-0.6453125000000001,1.434375,completed,0.06601892828505265,0.18404094152095762,9.98471579538843e-07,-1005.136367539416,762.7328988278816,4540,success_index1,S_L,gradient_tolerance,,raw_state_verified,run.py:numpy-batch
SI-pHiSD,0.002511886431509582,0.002,2000000,501,-0.5984375000000001,1.4906249999999999,completed,0.0660189283020529,0.18404094153158235,9.98575882732114e-07,-1005.1363675808191,762.7328988407429,4540,success_index1,S_L,gradient_tolerance,,raw_state_verified,run.py:numpy-batch
SI-pHiSD,0.002511886431509582,0.002,2000000,366,-0.6640625,1.415625,completed,0.0660189282615031,0.18404094150736058,9.996593239112102e-07,-1005.1363674866228,762.7328988090825,4541,success_index1,S_L,gradient_tolerance,,raw_state_verified,run.py:numpy-batch
SI-pHiSD,0.002511886431509582,0.002,2000000,401,-0.6359375,1.434375,completed,0.06601892830933791,0.18404094153305273,9.960618870552928e-07,-1005.1363675860191,762.7328988489572,4543,success_index1,S_L,gradient_tolerance,,raw_state_verified,run.py:numpy-batch
SI-pHiSD,0.002511886431509582,0.002,2000000,163,-0.7671875,1.3031249999999999,completed,0.06601892824206182,0.18404094149197367,9.975055296047464e-07,-1005.136367426107,762.7328987972113,4546,success_index1,S_L,gradient_tolerance,,raw_state_verified,run.py:numpy-batch
SI-pHiSD,0.002511886431509582,0.002,2000000,434,-0.6265625,1.453125,completed,0.06601892831065927,0.18404094153578562,9.977151908862707e-07,-1005.1363675969969,762.7328988482845,4546,success_index1,S_L,gradient_tolerance,,raw_state_verified,run.py:numpy-batch
SI-pHiSD,0.002511886431509582,0.002,2000000,332,-0.6828125,1.3968749999999999,completed,0.06601892825194372,0.18404094149566538,9.951067154289853e-07,-1005.1363674400664,762.7328988068657,4547,success_index1,S_L,gradient_tolerance,,raw_state_verified,run.py:numpy-batch
SI-pHiSD,0.002511886431509582,0.002,2000000,197,-0.7484375000000001,1.321875,completed,0.06601892827230695,0.18404094151423084,9.995927079185842e-07,-1005.1363675134156,762.7328988171525,4551,success_index1,S_L,gradient_tolerance,,raw_state_verified,run.py:numpy-batch
SI-pHiSD,0.002511886431509582,0.002,2000000,231,-0.7296875,1.340625,completed,0.06601892828867727,0.18404094152343614,9.98654602978237e-07,-1005.1363675491109,762.732898830437,4551,success_index1,S_L,gradient_tolerance,,raw_state_verified,run.py:numpy-batch
SI-pHiSD,0.002511886431509582,0.002,2000000,298,-0.7015625000000001,1.378125,completed,0.06601892826006155,0.184040941504329,9.979024907259895e-07,-1005.1363674744437,762.7328988098595,4556,success_index1,S_L,gradient_tolerance,,raw_state_verified,run.py:numpy-batch
SI-pHiSD,0.002511886431509582,0.002,2000000,129,-0.7859375000000001,1.284375,completed,0.06601892826477851,0.18404094150532993,9.961743970674872e-07,-1005.1363674780094,762.7328988151354,4558,success_index1,S_L,gradient_tolerance,,raw_state_verified,run.py:numpy-batch
SI-pHiSD,0.002511886431509582,0.002,2000000,500,-0.6078125000000001,1.4906249999999999,completed,0.06601892829655992,0.18404094152771344,9.981456541274897e-07,-1005.1363675656676,762.7328988369699,4566,success_index1,S_L,gradient_tolerance,,raw_state_verified,run.py:numpy-batch
SI-pHiSD,0.002511886431509582,0.002,2000000,265,-0.7109375,1.359375,completed,0.06601892832052458,0.18404094153966213,9.959895426543353e-07,-1005.1363676117097,762.7328988577553,4567,success_index1,S_L,gradient_tolerance,,raw_state_verified,run.py:numpy-batch
SI-pHiSD,0.002511886431509582,0.002,2000000,391,-0.7296875,1.434375,completed,0.9814614432787533,4.902905799581319,8700615676.282122,849901907.5260023,75072277794.46605,4568,state_safeguard,U,state_safeguard,source_norm2_gt_5,raw_state_verified,run.py:numpy-batch
SI-pHiSD,0.002511886431509582,0.002,2000000,365,-0.6734375,1.415625,completed,0.06601892825390203,0.18404094149825218,9.961895394427792e-07,-1005.1363674503807,762.7328988071524,4569,success_index1,S_L,gradient_tolerance,,raw_state_verified,run.py:numpy-batch
SI-pHiSD,0.002511886431509582,0.002,2000000,196,-0.7578125,1.321875,completed,0.0660189282425156,0.1840409414940887,9.990131040108704e-07,-1005.1363674346633,762.7328987959492,4570,success_index1,S_L,gradient_tolerance,,raw_state_verified,run.py:numpy-batch
SI-pHiSD,0.002511886431509582,0.002,2000000,230,-0.7390625000000001,1.340625,completed,0.0660189282659245,0.184040941508823,9.984866195871509e-07,-1005.1363674920985,762.7328988135678,4570,success_index1,S_L,gradient_tolerance,,raw_state_verified,run.py:numpy-batch
SI-pHiSD,0.002511886431509582,0.002,2000000,399,-0.6546875000000001,1.434375,completed,0.06601892830566108,0.18404094153170297,9.968088411485185e-07,-1005.1363675809228,762.732898845344,4573,success_index1,S_L,gradient_tolerance,,raw_state_verified,run.py:numpy-batch
SI-pHiSD,0.002511886431509582,0.002,2000000,162,-0.7765625,1.3031249999999999,completed,0.06601892824752742,0.1840409414937438,9.959442450799694e-07,-1005.136367432722,762.7328988027896,4576,success_index1,S_L,gradient_tolerance,,raw_state_verified,run.py:numpy-batch
SI-pHiSD,0.002511886431509582,0.002,2000000,466,-0.6265625,1.4718749999999998,completed,0.06601892828622209,0.18404094152041545,9.97393207533858e-07,-1005.1363675370849,762.7328988298825,4576,success_index1,S_L,gradient_tolerance,,raw_state_verified,run.py:numpy-batch
SI-pHiSD,0.002511886431509582,0.002,2000000,128,-0.7953125000000001,1.284375,completed,0.06601892823470633,0.18404094148797465,9.982946486713502e-07,-1005.1363674106253,762.7328987911227,4577,success_index1,S_L,gradient_tolerance,,raw_state_verified,run.py:numpy-batch
SI-pHiSD,0.002511886431509582,0.002,2000000,433,-0.6359375,1.453125,completed,0.06601892830365301,0.18404094153242406,9.984630487155025e-07,-1005.1363675840724,762.7328988420919,4579,success_index1,S_L,gradient_tolerance,,raw_state_verified,run.py:numpy-batch
SI-pHiSD,0.002511886431509582,0.002,2000000,432,-0.6453125000000001,1.453125,completed,0.06601892826396709,0.18404094150366643,9.952192800476476e-07,-1005.1363674713284,762.7328988155355,4583,success_index1,S_L,gradient_tolerance,,raw_state_verified,run.py:numpy-batch
SI-pHiSD,0.002511886431509582,0.002,2000000,264,-0.7203125,1.359375,completed,0.06601892828780082,0.18404094151899011,9.953509729614204e-07,-1005.1363675311161,762.7328988331911,4584,success_index1,S_L,gradient_tolerance,,raw_state_verified,run.py:numpy-batch
SI-pHiSD,0.002511886431509582,0.002,2000000,467,-0.6171875,1.4718749999999998,completed,0.06601892832863594,0.18404094154832348,9.99323905260756e-07,-1005.1363676460787,762.7328988607429,4585,success_index1,S_L,gradient_tolerance,,raw_state_verified,run.py:numpy-batch
SI-pHiSD,0.002511886431509582,0.002,2000000,263,-0.7296875,1.359375,completed,0.06601892825671865,0.1840409414990221,9.952865346022272e-07,-1005.1363674532107,762.7328988101517,4594,success_index1,S_L,gradient_tolerance,,raw_state_verified,run.py:numpy-batch
SI-pHiSD,0.002511886431509582,0.002,2000000,499,-0.6171875,1.4906249999999999,completed,0.0660189282877548,0.18404094152356848,9.992535460858046e-07,-1005.1363675497485,762.7328988291174,4596,success_index1,S_L,gradient_tolerance,,raw_state_verified,run.py:numpy-batch
SI-pHiSD,0.002511886431509582,0.002,2000000,229,-0.7484375000000001,1.340625,completed,0.06601892825027518,0.18404094149751601,9.975722479469005e-07,-1005.1363674477747,762.7328988030666,4599,success_index1,S_L,gradient_tolerance,,raw_state_verified,run.py:numpy-batch
SI-pHiSD,0.002511886431509582,0.002,2000000,331,-0.6921875000000001,1.3968749999999999,completed,0.06601892828627834,0.184040941522244,9.989117624141385e-07,-1005.1363675445185,762.7328988283523,4604,success_index1,S_L,gradient_tolerance,,raw_state_verified,run.py:numpy-batch
SI-pHiSD,0.002511886431509582,0.002,2000000,465,-0.6359375,1.4718749999999998,completed,0.06601892826693215,0.18404094150844197,9.976207165100934e-07,-1005.1363674904401,762.7328988152165,4605,success_index1,S_L,gradient_tolerance,,raw_state_verified,run.py:numpy-batch
SI-pHiSD,0.002511886431509582,0.002,2000000,161,-0.7859375000000001,1.3031249999999999,completed,0.06601892823808836,0.18404094148688482,9.954945979632544e-07,-1005.1363674058288,762.7328987964895,4607,success_index1,S_L,gradient_tolerance,,raw_state_verified,run.py:numpy-batch
SI-pHiSD,0.002511886431509582,0.002,2000000,195,-0.7671875,1.321875,completed,0.06601892826411826,0.18404094150736386,9.982405484061508e-07,-1005.1363674863554,762.7328988124909,4609,success_index1,S_L,gradient_tolerance,,raw_state_verified,run.py:numpy-batch
SI-pHiSD,0.002511886431509582,0.002,2000000,364,-0.6828125,1.415625,completed,0.06601892828193588,0.18404094151929482,9.987192276287172e-07,-1005.1363675329853,762.7328988252733,4610,success_index1,S_L,gradient_tolerance,,raw_state_verified,run.py:numpy-batch
SI-pHiSD,0.002511886431509582,0.002,2000000,297,-0.7109375,1.378125,completed,0.06601892830539723,0.18404094153317851,9.98203190855457e-07,-1005.1363675869543,762.7328988437062,4615,success_index1,S_L,gradient_tolerance,,raw_state_verified,run.py:numpy-batch
SI-pHiSD,0.002511886431509582,0.002,2000000,398,-0.6640625,1.434375,completed,0.06601892829457934,0.18404094152637293,9.980432933058569e-07,-1005.1363675604258,762.7328988355614,4615,success_index1,S_L,gradient_tolerance,,raw_state_verified,run.py:numpy-batch
SI-pHiSD,0.002511886431509582,0.002,2000000,431,-0.6546875000000001,1.453125,completed,0.06601892826760378,0.18404094150676636,9.95848869276135e-07,-1005.1363674835507,762.7328988175615,4619,success_index1,S_L,gradient_tolerance,,raw_state_verified,run.py:numpy-batch
SI-pHiSD,0.002511886431509582,0.002,2000000,296,-0.7203125,1.378125,completed,0.06601892825045819,0.18404094149734104,9.973252174255505e-07,-1005.1363674470431,762.7328988034586,4621,success_index1,S_L,gradient_tolerance,,raw_state_verified,run.py:numpy-batch
SI-pHiSD,0.002511886431509582,0.002,2000000,330,-0.7015625000000001,1.3968749999999999,completed,0.06601892827941135,0.18404094151857778,9.994571948404685e-07,-1005.1363675303393,762.7328988226086,4626,success_index1,S_L,gradient_tolerance,,raw_state_verified,run.py:numpy-batch
SI-pHiSD,0.002511886431509582,0.002,2000000,262,-0.7390625000000001,1.359375,completed,0.06601892826200485,0.1840409415074684,9.994767803836815e-07,-1005.1363674870078,762.7328988096423,4633,success_index1,S_L,gradient_tolerance,,raw_state_verified,run.py:numpy-batch
SI-pHiSD,0.002511886431509582,0.002,2000000,256,-0.7953125000000001,1.359375,completed,0.9805104352575345,4.903259426466262,8678019944.551842,847801041.6562446,74871022962.1474,4634,state_safeguard,U,state_safeguard,source_norm2_gt_5,raw_state_verified,run.py:numpy-batch
SI-pHiSD,0.002511886431509582,0.002,2000000,498,-0.6265625,1.4906249999999999,completed,0.06601892830724966,0.18404094153271983,9.96854948366135e-07,-1005.1363675848894,762.7328988465246,4638,success_index1,S_L,gradient_tolerance,,raw_state_verified,run.py:numpy-batch
SI-pHiSD,0.002511886431509582,0.002,2000000,194,-0.7765625,1.321875,completed,0.06601892823862544,0.18404094148722394,9.954755076191574e-07,-1005.1363674071508,762.732898796893,4640,success_index1,S_L,gradient_tolerance,,raw_state_verified,run.py:numpy-batch
SI-pHiSD,0.002511886431509582,0.002,2000000,160,-0.7953125000000001,1.3031249999999999,completed,0.06601892824066229,0.18404094149048,9.970431848751884e-07,-1005.1363674201799,762.7328987966954,4645,success_index1,S_L,gradient_tolerance,,raw_state_verified,run.py:numpy-batch
SI-pHiSD,0.002511886431509582,0.002,2000000,363,-0.6921875000000001,1.415625,completed,0.06601892826584874,0.18404094150658842,9.966503880914465e-07,-1005.1363674830152,762.732898815428,4645,success_index1,S_L,gradient_tolerance,,raw_state_verified,run.py:numpy-batch
SI-pHiSD,0.002511886431509582,0.002,2000000,397,-0.6734375,1.434375,completed,0.06601892830480138,0.18404094153029918,9.96057458061801e-07,-1005.1363675753039,762.7328988454532,4645,success_index1,S_L,gradient_tolerance,,raw_state_verified,run.py:numpy-batch
SI-pHiSD,0.002511886431509582,0.002,2000000,228,-0.7578125,1.340625,completed,0.06601892828876367,0.18404094151971845,9.95458883432079e-07,-1005.1363675339762,762.7328988338087,4651,success_index1,S_L,gradient_tolerance,,raw_state_verified,run.py:numpy-batch
SI-pHiSD,0.002511886431509582,0.002,2000000,464,-0.6453125000000001,1.4718749999999998,completed,0.06601892828868115,0.18404094152339107,9.986143527321734e-07,-1005.1363675489274,762.7328988304812,4651,success_index1,S_L,gradient_tolerance,,raw_state_verified,run.py:numpy-batch
SI-pHiSD,0.002511886431509582,0.002,2000000,329,-0.7109375,1.3968749999999999,completed,0.06601892825543353,0.18404094150010064,9.96893959167265e-07,-1005.136367457737,762.7328988075294,4654,success_index1,S_L,gradient_tolerance,,raw_state_verified,run.py:numpy-batch
SI-pHiSD,0.002511886431509582,0.002,2000000,295,-0.7296875,1.378125,completed,0.06601892824900843,0.18404094149457054,9.958138654366263e-07,-1005.1363674359266,762.7328988039967,4663,success_index1,S_L,gradient_tolerance,,raw_state_verified,run.py:numpy-batch
SI-pHiSD,0.002511886431509582,0.002,2000000,430,-0.6640625,1.453125,completed,0.06601892829713088,0.1840409415243879,9.950211664119633e-07,-1005.1363675520763,762.7328988406297,4671,success_index1,S_L,gradient_tolerance,,raw_state_verified,run.py:numpy-batch
SI-pHiSD,0.002511886431509582,0.002,2000000,497,-0.6359375,1.4906249999999999,completed,0.06601892828689912,0.18404094152246034,9.987667362445167e-07,-1005.136367545332,762.7328988289727,4674,success_index1,S_L,gradient_tolerance,,raw_state_verified,run.py:numpy-batch
SI-pHiSD,0.002511886431509582,0.002,2000000,396,-0.6828125,1.434375,completed,0.06601892826166322,0.1840409415058724,9.983237253245748e-07,-1005.1363674805509,762.7328988105957,4675,success_index1,S_L,gradient_tolerance,,raw_state_verified,run.py:numpy-batch
SI-pHiSD,0.002511886431509582,0.002,2000000,227,-0.7671875,1.340625,completed,0.06601892825063153,0.1840409414995303,9.990577606543886e-07,-1005.1363674559315,762.7328988017656,4681,success_index1,S_L,gradient_tolerance,,raw_state_verified,run.py:numpy-batch
SI-pHiSD,0.002511886431509582,0.002,2000000,193,-0.7859375000000001,1.321875,completed,0.06601892824695196,0.18404094149289318,9.95554177748834e-07,-1005.136367429323,762.7328988027846,4687,success_index1,S_L,gradient_tolerance,,raw_state_verified,run.py:numpy-batch
SI-pHiSD,0.002511886431509582,0.002,2000000,463,-0.6546875000000001,1.4718749999999998,completed,0.06601892827195034,0.18404094151417955,9.997411792372627e-07,-1005.1363675132457,762.7328988167321,4691,success_index1,S_L,gradient_tolerance,,raw_state_verified,run.py:numpy-batch
SI-pHiSD,0.002511886431509582,0.002,2000000,362,-0.7015625000000001,1.415625,completed,0.066018928270038,0.18404094151010392,9.973397213410014e-07,-1005.1363674968688,762.7328988178107,4694,success_index1,S_L,gradient_tolerance,,raw_state_verified,run.py:numpy-batch
SI-pHiSD,0.002511886431509582,0.002,2000000,261,-0.7484375000000001,1.359375,completed,0.06601892828943164,0.1840409415205399,9.958020513156705e-07,-1005.1363675372468,762.7328988339599,4696,success_index1,S_L,gradient_tolerance,,raw_state_verified,run.py:numpy-batch
SI-pHiSD,0.002511886431509582,0.002,2000000,328,-0.7203125,1.3968749999999999,completed,0.0660189282514831,0.18404094149818742,9.97466873334296e-07,-1005.1363674503767,762.7328988040538,4702,success_index1,S_L,gradient_tolerance,,raw_state_verified,run.py:numpy-batch
SI-pHiSD,0.002511886431509582,0.002,2000000,429,-0.6734375,1.453125,completed,0.06601892826747192,0.18404094150738895,9.964434613385384e-07,-1005.1363674860978,762.7328988168433,4711,success_index1,S_L,gradient_tolerance,,raw_state_verified,run.py:numpy-batch
SI-pHiSD,0.002511886431509582,0.002,2000000,260,-0.7578125,1.359375,completed,0.06601892824948183,0.18404094149762318,9.98099553670707e-07,-1005.1363674482959,762.7328988019378,4726,success_index1,S_L,gradient_tolerance,,raw_state_verified,run.py:numpy-batch
SI-pHiSD,0.002511886431509582,0.002,2000000,294,-0.7390625000000001,1.378125,completed,0.06601892829363931,0.1840409415248494,9.972426478589833e-07,-1005.1363675543283,762.7328988356705,4732,success_index1,S_L,gradient_tolerance,,raw_state_verified,run.py:numpy-batch
SI-pHiSD,0.002511886431509582,0.002,2000000,395,-0.6921875000000001,1.434375,completed,0.06601892827015374,0.1840409415110098,9.980396120442813e-07,-1005.1363675005416,762.7328988171674,4732,success_index1,S_L,gradient_tolerance,,raw_state_verified,run.py:numpy-batch
SI-pHiSD,0.002511886431509582,0.002,2000000,496,-0.6453125000000001,1.4906249999999999,completed,0.0660189283242362,0.18404094154475986,9.984796496311802e-07,-1005.1363676320518,762.732898858128,4736,success_index1,S_L,gradient_tolerance,,raw_state_verified,run.py:numpy-batch
SI-pHiSD,0.002511886431509582,0.002,2000000,226,-0.7765625,1.340625,completed,0.06601892825226814,0.18404094149635342,9.955024171479845e-07,-1005.1363674428305,762.7328988066856,4737,success_index1,S_L,gradient_tolerance,,raw_state_verified,run.py:numpy-batch
SI-pHiSD,0.002511886431509582,0.002,2000000,192,-0.7953125000000001,1.321875,completed,0.0660189282332555,0.18404094148668998,9.980441352523245e-07,-1005.1363674055544,762.7328987903562,4738,success_index1,S_L,gradient_tolerance,,raw_state_verified,run.py:numpy-batch
SI-pHiSD,0.002511886431509582,0.002,2000000,361,-0.7109375,1.415625,completed,0.06601892825691975,0.18404094149943812,9.955244408500797e-07,-1005.1363674548816,762.7328988100494,4748,success_index1,S_L,gradient_tolerance,,raw_state_verified,run.py:numpy-batch
SI-pHiSD,0.002511886431509582,0.002,2000000,462,-0.6640625,1.4718749999999998,completed,0.06601892827646207,0.18404094151243006,9.958447909469453e-07,-1005.1363675056431,762.7328988241513,4750,success_index1,S_L,gradient_tolerance,,raw_state_verified,run.py:numpy-batch
SI-pHiSD,0.002511886431509582,0.002,2000000,290,-0.7765625,1.378125,completed,0.9807276370263471,4.903043120506625,8675141577.460346,847513824.5048084,74845941114.26811,4754,state_safeguard,U,state_safeguard,source_norm2_gt_5,raw_state_verified,run.py:numpy-batch
SI-pHiSD,0.002511886431509582,0.002,2000000,327,-0.7296875,1.3968749999999999,completed,0.06601892829633282,0.18404094152834802,9.988037606165535e-07,-1005.136367568274,762.7328988361168,4778,success_index1,S_L,gradient_tolerance,,raw_state_verified,run.py:numpy-batch
SI-pHiSD,0.002511886431509582,0.002,2000000,293,-0.7484375000000001,1.378125,completed,0.06601892824699622,0.18404094149250405,9.95205302928323e-07,-1005.1363674277351,762.7328988031834,4780,success_index1,S_L,gradient_tolerance,,raw_state_verified,run.py:numpy-batch
SI-pHiSD,0.002511886431509582,0.002,2000000,428,-0.6828125,1.453125,completed,0.06601892828618698,0.18404094152255693,9.992250308918783e-07,-1005.1363675458011,762.7328988279588,4780,success_index1,S_L,gradient_tolerance,,raw_state_verified,run.py:numpy-batch
SI-pHiSD,0.002511886431509582,0.002,2000000,492,-0.6828125,1.4906249999999999,completed,0.979205944044219,4.903582851427131,8637596308.886848,844018814.8832867,74511674651.59186,4788,state_safeguard,U,state_safeguard,source_norm2_gt_5,raw_state_verified,run.py:numpy-batch
SI-pHiSD,0.002511886431509582,0.002,2000000,495,-0.6546875000000001,1.4906249999999999,completed,0.06601892830261852,0.18404094153026482,9.971602627509703e-07,-1005.136367575398,762.7328988426359,4795,success_index1,S_L,gradient_tolerance,,raw_state_verified,run.py:numpy-batch
SI-pHiSD,0.002511886431509582,0.002,2000000,394,-0.7015625000000001,1.434375,completed,0.06601892826033609,0.18404094150377812,9.972909024776806e-07,-1005.1363674721725,762.7328988107007,4801,success_index1,S_L,gradient_tolerance,,raw_state_verified,run.py:numpy-batch
SI-pHiSD,0.002511886431509582,0.002,2000000,225,-0.7859375000000001,1.340625,completed,0.06601892824874646,0.1840409414956986,9.96899839833007e-07,-1005.1363674405443,762.7328988026657,4807,success_index1,S_L,gradient_tolerance,,raw_state_verified,run.py:numpy-batch
SI-pHiSD,0.002511886431509582,0.002,2000000,259,-0.7671875,1.359375,completed,0.06601892829439394,0.18404094152698233,9.986580497357756e-07,-1005.1363675629261,762.7328988347848,4807,success_index1,S_L,gradient_tolerance,,raw_state_verified,run.py:numpy-batch
SI-pHiSD,0.002511886431509582,0.002,2000000,360,-0.7203125,1.415625,completed,0.06601892825336717,0.1840409415015637,9.992519957016913e-07,-1005.1363674639111,762.7328988035516,4826,success_index1,S_L,gradient_tolerance,,raw_state_verified,run.py:numpy-batch
SI-pHiSD,0.002511886431509582,0.002,2000000,461,-0.6734375,1.4718749999999998,completed,0.06601892828074574,0.18404094151569997,9.963148662245961e-07,-1005.1363675184871,762.7328988268725,4828,success_index1,S_L,gradient_tolerance,,raw_state_verified,run.py:numpy-batch
SI-pHiSD,0.002511886431509582,0.002,2000000,326,-0.7390625000000001,1.3968749999999999,completed,0.06601892824916172,0.18404094149475983,9.958871210657823e-07,-1005.1363674366804,762.7328988040305,4851,success_index1,S_L,gradient_tolerance,,raw_state_verified,run.py:numpy-batch
SI-pHiSD,0.002511886431509582,0.002,2000000,427,-0.6921875000000001,1.453125,completed,0.06601892829789197,0.18404094153051184,9.998295538811553e-07,-1005.1363675769104,762.7328988362535,4879,success_index1,S_L,gradient_tolerance,,raw_state_verified,run.py:numpy-batch
SI-pHiSD,0.002511886431509582,0.002,2000000,292,-0.7578125,1.378125,completed,0.06601892827826297,0.1840409415162819,9.981312305735584e-07,-1005.1363675211218,762.7328988231234,4883,success_index1,S_L,gradient_tolerance,,raw_state_verified,run.py:numpy-batch
SI-pHiSD,0.002511886431509582,0.002,2000000,494,-0.6640625,1.4906249999999999,completed,0.06601892830987076,0.18404094153616088,9.98440958213039e-07,-1005.1363675986081,762.7328988469271,4893,success_index1,S_L,gradient_tolerance,,raw_state_verified,run.py:numpy-batch
SI-pHiSD,0.002511886431509582,0.002,2000000,393,-0.7109375,1.434375,completed,0.06601892827043616,0.18404094150953637,9.966473437412773e-07,-1005.1363674945165,762.7328988188276,4909,success_index1,S_L,gradient_tolerance,,raw_state_verified,run.py:numpy-batch
SI-pHiSD,0.002511886431509582,0.002,2000000,258,-0.7765625,1.359375,completed,0.06601892827814582,0.1840409415161893,9.981156160893716e-07,-1005.1363675207571,762.7328988230521,4915,success_index1,S_L,gradient_tolerance,,raw_state_verified,run.py:numpy-batch
SI-pHiSD,0.002511886431509582,0.002,2000000,425,-0.7109375,1.453125,completed,0.9815518984698495,4.902862102250597,8702170443.182806,850045000.2957922,75086167484.65607,4916,state_safeguard,U,state_safeguard,source_norm2_gt_5,raw_state_verified,run.py:numpy-batch
SI-pHiSD,0.002511886431509582,0.002,2000000,224,-0.7953125000000001,1.340625,completed,0.06601892825837631,0.18404094150373798,9.98327297430302e-07,-1005.1363674722198,762.7328988081795,4919,success_index1,S_L,gradient_tolerance,,raw_state_verified,run.py:numpy-batch
SI-pHiSD,0.002511886431509582,0.002,2000000,359,-0.7296875,1.415625,completed,0.06601892825330005,0.18404094150100597,9.98822569990319e-07,-1005.1363674616492,762.7328988039527,4950,success_index1,S_L,gradient_tolerance,,raw_state_verified,run.py:numpy-batch
SI-pHiSD,0.002511886431509582,0.002,2000000,460,-0.6828125,1.4718749999999998,completed,0.06601892830545618,0.18404094153111078,9.964100548754767e-07,-1005.1363675785351,762.7328988455959,4957,success_index1,S_L,gradient_tolerance,,raw_state_verified,run.py:numpy-batch
SI-pHiSD,0.002511886431509582,0.002,2000000,325,-0.7484375000000001,1.3968749999999999,completed,0.06601892826624223,0.18404094150833708,9.979061491261564e-07,-1005.1363674900877,762.7328988144083,4999,success_index1,S_L,gradient_tolerance,,raw_state_verified,run.py:numpy-batch
SI-pHiSD,0.002511886431509582,0.002,2000000,426,-0.7015625000000001,1.453125,completed,0.06601892829813548,0.1840409415277992,9.973957223109885e-07,-1005.1363675658479,762.7328988389495,5030,success_index1,S_L,gradient_tolerance,,raw_state_verified,run.py:numpy-batch
SI-pHiSD,0.002511886431509582,0.002,2000000,291,-0.7671875,1.378125,completed,0.06601892826221242,0.18404094150331382,9.958786371753434e-07,-1005.1363674700826,762.7328988135555,5045,success_index1,S_L,gradient_tolerance,,raw_state_verified,run.py:numpy-batch
SI-pHiSD,0.002511886431509582,0.002,2000000,493,-0.6734375,1.4906249999999999,completed,0.06601892829383557,0.1840409415235614,9.96046354316979e-07,-1005.1363675490672,762.7328988370557,5052,success_index1,S_L,gradient_tolerance,,raw_state_verified,run.py:numpy-batch
SI-pHiSD,0.002511886431509582,0.002,2000000,257,-0.7859375000000001,1.359375,completed,0.06601892824272326,0.1840409414937871,9.986466352937706e-07,-1005.1363674334141,762.7328987964843,5082,success_index1,S_L,gradient_tolerance,,raw_state_verified,run.py:numpy-batch
SI-pHiSD,0.002511886431509582,0.002,2000000,392,-0.7203125,1.434375,completed,0.0660189282743924,0.1840409415122729,9.968225652705857e-07,-1005.1363675052256,762.7328988215895,5124,success_index1,S_L,gradient_tolerance,,raw_state_verified,run.py:numpy-batch
SI-pHiSD,0.002511886431509582,0.002,2000000,459,-0.6921875000000001,1.4718749999999998,completed,0.06601892832373192,0.18404094154326212,9.97449608373934e-07,-1005.1363676260122,762.732898858783,5254,success_index1,S_L,gradient_tolerance,,raw_state_verified,run.py:numpy-batch
SI-pHiSD,0.002511886431509582,0.002,2000000,358,-0.7390625000000001,1.415625,completed,0.06601892828531185,0.18404094151898678,9.966662372499147e-07,-1005.1363675313701,762.7328988299472,5284,success_index1,S_L,gradient_tolerance,,raw_state_verified,run.py:numpy-batch
SI-pHiSD,0.002511886431509582,0.002,2000000,324,-0.7578125,1.3968749999999999,completed,0.06601892824311968,0.18404094149389846,9.98519002574319e-07,-1005.1363674338243,762.7328987969038,5825,success_index1,S_L,gradient_tolerance,,raw_state_verified,run.py:numpy-batch
