method,eta,tau,budget,start_id,x0,y0,execution_status,raw_x,raw_y,grad_norm,lambda1,lambda2,n_outer_updates,terminal_category,endpoint,stop_reason,failure_reason,certification_reason,source
SI-pHiSD,3.9810717055349695e-05,0.002,2000000,480,-0.7953125000000001,1.4906249999999999,completed,-4.823762630699263,-1.3158118433583428,31591456981.628353,2937713754.69299,282819896446.2457,259707,state_safeguard,U,state_safeguard,source_norm2_gt_5,raw_state_verified,run.py:numpy-batch
SI-pHiSD,3.9810717055349695e-05,0.002,2000000,481,-0.7859375000000001,1.4906249999999999,completed,-4.823769063299235,-1.315798510099419,31590463997.434536,2937625470.3994856,282810740521.2555,261255,state_safeguard,U,state_safeguard,source_norm2_gt_5,raw_state_verified,run.py:numpy-batch
SI-pHiSD,3.9810717055349695e-05,0.002,2000000,26,-0.5515625000000001,1.2093749999999999,completed,0.06601892865846637,0.18404094169521817,9.999504935547298e-07,-1005.1363682083326,762.7328991622155,263182,success_index1,S_L,gradient_tolerance,,raw_state_verified,run.py:numpy-batch
SI-pHiSD,3.9810717055349695e-05,0.002,2000000,60,-0.5328125000000001,1.228125,completed,0.06601892867581034,0.18404094170053573,9.999970828510533e-07,-1005.136368228106,762.7328991801785,263501,success_index1,S_L,gradient_tolerance,,raw_state_verified,run.py:numpy-batch
SI-pHiSD,3.9810717055349695e-05,0.002,2000000,27,-0.5421875,1.2093749999999999,completed,0.06601892872901301,0.18404094171518612,9.99946552492129e-07,-1005.1363682820022,762.7328992367362,263631,success_index1,S_L,gradient_tolerance,,raw_state_verified,run.py:numpy-batch
SI-pHiSD,3.9810717055349695e-05,0.002,2000000,61,-0.5234375,1.228125,completed,0.06601892875777689,0.18404094172228552,9.999988662578064e-07,-1005.1363683078,762.7328992680339,263989,success_index1,S_L,gradient_tolerance,,raw_state_verified,run.py:numpy-batch
SI-pHiSD,3.9810717055349695e-05,0.002,2000000,28,-0.5328125000000001,1.2093749999999999,completed,0.06601892877670237,0.18404094172649121,9.99925847982851e-07,-1005.1363683228801,762.7328992890348,264019,success_index1,S_L,gradient_tolerance,,raw_state_verified,run.py:numpy-batch
SI-pHiSD,3.9810717055349695e-05,0.002,2000000,29,-0.5234375,1.2093749999999999,completed,0.06601892880416534,0.18404094173224872,9.999535649884126e-07,-1005.1363683433573,762.732899319812,264276,success_index1,S_L,gradient_tolerance,,raw_state_verified,run.py:numpy-batch
SI-pHiSD,3.9810717055349695e-05,0.002,2000000,95,-0.5046875000000001,1.246875,completed,0.06601892878619411,0.18404094172857435,9.999603548704705e-07,-1005.1363683303364,762.7328992995905,264353,success_index1,S_L,gradient_tolerance,,raw_state_verified,run.py:numpy-batch
SI-pHiSD,3.9810717055349695e-05,0.002,2000000,62,-0.5140625000000001,1.228125,completed,0.06601892881089214,0.184040941733549,9.999412398073987e-07,-1005.1363683479261,762.7328993274465,264414,success_index1,S_L,gradient_tolerance,,raw_state_verified,run.py:numpy-batch
SI-pHiSD,3.9810717055349695e-05,0.002,2000000,30,-0.5140625000000001,1.2093749999999999,completed,0.06601892882319992,0.18404094173585211,9.999321488200826e-07,-1005.1363683559752,762.7328993414834,264475,success_index1,S_L,gradient_tolerance,,raw_state_verified,run.py:numpy-batch
SI-pHiSD,3.9810717055349695e-05,0.002,2000000,31,-0.5046875000000001,1.2093749999999999,completed,0.06601892883956084,0.18404094173879415,9.999772700093642e-07,-1005.1363683661896,762.7328993602463,264644,success_index1,S_L,gradient_tolerance,,raw_state_verified,run.py:numpy-batch
SI-pHiSD,3.9810717055349695e-05,0.002,2000000,63,-0.5046875000000001,1.228125,completed,0.06601892884043543,0.18404094173894353,9.99977806909826e-07,-1005.1363683667034,762.7328993612563,264691,success_index1,S_L,gradient_tolerance,,raw_state_verified,run.py:numpy-batch
SI-pHiSD,3.9810717055349695e-05,0.002,2000000,18,-0.6265625,1.2093749999999999,completed,0.06601892898734174,0.18404094175534852,9.999866829184051e-07,-1005.1363684176823,762.7328995385107,269462,success_index1,S_L,gradient_tolerance,,raw_state_verified,run.py:numpy-batch
SI-pHiSD,3.9810717055349695e-05,0.002,2000000,52,-0.6078125000000001,1.228125,completed,0.06601892900125644,0.18404094175598237,9.999739439382624e-07,-1005.1363684187675,762.7328995561069,269472,success_index1,S_L,gradient_tolerance,,raw_state_verified,run.py:numpy-batch
SI-pHiSD,3.9810717055349695e-05,0.002,2000000,17,-0.6359375,1.2093749999999999,completed,0.0660189289729847,0.18404094175448638,9.999635146364167e-07,-1005.136368415715,762.7328995205379,269487,success_index1,S_L,gradient_tolerance,,raw_state_verified,run.py:numpy-batch
SI-pHiSD,3.9810717055349695e-05,0.002,2000000,86,-0.5890625,1.246875,completed,0.06601892901552836,0.1840409417564711,9.999663671998558e-07,-1005.1363684192247,762.7328995742959,269499,success_index1,S_L,gradient_tolerance,,raw_state_verified,run.py:numpy-batch
SI-pHiSD,3.9810717055349695e-05,0.002,2000000,53,-0.5984375000000001,1.228125,completed,0.06601892901727104,0.1840409417565046,9.999526053764692e-07,-1005.1363684191738,762.7328995765395,269513,success_index1,S_L,gradient_tolerance,,raw_state_verified,run.py:numpy-batch
SI-pHiSD,3.9810717055349695e-05,0.002,2000000,51,-0.6171875,1.228125,completed,0.06601892898803584,0.18404094175538352,9.999856413720923e-07,-1005.1363684177503,762.7328995393854,269516,success_index1,S_L,gradient_tolerance,,raw_state_verified,run.py:numpy-batch
SI-pHiSD,3.9810717055349695e-05,0.002,2000000,87,-0.5796875,1.246875,completed,0.06601892903024041,0.18404094175676813,9.999341294225707e-07,-1005.1363684188541,762.7328995932268,269517,success_index1,S_L,gradient_tolerance,,raw_state_verified,run.py:numpy-batch
SI-pHiSD,3.9810717055349695e-05,0.002,2000000,19,-0.6171875,1.2093749999999999,completed,0.06601892900483773,0.18404094175612212,9.999730634881652e-07,-1005.1363684189521,762.7328995606556,269530,success_index1,S_L,gradient_tolerance,,raw_state_verified,run.py:numpy-batch
SI-pHiSD,3.9810717055349695e-05,0.002,2000000,121,-0.5609375000000001,1.265625,completed,0.06601892904358121,0.18404094175692187,9.999430200310265e-07,-1005.1363684180479,762.7328996104949,269538,success_index1,S_L,gradient_tolerance,,raw_state_verified,run.py:numpy-batch
SI-pHiSD,3.9810717055349695e-05,0.002,2000000,120,-0.5703125,1.265625,completed,0.06601892903004458,0.18404094175683416,9.999954675627125e-07,-1005.1363684191441,762.7328995929136,269540,success_index1,S_L,gradient_tolerance,,raw_state_verified,run.py:numpy-batch
SI-pHiSD,3.9810717055349695e-05,0.002,2000000,85,-0.5984375000000001,1.246875,completed,0.06601892900324198,0.18404094175603627,9.99951303746981e-07,-1005.1363684187738,762.7328995586495,269559,success_index1,S_L,gradient_tolerance,,raw_state_verified,run.py:numpy-batch
SI-pHiSD,3.9810717055349695e-05,0.002,2000000,155,-0.5421875,1.284375,completed,0.0660189290571024,0.1840409417569224,9.9995206159035e-07,-1005.1363684165992,762.7328996281324,269573,success_index1,S_L,gradient_tolerance,,raw_state_verified,run.py:numpy-batch
SI-pHiSD,3.9810717055349695e-05,0.002,2000000,16,-0.6453125000000001,1.2093749999999999,completed,0.06601892896090235,0.18404094175360888,9.999250642592397e-07,-1005.1363684134417,762.7328995055462,269585,success_index1,S_L,gradient_tolerance,,raw_state_verified,run.py:numpy-batch
SI-pHiSD,3.9810717055349695e-05,0.002,2000000,154,-0.5515625000000001,1.284375,completed,0.0660189290445599,0.1840409417569154,9.999333105300392e-07,-1005.1363684179164,762.7328996117773,269593,success_index1,S_L,gradient_tolerance,,raw_state_verified,run.py:numpy-batch
SI-pHiSD,3.9810717055349695e-05,0.002,2000000,119,-0.5796875,1.265625,completed,0.06601892901852369,0.18404094175651523,9.999321473454365e-07,-1005.1363684190821,762.7328995781647,269613,success_index1,S_L,gradient_tolerance,,raw_state_verified,run.py:numpy-batch
SI-pHiSD,3.9810717055349695e-05,0.002,2000000,189,-0.5234375,1.3031249999999999,completed,0.06601892907081201,0.18404094175675742,9.999573849622982e-07,-1005.1363684144566,762.7328996461612,269622,success_index1,S_L,gradient_tolerance,,raw_state_verified,run.py:numpy-batch
SI-pHiSD,3.9810717055349695e-05,0.002,2000000,50,-0.6265625,1.228125,completed,0.06601892897677933,0.18404094175473393,9.999725061702396e-07,-1005.1363684163153,762.7328995252707,269627,success_index1,S_L,gradient_tolerance,,raw_state_verified,run.py:numpy-batch
SI-pHiSD,3.9810717055349695e-05,0.002,2000000,122,-0.5515625000000001,1.265625,completed,0.06601892906028851,0.18404094175688443,9.999408307548305e-07,-1005.1363684161023,762.7328996323223,269630,success_index1,S_L,gradient_tolerance,,raw_state_verified,run.py:numpy-batch
SI-pHiSD,3.9810717055349695e-05,0.002,2000000,88,-0.5703125,1.246875,completed,0.066018929048568,0.18404094175693705,9.999434469023757e-07,-1005.1363684175745,762.7328996169865,269639,success_index1,S_L,gradient_tolerance,,raw_state_verified,run.py:numpy-batch
SI-pHiSD,3.9810717055349695e-05,0.002,2000000,156,-0.5328125000000001,1.284375,completed,0.06601892907244311,0.1840409417567042,9.999381413139529e-07,-1005.1363684140648,762.7328996483355,269640,success_index1,S_L,gradient_tolerance,,raw_state_verified,run.py:numpy-batch
SI-pHiSD,3.9810717055349695e-05,0.002,2000000,188,-0.5328125000000001,1.3031249999999999,completed,0.06601892905913548,0.1840409417569587,9.999972046781259e-07,-1005.1363684165285,762.7328996307527,269655,success_index1,S_L,gradient_tolerance,,raw_state_verified,run.py:numpy-batch
SI-pHiSD,3.9810717055349695e-05,0.002,2000000,190,-0.5140625000000001,1.3031249999999999,completed,0.06601892908489505,0.18404094175641622,9.999621404692142e-07,-1005.1363684115568,762.7328996648317,269666,success_index1,S_L,gradient_tolerance,,raw_state_verified,run.py:numpy-batch
SI-pHiSD,3.9810717055349695e-05,0.002,2000000,54,-0.5890625,1.228125,completed,0.06601892903742705,0.1840409417568735,9.99942203704839e-07,-1005.1363684185116,762.7328996025094,269670,success_index1,S_L,gradient_tolerance,,raw_state_verified,run.py:numpy-batch
SI-pHiSD,3.9810717055349695e-05,0.002,2000000,153,-0.5609375000000001,1.284375,completed,0.06601892903384513,0.18404094175682656,9.999382730577126e-07,-1005.1363684187054,762.7328995978778,269677,success_index1,S_L,gradient_tolerance,,raw_state_verified,run.py:numpy-batch
SI-pHiSD,3.9810717055349695e-05,0.002,2000000,84,-0.6078125000000001,1.246875,completed,0.06601892899270308,0.18404094175562838,9.999965825668248e-07,-1005.1363684182456,762.7328995452591,269680,success_index1,S_L,gradient_tolerance,,raw_state_verified,run.py:numpy-batch
SI-pHiSD,3.9810717055349695e-05,0.002,2000000,223,-0.5046875000000001,1.321875,completed,0.06601892908468869,0.18404094175645966,9.999945512588943e-07,-1005.1363684117558,762.7328996645243,269684,success_index1,S_L,gradient_tolerance,,raw_state_verified,run.py:numpy-batch
SI-pHiSD,3.9810717055349695e-05,0.002,2000000,20,-0.6078125000000001,1.2093749999999999,completed,0.06601892902708345,0.1840409417567602,9.999768211799177e-07,-1005.1363684191608,762.7328995891155,269727,success_index1,S_L,gradient_tolerance,,raw_state_verified,run.py:numpy-batch
SI-pHiSD,3.9810717055349695e-05,0.002,2000000,222,-0.5140625000000001,1.321875,completed,0.06601892907374693,0.18404094175674507,9.999972970473278e-07,-1005.1363684140913,762.7328996500005,269729,success_index1,S_L,gradient_tolerance,,raw_state_verified,run.py:numpy-batch
SI-pHiSD,3.9810717055349695e-05,0.002,2000000,15,-0.6546875000000001,1.2093749999999999,completed,0.06601892895054402,0.18404094175282085,9.999449421044526e-07,-1005.1363684113473,762.7328994927249,269743,success_index1,S_L,gradient_tolerance,,raw_state_verified,run.py:numpy-batch
SI-pHiSD,3.9810717055349695e-05,0.002,2000000,118,-0.5890625,1.265625,completed,0.06601892900857895,0.18404094175622035,9.999397617180092e-07,-1005.1363684189499,762.7328995654502,269743,success_index1,S_L,gradient_tolerance,,raw_state_verified,run.py:numpy-batch
SI-pHiSD,3.9810717055349695e-05,0.002,2000000,187,-0.5421875,1.3031249999999999,completed,0.06601892904901717,0.18404094175696048,9.999638336849896e-07,-1005.1363684176215,762.7328996175522,269748,success_index1,S_L,gradient_tolerance,,raw_state_verified,run.py:numpy-batch
SI-pHiSD,3.9810717055349695e-05,0.002,2000000,49,-0.6359375,1.228125,completed,0.06601892896699675,0.1840409417540961,9.999711116612628e-07,-1005.1363684147702,762.732899513069,269794,success_index1,S_L,gradient_tolerance,,raw_state_verified,run.py:numpy-batch
SI-pHiSD,3.9810717055349695e-05,0.002,2000000,152,-0.5703125,1.284375,completed,0.06601892902435301,0.18404094175670888,9.999804038657248e-07,-1005.1363684192446,762.732899585599,269812,success_index1,S_L,gradient_tolerance,,raw_state_verified,run.py:numpy-batch
SI-pHiSD,3.9810717055349695e-05,0.002,2000000,191,-0.5046875000000001,1.3031249999999999,completed,0.06601892910286936,0.18404094175574057,9.999806596849274e-07,-1005.1363684068787,762.7328996888717,269823,success_index1,S_L,gradient_tolerance,,raw_state_verified,run.py:numpy-batch
SI-pHiSD,3.9810717055349695e-05,0.002,2000000,221,-0.5234375,1.321875,completed,0.06601892906415117,0.18404094175684102,9.999399020927597e-07,-1005.1363684155115,762.7328996373989,269829,success_index1,S_L,gradient_tolerance,,raw_state_verified,run.py:numpy-batch
SI-pHiSD,3.9810717055349695e-05,0.002,2000000,157,-0.5234375,1.284375,completed,0.06601892909219036,0.18404094175615973,9.999549806007633e-07,-1005.1363684097298,762.7328996745732,269832,success_index1,S_L,gradient_tolerance,,raw_state_verified,run.py:numpy-batch
SI-pHiSD,3.9810717055349695e-05,0.002,2000000,83,-0.6171875,1.246875,completed,0.06601892898343267,0.18404094175507638,9.99931951094003e-07,-1005.1363684169941,762.73289953365,269855,success_index1,S_L,gradient_tolerance,,raw_state_verified,run.py:numpy-batch
SI-pHiSD,3.9810717055349695e-05,0.002,2000000,123,-0.5421875,1.265625,completed,0.06601892908206798,0.18404094175645525,9.99923206145019e-07,-1005.1363684120186,762.7328996611096,269863,success_index1,S_L,gradient_tolerance,,raw_state_verified,run.py:numpy-batch
SI-pHiSD,3.9810717055349695e-05,0.002,2000000,186,-0.5515625000000001,1.3031249999999999,completed,0.06601892904002539,0.18404094175695615,9.999940527853772e-07,-1005.1363684185694,762.7328996058261,269889,success_index1,S_L,gradient_tolerance,,raw_state_verified,run.py:numpy-batch
SI-pHiSD,3.9810717055349695e-05,0.002,2000000,89,-0.5609375000000001,1.246875,completed,0.06601892907266274,0.18404094175676505,9.999952987241632e-07,-1005.1363684142892,762.7328996485686,269917,success_index1,S_L,gradient_tolerance,,raw_state_verified,run.py:numpy-batch
SI-pHiSD,3.9810717055349695e-05,0.002,2000000,255,-0.5046875000000001,1.340625,completed,0.066018929079208,0.18404094175656704,9.999533024982762e-07,-1005.1363684127809,762.7328996572805,269918,success_index1,S_L,gradient_tolerance,,raw_state_verified,run.py:numpy-batch
SI-pHiSD,3.9810717055349695e-05,0.002,2000000,117,-0.5984375000000001,1.265625,completed,0.06601892899972549,0.18404094175593724,9.999902718787187e-07,-1005.1363684187484,762.7328995541491,269921,success_index1,S_L,gradient_tolerance,,raw_state_verified,run.py:numpy-batch
SI-pHiSD,3.9810717055349695e-05,0.002,2000000,14,-0.6640625,1.2093749999999999,completed,0.06601892894151647,0.18404094175207353,9.999716779742702e-07,-1005.1363684092753,762.7328994816039,269954,success_index1,S_L,gradient_tolerance,,raw_state_verified,run.py:numpy-batch
SI-pHiSD,3.9810717055349695e-05,0.002,2000000,220,-0.5328125000000001,1.321875,completed,0.0660189290555471,0.18404094175698466,9.999988141523936e-07,-1005.1363684170191,762.7328996260494,269973,success_index1,S_L,gradient_tolerance,,raw_state_verified,run.py:numpy-batch
SI-pHiSD,3.9810717055349695e-05,0.002,2000000,151,-0.5796875,1.284375,completed,0.06601892901581705,0.18404094175646815,9.999564481790373e-07,-1005.1363684191813,762.7328995746749,269994,success_index1,S_L,gradient_tolerance,,raw_state_verified,run.py:numpy-batch
SI-pHiSD,3.9810717055349695e-05,0.002,2000000,55,-0.5796875,1.228125,completed,0.0660189290640203,0.18404094175683328,9.999316430420292e-07,-1005.1363684154937,762.7328996372349,270000,success_index1,S_L,gradient_tolerance,,raw_state_verified,run.py:numpy-batch
SI-pHiSD,3.9810717055349695e-05,0.002,2000000,48,-0.6453125000000001,1.228125,completed,0.06601892895836152,0.18404094175345,9.999535956931617e-07,-1005.1363684130685,762.732899502371,270011,success_index1,S_L,gradient_tolerance,,raw_state_verified,run.py:numpy-batch
SI-pHiSD,3.9810717055349695e-05,0.002,2000000,254,-0.5140625000000001,1.340625,completed,0.06601892907083032,0.18404094175671779,9.999229687660679e-07,-1005.1363684142932,762.73289964622,270064,success_index1,S_L,gradient_tolerance,,raw_state_verified,run.py:numpy-batch
SI-pHiSD,3.9810717055349695e-05,0.002,2000000,185,-0.5609375000000001,1.3031249999999999,completed,0.06601892903175541,0.18404094175685914,9.999934808921654e-07,-1005.136368419062,762.7328995951232,270072,success_index1,S_L,gradient_tolerance,,raw_state_verified,run.py:numpy-batch
SI-pHiSD,3.9810717055349695e-05,0.002,2000000,82,-0.6265625,1.246875,completed,0.06601892897510624,0.184040941754585,9.999316158379358e-07,-1005.136368415889,762.732899523219,270075,success_index1,S_L,gradient_tolerance,,raw_state_verified,run.py:numpy-batch
SI-pHiSD,3.9810717055349695e-05,0.002,2000000,21,-0.5984375000000001,1.2093749999999999,completed,0.06601892905654301,0.18404094175694236,9.999664749855663e-07,-1005.1363684167404,762.7328996273855,270116,success_index1,S_L,gradient_tolerance,,raw_state_verified,run.py:numpy-batch
SI-pHiSD,3.9810717055349695e-05,0.002,2000000,116,-0.6078125000000001,1.265625,completed,0.06601892899166022,0.18404094175549926,9.999263895712634e-07,-1005.1363684178319,762.732899544012,270144,success_index1,S_L,gradient_tolerance,,raw_state_verified,run.py:numpy-batch
SI-pHiSD,3.9810717055349695e-05,0.002,2000000,219,-0.5421875,1.321875,completed,0.06601892904748413,0.18404094175692945,9.999379589440976e-07,-1005.1363684176599,762.7328996155795,270157,success_index1,S_L,gradient_tolerance,,raw_state_verified,run.py:numpy-batch
SI-pHiSD,3.9810717055349695e-05,0.002,2000000,13,-0.6734375,1.2093749999999999,completed,0.06601892893354738,0.18404094175130706,9.999484209637135e-07,-1005.1363684070122,762.7328994718802,270214,success_index1,S_L,gradient_tolerance,,raw_state_verified,run.py:numpy-batch
SI-pHiSD,3.9810717055349695e-05,0.002,2000000,150,-0.5890625,1.284375,completed,0.06601892900800733,0.1840409417562332,9.99969005519113e-07,-1005.1363684190637,762.7328995646928,270217,success_index1,S_L,gradient_tolerance,,raw_state_verified,run.py:numpy-batch
SI-pHiSD,3.9810717055349695e-05,0.002,2000000,158,-0.5140625000000001,1.284375,completed,0.06601892911978335,0.1840409417548032,9.999657519310115e-07,-1005.1363684012505,762.7328997117569,270236,success_index1,S_L,gradient_tolerance,,raw_state_verified,run.py:numpy-batch
SI-pHiSD,3.9810717055349695e-05,0.002,2000000,253,-0.5234375,1.340625,completed,0.06601892906304431,0.18404094175686808,9.999518738076232e-07,-1005.1363684157405,762.7328996359311,270247,success_index1,S_L,gradient_tolerance,,raw_state_verified,run.py:numpy-batch
SI-pHiSD,3.9810717055349695e-05,0.002,2000000,47,-0.6546875000000001,1.228125,completed,0.06601892895066695,0.18404094175282176,9.999366637090937e-07,-1005.1363684113377,762.7328994928845,270274,success_index1,S_L,gradient_tolerance,,raw_state_verified,run.py:numpy-batch
SI-pHiSD,3.9810717055349695e-05,0.002,2000000,184,-0.5703125,1.3031249999999999,completed,0.06601892902411388,0.18404094175669158,9.999696743336266e-07,-1005.1363684191999,762.732899585302,270295,success_index1,S_L,gradient_tolerance,,raw_state_verified,run.py:numpy-batch
SI-pHiSD,3.9810717055349695e-05,0.002,2000000,124,-0.5328125000000001,1.265625,completed,0.06601892911276884,0.18404094175521746,9.999668563568563e-07,-1005.136368403688,762.7328997022435,270333,success_index1,S_L,gradient_tolerance,,raw_state_verified,run.py:numpy-batch
SI-pHiSD,3.9810717055349695e-05,0.002,2000000,81,-0.6359375,1.246875,completed,0.06601892896760332,0.18404094175408545,9.999241798951343e-07,-1005.1363684146619,762.7328995138697,270339,success_index1,S_L,gradient_tolerance,,raw_state_verified,run.py:numpy-batch
SI-pHiSD,3.9810717055349695e-05,0.002,2000000,287,-0.5046875000000001,1.359375,completed,0.06601892907844868,0.18404094175657618,9.99944368976697e-07,-1005.1363684128993,762.7328996562826,270344,success_index1,S_L,gradient_tolerance,,raw_state_verified,run.py:numpy-batch
SI-pHiSD,3.9810717055349695e-05,0.002,2000000,218,-0.5515625000000001,1.321875,completed,0.06601892903998177,0.18404094175688976,9.999357095261222e-07,-1005.1363684183035,762.7328996058277,270378,success_index1,S_L,gradient_tolerance,,raw_state_verified,run.py:numpy-batch
SI-pHiSD,3.9810717055349695e-05,0.002,2000000,115,-0.6171875,1.265625,completed,0.06601892898429874,0.18404094175515873,9.999627890344202e-07,-1005.1363684172366,762.7328995347077,270407,success_index1,S_L,gradient_tolerance,,raw_state_verified,run.py:numpy-batch
SI-pHiSD,3.9810717055349695e-05,0.002,2000000,90,-0.5515625000000001,1.246875,completed,0.06601892910670669,0.18404094175553587,9.999645274363847e-07,-1005.1363684056338,762.7328996940568,270461,success_index1,S_L,gradient_tolerance,,raw_state_verified,run.py:numpy-batch
SI-pHiSD,3.9810717055349695e-05,0.002,2000000,252,-0.5328125000000001,1.340625,completed,0.06601892905566867,0.18404094175690838,9.999322466993096e-07,-1005.1363684166955,762.7328996262748,270466,success_index1,S_L,gradient_tolerance,,raw_state_verified,run.py:numpy-batch
SI-pHiSD,3.9810717055349695e-05,0.002,2000000,149,-0.5984375000000001,1.284375,completed,0.06601892900076832,0.18404094175591806,9.999345143411836e-07,-1005.1363684185586,762.732899555526,270480,success_index1,S_L,gradient_tolerance,,raw_state_verified,run.py:numpy-batch
SI-pHiSD,3.9810717055349695e-05,0.002,2000000,12,-0.6828125,1.2093749999999999,completed,0.06601892892645873,0.18404094175060512,9.9994814851531e-07,-1005.1363684049173,762.7328994632483,270519,success_index1,S_L,gradient_tolerance,,raw_state_verified,run.py:numpy-batch
SI-pHiSD,3.9810717055349695e-05,0.002,2000000,183,-0.5796875,1.3031249999999999,completed,0.06601892901695182,0.1840409417565135,9.999683235114295e-07,-1005.136368419244,762.7328995761153,270555,success_index1,S_L,gradient_tolerance,,raw_state_verified,run.py:numpy-batch
SI-pHiSD,3.9810717055349695e-05,0.002,2000000,286,-0.5140625000000001,1.359375,completed,0.06601892907110599,0.18404094175675864,9.999632730126157e-07,-1005.1363684144297,762.7328996465436,270558,success_index1,S_L,gradient_tolerance,,raw_state_verified,run.py:numpy-batch
SI-pHiSD,3.9810717055349695e-05,0.002,2000000,46,-0.6640625,1.228125,completed,0.06601892894372417,0.18404094175229624,9.99995617414399e-07,-1005.1363684099448,762.7328994842882,270579,success_index1,S_L,gradient_tolerance,,raw_state_verified,run.py:numpy-batch
SI-pHiSD,3.9810717055349695e-05,0.002,2000000,56,-0.5703125,1.228125,completed,0.06601892910179356,0.18404094175574295,9.99939446246366e-07,-1005.1363684070037,762.732899687466,270625,success_index1,S_L,gradient_tolerance,,raw_state_verified,run.py:numpy-batch
SI-pHiSD,3.9810717055349695e-05,0.002,2000000,217,-0.5609375000000001,1.321875,completed,0.06601892903292342,0.18404094175683697,9.999587048633583e-07,-1005.1363684188461,762.7328995966662,270635,success_index1,S_L,gradient_tolerance,,raw_state_verified,run.py:numpy-batch
SI-pHiSD,3.9810717055349695e-05,0.002,2000000,80,-0.6453125000000001,1.246875,completed,0.06601892896073704,0.18404094175366947,9.99990431393266e-07,-1005.1363684137059,762.7328995052775,270643,success_index1,S_L,gradient_tolerance,,raw_state_verified,run.py:numpy-batch
SI-pHiSD,3.9810717055349695e-05,0.002,2000000,114,-0.6265625,1.265625,completed,0.06601892897750875,0.18404094175480232,9.999940516269753e-07,-1005.1363684165156,762.7328995261626,270710,success_index1,S_L,gradient_tolerance,,raw_state_verified,run.py:numpy-batch
SI-pHiSD,3.9810717055349695e-05,0.002,2000000,251,-0.5421875,1.340625,completed,0.06601892904855963,0.18404094175691518,9.999241686332875e-07,-1005.1363684174867,762.7328996169949,270718,success_index1,S_L,gradient_tolerance,,raw_state_verified,run.py:numpy-batch
SI-pHiSD,3.9810717055349695e-05,0.002,2000000,148,-0.6078125000000001,1.284375,completed,0.06601892899398523,0.1840409417556381,9.999511383813136e-07,-1005.1363684181481,762.7328995469228,270780,success_index1,S_L,gradient_tolerance,,raw_state_verified,run.py:numpy-batch
SI-pHiSD,3.9810717055349695e-05,0.002,2000000,285,-0.5234375,1.359375,completed,0.06601892906406728,0.1840409417568524,9.999489963180342e-07,-1005.1363684155668,762.7328996372796,270806,success_index1,S_L,gradient_tolerance,,raw_state_verified,run.py:numpy-batch
SI-pHiSD,3.9810717055349695e-05,0.002,2000000,22,-0.5890625,1.2093749999999999,completed,0.06601892909846613,0.18404094175594218,9.999843763275485e-07,-1005.1363684081715,762.7328996829508,270833,success_index1,S_L,gradient_tolerance,,raw_state_verified,run.py:numpy-batch
SI-pHiSD,3.9810717055349695e-05,0.002,2000000,182,-0.5890625,1.3031249999999999,completed,0.06601892901015229,0.1840409417563109,9.999727229815817e-07,-1005.13636841915,762.7328995674231,270851,success_index1,S_L,gradient_tolerance,,raw_state_verified,run.py:numpy-batch
SI-pHiSD,3.9810717055349695e-05,0.002,2000000,11,-0.6921875000000001,1.2093749999999999,completed,0.0660189289201329,0.18404094174994184,9.999453295985886e-07,-1005.1363684028978,762.7328994555779,270868,success_index1,S_L,gradient_tolerance,,raw_state_verified,run.py:numpy-batch
SI-pHiSD,3.9810717055349695e-05,0.002,2000000,319,-0.5046875000000001,1.378125,completed,0.06601892907930564,0.18404094175659144,9.999768347159635e-07,-1005.1363684128695,762.7328996573868,270898,success_index1,S_L,gradient_tolerance,,raw_state_verified,run.py:numpy-batch
SI-pHiSD,3.9810717055349695e-05,0.002,2000000,216,-0.5703125,1.321875,completed,0.06601892902606922,0.18404094175669977,9.999408700132918e-07,-1005.1363684190235,762.7328995878454,270926,success_index1,S_L,gradient_tolerance,,raw_state_verified,run.py:numpy-batch
SI-pHiSD,3.9810717055349695e-05,0.002,2000000,45,-0.6734375,1.228125,completed,0.06601892893744146,0.18404094175166766,9.99941521325558e-07,-1005.1363684080616,762.7328994766433,270928,success_index1,S_L,gradient_tolerance,,raw_state_verified,run.py:numpy-batch
SI-pHiSD,3.9810717055349695e-05,0.002,2000000,79,-0.6546875000000001,1.246875,completed,0.06601892895439405,0.18404094175311964,9.999336924407796e-07,-1005.1363684121497,762.7328994974849,270989,success_index1,S_L,gradient_tolerance,,raw_state_verified,run.py:numpy-batch
SI-pHiSD,3.9810717055349695e-05,0.002,2000000,250,-0.5515625000000001,1.340625,completed,0.06601892904174902,0.18404094175690788,9.9994012212823e-07,-1005.1363684181874,762.7328996081173,271004,success_index1,S_L,gradient_tolerance,,raw_state_verified,run.py:numpy-batch
SI-pHiSD,3.9810717055349695e-05,0.002,2000000,113,-0.6359375,1.265625,completed,0.06601892897113129,0.18404094175437843,9.999745793001778e-07,-1005.1363684154752,762.7328995182148,271052,success_index1,S_L,gradient_tolerance,,raw_state_verified,run.py:numpy-batch
SI-pHiSD,3.9810717055349695e-05,0.002,2000000,159,-0.5046875000000001,1.284375,completed,0.06601892916331929,0.1840409417511823,9.999272725829255e-07,-1005.1363683818455,762.7328997717241,271071,success_index1,S_L,gradient_tolerance,,raw_state_verified,run.py:numpy-batch
SI-pHiSD,3.9810717055349695e-05,0.002,2000000,284,-0.5328125000000001,1.359375,completed,0.06601892905715957,0.18404094175692556,9.999551241045323e-07,-1005.1363684166057,762.7328996282046,271085,success_index1,S_L,gradient_tolerance,,raw_state_verified,run.py:numpy-batch
SI-pHiSD,3.9810717055349695e-05,0.002,2000000,147,-0.6171875,1.284375,completed,0.0660189289875744,0.18404094175536198,9.999878364136507e-07,-1005.1363684177122,762.732899538802,271117,success_index1,S_L,gradient_tolerance,,raw_state_verified,run.py:numpy-batch
SI-pHiSD,3.9810717055349695e-05,0.002,2000000,318,-0.5140625000000001,1.378125,completed,0.06601892907238444,0.18404094175673336,9.99962682676724e-07,-1005.1363684141891,762.7328996482341,271171,success_index1,S_L,gradient_tolerance,,raw_state_verified,run.py:numpy-batch
SI-pHiSD,3.9810717055349695e-05,0.002,2000000,181,-0.5984375000000001,1.3031249999999999,completed,0.06601892900367536,0.1840409417561022,9.999949594882884e-07,-1005.1363684189955,762.7328995591571,271183,success_index1,S_L,gradient_tolerance,,raw_state_verified,run.py:numpy-batch
SI-pHiSD,3.9810717055349695e-05,0.002,2000000,215,-0.5796875,1.321875,completed,0.06601892901951453,0.1840409417565729,9.999606091244352e-07,-1005.1363684192111,762.7328995794062,271252,success_index1,S_L,gradient_tolerance,,raw_state_verified,run.py:numpy-batch
SI-pHiSD,3.9810717055349695e-05,0.002,2000000,10,-0.7015625000000001,1.2093749999999999,completed,0.06601892891451885,0.18404094174931204,9.999298602984574e-07,-1005.136368400938,762.7328994488066,271261,success_index1,S_L,gradient_tolerance,,raw_state_verified,run.py:numpy-batch
SI-pHiSD,3.9810717055349695e-05,0.002,2000000,125,-0.5234375,1.265625,completed,0.06601892916133768,0.18404094175141456,9.99953705607449e-07,-1005.1363683830033,762.732899768935,271287,success_index1,S_L,gradient_tolerance,,raw_state_verified,run.py:numpy-batch
SI-pHiSD,3.9810717055349695e-05,0.002,2000000,44,-0.6828125,1.228125,completed,0.06601892893171192,0.18404094175116806,9.999833764799473e-07,-1005.1363684066436,762.7328994696078,271317,success_index1,S_L,gradient_tolerance,,raw_state_verified,run.py:numpy-batch
SI-pHiSD,3.9810717055349695e-05,0.002,2000000,249,-0.5609375000000001,1.340625,completed,0.0660189290351129,0.1840409417568881,9.999782923532407e-07,-1005.1363684188194,762.7328995994776,271323,success_index1,S_L,gradient_tolerance,,raw_state_verified,run.py:numpy-batch
SI-pHiSD,3.9810717055349695e-05,0.002,2000000,78,-0.6640625,1.246875,completed,0.06601892894858089,0.18404094175265268,9.99940651883275e-07,-1005.1363684108738,762.7328994903112,271375,success_index1,S_L,gradient_tolerance,,raw_state_verified,run.py:numpy-batch
SI-pHiSD,3.9810717055349695e-05,0.002,2000000,283,-0.5421875,1.359375,completed,0.06601892905045863,0.18404094175692753,9.999350501826218e-07,-1005.1363684173331,762.7328996194615,271398,success_index1,S_L,gradient_tolerance,,raw_state_verified,run.py:numpy-batch
SI-pHiSD,3.9810717055349695e-05,0.002,2000000,112,-0.6453125000000001,1.265625,completed,0.0660189289651906,0.18404094175398425,9.999838047741967e-07,-1005.1363684145084,762.7328995108112,271433,success_index1,S_L,gradient_tolerance,,raw_state_verified,run.py:numpy-batch
SI-pHiSD,3.9810717055349695e-05,0.002,2000000,317,-0.5234375,1.378125,completed,0.06601892906554012,0.1840409417568415,9.999564777223875e-07,-1005.1363684153642,762.7328996392107,271475,success_index1,S_L,gradient_tolerance,,raw_state_verified,run.py:numpy-batch
SI-pHiSD,3.9810717055349695e-05,0.002,2000000,146,-0.6265625,1.284375,completed,0.06601892898147803,0.18404094175503197,9.999907069767382e-07,-1005.1363684170235,762.7328995311392,271492,success_index1,S_L,gradient_tolerance,,raw_state_verified,run.py:numpy-batch
SI-pHiSD,3.9810717055349695e-05,0.002,2000000,91,-0.5421875,1.246875,completed,0.06601892916072617,0.18404094175151767,9.999893269253977e-07,-1005.1363683834884,762.732899768047,271545,success_index1,S_L,gradient_tolerance,,raw_state_verified,run.py:numpy-batch
SI-pHiSD,3.9810717055349695e-05,0.002,2000000,180,-0.6078125000000001,1.3031249999999999,completed,0.06601892899748853,0.18404094175579447,9.999488011753683e-07,-1005.1363684184074,762.7328995513564,271553,success_index1,S_L,gradient_tolerance,,raw_state_verified,run.py:numpy-batch
SI-pHiSD,3.9810717055349695e-05,0.002,2000000,351,-0.5046875000000001,1.3968749999999999,completed,0.06601892908041568,0.1840409417565202,9.999401608973308e-07,-1005.1363684124603,762.7328996588973,271557,success_index1,S_L,gradient_tolerance,,raw_state_verified,run.py:numpy-batch
SI-pHiSD,3.9810717055349695e-05,0.002,2000000,214,-0.5890625,1.321875,completed,0.06601892901321427,0.1840409417564227,9.999847235716963e-07,-1005.1363684192758,762.7328995713194,271614,success_index1,S_L,gradient_tolerance,,raw_state_verified,run.py:numpy-batch
SI-pHiSD,3.9810717055349695e-05,0.002,2000000,248,-0.5703125,1.340625,completed,0.06601892902869044,0.1840409417567777,9.999660915511267e-07,-1005.1363684190596,762.7328995911963,271678,success_index1,S_L,gradient_tolerance,,raw_state_verified,run.py:numpy-batch
SI-pHiSD,3.9810717055349695e-05,0.002,2000000,9,-0.7109375,1.2093749999999999,completed,0.06601892890947976,0.18404094174878555,9.99970390540976e-07,-1005.1363683993364,762.732899442695,271696,success_index1,S_L,gradient_tolerance,,raw_state_verified,run.py:numpy-batch
SI-pHiSD,3.9810717055349695e-05,0.002,2000000,282,-0.5515625000000001,1.359375,completed,0.0660189290438402,0.1840409417569415,9.999591912819428e-07,-1005.1363684181003,762.7328996108155,271743,success_index1,S_L,gradient_tolerance,,raw_state_verified,run.py:numpy-batch
SI-pHiSD,3.9810717055349695e-05,0.002,2000000,43,-0.6921875000000001,1.228125,completed,0.06601892892648362,0.18404094175060193,9.999429913279054e-07,-1005.1363684049018,762.7328994632837,271749,success_index1,S_L,gradient_tolerance,,raw_state_verified,run.py:numpy-batch
SI-pHiSD,3.9810717055349695e-05,0.002,2000000,77,-0.6734375,1.246875,completed,0.06601892894320008,0.18404094175224522,9.99991268920936e-07,-1005.1363684097935,762.7328994836494,271801,success_index1,S_L,gradient_tolerance,,raw_state_verified,run.py:numpy-batch
SI-pHiSD,3.9810717055349695e-05,0.002,2000000,316,-0.5328125000000001,1.378125,completed,0.06601892905882935,0.18404094175691982,9.999608254234657e-07,-1005.1363684164032,762.7328996303876,271812,success_index1,S_L,gradient_tolerance,,raw_state_verified,run.py:numpy-batch
SI-pHiSD,3.9810717055349695e-05,0.002,2000000,57,-0.5609375000000001,1.228125,completed,0.06601892916158913,0.1840409417514042,9.999665032268844e-07,-1005.1363683829336,762.7328997692723,271850,success_index1,S_L,gradient_tolerance,,raw_state_verified,run.py:numpy-batch
SI-pHiSD,3.9810717055349695e-05,0.002,2000000,111,-0.6546875000000001,1.265625,completed,0.06601892895962229,0.1840409417535695,9.999753309797446e-07,-1005.1363684134191,762.7328995039107,271854,success_index1,S_L,gradient_tolerance,,raw_state_verified,run.py:numpy-batch
SI-pHiSD,3.9810717055349695e-05,0.002,2000000,350,-0.5140625000000001,1.3968749999999999,completed,0.06601892907358914,0.18404094175673272,9.99983558362206e-07,-1005.1363684140575,762.7328996498059,271884,success_index1,S_L,gradient_tolerance,,raw_state_verified,run.py:numpy-batch
SI-pHiSD,3.9810717055349695e-05,0.002,2000000,145,-0.6359375,1.284375,completed,0.06601892897570946,0.18404094175461605,9.999259036851573e-07,-1005.1363684159506,762.7328995239787,271907,success_index1,S_L,gradient_tolerance,,raw_state_verified,run.py:numpy-batch
SI-pHiSD,3.9810717055349695e-05,0.002,2000000,179,-0.6171875,1.3031249999999999,completed,0.06601892899154659,0.18404094175549862,9.99930750948342e-07,-1005.1363684178415,762.7328995438643,271960,success_index1,S_L,gradient_tolerance,,raw_state_verified,run.py:numpy-batch
SI-pHiSD,3.9810717055349695e-05,0.002,2000000,213,-0.5984375000000001,1.321875,completed,0.06601892900705457,0.18404094175615449,9.999291264175283e-07,-1005.1363684188459,762.7328995635191,272013,success_index1,S_L,gradient_tolerance,,raw_state_verified,run.py:numpy-batch
SI-pHiSD,3.9810717055349695e-05,0.002,2000000,247,-0.5796875,1.340625,completed,0.06601892902233154,0.18404094175664576,9.999643883790485e-07,-1005.1363684192049,762.7328995830173,272067,success_index1,S_L,gradient_tolerance,,raw_state_verified,run.py:numpy-batch
SI-pHiSD,3.9810717055349695e-05,0.002,2000000,281,-0.5609375000000001,1.359375,completed,0.06601892903736871,0.18404094175692937,9.999920637242725e-07,-1005.1363684187452,762.732899602384,272123,success_index1,S_L,gradient_tolerance,,raw_state_verified,run.py:numpy-batch
SI-pHiSD,3.9810717055349695e-05,0.002,2000000,8,-0.7203125,1.2093749999999999,completed,0.06601892890495661,0.18404094174824348,9.99959534847666e-07,-1005.1363683976167,762.7328994372698,272175,success_index1,S_L,gradient_tolerance,,raw_state_verified,run.py:numpy-batch
SI-pHiSD,3.9810717055349695e-05,0.002,2000000,315,-0.5421875,1.378125,completed,0.06601892905221564,0.18404094175695718,9.999635982013576e-07,-1005.136368417265,762.7328996217271,272183,success_index1,S_L,gradient_tolerance,,raw_state_verified,run.py:numpy-batch
SI-pHiSD,3.9810717055349695e-05,0.002,2000000,23,-0.5796875,1.2093749999999999,completed,0.06601892916437681,0.1840409417510731,9.99927060805688e-07,-1005.1363683812874,762.7328997731992,272213,success_index1,S_L,gradient_tolerance,,raw_state_verified,run.py:numpy-batch
SI-pHiSD,3.9810717055349695e-05,0.002,2000000,42,-0.7015625000000001,1.228125,completed,0.0660189289217747,0.18404094175016647,9.999906611709512e-07,-1005.1363684036352,762.7328994575226,272223,success_index1,S_L,gradient_tolerance,,raw_state_verified,run.py:numpy-batch
SI-pHiSD,3.9810717055349695e-05,0.002,2000000,349,-0.5234375,1.3968749999999999,completed,0.06601892906677984,0.18404094175685856,9.999870983638794e-07,-1005.1363684153007,762.7328996408128,272244,success_index1,S_L,gradient_tolerance,,raw_state_verified,run.py:numpy-batch
SI-pHiSD,3.9810717055349695e-05,0.002,2000000,76,-0.6828125,1.246875,completed,0.06601892893821354,0.18404094175174854,9.999498504111845e-07,-1005.1363684083075,762.7328994775801,272270,success_index1,S_L,gradient_tolerance,,raw_state_verified,run.py:numpy-batch
SI-pHiSD,3.9810717055349695e-05,0.002,2000000,383,-0.5046875000000001,1.415625,completed,0.06601892908121221,0.1840409417565637,9.999970510296933e-07,-1005.136368412552,762.7328996598982,272310,success_index1,S_L,gradient_tolerance,,raw_state_verified,run.py:numpy-batch
SI-pHiSD,3.9810717055349695e-05,0.002,2000000,110,-0.6640625,1.265625,completed,0.06601892895440754,0.18404094175315092,9.999608714250718e-07,-1005.1363684122754,762.7328994974753,272316,success_index1,S_L,gradient_tolerance,,raw_state_verified,run.py:numpy-batch
SI-pHiSD,3.9810717055349695e-05,0.002,2000000,144,-0.6453125000000001,1.284375,completed,0.06601892897030365,0.18404094175433158,9.999815394161212e-07,-1005.1363684153732,762.7328995171763,272361,success_index1,S_L,gradient_tolerance,,raw_state_verified,run.py:numpy-batch
SI-pHiSD,3.9810717055349695e-05,0.002,2000000,178,-0.6265625,1.3031249999999999,completed,0.06601892898583753,0.18404094175524285,9.99963470446603e-07,-1005.1363684174139,762.732899536641,272405,success_index1,S_L,gradient_tolerance,,raw_state_verified,run.py:numpy-batch
SI-pHiSD,3.9810717055349695e-05,0.002,2000000,212,-0.6078125000000001,1.321875,completed,0.0660189290011681,0.18404094175594635,9.999450455686719e-07,-1005.1363684186301,762.7328995560233,272450,success_index1,S_L,gradient_tolerance,,raw_state_verified,run.py:numpy-batch
SI-pHiSD,3.9810717055349695e-05,0.002,2000000,246,-0.5890625,1.340625,completed,0.06601892901616582,0.18404094175646904,9.99948382729705e-07,-1005.1363684191473,762.7328995751293,272494,success_index1,S_L,gradient_tolerance,,raw_state_verified,run.py:numpy-batch
SI-pHiSD,3.9810717055349695e-05,0.002,2000000,280,-0.5703125,1.359375,completed,0.0660189290309857,0.18404094175680477,9.999559224554902e-07,-1005.1363684189231,762.7328995941671,272540,success_index1,S_L,gradient_tolerance,,raw_state_verified,run.py:numpy-batch
SI-pHiSD,3.9810717055349695e-05,0.002,2000000,314,-0.5515625000000001,1.378125,completed,0.0660189290456078,0.18404094175696514,9.99973642440258e-07,-1005.1363684180064,762.7328996131004,272588,success_index1,S_L,gradient_tolerance,,raw_state_verified,run.py:numpy-batch
SI-pHiSD,3.9810717055349695e-05,0.002,2000000,348,-0.5328125000000001,1.3968749999999999,completed,0.06601892905999926,0.1840409417568839,9.99938038526936e-07,-1005.1363684161312,762.7328996319454,272639,success_index1,S_L,gradient_tolerance,,raw_state_verified,run.py:numpy-batch
SI-pHiSD,3.9810717055349695e-05,0.002,2000000,382,-0.5140625000000001,1.415625,completed,0.0660189290742228,0.18404094175666277,9.99934041935943e-07,-1005.136368413705,762.7328996506941,272693,success_index1,S_L,gradient_tolerance,,raw_state_verified,run.py:numpy-batch
SI-pHiSD,3.9810717055349695e-05,0.002,2000000,7,-0.7296875,1.2093749999999999,completed,0.06601892890103006,0.18404094174774954,9.999409364477827e-07,-1005.1363683960283,762.7328994325806,272700,success_index1,S_L,gradient_tolerance,,raw_state_verified,run.py:numpy-batch
SI-pHiSD,3.9810717055349695e-05,0.002,2000000,41,-0.7109375,1.228125,completed,0.06601892891750631,0.18404094174967617,9.999614282227258e-07,-1005.1363684020987,762.7328994523845,272742,success_index1,S_L,gradient_tolerance,,raw_state_verified,run.py:numpy-batch
SI-pHiSD,3.9810717055349695e-05,0.002,2000000,75,-0.6921875000000001,1.246875,completed,0.06601892893364258,0.18404094175130864,9.999415886457508e-07,-1005.1363684070086,762.7328994720028,272782,success_index1,S_L,gradient_tolerance,,raw_state_verified,run.py:numpy-batch
SI-pHiSD,3.9810717055349695e-05,0.002,2000000,109,-0.6734375,1.265625,completed,0.06601892894949862,0.18404094175272975,9.99940941718716e-07,-1005.1363684110888,762.7328994914409,272820,success_index1,S_L,gradient_tolerance,,raw_state_verified,run.py:numpy-batch
SI-pHiSD,3.9810717055349695e-05,0.002,2000000,143,-0.6546875000000001,1.284375,completed,0.0660189289651043,0.18404094175399535,9.999992138206385e-07,-1005.1363684145633,762.7328995106886,272856,success_index1,S_L,gradient_tolerance,,raw_state_verified,run.py:numpy-batch
SI-pHiSD,3.9810717055349695e-05,0.002,2000000,177,-0.6359375,1.3031249999999999,completed,0.06601892898035445,0.18404094175494073,9.999670471096556e-07,-1005.1363684167727,762.7328995297536,272891,success_index1,S_L,gradient_tolerance,,raw_state_verified,run.py:numpy-batch
SI-pHiSD,3.9810717055349695e-05,0.002,2000000,211,-0.6171875,1.321875,completed,0.0660189289953791,0.1840409417557399,9.999843956869429e-07,-1005.1363684184121,762.7328995486523,272925,success_index1,S_L,gradient_tolerance,,raw_state_verified,run.py:numpy-batch
SI-pHiSD,3.9810717055349695e-05,0.002,2000000,245,-0.5984375000000001,1.340625,completed,0.0660189290102029,0.18404094175631527,9.999750839666263e-07,-1005.136368419162,762.7328995674854,272960,success_index1,S_L,gradient_tolerance,,raw_state_verified,run.py:numpy-batch
SI-pHiSD,3.9810717055349695e-05,0.002,2000000,279,-0.5796875,1.359375,completed,0.06601892902473123,0.1840409417567303,9.99992281839119e-07,-1005.1363684192912,762.7328995860738,272994,success_index1,S_L,gradient_tolerance,,raw_state_verified,run.py:numpy-batch
SI-pHiSD,3.9810717055349695e-05,0.002,2000000,313,-0.5609375000000001,1.378125,completed,0.06601892903913681,0.18404094175687147,9.999259079474337e-07,-1005.1363684183194,762.7328996047418,273032,success_index1,S_L,gradient_tolerance,,raw_state_verified,run.py:numpy-batch
SI-pHiSD,3.9810717055349695e-05,0.002,2000000,347,-0.5421875,1.3968749999999999,completed,0.06601892905330364,0.1840409417569808,9.999870683395338e-07,-1005.1363684172442,762.7328996231261,273069,success_index1,S_L,gradient_tolerance,,raw_state_verified,run.py:numpy-batch
SI-pHiSD,3.9810717055349695e-05,0.002,2000000,381,-0.5234375,1.415625,completed,0.0660189290673177,0.18404094175679236,9.999361771004486e-07,-1005.1363684149738,762.7328996415722,273111,success_index1,S_L,gradient_tolerance,,raw_state_verified,run.py:numpy-batch
SI-pHiSD,3.9810717055349695e-05,0.002,2000000,415,-0.5046875000000001,1.434375,completed,0.06601892908119437,0.18404094175655067,9.999853070078832e-07,-1005.1363684125007,762.7328996598864,273155,success_index1,S_L,gradient_tolerance,,raw_state_verified,run.py:numpy-batch
SI-pHiSD,3.9810717055349695e-05,0.002,2000000,6,-0.7390625000000001,1.2093749999999999,completed,0.06601892889754406,0.18404094174733623,9.999564906636722e-07,-1005.1363683947206,762.7328994283955,273270,success_index1,S_L,gradient_tolerance,,raw_state_verified,run.py:numpy-batch
SI-pHiSD,3.9810717055349695e-05,0.002,2000000,40,-0.7203125,1.228125,completed,0.06601892891370155,0.18404094174922692,9.999354522739963e-07,-1005.1363684006789,762.7328994478154,273307,success_index1,S_L,gradient_tolerance,,raw_state_verified,run.py:numpy-batch
SI-pHiSD,3.9810717055349695e-05,0.002,2000000,74,-0.7015625000000001,1.246875,completed,0.06601892892946024,0.18404094175089789,9.999398030077622e-07,-1005.1363684057865,762.7328994669069,273339,success_index1,S_L,gradient_tolerance,,raw_state_verified,run.py:numpy-batch
SI-pHiSD,3.9810717055349695e-05,0.002,2000000,108,-0.6828125,1.265625,completed,0.06601892894493931,0.18404094175236277,9.999598452868954e-07,-1005.1363684100851,762.7328994858151,273368,success_index1,S_L,gradient_tolerance,,raw_state_verified,run.py:numpy-batch
SI-pHiSD,3.9810717055349695e-05,0.002,2000000,142,-0.6640625,1.284375,completed,0.06601892896014903,0.18404094175358476,9.999536796377031e-07,-1005.1363684134246,762.7328995045848,273395,success_index1,S_L,gradient_tolerance,,raw_state_verified,run.py:numpy-batch
SI-pHiSD,3.9810717055349695e-05,0.002,2000000,176,-0.6453125000000001,1.3031249999999999,completed,0.06601892897507579,0.18404094175457994,9.999288345038058e-07,-1005.1363684158719,762.7328995231837,273420,success_index1,S_L,gradient_tolerance,,raw_state_verified,run.py:numpy-batch
SI-pHiSD,3.9810717055349695e-05,0.002,2000000,210,-0.6265625,1.321875,completed,0.06601892898978057,0.18404094175544203,9.999583706528017e-07,-1005.1363684178009,762.7328995416102,273443,success_index1,S_L,gradient_tolerance,,raw_state_verified,run.py:numpy-batch
SI-pHiSD,3.9810717055349695e-05,0.002,2000000,244,-0.6078125000000001,1.340625,completed,0.06601892900431164,0.18404094175612087,9.99989778728387e-07,-1005.1363684190035,762.7328995599703,273466,success_index1,S_L,gradient_tolerance,,raw_state_verified,run.py:numpy-batch
SI-pHiSD,3.9810717055349695e-05,0.002,2000000,278,-0.5890625,1.359375,completed,0.06601892901856861,0.18404094175654184,9.999547777100526e-07,-1005.1363684191859,762.7328995781996,273489,success_index1,S_L,gradient_tolerance,,raw_state_verified,run.py:numpy-batch
SI-pHiSD,3.9810717055349695e-05,0.002,2000000,312,-0.5703125,1.378125,completed,0.06601892903270141,0.18404094175683683,9.999613680251903e-07,-1005.1363684188693,762.7328995963771,273513,success_index1,S_L,gradient_tolerance,,raw_state_verified,run.py:numpy-batch
SI-pHiSD,3.9810717055349695e-05,0.002,2000000,346,-0.5515625000000001,1.3968749999999999,completed,0.06601892904665094,0.18404094175697885,9.999830369145093e-07,-1005.1363684179498,762.7328996144498,273538,success_index1,S_L,gradient_tolerance,,raw_state_verified,run.py:numpy-batch
SI-pHiSD,3.9810717055349695e-05,0.002,2000000,380,-0.5328125000000001,1.415625,completed,0.06601892906040421,0.18404094175692662,9.999788402674577e-07,-1005.1363684162615,762.7328996324363,273565,success_index1,S_L,gradient_tolerance,,raw_state_verified,run.py:numpy-batch
SI-pHiSD,3.9810717055349695e-05,0.002,2000000,414,-0.5140625000000001,1.434375,completed,0.06601892907409239,0.18404094175672253,9.999839743667319e-07,-1005.1363684139623,762.7328996504712,273596,success_index1,S_L,gradient_tolerance,,raw_state_verified,run.py:numpy-batch
SI-pHiSD,3.9810717055349695e-05,0.002,2000000,126,-0.5140625000000001,1.265625,completed,0.06601892926321036,0.18404094173609337,9.999840945175747e-07,-1005.1363683097347,762.7328999152594,273777,success_index1,S_L,gradient_tolerance,,raw_state_verified,run.py:numpy-batch
SI-pHiSD,3.9810717055349695e-05,0.002,2000000,5,-0.7484375000000001,1.2093749999999999,completed,0.06601892889463112,0.18404094174694893,9.999382382763326e-07,-1005.1363683934574,762.7328994249351,273890,success_index1,S_L,gradient_tolerance,,raw_state_verified,run.py:numpy-batch
SI-pHiSD,3.9810717055349695e-05,0.002,2000000,39,-0.7296875,1.228125,completed,0.06601892891028521,0.18404094174889968,9.99989756378715e-07,-1005.1363683997148,762.7328994436454,273918,success_index1,S_L,gradient_tolerance,,raw_state_verified,run.py:numpy-batch
SI-pHiSD,3.9810717055349695e-05,0.002,2000000,73,-0.7109375,1.246875,completed,0.06601892892563657,0.18404094175050997,9.999381017839711e-07,-1005.1363684046183,762.7328994622593,273943,success_index1,S_L,gradient_tolerance,,raw_state_verified,run.py:numpy-batch
SI-pHiSD,3.9810717055349695e-05,0.002,2000000,107,-0.6921875000000001,1.265625,completed,0.06601892894070194,0.18404094175197566,9.99949624133899e-07,-1005.1363684089647,762.7328994806269,273963,success_index1,S_L,gradient_tolerance,,raw_state_verified,run.py:numpy-batch
SI-pHiSD,3.9810717055349695e-05,0.002,2000000,141,-0.6734375,1.284375,completed,0.0660189289555013,0.18404094175327473,9.999945686949731e-07,-1005.136368412662,762.7328994987932,273979,success_index1,S_L,gradient_tolerance,,raw_state_verified,run.py:numpy-batch
SI-pHiSD,3.9810717055349695e-05,0.002,2000000,175,-0.6546875000000001,1.3031249999999999,completed,0.06601892897006485,0.18404094175432828,9.999927652075087e-07,-1005.136368415385,762.732899516868,273993,success_index1,S_L,gradient_tolerance,,raw_state_verified,run.py:numpy-batch
SI-pHiSD,3.9810717055349695e-05,0.002,2000000,209,-0.6359375,1.321875,completed,0.06601892898440832,0.18404094175518865,9.999841710169458e-07,-1005.1363684173463,762.7328995348241,274005,success_index1,S_L,gradient_tolerance,,raw_state_verified,run.py:numpy-batch
SI-pHiSD,3.9810717055349695e-05,0.002,2000000,243,-0.6171875,1.340625,completed,0.06601892899853394,0.18404094175582428,9.999348563483105e-07,-1005.1363684184166,762.7328995526935,274016,success_index1,S_L,gradient_tolerance,,raw_state_verified,run.py:numpy-batch
SI-pHiSD,3.9810717055349695e-05,0.002,2000000,277,-0.5984375000000001,1.359375,completed,0.06601892901249877,0.18404094175640248,9.999865773272568e-07,-1005.1363684192706,762.7328995704033,274025,success_index1,S_L,gradient_tolerance,,raw_state_verified,run.py:numpy-batch
SI-pHiSD,3.9810717055349695e-05,0.002,2000000,311,-0.5796875,1.378125,completed,0.06601892902635506,0.18404094175674507,9.999759587830828e-07,-1005.1363684191775,762.7328995881787,274036,success_index1,S_L,gradient_tolerance,,raw_state_verified,run.py:numpy-batch
SI-pHiSD,3.9810717055349695e-05,0.002,2000000,345,-0.5609375000000001,1.3968749999999999,completed,0.06601892903996745,0.18404094175688562,9.999321533224347e-07,-1005.1363684182882,762.7328996058126,274047,success_index1,S_L,gradient_tolerance,,raw_state_verified,run.py:numpy-batch
SI-pHiSD,3.9810717055349695e-05,0.002,2000000,379,-0.5421875,1.415625,completed,0.06601892905352441,0.1840409417569917,9.999972810342442e-07,-1005.1363684172647,762.7328996234045,274059,success_index1,S_L,gradient_tolerance,,raw_state_verified,run.py:numpy-batch
SI-pHiSD,3.9810717055349695e-05,0.002,2000000,413,-0.5234375,1.434375,completed,0.06601892906691847,0.18404094175679975,9.999373563977533e-07,-1005.1363684150464,762.732899641045,274075,success_index1,S_L,gradient_tolerance,,raw_state_verified,run.py:numpy-batch
SI-pHiSD,3.9810717055349695e-05,0.002,2000000,447,-0.5046875000000001,1.453125,completed,0.0660189290802567,0.18404094175658628,9.999941787721508e-07,-1005.1363684127464,762.7328996586319,274093,success_index1,S_L,gradient_tolerance,,raw_state_verified,run.py:numpy-batch
SI-pHiSD,3.9810717055349695e-05,0.002,2000000,92,-0.5328125000000001,1.246875,completed,0.06601892927496497,0.18404094173358054,9.999413870103826e-07,-1005.1363682982499,762.7328999327959,274393,success_index1,S_L,gradient_tolerance,,raw_state_verified,run.py:numpy-batch
SI-pHiSD,3.9810717055349695e-05,0.002,2000000,4,-0.7578125,1.2093749999999999,completed,0.06601892889212813,0.18404094174665747,9.99964769963809e-07,-1005.1363683925404,762.7328994219257,274559,success_index1,S_L,gradient_tolerance,,raw_state_verified,run.py:numpy-batch
SI-pHiSD,3.9810717055349695e-05,0.002,2000000,38,-0.7390625000000001,1.228125,completed,0.06601892890736111,0.18404094174848942,9.99925328398909e-07,-1005.1363683983589,762.7328994401909,274582,success_index1,S_L,gradient_tolerance,,raw_state_verified,run.py:numpy-batch
SI-pHiSD,3.9810717055349695e-05,0.002,2000000,412,-0.5328125000000001,1.434375,completed,0.0660189290598446,0.1840409417569237,9.999717658448882e-07,-1005.1363684163098,762.732899631709,274595,success_index1,S_L,gradient_tolerance,,raw_state_verified,run.py:numpy-batch
SI-pHiSD,3.9810717055349695e-05,0.002,2000000,378,-0.5515625000000001,1.415625,completed,0.06601892904665185,0.1840409417569355,9.999448298920244e-07,-1005.1363684177734,762.7328996144888,274596,success_index1,S_L,gradient_tolerance,,raw_state_verified,run.py:numpy-batch
SI-pHiSD,3.9810717055349695e-05,0.002,2000000,446,-0.5140625000000001,1.453125,completed,0.06601892907289976,0.18404094175675673,9.99992208960108e-07,-1005.1363684142291,762.7328996488857,274596,success_index1,S_L,gradient_tolerance,,raw_state_verified,run.py:numpy-batch
SI-pHiSD,3.9810717055349695e-05,0.002,2000000,72,-0.7203125,1.246875,completed,0.06601892892225807,0.18404094175021923,9.99992293625279e-07,-1005.1363684037983,762.7328994581071,274597,success_index1,S_L,gradient_tolerance,,raw_state_verified,run.py:numpy-batch
SI-pHiSD,3.9810717055349695e-05,0.002,2000000,344,-0.5703125,1.3968749999999999,completed,0.0660189290333965,0.18404094175682825,9.999451606902536e-07,-1005.1363684187604,762.732899597291,274599,success_index1,S_L,gradient_tolerance,,raw_state_verified,run.py:numpy-batch
SI-pHiSD,3.9810717055349695e-05,0.002,2000000,310,-0.5890625,1.378125,completed,0.06601892902002694,0.18404094175656852,9.999451966301427e-07,-1005.1363684191377,762.7328995800787,274603,success_index1,S_L,gradient_tolerance,,raw_state_verified,run.py:numpy-batch
SI-pHiSD,3.9810717055349695e-05,0.002,2000000,106,-0.7015625000000001,1.265625,completed,0.0660189289367941,0.18404094175163138,9.99963168427245e-07,-1005.1363684079836,762.7328994758309,274607,success_index1,S_L,gradient_tolerance,,raw_state_verified,run.py:numpy-batch
SI-pHiSD,3.9810717055349695e-05,0.002,2000000,276,-0.6078125000000001,1.359375,completed,0.0660189290066033,0.18404094175618047,9.999667321826514e-07,-1005.1363684189997,762.7328995629078,274608,success_index1,S_L,gradient_tolerance,,raw_state_verified,run.py:numpy-batch
SI-pHiSD,3.9810717055349695e-05,0.002,2000000,242,-0.6265625,1.340625,completed,0.06601892899294479,0.18404094175563013,9.999878494920076e-07,-1005.1363684182267,762.7328995455728,274611,success_index1,S_L,gradient_tolerance,,raw_state_verified,run.py:numpy-batch
SI-pHiSD,3.9810717055349695e-05,0.002,2000000,140,-0.6828125,1.284375,completed,0.06601892895115281,0.18404094175289762,9.999690206949965e-07,-1005.1363684115947,762.7328994934516,274613,success_index1,S_L,gradient_tolerance,,raw_state_verified,run.py:numpy-batch
SI-pHiSD,3.9810717055349695e-05,0.002,2000000,174,-0.6640625,1.3031249999999999,completed,0.06601892896524642,0.18404094175395266,9.999520044731034e-07,-1005.136368414374,762.7328995109116,274615,success_index1,S_L,gradient_tolerance,,raw_state_verified,run.py:numpy-batch
SI-pHiSD,3.9810717055349695e-05,0.002,2000000,208,-0.6453125000000001,1.321875,completed,0.0660189289791966,0.18404094175482597,9.999250260264423e-07,-1005.1363684164302,762.7328995283434,274615,success_index1,S_L,gradient_tolerance,,raw_state_verified,run.py:numpy-batch
SI-pHiSD,3.9810717055349695e-05,0.002,2000000,58,-0.5515625000000001,1.228125,completed,0.06601892928913704,0.18404094173045046,9.999713494871647e-07,-1005.1363682839935,762.7328999540275,275092,success_index1,S_L,gradient_tolerance,,raw_state_verified,run.py:numpy-batch
SI-pHiSD,3.9810717055349695e-05,0.002,2000000,479,-0.5046875000000001,1.4718749999999998,completed,0.06601892907832721,0.1840409417566027,9.999649173416248e-07,-1005.1363684130199,762.7328996561008,275129,success_index1,S_L,gradient_tolerance,,raw_state_verified,run.py:numpy-batch
SI-pHiSD,3.9810717055349695e-05,0.002,2000000,445,-0.5234375,1.453125,completed,0.0660189290655243,0.18404094175684263,9.999573040248364e-07,-1005.1363684153706,762.7328996391889,275142,success_index1,S_L,gradient_tolerance,,raw_state_verified,run.py:numpy-batch
SI-pHiSD,3.9810717055349695e-05,0.002,2000000,411,-0.5421875,1.434375,completed,0.06601892905271547,0.18404094175699073,9.999942627071951e-07,-1005.1363684173476,762.7328996223503,275158,success_index1,S_L,gradient_tolerance,,raw_state_verified,run.py:numpy-batch
SI-pHiSD,3.9810717055349695e-05,0.002,2000000,377,-0.5609375000000001,1.415625,completed,0.06601892903984452,0.18404094175694236,9.999831415236844e-07,-1005.1363684185326,762.7328996056025,275177,success_index1,S_L,gradient_tolerance,,raw_state_verified,run.py:numpy-batch
SI-pHiSD,3.9810717055349695e-05,0.002,2000000,343,-0.5796875,1.3968749999999999,completed,0.0660189290268882,0.18404094175675753,9.999778007572518e-07,-1005.1363684191709,762.7328995888631,275197,success_index1,S_L,gradient_tolerance,,raw_state_verified,run.py:numpy-batch
SI-pHiSD,3.9810717055349695e-05,0.002,2000000,309,-0.5984375000000001,1.378125,completed,0.0660189290138506,0.18404094175645844,9.999992384042022e-07,-1005.1363684193531,762.732899572118,275217,success_index1,S_L,gradient_tolerance,,raw_state_verified,run.py:numpy-batch
SI-pHiSD,3.9810717055349695e-05,0.002,2000000,275,-0.6171875,1.359375,completed,0.06601892900076094,0.18404094175596442,9.999760737676487e-07,-1005.1363684187477,762.7328995554758,275238,success_index1,S_L,gradient_tolerance,,raw_state_verified,run.py:numpy-batch
SI-pHiSD,3.9810717055349695e-05,0.002,2000000,241,-0.6359375,1.340625,completed,0.06601892898754005,0.18404094175534588,9.999750391861297e-07,-1005.13636841765,762.7328995387717,275257,success_index1,S_L,gradient_tolerance,,raw_state_verified,run.py:numpy-batch
SI-pHiSD,3.9810717055349695e-05,0.002,2000000,207,-0.6546875000000001,1.321875,completed,0.06601892897416219,0.18404094175453298,9.99938127273167e-07,-1005.1363684157786,762.7328995220334,275274,success_index1,S_L,gradient_tolerance,,raw_state_verified,run.py:numpy-batch
SI-pHiSD,3.9810717055349695e-05,0.002,2000000,3,-0.7671875,1.2093749999999999,completed,0.06601892889016266,0.18404094174638397,9.999483816120842e-07,-1005.1363683916384,762.7328994196014,275283,success_index1,S_L,gradient_tolerance,,raw_state_verified,run.py:numpy-batch
SI-pHiSD,3.9810717055349695e-05,0.002,2000000,173,-0.6734375,1.3031249999999999,completed,0.06601892896070309,0.18404094175363403,9.999608846090118e-07,-1005.1363684135656,762.7328995052642,275288,success_index1,S_L,gradient_tolerance,,raw_state_verified,run.py:numpy-batch
SI-pHiSD,3.9810717055349695e-05,0.002,2000000,37,-0.7484375000000001,1.228125,completed,0.06601892890483528,0.18404094174826258,9.999899027816663e-07,-1005.1363683977071,762.7328994370944,275297,success_index1,S_L,gradient_tolerance,,raw_state_verified,run.py:numpy-batch
SI-pHiSD,3.9810717055349695e-05,0.002,2000000,139,-0.6921875000000001,1.284375,completed,0.06601892894708923,0.18404094175252897,9.999428510975965e-07,-1005.1363684105302,762.732899488474,275299,success_index1,S_L,gradient_tolerance,,raw_state_verified,run.py:numpy-batch
SI-pHiSD,3.9810717055349695e-05,0.002,2000000,71,-0.7296875,1.246875,completed,0.06601892891915383,0.1840409417498424,9.999504135112036e-07,-1005.1363684025982,762.7328994543878,275304,success_index1,S_L,gradient_tolerance,,raw_state_verified,run.py:numpy-batch
SI-pHiSD,3.9810717055349695e-05,0.002,2000000,105,-0.7109375,1.265625,completed,0.06601892893323434,0.18404094175129593,9.999654670496962e-07,-1005.1363684070006,762.7328994714816,275304,success_index1,S_L,gradient_tolerance,,raw_state_verified,run.py:numpy-batch
SI-pHiSD,3.9810717055349695e-05,0.002,2000000,478,-0.5140625000000001,1.4718749999999998,completed,0.06601892907070234,0.18404094175676516,9.999624036948366e-07,-1005.1363684144994,762.7328996460116,275700,success_index1,S_L,gradient_tolerance,,raw_state_verified,run.py:numpy-batch
SI-pHiSD,3.9810717055349695e-05,0.002,2000000,444,-0.5328125000000001,1.453125,completed,0.06601892905820998,0.18404094175693003,9.999655865418333e-07,-1005.1363684165112,762.7328996295707,275734,success_index1,S_L,gradient_tolerance,,raw_state_verified,run.py:numpy-batch
SI-pHiSD,3.9810717055349695e-05,0.002,2000000,410,-0.5515625000000001,1.434375,completed,0.0660189290456288,0.18404094175698923,9.999948164424803e-07,-1005.1363684181025,762.7328996131066,275769,success_index1,S_L,gradient_tolerance,,raw_state_verified,run.py:numpy-batch
SI-pHiSD,3.9810717055349695e-05,0.002,2000000,376,-0.5703125,1.415625,completed,0.06601892903303748,0.18404094175684316,9.999627371095861e-07,-1005.1363684188594,762.7328995968102,275807,success_index1,S_L,gradient_tolerance,,raw_state_verified,run.py:numpy-batch
SI-pHiSD,3.9810717055349695e-05,0.002,2000000,342,-0.5890625,1.3968749999999999,completed,0.06601892902043538,0.1840409417566371,9.99996986090253e-07,-1005.1363684193732,762.7328995805515,275845,success_index1,S_L,gradient_tolerance,,raw_state_verified,run.py:numpy-batch
SI-pHiSD,3.9810717055349695e-05,0.002,2000000,308,-0.6078125000000001,1.378125,completed,0.06601892900779362,0.18404094175622163,9.99965429880911e-07,-1005.1363684190397,762.7328995644243,275884,success_index1,S_L,gradient_tolerance,,raw_state_verified,run.py:numpy-batch
SI-pHiSD,3.9810717055349695e-05,0.002,2000000,24,-0.5703125,1.2093749999999999,completed,0.06601892930694131,0.18404094172618532,9.999957972766427e-07,-1005.1363682647302,762.732899980992,275916,success_index1,S_L,gradient_tolerance,,raw_state_verified,run.py:numpy-batch
SI-pHiSD,3.9810717055349695e-05,0.002,2000000,274,-0.6265625,1.359375,completed,0.06601892899509298,0.18404094175572697,9.999845114320435e-07,-1005.1363684183898,762.7328995482904,275921,success_index1,S_L,gradient_tolerance,,raw_state_verified,run.py:numpy-batch
SI-pHiSD,3.9810717055349695e-05,0.002,2000000,240,-0.6453125000000001,1.340625,completed,0.06601892898224232,0.18404094175501073,9.999328799537592e-07,-1005.1363684168548,762.7328995321549,275956,success_index1,S_L,gradient_tolerance,,raw_state_verified,run.py:numpy-batch
SI-pHiSD,3.9810717055349695e-05,0.002,2000000,206,-0.6640625,1.321875,completed,0.06601892896935978,0.18404094175421642,9.999347804613972e-07,-1005.1363684150062,762.732899516046,275988,success_index1,S_L,gradient_tolerance,,raw_state_verified,run.py:numpy-batch
SI-pHiSD,3.9810717055349695e-05,0.002,2000000,172,-0.6828125,1.3031249999999999,completed,0.06601892895639257,0.1840409417533139,9.999673013550949e-07,-1005.1363684127257,762.7328994999218,276016,success_index1,S_L,gradient_tolerance,,raw_state_verified,run.py:numpy-batch
SI-pHiSD,3.9810717055349695e-05,0.002,2000000,138,-0.7015625000000001,1.284375,completed,0.06601892894328482,0.18404094175219643,9.999406330570107e-07,-1005.1363684095858,762.7328994838027,276040,success_index1,S_L,gradient_tolerance,,raw_state_verified,run.py:numpy-batch
SI-pHiSD,3.9810717055349695e-05,0.002,2000000,104,-0.7203125,1.265625,completed,0.06601892893000633,0.18404094175100244,9.999852051413806e-07,-1005.1363684061528,762.7328994675278,276057,success_index1,S_L,gradient_tolerance,,raw_state_verified,run.py:numpy-batch
SI-pHiSD,3.9810717055349695e-05,0.002,2000000,2,-0.7765625,1.2093749999999999,completed,0.06601892888867601,0.1840409417461612,9.999234290436558e-07,-1005.1363683908918,762.7328994178574,276064,success_index1,S_L,gradient_tolerance,,raw_state_verified,run.py:numpy-batch
SI-pHiSD,3.9810717055349695e-05,0.002,2000000,70,-0.7390625000000001,1.246875,completed,0.06601892891652504,0.18404094174958469,9.99975735667237e-07,-1005.1363684018318,762.7328994511846,276068,success_index1,S_L,gradient_tolerance,,raw_state_verified,run.py:numpy-batch
SI-pHiSD,3.9810717055349695e-05,0.002,2000000,36,-0.7578125,1.228125,completed,0.0660189289027872,0.18404094174798166,9.999579509202446e-07,-1005.1363683967841,762.732899434669,276071,success_index1,S_L,gradient_tolerance,,raw_state_verified,run.py:numpy-batch
SI-pHiSD,3.9810717055349695e-05,0.002,2000000,511,-0.5046875000000001,1.4906249999999999,completed,0.06601892907531393,0.18404094175666455,9.999565337086476e-07,-1005.1363684135953,762.7328996521155,276266,success_index1,S_L,gradient_tolerance,,raw_state_verified,run.py:numpy-batch
SI-pHiSD,3.9810717055349695e-05,0.002,2000000,477,-0.5234375,1.4718749999999998,completed,0.06601892906304228,0.18404094175684463,9.999312449562134e-07,-1005.1363684156452,762.7328996359493,276319,success_index1,S_L,gradient_tolerance,,raw_state_verified,run.py:numpy-batch
SI-pHiSD,3.9810717055349695e-05,0.002,2000000,443,-0.5421875,1.453125,completed,0.06601892905084966,0.1840409417569519,9.999568147155529e-07,-1005.1363684173899,762.7328996199504,276375,success_index1,S_L,gradient_tolerance,,raw_state_verified,run.py:numpy-batch
SI-pHiSD,3.9810717055349695e-05,0.002,2000000,409,-0.5609375000000001,1.434375,completed,0.06601892903856488,0.18404094175688793,9.999450221713622e-07,-1005.1363684184481,762.732899603981,276432,success_index1,S_L,gradient_tolerance,,raw_state_verified,run.py:numpy-batch
SI-pHiSD,3.9810717055349695e-05,0.002,2000000,375,-0.5796875,1.415625,completed,0.06601892902631956,0.18404094175673022,9.999634280657806e-07,-1005.1363684191206,762.7328995881453,276490,success_index1,S_L,gradient_tolerance,,raw_state_verified,run.py:numpy-batch
SI-pHiSD,3.9810717055349695e-05,0.002,2000000,341,-0.5984375000000001,1.3968749999999999,completed,0.06601892901407411,0.1840409417564471,9.999831458556124e-07,-1005.1363684192829,762.7328995724199,276548,success_index1,S_L,gradient_tolerance,,raw_state_verified,run.py:numpy-batch
SI-pHiSD,3.9810717055349695e-05,0.002,2000000,307,-0.6171875,1.378125,completed,0.06601892900180031,0.18404094175601898,9.99986912419926e-07,-1005.1363684188584,762.7328995567841,276605,success_index1,S_L,gradient_tolerance,,raw_state_verified,run.py:numpy-batch
SI-pHiSD,3.9810717055349695e-05,0.002,2000000,273,-0.6359375,1.359375,completed,0.06601892898950688,0.18404094175546942,9.999951791155528e-07,-1005.1363684179421,762.7328995412288,276660,success_index1,S_L,gradient_tolerance,,raw_state_verified,run.py:numpy-batch
SI-pHiSD,3.9810717055349695e-05,0.002,2000000,239,-0.6546875000000001,1.340625,completed,0.06601892897715886,0.18404094175470245,9.999237007957105e-07,-1005.1363684161462,762.7328995257939,276713,success_index1,S_L,gradient_tolerance,,raw_state_verified,run.py:numpy-batch
SI-pHiSD,3.9810717055349695e-05,0.002,2000000,205,-0.6734375,1.321875,completed,0.0660189289647964,0.1840409417539185,9.999498425630396e-07,-1005.1363684142837,762.7328995103543,276761,success_index1,S_L,gradient_tolerance,,raw_state_verified,run.py:numpy-batch
SI-pHiSD,3.9810717055349695e-05,0.002,2000000,171,-0.6921875000000001,1.3031249999999999,completed,0.06601892895238325,0.18404094175303165,9.999993903806488e-07,-1005.1363684120082,762.7328994949387,276804,success_index1,S_L,gradient_tolerance,,raw_state_verified,run.py:numpy-batch
SI-pHiSD,3.9810717055349695e-05,0.002,2000000,137,-0.7109375,1.284375,completed,0.066018928939809,0.18404094175193977,9.999902325607456e-07,-1005.1363684089147,762.7328994794934,276841,success_index1,S_L,gradient_tolerance,,raw_state_verified,run.py:numpy-batch
SI-pHiSD,3.9810717055349695e-05,0.002,2000000,103,-0.7296875,1.265625,completed,0.0660189289271333,0.18404094175066374,9.999392067677615e-07,-1005.1363684050838,762.7328994640771,276872,success_index1,S_L,gradient_tolerance,,raw_state_verified,run.py:numpy-batch
SI-pHiSD,3.9810717055349695e-05,0.002,2000000,69,-0.7484375000000001,1.246875,completed,0.06601892891423995,0.184040941749315,9.999606394442798e-07,-1005.1363684009794,762.7328994484405,276893,success_index1,S_L,gradient_tolerance,,raw_state_verified,run.py:numpy-batch
SI-pHiSD,3.9810717055349695e-05,0.002,2000000,1,-0.7859375000000001,1.2093749999999999,completed,0.06601892888763815,0.18404094174602711,9.999263245963804e-07,-1005.1363683904578,762.7328994166212,276905,success_index1,S_L,gradient_tolerance,,raw_state_verified,run.py:numpy-batch
SI-pHiSD,3.9810717055349695e-05,0.002,2000000,35,-0.7671875,1.228125,completed,0.0660189289011412,0.1840409417477893,9.999646356040316e-07,-1005.1363683961778,762.7328994326907,276905,success_index1,S_L,gradient_tolerance,,raw_state_verified,run.py:numpy-batch
SI-pHiSD,3.9810717055349695e-05,0.002,2000000,510,-0.5140625000000001,1.4906249999999999,completed,0.06601892906743471,0.18404094175678398,9.99930463895772e-07,-1005.1363684149267,762.7328996417323,276913,success_index1,S_L,gradient_tolerance,,raw_state_verified,run.py:numpy-batch
SI-pHiSD,3.9810717055349695e-05,0.002,2000000,476,-0.5328125000000001,1.4718749999999998,completed,0.06601892905541898,0.18404094175697464,9.99989351067693e-07,-1005.1363684169925,762.7328996258909,276989,success_index1,S_L,gradient_tolerance,,raw_state_verified,run.py:numpy-batch
SI-pHiSD,3.9810717055349695e-05,0.002,2000000,442,-0.5515625000000001,1.453125,completed,0.06601892904349463,0.18404094175697716,9.999921773451687e-07,-1005.1363684182819,762.7328996103336,277069,success_index1,S_L,gradient_tolerance,,raw_state_verified,run.py:numpy-batch
SI-pHiSD,3.9810717055349695e-05,0.002,2000000,408,-0.5703125,1.434375,completed,0.06601892903152501,0.18404094175678345,9.999296089189981e-07,-1005.1363684187785,762.7328995948893,277150,success_index1,S_L,gradient_tolerance,,raw_state_verified,run.py:numpy-batch
SI-pHiSD,3.9810717055349695e-05,0.002,2000000,374,-0.5890625,1.415625,completed,0.0660189290196602,0.18404094175654898,9.999360514707364e-07,-1005.1363684190977,762.7328995796175,277231,success_index1,S_L,gradient_tolerance,,raw_state_verified,run.py:numpy-batch
SI-pHiSD,3.9810717055349695e-05,0.002,2000000,340,-0.6078125000000001,1.3968749999999999,completed,0.06601892900778934,0.18404094175623117,9.99974024983528e-07,-1005.1363684190785,762.7328995644108,277310,success_index1,S_L,gradient_tolerance,,raw_state_verified,run.py:numpy-batch
SI-pHiSD,3.9810717055349695e-05,0.002,2000000,306,-0.6265625,1.378125,completed,0.06601892899594675,0.184040941755734,9.99956118129847e-07,-1005.1363684183272,762.7328995493979,277388,success_index1,S_L,gradient_tolerance,,raw_state_verified,run.py:numpy-batch
SI-pHiSD,3.9810717055349695e-05,0.002,2000000,272,-0.6453125000000001,1.359375,completed,0.06601892898412771,0.18404094175512511,9.999411380143567e-07,-1005.1363684171182,762.7328995345141,277463,success_index1,S_L,gradient_tolerance,,raw_state_verified,run.py:numpy-batch
SI-pHiSD,3.9810717055349695e-05,0.002,2000000,238,-0.6640625,1.340625,completed,0.0660189289723171,0.18404094175447033,9.999876589509585e-07,-1005.1363684157213,762.7328995196813,277533,success_index1,S_L,gradient_tolerance,,raw_state_verified,run.py:numpy-batch
SI-pHiSD,3.9810717055349695e-05,0.002,2000000,204,-0.6828125,1.321875,completed,0.06601892896045734,0.1840409417536469,9.999888024413037e-07,-1005.1363684136443,762.7328995049324,277598,success_index1,S_L,gradient_tolerance,,raw_state_verified,run.py:numpy-batch
SI-pHiSD,3.9810717055349695e-05,0.002,2000000,509,-0.5234375,1.4906249999999999,completed,0.06601892905949228,0.1840409417569509,9.999930013816246e-07,-1005.1363684164584,762.7328996312253,277612,success_index1,S_L,gradient_tolerance,,raw_state_verified,run.py:numpy-batch
SI-pHiSD,3.9810717055349695e-05,0.002,2000000,170,-0.7015625000000001,1.3031249999999999,completed,0.06601892894861502,0.18404094175267302,9.999563569477018e-07,-1005.136368410953,762.7328994903378,277658,success_index1,S_L,gradient_tolerance,,raw_state_verified,run.py:numpy-batch
SI-pHiSD,3.9810717055349695e-05,0.002,2000000,136,-0.7203125,1.284375,completed,0.06601892893662464,0.18404094175159527,9.99944948285136e-07,-1005.1363684078549,762.732899475642,277709,success_index1,S_L,gradient_tolerance,,raw_state_verified,run.py:numpy-batch
SI-pHiSD,3.9810717055349695e-05,0.002,2000000,475,-0.5421875,1.4718749999999998,completed,0.06601892904780884,0.18404094175698338,9.999850243711034e-07,-1005.1363684178448,762.7328996159557,277717,success_index1,S_L,gradient_tolerance,,raw_state_verified,run.py:numpy-batch
SI-pHiSD,3.9810717055349695e-05,0.002,2000000,102,-0.7390625000000001,1.265625,completed,0.06601892892456067,0.18404094175044877,9.999827532262596e-07,-1005.1363684044851,762.7328994609094,277751,success_index1,S_L,gradient_tolerance,,raw_state_verified,run.py:numpy-batch
SI-pHiSD,3.9810717055349695e-05,0.002,2000000,68,-0.7578125,1.246875,completed,0.06601892891237661,0.18404094174913008,9.999826774330502e-07,-1005.1363684004276,762.7328994461718,277784,success_index1,S_L,gradient_tolerance,,raw_state_verified,run.py:numpy-batch
SI-pHiSD,3.9810717055349695e-05,0.002,2000000,34,-0.7765625,1.228125,completed,0.06601892889989361,0.18404094174767494,9.999994461969399e-07,-1005.136368395847,762.7328994311633,277804,success_index1,S_L,gradient_tolerance,,raw_state_verified,run.py:numpy-batch
SI-pHiSD,3.9810717055349695e-05,0.002,2000000,0,-0.7953125000000001,1.2093749999999999,completed,0.0660189288871259,0.18404094174596966,9.999359479944588e-07,-1005.1363683902787,762.7328994160034,277812,success_index1,S_L,gradient_tolerance,,raw_state_verified,run.py:numpy-batch
SI-pHiSD,3.9810717055349695e-05,0.002,2000000,441,-0.5609375000000001,1.453125,completed,0.06601892903613135,0.184040941756861,9.999435877135393e-07,-1005.1363684186,762.7328996008301,277823,success_index1,S_L,gradient_tolerance,,raw_state_verified,run.py:numpy-batch
SI-pHiSD,3.9810717055349695e-05,0.002,2000000,407,-0.5796875,1.434375,completed,0.06601892902460002,0.1840409417567256,9.999905930779345e-07,-1005.1363684192863,762.7328995859065,277929,success_index1,S_L,gradient_tolerance,,raw_state_verified,run.py:numpy-batch
SI-pHiSD,3.9810717055349695e-05,0.002,2000000,373,-0.5984375000000001,1.415625,completed,0.06601892901306769,0.18404094175641617,9.99982948285078e-07,-1005.1363684192652,762.7328995711339,278034,success_index1,S_L,gradient_tolerance,,raw_state_verified,run.py:numpy-batch
SI-pHiSD,3.9810717055349695e-05,0.002,2000000,339,-0.6171875,1.3968749999999999,completed,0.06601892900162601,0.18404094175595687,9.999378889005518e-07,-1005.1363684186244,762.7328995566108,278138,success_index1,S_L,gradient_tolerance,,raw_state_verified,run.py:numpy-batch
SI-pHiSD,3.9810717055349695e-05,0.002,2000000,305,-0.6359375,1.378125,completed,0.06601892899026052,0.18404094175546357,9.999561343572136e-07,-1005.1363684178372,762.7328995422173,278238,success_index1,S_L,gradient_tolerance,,raw_state_verified,run.py:numpy-batch
SI-pHiSD,3.9810717055349695e-05,0.002,2000000,271,-0.6546875000000001,1.359375,completed,0.06601892897891942,0.18404094175481134,9.999266334019331e-07,-1005.1363684164003,762.7328995279952,278334,success_index1,S_L,gradient_tolerance,,raw_state_verified,run.py:numpy-batch
SI-pHiSD,3.9810717055349695e-05,0.002,2000000,508,-0.5328125000000001,1.4906249999999999,completed,0.06601892905159211,0.18404094175696573,9.999699952894492e-07,-1005.1363684173664,762.7328996209067,278373,success_index1,S_L,gradient_tolerance,,raw_state_verified,run.py:numpy-batch
SI-pHiSD,3.9810717055349695e-05,0.002,2000000,237,-0.6734375,1.340625,completed,0.06601892896763036,0.1840409417541032,9.999384206145726e-07,-1005.1363684147309,762.7328995138894,278424,success_index1,S_L,gradient_tolerance,,raw_state_verified,run.py:numpy-batch
SI-pHiSD,3.9810717055349695e-05,0.002,2000000,203,-0.6921875000000001,1.321875,completed,0.0660189289563953,0.18404094175334376,9.999939179477134e-07,-1005.1363684128469,762.732899499899,278507,success_index1,S_L,gradient_tolerance,,raw_state_verified,run.py:numpy-batch
SI-pHiSD,3.9810717055349695e-05,0.002,2000000,474,-0.5515625000000001,1.4718749999999998,completed,0.06601892904013694,0.18404094175689625,9.999403241544657e-07,-1005.1363684183132,762.7328996060244,278507,success_index1,S_L,gradient_tolerance,,raw_state_verified,run.py:numpy-batch
SI-pHiSD,3.9810717055349695e-05,0.002,2000000,169,-0.7109375,1.3031249999999999,completed,0.06601892894513853,0.18404094175239202,9.999706362695093e-07,-1005.1363684101827,762.7328994860493,278583,success_index1,S_L,gradient_tolerance,,raw_state_verified,run.py:numpy-batch
SI-pHiSD,3.9810717055349695e-05,0.002,2000000,440,-0.5703125,1.453125,completed,0.06601892902882558,0.18404094175673677,9.999277271431639e-07,-1005.1363684188786,762.7328995914086,278642,success_index1,S_L,gradient_tolerance,,raw_state_verified,run.py:numpy-batch
SI-pHiSD,3.9810717055349695e-05,0.002,2000000,135,-0.7296875,1.284375,completed,0.06601892893377476,0.18404094175130573,9.999274977011828e-07,-1005.1363684069829,762.7328994721775,278649,success_index1,S_L,gradient_tolerance,,raw_state_verified,run.py:numpy-batch
SI-pHiSD,3.9810717055349695e-05,0.002,2000000,101,-0.7484375000000001,1.265625,completed,0.06601892892243004,0.18404094175016972,9.999313011066987e-07,-1005.1363684035782,762.7328994583747,278705,success_index1,S_L,gradient_tolerance,,raw_state_verified,run.py:numpy-batch
SI-pHiSD,3.9810717055349695e-05,0.002,2000000,67,-0.7671875,1.246875,completed,0.06601892891088096,0.1840409417489678,9.999896566794878e-07,-1005.1363683999275,762.732899444363,278747,success_index1,S_L,gradient_tolerance,,raw_state_verified,run.py:numpy-batch
SI-pHiSD,3.9810717055349695e-05,0.002,2000000,406,-0.5890625,1.434375,completed,0.06601892901764961,0.18404094175652516,9.999617015425657e-07,-1005.136368419217,762.7328995770155,278776,success_index1,S_L,gradient_tolerance,,raw_state_verified,run.py:numpy-batch
SI-pHiSD,3.9810717055349695e-05,0.002,2000000,33,-0.7859375000000001,1.228125,completed,0.0660189288991285,0.18404094174749971,9.999263122085987e-07,-1005.136368395216,762.7328994303189,278777,success_index1,S_L,gradient_tolerance,,raw_state_verified,run.py:numpy-batch
SI-pHiSD,3.9810717055349695e-05,0.002,2000000,372,-0.6078125000000001,1.415625,completed,0.0660189290065816,0.18404094175615243,9.99942497391693e-07,-1005.1363684188882,762.7328995629038,278909,success_index1,S_L,gradient_tolerance,,raw_state_verified,run.py:numpy-batch
SI-pHiSD,3.9810717055349695e-05,0.002,2000000,338,-0.6265625,1.3968749999999999,completed,0.06601892899557175,0.1840409417556815,9.999244862437893e-07,-1005.1363684181539,762.7328995489546,279038,success_index1,S_L,gradient_tolerance,,raw_state_verified,run.py:numpy-batch
SI-pHiSD,3.9810717055349695e-05,0.002,2000000,304,-0.6453125000000001,1.378125,completed,0.06601892898472166,0.1840409417552086,9.999866858474965e-07,-1005.1363684173942,762.7328995352156,279162,success_index1,S_L,gradient_tolerance,,raw_state_verified,run.py:numpy-batch
SI-pHiSD,3.9810717055349695e-05,0.002,2000000,507,-0.5421875,1.4906249999999999,completed,0.06601892904364663,0.18404094175693955,9.999583417812426e-07,-1005.136368418113,762.7328996105645,279199,success_index1,S_L,gradient_tolerance,,raw_state_verified,run.py:numpy-batch
SI-pHiSD,3.9810717055349695e-05,0.002,2000000,270,-0.6640625,1.359375,completed,0.06601892897395539,0.18404094175457217,9.999849153770937e-07,-1005.1363684159604,762.7328995217289,279281,success_index1,S_L,gradient_tolerance,,raw_state_verified,run.py:numpy-batch
SI-pHiSD,3.9810717055349695e-05,0.002,2000000,473,-0.5609375000000001,1.4718749999999998,completed,0.06601892903254192,0.18404094175683894,9.999653211953214e-07,-1005.1363684188951,762.7328995961672,279366,success_index1,S_L,gradient_tolerance,,raw_state_verified,run.py:numpy-batch
SI-pHiSD,3.9810717055349695e-05,0.002,2000000,236,-0.6828125,1.340625,completed,0.06601892896323316,0.18404094175379102,9.999357164366882e-07,-1005.1363684139328,762.7328995084267,279393,success_index1,S_L,gradient_tolerance,,raw_state_verified,run.py:numpy-batch
SI-pHiSD,3.9810717055349695e-05,0.002,2000000,202,-0.7015625000000001,1.321875,completed,0.06601892895254668,0.18404094175299138,9.999513278585292e-07,-1005.1363684118261,762.7328994951881,279495,success_index1,S_L,gradient_tolerance,,raw_state_verified,run.py:numpy-batch
SI-pHiSD,3.9810717055349695e-05,0.002,2000000,439,-0.5796875,1.453125,completed,0.06601892902159272,0.18404094175663566,9.999708152186133e-07,-1005.1363684192431,762.7328995820624,279533,success_index1,S_L,gradient_tolerance,,raw_state_verified,run.py:numpy-batch
SI-pHiSD,3.9810717055349695e-05,0.002,2000000,168,-0.7203125,1.3031249999999999,completed,0.06601892894193612,0.18404094175207986,9.999435637851884e-07,-1005.1363684092564,762.7328994821459,279588,success_index1,S_L,gradient_tolerance,,raw_state_verified,run.py:numpy-batch
SI-pHiSD,3.9810717055349695e-05,0.002,2000000,134,-0.7390625000000001,1.284375,completed,0.06601892893128686,0.18404094175107719,9.999389092760196e-07,-1005.1363684063197,762.7328994691329,279669,success_index1,S_L,gradient_tolerance,,raw_state_verified,run.py:numpy-batch
SI-pHiSD,3.9810717055349695e-05,0.002,2000000,405,-0.5984375000000001,1.434375,completed,0.06601892901078876,0.18404094175628577,9.99931647910746e-07,-1005.1363684189793,762.7328995682753,279699,success_index1,S_L,gradient_tolerance,,raw_state_verified,run.py:numpy-batch
SI-pHiSD,3.9810717055349695e-05,0.002,2000000,100,-0.7578125,1.265625,completed,0.06601892892062303,0.18404094175002125,9.999698052839415e-07,-1005.1363684031683,762.7328994561475,279737,success_index1,S_L,gradient_tolerance,,raw_state_verified,run.py:numpy-batch
SI-pHiSD,3.9810717055349695e-05,0.002,2000000,66,-0.7765625,1.246875,completed,0.06601892890981777,0.1840409417488539,9.999970028722913e-07,-1005.1363683995785,762.7328994430758,279790,success_index1,S_L,gradient_tolerance,,raw_state_verified,run.py:numpy-batch
SI-pHiSD,3.9810717055349695e-05,0.002,2000000,32,-0.7953125000000001,1.228125,completed,0.06601892889880441,0.18404094174751023,9.99972085150229e-07,-1005.1363683952936,762.7328994298869,279827,success_index1,S_L,gradient_tolerance,,raw_state_verified,run.py:numpy-batch
SI-pHiSD,3.9810717055349695e-05,0.002,2000000,371,-0.6171875,1.415625,completed,0.06601892900016719,0.18404094175593372,9.999706501388547e-07,-1005.136368418687,762.732899554728,279861,success_index1,S_L,gradient_tolerance,,raw_state_verified,run.py:numpy-batch
SI-pHiSD,3.9810717055349695e-05,0.002,2000000,337,-0.6359375,1.3968749999999999,completed,0.06601892898967708,0.18404094175542846,9.999509447641653e-07,-1005.136368417757,762.7328995414872,280019,success_index1,S_L,gradient_tolerance,,raw_state_verified,run.py:numpy-batch
SI-pHiSD,3.9810717055349695e-05,0.002,2000000,506,-0.5515625000000001,1.4906249999999999,completed,0.06601892903573058,0.1840409417568524,9.999401353768553e-07,-1005.1363684186077,762.7328996003148,280099,success_index1,S_L,gradient_tolerance,,raw_state_verified,run.py:numpy-batch
SI-pHiSD,3.9810717055349695e-05,0.002,2000000,303,-0.6546875000000001,1.378125,completed,0.06601892897933925,0.18404094175490263,9.999860605114461e-07,-1005.1363684167271,762.7328995284624,280170,success_index1,S_L,gradient_tolerance,,raw_state_verified,run.py:numpy-batch
SI-pHiSD,3.9810717055349695e-05,0.002,2000000,472,-0.5703125,1.4718749999999998,completed,0.06601892902495574,0.18404094175668523,9.999481508441858e-07,-1005.1363684190836,762.7328995864061,280303,success_index1,S_L,gradient_tolerance,,raw_state_verified,run.py:numpy-batch
SI-pHiSD,3.9810717055349695e-05,0.002,2000000,269,-0.6734375,1.359375,completed,0.06601892896914628,0.1840409417542537,9.999810199970895e-07,-1005.1363684151806,762.7328995157349,280314,success_index1,S_L,gradient_tolerance,,raw_state_verified,run.py:numpy-batch
SI-pHiSD,3.9810717055349695e-05,0.002,2000000,235,-0.6921875000000001,1.340625,completed,0.06601892895901486,0.1840409417535102,9.99963222471806e-07,-1005.136368413243,762.7328995031704,280448,success_index1,S_L,gradient_tolerance,,raw_state_verified,run.py:numpy-batch
SI-pHiSD,3.9810717055349695e-05,0.002,2000000,438,-0.5890625,1.453125,completed,0.06601892901442184,0.18404094175646848,9.999929025018563e-07,-1005.1363684193326,762.7328995728545,280506,success_index1,S_L,gradient_tolerance,,raw_state_verified,run.py:numpy-batch
SI-pHiSD,3.9810717055349695e-05,0.002,2000000,201,-0.7109375,1.321875,completed,0.06601892894901062,0.1840409417527317,9.99979255751491e-07,-1005.1363684111489,762.732899490803,280571,success_index1,S_L,gradient_tolerance,,raw_state_verified,run.py:numpy-batch
SI-pHiSD,3.9810717055349695e-05,0.002,2000000,167,-0.7296875,1.3031249999999999,completed,0.06601892893910961,0.18404094175181193,9.999327309580257e-07,-1005.1363684084694,762.7328994786935,280683,success_index1,S_L,gradient_tolerance,,raw_state_verified,run.py:numpy-batch
SI-pHiSD,3.9810717055349695e-05,0.002,2000000,404,-0.6078125000000001,1.434375,completed,0.06601892900409233,0.18404094175611763,9.999943535985439e-07,-1005.1363684190138,762.7328995596872,280707,success_index1,S_L,gradient_tolerance,,raw_state_verified,run.py:numpy-batch
SI-pHiSD,3.9810717055349695e-05,0.002,2000000,133,-0.7484375000000001,1.284375,completed,0.06601892892920848,0.1840409417509205,9.999827644462783e-07,-1005.1363684059055,762.7328994665587,280779,success_index1,S_L,gradient_tolerance,,raw_state_verified,run.py:numpy-batch
SI-pHiSD,3.9810717055349695e-05,0.002,2000000,99,-0.7671875,1.265625,completed,0.06601892891922442,0.18404094174989566,9.999915918156322e-07,-1005.1363684028072,762.7328994544336,280859,success_index1,S_L,gradient_tolerance,,raw_state_verified,run.py:numpy-batch
SI-pHiSD,3.9810717055349695e-05,0.002,2000000,370,-0.6265625,1.415625,completed,0.06601892899389006,0.18404094175563365,9.99951105944203e-07,-1005.1363684181397,762.7328995468027,280903,success_index1,S_L,gradient_tolerance,,raw_state_verified,run.py:numpy-batch
SI-pHiSD,3.9810717055349695e-05,0.002,2000000,65,-0.7859375000000001,1.246875,completed,0.0660189289092127,0.18404094174873417,9.999518672625967e-07,-1005.1363683991563,762.7328994423917,280923,success_index1,S_L,gradient_tolerance,,raw_state_verified,run.py:numpy-batch
SI-pHiSD,3.9810717055349695e-05,0.002,2000000,505,-0.5609375000000001,1.4906249999999999,completed,0.06601892902781933,0.1840409417567541,9.999591824760663e-07,-1005.1363684190568,762.7328995900807,281081,success_index1,S_L,gradient_tolerance,,raw_state_verified,run.py:numpy-batch
SI-pHiSD,3.9810717055349695e-05,0.002,2000000,336,-0.6453125000000001,1.3968749999999999,completed,0.06601892898392726,0.18404094175515945,9.999816810168887e-07,-1005.1363684172794,762.7328995342226,281092,success_index1,S_L,gradient_tolerance,,raw_state_verified,run.py:numpy-batch
SI-pHiSD,3.9810717055349695e-05,0.002,2000000,302,-0.6640625,1.378125,completed,0.06601892897415293,0.18404094175459412,9.999933599645976e-07,-1005.1363684160284,762.7328995219675,281273,success_index1,S_L,gradient_tolerance,,raw_state_verified,run.py:numpy-batch
SI-pHiSD,3.9810717055349695e-05,0.002,2000000,471,-0.5796875,1.4718749999999998,completed,0.06601892901742822,0.18404094175649022,9.999360442069372e-07,-1005.1363684190987,762.7328995767571,281328,success_index1,S_L,gradient_tolerance,,raw_state_verified,run.py:numpy-batch
SI-pHiSD,3.9810717055349695e-05,0.002,2000000,268,-0.6828125,1.359375,completed,0.06601892896456868,0.18404094175389915,9.999469720159317e-07,-1005.1363684142294,762.7328995100743,281445,success_index1,S_L,gradient_tolerance,,raw_state_verified,run.py:numpy-batch
SI-pHiSD,3.9810717055349695e-05,0.002,2000000,437,-0.5984375000000001,1.453125,completed,0.06601892900734166,0.1840409417561979,9.999585735718342e-07,-1005.1363684189915,762.7328995638558,281573,success_index1,S_L,gradient_tolerance,,raw_state_verified,run.py:numpy-batch
SI-pHiSD,3.9810717055349695e-05,0.002,2000000,234,-0.7015625000000001,1.340625,completed,0.06601892895509862,0.18404094175323477,9.999871044288976e-07,-1005.1363684125427,762.7328994983033,281603,success_index1,S_L,gradient_tolerance,,raw_state_verified,run.py:numpy-batch
SI-pHiSD,3.9810717055349695e-05,0.002,2000000,200,-0.7203125,1.321875,completed,0.06601892894577337,0.1840409417523957,9.999244951769087e-07,-1005.1363684101298,762.7328994868743,281749,success_index1,S_L,gradient_tolerance,,raw_state_verified,run.py:numpy-batch
SI-pHiSD,3.9810717055349695e-05,0.002,2000000,403,-0.6171875,1.434375,completed,0.06601892899740576,0.18404094175577757,9.999369550871244e-07,-1005.1363684183477,762.7328995512628,281813,success_index1,S_L,gradient_tolerance,,raw_state_verified,run.py:numpy-batch
SI-pHiSD,3.9810717055349695e-05,0.002,2000000,166,-0.7390625000000001,1.3031249999999999,completed,0.06601892893655875,0.18404094175160796,9.999619227894374e-07,-1005.1363684079134,762.7328994755446,281878,success_index1,S_L,gradient_tolerance,,raw_state_verified,run.py:numpy-batch
SI-pHiSD,3.9810717055349695e-05,0.002,2000000,132,-0.7578125,1.284375,completed,0.06601892892739801,0.1840409417507252,9.999704694378528e-07,-1005.1363684053049,762.7328994643683,281990,success_index1,S_L,gradient_tolerance,,raw_state_verified,run.py:numpy-batch
SI-pHiSD,3.9810717055349695e-05,0.002,2000000,369,-0.6359375,1.415625,completed,0.06601892898776589,0.1840409417553803,9.999952801337556e-07,-1005.1363684177659,762.7328995390361,282046,success_index1,S_L,gradient_tolerance,,raw_state_verified,run.py:numpy-batch
SI-pHiSD,3.9810717055349695e-05,0.002,2000000,98,-0.7765625,1.265625,completed,0.06601892891824072,0.18404094174975957,9.999647103106928e-07,-1005.1363684023593,762.7328994532693,282083,success_index1,S_L,gradient_tolerance,,raw_state_verified,run.py:numpy-batch
SI-pHiSD,3.9810717055349695e-05,0.002,2000000,64,-0.7953125000000001,1.246875,completed,0.06601892890895861,0.18404094174871083,9.99957326962495e-07,-1005.1363683990884,762.7328994420803,282154,success_index1,S_L,gradient_tolerance,,raw_state_verified,run.py:numpy-batch
SI-pHiSD,3.9810717055349695e-05,0.002,2000000,504,-0.5703125,1.4906249999999999,completed,0.06601892901991988,0.18404094175654656,9.999280937652927e-07,-1005.1363684190602,762.7328995799581,282158,success_index1,S_L,gradient_tolerance,,raw_state_verified,run.py:numpy-batch
SI-pHiSD,3.9810717055349695e-05,0.002,2000000,335,-0.6546875000000001,1.3968749999999999,completed,0.06601892897835845,0.1840409417547976,9.9994421031702e-07,-1005.1363684164046,762.732899527275,282272,success_index1,S_L,gradient_tolerance,,raw_state_verified,run.py:numpy-batch
SI-pHiSD,3.9810717055349695e-05,0.002,2000000,470,-0.5890625,1.4718749999999998,completed,0.06601892900997487,0.18404094175631575,9.9998227045715e-07,-1005.1363684191883,762.7328995671875,282453,success_index1,S_L,gradient_tolerance,,raw_state_verified,run.py:numpy-batch
SI-pHiSD,3.9810717055349695e-05,0.002,2000000,301,-0.6734375,1.378125,completed,0.0660189289692091,0.1840409417542648,9.999871890901696e-07,-1005.1363684152191,762.732899515807,282486,success_index1,S_L,gradient_tolerance,,raw_state_verified,run.py:numpy-batch
SI-pHiSD,3.9810717055349695e-05,0.002,2000000,267,-0.6921875000000001,1.359375,completed,0.06601892896024841,0.18404094175357108,9.99934742236442e-07,-1005.136368413358,762.7328995047263,282688,success_index1,S_L,gradient_tolerance,,raw_state_verified,run.py:numpy-batch
SI-pHiSD,3.9810717055349695e-05,0.002,2000000,436,-0.6078125000000001,1.453125,completed,0.06601892900028743,0.1840409417559474,9.999784194947444e-07,-1005.1363684187295,762.7328995548731,282745,success_index1,S_L,gradient_tolerance,,raw_state_verified,run.py:numpy-batch
SI-pHiSD,3.9810717055349695e-05,0.002,2000000,233,-0.7109375,1.340625,completed,0.0660189289514741,0.1840409417529408,9.999841978637527e-07,-1005.1363684117355,762.7328994938327,282873,success_index1,S_L,gradient_tolerance,,raw_state_verified,run.py:numpy-batch
SI-pHiSD,3.9810717055349695e-05,0.002,2000000,402,-0.6265625,1.434375,completed,0.06601892899091494,0.18404094175553773,9.999933265200256e-07,-1005.1363684180689,762.7328995430057,283031,success_index1,S_L,gradient_tolerance,,raw_state_verified,run.py:numpy-batch
SI-pHiSD,3.9810717055349695e-05,0.002,2000000,199,-0.7296875,1.321875,completed,0.06601892894288894,0.1840409417521869,9.999635631085945e-07,-1005.1363684095901,762.7328994832943,283042,success_index1,S_L,gradient_tolerance,,raw_state_verified,run.py:numpy-batch
SI-pHiSD,3.9810717055349695e-05,0.002,2000000,165,-0.7484375000000001,1.3031249999999999,completed,0.06601892893444455,0.18404094175143415,9.999854472836019e-07,-1005.1363684074335,762.7328994729389,283191,success_index1,S_L,gradient_tolerance,,raw_state_verified,run.py:numpy-batch
SI-pHiSD,3.9810717055349695e-05,0.002,2000000,368,-0.6453125000000001,1.415625,completed,0.06601892898179858,0.1840409417550544,9.999943999648051e-07,-1005.1363684170806,762.7328995315377,283308,success_index1,S_L,gradient_tolerance,,raw_state_verified,run.py:numpy-batch
SI-pHiSD,3.9810717055349695e-05,0.002,2000000,131,-0.7671875,1.284375,completed,0.06601892892599166,0.18404094175056337,9.999534348571806e-07,-1005.1363684047975,762.7328994626756,283318,success_index1,S_L,gradient_tolerance,,raw_state_verified,run.py:numpy-batch
SI-pHiSD,3.9810717055349695e-05,0.002,2000000,503,-0.5796875,1.4906249999999999,completed,0.0660189290121462,0.18404094175637817,9.999748374623369e-07,-1005.1363684192091,762.7328995699654,283344,success_index1,S_L,gradient_tolerance,,raw_state_verified,run.py:numpy-batch
SI-pHiSD,3.9810717055349695e-05,0.002,2000000,97,-0.7859375000000001,1.265625,completed,0.0660189289176249,0.1840409417496668,9.999412871690353e-07,-1005.1363684020477,762.7328994525475,283422,success_index1,S_L,gradient_tolerance,,raw_state_verified,run.py:numpy-batch
SI-pHiSD,3.9810717055349695e-05,0.002,2000000,334,-0.6640625,1.3968749999999999,completed,0.06601892897299541,0.1840409417545234,9.999960252449294e-07,-1005.1363684158647,762.7328995205196,283574,success_index1,S_L,gradient_tolerance,,raw_state_verified,run.py:numpy-batch
SI-pHiSD,3.9810717055349695e-05,0.002,2000000,469,-0.5984375000000001,1.4718749999999998,completed,0.06601892900255449,0.18404094175605953,9.99996155447687e-07,-1005.1363684189425,762.732899557732,283695,success_index1,S_L,gradient_tolerance,,raw_state_verified,run.py:numpy-batch
SI-pHiSD,3.9810717055349695e-05,0.002,2000000,300,-0.6828125,1.378125,completed,0.06601892896447695,0.18404094175388325,9.99938597991655e-07,-1005.1363684141743,762.7328995099688,283827,success_index1,S_L,gradient_tolerance,,raw_state_verified,run.py:numpy-batch
SI-pHiSD,3.9810717055349695e-05,0.002,2000000,435,-0.6171875,1.453125,completed,0.06601892899334527,0.18404094175559768,9.99941962312406e-07,-1005.1363684180521,762.7328995461237,284043,success_index1,S_L,gradient_tolerance,,raw_state_verified,run.py:numpy-batch
SI-pHiSD,3.9810717055349695e-05,0.002,2000000,266,-0.7015625000000001,1.359375,completed,0.06601892895620014,0.18404094175326915,9.999405708980916e-07,-1005.1363684125643,762.7328994997099,284062,success_index1,S_L,gradient_tolerance,,raw_state_verified,run.py:numpy-batch
SI-pHiSD,3.9810717055349695e-05,0.002,2000000,232,-0.7203125,1.340625,completed,0.06601892894816748,0.18404094175267235,9.999895895519404e-07,-1005.1363684109984,762.7328994897545,284277,success_index1,S_L,gradient_tolerance,,raw_state_verified,run.py:numpy-batch
SI-pHiSD,3.9810717055349695e-05,0.002,2000000,401,-0.6359375,1.434375,completed,0.06601892898451363,0.18404094175518568,9.999763679331998e-07,-1005.1363684173234,762.7328995349641,284382,success_index1,S_L,gradient_tolerance,,raw_state_verified,run.py:numpy-batch
SI-pHiSD,3.9810717055349695e-05,0.002,2000000,198,-0.7390625000000001,1.321875,completed,0.06601892894029393,0.18404094175192556,9.999377870030918e-07,-1005.1363684088043,762.7328994801389,284471,success_index1,S_L,gradient_tolerance,,raw_state_verified,run.py:numpy-batch
SI-pHiSD,3.9810717055349695e-05,0.002,2000000,164,-0.7578125,1.3031249999999999,completed,0.06601892893259101,0.18404094175119923,9.999344369343603e-07,-1005.1363684066764,762.732899470727,284640,success_index1,S_L,gradient_tolerance,,raw_state_verified,run.py:numpy-batch
SI-pHiSD,3.9810717055349695e-05,0.002,2000000,502,-0.5890625,1.4906249999999999,completed,0.06601892900432274,0.18404094175611252,9.999819366168463e-07,-1005.1363684189681,762.7328995599926,284657,success_index1,S_L,gradient_tolerance,,raw_state_verified,run.py:numpy-batch
SI-pHiSD,3.9810717055349695e-05,0.002,2000000,367,-0.6546875000000001,1.415625,completed,0.066018928976017,0.18404094175469707,9.999813600151758e-07,-1005.136368416247,762.7328995243087,284710,success_index1,S_L,gradient_tolerance,,raw_state_verified,run.py:numpy-batch
SI-pHiSD,3.9810717055349695e-05,0.002,2000000,130,-0.7765625,1.284375,completed,0.0660189289249794,0.1840409417504382,9.999342363371943e-07,-1005.1363684043968,762.732899461465,284782,success_index1,S_L,gradient_tolerance,,raw_state_verified,run.py:numpy-batch
SI-pHiSD,3.9810717055349695e-05,0.002,2000000,96,-0.7953125000000001,1.265625,completed,0.06601892891739812,0.18404094174962304,9.999241208550162e-07,-1005.1363684018938,762.73289945229,284895,success_index1,S_L,gradient_tolerance,,raw_state_verified,run.py:numpy-batch
SI-pHiSD,3.9810717055349695e-05,0.002,2000000,333,-0.6734375,1.3968749999999999,completed,0.06601892896786385,0.18404094175412863,9.999468709102167e-07,-1005.1363684148096,762.7328995141715,285024,success_index1,S_L,gradient_tolerance,,raw_state_verified,run.py:numpy-batch
SI-pHiSD,3.9810717055349695e-05,0.002,2000000,468,-0.6078125000000001,1.4718749999999998,completed,0.06601892899523354,0.18404094175566915,9.999272189730551e-07,-1005.1363684181397,762.7328995485244,285077,success_index1,S_L,gradient_tolerance,,raw_state_verified,run.py:numpy-batch
SI-pHiSD,3.9810717055349695e-05,0.002,2000000,299,-0.6921875000000001,1.378125,completed,0.06601892895998342,0.18404094175354033,9.999249193068201e-07,-1005.1363684132612,762.7328995044076,285319,success_index1,S_L,gradient_tolerance,,raw_state_verified,run.py:numpy-batch
SI-pHiSD,3.9810717055349695e-05,0.002,2000000,434,-0.6265625,1.453125,completed,0.06601892898656417,0.18404094175524546,9.99931215083817e-07,-1005.1363684173464,762.7328995375867,285490,success_index1,S_L,gradient_tolerance,,raw_state_verified,run.py:numpy-batch
SI-pHiSD,3.9810717055349695e-05,0.002,2000000,265,-0.7109375,1.359375,completed,0.06601892895247369,0.18404094175296817,9.999358100741309e-07,-1005.1363684117395,762.7328994951129,285593,success_index1,S_L,gradient_tolerance,,raw_state_verified,run.py:numpy-batch
SI-pHiSD,3.9810717055349695e-05,0.002,2000000,231,-0.7296875,1.340625,completed,0.06601892894513699,0.1840409417523553,9.999377385453622e-07,-1005.1363684100338,762.7328994860792,285841,success_index1,S_L,gradient_tolerance,,raw_state_verified,run.py:numpy-batch
SI-pHiSD,3.9810717055349695e-05,0.002,2000000,400,-0.6453125000000001,1.434375,completed,0.06601892897828252,0.18404094175481142,9.999606293441533e-07,-1005.1363684164692,762.7328995271639,285892,success_index1,S_L,gradient_tolerance,,raw_state_verified,run.py:numpy-batch
SI-pHiSD,3.9810717055349695e-05,0.002,2000000,197,-0.7484375000000001,1.321875,completed,0.06601892893809082,0.18404094175172517,9.999390445107553e-07,-1005.1363684082262,762.7328994774402,286062,success_index1,S_L,gradient_tolerance,,raw_state_verified,run.py:numpy-batch
SI-pHiSD,3.9810717055349695e-05,0.002,2000000,501,-0.5984375000000001,1.4906249999999999,completed,0.0660189289965983,0.1840409417557584,9.999517793605957e-07,-1005.1363684183566,762.7328995502263,286124,success_index1,S_L,gradient_tolerance,,raw_state_verified,run.py:numpy-batch
SI-pHiSD,3.9810717055349695e-05,0.002,2000000,163,-0.7671875,1.3031249999999999,completed,0.06601892893116383,0.18404094175108873,9.999602529740548e-07,-1005.1363684063801,762.7328994689619,286251,success_index1,S_L,gradient_tolerance,,raw_state_verified,run.py:numpy-batch
SI-pHiSD,3.9810717055349695e-05,0.002,2000000,366,-0.6640625,1.415625,completed,0.06601892897041187,0.18404094175432623,9.999703073338721e-07,-1005.1363684153399,762.732899517322,286280,success_index1,S_L,gradient_tolerance,,raw_state_verified,run.py:numpy-batch
SI-pHiSD,3.9810717055349695e-05,0.002,2000000,129,-0.7859375000000001,1.284375,completed,0.06601892892436675,0.18404094175040048,9.999572205576678e-07,-1005.136368404309,762.7328994606991,286407,success_index1,S_L,gradient_tolerance,,raw_state_verified,run.py:numpy-batch
SI-pHiSD,3.9810717055349695e-05,0.002,2000000,467,-0.6171875,1.4718749999999998,completed,0.0660189289880508,0.18404094175534713,9.999524630186866e-07,-1005.1363684176005,762.7328995394367,286625,success_index1,S_L,gradient_tolerance,,raw_state_verified,run.py:numpy-batch
SI-pHiSD,3.9810717055349695e-05,0.002,2000000,332,-0.6828125,1.3968749999999999,completed,0.06601892896293055,0.18404094175375793,9.99925664127344e-07,-1005.1363684138306,762.7328995080609,286650,success_index1,S_L,gradient_tolerance,,raw_state_verified,run.py:numpy-batch
SI-pHiSD,3.9810717055349695e-05,0.002,2000000,298,-0.7015625000000001,1.378125,completed,0.0660189289557972,0.18404094175327357,9.999727774003014e-07,-1005.1363684126255,762.7328994991805,286995,success_index1,S_L,gradient_tolerance,,raw_state_verified,run.py:numpy-batch
SI-pHiSD,3.9810717055349695e-05,0.002,2000000,433,-0.6359375,1.453125,completed,0.06601892897990978,0.18404094175492777,9.999786294641235e-07,-1005.1363684167675,762.7328995291849,287117,success_index1,S_L,gradient_tolerance,,raw_state_verified,run.py:numpy-batch
SI-pHiSD,3.9810717055349695e-05,0.002,2000000,264,-0.7203125,1.359375,completed,0.06601892894899475,0.18404094175272528,9.99974698614362e-07,-1005.1363684111247,762.7328994907876,287313,success_index1,S_L,gradient_tolerance,,raw_state_verified,run.py:numpy-batch
SI-pHiSD,3.9810717055349695e-05,0.002,2000000,399,-0.6546875000000001,1.434375,completed,0.06601892897225038,0.18404094175444088,9.999651571115005e-07,-1005.1363684156088,762.7328995196201,287597,success_index1,S_L,gradient_tolerance,,raw_state_verified,run.py:numpy-batch
SI-pHiSD,3.9810717055349695e-05,0.002,2000000,230,-0.7390625000000001,1.340625,completed,0.06601892894248636,0.184040941752178,9.999877244321409e-07,-1005.1363684095968,762.7328994827773,287599,success_index1,S_L,gradient_tolerance,,raw_state_verified,run.py:numpy-batch
SI-pHiSD,3.9810717055349695e-05,0.002,2000000,500,-0.6078125000000001,1.4906249999999999,completed,0.06601892898897246,0.18404094175537508,9.999352083609707e-07,-1005.1363684176155,762.7328995406144,287778,success_index1,S_L,gradient_tolerance,,raw_state_verified,run.py:numpy-batch
SI-pHiSD,3.9810717055349695e-05,0.002,2000000,196,-0.7578125,1.321875,completed,0.06601892893620973,0.18404094175154784,9.999372742991793e-07,-1005.1363684077064,762.7328994751421,287850,success_index1,S_L,gradient_tolerance,,raw_state_verified,run.py:numpy-batch
SI-pHiSD,3.9810717055349695e-05,0.002,2000000,365,-0.6734375,1.415625,completed,0.06601892896505045,0.18404094175398122,9.999899696473357e-07,-1005.1363684145118,762.7328995106307,288058,success_index1,S_L,gradient_tolerance,,raw_state_verified,run.py:numpy-batch
SI-pHiSD,3.9810717055349695e-05,0.002,2000000,162,-0.7765625,1.3031249999999999,completed,0.06601892893017658,0.1840409417510168,9.999829676669426e-07,-1005.1363684061934,762.7328994677375,288061,success_index1,S_L,gradient_tolerance,,raw_state_verified,run.py:numpy-batch
SI-pHiSD,3.9810717055349695e-05,0.002,2000000,128,-0.7953125000000001,1.284375,completed,0.06601892892417491,0.18404094175040475,9.999790673564731e-07,-1005.136368404347,762.732899460445,288229,success_index1,S_L,gradient_tolerance,,raw_state_verified,run.py:numpy-batch
SI-pHiSD,3.9810717055349695e-05,0.002,2000000,466,-0.6265625,1.4718749999999998,completed,0.0660189289809255,0.18404094175497054,9.999641557532277e-07,-1005.1363684168327,762.7328995304722,288379,success_index1,S_L,gradient_tolerance,,raw_state_verified,run.py:numpy-batch
SI-pHiSD,3.9810717055349695e-05,0.002,2000000,331,-0.6921875000000001,1.3968749999999999,completed,0.06601892895827882,0.1840409417534205,9.999327690273587e-07,-1005.1363684129569,762.732899502289,288496,success_index1,S_L,gradient_tolerance,,raw_state_verified,run.py:numpy-batch
SI-pHiSD,3.9810717055349695e-05,0.002,2000000,297,-0.7109375,1.378125,completed,0.06601892895192828,0.18404094175294106,9.999511609889578e-07,-1005.1363684116882,762.732899494425,288903,success_index1,S_L,gradient_tolerance,,raw_state_verified,run.py:numpy-batch
SI-pHiSD,3.9810717055349695e-05,0.002,2000000,432,-0.6453125000000001,1.453125,completed,0.06601892897339569,0.18404094175447475,9.999295817131331e-07,-1005.136368415624,762.7328995210843,288972,success_index1,S_L,gradient_tolerance,,raw_state_verified,run.py:numpy-batch
SI-pHiSD,3.9810717055349695e-05,0.002,2000000,263,-0.7296875,1.359375,completed,0.06601892894592142,0.18404094175245128,9.999630190928521e-07,-1005.13636841034,762.7328994870187,289274,success_index1,S_L,gradient_tolerance,,raw_state_verified,run.py:numpy-batch
SI-pHiSD,3.9810717055349695e-05,0.002,2000000,398,-0.6640625,1.434375,completed,0.06601892896640905,0.1840409417540067,9.99927493219686e-07,-1005.1363684144693,762.7328995123806,289549,success_index1,S_L,gradient_tolerance,,raw_state_verified,run.py:numpy-batch
SI-pHiSD,3.9810717055349695e-05,0.002,2000000,229,-0.7484375000000001,1.340625,completed,0.06601892894018474,0.18404094175196206,9.99979565708967e-07,-1005.1363684089648,762.7328994799643,289603,success_index1,S_L,gradient_tolerance,,raw_state_verified,run.py:numpy-batch
SI-pHiSD,3.9810717055349695e-05,0.002,2000000,499,-0.6171875,1.4906249999999999,completed,0.06601892898146185,0.18404094175498967,9.999537004219297e-07,-1005.1363684168531,762.7328995311551,289667,success_index1,S_L,gradient_tolerance,,raw_state_verified,run.py:numpy-batch
SI-pHiSD,3.9810717055349695e-05,0.002,2000000,195,-0.7671875,1.321875,completed,0.06601892893473091,0.1840409417514053,9.999348475017637e-07,-1005.1363684072852,762.7328994733376,289887,success_index1,S_L,gradient_tolerance,,raw_state_verified,run.py:numpy-batch
SI-pHiSD,3.9810717055349695e-05,0.002,2000000,364,-0.6828125,1.415625,completed,0.06601892895995581,0.18404094175355504,9.999399688078923e-07,-1005.1363684133242,762.7328995043589,290103,success_index1,S_L,gradient_tolerance,,raw_state_verified,run.py:numpy-batch
SI-pHiSD,3.9810717055349695e-05,0.002,2000000,161,-0.7859375000000001,1.3031249999999999,completed,0.06601892892948096,0.18404094175095279,9.999874288683173e-07,-1005.1363684060078,762.7328994668859,290119,success_index1,S_L,gradient_tolerance,,raw_state_verified,run.py:numpy-batch
SI-pHiSD,3.9810717055349695e-05,0.002,2000000,465,-0.6359375,1.4718749999999998,completed,0.06601892897397735,0.18404094175453678,9.999519967534374e-07,-1005.1363684158136,762.7328995217889,290398,success_index1,S_L,gradient_tolerance,,raw_state_verified,run.py:numpy-batch
SI-pHiSD,3.9810717055349695e-05,0.002,2000000,330,-0.7015625000000001,1.3968749999999999,completed,0.06601892895394976,0.18404094175314242,9.999859045817294e-07,-1005.13636841229,762.7328994968857,290625,success_index1,S_L,gradient_tolerance,,raw_state_verified,run.py:numpy-batch
SI-pHiSD,3.9810717055349695e-05,0.002,2000000,296,-0.7203125,1.378125,completed,0.06601892894834023,0.18404094175262029,9.999297129755341e-07,-1005.1363684107678,762.7328994900259,291109,success_index1,S_L,gradient_tolerance,,raw_state_verified,run.py:numpy-batch
SI-pHiSD,3.9810717055349695e-05,0.002,2000000,431,-0.6546875000000001,1.453125,completed,0.06601892896713052,0.18404094175412622,9.999898192529683e-07,-1005.136368414878,762.7328995132171,291120,success_index1,S_L,gradient_tolerance,,raw_state_verified,run.py:numpy-batch
SI-pHiSD,3.9810717055349695e-05,0.002,2000000,262,-0.7390625000000001,1.359375,completed,0.06601892894314831,0.18404094175222233,9.999747598589755e-07,-1005.1363684097057,762.7328994836018,291545,success_index1,S_L,gradient_tolerance,,raw_state_verified,run.py:numpy-batch
SI-pHiSD,3.9810717055349695e-05,0.002,2000000,397,-0.6734375,1.434375,completed,0.06601892896079073,0.18404094175361538,9.999383368396706e-07,-1005.1363684134802,762.7328995053949,291824,success_index1,S_L,gradient_tolerance,,raw_state_verified,run.py:numpy-batch
SI-pHiSD,3.9810717055349695e-05,0.002,2000000,498,-0.6265625,1.4906249999999999,completed,0.06601892897401372,0.18404094175451136,9.999271869984074e-07,-1005.1363684157067,762.7328995218584,291863,success_index1,S_L,gradient_tolerance,,raw_state_verified,run.py:numpy-batch
SI-pHiSD,3.9810717055349695e-05,0.002,2000000,228,-0.7578125,1.340625,completed,0.06601892893824086,0.184040941751765,9.999624222028189e-07,-1005.1363684083716,762.7328994776012,291927,success_index1,S_L,gradient_tolerance,,raw_state_verified,run.py:numpy-batch
SI-pHiSD,3.9810717055349695e-05,0.002,2000000,194,-0.7765625,1.321875,completed,0.06601892893363366,0.18404094175129238,9.999276938907012e-07,-1005.1363684069429,762.7328994720056,292249,success_index1,S_L,gradient_tolerance,,raw_state_verified,run.py:numpy-batch
SI-pHiSD,3.9810717055349695e-05,0.002,2000000,363,-0.6921875000000001,1.415625,completed,0.06601892895504499,0.1840409417531845,9.999457726265814e-07,-1005.1363684123438,762.7328994982772,292499,success_index1,S_L,gradient_tolerance,,raw_state_verified,run.py:numpy-batch
SI-pHiSD,3.9810717055349695e-05,0.002,2000000,160,-0.7953125000000001,1.3031249999999999,completed,0.06601892892925049,0.18404094175089272,9.99953942151523e-07,-1005.1363684057883,762.732899466638,292504,success_index1,S_L,gradient_tolerance,,raw_state_verified,run.py:numpy-batch
SI-pHiSD,3.9810717055349695e-05,0.002,2000000,464,-0.6453125000000001,1.4718749999999998,completed,0.06601892896716764,0.18404094175407973,9.99945864735761e-07,-1005.136368414685,762.7328995133064,292768,success_index1,S_L,gradient_tolerance,,raw_state_verified,run.py:numpy-batch
SI-pHiSD,3.9810717055349695e-05,0.002,2000000,329,-0.7109375,1.3968749999999999,completed,0.06601892894983562,0.18404094175274296,9.99927621859341e-07,-1005.1363684111061,762.732899491869,293135,success_index1,S_L,gradient_tolerance,,raw_state_verified,run.py:numpy-batch
SI-pHiSD,3.9810717055349695e-05,0.002,2000000,430,-0.6640625,1.453125,completed,0.06601892896100553,0.18404094175366098,9.999649892785645e-07,-1005.1363684136427,762.7328995056353,293667,success_index1,S_L,gradient_tolerance,,raw_state_verified,run.py:numpy-batch
SI-pHiSD,3.9810717055349695e-05,0.002,2000000,295,-0.7296875,1.378125,completed,0.06601892894506145,0.18404094175235658,9.999447535011377e-07,-1005.136368410047,762.7328994859797,293719,success_index1,S_L,gradient_tolerance,,raw_state_verified,run.py:numpy-batch
SI-pHiSD,3.9810717055349695e-05,0.002,2000000,261,-0.7484375000000001,1.359375,completed,0.0660189289407042,0.18404094175198057,9.999538547309853e-07,-1005.136368408985,762.7328994806254,294241,success_index1,S_L,gradient_tolerance,,raw_state_verified,run.py:numpy-batch
SI-pHiSD,3.9810717055349695e-05,0.002,2000000,497,-0.6359375,1.4906249999999999,completed,0.06601892896672691,0.18404094175406116,9.999565251734725e-07,-1005.1363684146569,762.7328995127476,294479,success_index1,S_L,gradient_tolerance,,raw_state_verified,run.py:numpy-batch
SI-pHiSD,3.9810717055349695e-05,0.002,2000000,396,-0.6828125,1.434375,completed,0.06601892895543096,0.18404094175325963,9.999859806991795e-07,-1005.1363684126081,762.7328994987149,294546,success_index1,S_L,gradient_tolerance,,raw_state_verified,run.py:numpy-batch
SI-pHiSD,3.9810717055349695e-05,0.002,2000000,227,-0.7671875,1.340625,completed,0.06601892893672485,0.18404094175160868,9.999485791056948e-07,-1005.1363684078987,762.7328994757606,294691,success_index1,S_L,gradient_tolerance,,raw_state_verified,run.py:numpy-batch
SI-pHiSD,3.9810717055349695e-05,0.002,2000000,127,-0.5046875000000001,1.265625,completed,0.06601892923864701,0.18404094174077626,9.999978301454628e-07,-1005.1363683314237,762.7328998791108,295053,success_index1,S_L,gradient_tolerance,,raw_state_verified,run.py:numpy-batch
SI-pHiSD,3.9810717055349695e-05,0.002,2000000,193,-0.7859375000000001,1.321875,completed,0.06601892893296692,0.18404094175126626,9.999619889340187e-07,-1005.1363684069088,762.7328994711586,295058,success_index1,S_L,gradient_tolerance,,raw_state_verified,run.py:numpy-batch
SI-pHiSD,3.9810717055349695e-05,0.002,2000000,93,-0.5234375,1.246875,completed,0.06601892923817532,0.18404094174085145,9.99991029645498e-07,-1005.1363683317801,762.7328998784296,295369,success_index1,S_L,gradient_tolerance,,raw_state_verified,run.py:numpy-batch
SI-pHiSD,3.9810717055349695e-05,0.002,2000000,362,-0.7015625000000001,1.415625,completed,0.06601892895046925,0.1840409417528267,9.999558244373354e-07,-1005.1363684113793,762.7328994926221,295392,success_index1,S_L,gradient_tolerance,,raw_state_verified,run.py:numpy-batch
SI-pHiSD,3.9810717055349695e-05,0.002,2000000,94,-0.5140625000000001,1.246875,completed,0.06601892923242021,0.18404094174180266,9.9995110622677e-07,-1005.1363683362677,762.7328998700885,295489,success_index1,S_L,gradient_tolerance,,raw_state_verified,run.py:numpy-batch
SI-pHiSD,3.9810717055349695e-05,0.002,2000000,463,-0.6546875000000001,1.4718749999999998,completed,0.0660189289605695,0.18404094175359204,9.999321102422277e-07,-1005.1363684134092,762.7328995051266,295633,success_index1,S_L,gradient_tolerance,,raw_state_verified,run.py:numpy-batch
SI-pHiSD,3.9810717055349695e-05,0.002,2000000,59,-0.5421875,1.228125,completed,0.06601892923785489,0.18404094174087313,9.999621125326293e-07,-1005.1363683319028,762.7328998779926,295688,success_index1,S_L,gradient_tolerance,,raw_state_verified,run.py:numpy-batch
SI-pHiSD,3.9810717055349695e-05,0.002,2000000,25,-0.5609375000000001,1.2093749999999999,completed,0.06601892923770747,0.18404094174093427,9.999912615030803e-07,-1005.1363683321673,762.7328998777468,296012,success_index1,S_L,gradient_tolerance,,raw_state_verified,run.py:numpy-batch
SI-pHiSD,3.9810717055349695e-05,0.002,2000000,328,-0.7203125,1.3968749999999999,completed,0.06601892894607891,0.18404094175249605,9.999910790359406e-07,-1005.1363684105053,762.7328994871849,296187,success_index1,S_L,gradient_tolerance,,raw_state_verified,run.py:numpy-batch
SI-pHiSD,3.9810717055349695e-05,0.002,2000000,429,-0.6734375,1.453125,completed,0.06601892895508547,0.18404094175317878,9.99937767461143e-07,-1005.1363684123163,762.732899498335,296790,success_index1,S_L,gradient_tolerance,,raw_state_verified,run.py:numpy-batch
SI-pHiSD,3.9810717055349695e-05,0.002,2000000,294,-0.7390625000000001,1.378125,completed,0.06601892894217645,0.1840409417521595,9.999958812415983e-07,-1005.1363684095545,762.7328994823893,296915,success_index1,S_L,gradient_tolerance,,raw_state_verified,run.py:numpy-batch
SI-pHiSD,3.9810717055349695e-05,0.002,2000000,260,-0.7578125,1.359375,completed,0.06601892893867185,0.18404094175177238,9.999332613469212e-07,-1005.1363684083556,762.7328994781569,297559,success_index1,S_L,gradient_tolerance,,raw_state_verified,run.py:numpy-batch
SI-pHiSD,3.9810717055349695e-05,0.002,2000000,496,-0.6453125000000001,1.4906249999999999,completed,0.06601892895959686,0.18404094175358204,9.999882938460442e-07,-1005.1363684134726,762.7328995038667,297711,success_index1,S_L,gradient_tolerance,,raw_state_verified,run.py:numpy-batch
SI-pHiSD,3.9810717055349695e-05,0.002,2000000,395,-0.6921875000000001,1.434375,completed,0.06601892895034821,0.18404094175280694,9.999469740721802e-07,-1005.1363684113119,762.7328994924814,297934,success_index1,S_L,gradient_tolerance,,raw_state_verified,run.py:numpy-batch
SI-pHiSD,3.9810717055349695e-05,0.002,2000000,226,-0.7765625,1.340625,completed,0.06601892893556319,0.18404094175153873,9.999839606855285e-07,-1005.1363684077387,762.7328994743065,298101,success_index1,S_L,gradient_tolerance,,raw_state_verified,run.py:numpy-batch
SI-pHiSD,3.9810717055349695e-05,0.002,2000000,192,-0.7953125000000001,1.321875,completed,0.0660189289326671,0.1840409417512561,9.999789751642012e-07,-1005.1363684068996,762.7328994707763,298528,success_index1,S_L,gradient_tolerance,,raw_state_verified,run.py:numpy-batch
SI-pHiSD,3.9810717055349695e-05,0.002,2000000,361,-0.7109375,1.415625,completed,0.066018928946226,0.18404094175246757,9.999541019607918e-07,-1005.1363684103735,762.7328994874017,299042,success_index1,S_L,gradient_tolerance,,raw_state_verified,run.py:numpy-batch
SI-pHiSD,3.9810717055349695e-05,0.002,2000000,462,-0.6640625,1.4718749999999998,completed,0.06601892895413046,0.184040941753172,9.999995389536606e-07,-1005.1363684123914,762.7328994970952,299250,success_index1,S_L,gradient_tolerance,,raw_state_verified,run.py:numpy-batch
SI-pHiSD,3.9810717055349695e-05,0.002,2000000,327,-0.7296875,1.3968749999999999,completed,0.06601892894265861,0.1840409417521251,9.999263789779331e-07,-1005.1363684093627,762.7328994830483,300089,success_index1,S_L,gradient_tolerance,,raw_state_verified,run.py:numpy-batch
SI-pHiSD,3.9810717055349695e-05,0.002,2000000,428,-0.6828125,1.453125,completed,0.06601892894940367,0.1840409417527554,9.999710865325052e-07,-1005.1363684112031,762.7328994912946,300828,success_index1,S_L,gradient_tolerance,,raw_state_verified,run.py:numpy-batch
SI-pHiSD,3.9810717055349695e-05,0.002,2000000,293,-0.7484375000000001,1.378125,completed,0.06601892893967315,0.1840409417518578,9.999276235303981e-07,-1005.1363684085959,762.7328994793882,301047,success_index1,S_L,gradient_tolerance,,raw_state_verified,run.py:numpy-batch
SI-pHiSD,3.9810717055349695e-05,0.002,2000000,259,-0.7671875,1.359375,completed,0.06601892893704576,0.1840409417516589,9.999667672493826e-07,-1005.1363684080683,762.7328994761353,301884,success_index1,S_L,gradient_tolerance,,raw_state_verified,run.py:numpy-batch
SI-pHiSD,3.9810717055349695e-05,0.002,2000000,495,-0.6546875000000001,1.4906249999999999,completed,0.06601892895261137,0.18404094175297886,9.999353541408341e-07,-1005.1363684117684,762.7328994952833,301943,success_index1,S_L,gradient_tolerance,,raw_state_verified,run.py:numpy-batch
SI-pHiSD,3.9810717055349695e-05,0.002,2000000,394,-0.7015625000000001,1.434375,completed,0.06601892894548603,0.1840409417523874,9.999393734018006e-07,-1005.1363684101269,762.7328994865065,302423,success_index1,S_L,gradient_tolerance,,raw_state_verified,run.py:numpy-batch
SI-pHiSD,3.9810717055349695e-05,0.002,2000000,225,-0.7859375000000001,1.340625,completed,0.06601892893476599,0.18404094175140756,9.999339377904991e-07,-1005.136368407291,762.7328994733813,302574,success_index1,S_L,gradient_tolerance,,raw_state_verified,run.py:numpy-batch
SI-pHiSD,3.9810717055349695e-05,0.002,2000000,360,-0.7203125,1.415625,completed,0.06601892894226459,0.18404094175214267,9.99973700784223e-07,-1005.1363684094767,762.7328994825187,304001,success_index1,S_L,gradient_tolerance,,raw_state_verified,run.py:numpy-batch
SI-pHiSD,3.9810717055349695e-05,0.002,2000000,461,-0.6734375,1.4718749999999998,completed,0.06601892894787321,0.18404094175257457,9.999240359528703e-07,-1005.1363684106319,762.7328994894567,304174,success_index1,S_L,gradient_tolerance,,raw_state_verified,run.py:numpy-batch
SI-pHiSD,3.9810717055349695e-05,0.002,2000000,326,-0.7390625000000001,1.3968749999999999,completed,0.06601892893962172,0.18404094175191707,9.99985193082032e-07,-1005.1363684088425,762.7328994792691,305520,success_index1,S_L,gradient_tolerance,,raw_state_verified,run.py:numpy-batch
SI-pHiSD,3.9810717055349695e-05,0.002,2000000,427,-0.6921875000000001,1.453125,completed,0.06601892894400314,0.18404094175228516,9.999636298191283e-07,-1005.1363684098698,762.7328994846617,306573,success_index1,S_L,gradient_tolerance,,raw_state_verified,run.py:numpy-batch
SI-pHiSD,3.9810717055349695e-05,0.002,2000000,292,-0.7578125,1.378125,completed,0.0660189289375105,0.18404094175170554,9.999697874134164e-07,-1005.1363684082081,762.7328994767008,306927,success_index1,S_L,gradient_tolerance,,raw_state_verified,run.py:numpy-batch
SI-pHiSD,3.9810717055349695e-05,0.002,2000000,494,-0.6640625,1.4906249999999999,completed,0.0660189289458411,0.18404094175244048,9.999595224673884e-07,-1005.1363684103045,762.7328994869234,308104,success_index1,S_L,gradient_tolerance,,raw_state_verified,run.py:numpy-batch
SI-pHiSD,3.9810717055349695e-05,0.002,2000000,258,-0.7765625,1.359375,completed,0.0660189289358042,0.18404094175150984,9.999374876585644e-07,-1005.1363684075952,762.732899474646,308159,success_index1,S_L,gradient_tolerance,,raw_state_verified,run.py:numpy-batch
SI-pHiSD,3.9810717055349695e-05,0.002,2000000,393,-0.7109375,1.434375,completed,0.0660189289409945,0.1840409417520239,9.999692772105178e-07,-1005.1363684091297,762.7328994809664,309138,success_index1,S_L,gradient_tolerance,,raw_state_verified,run.py:numpy-batch
SI-pHiSD,3.9810717055349695e-05,0.002,2000000,224,-0.7953125000000001,1.340625,completed,0.06601892893440452,0.18404094175142754,9.999829456919472e-07,-1005.1363684074107,762.7328994728924,309149,success_index1,S_L,gradient_tolerance,,raw_state_verified,run.py:numpy-batch
SI-pHiSD,3.9810717055349695e-05,0.002,2000000,359,-0.7296875,1.415625,completed,0.06601892893866002,0.18404094175180455,9.999632137650887e-07,-1005.136368408488,762.7328994781132,311847,success_index1,S_L,gradient_tolerance,,raw_state_verified,run.py:numpy-batch
SI-pHiSD,3.9810717055349695e-05,0.002,2000000,460,-0.6828125,1.4718749999999998,completed,0.06601892894183298,0.18404094175210245,9.99972191223418e-07,-1005.1363684093595,762.732899481991,311968,success_index1,S_L,gradient_tolerance,,raw_state_verified,run.py:numpy-batch
SI-pHiSD,3.9810717055349695e-05,0.002,2000000,325,-0.7484375000000001,1.3968749999999999,completed,0.06601892893694694,0.18404094175163713,9.999555196368494e-07,-1005.1363684079905,762.7328994760251,314651,success_index1,S_L,gradient_tolerance,,raw_state_verified,run.py:numpy-batch
SI-pHiSD,3.9810717055349695e-05,0.002,2000000,426,-0.7015625000000001,1.453125,completed,0.06601892893883526,0.18404094175177763,9.999244566671836e-07,-1005.1363684083597,762.7328994783655,316763,success_index1,S_L,gradient_tolerance,,raw_state_verified,run.py:numpy-batch
SI-pHiSD,3.9810717055349695e-05,0.002,2000000,291,-0.7671875,1.378125,completed,0.06601892893577056,0.18404094175149469,9.999266857783882e-07,-1005.136368407537,762.7328994746158,317451,success_index1,S_L,gradient_tolerance,,raw_state_verified,run.py:numpy-batch
SI-pHiSD,3.9810717055349695e-05,0.002,2000000,493,-0.6734375,1.4906249999999999,completed,0.06601892893917143,0.18404094175181324,9.999287745813032e-07,-1005.1363684084683,762.7328994787729,319803,success_index1,S_L,gradient_tolerance,,raw_state_verified,run.py:numpy-batch
SI-pHiSD,3.9810717055349695e-05,0.002,2000000,257,-0.7859375000000001,1.359375,completed,0.06601892893499538,0.18404094175149555,9.999935285904597e-07,-1005.136368407624,762.7328994736034,320069,success_index1,S_L,gradient_tolerance,,raw_state_verified,run.py:numpy-batch
SI-pHiSD,3.9810717055349695e-05,0.002,2000000,392,-0.7203125,1.434375,completed,0.06601892893673214,0.18404094175165597,9.999905093741996e-07,-1005.1363684080899,762.7328994757287,323162,success_index1,S_L,gradient_tolerance,,raw_state_verified,run.py:numpy-batch
SI-pHiSD,3.9810717055349695e-05,0.002,2000000,459,-0.6921875000000001,1.4718749999999998,completed,0.06601892893605539,0.18404094175153007,9.999343428388892e-07,-1005.1363684076508,762.7328994749563,333144,success_index1,S_L,gradient_tolerance,,raw_state_verified,run.py:numpy-batch
SI-pHiSD,3.9810717055349695e-05,0.002,2000000,358,-0.7390625000000001,1.415625,completed,0.0660189289353757,0.18404094175146005,9.999290737725394e-07,-1005.1363684074388,762.7328994741308,333260,success_index1,S_L,gradient_tolerance,,raw_state_verified,run.py:numpy-batch
SI-pHiSD,3.9810717055349695e-05,0.002,2000000,416,-0.7953125000000001,1.453125,completed,-2.628045764326712,1.7869725727162342,9.99996334459325e-07,-3153.363700918416,238.0743180057052,346692,success_index1,S_H,gradient_tolerance,,raw_state_verified,run.py:numpy-batch
SI-pHiSD,3.9810717055349695e-05,0.002,2000000,448,-0.7953125000000001,1.4718749999999998,completed,-2.628045764326722,1.7869725727162282,9.999932658110573e-07,-3153.3637009184117,238.07431800571695,346747,success_index1,S_H,gradient_tolerance,,raw_state_verified,run.py:numpy-batch
SI-pHiSD,3.9810717055349695e-05,0.002,2000000,449,-0.7859375000000001,1.4718749999999998,completed,-2.628045764326753,1.7869725727162016,9.99991014505034e-07,-3153.3637009183994,238.07431800574784,347335,success_index1,S_H,gradient_tolerance,,raw_state_verified,run.py:numpy-batch
SI-pHiSD,3.9810717055349695e-05,0.002,2000000,417,-0.7859375000000001,1.453125,completed,-2.6280457643269153,1.7869725727161125,9.999375466383524e-07,-3153.3637009183353,238.0743180059383,347761,success_index1,S_H,gradient_tolerance,,raw_state_verified,run.py:numpy-batch
SI-pHiSD,3.9810717055349695e-05,0.002,2000000,450,-0.7765625,1.4718749999999998,completed,-2.6280457643267043,1.786972572716238,9.999991147279466e-07,-3153.3637009184185,238.07431800569637,348055,success_index1,S_H,gradient_tolerance,,raw_state_verified,run.py:numpy-batch
SI-pHiSD,3.9810717055349695e-05,0.002,2000000,384,-0.7953125000000001,1.434375,completed,-2.6280457643267674,1.7869725727161916,9.999880990290076e-07,-3153.363700918394,238.07431800576347,348220,success_index1,S_H,gradient_tolerance,,raw_state_verified,run.py:numpy-batch
SI-pHiSD,3.9810717055349695e-05,0.002,2000000,451,-0.7671875,1.4718749999999998,completed,-2.6280457643268558,1.786972572716142,9.999596224049788e-07,-3153.3637009183585,238.0743180058672,348976,success_index1,S_H,gradient_tolerance,,raw_state_verified,run.py:numpy-batch
SI-pHiSD,3.9810717055349695e-05,0.002,2000000,418,-0.7765625,1.453125,completed,-2.628045764326825,1.7869725727161583,9.999703472886693e-07,-3153.3637009183703,238.0743180058302,349018,success_index1,S_H,gradient_tolerance,,raw_state_verified,run.py:numpy-batch
SI-pHiSD,3.9810717055349695e-05,0.002,2000000,385,-0.7859375000000001,1.434375,completed,-2.6280457643267545,1.786972572716199,9.999920766977902e-07,-3153.363700918398,238.0743180057488,349695,success_index1,S_H,gradient_tolerance,,raw_state_verified,run.py:numpy-batch
SI-pHiSD,3.9810717055349695e-05,0.002,2000000,483,-0.7671875,1.4906249999999999,completed,-2.628045764326763,1.7869725727162,9.999847357266253e-07,-3153.363700918396,238.0743180057613,349829,success_index1,S_H,gradient_tolerance,,raw_state_verified,run.py:numpy-batch
SI-pHiSD,3.9810717055349695e-05,0.002,2000000,484,-0.7578125,1.4906249999999999,completed,-2.628045764326712,1.78697257271623,9.999999445486336e-07,-3153.3637009184154,238.07431800570254,349991,success_index1,S_H,gradient_tolerance,,raw_state_verified,run.py:numpy-batch
SI-pHiSD,3.9810717055349695e-05,0.002,2000000,452,-0.7578125,1.4718749999999998,completed,-2.628045764326906,1.7869725727161188,9.99939652628508e-07,-3153.3637009183403,238.07431800592778,350148,success_index1,S_H,gradient_tolerance,,raw_state_verified,run.py:numpy-batch
SI-pHiSD,3.9810717055349695e-05,0.002,2000000,419,-0.7671875,1.453125,completed,-2.6280457643269206,1.7869725727161079,9.999372521678402e-07,-3153.363700918334,238.0743180059433,350526,success_index1,S_H,gradient_tolerance,,raw_state_verified,run.py:numpy-batch
SI-pHiSD,3.9810717055349695e-05,0.002,2000000,485,-0.7484375000000001,1.4906249999999999,completed,-2.6280457643267554,1.7869725727162005,9.999902513215513e-07,-3153.363700918398,238.074318005751,350642,success_index1,S_H,gradient_tolerance,,raw_state_verified,run.py:numpy-batch
SI-pHiSD,3.9810717055349695e-05,0.002,2000000,352,-0.7953125000000001,1.415625,completed,-2.628045764326774,1.786972572716184,9.999890867962895e-07,-3153.3637009183904,238.07431800576921,350839,success_index1,S_H,gradient_tolerance,,raw_state_verified,run.py:numpy-batch
SI-pHiSD,3.9810717055349695e-05,0.002,2000000,482,-0.7765625,1.4906249999999999,completed,-2.6280457643267745,1.7869725727161796,9.99992303269342e-07,-3153.3637009183904,238.07431800576808,350992,success_index1,S_H,gradient_tolerance,,raw_state_verified,run.py:numpy-batch
SI-pHiSD,3.9810717055349695e-05,0.002,2000000,386,-0.7765625,1.434375,completed,-2.628045764326736,1.7869725727162167,9.999921021701866e-07,-3153.3637009184063,238.074318005731,351479,success_index1,S_H,gradient_tolerance,,raw_state_verified,run.py:numpy-batch
SI-pHiSD,3.9810717055349695e-05,0.002,2000000,486,-0.7390625000000001,1.4906249999999999,completed,-2.628045764326877,1.7869725727161316,9.999516208890128e-07,-3153.3637009183494,238.07431800589228,351591,success_index1,S_H,gradient_tolerance,,raw_state_verified,run.py:numpy-batch
SI-pHiSD,3.9810717055349695e-05,0.002,2000000,453,-0.7484375000000001,1.4718749999999998,completed,-2.628045764326751,1.786972572716203,9.999914618144912e-07,-3153.3637009183994,238.07431800574597,351641,success_index1,S_H,gradient_tolerance,,raw_state_verified,run.py:numpy-batch
SI-pHiSD,3.9810717055349695e-05,0.002,2000000,420,-0.7578125,1.453125,completed,-2.6280457643268424,1.786972572716148,9.999653362359993e-07,-3153.3637009183635,238.07431800585042,352381,success_index1,S_H,gradient_tolerance,,raw_state_verified,run.py:numpy-batch
SI-pHiSD,3.9810717055349695e-05,0.002,2000000,353,-0.7859375000000001,1.415625,completed,-2.6280457643267403,1.786972572716213,9.999916283979379e-07,-3153.363700918404,238.07431800573556,352944,success_index1,S_H,gradient_tolerance,,raw_state_verified,run.py:numpy-batch
SI-pHiSD,3.9810717055349695e-05,0.002,2000000,487,-0.7296875,1.4906249999999999,completed,-2.6280457643268114,1.7869725727161654,9.99975260540029e-07,-3153.3637009183763,238.07431800581395,353029,success_index1,S_H,gradient_tolerance,,raw_state_verified,run.py:numpy-batch
SI-pHiSD,3.9810717055349695e-05,0.002,2000000,454,-0.7390625000000001,1.4718749999999998,completed,-2.6280457643267328,1.7869725727162193,9.999922811648716e-07,-3153.363700918408,238.07431800572772,353566,success_index1,S_H,gradient_tolerance,,raw_state_verified,run.py:numpy-batch
SI-pHiSD,3.9810717055349695e-05,0.002,2000000,387,-0.7671875,1.434375,completed,-2.628045764326773,1.7869725727161851,9.999887179296456e-07,-3153.3637009183904,238.07431800576884,353699,success_index1,S_H,gradient_tolerance,,raw_state_verified,run.py:numpy-batch
SI-pHiSD,3.9810717055349695e-05,0.002,2000000,421,-0.7484375000000001,1.453125,completed,-2.6280457643269415,1.7869725727160952,9.999314825728833e-07,-3153.363700918326,238.0743180059673,354740,success_index1,S_H,gradient_tolerance,,raw_state_verified,run.py:numpy-batch
SI-pHiSD,3.9810717055349695e-05,0.002,2000000,320,-0.7953125000000001,1.3968749999999999,completed,-2.628045764326754,1.7869725727162018,9.999899757648503e-07,-3153.3637009183994,238.07431800575006,354980,success_index1,S_H,gradient_tolerance,,raw_state_verified,run.py:numpy-batch
SI-pHiSD,3.9810717055349695e-05,0.002,2000000,488,-0.7203125,1.4906249999999999,completed,-2.6280457643267536,1.7869725727162016,9.999906086223792e-07,-3153.3637009183994,238.07431800574867,355057,success_index1,S_H,gradient_tolerance,,raw_state_verified,run.py:numpy-batch
SI-pHiSD,3.9810717055349695e-05,0.002,2000000,354,-0.7765625,1.415625,completed,-2.628045764326902,1.7869725727161208,9.999413634904615e-07,-3153.3637009183412,238.07431800592295,355634,success_index1,S_H,gradient_tolerance,,raw_state_verified,run.py:numpy-batch
SI-pHiSD,3.9810717055349695e-05,0.002,2000000,455,-0.7296875,1.4718749999999998,completed,-2.628045764326821,1.786972572716161,9.999711672797022e-07,-3153.363700918372,238.07431800582594,356110,success_index1,S_H,gradient_tolerance,,raw_state_verified,run.py:numpy-batch
SI-pHiSD,3.9810717055349695e-05,0.002,2000000,388,-0.7578125,1.434375,completed,-2.6280457643267736,1.7869725727161854,9.999883564115795e-07,-3153.3637009183904,238.07431800576944,356582,success_index1,S_H,gradient_tolerance,,raw_state_verified,run.py:numpy-batch
SI-pHiSD,3.9810717055349695e-05,0.002,2000000,422,-0.7390625000000001,1.453125,completed,-2.6280457643267674,1.7869725727161916,9.999880990290076e-07,-3153.363700918394,238.07431800576347,357884,success_index1,S_H,gradient_tolerance,,raw_state_verified,run.py:numpy-batch
SI-pHiSD,3.9810717055349695e-05,0.002,2000000,489,-0.7109375,1.4906249999999999,completed,-2.628045764326758,1.786972572716199,9.99989371000587e-07,-3153.3637009183967,238.07431800575395,357887,success_index1,S_H,gradient_tolerance,,raw_state_verified,run.py:numpy-batch
SI-pHiSD,3.9810717055349695e-05,0.002,2000000,321,-0.7859375000000001,1.3968749999999999,completed,-2.62804576432693,1.7869725727161074,9.99930479940416e-07,-3153.3637009183312,238.07431800595648,358363,success_index1,S_H,gradient_tolerance,,raw_state_verified,run.py:numpy-batch
SI-pHiSD,3.9810717055349695e-05,0.002,2000000,355,-0.7671875,1.415625,completed,-2.628045764326826,1.7869725727161578,9.999701408039254e-07,-3153.3637009183713,238.0743180058311,359274,success_index1,S_H,gradient_tolerance,,raw_state_verified,run.py:numpy-batch
SI-pHiSD,3.9810717055349695e-05,0.002,2000000,456,-0.7203125,1.4718749999999998,completed,-2.6280457643267563,1.7869725727162027,9.999875465314076e-07,-3153.3637009183976,238.07431800575364,359637,success_index1,S_H,gradient_tolerance,,raw_state_verified,run.py:numpy-batch
SI-pHiSD,3.9810717055349695e-05,0.002,2000000,389,-0.7484375000000001,1.434375,completed,-2.6280457643267083,1.7869725727162367,9.999971612285766e-07,-3153.3637009184176,238.07431800570131,360585,success_index1,S_H,gradient_tolerance,,raw_state_verified,run.py:numpy-batch
SI-pHiSD,3.9810717055349695e-05,0.002,2000000,490,-0.7015625000000001,1.4906249999999999,completed,-2.6280457643269353,1.7869725727161037,9.999293088663154e-07,-3153.3637009183285,238.07431800596243,362022,success_index1,S_H,gradient_tolerance,,raw_state_verified,run.py:numpy-batch
SI-pHiSD,3.9810717055349695e-05,0.002,2000000,288,-0.7953125000000001,1.378125,completed,-2.6280457643267736,1.7869725727161847,9.99988921724917e-07,-3153.3637009183913,238.07431800576933,362323,success_index1,S_H,gradient_tolerance,,raw_state_verified,run.py:numpy-batch
SI-pHiSD,3.9810717055349695e-05,0.002,2000000,423,-0.7296875,1.453125,completed,-2.6280457643267683,1.78697257271619,9.99988765104352e-07,-3153.363700918393,238.0743180057642,362421,success_index1,S_H,gradient_tolerance,,raw_state_verified,run.py:numpy-batch
SI-pHiSD,3.9810717055349695e-05,0.002,2000000,322,-0.7765625,1.3968749999999999,completed,-2.6280457643269095,1.7869725727161156,9.999397294266746e-07,-3153.3637009183385,238.07431800593142,363278,success_index1,S_H,gradient_tolerance,,raw_state_verified,run.py:numpy-batch
SI-pHiSD,3.9810717055349695e-05,0.002,2000000,356,-0.7578125,1.415625,completed,-2.6280457643267408,1.7869725727162113,9.999926659740194e-07,-3153.363700918405,238.07431800573542,364736,success_index1,S_H,gradient_tolerance,,raw_state_verified,run.py:numpy-batch
SI-pHiSD,3.9810717055349695e-05,0.002,2000000,457,-0.7109375,1.4718749999999998,completed,-2.6280457643267705,1.786972572716187,9.999893485240638e-07,-3153.3637009183913,238.07431800576563,365020,success_index1,S_H,gradient_tolerance,,raw_state_verified,run.py:numpy-batch
SI-pHiSD,3.9810717055349695e-05,0.002,2000000,390,-0.7390625000000001,1.434375,completed,-2.6280457643268447,1.7869725727161467,9.999645717899138e-07,-3153.363700918363,238.07431800585266,366892,success_index1,S_H,gradient_tolerance,,raw_state_verified,run.py:numpy-batch
SI-pHiSD,3.9810717055349695e-05,0.002,2000000,491,-0.6921875000000001,1.4906249999999999,completed,-2.6280457643268273,1.7869725727161576,9.999692315170861e-07,-3153.3637009183694,238.07431800583313,368899,success_index1,S_H,gradient_tolerance,,raw_state_verified,run.py:numpy-batch
SI-pHiSD,3.9810717055349695e-05,0.002,2000000,289,-0.7859375000000001,1.378125,completed,-2.628045764326713,1.7869725727162327,9.999966287849143e-07,-3153.3637009184154,238.07431800570612,369936,success_index1,S_H,gradient_tolerance,,raw_state_verified,run.py:numpy-batch
SI-pHiSD,3.9810717055349695e-05,0.002,2000000,424,-0.7203125,1.453125,completed,-2.628045764326702,1.7869725727162398,9.999995750555692e-07,-3153.3637009184195,238.0743180056941,370143,success_index1,S_H,gradient_tolerance,,raw_state_verified,run.py:numpy-batch
SI-pHiSD,3.9810717055349695e-05,0.002,2000000,323,-0.7671875,1.3968749999999999,completed,-2.628045764326855,1.7869725727161425,9.99960119556321e-07,-3153.363700918358,238.07431800586582,371947,success_index1,S_H,gradient_tolerance,,raw_state_verified,run.py:numpy-batch
SI-pHiSD,3.9810717055349695e-05,0.002,2000000,357,-0.7484375000000001,1.415625,completed,-2.6280457643267336,1.7869725727162151,9.999950709442923e-07,-3153.3637009184067,238.07431800572695,375240,success_index1,S_H,gradient_tolerance,,raw_state_verified,run.py:numpy-batch
SI-pHiSD,3.9810717055349695e-05,0.002,2000000,458,-0.7015625000000001,1.4718749999999998,completed,-2.628045764326717,1.7869725727162307,9.99995157291291e-07,-3153.363700918414,238.07431800571098,375504,success_index1,S_H,gradient_tolerance,,raw_state_verified,run.py:numpy-batch
SI-pHiSD,3.9810717055349695e-05,0.002,2000000,324,-0.7578125,1.3968749999999999,completed,0.06601892893466921,0.18404094175139835,9.999339286463026e-07,-1005.1363684072631,762.7328994732637,377555,success_index1,S_L,gradient_tolerance,,raw_state_verified,run.py:numpy-batch
SI-pHiSD,3.9810717055349695e-05,0.002,2000000,391,-0.7296875,1.434375,completed,-2.628045764326749,1.7869725727162047,9.999915874527355e-07,-3153.3637009184004,238.07431800574386,381114,success_index1,S_H,gradient_tolerance,,raw_state_verified,run.py:numpy-batch
SI-pHiSD,3.9810717055349695e-05,0.002,2000000,256,-0.7953125000000001,1.359375,completed,-2.6280457643268633,1.7869725727161365,9.999584815539301e-07,-3153.3637009183562,238.0743180058748,386828,success_index1,S_H,gradient_tolerance,,raw_state_verified,run.py:numpy-batch
SI-pHiSD,3.9810717055349695e-05,0.002,2000000,492,-0.6828125,1.4906249999999999,completed,-2.62804576432693,1.7869725727161003,9.99936255713894e-07,-3153.3637009183303,238.07431800595316,387252,success_index1,S_H,gradient_tolerance,,raw_state_verified,run.py:numpy-batch
SI-pHiSD,3.9810717055349695e-05,0.002,2000000,290,-0.7765625,1.378125,completed,-2.628045764326736,1.7869725727162138,9.999945689240803e-07,-3153.3637009184067,238.07431800572934,394051,success_index1,S_H,gradient_tolerance,,raw_state_verified,run.py:numpy-batch
SI-pHiSD,3.9810717055349695e-05,0.002,2000000,425,-0.7109375,1.453125,completed,-2.6280457643267563,1.7869725727162025,9.999878235237304e-07,-3153.3637009183976,238.07431800575318,396524,success_index1,S_H,gradient_tolerance,,raw_state_verified,run.py:numpy-batch
