method,eta,tau,budget,start_id,x0,y0,execution_status,raw_x,raw_y,grad_norm,lambda1,lambda2,n_outer_updates,terminal_category,endpoint,stop_reason,failure_reason,certification_reason,source
SI-pHiSD,6.309573444801929e-05,0.002,2000000,448,-0.7953125000000001,1.4718749999999998,completed,1.2206004556186019,4.848729432535726,21952336760.09501,2068556828.7616928,194557469691.6715,161104,state_safeguard,U,state_safeguard,source_norm2_gt_5,raw_state_verified,run.py:numpy-batch
SI-pHiSD,6.309573444801929e-05,0.002,2000000,416,-0.7953125000000001,1.453125,completed,1.2205996262646601,4.848727355033505,21951921036.405704,2068518632.861854,194553696322.8077,161492,state_safeguard,U,state_safeguard,source_norm2_gt_5,raw_state_verified,run.py:numpy-batch
SI-pHiSD,6.309573444801929e-05,0.002,2000000,449,-0.7859375000000001,1.4718749999999998,completed,1.2205979523923625,4.848725766386175,21951475930.2076,2068477828.0623162,194549653523.08548,161550,state_safeguard,U,state_safeguard,source_norm2_gt_5,raw_state_verified,run.py:numpy-batch
SI-pHiSD,6.309573444801929e-05,0.002,2000000,450,-0.7765625,1.4718749999999998,completed,1.2206083528430232,4.848734446035603,21954061498.462044,2068714779.6909058,194573140048.0548,162109,state_safeguard,U,state_safeguard,source_norm2_gt_5,raw_state_verified,run.py:numpy-batch
SI-pHiSD,6.309573444801929e-05,0.002,2000000,417,-0.7859375000000001,1.453125,completed,1.2206071211278156,4.848734279435967,21953885569.9712,2068698717.446088,194571540137.94028,162183,state_safeguard,U,state_safeguard,source_norm2_gt_5,raw_state_verified,run.py:numpy-batch
SI-pHiSD,6.309573444801929e-05,0.002,2000000,481,-0.7859375000000001,1.4906249999999999,completed,1.2205756215218426,4.848740661147748,21950996523.8753,2068436248.6774378,194545227650.96326,162218,state_safeguard,U,state_safeguard,source_norm2_gt_5,raw_state_verified,run.py:numpy-batch
SI-pHiSD,6.309573444801929e-05,0.002,2000000,482,-0.7765625,1.4906249999999999,completed,1.2205847556965053,4.84873607489139,21951420446.192944,2068474241.0448754,194549104314.057,162332,state_safeguard,U,state_safeguard,source_norm2_gt_5,raw_state_verified,run.py:numpy-batch
SI-pHiSD,6.309573444801929e-05,0.002,2000000,480,-0.7953125000000001,1.4906249999999999,completed,1.2205545705027452,4.848741091719888,21948486129.54823,2068207449.4171674,194522385906.58655,162353,state_safeguard,U,state_safeguard,source_norm2_gt_5,raw_state_verified,run.py:numpy-batch
SI-pHiSD,6.309573444801929e-05,0.002,2000000,483,-0.7671875,1.4906249999999999,completed,1.2205920798737337,4.848731502635929,21951625028.520485,2068492239.2543552,194550985330.96716,162569,state_safeguard,U,state_safeguard,source_norm2_gt_5,raw_state_verified,run.py:numpy-batch
SI-pHiSD,6.309573444801929e-05,0.002,2000000,384,-0.7953125000000001,1.434375,completed,1.2205982197547671,4.8487276216273925,21951789261.791542,2068506657.6878252,194552496268.83585,162570,state_safeguard,U,state_safeguard,source_norm2_gt_5,raw_state_verified,run.py:numpy-batch
SI-pHiSD,6.309573444801929e-05,0.002,2000000,451,-0.7671875,1.4718749999999998,completed,1.2205997218769504,4.84872654632455,21951810411.44125,2068508432.3307717,194552693323.8164,162789,state_safeguard,U,state_safeguard,source_norm2_gt_5,raw_state_verified,run.py:numpy-batch
SI-pHiSD,6.309573444801929e-05,0.002,2000000,484,-0.7578125,1.4906249999999999,completed,1.2205940786669383,4.848726744301965,21951149871.279804,2068448242.4703188,194546682778.39722,162998,state_safeguard,U,state_safeguard,source_norm2_gt_5,raw_state_verified,run.py:numpy-batch
SI-pHiSD,6.309573444801929e-05,0.002,2000000,418,-0.7765625,1.453125,completed,1.220597689282822,4.848726017023134,21951481647.206947,2068478385.0217693,194549704457.50214,163001,state_safeguard,U,state_safeguard,source_norm2_gt_5,raw_state_verified,run.py:numpy-batch
SI-pHiSD,6.309573444801929e-05,0.002,2000000,385,-0.7859375000000001,1.434375,completed,1.2205995020927132,4.848728675815297,21952105623.41891,2068535649.2166834,194555370034.0669,163511,state_safeguard,U,state_safeguard,source_norm2_gt_5,raw_state_verified,run.py:numpy-batch
SI-pHiSD,6.309573444801929e-05,0.002,2000000,485,-0.7484375000000001,1.4906249999999999,completed,1.2205973981244078,4.848726226892602,21951477765.92329,2068478061.1361182,194549668240.93018,163611,state_safeguard,U,state_safeguard,source_norm2_gt_5,raw_state_verified,run.py:numpy-batch
SI-pHiSD,6.309573444801929e-05,0.002,2000000,452,-0.7578125,1.4718749999999998,completed,1.2206021384433896,4.848728848822672,21952454380.42368,2068567468.2946403,194558542334.5904,163618,state_safeguard,U,state_safeguard,source_norm2_gt_5,raw_state_verified,run.py:numpy-batch
SI-pHiSD,6.309573444801929e-05,0.002,2000000,419,-0.7671875,1.453125,completed,1.2206003063574853,4.848728532131767,21952182300.1677,2068542618.93737,194556068270.00446,163985,state_safeguard,U,state_safeguard,source_norm2_gt_5,raw_state_verified,run.py:numpy-batch
SI-pHiSD,6.309573444801929e-05,0.002,2000000,352,-0.7953125000000001,1.415625,completed,1.2206059120265604,4.848734441669578,21953762153.322605,2068687489.3587415,194570416573.15094,164281,state_safeguard,U,state_safeguard,source_norm2_gt_5,raw_state_verified,run.py:numpy-batch
SI-pHiSD,6.309573444801929e-05,0.002,2000000,486,-0.7390625000000001,1.4906249999999999,completed,1.2206040867362984,4.848730718757836,21952975635.773037,2068615255.3249483,194563276743.88412,164424,state_safeguard,U,state_safeguard,source_norm2_gt_5,raw_state_verified,run.py:numpy-batch
SI-pHiSD,6.309573444801929e-05,0.002,2000000,453,-0.7484375000000001,1.4718749999999998,completed,1.220603926492086,4.848730791496275,21952967030.286133,2068614481.1889553,194563198136.39526,164638,state_safeguard,U,state_safeguard,source_norm2_gt_5,raw_state_verified,run.py:numpy-batch
SI-pHiSD,6.309573444801929e-05,0.002,2000000,386,-0.7765625,1.434375,completed,1.220605455928399,4.848733889881408,21953622871.117027,2068674712.9797053,194569151737.15552,164653,state_safeguard,U,state_safeguard,source_norm2_gt_5,raw_state_verified,run.py:numpy-batch
SI-pHiSD,6.309573444801929e-05,0.002,2000000,420,-0.7578125,1.453125,completed,1.220605960633339,4.8487337496752,21953663422.36698,2068678389.8120935,194569521283.35217,165192,state_safeguard,U,state_safeguard,source_norm2_gt_5,raw_state_verified,run.py:numpy-batch
SI-pHiSD,6.309573444801929e-05,0.002,2000000,487,-0.7296875,1.4906249999999999,completed,1.2206041468849693,4.848730533384078,21952954955.121227,2068613343.5205123,194563089386.54077,165480,state_safeguard,U,state_safeguard,source_norm2_gt_5,raw_state_verified,run.py:numpy-batch
SI-pHiSD,6.309573444801929e-05,0.002,2000000,353,-0.7859375000000001,1.415625,completed,1.22060619838244,4.848734515581119,21953808375.450554,2068691713.7350276,194570836791.5545,165618,state_safeguard,U,state_safeguard,source_norm2_gt_5,raw_state_verified,run.py:numpy-batch
SI-pHiSD,6.309573444801929e-05,0.002,2000000,454,-0.7390625000000001,1.4718749999999998,completed,1.2206013614181437,4.848728929161884,21952371454.178482,2068559919.801696,194557787512.417,165919,state_safeguard,U,state_safeguard,source_norm2_gt_5,raw_state_verified,run.py:numpy-batch
SI-pHiSD,6.309573444801929e-05,0.002,2000000,26,-0.5515625000000001,1.2093749999999999,completed,0.06601892864365483,0.18404094169048138,9.999005981425692e-07,-1005.1363681906499,762.7328991470472,165979,success_index1,S_L,gradient_tolerance,,raw_state_verified,run.py:numpy-batch
SI-pHiSD,6.309573444801929e-05,0.002,2000000,387,-0.7671875,1.434375,completed,1.2205983279324466,4.848727372982968,21951764888.858154,2068504400.2456222,194552275591.31915,166074,state_safeguard,U,state_safeguard,source_norm2_gt_5,raw_state_verified,run.py:numpy-batch
SI-pHiSD,6.309573444801929e-05,0.002,2000000,60,-0.5328125000000001,1.228125,completed,0.06601892865899768,0.18404094169539156,9.999583266783361e-07,-1005.1363682089808,762.7328991627566,166172,success_index1,S_L,gradient_tolerance,,raw_state_verified,run.py:numpy-batch
SI-pHiSD,6.309573444801929e-05,0.002,2000000,27,-0.5421875,1.2093749999999999,completed,0.06601892872152297,0.18404094171317203,9.99877376146728e-07,-1005.1363682746119,762.7328992287311,166292,success_index1,S_L,gradient_tolerance,,raw_state_verified,run.py:numpy-batch
SI-pHiSD,6.309573444801929e-05,0.002,2000000,61,-0.5234375,1.228125,completed,0.06601892874832974,0.1840409417199313,9.998968618743564e-07,-1005.1363682992355,762.7328992577743,166508,success_index1,S_L,gradient_tolerance,,raw_state_verified,run.py:numpy-batch
SI-pHiSD,6.309573444801929e-05,0.002,2000000,28,-0.5328125000000001,1.2093749999999999,completed,0.06601892877659206,0.1840409417264604,9.999197437720035e-07,-1005.1363683227665,762.7328992889179,166576,success_index1,S_L,gradient_tolerance,,raw_state_verified,run.py:numpy-batch
SI-pHiSD,6.309573444801929e-05,0.002,2000000,421,-0.7484375000000001,1.453125,completed,1.2206053311149454,4.848733293848371,21953517435.693485,2068665015.9173567,194568195035.67188,166718,state_safeguard,U,state_safeguard,source_norm2_gt_5,raw_state_verified,run.py:numpy-batch
SI-pHiSD,6.309573444801929e-05,0.002,2000000,95,-0.5046875000000001,1.246875,completed,0.06601892877500408,0.18404094172608546,9.998961825269844e-07,-1005.1363683214116,762.7328992871747,166728,success_index1,S_L,gradient_tolerance,,raw_state_verified,run.py:numpy-batch
SI-pHiSD,6.309573444801929e-05,0.002,2000000,29,-0.5234375,1.2093749999999999,completed,0.06601892880564109,0.18404094173258323,9.999930519695546e-07,-1005.13636834456,762.7328993214438,166746,success_index1,S_L,gradient_tolerance,,raw_state_verified,run.py:numpy-batch
SI-pHiSD,6.309573444801929e-05,0.002,2000000,62,-0.5140625000000001,1.228125,completed,0.06601892880967494,0.1840409417333152,9.999424200518468e-07,-1005.136368347105,762.7328993260642,166819,success_index1,S_L,gradient_tolerance,,raw_state_verified,run.py:numpy-batch
SI-pHiSD,6.309573444801929e-05,0.002,2000000,488,-0.7203125,1.4906249999999999,completed,1.2206070789112924,4.8487335870294155,21953775662.05133,2068688598.897103,194570543159.86682,166863,state_safeguard,U,state_safeguard,source_norm2_gt_5,raw_state_verified,run.py:numpy-batch
SI-pHiSD,6.309573444801929e-05,0.002,2000000,30,-0.5140625000000001,1.2093749999999999,completed,0.06601892882548333,0.18404094173630556,9.999661376692429e-07,-1005.1363683575759,762.7328993440639,166876,success_index1,S_L,gradient_tolerance,,raw_state_verified,run.py:numpy-batch
SI-pHiSD,6.309573444801929e-05,0.002,2000000,320,-0.7953125000000001,1.3968749999999999,completed,1.2206071086594261,4.848735005460764,21953993872.13942,2068708694.4049413,194572522361.86667,166929,state_safeguard,U,state_safeguard,source_norm2_gt_5,raw_state_verified,run.py:numpy-batch
SI-pHiSD,6.309573444801929e-05,0.002,2000000,31,-0.5046875000000001,1.2093749999999999,completed,0.06601892884235952,0.18404094173928204,9.999899860631641e-07,-1005.136368367874,762.7328993634695,166986,success_index1,S_L,gradient_tolerance,,raw_state_verified,run.py:numpy-batch
SI-pHiSD,6.309573444801929e-05,0.002,2000000,63,-0.5046875000000001,1.228125,completed,0.06601892884174068,0.18404094173917512,9.999875886861012e-07,-1005.1363683675054,762.7328993627559,167008,success_index1,S_L,gradient_tolerance,,raw_state_verified,run.py:numpy-batch
SI-pHiSD,6.309573444801929e-05,0.002,2000000,354,-0.7765625,1.415625,completed,1.220607002645404,4.848735039057898,21953985981.42215,2068707979.8454535,194572450426.00842,167328,state_safeguard,U,state_safeguard,source_norm2_gt_5,raw_state_verified,run.py:numpy-batch
SI-pHiSD,6.309573444801929e-05,0.002,2000000,455,-0.7296875,1.4718749999999998,completed,1.2206013928772106,4.848729360783046,21952440591.535225,2068566284.2996752,194558414675.58502,167583,state_safeguard,U,state_safeguard,source_norm2_gt_5,raw_state_verified,run.py:numpy-batch
SI-pHiSD,6.309573444801929e-05,0.002,2000000,388,-0.7578125,1.434375,completed,1.2206030915418968,4.848731487402184,21952970128.275967,2068614862.9384499,194563223324.39236,167918,state_safeguard,U,state_safeguard,source_norm2_gt_5,raw_state_verified,run.py:numpy-batch
SI-pHiSD,6.309573444801929e-05,0.002,2000000,489,-0.7109375,1.4906249999999999,completed,1.220601337959075,4.848729043915968,21952385941.61012,2068561256.9239979,194557918826.9953,168729,state_safeguard,U,state_safeguard,source_norm2_gt_5,raw_state_verified,run.py:numpy-batch
SI-pHiSD,6.309573444801929e-05,0.002,2000000,422,-0.7390625000000001,1.453125,completed,1.2206006400289229,4.848729122401998,21952312413.527283,2068554564.948,194557249518.82217,168741,state_safeguard,U,state_safeguard,source_norm2_gt_5,raw_state_verified,run.py:numpy-batch
SI-pHiSD,6.309573444801929e-05,0.002,2000000,321,-0.7859375000000001,1.3968749999999999,completed,1.2206042459545325,4.848732300761234,21953234423.767803,2068639073.4656498,194565624424.22522,169070,state_safeguard,U,state_safeguard,source_norm2_gt_5,raw_state_verified,run.py:numpy-batch
SI-pHiSD,6.309573444801929e-05,0.002,2000000,355,-0.7671875,1.415625,completed,1.2206035020841473,4.848731703054777,21953052985.54133,2068622447.3825877,194563976244.30127,169641,state_safeguard,U,state_safeguard,source_norm2_gt_5,raw_state_verified,run.py:numpy-batch
SI-pHiSD,6.309573444801929e-05,0.002,2000000,456,-0.7203125,1.4718749999999998,completed,1.2205999564755354,4.848728325687489,21952108261.544754,2068535839.7515528,194555395544.46747,169865,state_safeguard,U,state_safeguard,source_norm2_gt_5,raw_state_verified,run.py:numpy-batch
SI-pHiSD,6.309573444801929e-05,0.002,2000000,120,-0.5703125,1.265625,completed,0.06601892905676073,0.18404094175697466,9.99996070200142e-07,-1005.1363684168483,762.7328996276409,170333,success_index1,S_L,gradient_tolerance,,raw_state_verified,run.py:numpy-batch
SI-pHiSD,6.309573444801929e-05,0.002,2000000,154,-0.5515625000000001,1.284375,completed,0.06601892906820322,0.1840409417567319,9.998954775467944e-07,-1005.1363684146323,762.7328996427807,170334,success_index1,S_L,gradient_tolerance,,raw_state_verified,run.py:numpy-batch
SI-pHiSD,6.309573444801929e-05,0.002,2000000,155,-0.5421875,1.284375,completed,0.06601892908179968,0.18404094175653338,9.999848961076594e-07,-1005.1363684123655,762.7328996606911,170338,success_index1,S_L,gradient_tolerance,,raw_state_verified,run.py:numpy-batch
SI-pHiSD,6.309573444801929e-05,0.002,2000000,189,-0.5234375,1.3031249999999999,completed,0.06601892909263808,0.18404094175608404,9.999036217172595e-07,-1005.1363684093741,762.7328996752235,170339,success_index1,S_L,gradient_tolerance,,raw_state_verified,run.py:numpy-batch
SI-pHiSD,6.309573444801929e-05,0.002,2000000,188,-0.5328125000000001,1.3031249999999999,completed,0.0660189290800211,0.18404094175646543,9.998830461912878e-07,-1005.1363684122801,762.7328996584304,170345,success_index1,S_L,gradient_tolerance,,raw_state_verified,run.py:numpy-batch
SI-pHiSD,6.309573444801929e-05,0.002,2000000,86,-0.5890625,1.246875,completed,0.06601892904573865,0.18404094175686292,9.9988307692785e-07,-1005.1363684175765,762.732899613361,170346,success_index1,S_L,gradient_tolerance,,raw_state_verified,run.py:numpy-batch
SI-pHiSD,6.309573444801929e-05,0.002,2000000,121,-0.5609375000000001,1.265625,completed,0.06601892907129432,0.18404094175667718,9.9989494365705e-07,-1005.1363684140779,762.7328996468609,170350,success_index1,S_L,gradient_tolerance,,raw_state_verified,run.py:numpy-batch
SI-pHiSD,6.309573444801929e-05,0.002,2000000,223,-0.5046875000000001,1.321875,completed,0.06601892910390329,0.18404094175559316,9.998950665768365e-07,-1005.1363684061675,762.7328996903498,170351,success_index1,S_L,gradient_tolerance,,raw_state_verified,run.py:numpy-batch
SI-pHiSD,6.309573444801929e-05,0.002,2000000,119,-0.5796875,1.265625,completed,0.06601892904439623,0.18404094175693647,9.99952464354634e-07,-1005.13636841802,762.7328996115453,170364,success_index1,S_L,gradient_tolerance,,raw_state_verified,run.py:numpy-batch
SI-pHiSD,6.309573444801929e-05,0.002,2000000,222,-0.5140625000000001,1.321875,completed,0.06601892909217379,0.18404094175620395,9.999929606678224e-07,-1005.1363684099124,762.7328996745125,170365,success_index1,S_L,gradient_tolerance,,raw_state_verified,run.py:numpy-batch
SI-pHiSD,6.309573444801929e-05,0.002,2000000,85,-0.5984375000000001,1.246875,completed,0.06601892903250861,0.18404094175674235,9.99880266316871e-07,-1005.1363684185055,762.7328995962085,170367,success_index1,S_L,gradient_tolerance,,raw_state_verified,run.py:numpy-batch
SI-pHiSD,6.309573444801929e-05,0.002,2000000,52,-0.6078125000000001,1.228125,completed,0.06601892903528586,0.18404094175680466,9.999026459912402e-07,-1005.1363684184611,762.7328995997766,170371,success_index1,S_L,gradient_tolerance,,raw_state_verified,run.py:numpy-batch
SI-pHiSD,6.309573444801929e-05,0.002,2000000,153,-0.5609375000000001,1.284375,completed,0.06601892905661623,0.1840409417569256,9.999521317997122e-07,-1005.1363684166643,762.7328996274956,170372,success_index1,S_L,gradient_tolerance,,raw_state_verified,run.py:numpy-batch
SI-pHiSD,6.309573444801929e-05,0.002,2000000,87,-0.5796875,1.246875,completed,0.06601892906148836,0.18404094175692828,9.999896990671294e-07,-1005.1363684161521,762.7328996338488,170375,success_index1,S_L,gradient_tolerance,,raw_state_verified,run.py:numpy-batch
SI-pHiSD,6.309573444801929e-05,0.002,2000000,51,-0.6171875,1.228125,completed,0.06601892902099009,0.18404094175653007,9.998900488776196e-07,-1005.1363684188782,762.7328995813687,170380,success_index1,S_L,gradient_tolerance,,raw_state_verified,run.py:numpy-batch
SI-pHiSD,6.309573444801929e-05,0.002,2000000,190,-0.5140625000000001,1.3031249999999999,completed,0.0660189291077605,0.18404094175538482,9.998798635445177e-07,-1005.1363684049066,762.7328996955636,170385,success_index1,S_L,gradient_tolerance,,raw_state_verified,run.py:numpy-batch
SI-pHiSD,6.309573444801929e-05,0.002,2000000,187,-0.5421875,1.3031249999999999,completed,0.06601892906912503,0.1840409417567443,9.999197265088728e-07,-1005.1363684145842,762.7328996439719,170390,success_index1,S_L,gradient_tolerance,,raw_state_verified,run.py:numpy-batch
SI-pHiSD,6.309573444801929e-05,0.002,2000000,156,-0.5328125000000001,1.284375,completed,0.06601892909809044,0.18404094175585844,9.998975967043118e-07,-1005.136368407871,762.7328996825341,170399,success_index1,S_L,gradient_tolerance,,raw_state_verified,run.py:numpy-batch
SI-pHiSD,6.309573444801929e-05,0.002,2000000,17,-0.6359375,1.2093749999999999,completed,0.06601892901015079,0.18404094175627106,9.999373498663783e-07,-1005.1363684189878,762.732899567456,170407,success_index1,S_L,gradient_tolerance,,raw_state_verified,run.py:numpy-batch
SI-pHiSD,6.309573444801929e-05,0.002,2000000,18,-0.6265625,1.2093749999999999,completed,0.06601892902559674,0.18404094175666494,9.99918453496515e-07,-1005.1363684189328,762.7328995872596,170412,success_index1,S_L,gradient_tolerance,,raw_state_verified,run.py:numpy-batch
SI-pHiSD,6.309573444801929e-05,0.002,2000000,221,-0.5234375,1.321875,completed,0.06601892908177759,0.18404094175643074,9.99894623017806e-07,-1005.13636841195,762.7328996607524,170416,success_index1,S_L,gradient_tolerance,,raw_state_verified,run.py:numpy-batch
SI-pHiSD,6.309573444801929e-05,0.002,2000000,53,-0.5984375000000001,1.228125,completed,0.0660189290524535,0.18404094175691646,9.999282278226782e-07,-1005.1363684170738,762.7328996220733,170418,success_index1,S_L,gradient_tolerance,,raw_state_verified,run.py:numpy-batch
SI-pHiSD,6.309573444801929e-05,0.002,2000000,84,-0.6078125000000001,1.246875,completed,0.06601892902102342,0.18404094175654637,9.99903756124968e-07,-1005.1363684189413,762.7328995813975,170428,success_index1,S_L,gradient_tolerance,,raw_state_verified,run.py:numpy-batch
SI-pHiSD,6.309573444801929e-05,0.002,2000000,122,-0.5515625000000001,1.265625,completed,0.06601892908915503,0.18404094175631164,9.999923671594058e-07,-1005.1363684106741,762.7328996704805,170428,success_index1,S_L,gradient_tolerance,,raw_state_verified,run.py:numpy-batch
SI-pHiSD,6.309573444801929e-05,0.002,2000000,118,-0.5890625,1.265625,completed,0.06601892903361346,0.1840409417568696,9.999791008521774e-07,-1005.1363684189051,762.7328995975381,170432,success_index1,S_L,gradient_tolerance,,raw_state_verified,run.py:numpy-batch
SI-pHiSD,6.309573444801929e-05,0.002,2000000,50,-0.6265625,1.228125,completed,0.06601892900886659,0.18404094175620675,9.999188976814772e-07,-1005.1363684188641,762.7328995658373,170434,success_index1,S_L,gradient_tolerance,,raw_state_verified,run.py:numpy-batch
SI-pHiSD,6.309573444801929e-05,0.002,2000000,152,-0.5703125,1.284375,completed,0.06601892904644319,0.18404094175693822,9.999476907373624e-07,-1005.1363684178073,762.7328996142138,170446,success_index1,S_L,gradient_tolerance,,raw_state_verified,run.py:numpy-batch
SI-pHiSD,6.309573444801929e-05,0.002,2000000,255,-0.5046875000000001,1.340625,completed,0.06601892909459792,0.18404094175609212,9.999764532073975e-07,-1005.1363684091962,762.7328996777734,170449,success_index1,S_L,gradient_tolerance,,raw_state_verified,run.py:numpy-batch
SI-pHiSD,6.309573444801929e-05,0.002,2000000,16,-0.6453125000000001,1.2093749999999999,completed,0.06601892899712537,0.18404094175578437,9.999540503644435e-07,-1005.1363684184059,762.732899550891,170451,success_index1,S_L,gradient_tolerance,,raw_state_verified,run.py:numpy-batch
SI-pHiSD,6.309573444801929e-05,0.002,2000000,186,-0.5515625000000001,1.3031249999999999,completed,0.06601892905950824,0.1840409417568348,9.998910735825586e-07,-1005.1363684159849,762.7328996313474,170469,success_index1,S_L,gradient_tolerance,,raw_state_verified,run.py:numpy-batch
SI-pHiSD,6.309573444801929e-05,0.002,2000000,389,-0.7484375000000001,1.434375,completed,1.2206047886773612,4.848732836246463,21953381837.382885,2068652588.81997,194566963310.89868,170472,state_safeguard,U,state_safeguard,source_norm2_gt_5,raw_state_verified,run.py:numpy-batch
SI-pHiSD,6.309573444801929e-05,0.002,2000000,88,-0.5703125,1.246875,completed,0.0660189290808637,0.18404094175650748,9.999396032504174e-07,-1005.1363684123605,762.7328996594929,170474,success_index1,S_L,gradient_tolerance,,raw_state_verified,run.py:numpy-batch
SI-pHiSD,6.309573444801929e-05,0.002,2000000,19,-0.6171875,1.2093749999999999,completed,0.06601892904422897,0.18404094175686722,9.998920375627468e-07,-1005.1363684177562,762.7328996113878,170478,success_index1,S_L,gradient_tolerance,,raw_state_verified,run.py:numpy-batch
SI-pHiSD,6.309573444801929e-05,0.002,2000000,220,-0.5328125000000001,1.321875,completed,0.06601892907252496,0.18404094175665978,9.999006753917565e-07,-1005.1363684138753,762.7328996484813,170497,success_index1,S_L,gradient_tolerance,,raw_state_verified,run.py:numpy-batch
SI-pHiSD,6.309573444801929e-05,0.002,2000000,191,-0.5046875000000001,1.3031249999999999,completed,0.06601892912676534,0.18404094175433258,9.999526843711654e-07,-1005.1363683985858,762.7328997212778,170503,success_index1,S_L,gradient_tolerance,,raw_state_verified,run.py:numpy-batch
SI-pHiSD,6.309573444801929e-05,0.002,2000000,49,-0.6359375,1.228125,completed,0.0660189289981398,0.18404094175579302,9.999221646420953e-07,-1005.1363684183318,762.732899552207,170524,success_index1,S_L,gradient_tolerance,,raw_state_verified,run.py:numpy-batch
SI-pHiSD,6.309573444801929e-05,0.002,2000000,83,-0.6171875,1.246875,completed,0.06601892901093438,0.18404094175628982,9.999309434400563e-07,-1005.13636841898,762.732899568462,170524,success_index1,S_L,gradient_tolerance,,raw_state_verified,run.py:numpy-batch
SI-pHiSD,6.309573444801929e-05,0.002,2000000,254,-0.5140625000000001,1.340625,completed,0.06601892908570683,0.18404094175631933,9.998996505551686e-07,-1005.1363684110752,762.7328996659757,170533,success_index1,S_L,gradient_tolerance,,raw_state_verified,run.py:numpy-batch
SI-pHiSD,6.309573444801929e-05,0.002,2000000,15,-0.6546875000000001,1.2093749999999999,completed,0.06601892898566065,0.1840409417551405,9.998805138144055e-07,-1005.1363684170166,762.7328995364999,170534,success_index1,S_L,gradient_tolerance,,raw_state_verified,run.py:numpy-batch
SI-pHiSD,6.309573444801929e-05,0.002,2000000,117,-0.5984375000000001,1.265625,completed,0.06601892902404198,0.18404094175658778,9.998790267303335e-07,-1005.1363684187853,762.7328995852995,170534,success_index1,S_L,gradient_tolerance,,raw_state_verified,run.py:numpy-batch
SI-pHiSD,6.309573444801929e-05,0.002,2000000,54,-0.5890625,1.228125,completed,0.0660189290735142,0.18404094175671637,9.999679111796628e-07,-1005.1363684139993,762.7328996497225,170538,success_index1,S_L,gradient_tolerance,,raw_state_verified,run.py:numpy-batch
SI-pHiSD,6.309573444801929e-05,0.002,2000000,157,-0.5234375,1.284375,completed,0.0660189291188487,0.1840409417548621,9.999668680014256e-07,-1005.1363684015896,762.7328997104863,170540,success_index1,S_L,gradient_tolerance,,raw_state_verified,run.py:numpy-batch
SI-pHiSD,6.309573444801929e-05,0.002,2000000,151,-0.5796875,1.284375,completed,0.06601892903725377,0.18404094175685431,9.999268604567496e-07,-1005.1363684184525,762.7328996022998,170550,success_index1,S_L,gradient_tolerance,,raw_state_verified,run.py:numpy-batch
SI-pHiSD,6.309573444801929e-05,0.002,2000000,185,-0.5609375000000001,1.3031249999999999,completed,0.06601892905064577,0.18404094175694363,9.9994941180027e-07,-1005.1363684173784,762.7328996196914,170574,success_index1,S_L,gradient_tolerance,,raw_state_verified,run.py:numpy-batch
SI-pHiSD,6.309573444801929e-05,0.002,2000000,123,-0.5421875,1.265625,completed,0.06601892911174603,0.1840409417552553,9.999506853545221e-07,-1005.1363684039518,762.7328997008761,170595,success_index1,S_L,gradient_tolerance,,raw_state_verified,run.py:numpy-batch
SI-pHiSD,6.309573444801929e-05,0.002,2000000,219,-0.5421875,1.321875,completed,0.06601892906406889,0.18404094175689859,9.999895456401011e-07,-1005.1363684157546,762.7328996372412,170604,success_index1,S_L,gradient_tolerance,,raw_state_verified,run.py:numpy-batch
SI-pHiSD,6.309573444801929e-05,0.002,2000000,20,-0.6078125000000001,1.2093749999999999,completed,0.06601892906726778,0.1840409417568059,9.99947382349723e-07,-1005.1363684150342,762.7328996414957,170624,success_index1,S_L,gradient_tolerance,,raw_state_verified,run.py:numpy-batch
SI-pHiSD,6.309573444801929e-05,0.002,2000000,253,-0.5234375,1.340625,completed,0.0660189290775316,0.18404094175652477,9.998795598271004e-07,-1005.1363684127882,762.7328996551311,170642,success_index1,S_L,gradient_tolerance,,raw_state_verified,run.py:numpy-batch
SI-pHiSD,6.309573444801929e-05,0.002,2000000,48,-0.6453125000000001,1.228125,completed,0.06601892898866053,0.1840409417553623,9.999379770672237e-07,-1005.1363684175968,762.732899540219,170647,success_index1,S_L,gradient_tolerance,,raw_state_verified,run.py:numpy-batch
SI-pHiSD,6.309573444801929e-05,0.002,2000000,82,-0.6265625,1.246875,completed,0.06601892900201174,0.18404094175598415,9.999483256942142e-07,-1005.1363684186939,762.7328995570903,170652,success_index1,S_L,gradient_tolerance,,raw_state_verified,run.py:numpy-batch
SI-pHiSD,6.309573444801929e-05,0.002,2000000,14,-0.6640625,1.2093749999999999,completed,0.06601892897579062,0.18404094175459362,9.999013359906936e-07,-1005.1363684158505,762.7328995241044,170653,success_index1,S_L,gradient_tolerance,,raw_state_verified,run.py:numpy-batch
SI-pHiSD,6.309573444801929e-05,0.002,2000000,116,-0.6078125000000001,1.265625,completed,0.06601892901541938,0.18404094175650137,9.999960971277324e-07,-1005.1363684193595,762.732899574127,170663,success_index1,S_L,gradient_tolerance,,raw_state_verified,run.py:numpy-batch
SI-pHiSD,6.309573444801929e-05,0.002,2000000,89,-0.5609375000000001,1.246875,completed,0.06601892910557766,0.18404094175559507,9.999671900008156e-07,-1005.1363684059959,762.7328996925322,170669,success_index1,S_L,gradient_tolerance,,raw_state_verified,run.py:numpy-batch
SI-pHiSD,6.309573444801929e-05,0.002,2000000,150,-0.5890625,1.284375,completed,0.06601892902890286,0.1840409417568017,9.999839924538486e-07,-1005.136368419134,762.7328995914528,170681,success_index1,S_L,gradient_tolerance,,raw_state_verified,run.py:numpy-batch
SI-pHiSD,6.309573444801929e-05,0.002,2000000,287,-0.5046875000000001,1.359375,completed,0.0660189290909582,0.18404094175614674,9.999042323162589e-07,-1005.1363684098096,762.732899672977,170684,success_index1,S_L,gradient_tolerance,,raw_state_verified,run.py:numpy-batch
SI-pHiSD,6.309573444801929e-05,0.002,2000000,184,-0.5703125,1.3031249999999999,completed,0.06601892904256297,0.18404094175687802,9.999092631098178e-07,-1005.1363684179785,762.7328996092052,170707,success_index1,S_L,gradient_tolerance,,raw_state_verified,run.py:numpy-batch
SI-pHiSD,6.309573444801929e-05,0.002,2000000,218,-0.5515625000000001,1.321875,completed,0.06601892905621425,0.18404094175694496,9.999670563905644e-07,-1005.1363684167866,762.7328996269542,170737,success_index1,S_L,gradient_tolerance,,raw_state_verified,run.py:numpy-batch
SI-pHiSD,6.309573444801929e-05,0.002,2000000,55,-0.5796875,1.228125,completed,0.06601892910053517,0.18404094175576477,9.999088714458083e-07,-1005.1363684072275,762.7328996858054,170766,success_index1,S_L,gradient_tolerance,,raw_state_verified,run.py:numpy-batch
SI-pHiSD,6.309573444801929e-05,0.002,2000000,252,-0.5328125000000001,1.340625,completed,0.06601892906981692,0.18404094175675573,9.999402134971048e-07,-1005.1363684145567,762.7328996448645,170773,success_index1,S_L,gradient_tolerance,,raw_state_verified,run.py:numpy-batch
SI-pHiSD,6.309573444801929e-05,0.002,2000000,47,-0.6546875000000001,1.228125,completed,0.06601892898020213,0.18404094175485203,9.998956419367874e-07,-1005.1363684164284,762.7328995296325,170801,success_index1,S_L,gradient_tolerance,,raw_state_verified,run.py:numpy-batch
SI-pHiSD,6.309573444801929e-05,0.002,2000000,13,-0.6734375,1.2093749999999999,completed,0.06601892896691171,0.18404094175409053,9.999713670246209e-07,-1005.1363684147564,762.732899512963,170802,success_index1,S_L,gradient_tolerance,,raw_state_verified,run.py:numpy-batch
SI-pHiSD,6.309573444801929e-05,0.002,2000000,81,-0.6359375,1.246875,completed,0.0660189289938067,0.18404094175555655,9.998858355295495e-07,-1005.136368417835,762.732899546762,170808,success_index1,S_L,gradient_tolerance,,raw_state_verified,run.py:numpy-batch
SI-pHiSD,6.309573444801929e-05,0.002,2000000,158,-0.5140625000000001,1.284375,completed,0.06601892914679479,0.18404094175281321,9.999837007554453e-07,-1005.1363683902542,762.7328997487377,170810,success_index1,S_L,gradient_tolerance,,raw_state_verified,run.py:numpy-batch
SI-pHiSD,6.309573444801929e-05,0.002,2000000,286,-0.5140625000000001,1.359375,completed,0.06601892908345147,0.18404094175649827,9.99995738463799e-07,-1005.1363684120452,762.7328996628769,170814,success_index1,S_L,gradient_tolerance,,raw_state_verified,run.py:numpy-batch
SI-pHiSD,6.309573444801929e-05,0.002,2000000,115,-0.6171875,1.265625,completed,0.06601892900744505,0.18404094175618127,9.99940525857297e-07,-1005.1363684189124,762.7328995640054,170820,success_index1,S_L,gradient_tolerance,,raw_state_verified,run.py:numpy-batch
SI-pHiSD,6.309573444801929e-05,0.002,2000000,149,-0.5984375000000001,1.284375,completed,0.06601892902121179,0.18404094175659927,9.999466338370716e-07,-1005.1363684191359,762.732899581597,170839,success_index1,S_L,gradient_tolerance,,raw_state_verified,run.py:numpy-batch
SI-pHiSD,6.309573444801929e-05,0.002,2000000,183,-0.5796875,1.3031249999999999,completed,0.06601892903493586,0.18404094175682942,9.999283363819136e-07,-1005.1363684185997,762.7328995992982,170863,success_index1,S_L,gradient_tolerance,,raw_state_verified,run.py:numpy-batch
SI-pHiSD,6.309573444801929e-05,0.002,2000000,21,-0.5984375000000001,1.2093749999999999,completed,0.06601892909695521,0.18404094175592983,9.999181988072458e-07,-1005.1363684082828,762.7328996809908,170889,success_index1,S_L,gradient_tolerance,,raw_state_verified,run.py:numpy-batch
SI-pHiSD,6.309573444801929e-05,0.002,2000000,217,-0.5609375000000001,1.321875,completed,0.06601892904872017,0.18404094175697935,9.999805836122853e-07,-1005.1363684177302,762.7328996171483,170892,success_index1,S_L,gradient_tolerance,,raw_state_verified,run.py:numpy-batch
SI-pHiSD,6.309573444801929e-05,0.002,2000000,124,-0.5328125000000001,1.265625,completed,0.06601892914229666,0.18404094175315622,9.9995054272799e-07,-1005.1363683921327,762.7328997425693,170903,success_index1,S_L,gradient_tolerance,,raw_state_verified,run.py:numpy-batch
SI-pHiSD,6.309573444801929e-05,0.002,2000000,251,-0.5421875,1.340625,completed,0.06601892906254238,0.18404094175692293,9.999949745052947e-07,-1005.1363684160175,762.7328996352285,170927,success_index1,S_L,gradient_tolerance,,raw_state_verified,run.py:numpy-batch
SI-pHiSD,6.309573444801929e-05,0.002,2000000,285,-0.5234375,1.359375,completed,0.06601892907623733,0.1840409417566047,9.999225957221435e-07,-1005.136368413253,762.7328996533723,170967,success_index1,S_L,gradient_tolerance,,raw_state_verified,run.py:numpy-batch
SI-pHiSD,6.309573444801929e-05,0.002,2000000,12,-0.6828125,1.2093749999999999,completed,0.06601892895894752,0.1840409417535384,9.999930623146676e-07,-1005.1363684133651,762.7328995030578,170981,success_index1,S_L,gradient_tolerance,,raw_state_verified,run.py:numpy-batch
SI-pHiSD,6.309573444801929e-05,0.002,2000000,46,-0.6640625,1.228125,completed,0.0660189289725184,0.18404094175443736,9.999464996441702e-07,-1005.1363684155665,762.7328995199724,170982,success_index1,S_L,gradient_tolerance,,raw_state_verified,run.py:numpy-batch
SI-pHiSD,6.309573444801929e-05,0.002,2000000,80,-0.6453125000000001,1.246875,completed,0.0660189289862551,0.184040941755275,9.9997221272482e-07,-1005.1363684174997,762.7328995371577,170989,success_index1,S_L,gradient_tolerance,,raw_state_verified,run.py:numpy-batch
SI-pHiSD,6.309573444801929e-05,0.002,2000000,114,-0.6265625,1.265625,completed,0.06601892900008105,0.1840409417559321,9.999724192601913e-07,-1005.1363684186892,762.7328995546172,171002,success_index1,S_L,gradient_tolerance,,raw_state_verified,run.py:numpy-batch
SI-pHiSD,6.309573444801929e-05,0.002,2000000,319,-0.5046875000000001,1.378125,completed,0.06601892908976253,0.18404094175628996,9.999918933532044e-07,-1005.1363684105207,762.732899671292,171009,success_index1,S_L,gradient_tolerance,,raw_state_verified,run.py:numpy-batch
SI-pHiSD,6.309573444801929e-05,0.002,2000000,90,-0.5515625000000001,1.246875,completed,0.06601892913901683,0.1840409417534742,9.999948122991172e-07,-1005.1363683937782,762.7328997380122,171019,success_index1,S_L,gradient_tolerance,,raw_state_verified,run.py:numpy-batch
SI-pHiSD,6.309573444801929e-05,0.002,2000000,148,-0.6078125000000001,1.284375,completed,0.06601892901393908,0.18404094175634012,9.998917362109354e-07,-1005.1363684188622,762.7328995723371,171021,success_index1,S_L,gradient_tolerance,,raw_state_verified,run.py:numpy-batch
SI-pHiSD,6.309573444801929e-05,0.002,2000000,182,-0.5890625,1.3031249999999999,completed,0.06601892902789802,0.1840409417566685,9.998820765523931e-07,-1005.1363684187,762.7328995902589,171045,success_index1,S_L,gradient_tolerance,,raw_state_verified,run.py:numpy-batch
SI-pHiSD,6.309573444801929e-05,0.002,2000000,216,-0.5703125,1.321875,completed,0.06601892904167443,0.1840409417569314,9.999613261958313e-07,-1005.1363684182913,762.7328996079992,171071,success_index1,S_L,gradient_tolerance,,raw_state_verified,run.py:numpy-batch
SI-pHiSD,6.309573444801929e-05,0.002,2000000,250,-0.5515625000000001,1.340625,completed,0.0660189290553978,0.18404094175685842,9.998870218425578e-07,-1005.1363684165217,762.7328996259653,171103,success_index1,S_L,gradient_tolerance,,raw_state_verified,run.py:numpy-batch
SI-pHiSD,6.309573444801929e-05,0.002,2000000,284,-0.5328125000000001,1.359375,completed,0.06601892906920294,0.18404094175680366,9.999729263850417e-07,-1005.1363684148174,762.7328996440217,171139,success_index1,S_L,gradient_tolerance,,raw_state_verified,run.py:numpy-batch
SI-pHiSD,6.309573444801929e-05,0.002,2000000,56,-0.5703125,1.228125,completed,0.06601892913697911,0.18404094175360558,9.999697733454862e-07,-1005.1363683945316,762.7328997352388,171161,success_index1,S_L,gradient_tolerance,,raw_state_verified,run.py:numpy-batch
SI-pHiSD,6.309573444801929e-05,0.002,2000000,318,-0.5140625000000001,1.378125,completed,0.06601892908275242,0.184040941756431,9.99919140939991e-07,-1005.1363684118467,762.7328996620238,171179,success_index1,S_L,gradient_tolerance,,raw_state_verified,run.py:numpy-batch
SI-pHiSD,6.309573444801929e-05,0.002,2000000,11,-0.6921875000000001,1.2093749999999999,completed,0.0660189289518401,0.18404094175289631,9.999173857843733e-07,-1005.136368411515,762.7328994943496,171190,success_index1,S_L,gradient_tolerance,,raw_state_verified,run.py:numpy-batch
SI-pHiSD,6.309573444801929e-05,0.002,2000000,45,-0.6734375,1.228125,completed,0.0660189289655803,0.18404094175389968,9.998834511798945e-07,-1005.1363684141227,762.7328995113935,171192,success_index1,S_L,gradient_tolerance,,raw_state_verified,run.py:numpy-batch
SI-pHiSD,6.309573444801929e-05,0.002,2000000,79,-0.6546875000000001,1.246875,completed,0.06601892897938551,0.18404094175488894,9.999714174043868e-07,-1005.1363684166658,762.7328995285353,171198,success_index1,S_L,gradient_tolerance,,raw_state_verified,run.py:numpy-batch
SI-pHiSD,6.309573444801929e-05,0.002,2000000,113,-0.6359375,1.265625,completed,0.0660189289932643,0.18404094175562832,9.999727178799025e-07,-1005.136368418185,762.7328995459916,171210,success_index1,S_L,gradient_tolerance,,raw_state_verified,run.py:numpy-batch
SI-pHiSD,6.309573444801929e-05,0.002,2000000,147,-0.6171875,1.284375,completed,0.0660189290071607,0.18404094175615696,9.999279276355207e-07,-1005.1363684188444,762.7328995636557,171227,success_index1,S_L,gradient_tolerance,,raw_state_verified,run.py:numpy-batch
SI-pHiSD,6.309573444801929e-05,0.002,2000000,181,-0.5984375000000001,1.3031249999999999,completed,0.06601892902109346,0.18404094175659663,9.999467971759455e-07,-1005.136368419138,762.7328995814452,171248,success_index1,S_L,gradient_tolerance,,raw_state_verified,run.py:numpy-batch
SI-pHiSD,6.309573444801929e-05,0.002,2000000,215,-0.5796875,1.321875,completed,0.06601892903487867,0.1840409417568632,9.9995881518836e-07,-1005.1363684187434,762.732899599194,171272,success_index1,S_L,gradient_tolerance,,raw_state_verified,run.py:numpy-batch
SI-pHiSD,6.309573444801929e-05,0.002,2000000,249,-0.5609375000000001,1.340625,completed,0.0660189290486218,0.18404094175686855,9.99883036043069e-07,-1005.1363684172902,762.732899617117,171301,success_index1,S_L,gradient_tolerance,,raw_state_verified,run.py:numpy-batch
SI-pHiSD,6.309573444801929e-05,0.002,2000000,159,-0.5046875000000001,1.284375,completed,0.06601892918764582,0.18404094174836108,9.998899590287905e-07,-1005.1363683677564,762.7328998059309,171314,success_index1,S_L,gradient_tolerance,,raw_state_verified,run.py:numpy-batch
SI-pHiSD,6.309573444801929e-05,0.002,2000000,283,-0.5421875,1.359375,completed,0.0660189290623658,0.1840409417568755,9.999515560276283e-07,-1005.136368415843,762.7328996350401,171333,success_index1,S_L,gradient_tolerance,,raw_state_verified,run.py:numpy-batch
SI-pHiSD,6.309573444801929e-05,0.002,2000000,22,-0.5890625,1.2093749999999999,completed,0.06601892913660715,0.18404094175353233,9.998819620834365e-07,-1005.1363683942739,762.7328997348175,171335,success_index1,S_L,gradient_tolerance,,raw_state_verified,run.py:numpy-batch
SI-pHiSD,6.309573444801929e-05,0.002,2000000,317,-0.5234375,1.378125,completed,0.06601892907593496,0.18404094175661218,9.999230151813973e-07,-1005.1363684133156,762.7328996529715,171369,success_index1,S_L,gradient_tolerance,,raw_state_verified,run.py:numpy-batch
SI-pHiSD,6.309573444801929e-05,0.002,2000000,351,-0.5046875000000001,1.3968749999999999,completed,0.06601892908940263,0.1840409417562721,9.999653662607228e-07,-1005.1363684104865,762.732899670838,171408,success_index1,S_L,gradient_tolerance,,raw_state_verified,run.py:numpy-batch
SI-pHiSD,6.309573444801929e-05,0.002,2000000,490,-0.7015625000000001,1.4906249999999999,completed,1.2206023485080157,4.848730362400773,21952709033.589973,2068590899.7278407,194560852689.2182,171415,state_safeguard,U,state_safeguard,source_norm2_gt_5,raw_state_verified,run.py:numpy-batch
SI-pHiSD,6.309573444801929e-05,0.002,2000000,10,-0.7015625000000001,1.2093749999999999,completed,0.06601892894533631,0.18404094175237762,9.9994224345541e-07,-1005.1363684101029,762.7328994863199,171425,success_index1,S_L,gradient_tolerance,,raw_state_verified,run.py:numpy-batch
SI-pHiSD,6.309573444801929e-05,0.002,2000000,44,-0.6828125,1.228125,completed,0.06601892895912383,0.1840409417535548,9.99995805571906e-07,-1005.136368413413,762.7328995032732,171426,success_index1,S_L,gradient_tolerance,,raw_state_verified,run.py:numpy-batch
SI-pHiSD,6.309573444801929e-05,0.002,2000000,78,-0.6640625,1.246875,completed,0.06601892897301262,0.18404094175447594,9.99952563285491e-07,-1005.1363684156702,762.7328995205834,171433,success_index1,S_L,gradient_tolerance,,raw_state_verified,run.py:numpy-batch
SI-pHiSD,6.309573444801929e-05,0.002,2000000,112,-0.6453125000000001,1.265625,completed,0.06601892898688114,0.18404094175521016,9.998847134226083e-07,-1005.1363684171686,762.7328995380312,171444,success_index1,S_L,gradient_tolerance,,raw_state_verified,run.py:numpy-batch
SI-pHiSD,6.309573444801929e-05,0.002,2000000,146,-0.6265625,1.284375,completed,0.06601892900081319,0.1840409417559466,9.999583067810742e-07,-1005.1363684186701,762.7328995555596,171458,success_index1,S_L,gradient_tolerance,,raw_state_verified,run.py:numpy-batch
SI-pHiSD,6.309573444801929e-05,0.002,2000000,125,-0.5234375,1.265625,completed,0.06601892918682188,0.18404094174847777,9.999011579927101e-07,-1005.1363683683193,762.7328998047541,171465,success_index1,S_L,gradient_tolerance,,raw_state_verified,run.py:numpy-batch
SI-pHiSD,6.309573444801929e-05,0.002,2000000,180,-0.6078125000000001,1.3031249999999999,completed,0.06601892901470799,0.18404094175646954,9.99986287839703e-07,-1005.1363684193063,762.7328995732266,171476,success_index1,S_L,gradient_tolerance,,raw_state_verified,run.py:numpy-batch
SI-pHiSD,6.309573444801929e-05,0.002,2000000,214,-0.5890625,1.321875,completed,0.06601892902847684,0.18404094175679447,9.999842800998987e-07,-1005.1363684191501,762.7328995909033,171497,success_index1,S_L,gradient_tolerance,,raw_state_verified,run.py:numpy-batch
SI-pHiSD,6.309573444801929e-05,0.002,2000000,248,-0.5703125,1.340625,completed,0.06601892904209673,0.1840409417569113,9.999411700202032e-07,-1005.1363684181644,762.7328996085678,171521,success_index1,S_L,gradient_tolerance,,raw_state_verified,run.py:numpy-batch
SI-pHiSD,6.309573444801929e-05,0.002,2000000,282,-0.5515625000000001,1.359375,completed,0.06601892905580019,0.18404094175697244,9.99989201853955e-07,-1005.1363684169426,762.7328996263897,171549,success_index1,S_L,gradient_tolerance,,raw_state_verified,run.py:numpy-batch
SI-pHiSD,6.309573444801929e-05,0.002,2000000,316,-0.5328125000000001,1.378125,completed,0.06601892906924903,0.18404094175674787,9.999246813596328e-07,-1005.1363684145854,762.7328996441308,171580,success_index1,S_L,gradient_tolerance,,raw_state_verified,run.py:numpy-batch
SI-pHiSD,6.309573444801929e-05,0.002,2000000,288,-0.7953125000000001,1.378125,completed,1.2206052160453813,4.848732961889658,21953453139.497494,2068659106.991958,194567611488.19815,171581,state_safeguard,U,state_safeguard,source_norm2_gt_5,raw_state_verified,run.py:numpy-batch
SI-pHiSD,6.309573444801929e-05,0.002,2000000,350,-0.5140625000000001,1.3968749999999999,completed,0.06601892908269065,0.18404094175641214,9.999011079790609e-07,-1005.136368411777,762.7328996619597,171615,success_index1,S_L,gradient_tolerance,,raw_state_verified,run.py:numpy-batch
SI-pHiSD,6.309573444801929e-05,0.002,2000000,91,-0.5421875,1.246875,completed,0.06601892918718738,0.1840409417484207,9.998916205218693e-07,-1005.1363683680479,762.7328998052807,171642,success_index1,S_L,gradient_tolerance,,raw_state_verified,run.py:numpy-batch
SI-pHiSD,6.309573444801929e-05,0.002,2000000,423,-0.7296875,1.453125,completed,1.2205971928947479,4.848725962847215,21951412716.414238,2068472093.2173467,194549077548.29895,171647,state_safeguard,U,state_safeguard,source_norm2_gt_5,raw_state_verified,run.py:numpy-batch
SI-pHiSD,6.309573444801929e-05,0.002,2000000,9,-0.7109375,1.2093749999999999,completed,0.06601892893952135,0.1840409417518103,9.998973251709049e-07,-1005.1363684084187,762.7328994792322,171689,success_index1,S_L,gradient_tolerance,,raw_state_verified,run.py:numpy-batch
SI-pHiSD,6.309573444801929e-05,0.002,2000000,43,-0.6921875000000001,1.228125,completed,0.0660189289533106,0.18404094175299315,9.998976837723792e-07,-1005.1363684117513,762.7328994961824,171690,success_index1,S_L,gradient_tolerance,,raw_state_verified,run.py:numpy-batch
SI-pHiSD,6.309573444801929e-05,0.002,2000000,77,-0.6734375,1.246875,completed,0.06601892896709669,0.1840409417540744,9.99945521404749e-07,-1005.1363684146709,762.7328995132182,171694,success_index1,S_L,gradient_tolerance,,raw_state_verified,run.py:numpy-batch
SI-pHiSD,6.309573444801929e-05,0.002,2000000,111,-0.6546875000000001,1.265625,completed,0.06601892898093967,0.1840409417549915,9.999821906388447e-07,-1005.1363684169171,762.7328995304721,171702,success_index1,S_L,gradient_tolerance,,raw_state_verified,run.py:numpy-batch
SI-pHiSD,6.309573444801929e-05,0.002,2000000,145,-0.6359375,1.284375,completed,0.06601892899471581,0.18404094175560587,9.998920488324419e-07,-1005.1363684179379,762.7328995479045,171714,success_index1,S_L,gradient_tolerance,,raw_state_verified,run.py:numpy-batch
SI-pHiSD,6.309573444801929e-05,0.002,2000000,179,-0.6171875,1.3031249999999999,completed,0.06601892900848222,0.1840409417562018,9.999263118852312e-07,-1005.1363684188849,762.7328995653403,171728,success_index1,S_L,gradient_tolerance,,raw_state_verified,run.py:numpy-batch
SI-pHiSD,6.309573444801929e-05,0.002,2000000,213,-0.5984375000000001,1.321875,completed,0.06601892902216334,0.18404094175659558,9.999233809709518e-07,-1005.1363684190188,762.7328995828416,171745,success_index1,S_L,gradient_tolerance,,raw_state_verified,run.py:numpy-batch
SI-pHiSD,6.309573444801929e-05,0.002,2000000,247,-0.5796875,1.340625,completed,0.06601892903578492,0.1840409417568305,9.999202342037644e-07,-1005.1363684185129,762.7328996004051,171765,success_index1,S_L,gradient_tolerance,,raw_state_verified,run.py:numpy-batch
SI-pHiSD,6.309573444801929e-05,0.002,2000000,281,-0.5609375000000001,1.359375,completed,0.06601892904922262,0.1840409417568953,9.999063539908138e-07,-1005.1363684173346,762.7328996178773,171787,success_index1,S_L,gradient_tolerance,,raw_state_verified,run.py:numpy-batch
SI-pHiSD,6.309573444801929e-05,0.002,2000000,315,-0.5421875,1.378125,completed,0.06601892906268875,0.18404094175682587,9.999111700919374e-07,-1005.1363684156067,762.7328996355046,171813,success_index1,S_L,gradient_tolerance,,raw_state_verified,run.py:numpy-batch
SI-pHiSD,6.309573444801929e-05,0.002,2000000,349,-0.5234375,1.3968749999999999,completed,0.06601892907592029,0.18404094175657484,9.998900448007604e-07,-1005.1363684131652,762.7328996529851,171841,success_index1,S_L,gradient_tolerance,,raw_state_verified,run.py:numpy-batch
SI-pHiSD,6.309573444801929e-05,0.002,2000000,57,-0.5609375000000001,1.228125,completed,0.0660189291890207,0.18404094174817356,9.998785894304154e-07,-1005.136368366846,762.7328998078887,171849,success_index1,S_L,gradient_tolerance,,raw_state_verified,run.py:numpy-batch
SI-pHiSD,6.309573444801929e-05,0.002,2000000,383,-0.5046875000000001,1.415625,completed,0.06601892908915614,0.18404094175620592,9.999001877721617e-07,-1005.1363684102437,762.7328996705745,171873,success_index1,S_L,gradient_tolerance,,raw_state_verified,run.py:numpy-batch
SI-pHiSD,6.309573444801929e-05,0.002,2000000,8,-0.7203125,1.2093749999999999,completed,0.06601892893419462,0.18404094175140215,9.999781565027063e-07,-1005.1363684073299,762.732899472641,171979,success_index1,S_L,gradient_tolerance,,raw_state_verified,run.py:numpy-batch
SI-pHiSD,6.309573444801929e-05,0.002,2000000,42,-0.7015625000000001,1.228125,completed,0.06601892894795085,0.18404094175254584,9.99892326875629e-07,-1005.136368410507,762.732899489583,171980,success_index1,S_L,gradient_tolerance,,raw_state_verified,run.py:numpy-batch
SI-pHiSD,6.309573444801929e-05,0.002,2000000,76,-0.6828125,1.246875,completed,0.06601892896161628,0.18404094175364913,9.999139971773732e-07,-1005.1363684135288,762.732899506442,171982,success_index1,S_L,gradient_tolerance,,raw_state_verified,run.py:numpy-batch
SI-pHiSD,6.309573444801929e-05,0.002,2000000,110,-0.6640625,1.265625,completed,0.06601892897534317,0.1840409417546432,9.999705163245624e-07,-1005.1363684161005,762.7328995234772,171987,success_index1,S_L,gradient_tolerance,,raw_state_verified,run.py:numpy-batch
SI-pHiSD,6.309573444801929e-05,0.002,2000000,144,-0.6453125000000001,1.284375,completed,0.06601892898899599,0.1840409417553768,9.999356173017325e-07,-1005.13636841762,762.7328995406439,171995,success_index1,S_L,gradient_tolerance,,raw_state_verified,run.py:numpy-batch
SI-pHiSD,6.309573444801929e-05,0.002,2000000,178,-0.6265625,1.3031249999999999,completed,0.06601892900268151,0.18404094175597252,9.999142341472432e-07,-1005.1363684185749,762.732899557974,172006,success_index1,S_L,gradient_tolerance,,raw_state_verified,run.py:numpy-batch
SI-pHiSD,6.309573444801929e-05,0.002,2000000,212,-0.6078125000000001,1.321875,completed,0.06601892901611946,0.18404094175646182,9.999431457904635e-07,-1005.1363684191232,762.7328995750753,172017,success_index1,S_L,gradient_tolerance,,raw_state_verified,run.py:numpy-batch
SI-pHiSD,6.309573444801929e-05,0.002,2000000,246,-0.5890625,1.340625,completed,0.06601892902955847,0.18404094175670252,9.99886174229435e-07,-1005.1363684186604,762.7328995923949,172032,success_index1,S_L,gradient_tolerance,,raw_state_verified,run.py:numpy-batch
SI-pHiSD,6.309573444801929e-05,0.002,2000000,280,-0.5703125,1.359375,completed,0.06601892904291659,0.1840409417569389,9.999611701715353e-07,-1005.1363684181883,762.7328996096128,172048,success_index1,S_L,gradient_tolerance,,raw_state_verified,run.py:numpy-batch
SI-pHiSD,6.309573444801929e-05,0.002,2000000,314,-0.5515625000000001,1.378125,completed,0.0660189290561829,0.1840409417568718,9.999025552945542e-07,-1005.1363684164918,762.7328996269775,172068,success_index1,S_L,gradient_tolerance,,raw_state_verified,run.py:numpy-batch
SI-pHiSD,6.309573444801929e-05,0.002,2000000,23,-0.5796875,1.2093749999999999,completed,0.06601892919254543,0.18404094174772184,9.998810493135546e-07,-1005.1363683646301,762.7328998128825,172090,success_index1,S_L,gradient_tolerance,,raw_state_verified,run.py:numpy-batch
SI-pHiSD,6.309573444801929e-05,0.002,2000000,348,-0.5328125000000001,1.3968749999999999,completed,0.06601892906941426,0.1840409417567881,9.999624404161832e-07,-1005.1363684147311,762.7328996443111,172090,success_index1,S_L,gradient_tolerance,,raw_state_verified,run.py:numpy-batch
SI-pHiSD,6.309573444801929e-05,0.002,2000000,382,-0.5140625000000001,1.415625,completed,0.06601892908239997,0.18404094175649524,9.99966446842194e-07,-1005.1363684121458,762.7328996615076,172114,success_index1,S_L,gradient_tolerance,,raw_state_verified,run.py:numpy-batch
SI-pHiSD,6.309573444801929e-05,0.002,2000000,322,-0.7765625,1.3968749999999999,completed,1.2205999836045944,4.848728337887823,21952113426.49296,2068536312.354697,194555442483.40814,172182,state_safeguard,U,state_safeguard,source_norm2_gt_5,raw_state_verified,run.py:numpy-batch
SI-pHiSD,6.309573444801929e-05,0.002,2000000,41,-0.7109375,1.228125,completed,0.06601892894300992,0.18404094175217892,9.999467108627943e-07,-1005.1363684095444,762.7328994834593,172297,success_index1,S_L,gradient_tolerance,,raw_state_verified,run.py:numpy-batch
SI-pHiSD,6.309573444801929e-05,0.002,2000000,75,-0.6921875000000001,1.246875,completed,0.06601892895655954,0.1840409417533097,9.999519165696237e-07,-1005.1363684126908,762.7328995001433,172297,success_index1,S_L,gradient_tolerance,,raw_state_verified,run.py:numpy-batch
SI-pHiSD,6.309573444801929e-05,0.002,2000000,7,-0.7296875,1.2093749999999999,completed,0.06601892892941635,0.184040941750875,9.999230783090332e-07,-1005.1363684056978,762.73289946687,172299,success_index1,S_L,gradient_tolerance,,raw_state_verified,run.py:numpy-batch
SI-pHiSD,6.309573444801929e-05,0.002,2000000,109,-0.6734375,1.265625,completed,0.06601892897013044,0.18404094175421853,9.998905746706954e-07,-1005.1363684149318,762.7328995170496,172300,success_index1,S_L,gradient_tolerance,,raw_state_verified,run.py:numpy-batch
SI-pHiSD,6.309573444801929e-05,0.002,2000000,143,-0.6546875000000001,1.284375,completed,0.0660189289835754,0.18404094175507874,9.99926975192303e-07,-1005.1363684169888,762.7328995338341,172303,success_index1,S_L,gradient_tolerance,,raw_state_verified,run.py:numpy-batch
SI-pHiSD,6.309573444801929e-05,0.002,2000000,177,-0.6359375,1.3031249999999999,completed,0.06601892899701363,0.18404094175580593,9.9997767422209e-07,-1005.1363684185053,762.7328995507263,172308,success_index1,S_L,gradient_tolerance,,raw_state_verified,run.py:numpy-batch
SI-pHiSD,6.309573444801929e-05,0.002,2000000,211,-0.6171875,1.321875,completed,0.06601892901036065,0.18404094175621608,9.998822483213447e-07,-1005.1363684187415,762.7328995677781,172316,success_index1,S_L,gradient_tolerance,,raw_state_verified,run.py:numpy-batch
SI-pHiSD,6.309573444801929e-05,0.002,2000000,245,-0.5984375000000001,1.340625,completed,0.06601892902356143,0.18404094175669566,9.999840213573515e-07,-1005.1363684192762,762.7328995845778,172323,success_index1,S_L,gradient_tolerance,,raw_state_verified,run.py:numpy-batch
SI-pHiSD,6.309573444801929e-05,0.002,2000000,279,-0.5796875,1.359375,completed,0.06601892903679632,0.18404094175692756,9.999958664062129e-07,-1005.1363684187995,762.732899601639,172334,success_index1,S_L,gradient_tolerance,,raw_state_verified,run.py:numpy-batch
SI-pHiSD,6.309573444801929e-05,0.002,2000000,313,-0.5609375000000001,1.378125,completed,0.06601892904988332,0.18404094175695648,9.99960258802159e-07,-1005.1363684175124,762.7328996186856,172347,success_index1,S_L,gradient_tolerance,,raw_state_verified,run.py:numpy-batch
SI-pHiSD,6.309573444801929e-05,0.002,2000000,347,-0.5421875,1.3968749999999999,completed,0.0660189290628136,0.1840409417569025,9.999797805860084e-07,-1005.1363684159054,762.7328996356001,172361,success_index1,S_L,gradient_tolerance,,raw_state_verified,run.py:numpy-batch
SI-pHiSD,6.309573444801929e-05,0.002,2000000,381,-0.5234375,1.415625,completed,0.06601892907575634,0.18404094175665828,9.999597666082835e-07,-1005.1363684135222,762.7328996526979,172379,success_index1,S_L,gradient_tolerance,,raw_state_verified,run.py:numpy-batch
SI-pHiSD,6.309573444801929e-05,0.002,2000000,415,-0.5046875000000001,1.434375,completed,0.06601892908858684,0.18404094175622765,9.999020891740638e-07,-1005.1363684103927,762.732899669813,172400,success_index1,S_L,gradient_tolerance,,raw_state_verified,run.py:numpy-batch
SI-pHiSD,6.309573444801929e-05,0.002,2000000,126,-0.5140625000000001,1.265625,completed,0.06601892925915945,0.1840409417368236,9.999158133568014e-07,-1005.1363683131403,762.732899909335,172568,success_index1,S_L,gradient_tolerance,,raw_state_verified,run.py:numpy-batch
SI-pHiSD,6.309573444801929e-05,0.002,2000000,176,-0.6453125000000001,1.3031249999999999,completed,0.06601892899162065,0.18404094175556837,9.999897622053783e-07,-1005.1363684181176,762.7328995438996,172638,success_index1,S_L,gradient_tolerance,,raw_state_verified,run.py:numpy-batch
SI-pHiSD,6.309573444801929e-05,0.002,2000000,142,-0.6640625,1.284375,completed,0.06601892897847002,0.1840409417547655,9.999095314987924e-07,-1005.1363684162625,762.7328995274488,172639,success_index1,S_L,gradient_tolerance,,raw_state_verified,run.py:numpy-batch
SI-pHiSD,6.309573444801929e-05,0.002,2000000,108,-0.6828125,1.265625,completed,0.06601892896525714,0.18404094175392238,9.999241309550468e-07,-1005.1363684142497,762.7328995109522,172640,success_index1,S_L,gradient_tolerance,,raw_state_verified,run.py:numpy-batch
SI-pHiSD,6.309573444801929e-05,0.002,2000000,210,-0.6265625,1.321875,completed,0.06601892900469841,0.18404094175600938,9.998774566877786e-07,-1005.1363684185083,762.7328995605728,172640,success_index1,S_L,gradient_tolerance,,raw_state_verified,run.py:numpy-batch
SI-pHiSD,6.309573444801929e-05,0.002,2000000,244,-0.6078125000000001,1.340625,completed,0.06601892901772718,0.18404094175656627,9.999963477268082e-07,-1005.1363684193757,762.7328995770804,172641,success_index1,S_L,gradient_tolerance,,raw_state_verified,run.py:numpy-batch
SI-pHiSD,6.309573444801929e-05,0.002,2000000,74,-0.7015625000000001,1.246875,completed,0.06601892895196983,0.18404094175290728,9.99917791249096e-07,-1005.1363684115463,762.732899494509,172642,success_index1,S_L,gradient_tolerance,,raw_state_verified,run.py:numpy-batch
SI-pHiSD,6.309573444801929e-05,0.002,2000000,40,-0.7203125,1.228125,completed,0.06601892893860868,0.1840409417517137,9.99885731716058e-07,-1005.1363684081236,762.7328994781261,172645,success_index1,S_L,gradient_tolerance,,raw_state_verified,run.py:numpy-batch
SI-pHiSD,6.309573444801929e-05,0.002,2000000,278,-0.5890625,1.359375,completed,0.06601892903074642,0.18404094175677452,9.999325385277424e-07,-1005.1363684188264,762.732899593881,172646,success_index1,S_L,gradient_tolerance,,raw_state_verified,run.py:numpy-batch
SI-pHiSD,6.309573444801929e-05,0.002,2000000,6,-0.7390625000000001,1.2093749999999999,completed,0.06601892892521208,0.18404094175050265,9.999707844716411e-07,-1005.1363684046345,762.7328994617118,172648,success_index1,S_L,gradient_tolerance,,raw_state_verified,run.py:numpy-batch
SI-pHiSD,6.309573444801929e-05,0.002,2000000,312,-0.5703125,1.378125,completed,0.06601892904361657,0.18404094175693309,9.999527649419122e-07,-1005.1363684180894,762.7328996105313,172651,success_index1,S_L,gradient_tolerance,,raw_state_verified,run.py:numpy-batch
SI-pHiSD,6.309573444801929e-05,0.002,2000000,346,-0.5515625000000001,1.3968749999999999,completed,0.06601892905635125,0.18404094175687738,9.999083568034577e-07,-1005.1363684164967,762.732899627192,172658,success_index1,S_L,gradient_tolerance,,raw_state_verified,run.py:numpy-batch
SI-pHiSD,6.309573444801929e-05,0.002,2000000,380,-0.5328125000000001,1.415625,completed,0.06601892906919017,0.18404094175678185,9.999536139682098e-07,-1005.1363684147295,762.7328996440244,172668,success_index1,S_L,gradient_tolerance,,raw_state_verified,run.py:numpy-batch
SI-pHiSD,6.309573444801929e-05,0.002,2000000,414,-0.5140625000000001,1.434375,completed,0.06601892908178036,0.18404094175651764,9.99970660430778e-07,-1005.1363684123037,762.7328996606797,172679,success_index1,S_L,gradient_tolerance,,raw_state_verified,run.py:numpy-batch
SI-pHiSD,6.309573444801929e-05,0.002,2000000,92,-0.5328125000000001,1.246875,completed,0.06601892926380254,0.18404094173587138,9.999009677815357e-07,-1005.1363683087678,762.7328999162263,172829,success_index1,S_L,gradient_tolerance,,raw_state_verified,run.py:numpy-batch
SI-pHiSD,6.309573444801929e-05,0.002,2000000,379,-0.5421875,1.415625,completed,0.066018929062509,0.1840409417569172,9.99989650213871e-07,-1005.1363684159975,762.7328996351903,172980,success_index1,S_L,gradient_tolerance,,raw_state_verified,run.py:numpy-batch
SI-pHiSD,6.309573444801929e-05,0.002,2000000,311,-0.5796875,1.378125,completed,0.06601892903740655,0.18404094175687616,9.999447211731813e-07,-1005.1363684185242,762.7328996024805,172981,success_index1,S_L,gradient_tolerance,,raw_state_verified,run.py:numpy-batch
SI-pHiSD,6.309573444801929e-05,0.002,2000000,345,-0.5609375000000001,1.3968749999999999,completed,0.06601892905005177,0.18404094175688898,9.999008333035062e-07,-1005.1363684172196,762.7328996189646,172981,success_index1,S_L,gradient_tolerance,,raw_state_verified,run.py:numpy-batch
SI-pHiSD,6.309573444801929e-05,0.002,2000000,277,-0.5984375000000001,1.359375,completed,0.06601892902476422,0.1840409417566325,9.999049655085927e-07,-1005.1363684188899,762.7328995862022,172984,success_index1,S_L,gradient_tolerance,,raw_state_verified,run.py:numpy-batch
SI-pHiSD,6.309573444801929e-05,0.002,2000000,413,-0.5234375,1.434375,completed,0.0660189290750243,0.1840409417566392,9.99928721872459e-07,-1005.1363684135231,762.7328996517599,172984,success_index1,S_L,gradient_tolerance,,raw_state_verified,run.py:numpy-batch
SI-pHiSD,6.309573444801929e-05,0.002,2000000,243,-0.6171875,1.340625,completed,0.06601892901205439,0.1840409417563688,9.999691045916522e-07,-1005.1363684191809,762.7328995698534,172987,success_index1,S_L,gradient_tolerance,,raw_state_verified,run.py:numpy-batch
SI-pHiSD,6.309573444801929e-05,0.002,2000000,447,-0.5046875000000001,1.453125,completed,0.06601892908736172,0.18404094175624808,9.998840489606348e-07,-1005.1363684106075,762.7328996681969,172989,success_index1,S_L,gradient_tolerance,,raw_state_verified,run.py:numpy-batch
SI-pHiSD,6.309573444801929e-05,0.002,2000000,209,-0.6359375,1.321875,completed,0.0660189289993378,0.18404094175590913,9.99979836425657e-07,-1005.1363684186754,762.732899553668,172992,success_index1,S_L,gradient_tolerance,,raw_state_verified,run.py:numpy-batch
SI-pHiSD,6.309573444801929e-05,0.002,2000000,175,-0.6546875000000001,1.3031249999999999,completed,0.06601892898652847,0.1840409417552371,9.999254126756492e-07,-1005.1363684173162,762.7328995375476,172998,success_index1,S_L,gradient_tolerance,,raw_state_verified,run.py:numpy-batch
SI-pHiSD,6.309573444801929e-05,0.002,2000000,141,-0.6734375,1.284375,completed,0.06601892897356014,0.18404094175447294,9.99918583728016e-07,-1005.1363684155989,762.7328995213005,173003,success_index1,S_L,gradient_tolerance,,raw_state_verified,run.py:numpy-batch
SI-pHiSD,6.309573444801929e-05,0.002,2000000,107,-0.6921875000000001,1.265625,completed,0.0660189289605931,0.1840409417535583,9.99900283070954e-07,-1005.1363684132692,762.7328995051872,173009,success_index1,S_L,gradient_tolerance,,raw_state_verified,run.py:numpy-batch
SI-pHiSD,6.309573444801929e-05,0.002,2000000,73,-0.7109375,1.246875,completed,0.06601892894764774,0.18404094175260918,9.99972328150463e-07,-1005.1363684107968,762.7328994891323,173015,success_index1,S_L,gradient_tolerance,,raw_state_verified,run.py:numpy-batch
SI-pHiSD,6.309573444801929e-05,0.002,2000000,39,-0.7296875,1.228125,completed,0.06601892893449282,0.1840409417513601,9.99914567797722e-07,-1005.1363684071271,762.7328994730668,173021,success_index1,S_L,gradient_tolerance,,raw_state_verified,run.py:numpy-batch
SI-pHiSD,6.309573444801929e-05,0.002,2000000,5,-0.7484375000000001,1.2093749999999999,completed,0.06601892892137415,0.1840409417500911,9.999608780015163e-07,-1005.1363684033713,762.7328994570665,173027,success_index1,S_L,gradient_tolerance,,raw_state_verified,run.py:numpy-batch
SI-pHiSD,6.309573444801929e-05,0.002,2000000,356,-0.7578125,1.415625,completed,1.2206053448272665,4.848733161762083,21953499132.96388,2068663328.5015867,194568029083.40588,173109,state_safeguard,U,state_safeguard,source_norm2_gt_5,raw_state_verified,run.py:numpy-batch
SI-pHiSD,6.309573444801929e-05,0.002,2000000,58,-0.5515625000000001,1.228125,completed,0.06601892926961363,0.18404094173478242,9.999929073407653e-07,-1005.1363683037141,762.7328999247617,173116,success_index1,S_L,gradient_tolerance,,raw_state_verified,run.py:numpy-batch
SI-pHiSD,6.309573444801929e-05,0.002,2000000,446,-0.5140625000000001,1.453125,completed,0.0660189290804061,0.18404094175655683,9.999719480954365e-07,-1005.1363684126106,762.7328996588526,173308,success_index1,S_L,gradient_tolerance,,raw_state_verified,run.py:numpy-batch
SI-pHiSD,6.309573444801929e-05,0.002,2000000,412,-0.5328125000000001,1.434375,completed,0.06601892906821037,0.18404094175673294,9.998964300373742e-07,-1005.1363684146357,762.7328996427892,173314,success_index1,S_L,gradient_tolerance,,raw_state_verified,run.py:numpy-batch
SI-pHiSD,6.309573444801929e-05,0.002,2000000,378,-0.5515625000000001,1.415625,completed,0.06601892905595733,0.18404094175686941,9.998993461505776e-07,-1005.1363684165065,762.7328996266849,173321,success_index1,S_L,gradient_tolerance,,raw_state_verified,run.py:numpy-batch
SI-pHiSD,6.309573444801929e-05,0.002,2000000,457,-0.7109375,1.4718749999999998,completed,1.220601567109856,4.848729799913348,21952528335.14747,2068574346.10552,194559211089.1103,173328,state_safeguard,U,state_safeguard,source_norm2_gt_5,raw_state_verified,run.py:numpy-batch
SI-pHiSD,6.309573444801929e-05,0.002,2000000,344,-0.5703125,1.3968749999999999,completed,0.066018929043785,0.18404094175697258,9.999868426447762e-07,-1005.1363684182325,762.7328996107163,173330,success_index1,S_L,gradient_tolerance,,raw_state_verified,run.py:numpy-batch
SI-pHiSD,6.309573444801929e-05,0.002,2000000,310,-0.5890625,1.378125,completed,0.06601892903135216,0.18404094175685748,9.999975084049788e-07,-1005.1363684190986,762.7328995945987,173339,success_index1,S_L,gradient_tolerance,,raw_state_verified,run.py:numpy-batch
SI-pHiSD,6.309573444801929e-05,0.002,2000000,276,-0.6078125000000001,1.359375,completed,0.0660189290190514,0.18404094175648225,9.998906964621247e-07,-1005.1363684188917,762.7328995788818,173352,success_index1,S_L,gradient_tolerance,,raw_state_verified,run.py:numpy-batch
SI-pHiSD,6.309573444801929e-05,0.002,2000000,242,-0.6265625,1.340625,completed,0.06601892900658327,0.1840409417561227,9.999160264208856e-07,-1005.1363684187672,762.7328995629321,173363,success_index1,S_L,gradient_tolerance,,raw_state_verified,run.py:numpy-batch
SI-pHiSD,6.309573444801929e-05,0.002,2000000,208,-0.6453125000000001,1.321875,completed,0.06601892899414713,0.18404094175564278,9.999485289730937e-07,-1005.136368418149,762.7328995471303,173375,success_index1,S_L,gradient_tolerance,,raw_state_verified,run.py:numpy-batch
SI-pHiSD,6.309573444801929e-05,0.002,2000000,174,-0.6640625,1.3031249999999999,completed,0.06601892898155776,0.18404094175491878,9.998855067209433e-07,-1005.1363684165544,762.7328995313426,173387,success_index1,S_L,gradient_tolerance,,raw_state_verified,run.py:numpy-batch
SI-pHiSD,6.309573444801929e-05,0.002,2000000,140,-0.6828125,1.284375,completed,0.06601892896900934,0.18404094175413627,9.99884108226246e-07,-1005.1363684147177,762.7328995156589,173399,success_index1,S_L,gradient_tolerance,,raw_state_verified,run.py:numpy-batch
SI-pHiSD,6.309573444801929e-05,0.002,2000000,106,-0.7015625000000001,1.265625,completed,0.06601892895634837,0.18404094175332508,9.999804233837728e-07,-1005.1363684127759,762.7328994998544,173409,success_index1,S_L,gradient_tolerance,,raw_state_verified,run.py:numpy-batch
SI-pHiSD,6.309573444801929e-05,0.002,2000000,72,-0.7203125,1.246875,completed,0.06601892894360972,0.1840409417521732,9.998940244778709e-07,-1005.1363684094567,762.7328994842467,173420,success_index1,S_L,gradient_tolerance,,raw_state_verified,run.py:numpy-batch
SI-pHiSD,6.309573444801929e-05,0.002,2000000,38,-0.7390625000000001,1.228125,completed,0.06601892893093621,0.18404094175105168,9.999469561610625e-07,-1005.1363684062535,762.732899468698,173430,success_index1,S_L,gradient_tolerance,,raw_state_verified,run.py:numpy-batch
SI-pHiSD,6.309573444801929e-05,0.002,2000000,24,-0.5703125,1.2093749999999999,completed,0.06601892927638651,0.18404094173331056,9.99972132031352e-07,-1005.1363682969987,762.7328999348873,173431,success_index1,S_L,gradient_tolerance,,raw_state_verified,run.py:numpy-batch
SI-pHiSD,6.309573444801929e-05,0.002,2000000,4,-0.7578125,1.2093749999999999,completed,0.06601892891801264,0.1840409417497151,9.99946872763591e-07,-1005.1363684022027,762.7328994530108,173438,success_index1,S_L,gradient_tolerance,,raw_state_verified,run.py:numpy-batch
SI-pHiSD,6.309573444801929e-05,0.002,2000000,479,-0.5046875000000001,1.4718749999999998,completed,0.06601892908542197,0.18404094175630367,9.998781739470865e-07,-1005.1363684110422,762.7328996656179,173642,success_index1,S_L,gradient_tolerance,,raw_state_verified,run.py:numpy-batch
SI-pHiSD,6.309573444801929e-05,0.002,2000000,445,-0.5234375,1.453125,completed,0.06601892907345557,0.18404094175661612,9.998790610121303e-07,-1005.1363684135979,762.7328996497336,173656,success_index1,S_L,gradient_tolerance,,raw_state_verified,run.py:numpy-batch
SI-pHiSD,6.309573444801929e-05,0.002,2000000,411,-0.5421875,1.434375,completed,0.06601892906148504,0.18404094175693153,9.999925535858784e-07,-1005.1363684161659,762.7328996338415,173671,success_index1,S_L,gradient_tolerance,,raw_state_verified,run.py:numpy-batch
SI-pHiSD,6.309573444801929e-05,0.002,2000000,377,-0.5609375000000001,1.415625,completed,0.06601892904955585,0.18404094175695113,9.999555013765985e-07,-1005.1363684175261,762.732899618263,173690,success_index1,S_L,gradient_tolerance,,raw_state_verified,run.py:numpy-batch
SI-pHiSD,6.309573444801929e-05,0.002,2000000,343,-0.5796875,1.3968749999999999,completed,0.06601892903744103,0.18404094175680252,9.998793665886583e-07,-1005.1363684182213,762.7328996025898,173709,success_index1,S_L,gradient_tolerance,,raw_state_verified,run.py:numpy-batch
SI-pHiSD,6.309573444801929e-05,0.002,2000000,309,-0.5984375000000001,1.378125,completed,0.06601892902540338,0.1840409417567245,9.999747063441244e-07,-1005.1363684191957,762.7328995869555,173728,success_index1,S_L,gradient_tolerance,,raw_state_verified,run.py:numpy-batch
SI-pHiSD,6.309573444801929e-05,0.002,2000000,275,-0.6171875,1.359375,completed,0.0660189290134101,0.18404094175643013,9.999860179066536e-07,-1005.1363684192854,762.7328995715683,173749,success_index1,S_L,gradient_tolerance,,raw_state_verified,run.py:numpy-batch
SI-pHiSD,6.309573444801929e-05,0.002,2000000,241,-0.6359375,1.340625,completed,0.06601892900124114,0.18404094175596294,9.99957193916353e-07,-1005.1363684186902,762.7328995561036,173769,success_index1,S_L,gradient_tolerance,,raw_state_verified,run.py:numpy-batch
SI-pHiSD,6.309573444801929e-05,0.002,2000000,207,-0.6546875000000001,1.321875,completed,0.06601892898920934,0.18404094175541183,9.999572250762579e-07,-1005.1363684177393,762.7328995408914,173790,success_index1,S_L,gradient_tolerance,,raw_state_verified,run.py:numpy-batch
SI-pHiSD,6.309573444801929e-05,0.002,2000000,173,-0.6734375,1.3031249999999999,completed,0.06601892897693215,0.18404094175475644,9.99984320166359e-07,-1005.1363684163904,762.7328995254506,173808,success_index1,S_L,gradient_tolerance,,raw_state_verified,run.py:numpy-batch
SI-pHiSD,6.309573444801929e-05,0.002,2000000,139,-0.6921875000000001,1.284375,completed,0.0660189289646996,0.18404094175384925,9.998938837545866e-07,-1005.1363684140118,762.7328995102891,173827,success_index1,S_L,gradient_tolerance,,raw_state_verified,run.py:numpy-batch
SI-pHiSD,6.309573444801929e-05,0.002,2000000,105,-0.7109375,1.265625,completed,0.06601892895250053,0.18404094175298025,9.99944686766027e-07,-1005.1363684117858,762.7328994951374,173844,success_index1,S_L,gradient_tolerance,,raw_state_verified,run.py:numpy-batch
SI-pHiSD,6.309573444801929e-05,0.002,2000000,71,-0.7296875,1.246875,completed,0.06601892894005501,0.18404094175193267,9.999637263569554e-07,-1005.1363684088594,762.7328994798206,173858,success_index1,S_L,gradient_tolerance,,raw_state_verified,run.py:numpy-batch
SI-pHiSD,6.309573444801929e-05,0.002,2000000,37,-0.7484375000000001,1.228125,completed,0.06601892892761502,0.18404094175074673,9.999701115765697e-07,-1005.1363684053695,762.7328994646326,173871,success_index1,S_L,gradient_tolerance,,raw_state_verified,run.py:numpy-batch
SI-pHiSD,6.309573444801929e-05,0.002,2000000,3,-0.7671875,1.2093749999999999,completed,0.06601892891508748,0.18404094174942395,9.999738780136146e-07,-1005.1363684013318,762.7328994494504,173882,success_index1,S_L,gradient_tolerance,,raw_state_verified,run.py:numpy-batch
SI-pHiSD,6.309573444801929e-05,0.002,2000000,478,-0.5140625000000001,1.4718749999999998,completed,0.06601892907825858,0.18404094175654623,9.999140080238465e-07,-1005.136368412798,762.7328996560606,174005,success_index1,S_L,gradient_tolerance,,raw_state_verified,run.py:numpy-batch
SI-pHiSD,6.309573444801929e-05,0.002,2000000,444,-0.5328125000000001,1.453125,completed,0.06601892906655973,0.18404094175677563,9.999115109141618e-07,-1005.1363684149866,762.7328996405985,174032,success_index1,S_L,gradient_tolerance,,raw_state_verified,run.py:numpy-batch
SI-pHiSD,6.309573444801929e-05,0.002,2000000,410,-0.5515625000000001,1.434375,completed,0.06601892905485017,0.1840409417569405,9.999569036917447e-07,-1005.1363684169145,762.7328996251786,174060,success_index1,S_L,gradient_tolerance,,raw_state_verified,run.py:numpy-batch
SI-pHiSD,6.309573444801929e-05,0.002,2000000,376,-0.5703125,1.415625,completed,0.06601892904314076,0.18404094175690716,9.999320655687897e-07,-1005.1363684180353,762.7328996099333,174090,success_index1,S_L,gradient_tolerance,,raw_state_verified,run.py:numpy-batch
SI-pHiSD,6.309573444801929e-05,0.002,2000000,342,-0.5890625,1.3968749999999999,completed,0.06601892903133105,0.18404094175683153,9.999747845641624e-07,-1005.1363684189948,762.7328995945942,174119,success_index1,S_L,gradient_tolerance,,raw_state_verified,run.py:numpy-batch
SI-pHiSD,6.309573444801929e-05,0.002,2000000,308,-0.6078125000000001,1.378125,completed,0.06601892901962038,0.1840409417565634,9.999497385876324e-07,-1005.1363684191609,762.7328995795527,174150,success_index1,S_L,gradient_tolerance,,raw_state_verified,run.py:numpy-batch
SI-pHiSD,6.309573444801929e-05,0.002,2000000,274,-0.6265625,1.359375,completed,0.0660189290079215,0.18404094175617575,9.999205930050822e-07,-1005.1363684188397,762.7328995646313,174181,success_index1,S_L,gradient_tolerance,,raw_state_verified,run.py:numpy-batch
SI-pHiSD,6.309573444801929e-05,0.002,2000000,240,-0.6453125000000001,1.340625,completed,0.06601892899611679,0.18404094175571145,9.99929183868286e-07,-1005.1363684182172,762.7328995496393,174210,success_index1,S_L,gradient_tolerance,,raw_state_verified,run.py:numpy-batch
SI-pHiSD,6.309573444801929e-05,0.002,2000000,206,-0.6640625,1.321875,completed,0.06601892898432656,0.18404094175515454,9.999576791642033e-07,-1005.1363684172162,762.7328995347477,174238,success_index1,S_L,gradient_tolerance,,raw_state_verified,run.py:numpy-batch
SI-pHiSD,6.309573444801929e-05,0.002,2000000,172,-0.6828125,1.3031249999999999,completed,0.06601892897256881,0.18404094175448518,9.999863599740552e-07,-1005.136368415755,762.7328995199965,174265,success_index1,S_L,gradient_tolerance,,raw_state_verified,run.py:numpy-batch
SI-pHiSD,6.309573444801929e-05,0.002,2000000,138,-0.7015625000000001,1.284375,completed,0.06601892896073078,0.18404094175365393,9.999768491341752e-07,-1005.1363684136434,762.7328995052832,174290,success_index1,S_L,gradient_tolerance,,raw_state_verified,run.py:numpy-batch
SI-pHiSD,6.309573444801929e-05,0.002,2000000,104,-0.7203125,1.265625,completed,0.06601892894883728,0.18404094175265914,9.999271123429349e-07,-1005.1363684108725,762.7328994906401,174313,success_index1,S_L,gradient_tolerance,,raw_state_verified,run.py:numpy-batch
SI-pHiSD,6.309573444801929e-05,0.002,2000000,70,-0.7390625000000001,1.246875,completed,0.06601892893687951,0.18404094175157684,9.999068946189365e-07,-1005.1363684077525,762.7328994759903,174333,success_index1,S_L,gradient_tolerance,,raw_state_verified,run.py:numpy-batch
SI-pHiSD,6.309573444801929e-05,0.002,2000000,36,-0.7578125,1.228125,completed,0.06601892892483208,0.18404094175047517,9.999812658056768e-07,-1005.136368404563,762.7328994612404,174349,success_index1,S_L,gradient_tolerance,,raw_state_verified,run.py:numpy-batch
SI-pHiSD,6.309573444801929e-05,0.002,2000000,511,-0.5046875000000001,1.4906249999999999,completed,0.06601892908267301,0.18404094175641086,9.99899547781659e-07,-1005.136368411773,762.7328996619381,174361,success_index1,S_L,gradient_tolerance,,raw_state_verified,run.py:numpy-batch
SI-pHiSD,6.309573444801929e-05,0.002,2000000,2,-0.7765625,1.2093749999999999,completed,0.06601892891262294,0.1840409417491428,9.999690116523874e-07,-1005.1363684004527,762.7328994464821,174362,success_index1,S_L,gradient_tolerance,,raw_state_verified,run.py:numpy-batch
SI-pHiSD,6.309573444801929e-05,0.002,2000000,477,-0.5234375,1.4718749999999998,completed,0.06601892907119303,0.18404094175676683,9.999718541536545e-07,-1005.136368414454,762.7328996466501,174399,success_index1,S_L,gradient_tolerance,,raw_state_verified,run.py:numpy-batch
SI-pHiSD,6.309573444801929e-05,0.002,2000000,443,-0.5421875,1.453125,completed,0.06601892905964139,0.18404094175688293,9.999343835487804e-07,-1005.1363684161656,762.7328996314795,174439,success_index1,S_L,gradient_tolerance,,raw_state_verified,run.py:numpy-batch
SI-pHiSD,6.309573444801929e-05,0.002,2000000,409,-0.5609375000000001,1.434375,completed,0.06601892904817805,0.18404094175697336,9.999757695596788e-07,-1005.136368417764,762.7328996164464,174480,success_index1,S_L,gradient_tolerance,,raw_state_verified,run.py:numpy-batch
SI-pHiSD,6.309573444801929e-05,0.002,2000000,390,-0.7390625000000001,1.434375,completed,1.2206011095508265,4.848729350378897,21952404349.322468,2068562978.7987785,194558084983.0302,174488,state_safeguard,U,state_safeguard,source_norm2_gt_5,raw_state_verified,run.py:numpy-batch
SI-pHiSD,6.309573444801929e-05,0.002,2000000,375,-0.5796875,1.415625,completed,0.06601892903670732,0.18404094175688626,9.999602344347214e-07,-1005.1363684186408,762.7328996015593,174522,success_index1,S_L,gradient_tolerance,,raw_state_verified,run.py:numpy-batch
SI-pHiSD,6.309573444801929e-05,0.002,2000000,341,-0.5984375000000001,1.3968749999999999,completed,0.06601892902529863,0.1840409417567485,9.999979312751044e-07,-1005.1363684193046,762.7328995867975,174564,success_index1,S_L,gradient_tolerance,,raw_state_verified,run.py:numpy-batch
SI-pHiSD,6.309573444801929e-05,0.002,2000000,307,-0.6171875,1.378125,completed,0.0660189290139758,0.18404094175642136,9.999629112442722e-07,-1005.1363684191884,762.7328995723141,174607,success_index1,S_L,gradient_tolerance,,raw_state_verified,run.py:numpy-batch
SI-pHiSD,6.309573444801929e-05,0.002,2000000,273,-0.6359375,1.359375,completed,0.0660189290025311,0.1840409417559538,9.999028585539876e-07,-1005.1363684185145,762.7328995577946,174648,success_index1,S_L,gradient_tolerance,,raw_state_verified,run.py:numpy-batch
SI-pHiSD,6.309573444801929e-05,0.002,2000000,239,-0.6546875000000001,1.340625,completed,0.06601892899118385,0.18404094175552949,9.999741226350728e-07,-1005.1363684180061,762.7328995433642,174687,success_index1,S_L,gradient_tolerance,,raw_state_verified,run.py:numpy-batch
SI-pHiSD,6.309573444801929e-05,0.002,2000000,205,-0.6734375,1.321875,completed,0.06601892897977636,0.18404094175482644,9.99894938805293e-07,-1005.1363684163699,762.7328995290995,174725,success_index1,S_L,gradient_tolerance,,raw_state_verified,run.py:numpy-batch
SI-pHiSD,6.309573444801929e-05,0.002,2000000,171,-0.6921875000000001,1.3031249999999999,completed,0.06601892896838303,0.18404094175410024,9.99889743564211e-07,-1005.136368414638,762.7328995148738,174760,success_index1,S_L,gradient_tolerance,,raw_state_verified,run.py:numpy-batch
SI-pHiSD,6.309573444801929e-05,0.002,2000000,510,-0.5140625000000001,1.4906249999999999,completed,0.06601892907530839,0.18404094175664,9.999349376592681e-07,-1005.136368413496,762.7328996521298,174772,success_index1,S_L,gradient_tolerance,,raw_state_verified,run.py:numpy-batch
SI-pHiSD,6.309573444801929e-05,0.002,2000000,137,-0.7109375,1.284375,completed,0.06601892895698638,0.1840409417532907,9.9990520644149e-07,-1005.1363684125672,762.7328995007169,174792,success_index1,S_L,gradient_tolerance,,raw_state_verified,run.py:numpy-batch
SI-pHiSD,6.309573444801929e-05,0.002,2000000,103,-0.7296875,1.265625,completed,0.06601892894559828,0.1840409417523804,9.999243661368835e-07,-1005.136368410086,762.7328994866593,174821,success_index1,S_L,gradient_tolerance,,raw_state_verified,run.py:numpy-batch
SI-pHiSD,6.309573444801929e-05,0.002,2000000,476,-0.5328125000000001,1.4718749999999998,completed,0.06601892906411161,0.18404094175679617,9.999001105063314e-07,-1005.1363684153334,762.7328996373868,174827,success_index1,S_L,gradient_tolerance,,raw_state_verified,run.py:numpy-batch
SI-pHiSD,6.309573444801929e-05,0.002,2000000,69,-0.7484375000000001,1.246875,completed,0.06601892893398392,0.1840409417513012,9.999054035453517e-07,-1005.1363684069418,762.7328994724545,174845,success_index1,S_L,gradient_tolerance,,raw_state_verified,run.py:numpy-batch
SI-pHiSD,6.309573444801929e-05,0.002,2000000,35,-0.7671875,1.228125,completed,0.06601892892241872,0.18404094175011093,9.998793326632051e-07,-1005.1363684033402,762.7328994584116,174866,success_index1,S_L,gradient_tolerance,,raw_state_verified,run.py:numpy-batch
SI-pHiSD,6.309573444801929e-05,0.002,2000000,1,-0.7859375000000001,1.2093749999999999,completed,0.06601892891057398,0.1840409417488784,9.999406232985908e-07,-1005.1363683995966,762.7328994440411,174880,success_index1,S_L,gradient_tolerance,,raw_state_verified,run.py:numpy-batch
SI-pHiSD,6.309573444801929e-05,0.002,2000000,442,-0.5515625000000001,1.453125,completed,0.06601892905287421,0.18404094175698316,9.999879755964468e-07,-1005.1363684172999,762.732899622564,174881,success_index1,S_L,gradient_tolerance,,raw_state_verified,run.py:numpy-batch
SI-pHiSD,6.309573444801929e-05,0.002,2000000,408,-0.5703125,1.434375,completed,0.0660189290416598,0.1840409417569025,9.999358996423142e-07,-1005.1363684181754,762.7328996080053,174937,success_index1,S_L,gradient_tolerance,,raw_state_verified,run.py:numpy-batch
SI-pHiSD,6.309573444801929e-05,0.002,2000000,374,-0.5890625,1.415625,completed,0.06601892903043373,0.1840409417567646,9.999282211141721e-07,-1005.1363684188192,762.7328995934821,174992,success_index1,S_L,gradient_tolerance,,raw_state_verified,run.py:numpy-batch
SI-pHiSD,6.309573444801929e-05,0.002,2000000,340,-0.6078125000000001,1.3968749999999999,completed,0.0660189290193879,0.1840409417566081,9.999946722833341e-07,-1005.1363684193677,762.7328995792101,175047,success_index1,S_L,gradient_tolerance,,raw_state_verified,run.py:numpy-batch
SI-pHiSD,6.309573444801929e-05,0.002,2000000,306,-0.6265625,1.378125,completed,0.0660189290083225,0.18404094175616195,9.99895813677827e-07,-1005.1363684187403,762.7328995651666,175102,success_index1,S_L,gradient_tolerance,,raw_state_verified,run.py:numpy-batch
SI-pHiSD,6.309573444801929e-05,0.002,2000000,272,-0.6453125000000001,1.359375,completed,0.06601892899736377,0.1840409417558195,9.999759914909162e-07,-1005.1363684185229,762.7328995511712,175154,success_index1,S_L,gradient_tolerance,,raw_state_verified,run.py:numpy-batch
SI-pHiSD,6.309573444801929e-05,0.002,2000000,238,-0.6640625,1.340625,completed,0.0660189289863963,0.18404094175529553,9.99983868470283e-07,-1005.1363684175681,762.732899537324,175204,success_index1,S_L,gradient_tolerance,,raw_state_verified,run.py:numpy-batch
SI-pHiSD,6.309573444801929e-05,0.002,2000000,509,-0.5234375,1.4906249999999999,completed,0.06601892906800405,0.18404094175681454,9.999650877262927e-07,-1005.1363684149903,762.7328996424483,175218,success_index1,S_L,gradient_tolerance,,raw_state_verified,run.py:numpy-batch
SI-pHiSD,6.309573444801929e-05,0.002,2000000,204,-0.6828125,1.321875,completed,0.0660189289755094,0.1840409417546332,9.999523283335625e-07,-1005.136368416042,762.7328995237024,175252,success_index1,S_L,gradient_tolerance,,raw_state_verified,run.py:numpy-batch
SI-pHiSD,6.309573444801929e-05,0.002,2000000,475,-0.5421875,1.4718749999999998,completed,0.06601892905699525,0.1840409417569136,9.99943686216237e-07,-1005.1363684165749,762.7328996280004,175289,success_index1,S_L,gradient_tolerance,,raw_state_verified,run.py:numpy-batch
SI-pHiSD,6.309573444801929e-05,0.002,2000000,170,-0.7015625000000001,1.3031249999999999,completed,0.06601892896452333,0.18404094175391475,9.9996385658974e-07,-1005.1363684142975,762.7328995100013,175295,success_index1,S_L,gradient_tolerance,,raw_state_verified,run.py:numpy-batch
SI-pHiSD,6.309573444801929e-05,0.002,2000000,136,-0.7203125,1.284375,completed,0.0660189289536239,0.18404094175308194,9.999549363582996e-07,-1005.1363684120793,762.7328994965134,175335,success_index1,S_L,gradient_tolerance,,raw_state_verified,run.py:numpy-batch
SI-pHiSD,6.309573444801929e-05,0.002,2000000,441,-0.5609375000000001,1.453125,completed,0.06601892904602231,0.18404094175694893,9.999581962143808e-07,-1005.1363684178957,762.7328996136558,175360,success_index1,S_L,gradient_tolerance,,raw_state_verified,run.py:numpy-batch
SI-pHiSD,6.309573444801929e-05,0.002,2000000,102,-0.7390625000000001,1.265625,completed,0.0660189289425774,0.18404094175216756,9.999710359705172e-07,-1005.1363684095445,762.7328994829053,175369,success_index1,S_L,gradient_tolerance,,raw_state_verified,run.py:numpy-batch
SI-pHiSD,6.309573444801929e-05,0.002,2000000,68,-0.7578125,1.246875,completed,0.06601892893155822,0.18404094175111246,9.99946755052875e-07,-1005.1363684064343,762.7328994694558,175399,success_index1,S_L,gradient_tolerance,,raw_state_verified,run.py:numpy-batch
SI-pHiSD,6.309573444801929e-05,0.002,2000000,34,-0.7765625,1.228125,completed,0.06601892892037178,0.18404094175000602,9.999802443321598e-07,-1005.1363684031331,762.7328994558334,175422,success_index1,S_L,gradient_tolerance,,raw_state_verified,run.py:numpy-batch
SI-pHiSD,6.309573444801929e-05,0.002,2000000,407,-0.5796875,1.434375,completed,0.06601892903503224,0.18404094175679686,9.998984926360665e-07,-1005.1363684184569,762.7328995994527,175431,success_index1,S_L,gradient_tolerance,,raw_state_verified,run.py:numpy-batch
SI-pHiSD,6.309573444801929e-05,0.002,2000000,0,-0.7953125000000001,1.2093749999999999,completed,0.06601892890897694,0.1840409417486617,9.999109972596869e-07,-1005.1363683988865,762.7328994421475,175439,success_index1,S_L,gradient_tolerance,,raw_state_verified,run.py:numpy-batch
SI-pHiSD,6.309573444801929e-05,0.002,2000000,373,-0.5984375000000001,1.415625,completed,0.06601892902425135,0.18404094175662133,9.999047884929456e-07,-1005.1363684188996,762.732899585543,175502,success_index1,S_L,gradient_tolerance,,raw_state_verified,run.py:numpy-batch
SI-pHiSD,6.309573444801929e-05,0.002,2000000,127,-0.5046875000000001,1.265625,completed,0.06601892941466043,0.18404094169202342,9.999719942951495e-07,-1005.1363681141794,762.7329001514612,175531,success_index1,S_L,gradient_tolerance,,raw_state_verified,run.py:numpy-batch
SI-pHiSD,6.309573444801929e-05,0.002,2000000,339,-0.6171875,1.3968749999999999,completed,0.06601892901366241,0.18404094175644498,9.99992341636775e-07,-1005.1363684193187,762.7328995718843,175572,success_index1,S_L,gradient_tolerance,,raw_state_verified,run.py:numpy-batch
SI-pHiSD,6.309573444801929e-05,0.002,2000000,305,-0.6359375,1.378125,completed,0.06601892900291241,0.18404094175603009,9.999573153222224e-07,-1005.1363684187841,762.7328995582251,175639,success_index1,S_L,gradient_tolerance,,raw_state_verified,run.py:numpy-batch
SI-pHiSD,6.309573444801929e-05,0.002,2000000,508,-0.5328125000000001,1.4906249999999999,completed,0.0660189290606747,0.1840409417568702,9.999315088371768e-07,-1005.1363684160032,762.7328996328384,175702,success_index1,S_L,gradient_tolerance,,raw_state_verified,run.py:numpy-batch
SI-pHiSD,6.309573444801929e-05,0.002,2000000,271,-0.6546875000000001,1.359375,completed,0.06601892899241286,0.18404094175553828,9.999286725239254e-07,-1005.1363684179098,762.7328995449595,175705,success_index1,S_L,gradient_tolerance,,raw_state_verified,run.py:numpy-batch
SI-pHiSD,6.309573444801929e-05,0.002,2000000,237,-0.6734375,1.340625,completed,0.06601892898186604,0.18404094175501753,9.999580153927383e-07,-1005.1363684169235,762.7328995316576,175766,success_index1,S_L,gradient_tolerance,,raw_state_verified,run.py:numpy-batch
SI-pHiSD,6.309573444801929e-05,0.002,2000000,474,-0.5515625000000001,1.4718749999999998,completed,0.06601892904980719,0.18404094175693217,9.9993881642579e-07,-1005.1363684174217,762.7328996186077,175790,success_index1,S_L,gradient_tolerance,,raw_state_verified,run.py:numpy-batch
SI-pHiSD,6.309573444801929e-05,0.002,2000000,203,-0.6921875000000001,1.321875,completed,0.06601892897146167,0.1840409417543938,9.999689785864575e-07,-1005.1363684155019,762.7328995186324,175824,success_index1,S_L,gradient_tolerance,,raw_state_verified,run.py:numpy-batch
SI-pHiSD,6.309573444801929e-05,0.002,2000000,93,-0.5234375,1.246875,completed,0.06601892942044421,0.18404094168979557,9.9999660715544e-07,-1005.1363681044945,762.7329001609592,175845,success_index1,S_L,gradient_tolerance,,raw_state_verified,run.py:numpy-batch
SI-pHiSD,6.309573444801929e-05,0.002,2000000,491,-0.6921875000000001,1.4906249999999999,completed,1.220606414353514,4.848734076021589,21953768310.836678,2068687998.5185528,194570474170.56488,175865,state_safeguard,U,state_safeguard,source_norm2_gt_5,raw_state_verified,run.py:numpy-batch
SI-pHiSD,6.309573444801929e-05,0.002,2000000,169,-0.7109375,1.3031249999999999,completed,0.06601892896093024,0.18404094175364483,9.999554964294485e-07,-1005.1363684135849,762.7328995055511,175876,success_index1,S_L,gradient_tolerance,,raw_state_verified,run.py:numpy-batch
SI-pHiSD,6.309573444801929e-05,0.002,2000000,440,-0.5703125,1.453125,completed,0.06601892903914638,0.18404094175692495,9.999730845741252e-07,-1005.1363684185364,762.7328996047067,175879,success_index1,S_L,gradient_tolerance,,raw_state_verified,run.py:numpy-batch
SI-pHiSD,6.309573444801929e-05,0.002,2000000,135,-0.7296875,1.284375,completed,0.06601892895047237,0.18404094175283367,9.999618144800097e-07,-1005.1363684114071,762.73289949262,175923,success_index1,S_L,gradient_tolerance,,raw_state_verified,run.py:numpy-batch
SI-pHiSD,6.309573444801929e-05,0.002,2000000,101,-0.7484375000000001,1.265625,completed,0.06601892894001203,0.18404094175194172,9.999753591347289e-07,-1005.1363684089009,762.7328994797565,175964,success_index1,S_L,gradient_tolerance,,raw_state_verified,run.py:numpy-batch
SI-pHiSD,6.309573444801929e-05,0.002,2000000,406,-0.5890625,1.434375,completed,0.06601892902863463,0.1840409417567025,9.99900366859669e-07,-1005.1363684187594,762.7328995911898,175969,success_index1,S_L,gradient_tolerance,,raw_state_verified,run.py:numpy-batch
SI-pHiSD,6.309573444801929e-05,0.002,2000000,67,-0.7671875,1.246875,completed,0.06601892892947339,0.18404094175084182,9.9988808339886e-07,-1005.1363684055569,762.7328994669732,175999,success_index1,S_L,gradient_tolerance,,raw_state_verified,run.py:numpy-batch
SI-pHiSD,6.309573444801929e-05,0.002,2000000,33,-0.7859375000000001,1.228125,completed,0.06601892891869988,0.1840409417497827,9.999407015110759e-07,-1005.1363684024041,762.7328994538478,176024,success_index1,S_L,gradient_tolerance,,raw_state_verified,run.py:numpy-batch
SI-pHiSD,6.309573444801929e-05,0.002,2000000,372,-0.6078125000000001,1.415625,completed,0.06601892901826296,0.18404094175648886,9.999149015431113e-07,-1005.136368419003,762.7328995778472,176057,success_index1,S_L,gradient_tolerance,,raw_state_verified,run.py:numpy-batch
SI-pHiSD,6.309573444801929e-05,0.002,2000000,338,-0.6265625,1.3968749999999999,completed,0.0660189290079245,0.1840409417561945,9.999371835212952e-07,-1005.1363684189157,762.732899564619,176142,success_index1,S_L,gradient_tolerance,,raw_state_verified,run.py:numpy-batch
SI-pHiSD,6.309573444801929e-05,0.002,2000000,59,-0.5421875,1.228125,completed,0.06601892942540859,0.18404094168777133,9.99962212559955e-07,-1005.1363680957261,762.7329001692099,176149,success_index1,S_L,gradient_tolerance,,raw_state_verified,run.py:numpy-batch
SI-pHiSD,6.309573444801929e-05,0.002,2000000,304,-0.6453125000000001,1.378125,completed,0.06601892899764925,0.1840409417557754,9.999254897652498e-07,-1005.1363684183127,762.7328995515829,176224,success_index1,S_L,gradient_tolerance,,raw_state_verified,run.py:numpy-batch
SI-pHiSD,6.309573444801929e-05,0.002,2000000,507,-0.5421875,1.4906249999999999,completed,0.06601892905329146,0.18404094175697172,9.999790077140244e-07,-1005.1363684172087,762.7328996231181,176226,success_index1,S_L,gradient_tolerance,,raw_state_verified,run.py:numpy-batch
SI-pHiSD,6.309573444801929e-05,0.002,2000000,270,-0.6640625,1.359375,completed,0.06601892898756122,0.1840409417552804,9.999155939235245e-07,-1005.1363684173815,762.7328995388569,176303,success_index1,S_L,gradient_tolerance,,raw_state_verified,run.py:numpy-batch
SI-pHiSD,6.309573444801929e-05,0.002,2000000,473,-0.5609375000000001,1.4718749999999998,completed,0.06601892904275813,0.1840409417568875,9.999166216206604e-07,-1005.1363684179963,762.7328996094515,176336,success_index1,S_L,gradient_tolerance,,raw_state_verified,run.py:numpy-batch
SI-pHiSD,6.309573444801929e-05,0.002,2000000,236,-0.6828125,1.340625,completed,0.06601892897761391,0.18404094175469868,9.998956907493734e-07,-1005.1363684160822,762.7328995263907,176378,success_index1,S_L,gradient_tolerance,,raw_state_verified,run.py:numpy-batch
SI-pHiSD,6.309573444801929e-05,0.002,2000000,289,-0.7859375000000001,1.378125,completed,1.2206026661656189,4.848730608992364,21952785204.05862,2068597878.988899,194561544638.0866,176390,state_safeguard,U,state_safeguard,source_norm2_gt_5,raw_state_verified,run.py:numpy-batch
SI-pHiSD,6.309573444801929e-05,0.002,2000000,439,-0.5796875,1.453125,completed,0.06601892903245542,0.1840409417568706,9.999944067470316e-07,-1005.1363684190334,762.7328995960264,176445,success_index1,S_L,gradient_tolerance,,raw_state_verified,run.py:numpy-batch
SI-pHiSD,6.309573444801929e-05,0.002,2000000,202,-0.7015625000000001,1.321875,completed,0.06601892896758166,0.18404094175403626,9.998814413208786e-07,-1005.1363684144642,762.7328995138841,176446,success_index1,S_L,gradient_tolerance,,raw_state_verified,run.py:numpy-batch
SI-pHiSD,6.309573444801929e-05,0.002,2000000,25,-0.5609375000000001,1.2093749999999999,completed,0.0660189294298061,0.18404094168590507,9.998994419999081e-07,-1005.1363680876611,762.7329001765823,176449,success_index1,S_L,gradient_tolerance,,raw_state_verified,run.py:numpy-batch
SI-pHiSD,6.309573444801929e-05,0.002,2000000,168,-0.7203125,1.3031249999999999,completed,0.06601892895764944,0.18404094175332547,9.998906219397383e-07,-1005.1363684126379,762.7328995015512,176508,success_index1,S_L,gradient_tolerance,,raw_state_verified,run.py:numpy-batch
SI-pHiSD,6.309573444801929e-05,0.002,2000000,405,-0.5984375000000001,1.434375,completed,0.06601892902229653,0.18404094175663352,9.999542594254176e-07,-1005.136368419159,762.7328995829821,176554,success_index1,S_L,gradient_tolerance,,raw_state_verified,run.py:numpy-batch
SI-pHiSD,6.309573444801929e-05,0.002,2000000,134,-0.7390625000000001,1.284375,completed,0.06601892894770243,0.1840409417526059,9.999652052268448e-07,-1005.1363684107775,762.7328994892066,176562,success_index1,S_L,gradient_tolerance,,raw_state_verified,run.py:numpy-batch
SI-pHiSD,6.309573444801929e-05,0.002,2000000,424,-0.7203125,1.453125,completed,1.2206050223094456,4.8487328089998964,21953406304.86984,2068654815.503613,194567186037.57373,176585,state_safeguard,U,state_safeguard,source_norm2_gt_5,raw_state_verified,run.py:numpy-batch
SI-pHiSD,6.309573444801929e-05,0.002,2000000,100,-0.7578125,1.265625,completed,0.06601892893773334,0.18404094175170319,9.999490573145492e-07,-1005.1363684081749,762.7328994769933,176609,success_index1,S_L,gradient_tolerance,,raw_state_verified,run.py:numpy-batch
SI-pHiSD,6.309573444801929e-05,0.002,2000000,66,-0.7765625,1.246875,completed,0.06601892892769555,0.1840409417507486,9.99964515611721e-07,-1005.1363684053683,762.732899464736,176647,success_index1,S_L,gradient_tolerance,,raw_state_verified,run.py:numpy-batch
SI-pHiSD,6.309573444801929e-05,0.002,2000000,371,-0.6171875,1.415625,completed,0.06601892901216755,0.18404094175626964,9.998778093493287e-07,-1005.1363684187654,762.7328995700883,176660,success_index1,S_L,gradient_tolerance,,raw_state_verified,run.py:numpy-batch
SI-pHiSD,6.309573444801929e-05,0.002,2000000,32,-0.7953125000000001,1.228125,completed,0.06601892891750456,0.184040941749607,9.998991719226446e-07,-1005.1363684018172,762.7328994524432,176676,success_index1,S_L,gradient_tolerance,,raw_state_verified,run.py:numpy-batch
SI-pHiSD,6.309573444801929e-05,0.002,2000000,337,-0.6359375,1.3968749999999999,completed,0.06601892900238196,0.1840409417560175,9.999648516118202e-07,-1005.13636841879,762.7328995575439,176763,success_index1,S_L,gradient_tolerance,,raw_state_verified,run.py:numpy-batch
SI-pHiSD,6.309573444801929e-05,0.002,2000000,506,-0.5515625000000001,1.4906249999999999,completed,0.06601892904598934,0.18404094175691693,9.999300537234716e-07,-1005.1363684177694,762.7328996136404,176798,success_index1,S_L,gradient_tolerance,,raw_state_verified,run.py:numpy-batch
SI-pHiSD,6.309573444801929e-05,0.002,2000000,303,-0.6546875000000001,1.378125,completed,0.06601892899257919,0.18404094175561583,9.99990676508662e-07,-1005.1363684182078,762.7328995451087,176861,success_index1,S_L,gradient_tolerance,,raw_state_verified,run.py:numpy-batch
SI-pHiSD,6.309573444801929e-05,0.002,2000000,472,-0.5703125,1.4718749999999998,completed,0.06601892903578344,0.18404094175682553,9.999158804427462e-07,-1005.1363684184927,762.7328996004072,176931,success_index1,S_L,gradient_tolerance,,raw_state_verified,run.py:numpy-batch
SI-pHiSD,6.309573444801929e-05,0.002,2000000,269,-0.6734375,1.359375,completed,0.06601892898295998,0.18404094175507488,9.999541500920677e-07,-1005.136368417039,762.7328995330347,176955,success_index1,S_L,gradient_tolerance,,raw_state_verified,run.py:numpy-batch
SI-pHiSD,6.309573444801929e-05,0.002,2000000,235,-0.6921875000000001,1.340625,completed,0.06601892897346383,0.18404094175446103,9.99913393538395e-07,-1005.1363684155607,762.7328995211853,177043,success_index1,S_L,gradient_tolerance,,raw_state_verified,run.py:numpy-batch
SI-pHiSD,6.309573444801929e-05,0.002,2000000,438,-0.5890625,1.453125,completed,0.06601892902572395,0.18404094175671418,9.999597953951147e-07,-1005.1363684191189,762.7328995873826,177062,success_index1,S_L,gradient_tolerance,,raw_state_verified,run.py:numpy-batch
SI-pHiSD,6.309573444801929e-05,0.002,2000000,201,-0.7109375,1.321875,completed,0.06601892896406286,0.18404094175388,9.999621088441407e-07,-1005.1363684142054,762.7328995094314,177123,success_index1,S_L,gradient_tolerance,,raw_state_verified,run.py:numpy-batch
SI-pHiSD,6.309573444801929e-05,0.002,2000000,404,-0.6078125000000001,1.434375,completed,0.06601892901593533,0.18404094175649816,9.999800587432092e-07,-1005.136368419291,762.7328995748027,177192,success_index1,S_L,gradient_tolerance,,raw_state_verified,run.py:numpy-batch
SI-pHiSD,6.309573444801929e-05,0.002,2000000,167,-0.7296875,1.3031249999999999,completed,0.06601892895464417,0.18404094175313537,9.999300469390763e-07,-1005.1363684121866,762.7328994977977,177195,success_index1,S_L,gradient_tolerance,,raw_state_verified,run.py:numpy-batch
SI-pHiSD,6.309573444801929e-05,0.002,2000000,133,-0.7484375000000001,1.284375,completed,0.0660189289452428,0.18404094175230717,9.99886136743303e-07,-1005.1363684098261,762.7328994862597,177258,success_index1,S_L,gradient_tolerance,,raw_state_verified,run.py:numpy-batch
SI-pHiSD,6.309573444801929e-05,0.002,2000000,99,-0.7671875,1.265625,completed,0.06601892893586085,0.18404094175145494,9.998831800523347e-07,-1005.1363684073655,762.7328994747685,177311,success_index1,S_L,gradient_tolerance,,raw_state_verified,run.py:numpy-batch
SI-pHiSD,6.309573444801929e-05,0.002,2000000,370,-0.6265625,1.415625,completed,0.06601892900642307,0.18404094175617064,9.999638340352368e-07,-1005.1363684189795,762.7328995626813,177320,success_index1,S_L,gradient_tolerance,,raw_state_verified,run.py:numpy-batch
SI-pHiSD,6.309573444801929e-05,0.002,2000000,65,-0.7859375000000001,1.246875,completed,0.06601892892646606,0.18404094175060653,9.999487565401186e-07,-1005.1363684049219,762.7328994632567,177353,success_index1,S_L,gradient_tolerance,,raw_state_verified,run.py:numpy-batch
SI-pHiSD,6.309573444801929e-05,0.002,2000000,505,-0.5609375000000001,1.4906249999999999,completed,0.06601892903863261,0.18404094175694966,9.999990253783236e-07,-1005.1363684186921,762.7328996040152,177420,success_index1,S_L,gradient_tolerance,,raw_state_verified,run.py:numpy-batch
SI-pHiSD,6.309573444801929e-05,0.002,2000000,336,-0.6453125000000001,1.3968749999999999,completed,0.06601892899690147,0.18404094175573818,9.99921727131798e-07,-1005.136368418242,762.7328995506396,177442,success_index1,S_L,gradient_tolerance,,raw_state_verified,run.py:numpy-batch
SI-pHiSD,6.309573444801929e-05,0.002,2000000,302,-0.6640625,1.378125,completed,0.06601892898764274,0.18404094175527239,9.999047111512788e-07,-1005.1363684173401,762.73289953897,177559,success_index1,S_L,gradient_tolerance,,raw_state_verified,run.py:numpy-batch
SI-pHiSD,6.309573444801929e-05,0.002,2000000,471,-0.5796875,1.4718749999999998,completed,0.06601892902874992,0.18404094175674432,9.999355982985242e-07,-1005.1363684189176,762.7328995913032,177580,success_index1,S_L,gradient_tolerance,,raw_state_verified,run.py:numpy-batch
SI-pHiSD,6.309573444801929e-05,0.002,2000000,323,-0.7671875,1.3968749999999999,completed,1.2206023204546064,4.848730305504049,21952696994.42473,2068589794.05904,194560743400.07138,177669,state_safeguard,U,state_safeguard,source_norm2_gt_5,raw_state_verified,run.py:numpy-batch
SI-pHiSD,6.309573444801929e-05,0.002,2000000,268,-0.6828125,1.359375,completed,0.06601892897855034,0.18404094175477342,9.999122998530085e-07,-1005.1363684162859,762.7328995275467,177669,success_index1,S_L,gradient_tolerance,,raw_state_verified,run.py:numpy-batch
SI-pHiSD,6.309573444801929e-05,0.002,2000000,437,-0.5984375000000001,1.453125,completed,0.06601892901914491,0.18404094175654132,9.9994092235247e-07,-1005.1363684191223,762.7328995789517,177738,success_index1,S_L,gradient_tolerance,,raw_state_verified,run.py:numpy-batch
SI-pHiSD,6.309573444801929e-05,0.002,2000000,234,-0.7015625000000001,1.340625,completed,0.06601892896967308,0.1840409417543031,9.99993661167088e-07,-1005.1363684153253,762.7328995163784,177771,success_index1,S_L,gradient_tolerance,,raw_state_verified,run.py:numpy-batch
SI-pHiSD,6.309573444801929e-05,0.002,2000000,200,-0.7203125,1.321875,completed,0.06601892896071884,0.18404094175355123,9.998855793110617e-07,-1005.136368413227,762.7328995053571,177864,success_index1,S_L,gradient_tolerance,,raw_state_verified,run.py:numpy-batch
SI-pHiSD,6.309573444801929e-05,0.002,2000000,403,-0.6171875,1.434375,completed,0.06601892900972005,0.1840409417562063,9.998926077521806e-07,-1005.1363684187704,762.732899566951,177893,success_index1,S_L,gradient_tolerance,,raw_state_verified,run.py:numpy-batch
SI-pHiSD,6.309573444801929e-05,0.002,2000000,166,-0.7390625000000001,1.3031249999999999,completed,0.06601892895192951,0.18404094175291907,9.99931323915942e-07,-1005.1363684115983,762.7328994944463,177946,success_index1,S_L,gradient_tolerance,,raw_state_verified,run.py:numpy-batch
SI-pHiSD,6.309573444801929e-05,0.002,2000000,132,-0.7578125,1.284375,completed,0.066018928943159,0.18404094175217178,9.999284713917659e-07,-1005.1363684094991,762.7328994836599,178017,success_index1,S_L,gradient_tolerance,,raw_state_verified,run.py:numpy-batch
SI-pHiSD,6.309573444801929e-05,0.002,2000000,369,-0.6359375,1.415625,completed,0.06601892900064671,0.18404094175588767,9.999119134325093e-07,-1005.1363684184479,762.7328995553943,178044,success_index1,S_L,gradient_tolerance,,raw_state_verified,run.py:numpy-batch
SI-pHiSD,6.309573444801929e-05,0.002,2000000,98,-0.7765625,1.265625,completed,0.0660189289343658,0.18404094175141555,9.999754944922858e-07,-1005.1363684073661,762.7328994728525,178075,success_index1,S_L,gradient_tolerance,,raw_state_verified,run.py:numpy-batch
SI-pHiSD,6.309573444801929e-05,0.002,2000000,504,-0.5703125,1.4906249999999999,completed,0.06601892903136033,0.18404094175681845,9.999628548713001e-07,-1005.1363684189389,762.7328995946434,178103,success_index1,S_L,gradient_tolerance,,raw_state_verified,run.py:numpy-batch
SI-pHiSD,6.309573444801929e-05,0.002,2000000,64,-0.7953125000000001,1.246875,completed,0.06601892892554911,0.18404094175048613,9.999246440347552e-07,-1005.1363684045311,762.7328994621661,178121,success_index1,S_L,gradient_tolerance,,raw_state_verified,run.py:numpy-batch
SI-pHiSD,6.309573444801929e-05,0.002,2000000,335,-0.6546875000000001,1.3968749999999999,completed,0.06601892899169595,0.18404094175552035,9.999436396655584e-07,-1005.1363684179139,762.7328995440402,178188,success_index1,S_L,gradient_tolerance,,raw_state_verified,run.py:numpy-batch
SI-pHiSD,6.309573444801929e-05,0.002,2000000,470,-0.5890625,1.4718749999999998,completed,0.06601892902183286,0.18404094175661417,9.999467167789662e-07,-1005.13636841913,762.7328995823942,178293,success_index1,S_L,gradient_tolerance,,raw_state_verified,run.py:numpy-batch
SI-pHiSD,6.309573444801929e-05,0.002,2000000,301,-0.6734375,1.378125,completed,0.0660189289829435,0.18404094175505023,9.999329805462312e-07,-1005.1363684169407,762.7328995330345,178325,success_index1,S_L,gradient_tolerance,,raw_state_verified,run.py:numpy-batch
SI-pHiSD,6.309573444801929e-05,0.002,2000000,267,-0.6921875000000001,1.359375,completed,0.06601892897447845,0.18404094175454666,9.9993252191707e-07,-1005.1363684158003,762.7328995224335,178454,success_index1,S_L,gradient_tolerance,,raw_state_verified,run.py:numpy-batch
SI-pHiSD,6.309573444801929e-05,0.002,2000000,436,-0.6078125000000001,1.453125,completed,0.06601892901265186,0.1840409417563568,9.999417220060295e-07,-1005.1363684190682,762.7328995706436,178481,success_index1,S_L,gradient_tolerance,,raw_state_verified,run.py:numpy-batch
SI-pHiSD,6.309573444801929e-05,0.002,2000000,233,-0.7109375,1.340625,completed,0.06601892896604518,0.18404094175404437,9.999839446984523e-07,-1005.136368414662,762.7328995118729,178571,success_index1,S_L,gradient_tolerance,,raw_state_verified,run.py:numpy-batch
SI-pHiSD,6.309573444801929e-05,0.002,2000000,402,-0.6265625,1.434375,completed,0.06601892900372215,0.18404094175598998,9.998934785540864e-07,-1005.1363684185344,762.7328995593164,178665,success_index1,S_L,gradient_tolerance,,raw_state_verified,run.py:numpy-batch
SI-pHiSD,6.309573444801929e-05,0.002,2000000,199,-0.7296875,1.321875,completed,0.06601892895776118,0.1840409417533337,9.998903185353896e-07,-1005.1363684126593,762.7328995016901,178678,success_index1,S_L,gradient_tolerance,,raw_state_verified,run.py:numpy-batch
SI-pHiSD,6.309573444801929e-05,0.002,2000000,165,-0.7484375000000001,1.3031249999999999,completed,0.06601892894963457,0.1840409417527649,9.99962316103093e-07,-1005.1363684112171,762.7328994915879,178771,success_index1,S_L,gradient_tolerance,,raw_state_verified,run.py:numpy-batch
SI-pHiSD,6.309573444801929e-05,0.002,2000000,368,-0.6453125000000001,1.415625,completed,0.06601892899505511,0.18404094175566915,9.999345517238695e-07,-1005.136368418159,762.7328995482916,178842,success_index1,S_L,gradient_tolerance,,raw_state_verified,run.py:numpy-batch
SI-pHiSD,6.309573444801929e-05,0.002,2000000,131,-0.7671875,1.284375,completed,0.06601892894148356,0.18404094175204597,9.99949533850256e-07,-1005.1363684091672,762.7328994815846,178850,success_index1,S_L,gradient_tolerance,,raw_state_verified,run.py:numpy-batch
SI-pHiSD,6.309573444801929e-05,0.002,2000000,503,-0.5796875,1.4906249999999999,completed,0.06601892902404603,0.18404094175670516,9.999830006130218e-07,-1005.136368419263,762.7328995852015,178853,success_index1,S_L,gradient_tolerance,,raw_state_verified,run.py:numpy-batch
SI-pHiSD,6.309573444801929e-05,0.002,2000000,97,-0.7859375000000001,1.265625,completed,0.06601892893326926,0.184040941751285,9.999526174350356e-07,-1005.1363684069523,762.7328994715368,178913,success_index1,S_L,gradient_tolerance,,raw_state_verified,run.py:numpy-batch
SI-pHiSD,6.309573444801929e-05,0.002,2000000,334,-0.6640625,1.3968749999999999,completed,0.06601892898662079,0.18404094175530009,9.999772757102748e-07,-1005.1363684175628,762.7328995376124,179011,success_index1,S_L,gradient_tolerance,,raw_state_verified,run.py:numpy-batch
SI-pHiSD,6.309573444801929e-05,0.002,2000000,469,-0.5984375000000001,1.4718749999999998,completed,0.06601892901501832,0.18404094175643237,9.999451821464524e-07,-1005.1363684191219,762.7328995736644,179080,success_index1,S_L,gradient_tolerance,,raw_state_verified,run.py:numpy-batch
SI-pHiSD,6.309573444801929e-05,0.002,2000000,300,-0.6828125,1.378125,completed,0.06601892897848884,0.18404094175478297,9.999241383489776e-07,-1005.1363684163315,762.732899527458,179172,success_index1,S_L,gradient_tolerance,,raw_state_verified,run.py:numpy-batch
SI-pHiSD,6.309573444801929e-05,0.002,2000000,435,-0.6171875,1.453125,completed,0.06601892900613697,0.18404094175607194,9.998853428873006e-07,-1005.1363684186085,762.7328995623944,179302,success_index1,S_L,gradient_tolerance,,raw_state_verified,run.py:numpy-batch
SI-pHiSD,6.309573444801929e-05,0.002,2000000,266,-0.7015625000000001,1.359375,completed,0.06601892897060119,0.1840409417543306,9.99963006791832e-07,-1005.1363684153375,762.7328995175652,179321,success_index1,S_L,gradient_tolerance,,raw_state_verified,run.py:numpy-batch
SI-pHiSD,6.309573444801929e-05,0.002,2000000,232,-0.7203125,1.340625,completed,0.06601892896273552,0.18404094175375987,9.999400771413486e-07,-1005.1363684138591,762.7328995078051,179456,success_index1,S_L,gradient_tolerance,,raw_state_verified,run.py:numpy-batch
SI-pHiSD,6.309573444801929e-05,0.002,2000000,401,-0.6359375,1.434375,completed,0.06601892899770039,0.18404094175583668,9.99978150419445e-07,-1005.1363684185567,762.7328995515954,179518,success_index1,S_L,gradient_tolerance,,raw_state_verified,run.py:numpy-batch
SI-pHiSD,6.309573444801929e-05,0.002,2000000,198,-0.7390625000000001,1.321875,completed,0.06601892895517165,0.18404094175312816,9.998862036144068e-07,-1005.1363684121006,762.7328994984922,179578,success_index1,S_L,gradient_tolerance,,raw_state_verified,run.py:numpy-batch
SI-pHiSD,6.309573444801929e-05,0.002,2000000,164,-0.7578125,1.3031249999999999,completed,0.06601892894759734,0.18404094175263294,9.999975282084587e-07,-1005.1363684108994,762.7328994890454,179681,success_index1,S_L,gradient_tolerance,,raw_state_verified,run.py:numpy-batch
SI-pHiSD,6.309573444801929e-05,0.002,2000000,502,-0.5890625,1.4906249999999999,completed,0.06601892901683606,0.1840409417564176,9.998860560043787e-07,-1005.1363684188665,762.7328995760483,179685,success_index1,S_L,gradient_tolerance,,raw_state_verified,run.py:numpy-batch
SI-pHiSD,6.309573444801929e-05,0.002,2000000,367,-0.6546875000000001,1.415625,completed,0.06601892898955469,0.18404094175534166,9.998789710727741e-07,-1005.1363684174166,762.7328995414035,179728,success_index1,S_L,gradient_tolerance,,raw_state_verified,run.py:numpy-batch
SI-pHiSD,6.309573444801929e-05,0.002,2000000,130,-0.7765625,1.284375,completed,0.06601892894015816,0.184040941751885,9.99912424631236e-07,-1005.1363684086547,762.732899479997,179769,success_index1,S_L,gradient_tolerance,,raw_state_verified,run.py:numpy-batch
SI-pHiSD,6.309573444801929e-05,0.002,2000000,357,-0.7484375000000001,1.415625,completed,1.220605101038201,4.848732785097618,21953412323.064396,2068655360.7393134,194567240895.0913,179776,state_safeguard,U,state_safeguard,source_norm2_gt_5,raw_state_verified,run.py:numpy-batch
SI-pHiSD,6.309573444801929e-05,0.002,2000000,96,-0.7953125000000001,1.265625,completed,0.06601892893253752,0.18404094175123045,9.999671976214165e-07,-1005.1363684068092,762.7328994706298,179835,success_index1,S_L,gradient_tolerance,,raw_state_verified,run.py:numpy-batch
SI-pHiSD,6.309573444801929e-05,0.002,2000000,333,-0.6734375,1.3968749999999999,completed,0.06601892898174831,0.18404094175496213,9.999145228788675e-07,-1005.1363684167105,762.732899531553,179927,success_index1,S_L,gradient_tolerance,,raw_state_verified,run.py:numpy-batch
SI-pHiSD,6.309573444801929e-05,0.002,2000000,468,-0.6078125000000001,1.4718749999999998,completed,0.06601892900815627,0.18404094175617602,9.999135018155313e-07,-1005.1363684188151,762.7328995649375,179953,success_index1,S_L,gradient_tolerance,,raw_state_verified,run.py:numpy-batch
SI-pHiSD,6.309573444801929e-05,0.002,2000000,458,-0.7015625000000001,1.4718749999999998,completed,1.2205990374274327,4.848727383352053,21951853270.17808,2068512459.0013614,194553079653.32614,180082,state_safeguard,U,state_safeguard,source_norm2_gt_5,raw_state_verified,run.py:numpy-batch
SI-pHiSD,6.309573444801929e-05,0.002,2000000,299,-0.6921875000000001,1.378125,completed,0.06601892897422253,0.18404094175452518,9.999277435992103e-07,-1005.1363684157402,762.7328995221187,180114,success_index1,S_L,gradient_tolerance,,raw_state_verified,run.py:numpy-batch
SI-pHiSD,6.309573444801929e-05,0.002,2000000,434,-0.6265625,1.453125,completed,0.06601892899979026,0.18404094175587227,9.999299938780515e-07,-1005.1363684184773,762.7328995542904,180216,success_index1,S_L,gradient_tolerance,,raw_state_verified,run.py:numpy-batch
SI-pHiSD,6.309573444801929e-05,0.002,2000000,265,-0.7109375,1.359375,completed,0.06601892896694089,0.18404094175411287,9.999896231171846e-07,-1005.1363684148439,762.7328995129816,180286,success_index1,S_L,gradient_tolerance,,raw_state_verified,run.py:numpy-batch
SI-pHiSD,6.309573444801929e-05,0.002,2000000,231,-0.7296875,1.340625,completed,0.0660189289597607,0.1840409417534825,9.998879777938694e-07,-1005.1363684130501,762.7328995041677,180442,success_index1,S_L,gradient_tolerance,,raw_state_verified,run.py:numpy-batch
SI-pHiSD,6.309573444801929e-05,0.002,2000000,400,-0.6453125000000001,1.434375,completed,0.06601892899186253,0.18404094175547658,9.998973685787259e-07,-1005.1363684177181,762.7328995442958,180473,success_index1,S_L,gradient_tolerance,,raw_state_verified,run.py:numpy-batch
SI-pHiSD,6.309573444801929e-05,0.002,2000000,197,-0.7484375000000001,1.321875,completed,0.06601892895286192,0.18404094175299074,9.999279457253895e-07,-1005.13636841179,762.7328994955992,180579,success_index1,S_L,gradient_tolerance,,raw_state_verified,run.py:numpy-batch
SI-pHiSD,6.309573444801929e-05,0.002,2000000,501,-0.5984375000000001,1.4906249999999999,completed,0.0660189290096119,0.18404094175630809,9.999863748244206e-07,-1005.1363684191962,762.7328995667206,180610,success_index1,S_L,gradient_tolerance,,raw_state_verified,run.py:numpy-batch
SI-pHiSD,6.309573444801929e-05,0.002,2000000,163,-0.7671875,1.3031249999999999,completed,0.06601892894596742,0.18404094175239927,9.999127100597968e-07,-1005.1363684101235,762.7328994871244,180695,success_index1,S_L,gradient_tolerance,,raw_state_verified,run.py:numpy-batch
SI-pHiSD,6.309573444801929e-05,0.002,2000000,366,-0.6640625,1.415625,completed,0.06601892898435793,0.18404094175512356,9.99928471900625e-07,-1005.1363684170874,762.7328995348156,180720,success_index1,S_L,gradient_tolerance,,raw_state_verified,run.py:numpy-batch
SI-pHiSD,6.309573444801929e-05,0.002,2000000,129,-0.7859375000000001,1.284375,completed,0.06601892893913516,0.18404094175187544,9.999877544960348e-07,-1005.1363684087253,762.7328994786709,180788,success_index1,S_L,gradient_tolerance,,raw_state_verified,run.py:numpy-batch
SI-pHiSD,6.309573444801929e-05,0.002,2000000,467,-0.6171875,1.4718749999999998,completed,0.06601892900136472,0.18404094175594665,9.99938226273331e-07,-1005.1363684186108,762.732899556279,180930,success_index1,S_L,gradient_tolerance,,raw_state_verified,run.py:numpy-batch
SI-pHiSD,6.309573444801929e-05,0.002,2000000,332,-0.6828125,1.3968749999999999,completed,0.06601892897710067,0.18404094175477825,9.9999467742228e-07,-1005.1363684164611,762.7328995256514,180953,success_index1,S_L,gradient_tolerance,,raw_state_verified,run.py:numpy-batch
SI-pHiSD,6.309573444801929e-05,0.002,2000000,298,-0.7015625000000001,1.378125,completed,0.06601892897021899,0.18404094175429692,9.99955523446346e-07,-1005.1363684152411,762.7328995170961,181172,success_index1,S_L,gradient_tolerance,,raw_state_verified,run.py:numpy-batch
SI-pHiSD,6.309573444801929e-05,0.002,2000000,433,-0.6359375,1.453125,completed,0.06601892899360516,0.18404094175566077,9.999872426348716e-07,-1005.1363684182804,762.7328995464076,181244,success_index1,S_L,gradient_tolerance,,raw_state_verified,run.py:numpy-batch
SI-pHiSD,6.309573444801929e-05,0.002,2000000,264,-0.7203125,1.359375,completed,0.06601892896347926,0.18404094175381233,9.999389218996635e-07,-1005.1363684139933,762.7328995087291,181371,success_index1,S_L,gradient_tolerance,,raw_state_verified,run.py:numpy-batch
SI-pHiSD,6.309573444801929e-05,0.002,2000000,230,-0.7390625000000001,1.340625,completed,0.06601892895710473,0.18404094175332208,9.999251730829106e-07,-1005.1363684126826,762.7328995008436,181550,success_index1,S_L,gradient_tolerance,,raw_state_verified,run.py:numpy-batch
SI-pHiSD,6.309573444801929e-05,0.002,2000000,399,-0.6546875000000001,1.434375,completed,0.06601892898621317,0.1840409417551855,9.99894301379727e-07,-1005.1363684171403,762.7328995371815,181550,success_index1,S_L,gradient_tolerance,,raw_state_verified,run.py:numpy-batch
SI-pHiSD,6.309573444801929e-05,0.002,2000000,500,-0.6078125000000001,1.4906249999999999,completed,0.06601892900257234,0.18404094175597333,9.99918748324878e-07,-1005.1363684185898,762.732899557831,181655,success_index1,S_L,gradient_tolerance,,raw_state_verified,run.py:numpy-batch
SI-pHiSD,6.309573444801929e-05,0.002,2000000,196,-0.7578125,1.321875,completed,0.06601892895076099,0.18404094175278313,9.99895039353912e-07,-1005.1363684111705,762.732899493041,181704,success_index1,S_L,gradient_tolerance,,raw_state_verified,run.py:numpy-batch
SI-pHiSD,6.309573444801929e-05,0.002,2000000,162,-0.7765625,1.3031249999999999,completed,0.06601892894471956,0.18404094175231528,9.99934370006012e-07,-1005.1363684099158,762.73289948557,181833,success_index1,S_L,gradient_tolerance,,raw_state_verified,run.py:numpy-batch
SI-pHiSD,6.309573444801929e-05,0.002,2000000,365,-0.6734375,1.415625,completed,0.06601892897922784,0.18404094175485206,9.999467141768853e-07,-1005.1363684165333,762.7328995283615,181842,success_index1,S_L,gradient_tolerance,,raw_state_verified,run.py:numpy-batch
SI-pHiSD,6.309573444801929e-05,0.002,2000000,128,-0.7953125000000001,1.284375,completed,0.06601892893851576,0.18404094175180713,9.999775184904496e-07,-1005.1363684085138,762.7328994779225,181932,success_index1,S_L,gradient_tolerance,,raw_state_verified,run.py:numpy-batch
SI-pHiSD,6.309573444801929e-05,0.002,2000000,466,-0.6265625,1.4718749999999998,completed,0.06601892899474138,0.1840409417557122,9.99985789489793e-07,-1005.1363684183677,762.7328995478447,182037,success_index1,S_L,gradient_tolerance,,raw_state_verified,run.py:numpy-batch
SI-pHiSD,6.309573444801929e-05,0.002,2000000,331,-0.6921875000000001,1.3968749999999999,completed,0.06601892897263258,0.18404094175448166,9.999795426667296e-07,-1005.136368415734,762.7328995200829,182118,success_index1,S_L,gradient_tolerance,,raw_state_verified,run.py:numpy-batch
SI-pHiSD,6.309573444801929e-05,0.002,2000000,297,-0.7109375,1.378125,completed,0.06601892896639162,0.18404094175399227,9.999156521430452e-07,-1005.1363684144125,762.7328995123708,182375,success_index1,S_L,gradient_tolerance,,raw_state_verified,run.py:numpy-batch
SI-pHiSD,6.309573444801929e-05,0.002,2000000,432,-0.6453125000000001,1.453125,completed,0.0660189289874975,0.18404094175528327,9.999211452600898e-07,-1005.1363684174,762.732899538771,182415,success_index1,S_L,gradient_tolerance,,raw_state_verified,run.py:numpy-batch
SI-pHiSD,6.309573444801929e-05,0.002,2000000,263,-0.7296875,1.359375,completed,0.06601892896039663,0.18404094175356503,9.99919388546488e-07,-1005.1363684133178,762.732899504925,182607,success_index1,S_L,gradient_tolerance,,raw_state_verified,run.py:numpy-batch
SI-pHiSD,6.309573444801929e-05,0.002,2000000,398,-0.6640625,1.434375,completed,0.06601892898070605,0.1840409417549433,9.999511253254915e-07,-1005.1363684167453,762.7328995302099,182781,success_index1,S_L,gradient_tolerance,,raw_state_verified,run.py:numpy-batch
SI-pHiSD,6.309573444801929e-05,0.002,2000000,229,-0.7484375000000001,1.340625,completed,0.06601892895468107,0.18404094175312602,9.999190770631745e-07,-1005.1363684121447,762.7328994978541,182812,success_index1,S_L,gradient_tolerance,,raw_state_verified,run.py:numpy-batch
SI-pHiSD,6.309573444801929e-05,0.002,2000000,499,-0.6171875,1.4906249999999999,completed,0.0660189289954015,0.18404094175571478,9.999610728333949e-07,-1005.1363684183076,762.7328995487035,182844,success_index1,S_L,gradient_tolerance,,raw_state_verified,run.py:numpy-batch
SI-pHiSD,6.309573444801929e-05,0.002,2000000,195,-0.7671875,1.321875,completed,0.06601892894921935,0.18404094175268632,9.999228113604017e-07,-1005.1363684109422,762.7328994911147,182987,success_index1,S_L,gradient_tolerance,,raw_state_verified,run.py:numpy-batch
SI-pHiSD,6.309573444801929e-05,0.002,2000000,161,-0.7859375000000001,1.3031249999999999,completed,0.06601892894376088,0.18404094175217459,9.998832740279729e-07,-1005.1363684094456,762.7328994844429,183128,success_index1,S_L,gradient_tolerance,,raw_state_verified,run.py:numpy-batch
SI-pHiSD,6.309573444801929e-05,0.002,2000000,364,-0.6828125,1.415625,completed,0.06601892897438416,0.18404094175454117,9.9993293431721e-07,-1005.1363684157883,762.7328995223155,183132,success_index1,S_L,gradient_tolerance,,raw_state_verified,run.py:numpy-batch
SI-pHiSD,6.309573444801929e-05,0.002,2000000,465,-0.6359375,1.4718749999999998,completed,0.0660189289881728,0.184040941755322,9.999244503267249e-07,-1005.1363684174852,762.7328995396181,183310,success_index1,S_L,gradient_tolerance,,raw_state_verified,run.py:numpy-batch
SI-pHiSD,6.309573444801929e-05,0.002,2000000,330,-0.7015625000000001,1.3968749999999999,completed,0.06601892896847181,0.18404094175415875,9.999367941860563e-07,-1005.1363684148669,762.732899514938,183462,success_index1,S_L,gradient_tolerance,,raw_state_verified,run.py:numpy-batch
SI-pHiSD,6.309573444801929e-05,0.002,2000000,391,-0.7296875,1.434375,completed,1.220601871015503,4.84872986504958,21952575374.670853,2068578643.752487,194559638781.5753,183565,state_safeguard,U,state_safeguard,source_norm2_gt_5,raw_state_verified,run.py:numpy-batch
SI-pHiSD,6.309573444801929e-05,0.002,2000000,296,-0.7203125,1.378125,completed,0.0660189289629049,0.18404094175375785,9.999272266256444e-07,-1005.1363684138331,762.7328995080279,183766,success_index1,S_L,gradient_tolerance,,raw_state_verified,run.py:numpy-batch
SI-pHiSD,6.309573444801929e-05,0.002,2000000,431,-0.6546875000000001,1.453125,completed,0.06601892898146007,0.18404094175493857,9.99908141922759e-07,-1005.1363684166458,762.7328995311973,183769,success_index1,S_L,gradient_tolerance,,raw_state_verified,run.py:numpy-batch
SI-pHiSD,6.309573444801929e-05,0.002,2000000,262,-0.7390625000000001,1.359375,completed,0.06601892895761696,0.18404094175331662,9.99884910529615e-07,-1005.1363684126053,762.7328995015167,184039,success_index1,S_L,gradient_tolerance,,raw_state_verified,run.py:numpy-batch
SI-pHiSD,6.309573444801929e-05,0.002,2000000,397,-0.6734375,1.434375,completed,0.06601892897533339,0.1840409417546664,9.999918388960033e-07,-1005.1363684161956,762.7328995234441,184215,success_index1,S_L,gradient_tolerance,,raw_state_verified,run.py:numpy-batch
SI-pHiSD,6.309573444801929e-05,0.002,2000000,498,-0.6265625,1.4906249999999999,completed,0.0660189289884928,0.18404094175537766,9.999594285593329e-07,-1005.1363684176772,762.7328995399868,184227,success_index1,S_L,gradient_tolerance,,raw_state_verified,run.py:numpy-batch
SI-pHiSD,6.309573444801929e-05,0.002,2000000,228,-0.7578125,1.340625,completed,0.06601892895271778,0.1840409417530548,9.999958950018702e-07,-1005.1363684120657,762.7328994953556,184276,success_index1,S_L,gradient_tolerance,,raw_state_verified,run.py:numpy-batch
SI-pHiSD,6.309573444801929e-05,0.002,2000000,194,-0.7765625,1.321875,completed,0.06601892894787979,0.18404094175253813,9.998908165379683e-07,-1005.1363684104829,762.7328994894972,184474,success_index1,S_L,gradient_tolerance,,raw_state_verified,run.py:numpy-batch
SI-pHiSD,6.309573444801929e-05,0.002,2000000,160,-0.7953125000000001,1.3031249999999999,completed,0.0660189289432273,0.18404094175214464,9.998986190009255e-07,-1005.1363684093812,762.732899483773,184628,success_index1,S_L,gradient_tolerance,,raw_state_verified,run.py:numpy-batch
SI-pHiSD,6.309573444801929e-05,0.002,2000000,363,-0.6921875000000001,1.415625,completed,0.06601892896965937,0.1840409417542175,9.999177789270071e-07,-1005.1363684149784,762.732899516436,184643,success_index1,S_L,gradient_tolerance,,raw_state_verified,run.py:numpy-batch
SI-pHiSD,6.309573444801929e-05,0.002,2000000,464,-0.6453125000000001,1.4718749999999998,completed,0.06601892898175483,0.1840409417549278,9.998834831902301e-07,-1005.1363684165702,762.7328995315914,184803,success_index1,S_L,gradient_tolerance,,raw_state_verified,run.py:numpy-batch
SI-pHiSD,6.309573444801929e-05,0.002,2000000,329,-0.7109375,1.3968749999999999,completed,0.06601892896444657,0.18404094175386362,9.999229303902991e-07,-1005.136368414098,762.7328995099458,185044,success_index1,S_L,gradient_tolerance,,raw_state_verified,run.py:numpy-batch
SI-pHiSD,6.309573444801929e-05,0.002,2000000,430,-0.6640625,1.453125,completed,0.06601892897561953,0.18404094175460273,9.999189082647903e-07,-1005.136368415906,762.732899523873,185373,success_index1,S_L,gradient_tolerance,,raw_state_verified,run.py:numpy-batch
SI-pHiSD,6.309573444801929e-05,0.002,2000000,295,-0.7296875,1.378125,completed,0.06601892895973267,0.1840409417535587,9.999582251523106e-07,-1005.1363684133634,762.7328995040643,185412,success_index1,S_L,gradient_tolerance,,raw_state_verified,run.py:numpy-batch
SI-pHiSD,6.309573444801929e-05,0.002,2000000,261,-0.7484375000000001,1.359375,completed,0.06601892895520405,0.18404094175322297,9.999690791056582e-07,-1005.1363684124832,762.732899498451,185738,success_index1,S_L,gradient_tolerance,,raw_state_verified,run.py:numpy-batch
SI-pHiSD,6.309573444801929e-05,0.002,2000000,497,-0.6359375,1.4906249999999999,completed,0.06601892898147106,0.18404094175503846,9.999968495460117e-07,-1005.1363684170508,762.7328995311244,185870,success_index1,S_L,gradient_tolerance,,raw_state_verified,run.py:numpy-batch
SI-pHiSD,6.309573444801929e-05,0.002,2000000,396,-0.6828125,1.434375,completed,0.06601892897013839,0.18404094175423893,9.99908357891449e-07,-1005.136368415014,762.7328995170421,185931,success_index1,S_L,gradient_tolerance,,raw_state_verified,run.py:numpy-batch
SI-pHiSD,6.309573444801929e-05,0.002,2000000,227,-0.7671875,1.340625,completed,0.06601892895100528,0.18404094175278474,9.998784687742645e-07,-1005.136368411151,762.7328994933579,186018,success_index1,S_L,gradient_tolerance,,raw_state_verified,run.py:numpy-batch
SI-pHiSD,6.309573444801929e-05,0.002,2000000,193,-0.7859375000000001,1.321875,completed,0.06601892894712191,0.18404094175254085,9.999510788044659e-07,-1005.1363684105755,762.732899488506,186244,success_index1,S_L,gradient_tolerance,,raw_state_verified,run.py:numpy-batch
SI-pHiSD,6.309573444801929e-05,0.002,2000000,94,-0.5140625000000001,1.246875,completed,0.0660189292783624,0.1840409417328932,9.999835037397113e-07,-1005.136368295089,762.7328999378304,186388,success_index1,S_L,gradient_tolerance,,raw_state_verified,run.py:numpy-batch
SI-pHiSD,6.309573444801929e-05,0.002,2000000,362,-0.7015625000000001,1.415625,completed,0.06601892896520781,0.18404094175394412,9.999467601279439e-07,-1005.1363684143437,762.7328995108686,186466,success_index1,S_L,gradient_tolerance,,raw_state_verified,run.py:numpy-batch
SI-pHiSD,6.309573444801929e-05,0.002,2000000,463,-0.6546875000000001,1.4718749999999998,completed,0.06601892897539201,0.184040941754668,9.999899966174342e-07,-1005.1363684161961,762.7328995235189,186603,success_index1,S_L,gradient_tolerance,,raw_state_verified,run.py:numpy-batch
SI-pHiSD,6.309573444801929e-05,0.002,2000000,328,-0.7203125,1.3968749999999999,completed,0.06601892896084989,0.1840409417536387,9.99955305319842e-07,-1005.1363684135689,762.7328995054513,186969,success_index1,S_L,gradient_tolerance,,raw_state_verified,run.py:numpy-batch
SI-pHiSD,6.309573444801929e-05,0.002,2000000,256,-0.7953125000000001,1.359375,completed,1.2206021299692764,4.848730104310002,21952643252.51369,2068584865.9723082,194560255314.29626,187048,state_safeguard,U,state_safeguard,source_norm2_gt_5,raw_state_verified,run.py:numpy-batch
SI-pHiSD,6.309573444801929e-05,0.002,2000000,429,-0.6734375,1.453125,completed,0.06601892896997089,0.18404094175428523,9.999598251927822e-07,-1005.1363684152207,762.7328995167826,187338,success_index1,S_L,gradient_tolerance,,raw_state_verified,run.py:numpy-batch
SI-pHiSD,6.309573444801929e-05,0.002,2000000,294,-0.7390625000000001,1.378125,completed,0.06601892895675021,0.18404094175337554,9.999977756660847e-07,-1005.1363684129385,762.7328995003339,187426,success_index1,S_L,gradient_tolerance,,raw_state_verified,run.py:numpy-batch
SI-pHiSD,6.309573444801929e-05,0.002,2000000,260,-0.7578125,1.359375,completed,0.06601892895320483,0.1840409417529923,9.999045272549842e-07,-1005.1363684117592,762.7328994960457,187831,success_index1,S_L,gradient_tolerance,,raw_state_verified,run.py:numpy-batch
SI-pHiSD,6.309573444801929e-05,0.002,2000000,496,-0.6453125000000001,1.4906249999999999,completed,0.06601892897458972,0.18404094175456598,9.999435772509688e-07,-1005.1363684158669,762.7328995225622,187898,success_index1,S_L,gradient_tolerance,,raw_state_verified,run.py:numpy-batch
SI-pHiSD,6.309573444801929e-05,0.002,2000000,492,-0.6828125,1.4906249999999999,completed,1.2206019815722762,4.8487299526542476,21952602154.138897,2068581097.6013296,194559882048.0467,188022,state_safeguard,U,state_safeguard,source_norm2_gt_5,raw_state_verified,run.py:numpy-batch
SI-pHiSD,6.309573444801929e-05,0.002,2000000,395,-0.6921875000000001,1.434375,completed,0.06601892896520249,0.18404094175398786,9.999862846640164e-07,-1005.1363684145227,762.7328995108229,188063,success_index1,S_L,gradient_tolerance,,raw_state_verified,run.py:numpy-batch
SI-pHiSD,6.309573444801929e-05,0.002,2000000,226,-0.7765625,1.340625,completed,0.0660189289497631,0.18404094175280702,9.999906121791142e-07,-1005.1363684113749,762.7328994917181,188167,success_index1,S_L,gradient_tolerance,,raw_state_verified,run.py:numpy-batch
SI-pHiSD,6.309573444801929e-05,0.002,2000000,192,-0.7953125000000001,1.321875,completed,0.06601892894660955,0.184040941752545,9.99994138657581e-07,-1005.1363684106473,762.7328994878341,188430,success_index1,S_L,gradient_tolerance,,raw_state_verified,run.py:numpy-batch
SI-pHiSD,6.309573444801929e-05,0.002,2000000,361,-0.7109375,1.415625,completed,0.06601892896094787,0.18404094175356697,9.998844907365864e-07,-1005.136368413267,762.732899505642,188765,success_index1,S_L,gradient_tolerance,,raw_state_verified,run.py:numpy-batch
SI-pHiSD,6.309573444801929e-05,0.002,2000000,462,-0.6640625,1.4718749999999998,completed,0.06601892896911735,0.1840409417541958,9.999309467306057e-07,-1005.1363684149484,762.7328995157476,188875,success_index1,S_L,gradient_tolerance,,raw_state_verified,run.py:numpy-batch
SI-pHiSD,6.309573444801929e-05,0.002,2000000,327,-0.7296875,1.3968749999999999,completed,0.06601892895735402,0.1840409417533251,9.999106593629826e-07,-1005.1363684126686,762.732899501166,189427,success_index1,S_L,gradient_tolerance,,raw_state_verified,run.py:numpy-batch
SI-pHiSD,6.309573444801929e-05,0.002,2000000,428,-0.6828125,1.453125,completed,0.066018928964347,0.18404094175383973,9.99907831654872e-07,-1005.1363684140115,762.7328995098374,189876,success_index1,S_L,gradient_tolerance,,raw_state_verified,run.py:numpy-batch
SI-pHiSD,6.309573444801929e-05,0.002,2000000,293,-0.7484375000000001,1.378125,completed,0.06601892895425553,0.18404094175312913,9.999521054369195e-07,-1005.1363684122034,762.7328994972959,190031,success_index1,S_L,gradient_tolerance,,raw_state_verified,run.py:numpy-batch
SI-pHiSD,6.309573444801929e-05,0.002,2000000,495,-0.6546875000000001,1.4906249999999999,completed,0.06601892896774557,0.18404094175415422,9.999770872792758e-07,-1005.1363684149266,762.7328995139948,190545,success_index1,S_L,gradient_tolerance,,raw_state_verified,run.py:numpy-batch
SI-pHiSD,6.309573444801929e-05,0.002,2000000,259,-0.7671875,1.359375,completed,0.06601892895145987,0.18404094175295388,9.999969837603399e-07,-1005.1363684117902,762.7328994938031,190557,success_index1,S_L,gradient_tolerance,,raw_state_verified,run.py:numpy-batch
SI-pHiSD,6.309573444801929e-05,0.002,2000000,394,-0.7015625000000001,1.434375,completed,0.06601892896033881,0.18404094175365016,9.99999656702105e-07,-1005.1363684136704,762.7328995047748,190886,success_index1,S_L,gradient_tolerance,,raw_state_verified,run.py:numpy-batch
SI-pHiSD,6.309573444801929e-05,0.002,2000000,225,-0.7859375000000001,1.340625,completed,0.0660189289488846,0.18404094175263094,9.998982112626737e-07,-1005.1363684107529,762.7328994907267,190988,success_index1,S_L,gradient_tolerance,,raw_state_verified,run.py:numpy-batch
SI-pHiSD,6.309573444801929e-05,0.002,2000000,290,-0.7765625,1.378125,completed,1.2206022417181939,4.848730196814031,21952670919.03914,2068587401.3886638,194560506630.2682,191636,state_safeguard,U,state_safeguard,source_norm2_gt_5,raw_state_verified,run.py:numpy-batch
SI-pHiSD,6.309573444801929e-05,0.002,2000000,360,-0.7203125,1.415625,completed,0.06601892895697214,0.1840409417532762,9.998931560251786e-07,-1005.13636841251,762.732899500711,191887,success_index1,S_L,gradient_tolerance,,raw_state_verified,run.py:numpy-batch
SI-pHiSD,6.309573444801929e-05,0.002,2000000,461,-0.6734375,1.4718749999999998,completed,0.06601892896294868,0.1840409417538017,9.999637290374886e-07,-1005.1363684140066,762.7328995080462,191959,success_index1,S_L,gradient_tolerance,,raw_state_verified,run.py:numpy-batch
SI-pHiSD,6.309573444801929e-05,0.002,2000000,326,-0.7390625000000001,1.3968749999999999,completed,0.06601892895421681,0.18404094175305452,9.998878966162475e-07,-1005.1363684119036,762.7328994973111,192849,success_index1,S_L,gradient_tolerance,,raw_state_verified,run.py:numpy-batch
SI-pHiSD,6.309573444801929e-05,0.002,2000000,427,-0.6921875000000001,1.453125,completed,0.06601892895893308,0.18404094175352634,9.999832428528884e-07,-1005.1363684133178,762.7328995030495,193479,success_index1,S_L,gradient_tolerance,,raw_state_verified,run.py:numpy-batch
SI-pHiSD,6.309573444801929e-05,0.002,2000000,292,-0.7578125,1.378125,completed,0.06601892895198302,0.18404094175293134,9.999384370632746e-07,-1005.1363684116423,762.732899494505,193738,success_index1,S_L,gradient_tolerance,,raw_state_verified,run.py:numpy-batch
SI-pHiSD,6.309573444801929e-05,0.002,2000000,425,-0.7109375,1.453125,completed,1.220607270368241,4.848734685677599,21953965285.99606,2068706042.7156606,194572263657.89938,193854,state_safeguard,U,state_safeguard,source_norm2_gt_5,raw_state_verified,run.py:numpy-batch
SI-pHiSD,6.309573444801929e-05,0.002,2000000,494,-0.6640625,1.4906249999999999,completed,0.06601892896092319,0.18404094175362992,9.999425921754365e-07,-1005.1363684135256,762.7328995055547,194384,success_index1,S_L,gradient_tolerance,,raw_state_verified,run.py:numpy-batch
SI-pHiSD,6.309573444801929e-05,0.002,2000000,258,-0.7765625,1.359375,completed,0.0660189289500469,0.18404094175275137,9.999194509866479e-07,-1005.1363684111178,762.7328994921373,194514,success_index1,S_L,gradient_tolerance,,raw_state_verified,run.py:numpy-batch
SI-pHiSD,6.309573444801929e-05,0.002,2000000,393,-0.7109375,1.434375,completed,0.06601892895568982,0.18404094175322183,9.999338142757537e-07,-1005.1363684124265,762.7328994990858,195104,success_index1,S_L,gradient_tolerance,,raw_state_verified,run.py:numpy-batch
SI-pHiSD,6.309573444801929e-05,0.002,2000000,224,-0.7953125000000001,1.340625,completed,0.06601892894847151,0.1840409417526793,9.999728228569081e-07,-1005.1363684109939,762.7328994901453,195135,success_index1,S_L,gradient_tolerance,,raw_state_verified,run.py:numpy-batch
SI-pHiSD,6.309573444801929e-05,0.002,2000000,359,-0.7296875,1.415625,completed,0.0660189289533013,0.1840409417530951,9.999899347255795e-07,-1005.1363684121675,762.7328994960809,196821,success_index1,S_L,gradient_tolerance,,raw_state_verified,run.py:numpy-batch
SI-pHiSD,6.309573444801929e-05,0.002,2000000,460,-0.6828125,1.4718749999999998,completed,0.06601892895673293,0.18404094175324326,9.998802357746037e-07,-1005.1363684124017,762.7328995004276,196822,success_index1,S_L,gradient_tolerance,,raw_state_verified,run.py:numpy-batch
SI-pHiSD,6.309573444801929e-05,0.002,2000000,325,-0.7484375000000001,1.3968749999999999,completed,0.06601892895138518,0.18404094175286176,9.99919729081788e-07,-1005.1363684114235,762.7328994937859,198598,success_index1,S_L,gradient_tolerance,,raw_state_verified,run.py:numpy-batch
SI-pHiSD,6.309573444801929e-05,0.002,2000000,426,-0.7015625000000001,1.453125,completed,0.06601892895358984,0.1840409417530419,9.999213775930644e-07,-1005.1363684119196,762.7328994965042,199844,success_index1,S_L,gradient_tolerance,,raw_state_verified,run.py:numpy-batch
SI-pHiSD,6.309573444801929e-05,0.002,2000000,291,-0.7671875,1.378125,completed,0.06601892895003648,0.1840409417527399,9.9990994384117e-07,-1005.1363684110726,762.7328994921337,200371,success_index1,S_L,gradient_tolerance,,raw_state_verified,run.py:numpy-batch
SI-pHiSD,6.309573444801929e-05,0.002,2000000,493,-0.6734375,1.4906249999999999,completed,0.06601892895401534,0.18404094175315602,9.999934119185635e-07,-1005.1363684123385,762.7328994969592,201587,success_index1,S_L,gradient_tolerance,,raw_state_verified,run.py:numpy-batch
SI-pHiSD,6.309573444801929e-05,0.002,2000000,257,-0.7859375000000001,1.359375,completed,0.06601892894920573,0.1840409417527656,9.999951278412885e-07,-1005.1363684112665,762.7328994910271,202027,success_index1,S_L,gradient_tolerance,,raw_state_verified,run.py:numpy-batch
SI-pHiSD,6.309573444801929e-05,0.002,2000000,392,-0.7203125,1.434375,completed,0.06601892895124918,0.1840409417528605,9.999285464324636e-07,-1005.1363684114331,762.7328994936101,203873,success_index1,S_L,gradient_tolerance,,raw_state_verified,run.py:numpy-batch
SI-pHiSD,6.309573444801929e-05,0.002,2000000,459,-0.6921875000000001,1.4718749999999998,completed,0.06601892895049707,0.18404094175276567,9.998988828736e-07,-1005.1363684111275,762.7328994927119,209726,success_index1,S_L,gradient_tolerance,,raw_state_verified,run.py:numpy-batch
SI-pHiSD,6.309573444801929e-05,0.002,2000000,358,-0.7390625000000001,1.415625,completed,0.06601892894963915,0.18404094175280028,9.999937825836528e-07,-1005.1363684113608,762.7328994915624,210211,success_index1,S_L,gradient_tolerance,,raw_state_verified,run.py:numpy-batch
SI-pHiSD,6.309573444801929e-05,0.002,2000000,324,-0.7578125,1.3968749999999999,completed,0.06601892894877033,0.18404094175263777,9.999129640257563e-07,-1005.136368410793,762.7328994905714,236427,success_index1,S_L,gradient_tolerance,,raw_state_verified,run.py:numpy-batch
