method,eta,tau,budget,start_id,x0,y0,execution_status,raw_x,raw_y,grad_norm,lambda1,lambda2,n_outer_updates,terminal_category,endpoint,stop_reason,failure_reason,certification_reason,source
SI-pHiSD,0.00015848931924611142,0.002,2000000,448,-0.7953125000000001,1.4718749999999998,completed,1.219185213985924,4.849087422779044,21833663435.881752,2057788014.8870533,193476298547.10632,64156,state_safeguard,U,state_safeguard,source_norm2_gt_5,raw_state_verified,run.py:numpy-batch
SI-pHiSD,0.00015848931924611142,0.002,2000000,416,-0.7953125000000001,1.453125,completed,1.219238843601868,4.849091164402139,21840752198.459286,2058434906.639135,193540768277.24298,64271,state_safeguard,U,state_safeguard,source_norm2_gt_5,raw_state_verified,run.py:numpy-batch
SI-pHiSD,0.00015848931924611142,0.002,2000000,449,-0.7859375000000001,1.4718749999999998,completed,1.2192152143916128,4.849102107203489,21839523236.589447,2058324405.6268792,193529541530.2524,64318,state_safeguard,U,state_safeguard,source_norm2_gt_5,raw_state_verified,run.py:numpy-batch
SI-pHiSD,0.00015848931924611142,0.002,2000000,450,-0.7765625,1.4718749999999998,completed,1.2192031114780273,4.849082554178997,21835108514.53246,2057919086.5922637,193489465136.07245,64533,state_safeguard,U,state_safeguard,source_norm2_gt_5,raw_state_verified,run.py:numpy-batch
SI-pHiSD,0.00015848931924611142,0.002,2000000,417,-0.7859375000000001,1.453125,completed,1.2192365465254702,4.84908714140704,21839867247.905914,2058353644.2096276,193532735204.92242,64544,state_safeguard,U,state_safeguard,source_norm2_gt_5,raw_state_verified,run.py:numpy-batch
SI-pHiSD,0.00015848931924611142,0.002,2000000,481,-0.7859375000000001,1.4906249999999999,completed,1.2191232501608018,4.849108940062365,21829362262.41899,2057398886.3761373,193437079133.4369,64597,state_safeguard,U,state_safeguard,source_norm2_gt_5,raw_state_verified,run.py:numpy-batch
SI-pHiSD,0.00015848931924611142,0.002,2000000,480,-0.7953125000000001,1.4906249999999999,completed,1.2191180184179082,4.849123405941671,21830901723.40972,2057541314.1859412,193451021278.67688,64604,state_safeguard,U,state_safeguard,source_norm2_gt_5,raw_state_verified,run.py:numpy-batch
SI-pHiSD,0.00015848931924611142,0.002,2000000,482,-0.7765625,1.4906249999999999,completed,1.2191482310126847,4.849106004363491,21831959456.771187,2057635285.7785077,193460717969.01367,64624,state_safeguard,U,state_safeguard,source_norm2_gt_5,raw_state_verified,run.py:numpy-batch
SI-pHiSD,0.00015848931924611142,0.002,2000000,384,-0.7953125000000001,1.434375,completed,1.2192400642418548,4.849080214608007,21839253008.497993,2058296652.3416953,193527177239.9088,64690,state_safeguard,U,state_safeguard,source_norm2_gt_5,raw_state_verified,run.py:numpy-batch
SI-pHiSD,0.00015848931924611142,0.002,2000000,483,-0.7671875,1.4906249999999999,completed,1.2191777060228222,4.849110888813865,21836280328.396732,2058029963.3321462,193500003408.54828,64732,state_safeguard,U,state_safeguard,source_norm2_gt_5,raw_state_verified,run.py:numpy-batch
SI-pHiSD,0.00015848931924611142,0.002,2000000,451,-0.7671875,1.4718749999999998,completed,1.2192033445553425,4.8490769965950475,21834300765.883766,2057844644.8557024,193482140990.85107,64806,state_safeguard,U,state_safeguard,source_norm2_gt_5,raw_state_verified,run.py:numpy-batch
SI-pHiSD,0.00015848931924611142,0.002,2000000,418,-0.7765625,1.453125,completed,1.2192229168951958,4.849074452035458,21836299343.35902,2058026515.4052753,193500332739.61682,64874,state_safeguard,U,state_safeguard,source_norm2_gt_5,raw_state_verified,run.py:numpy-batch
SI-pHiSD,0.00015848931924611142,0.002,2000000,484,-0.7578125,1.4906249999999999,completed,1.21916839137192,4.849085751752929,21831365504.064346,2057578248.5285027,193455401764.58398,64915,state_safeguard,U,state_safeguard,source_norm2_gt_5,raw_state_verified,run.py:numpy-batch
SI-pHiSD,0.00015848931924611142,0.002,2000000,385,-0.7859375000000001,1.434375,completed,1.2192467513470615,4.8490878777218365,21841220000.161137,2058477093.5134645,193545037948.3466,65071,state_safeguard,U,state_safeguard,source_norm2_gt_5,raw_state_verified,run.py:numpy-batch
SI-pHiSD,0.00015848931924611142,0.002,2000000,452,-0.7578125,1.4718749999999998,completed,1.2192316001642869,4.849098909735621,21841036221.925526,2058461905.6914628,193543318779.72476,65146,state_safeguard,U,state_safeguard,source_norm2_gt_5,raw_state_verified,run.py:numpy-batch
SI-pHiSD,0.00015848931924611142,0.002,2000000,485,-0.7484375000000001,1.4906249999999999,completed,1.2191972710942516,4.849099270362502,21836912892.116295,2058085988.8198764,193505807631.26978,65174,state_safeguard,U,state_safeguard,source_norm2_gt_5,raw_state_verified,run.py:numpy-batch
SI-pHiSD,0.00015848931924611142,0.002,2000000,419,-0.7671875,1.453125,completed,1.2192355979499985,4.849086716777249,21839687910.304344,2058337231.7134995,193531105605.63477,65276,state_safeguard,U,state_safeguard,source_norm2_gt_5,raw_state_verified,run.py:numpy-batch
SI-pHiSD,0.00015848931924611142,0.002,2000000,352,-0.7953125000000001,1.415625,completed,1.2192313518212647,4.8490724887921886,21837030318.24828,2058092887.1406324,193506990769.50635,65377,state_safeguard,U,state_safeguard,source_norm2_gt_5,raw_state_verified,run.py:numpy-batch
SI-pHiSD,0.00015848931924611142,0.002,2000000,486,-0.7390625000000001,1.4906249999999999,completed,1.2192017075522619,4.849093828734203,21836633977.87306,2058059783.2666333,193503293728.1909,65513,state_safeguard,U,state_safeguard,source_norm2_gt_5,raw_state_verified,run.py:numpy-batch
SI-pHiSD,0.00015848931924611142,0.002,2000000,386,-0.7765625,1.434375,completed,1.219248930256406,4.849092428134107,21842169999.008762,2058564361.9698653,193553660509.70108,65536,state_safeguard,U,state_safeguard,source_norm2_gt_5,raw_state_verified,run.py:numpy-batch
SI-pHiSD,0.00015848931924611142,0.002,2000000,453,-0.7484375000000001,1.4718749999999998,completed,1.2192307100714683,4.849096065845569,21840499926.534084,2058412601.514746,193538452339.02612,65566,state_safeguard,U,state_safeguard,source_norm2_gt_5,raw_state_verified,run.py:numpy-batch
SI-pHiSD,0.00015848931924611142,0.002,2000000,420,-0.7578125,1.453125,completed,1.219222722689637,4.849076743330264,21836620452.900066,2058056120.3055015,193503244008.24695,65770,state_safeguard,U,state_safeguard,source_norm2_gt_5,raw_state_verified,run.py:numpy-batch
SI-pHiSD,0.00015848931924611142,0.002,2000000,353,-0.7859375000000001,1.415625,completed,1.219232159142126,4.849076084486499,21837669574.00633,2058151686.33839,193512790590.05194,65919,state_safeguard,U,state_safeguard,source_norm2_gt_5,raw_state_verified,run.py:numpy-batch
SI-pHiSD,0.00015848931924611142,0.002,2000000,487,-0.7296875,1.4906249999999999,completed,1.2192098078802638,4.849094273439658,21837686554.723583,2058155821.4301143,193512867008.114,65951,state_safeguard,U,state_safeguard,source_norm2_gt_5,raw_state_verified,run.py:numpy-batch
SI-pHiSD,0.00015848931924611142,0.002,2000000,26,-0.5515625000000001,1.2093749999999999,completed,0.066018928602189,0.18404094167654267,9.999709829613273e-07,-1005.1363681383895,762.7328991051756,65998,success_index1,S_L,gradient_tolerance,,raw_state_verified,run.py:numpy-batch
SI-pHiSD,0.00015848931924611142,0.002,2000000,60,-0.5328125000000001,1.228125,completed,0.06601892861369651,0.1840409416804038,9.998226058874026e-07,-1005.1363681528637,762.7328991168021,66069,success_index1,S_L,gradient_tolerance,,raw_state_verified,run.py:numpy-batch
SI-pHiSD,0.00015848931924611142,0.002,2000000,454,-0.7390625000000001,1.4718749999999998,completed,1.2192291960816943,4.849093932498081,21839994640.662495,2058366225.8463907,193533864942.77283,66094,state_safeguard,U,state_safeguard,source_norm2_gt_5,raw_state_verified,run.py:numpy-batch
SI-pHiSD,0.00015848931924611142,0.002,2000000,387,-0.7671875,1.434375,completed,1.2192350079548555,4.84908294092612,21839047932.04693,2058278341.0937414,193525299974.8883,66115,state_safeguard,U,state_safeguard,source_norm2_gt_5,raw_state_verified,run.py:numpy-batch
SI-pHiSD,0.00015848931924611142,0.002,2000000,27,-0.5421875,1.2093749999999999,completed,0.06601892869663947,0.18404094170624438,9.997151320889414e-07,-1005.1363682490964,762.7328992023448,66149,success_index1,S_L,gradient_tolerance,,raw_state_verified,run.py:numpy-batch
SI-pHiSD,0.00015848931924611142,0.002,2000000,61,-0.5234375,1.228125,completed,0.066018928719153,0.18404094171237906,9.997214138306962e-07,-1005.1363682716398,762.7328992263348,66226,success_index1,S_L,gradient_tolerance,,raw_state_verified,run.py:numpy-batch
SI-pHiSD,0.00015848931924611142,0.002,2000000,28,-0.5328125000000001,1.2093749999999999,completed,0.06601892877138058,0.1840409417250976,9.997281326183037e-07,-1005.1363683177811,762.7328992833145,66304,success_index1,S_L,gradient_tolerance,,raw_state_verified,run.py:numpy-batch
SI-pHiSD,0.00015848931924611142,0.002,2000000,95,-0.5046875000000001,1.246875,completed,0.06601892874208867,0.18404094171837304,9.99861221838049e-07,-1005.1363682935653,762.7328992509989,66305,success_index1,S_L,gradient_tolerance,,raw_state_verified,run.py:numpy-batch
SI-pHiSD,0.00015848931924611142,0.002,2000000,29,-0.5234375,1.2093749999999999,completed,0.06601892880419197,0.18404094173229132,9.999876652057642e-07,-1005.136368343528,762.7328993198091,66378,success_index1,S_L,gradient_tolerance,,raw_state_verified,run.py:numpy-batch
SI-pHiSD,0.00015848931924611142,0.002,2000000,421,-0.7484375000000001,1.453125,completed,1.2192189646430935,4.849075612136231,21835992988.23569,2057998746.6306987,193497540881.45087,66395,state_safeguard,U,state_safeguard,source_norm2_gt_5,raw_state_verified,run.py:numpy-batch
SI-pHiSD,0.00015848931924611142,0.002,2000000,62,-0.5140625000000001,1.228125,completed,0.0660189288027662,0.18404094173174787,9.997500203950108e-07,-1005.1363683414702,762.7328993184258,66397,success_index1,S_L,gradient_tolerance,,raw_state_verified,run.py:numpy-batch
SI-pHiSD,0.00015848931924611142,0.002,2000000,30,-0.5140625000000001,1.2093749999999999,completed,0.06601892882651836,0.18404094173645125,9.999281874629431e-07,-1005.1363683580568,762.7328993452869,66434,success_index1,S_L,gradient_tolerance,,raw_state_verified,run.py:numpy-batch
SI-pHiSD,0.00015848931924611142,0.002,2000000,320,-0.7953125000000001,1.3968749999999999,completed,1.2192393627307483,4.8490835871602505,21839675131.028465,2058335621.3755524,193531002784.58264,66443,state_safeguard,U,state_safeguard,source_norm2_gt_5,raw_state_verified,run.py:numpy-batch
SI-pHiSD,0.00015848931924611142,0.002,2000000,31,-0.5046875000000001,1.2093749999999999,completed,0.0660189288448518,0.18404094173967223,9.99965676836792e-07,-1005.136368369194,762.7328993663787,66481,success_index1,S_L,gradient_tolerance,,raw_state_verified,run.py:numpy-batch
SI-pHiSD,0.00015848931924611142,0.002,2000000,63,-0.5046875000000001,1.228125,completed,0.0660189288398298,0.18404094173885177,9.999880278180803e-07,-1005.136368366395,762.7328993605466,66482,success_index1,S_L,gradient_tolerance,,raw_state_verified,run.py:numpy-batch
SI-pHiSD,0.00015848931924611142,0.002,2000000,488,-0.7203125,1.4906249999999999,completed,1.2192095939607008,4.849089341962476,21836918521.30843,2058085090.1262624,193505901444.39975,66521,state_safeguard,U,state_safeguard,source_norm2_gt_5,raw_state_verified,run.py:numpy-batch
SI-pHiSD,0.00015848931924611142,0.002,2000000,354,-0.7765625,1.415625,completed,1.219227611205348,4.849075347379901,21837005257.28855,2058091008.5837913,193506750525.88617,66612,state_safeguard,U,state_safeguard,source_norm2_gt_5,raw_state_verified,run.py:numpy-batch
SI-pHiSD,0.00015848931924611142,0.002,2000000,455,-0.7296875,1.4718749999999998,completed,1.21921672712007,4.849082830031281,21836806707.171303,2058073968.7307081,193504912226.0749,66777,state_safeguard,U,state_safeguard,source_norm2_gt_5,raw_state_verified,run.py:numpy-batch
SI-pHiSD,0.00015848931924611142,0.002,2000000,388,-0.7578125,1.434375,completed,1.2192406566961678,4.849091613998841,21841040518.10527,2058461259.6992924,193543389174.4784,66866,state_safeguard,U,state_safeguard,source_norm2_gt_5,raw_state_verified,run.py:numpy-batch
SI-pHiSD,0.00015848931924611142,0.002,2000000,422,-0.7390625000000001,1.453125,completed,1.2192282329795514,4.849086736899076,21838794661.807117,2058255787.6241388,193522979704.97894,67222,state_safeguard,U,state_safeguard,source_norm2_gt_5,raw_state_verified,run.py:numpy-batch
SI-pHiSD,0.00015848931924611142,0.002,2000000,489,-0.7109375,1.4906249999999999,completed,1.2192196878611048,4.849095346371478,21839050285.99594,2058280320.0907655,193525268150.12366,67287,state_safeguard,U,state_safeguard,source_norm2_gt_5,raw_state_verified,run.py:numpy-batch
SI-pHiSD,0.00015848931924611142,0.002,2000000,321,-0.7859375000000001,1.3968749999999999,completed,1.2192439277355547,4.849090630087576,21841290553.42254,2058483918.0728154,193545667954.60114,67306,state_safeguard,U,state_safeguard,source_norm2_gt_5,raw_state_verified,run.py:numpy-batch
SI-pHiSD,0.00015848931924611142,0.002,2000000,355,-0.7671875,1.415625,completed,1.2192258316453004,4.849077433279915,21837102562.73184,2058100177.6147366,193507626753.2781,67548,state_safeguard,U,state_safeguard,source_norm2_gt_5,raw_state_verified,run.py:numpy-batch
SI-pHiSD,0.00015848931924611142,0.002,2000000,456,-0.7203125,1.4718749999999998,completed,1.2192336638655805,4.849098930843278,21841290561.95666,2058485099.5308206,193545632405.8059,67711,state_safeguard,U,state_safeguard,source_norm2_gt_5,raw_state_verified,run.py:numpy-batch
SI-pHiSD,0.00015848931924611142,0.002,2000000,389,-0.7484375000000001,1.434375,completed,1.2192288546700476,4.84908458318579,21838546242.29785,2058232830.2576792,193520729095.4032,67902,state_safeguard,U,state_safeguard,source_norm2_gt_5,raw_state_verified,run.py:numpy-batch
SI-pHiSD,0.00015848931924611142,0.002,2000000,222,-0.5140625000000001,1.321875,completed,0.06601892914315718,0.184040941753041,9.9991308601879e-07,-1005.1363683915718,762.7328997437932,68055,success_index1,S_L,gradient_tolerance,,raw_state_verified,run.py:numpy-batch
SI-pHiSD,0.00015848931924611142,0.002,2000000,255,-0.5046875000000001,1.340625,completed,0.06601892913932955,0.18404094175327662,9.998465247352004e-07,-1005.1363683929409,762.7328997385936,68057,success_index1,S_L,gradient_tolerance,,raw_state_verified,run.py:numpy-batch
SI-pHiSD,0.00015848931924611142,0.002,2000000,223,-0.5046875000000001,1.321875,completed,0.0660189291562827,0.18404094175168617,9.997614987510913e-07,-1005.1363683846505,762.7328997621032,68061,success_index1,S_L,gradient_tolerance,,raw_state_verified,run.py:numpy-batch
SI-pHiSD,0.00015848931924611142,0.002,2000000,221,-0.5234375,1.321875,completed,0.06601892913224998,0.18404094175398764,9.999907422929157e-07,-1005.1363683965935,762.7328997287348,68068,success_index1,S_L,gradient_tolerance,,raw_state_verified,run.py:numpy-batch
SI-pHiSD,0.00015848931924611142,0.002,2000000,188,-0.5328125000000001,1.3031249999999999,completed,0.06601892913734755,0.18404094175353408,9.999330262579015e-07,-1005.1363683942014,762.732899735782,68075,success_index1,S_L,gradient_tolerance,,raw_state_verified,run.py:numpy-batch
SI-pHiSD,0.00015848931924611142,0.002,2000000,187,-0.5421875,1.3031249999999999,completed,0.0660189291250656,0.18404094175422958,9.997645450435034e-07,-1005.1363683983487,762.7328997191511,68083,success_index1,S_L,gradient_tolerance,,raw_state_verified,run.py:numpy-batch
SI-pHiSD,0.00015848931924611142,0.002,2000000,189,-0.5234375,1.3031249999999999,completed,0.06601892915121352,0.18404094175239372,9.999612433393096e-07,-1005.1363683880734,762.7328997548699,68084,success_index1,S_L,gradient_tolerance,,raw_state_verified,run.py:numpy-batch
SI-pHiSD,0.00015848931924611142,0.002,2000000,254,-0.5140625000000001,1.340625,completed,0.06601892912987664,0.18404094175412683,9.999627261210394e-07,-1005.1363683974145,762.7328997255167,68084,success_index1,S_L,gradient_tolerance,,raw_state_verified,run.py:numpy-batch
SI-pHiSD,0.00015848931924611142,0.002,2000000,220,-0.5328125000000001,1.321875,completed,0.0660189291219395,0.18404094175448646,9.998095325854086e-07,-1005.1363683997295,762.7328997148478,68093,success_index1,S_L,gradient_tolerance,,raw_state_verified,run.py:numpy-batch
SI-pHiSD,0.00015848931924611142,0.002,2000000,154,-0.5515625000000001,1.284375,completed,0.0660189291314245,0.18404094175386237,9.99830900114612e-07,-1005.1363683961722,762.7328997277681,68098,success_index1,S_L,gradient_tolerance,,raw_state_verified,run.py:numpy-batch
SI-pHiSD,0.00015848931924611142,0.002,2000000,153,-0.5609375000000001,1.284375,completed,0.06601892911900772,0.1840409417547364,9.998665877636684e-07,-1005.1363684010614,762.732899710804,68104,success_index1,S_L,gradient_tolerance,,raw_state_verified,run.py:numpy-batch
SI-pHiSD,0.00015848931924611142,0.002,2000000,186,-0.5515625000000001,1.3031249999999999,completed,0.06601892911494471,0.18404094175486532,9.997687825376726e-07,-1005.1363684020216,762.7328997053907,68108,success_index1,S_L,gradient_tolerance,,raw_state_verified,run.py:numpy-batch
SI-pHiSD,0.00015848931924611142,0.002,2000000,155,-0.5421875,1.284375,completed,0.06601892914633734,0.18404094175257762,9.997477194720622e-07,-1005.1363683893452,762.7328997483476,68113,success_index1,S_L,gradient_tolerance,,raw_state_verified,run.py:numpy-batch
SI-pHiSD,0.00015848931924611142,0.002,2000000,190,-0.5140625000000001,1.3031249999999999,completed,0.06601892916784248,0.18404094175060354,9.998376289057214e-07,-1005.1363683790055,762.7328997781315,68117,success_index1,S_L,gradient_tolerance,,raw_state_verified,run.py:numpy-batch
SI-pHiSD,0.00015848931924611142,0.002,2000000,287,-0.5046875000000001,1.359375,completed,0.06601892912937607,0.18404094175393756,9.997689207380324e-07,-1005.1363683966985,762.7328997250296,68118,success_index1,S_L,gradient_tolerance,,raw_state_verified,run.py:numpy-batch
SI-pHiSD,0.00015848931924611142,0.002,2000000,253,-0.5234375,1.340625,completed,0.0660189291208794,0.18404094175450925,9.997709766758047e-07,-1005.1363683999358,762.7328997134448,68122,success_index1,S_L,gradient_tolerance,,raw_state_verified,run.py:numpy-batch
SI-pHiSD,0.00015848931924611142,0.002,2000000,152,-0.5703125,1.284375,completed,0.06601892910755124,0.18404094175518845,9.997001981747527e-07,-1005.1363684041294,762.7328996954628,68124,success_index1,S_L,gradient_tolerance,,raw_state_verified,run.py:numpy-batch
SI-pHiSD,0.00015848931924611142,0.002,2000000,119,-0.5796875,1.265625,completed,0.06601892911286168,0.18404094175508706,9.998583720581176e-07,-1005.1363684031473,762.7328997024787,68128,success_index1,S_L,gradient_tolerance,,raw_state_verified,run.py:numpy-batch
SI-pHiSD,0.00015848931924611142,0.002,2000000,120,-0.5703125,1.265625,completed,0.06601892912640857,0.1840409417540897,9.997221407718327e-07,-1005.1363683976356,762.7328997210253,68128,success_index1,S_L,gradient_tolerance,,raw_state_verified,run.py:numpy-batch
SI-pHiSD,0.00015848931924611142,0.002,2000000,219,-0.5421875,1.321875,completed,0.06601892911297927,0.18404094175519597,9.999583905947353e-07,-1005.1363684035779,762.7328997025373,68130,success_index1,S_L,gradient_tolerance,,raw_state_verified,run.py:numpy-batch
SI-pHiSD,0.00015848931924611142,0.002,2000000,185,-0.5609375000000001,1.3031249999999999,completed,0.06601892910519626,0.18404094175554647,9.99908775506749e-07,-1005.1363684058394,762.7328996920769,68142,success_index1,S_L,gradient_tolerance,,raw_state_verified,run.py:numpy-batch
SI-pHiSD,0.00015848931924611142,0.002,2000000,118,-0.5890625,1.265625,completed,0.0660189291012462,0.18404094175548724,9.996954984149514e-07,-1005.136368406022,762.7328996869763,68147,success_index1,S_L,gradient_tolerance,,raw_state_verified,run.py:numpy-batch
SI-pHiSD,0.00015848931924611142,0.002,2000000,121,-0.5609375000000001,1.265625,completed,0.0660189291425637,0.1840409417529081,9.997565846016204e-07,-1005.1363683910945,762.7328997431356,68149,success_index1,S_L,gradient_tolerance,,raw_state_verified,run.py:numpy-batch
SI-pHiSD,0.00015848931924611142,0.002,2000000,156,-0.5328125000000001,1.284375,completed,0.06601892916436873,0.18404094175111985,9.999661394072209e-07,-1005.1363683814787,762.7328997731476,68152,success_index1,S_L,gradient_tolerance,,raw_state_verified,run.py:numpy-batch
SI-pHiSD,0.00015848931924611142,0.002,2000000,151,-0.5796875,1.284375,completed,0.06601892909779171,0.18404094175583185,9.998634339306334e-07,-1005.1363684077949,762.7328996821676,68158,success_index1,S_L,gradient_tolerance,,raw_state_verified,run.py:numpy-batch
SI-pHiSD,0.00015848931924611142,0.002,2000000,85,-0.5984375000000001,1.246875,completed,0.06601892910792809,0.1840409417553894,9.998913122777993e-07,-1005.1363684049071,762.7328996957781,68160,success_index1,S_L,gradient_tolerance,,raw_state_verified,run.py:numpy-batch
SI-pHiSD,0.00015848931924611142,0.002,2000000,86,-0.5890625,1.246875,completed,0.06601892912197514,0.18404094175467456,9.99973995422486e-07,-1005.1363684004908,762.7328997147292,68162,success_index1,S_L,gradient_tolerance,,raw_state_verified,run.py:numpy-batch
SI-pHiSD,0.00015848931924611142,0.002,2000000,286,-0.5140625000000001,1.359375,completed,0.06601892912153468,0.18404094175438776,9.997018855730554e-07,-1005.1363683993713,762.7328997144064,68167,success_index1,S_L,gradient_tolerance,,raw_state_verified,run.py:numpy-batch
SI-pHiSD,0.00015848931924611142,0.002,2000000,84,-0.6078125000000001,1.246875,completed,0.06601892909506384,0.18404094175607427,9.999769755262054e-07,-1005.136368409074,762.7328996783965,68172,success_index1,S_L,gradient_tolerance,,raw_state_verified,run.py:numpy-batch
SI-pHiSD,0.00015848931924611142,0.002,2000000,252,-0.5328125000000001,1.340625,completed,0.0660189291131166,0.1840409417549262,9.9973139246606e-07,-1005.1363684024656,762.7328997029524,68172,success_index1,S_L,gradient_tolerance,,raw_state_verified,run.py:numpy-batch
SI-pHiSD,0.00015848931924611142,0.002,2000000,117,-0.5984375000000001,1.265625,completed,0.06601892909062523,0.18404094175618835,9.999300206510573e-07,-1005.1363684100147,762.7328996725063,68177,success_index1,S_L,gradient_tolerance,,raw_state_verified,run.py:numpy-batch
SI-pHiSD,0.00015848931924611142,0.002,2000000,218,-0.5515625000000001,1.321875,completed,0.06601892910488373,0.18404094175563082,9.999687897221419e-07,-1005.1363684062159,762.7328996915955,68179,success_index1,S_L,gradient_tolerance,,raw_state_verified,run.py:numpy-batch
SI-pHiSD,0.00015848931924611142,0.002,2000000,191,-0.5046875000000001,1.3031249999999999,completed,0.06601892918876455,0.18404094174831348,9.999692346966219e-07,-1005.1363683674426,762.7328998074321,68182,success_index1,S_L,gradient_tolerance,,raw_state_verified,run.py:numpy-batch
SI-pHiSD,0.00015848931924611142,0.002,2000000,87,-0.5796875,1.246875,completed,0.06601892913885961,0.18404094175315952,9.99713630973349e-07,-1005.1363683925148,762.7328997380832,68189,success_index1,S_L,gradient_tolerance,,raw_state_verified,run.py:numpy-batch
SI-pHiSD,0.00015848931924611142,0.002,2000000,184,-0.5703125,1.3031249999999999,completed,0.06601892909683592,0.18404094175577995,9.997834626519774e-07,-1005.1363684076863,762.7328996809662,68191,success_index1,S_L,gradient_tolerance,,raw_state_verified,run.py:numpy-batch
SI-pHiSD,0.00015848931924611142,0.002,2000000,122,-0.5515625000000001,1.265625,completed,0.06601892916131309,0.1840409417514389,9.9997234842111e-07,-1005.1363683831048,762.7328997688821,68193,success_index1,S_L,gradient_tolerance,,raw_state_verified,run.py:numpy-batch
SI-pHiSD,0.00015848931924611142,0.002,2000000,51,-0.6171875,1.228125,completed,0.06601892910314047,0.18404094175561703,9.998844074389638e-07,-1005.136368406347,762.7328996893334,68196,success_index1,S_L,gradient_tolerance,,raw_state_verified,run.py:numpy-batch
SI-pHiSD,0.00015848931924611142,0.002,2000000,83,-0.6171875,1.246875,completed,0.0660189290842027,0.18404094175641286,9.999407395405853e-07,-1005.1363684116172,762.7328996639314,68202,success_index1,S_L,gradient_tolerance,,raw_state_verified,run.py:numpy-batch
SI-pHiSD,0.00015848931924611142,0.002,2000000,52,-0.6078125000000001,1.228125,completed,0.06601892911824331,0.18404094175459146,9.997008851251524e-07,-1005.1363684005536,762.732899709934,68205,success_index1,S_L,gradient_tolerance,,raw_state_verified,run.py:numpy-batch
SI-pHiSD,0.00015848931924611142,0.002,2000000,150,-0.5890625,1.284375,completed,0.06601892908897385,0.18404094175612284,9.998222451925535e-07,-1005.1363684099251,762.7328996704098,68205,success_index1,S_L,gradient_tolerance,,raw_state_verified,run.py:numpy-batch
SI-pHiSD,0.00015848931924611142,0.002,2000000,50,-0.6265625,1.228125,completed,0.06601892909000258,0.18404094175626987,9.999817330045865e-07,-1005.136368410413,762.7328996716229,68206,success_index1,S_L,gradient_tolerance,,raw_state_verified,run.py:numpy-batch
SI-pHiSD,0.00015848931924611142,0.002,2000000,116,-0.6078125000000001,1.265625,completed,0.06601892908118921,0.18404094175633184,9.99793899841895e-07,-1005.1363684116112,762.7328996600716,68222,success_index1,S_L,gradient_tolerance,,raw_state_verified,run.py:numpy-batch
SI-pHiSD,0.00015848931924611142,0.002,2000000,319,-0.5046875000000001,1.378125,completed,0.06601892912342203,0.18404094175440672,9.998235480707993e-07,-1005.1363683992464,762.732899716851,68224,success_index1,S_L,gradient_tolerance,,raw_state_verified,run.py:numpy-batch
SI-pHiSD,0.00015848931924611142,0.002,2000000,157,-0.5234375,1.284375,completed,0.06601892918637947,0.18404094174860938,9.999657144158204e-07,-1005.1363683689024,762.7328998040613,68225,success_index1,S_L,gradient_tolerance,,raw_state_verified,run.py:numpy-batch
SI-pHiSD,0.00015848931924611142,0.002,2000000,285,-0.5234375,1.359375,completed,0.06601892911471847,0.18404094175513538,9.99991275445539e-07,-1005.1363684031448,762.7328997048587,68226,success_index1,S_L,gradient_tolerance,,raw_state_verified,run.py:numpy-batch
SI-pHiSD,0.00015848931924611142,0.002,2000000,251,-0.5421875,1.340625,completed,0.06601892910569648,0.18404094175549715,9.99887276610784e-07,-1005.1363684055851,762.7328996927725,68230,success_index1,S_L,gradient_tolerance,,raw_state_verified,run.py:numpy-batch
SI-pHiSD,0.00015848931924611142,0.002,2000000,49,-0.6359375,1.228125,completed,0.06601892907784702,0.18404094175636845,9.99749526311114e-07,-1005.1363684121188,762.7328996556795,68231,success_index1,S_L,gradient_tolerance,,raw_state_verified,run.py:numpy-batch
SI-pHiSD,0.00015848931924611142,0.002,2000000,53,-0.5984375000000001,1.228125,completed,0.06601892913623615,0.18404094175342686,9.99766564364781e-07,-1005.136368393884,762.7328997344264,68237,success_index1,S_L,gradient_tolerance,,raw_state_verified,run.py:numpy-batch
SI-pHiSD,0.00015848931924611142,0.002,2000000,17,-0.6359375,1.2093749999999999,completed,0.06601892909903997,0.18404094175588795,9.9995873184881e-07,-1005.136368407889,762.7328996837468,68238,success_index1,S_L,gradient_tolerance,,raw_state_verified,run.py:numpy-batch
SI-pHiSD,0.00015848931924611142,0.002,2000000,217,-0.5609375000000001,1.321875,completed,0.06601892909738569,0.1840409417557744,9.997985350074728e-07,-1005.1363684076047,762.7328996816887,68239,success_index1,S_L,gradient_tolerance,,raw_state_verified,run.py:numpy-batch
SI-pHiSD,0.00015848931924611142,0.002,2000000,88,-0.5703125,1.246875,completed,0.06601892915921884,0.18404094175143035,9.99787046293883e-07,-1005.1363683832947,762.7328997661575,68243,success_index1,S_L,gradient_tolerance,,raw_state_verified,run.py:numpy-batch
SI-pHiSD,0.00015848931924611142,0.002,2000000,82,-0.6265625,1.246875,completed,0.06601892907408728,0.18404094175654878,9.998317072683668e-07,-1005.1363684132557,762.732899650617,68244,success_index1,S_L,gradient_tolerance,,raw_state_verified,run.py:numpy-batch
SI-pHiSD,0.00015848931924611142,0.002,2000000,16,-0.6453125000000001,1.2093749999999999,completed,0.06601892908527039,0.18404094175633004,9.998970304489624e-07,-1005.1363684111656,762.7328996653971,68245,success_index1,S_L,gradient_tolerance,,raw_state_verified,run.py:numpy-batch
SI-pHiSD,0.00015848931924611142,0.002,2000000,183,-0.5796875,1.3031249999999999,completed,0.06601892908881478,0.18404094175599223,9.997035419559446e-07,-1005.136368409411,762.7328996703169,68249,success_index1,S_L,gradient_tolerance,,raw_state_verified,run.py:numpy-batch
SI-pHiSD,0.00015848931924611142,0.002,2000000,18,-0.6265625,1.2093749999999999,completed,0.0660189291154508,0.18404094175486527,9.99794064610971e-07,-1005.136368401967,762.7328997060512,68254,success_index1,S_L,gradient_tolerance,,raw_state_verified,run.py:numpy-batch
SI-pHiSD,0.00015848931924611142,0.002,2000000,149,-0.5984375000000001,1.284375,completed,0.06601892908055942,0.1840409417564991,9.999250801716117e-07,-1005.1363684123593,762.7328996591032,68261,success_index1,S_L,gradient_tolerance,,raw_state_verified,run.py:numpy-batch
SI-pHiSD,0.00015848931924611142,0.002,2000000,15,-0.6546875000000001,1.2093749999999999,completed,0.06601892907262463,0.18404094175668662,9.999258969627068e-07,-1005.1363684139737,762.7328996485878,68266,success_index1,S_L,gradient_tolerance,,raw_state_verified,run.py:numpy-batch
SI-pHiSD,0.00015848931924611142,0.002,2000000,48,-0.6453125000000001,1.228125,completed,0.06601892906763929,0.1840409417567833,9.999326004249436e-07,-1005.1363684149024,762.7328996419999,68271,success_index1,S_L,gradient_tolerance,,raw_state_verified,run.py:numpy-batch
SI-pHiSD,0.00015848931924611142,0.002,2000000,123,-0.5421875,1.265625,completed,0.06601892918484303,0.18404094174871638,9.998951747565436e-07,-1005.1363683695027,762.7328998019631,68276,success_index1,S_L,gradient_tolerance,,raw_state_verified,run.py:numpy-batch
SI-pHiSD,0.00015848931924611142,0.002,2000000,115,-0.6171875,1.265625,completed,0.06601892907302294,0.18404094175672683,9.999682018402335e-07,-1005.136368414095,762.7328996490724,68279,success_index1,S_L,gradient_tolerance,,raw_state_verified,run.py:numpy-batch
SI-pHiSD,0.00015848931924611142,0.002,2000000,318,-0.5140625000000001,1.378125,completed,0.06601892911662675,0.18404094175476798,9.99769655072848e-07,-1005.1363684014456,762.7328997076702,68291,success_index1,S_L,gradient_tolerance,,raw_state_verified,run.py:numpy-batch
SI-pHiSD,0.00015848931924611142,0.002,2000000,19,-0.6171875,1.2093749999999999,completed,0.06601892913467884,0.1840409417537699,9.999592568665786e-07,-1005.136368395447,762.7328997320941,68293,success_index1,S_L,gradient_tolerance,,raw_state_verified,run.py:numpy-batch
SI-pHiSD,0.00015848931924611142,0.002,2000000,284,-0.5328125000000001,1.359375,completed,0.06601892910761666,0.18404094175518834,9.997030019419853e-07,-1005.1363684041222,762.7328996955483,68294,success_index1,S_L,gradient_tolerance,,raw_state_verified,run.py:numpy-batch
SI-pHiSD,0.00015848931924611142,0.002,2000000,54,-0.5890625,1.228125,completed,0.06601892915789082,0.18404094175167682,9.998862715602151e-07,-1005.1363683844404,762.7328997642086,68299,success_index1,S_L,gradient_tolerance,,raw_state_verified,run.py:numpy-batch
SI-pHiSD,0.00015848931924611142,0.002,2000000,81,-0.6359375,1.246875,completed,0.06601892906513296,0.18404094175661506,9.997528666975948e-07,-1005.1363684144868,762.732899638878,68299,success_index1,S_L,gradient_tolerance,,raw_state_verified,run.py:numpy-batch
SI-pHiSD,0.00015848931924611142,0.002,2000000,250,-0.5515625000000001,1.340625,completed,0.06601892909877802,0.1840409417556881,9.997750398366192e-07,-1005.1363684071048,762.7328996835801,68299,success_index1,S_L,gradient_tolerance,,raw_state_verified,run.py:numpy-batch
SI-pHiSD,0.00015848931924611142,0.002,2000000,14,-0.6640625,1.2093749999999999,completed,0.06601892906167019,0.18404094175691446,9.999792302877627e-07,-1005.1363684160763,762.7328996340983,68303,success_index1,S_L,gradient_tolerance,,raw_state_verified,run.py:numpy-batch
SI-pHiSD,0.00015848931924611142,0.002,2000000,288,-0.7953125000000001,1.378125,completed,1.2192483644741996,4.84909490590669,21842474035.59247,2058592436.5539172,193556415682.10883,68304,state_safeguard,U,state_safeguard,source_norm2_gt_5,raw_state_verified,run.py:numpy-batch
SI-pHiSD,0.00015848931924611142,0.002,2000000,216,-0.5703125,1.321875,completed,0.06601892909004733,0.18404094175620825,9.999294079786132e-07,-1005.1363684101573,762.7328996717353,68306,success_index1,S_L,gradient_tolerance,,raw_state_verified,run.py:numpy-batch
SI-pHiSD,0.00015848931924611142,0.002,2000000,182,-0.5890625,1.3031249999999999,completed,0.06601892908140064,0.18404094175648505,9.999329574703895e-07,-1005.1363684122118,762.732899660213,68316,success_index1,S_L,gradient_tolerance,,raw_state_verified,run.py:numpy-batch
SI-pHiSD,0.00015848931924611142,0.002,2000000,47,-0.6546875000000001,1.228125,completed,0.06601892905806575,0.18404094175663913,9.99708874388039e-07,-1005.1363684153432,762.7328996296374,68324,success_index1,S_L,gradient_tolerance,,raw_state_verified,run.py:numpy-batch
SI-pHiSD,0.00015848931924611142,0.002,2000000,148,-0.6078125000000001,1.284375,completed,0.06601892907329386,0.1840409417564866,9.997626588626302e-07,-1005.1363684130882,762.7328996496362,68331,success_index1,S_L,gradient_tolerance,,raw_state_verified,run.py:numpy-batch
SI-pHiSD,0.00015848931924611142,0.002,2000000,89,-0.5609375000000001,1.246875,completed,0.06601892918433167,0.18404094174863656,9.997744819129376e-07,-1005.136368369233,762.7328998013661,68336,success_index1,S_L,gradient_tolerance,,raw_state_verified,run.py:numpy-batch
SI-pHiSD,0.00015848931924611142,0.002,2000000,114,-0.6265625,1.265625,completed,0.06601892906488976,0.18404094175688576,9.999876099236852e-07,-1005.136368415614,762.7328996383234,68345,success_index1,S_L,gradient_tolerance,,raw_state_verified,run.py:numpy-batch
SI-pHiSD,0.00015848931924611142,0.002,2000000,158,-0.5140625000000001,1.284375,completed,0.06601892921481302,0.18404094174437854,9.997242379065725e-07,-1005.1363683486375,762.732899844862,68350,success_index1,S_L,gradient_tolerance,,raw_state_verified,run.py:numpy-batch
SI-pHiSD,0.00015848931924611142,0.002,2000000,13,-0.6734375,1.2093749999999999,completed,0.06601892905168362,0.18404094175696778,9.999719313431564e-07,-1005.1363684173652,762.7328996210242,68353,success_index1,S_L,gradient_tolerance,,raw_state_verified,run.py:numpy-batch
SI-pHiSD,0.00015848931924611142,0.002,2000000,20,-0.6078125000000001,1.2093749999999999,completed,0.06601892915780286,0.18404094175178248,9.999692084729507e-07,-1005.1363683848793,762.7328997640014,68365,success_index1,S_L,gradient_tolerance,,raw_state_verified,run.py:numpy-batch
SI-pHiSD,0.00015848931924611142,0.002,2000000,351,-0.5046875000000001,1.3968749999999999,completed,0.06601892911945835,0.18404094175477193,9.999212868072646e-07,-1005.1363684011574,762.7328997113607,68365,success_index1,S_L,gradient_tolerance,,raw_state_verified,run.py:numpy-batch
SI-pHiSD,0.00015848931924611142,0.002,2000000,80,-0.6453125000000001,1.246875,completed,0.06601892905733289,0.184040941756862,9.999002595772321e-07,-1005.1363684163284,762.7328996284864,68366,success_index1,S_L,gradient_tolerance,,raw_state_verified,run.py:numpy-batch
SI-pHiSD,0.00015848931924611142,0.002,2000000,317,-0.5234375,1.378125,completed,0.06601892911066172,0.1840409417550652,9.99734836109083e-07,-1005.1363684032946,762.7328996996284,68369,success_index1,S_L,gradient_tolerance,,raw_state_verified,run.py:numpy-batch
SI-pHiSD,0.00015848931924611142,0.002,2000000,283,-0.5421875,1.359375,completed,0.0660189291011531,0.18404094175550428,9.99706618678711e-07,-1005.1363684061016,762.7328996868396,68371,success_index1,S_L,gradient_tolerance,,raw_state_verified,run.py:numpy-batch
SI-pHiSD,0.00015848931924611142,0.002,2000000,249,-0.5609375000000001,1.340625,completed,0.06601892909230846,0.18404094175598798,9.998091088057358e-07,-1005.1363684090182,762.732899674878,68377,success_index1,S_L,gradient_tolerance,,raw_state_verified,run.py:numpy-batch
SI-pHiSD,0.00015848931924611142,0.002,2000000,215,-0.5796875,1.321875,completed,0.06601892908327874,0.18404094175641067,9.999148148409772e-07,-1005.1363684117077,762.732899662728,68384,success_index1,S_L,gradient_tolerance,,raw_state_verified,run.py:numpy-batch
SI-pHiSD,0.00015848931924611142,0.002,2000000,490,-0.7015625000000001,1.4906249999999999,completed,1.2192080183923504,4.8490828089444555,21835743879.82697,2057977056.108426,193495243888.34973,68386,state_safeguard,U,state_safeguard,source_norm2_gt_5,raw_state_verified,run.py:numpy-batch
SI-pHiSD,0.00015848931924611142,0.002,2000000,46,-0.6640625,1.228125,completed,0.06601892904961797,0.18404094175693447,9.999408053414937e-07,-1005.1363684174512,762.7328996183587,68388,success_index1,S_L,gradient_tolerance,,raw_state_verified,run.py:numpy-batch
SI-pHiSD,0.00015848931924611142,0.002,2000000,181,-0.5984375000000001,1.3031249999999999,completed,0.06601892907458974,0.18404094175655494,9.998465984641328e-07,-1005.136368413227,762.732899651267,68395,success_index1,S_L,gradient_tolerance,,raw_state_verified,run.py:numpy-batch
SI-pHiSD,0.00015848931924611142,0.002,2000000,55,-0.5796875,1.228125,completed,0.06601892918473819,0.1840409417487958,9.999514599300589e-07,-1005.1363683698373,762.7328998017565,68403,success_index1,S_L,gradient_tolerance,,raw_state_verified,run.py:numpy-batch
SI-pHiSD,0.00015848931924611142,0.002,2000000,423,-0.7296875,1.453125,completed,1.2192259474309888,4.849087332745215,21838606188.703186,2058238687.2596962,193521262623.36346,68404,state_safeguard,U,state_safeguard,source_norm2_gt_5,raw_state_verified,run.py:numpy-batch
SI-pHiSD,0.00015848931924611142,0.002,2000000,147,-0.6171875,1.284375,completed,0.06601892906586425,0.18404094175654823,9.997030848385509e-07,-1005.1363684141363,762.7328996398907,68408,success_index1,S_L,gradient_tolerance,,raw_state_verified,run.py:numpy-batch
SI-pHiSD,0.00015848931924611142,0.002,2000000,124,-0.5328125000000001,1.265625,completed,0.06601892921491177,0.18404094174442312,9.997741541292185e-07,-1005.1363683488081,762.7328998449516,68412,success_index1,S_L,gradient_tolerance,,raw_state_verified,run.py:numpy-batch
SI-pHiSD,0.00015848931924611142,0.002,2000000,12,-0.6828125,1.2093749999999999,completed,0.06601892904271307,0.18404094175687025,9.999015993879791e-07,-1005.1363684179311,762.7328996094077,68416,success_index1,S_L,gradient_tolerance,,raw_state_verified,run.py:numpy-batch
SI-pHiSD,0.00015848931924611142,0.002,2000000,113,-0.6359375,1.265625,completed,0.06601892905762047,0.184040941756679,9.99741080046285e-07,-1005.1363684155531,762.732899629022,68424,success_index1,S_L,gradient_tolerance,,raw_state_verified,run.py:numpy-batch
SI-pHiSD,0.00015848931924611142,0.002,2000000,79,-0.6546875000000001,1.246875,completed,0.06601892904955162,0.1840409417569158,9.99924356316805e-07,-1005.1363684173823,762.7328996182887,68442,success_index1,S_L,gradient_tolerance,,raw_state_verified,run.py:numpy-batch
SI-pHiSD,0.00015848931924611142,0.002,2000000,350,-0.5140625000000001,1.3968749999999999,completed,0.06601892911345447,0.18404094175511057,9.999075229558876e-07,-1005.1363684031792,762.732899703232,68449,success_index1,S_L,gradient_tolerance,,raw_state_verified,run.py:numpy-batch
SI-pHiSD,0.00015848931924611142,0.002,2000000,316,-0.5328125000000001,1.378125,completed,0.06601892910458948,0.18404094175566643,9.999873170476177e-07,-1005.1363684063929,762.73289969118,68453,success_index1,S_L,gradient_tolerance,,raw_state_verified,run.py:numpy-batch
SI-pHiSD,0.00015848931924611142,0.002,2000000,282,-0.5515625000000001,1.359375,completed,0.06601892909509113,0.18404094175592772,9.998503356747277e-07,-1005.1363684084748,762.7328996785606,68457,success_index1,S_L,gradient_tolerance,,raw_state_verified,run.py:numpy-batch
SI-pHiSD,0.00015848931924611142,0.002,2000000,45,-0.6734375,1.228125,completed,0.066018929042067,0.18404094175694294,9.999692591226912e-07,-1005.1363684182962,762.7328996085012,68465,success_index1,S_L,gradient_tolerance,,raw_state_verified,run.py:numpy-batch
SI-pHiSD,0.00015848931924611142,0.002,2000000,248,-0.5703125,1.340625,completed,0.06601892908632381,0.18404094175625935,9.998643823179134e-07,-1005.136368410765,762.7328996668332,68465,success_index1,S_L,gradient_tolerance,,raw_state_verified,run.py:numpy-batch
SI-pHiSD,0.00015848931924611142,0.002,2000000,214,-0.5890625,1.321875,completed,0.06601892907689541,0.1840409417565071,9.998506886825053e-07,-1005.1363684127848,762.7328996543166,68472,success_index1,S_L,gradient_tolerance,,raw_state_verified,run.py:numpy-batch
SI-pHiSD,0.00015848931924611142,0.002,2000000,21,-0.5984375000000001,1.2093749999999999,completed,0.06601892918580438,0.18404094174859986,9.998972205040096e-07,-1005.1363683689256,762.7328998033194,68479,success_index1,S_L,gradient_tolerance,,raw_state_verified,run.py:numpy-batch
SI-pHiSD,0.00015848931924611142,0.002,2000000,90,-0.5515625000000001,1.246875,completed,0.0660189292161353,0.18404094174443958,9.999449060746753e-07,-1005.1363683487442,762.7328998465329,68483,success_index1,S_L,gradient_tolerance,,raw_state_verified,run.py:numpy-batch
SI-pHiSD,0.00015848931924611142,0.002,2000000,180,-0.6078125000000001,1.3031249999999999,completed,0.06601892906801306,0.18404094175663993,9.998120860907479e-07,-1005.1363684142786,762.732899642613,68483,success_index1,S_L,gradient_tolerance,,raw_state_verified,run.py:numpy-batch
SI-pHiSD,0.00015848931924611142,0.002,2000000,11,-0.6921875000000001,1.2093749999999999,completed,0.06601892903461681,0.18404094175674052,9.998533069323827e-07,-1005.1363684182719,762.7328995989603,68491,success_index1,S_L,gradient_tolerance,,raw_state_verified,run.py:numpy-batch
SI-pHiSD,0.00015848931924611142,0.002,2000000,146,-0.6265625,1.284375,completed,0.06601892905943828,0.18404094175692792,9.99972396692624e-07,-1005.1363684163704,762.7328996311751,68496,success_index1,S_L,gradient_tolerance,,raw_state_verified,run.py:numpy-batch
SI-pHiSD,0.00015848931924611142,0.002,2000000,112,-0.6453125000000001,1.265625,completed,0.06601892905075425,0.18404094175670274,9.997373095442628e-07,-1005.1363684163865,762.7328996200445,68512,success_index1,S_L,gradient_tolerance,,raw_state_verified,run.py:numpy-batch
SI-pHiSD,0.00015848931924611142,0.002,2000000,78,-0.6640625,1.246875,completed,0.06601892904271993,0.18404094175676255,9.998065479034696e-07,-1005.1363684174919,762.732899609511,68531,success_index1,S_L,gradient_tolerance,,raw_state_verified,run.py:numpy-batch
SI-pHiSD,0.00015848931924611142,0.002,2000000,383,-0.5046875000000001,1.415625,completed,0.06601892911688678,0.18404094175488786,9.998867541337064e-07,-1005.1363684019051,762.7328997079039,68539,success_index1,S_L,gradient_tolerance,,raw_state_verified,run.py:numpy-batch
SI-pHiSD,0.00015848931924611142,0.002,2000000,349,-0.5234375,1.3968749999999999,completed,0.06601892910785506,0.18404094175533925,9.998445214636396e-07,-1005.1363684047107,762.7328996957268,68543,success_index1,S_L,gradient_tolerance,,raw_state_verified,run.py:numpy-batch
SI-pHiSD,0.00015848931924611142,0.002,2000000,315,-0.5421875,1.378125,completed,0.06601892909862045,0.18404094175564809,9.997343279331654e-07,-1005.1363684069586,762.7328996834096,68548,success_index1,S_L,gradient_tolerance,,raw_state_verified,run.py:numpy-batch
SI-pHiSD,0.00015848931924611142,0.002,2000000,44,-0.6828125,1.228125,completed,0.06601892903464794,0.1840409417566812,9.998005066042224e-07,-1005.1363684180275,762.7328995990526,68552,success_index1,S_L,gradient_tolerance,,raw_state_verified,run.py:numpy-batch
SI-pHiSD,0.00015848931924611142,0.002,2000000,281,-0.5609375000000001,1.359375,completed,0.06601892908931074,0.18404094175617705,9.998797068574004e-07,-1005.1363684101098,762.7328996708014,68553,success_index1,S_L,gradient_tolerance,,raw_state_verified,run.py:numpy-batch
SI-pHiSD,0.00015848931924611142,0.002,2000000,159,-0.5046875000000001,1.284375,completed,0.06601892925321334,0.1840409417378534,9.998065545842096e-07,-1005.1363683179687,762.7328999006752,68554,success_index1,S_L,gradient_tolerance,,raw_state_verified,run.py:numpy-batch
SI-pHiSD,0.00015848931924611142,0.002,2000000,322,-0.7765625,1.3968749999999999,completed,1.219229420261852,4.8490806394221675,21838021653.034893,2058184436.9532266,193515973875.39362,68557,state_safeguard,U,state_safeguard,source_norm2_gt_5,raw_state_verified,run.py:numpy-batch
SI-pHiSD,0.00015848931924611142,0.002,2000000,247,-0.5796875,1.340625,completed,0.06601892907991928,0.18404094175642247,9.998431163168615e-07,-1005.1363684121163,762.7328996583351,68560,success_index1,S_L,gradient_tolerance,,raw_state_verified,run.py:numpy-batch
SI-pHiSD,0.00015848931924611142,0.002,2000000,56,-0.5703125,1.228125,completed,0.06601892921802677,0.1840409417438778,9.99720758956831e-07,-1005.1363683462553,762.7328998494932,68564,success_index1,S_L,gradient_tolerance,,raw_state_verified,run.py:numpy-batch
SI-pHiSD,0.00015848931924611142,0.002,2000000,213,-0.5984375000000001,1.321875,completed,0.0660189290712112,0.18404094175664926,9.998691507172426e-07,-1005.1363684139733,762.7328996467769,68571,success_index1,S_L,gradient_tolerance,,raw_state_verified,run.py:numpy-batch
SI-pHiSD,0.00015848931924611142,0.002,2000000,10,-0.7015625000000001,1.2093749999999999,completed,0.06601892902711251,0.18404094175657768,9.998146973781348e-07,-1005.1363684184146,762.7328995893135,68577,success_index1,S_L,gradient_tolerance,,raw_state_verified,run.py:numpy-batch
SI-pHiSD,0.00015848931924611142,0.002,2000000,179,-0.6171875,1.3031249999999999,completed,0.06601892906187333,0.18404094175677893,9.998620708681177e-07,-1005.1363684155033,762.732899634482,68581,success_index1,S_L,gradient_tolerance,,raw_state_verified,run.py:numpy-batch
SI-pHiSD,0.00015848931924611142,0.002,2000000,145,-0.6359375,1.284375,completed,0.06601892905300236,0.18404094175666877,9.997114957994287e-07,-1005.136368416007,762.7328996230065,68595,success_index1,S_L,gradient_tolerance,,raw_state_verified,run.py:numpy-batch
SI-pHiSD,0.00015848931924611142,0.002,2000000,111,-0.6546875000000001,1.265625,completed,0.06601892904469209,0.18404094175693764,9.99952391059422e-07,-1005.1363684179926,762.7328996119304,68611,success_index1,S_L,gradient_tolerance,,raw_state_verified,run.py:numpy-batch
SI-pHiSD,0.00015848931924611142,0.002,2000000,77,-0.6734375,1.246875,completed,0.06601892903605208,0.18404094175668245,9.997866080505036e-07,-1005.136368417882,762.7328996008833,68629,success_index1,S_L,gradient_tolerance,,raw_state_verified,run.py:numpy-batch
SI-pHiSD,0.00015848931924611142,0.002,2000000,125,-0.5234375,1.265625,completed,0.06601892925474687,0.18404094173750615,9.99764727775591e-07,-1005.1363683163909,762.7328999029802,68629,success_index1,S_L,gradient_tolerance,,raw_state_verified,run.py:numpy-batch
SI-pHiSD,0.00015848931924611142,0.002,2000000,382,-0.5140625000000001,1.415625,completed,0.06601892911112994,0.18404094175533145,9.999875984170778e-07,-1005.1363684043273,762.732899700006,68638,success_index1,S_L,gradient_tolerance,,raw_state_verified,run.py:numpy-batch
SI-pHiSD,0.00015848931924611142,0.002,2000000,348,-0.5328125000000001,1.3968749999999999,completed,0.06601892910210302,0.18404094175548905,9.997311613967153e-07,-1005.1363684059377,762.7328996880923,68645,success_index1,S_L,gradient_tolerance,,raw_state_verified,run.py:numpy-batch
SI-pHiSD,0.00015848931924611142,0.002,2000000,314,-0.5515625000000001,1.378125,completed,0.0660189290925971,0.18404094175617233,9.999792404886887e-07,-1005.1363684097382,762.7328996750924,68649,success_index1,S_L,gradient_tolerance,,raw_state_verified,run.py:numpy-batch
SI-pHiSD,0.00015848931924611142,0.002,2000000,43,-0.6921875000000001,1.228125,completed,0.06601892902798549,0.18404094175660518,9.998246002865597e-07,-1005.1363684184333,762.7328995904284,68650,success_index1,S_L,gradient_tolerance,,raw_state_verified,run.py:numpy-batch
SI-pHiSD,0.00015848931924611142,0.002,2000000,22,-0.5890625,1.2093749999999999,completed,0.06601892922076061,0.18404094174363458,9.998770924093948e-07,-1005.1363683449727,762.7328998532727,68652,success_index1,S_L,gradient_tolerance,,raw_state_verified,run.py:numpy-batch
SI-pHiSD,0.00015848931924611142,0.002,2000000,280,-0.5703125,1.359375,completed,0.0660189290835139,0.18404094175629965,9.998238847842803e-07,-1005.1363684112307,762.7328996631321,68658,success_index1,S_L,gradient_tolerance,,raw_state_verified,run.py:numpy-batch
SI-pHiSD,0.00015848931924611142,0.002,2000000,246,-0.5890625,1.340625,completed,0.06601892907423126,0.18404094175672606,9.999896587709236e-07,-1005.1363684139613,762.7328996506493,68666,success_index1,S_L,gradient_tolerance,,raw_state_verified,run.py:numpy-batch
SI-pHiSD,0.00015848931924611142,0.002,2000000,9,-0.7109375,1.2093749999999999,completed,0.06601892902032365,0.1840409417565694,9.999394193057883e-07,-1005.1363684191092,762.732899580465,68674,success_index1,S_L,gradient_tolerance,,raw_state_verified,run.py:numpy-batch
SI-pHiSD,0.00015848931924611142,0.002,2000000,212,-0.6078125000000001,1.321875,completed,0.06601892906513467,0.18404094175683258,9.999437939984935e-07,-1005.1363684153715,762.7328996386896,68677,success_index1,S_L,gradient_tolerance,,raw_state_verified,run.py:numpy-batch
SI-pHiSD,0.00015848931924611142,0.002,2000000,178,-0.6265625,1.3031249999999999,completed,0.06601892905631179,0.18404094175670252,9.99754262128567e-07,-1005.1363684157893,762.7328996272939,68691,success_index1,S_L,gradient_tolerance,,raw_state_verified,run.py:numpy-batch
SI-pHiSD,0.00015848931924611142,0.002,2000000,144,-0.6453125000000001,1.284375,completed,0.06601892904713626,0.18404094175671068,9.99745670751023e-07,-1005.1363684168072,762.7328996153175,68704,success_index1,S_L,gradient_tolerance,,raw_state_verified,run.py:numpy-batch
SI-pHiSD,0.00015848931924611142,0.002,2000000,91,-0.5421875,1.246875,completed,0.066018929257189,0.18404094173718893,9.998960222900888e-07,-1005.1363683148379,762.7328999064441,68712,success_index1,S_L,gradient_tolerance,,raw_state_verified,run.py:numpy-batch
SI-pHiSD,0.00015848931924611142,0.002,2000000,110,-0.6640625,1.265625,completed,0.06601892903866279,0.18404094175667587,9.997569150244105e-07,-1005.1363684175749,762.7328996042946,68721,success_index1,S_L,gradient_tolerance,,raw_state_verified,run.py:numpy-batch
SI-pHiSD,0.00015848931924611142,0.002,2000000,76,-0.6828125,1.246875,completed,0.06601892903038092,0.18404094175659877,9.997822025252195e-07,-1005.1363684181504,762.7328995935585,68740,success_index1,S_L,gradient_tolerance,,raw_state_verified,run.py:numpy-batch
SI-pHiSD,0.00015848931924611142,0.002,2000000,415,-0.5046875000000001,1.434375,completed,0.06601892911513522,0.18404094175503868,9.99928370078687e-07,-1005.1363684027064,762.7328997054874,68743,success_index1,S_L,gradient_tolerance,,raw_state_verified,run.py:numpy-batch
SI-pHiSD,0.00015848931924611142,0.002,2000000,381,-0.5234375,1.415625,completed,0.0660189291055739,0.1840409417556306,9.999978741307553e-07,-1005.1363684061406,762.7328996924958,68747,success_index1,S_L,gradient_tolerance,,raw_state_verified,run.py:numpy-batch
SI-pHiSD,0.00015848931924611142,0.002,2000000,347,-0.5421875,1.3968749999999999,completed,0.0660189290964174,0.18404094175588773,9.998621987265154e-07,-1005.1363684081695,762.7328996803261,68755,success_index1,S_L,gradient_tolerance,,raw_state_verified,run.py:numpy-batch
SI-pHiSD,0.00015848931924611142,0.002,2000000,42,-0.7015625000000001,1.228125,completed,0.06601892902214551,0.18404094175661087,9.99937314077884e-07,-1005.1363684190834,762.7328995828047,68760,success_index1,S_L,gradient_tolerance,,raw_state_verified,run.py:numpy-batch
SI-pHiSD,0.00015848931924611142,0.002,2000000,313,-0.5609375000000001,1.378125,completed,0.06601892908723592,0.18404094175634403,9.999641735717344e-07,-1005.1363684110114,762.7328996679489,68763,success_index1,S_L,gradient_tolerance,,raw_state_verified,run.py:numpy-batch
SI-pHiSD,0.00015848931924611142,0.002,2000000,279,-0.5796875,1.359375,completed,0.06601892907788384,0.18404094175659405,9.999477077127358e-07,-1005.1363684130328,762.7328996555299,68772,success_index1,S_L,gradient_tolerance,,raw_state_verified,run.py:numpy-batch
SI-pHiSD,0.00015848931924611142,0.002,2000000,8,-0.7203125,1.2093749999999999,completed,0.06601892901394932,0.18404094175620558,9.997720219429876e-07,-1005.1363684183137,762.7328995724686,68783,success_index1,S_L,gradient_tolerance,,raw_state_verified,run.py:numpy-batch
SI-pHiSD,0.00015848931924611142,0.002,2000000,245,-0.5984375000000001,1.340625,completed,0.0660189290687196,0.1840409417567358,9.99906286374593e-07,-1005.1363684145931,762.7328996434503,68783,success_index1,S_L,gradient_tolerance,,raw_state_verified,run.py:numpy-batch
SI-pHiSD,0.00015848931924611142,0.002,2000000,211,-0.6171875,1.321875,completed,0.0660189290598454,0.18404094175686317,9.999185803041524e-07,-1005.1363684160636,762.7328996317626,68796,success_index1,S_L,gradient_tolerance,,raw_state_verified,run.py:numpy-batch
SI-pHiSD,0.00015848931924611142,0.002,2000000,57,-0.5609375000000001,1.228125,completed,0.06601892926029888,0.1840409417363373,9.997033459604321e-07,-1005.1363683110396,762.7328999112475,68805,success_index1,S_L,gradient_tolerance,,raw_state_verified,run.py:numpy-batch
SI-pHiSD,0.00015848931924611142,0.002,2000000,177,-0.6359375,1.3031249999999999,completed,0.066018929050482,0.18404094175693256,9.999394844392302e-07,-1005.1363684173508,762.7328996194875,68808,success_index1,S_L,gradient_tolerance,,raw_state_verified,run.py:numpy-batch
SI-pHiSD,0.00015848931924611142,0.002,2000000,143,-0.6546875000000001,1.284375,completed,0.06601892904176594,0.1840409417568372,9.998775970470454e-07,-1005.1363684178981,762.7328996082014,68824,success_index1,S_L,gradient_tolerance,,raw_state_verified,run.py:numpy-batch
SI-pHiSD,0.00015848931924611142,0.002,2000000,109,-0.6734375,1.265625,completed,0.06601892903321835,0.1840409417565995,9.997449770498506e-07,-1005.1363684178483,762.7328995972596,68842,success_index1,S_L,gradient_tolerance,,raw_state_verified,run.py:numpy-batch
SI-pHiSD,0.00015848931924611142,0.002,2000000,414,-0.5140625000000001,1.434375,completed,0.06601892910922363,0.1840409417551874,9.99774453045977e-07,-1005.1363684039458,762.7328996976456,68858,success_index1,S_L,gradient_tolerance,,raw_state_verified,run.py:numpy-batch
SI-pHiSD,0.00015848931924611142,0.002,2000000,75,-0.6921875000000001,1.246875,completed,0.06601892902469475,0.1840409417565985,9.998761476488028e-07,-1005.1363684187593,762.7328995861413,68860,success_index1,S_L,gradient_tolerance,,raw_state_verified,run.py:numpy-batch
SI-pHiSD,0.00015848931924611142,0.002,2000000,380,-0.5328125000000001,1.415625,completed,0.06601892910000558,0.18404094175569854,9.998308038482425e-07,-1005.136368407015,762.7328996851728,68866,success_index1,S_L,gradient_tolerance,,raw_state_verified,run.py:numpy-batch
SI-pHiSD,0.00015848931924611142,0.002,2000000,346,-0.5515625000000001,1.3968749999999999,completed,0.0660189290911351,0.18404094175601718,9.997968407880152e-07,-1005.1363684092636,762.7328996733215,68877,success_index1,S_L,gradient_tolerance,,raw_state_verified,run.py:numpy-batch
SI-pHiSD,0.00015848931924611142,0.002,2000000,41,-0.7109375,1.228125,completed,0.06601892901634679,0.184040941756229,9.997307693055534e-07,-1005.136368418152,762.7328995755753,68881,success_index1,S_L,gradient_tolerance,,raw_state_verified,run.py:numpy-batch
SI-pHiSD,0.00015848931924611142,0.002,2000000,312,-0.5703125,1.378125,completed,0.06601892908176614,0.1840409417565091,9.999628222749128e-07,-1005.1363684122698,762.732899660669,68886,success_index1,S_L,gradient_tolerance,,raw_state_verified,run.py:numpy-batch
SI-pHiSD,0.00015848931924611142,0.002,2000000,278,-0.5890625,1.359375,completed,0.06601892907269899,0.18404094175672442,9.999603221510228e-07,-1005.1363684141198,762.7328996486515,68898,success_index1,S_L,gradient_tolerance,,raw_state_verified,run.py:numpy-batch
SI-pHiSD,0.00015848931924611142,0.002,2000000,7,-0.7296875,1.2093749999999999,completed,0.06601892900826437,0.1840409417561436,9.998813396572678e-07,-1005.1363684186717,762.7328995651069,68903,success_index1,S_L,gradient_tolerance,,raw_state_verified,run.py:numpy-batch
SI-pHiSD,0.00015848931924611142,0.002,2000000,23,-0.5796875,1.2093749999999999,completed,0.06601892926452493,0.18404094173582222,9.999813419862417e-07,-1005.1363683084904,762.7328999172119,68906,success_index1,S_L,gradient_tolerance,,raw_state_verified,run.py:numpy-batch
SI-pHiSD,0.00015848931924611142,0.002,2000000,244,-0.6078125000000001,1.340625,completed,0.06601892906316432,0.18404094175661148,9.997277607863818e-07,-1005.1363684146834,762.7328996363129,68910,success_index1,S_L,gradient_tolerance,,raw_state_verified,run.py:numpy-batch
SI-pHiSD,0.00015848931924611142,0.002,2000000,210,-0.6265625,1.321875,completed,0.06601892905415038,0.18404094175691707,9.999336772582068e-07,-1005.1363684168944,762.7328996242865,68923,success_index1,S_L,gradient_tolerance,,raw_state_verified,run.py:numpy-batch
SI-pHiSD,0.00015848931924611142,0.002,2000000,176,-0.6453125000000001,1.3031249999999999,completed,0.06601892904547786,0.1840409417569405,9.999522840634793e-07,-1005.13636841792,762.7328996129528,68939,success_index1,S_L,gradient_tolerance,,raw_state_verified,run.py:numpy-batch
SI-pHiSD,0.00015848931924611142,0.002,2000000,356,-0.7578125,1.415625,completed,1.2192190729293408,4.849074808429755,21835885244.09312,2057988808.1238682,193496564193.24133,68946,state_safeguard,U,state_safeguard,source_norm2_gt_5,raw_state_verified,run.py:numpy-batch
SI-pHiSD,0.00015848931924611142,0.002,2000000,142,-0.6640625,1.284375,completed,0.06601892903650745,0.18404094175678273,9.998707030064424e-07,-1005.1363684182411,762.7328996013892,68955,success_index1,S_L,gradient_tolerance,,raw_state_verified,run.py:numpy-batch
SI-pHiSD,0.00015848931924611142,0.002,2000000,108,-0.6828125,1.265625,completed,0.06601892902776856,0.18404094175674127,9.999486504051043e-07,-1005.1363684190098,762.7328995900258,68972,success_index1,S_L,gradient_tolerance,,raw_state_verified,run.py:numpy-batch
SI-pHiSD,0.00015848931924611142,0.002,2000000,447,-0.5046875000000001,1.453125,completed,0.06601892911301561,0.1840409417552242,9.99984607495508e-07,-1005.1363684036892,762.7328997025597,68973,success_index1,S_L,gradient_tolerance,,raw_state_verified,run.py:numpy-batch
SI-pHiSD,0.00015848931924611142,0.002,2000000,126,-0.5140625000000001,1.265625,completed,0.06601892930914567,0.18404094172552904,9.99916224180832e-07,-1005.1363682618233,762.7328999844432,68977,success_index1,S_L,gradient_tolerance,,raw_state_verified,run.py:numpy-batch
SI-pHiSD,0.00015848931924611142,0.002,2000000,413,-0.5234375,1.434375,completed,0.06601892910416898,0.18404094175556282,9.998797533815103e-07,-1005.1363684060159,762.7328996907225,68985,success_index1,S_L,gradient_tolerance,,raw_state_verified,run.py:numpy-batch
SI-pHiSD,0.00015848931924611142,0.002,2000000,74,-0.7015625000000001,1.246875,completed,0.06601892901927607,0.1840409417563173,9.997392267148352e-07,-1005.1363684181966,762.7328995793193,68992,success_index1,S_L,gradient_tolerance,,raw_state_verified,run.py:numpy-batch
SI-pHiSD,0.00015848931924611142,0.002,2000000,379,-0.5421875,1.415625,completed,0.06601892909480396,0.1840409417560456,9.999430258917534e-07,-1005.1363684089853,762.7328996780826,68995,success_index1,S_L,gradient_tolerance,,raw_state_verified,run.py:numpy-batch
SI-pHiSD,0.00015848931924611142,0.002,2000000,345,-0.5609375000000001,1.3968749999999999,completed,0.06601892908578262,0.18404094175628416,9.998709889939952e-07,-1005.136368410924,762.7328996661054,69008,success_index1,S_L,gradient_tolerance,,raw_state_verified,run.py:numpy-batch
SI-pHiSD,0.00015848931924611142,0.002,2000000,40,-0.7203125,1.228125,completed,0.06601892901102378,0.184040941756311,9.999472328072037e-07,-1005.1363684190565,762.7328995685598,69012,success_index1,S_L,gradient_tolerance,,raw_state_verified,run.py:numpy-batch
SI-pHiSD,0.00015848931924611142,0.002,2000000,311,-0.5796875,1.378125,completed,0.06601892907632936,0.18404094175645835,9.997963495423128e-07,-1005.1363684126475,762.7328996536211,69020,success_index1,S_L,gradient_tolerance,,raw_state_verified,run.py:numpy-batch
SI-pHiSD,0.00015848931924611142,0.002,2000000,277,-0.5984375000000001,1.359375,completed,0.06601892906742331,0.1840409417565454,9.997210103719e-07,-1005.1363684139576,762.7328996419266,69035,success_index1,S_L,gradient_tolerance,,raw_state_verified,run.py:numpy-batch
SI-pHiSD,0.00015848931924611142,0.002,2000000,6,-0.7390625000000001,1.2093749999999999,completed,0.06601892900309768,0.1840409417557795,9.997277479954593e-07,-1005.1363684177448,762.7328995586864,69036,success_index1,S_L,gradient_tolerance,,raw_state_verified,run.py:numpy-batch
SI-pHiSD,0.00015848931924611142,0.002,2000000,243,-0.6171875,1.340625,completed,0.06601892905829049,0.18404094175674082,9.997997307567553e-07,-1005.1363684157324,762.7328996298419,69049,success_index1,S_L,gradient_tolerance,,raw_state_verified,run.py:numpy-batch
SI-pHiSD,0.00015848931924611142,0.002,2000000,209,-0.6359375,1.321875,completed,0.06601892904902926,0.1840409417568821,9.998947555725476e-07,-1005.1363684173016,762.7328996176367,69063,success_index1,S_L,gradient_tolerance,,raw_state_verified,run.py:numpy-batch
SI-pHiSD,0.00015848931924611142,0.002,2000000,92,-0.5328125000000001,1.246875,completed,0.0660189293120898,0.18404094172485405,9.999781940007994e-07,-1005.1363682587606,762.7328999888759,69069,success_index1,S_L,gradient_tolerance,,raw_state_verified,run.py:numpy-batch
SI-pHiSD,0.00015848931924611142,0.002,2000000,175,-0.6546875000000001,1.3031249999999999,completed,0.06601892904035901,0.1840409417569324,9.999706734694758e-07,-1005.1363684184364,762.7328996062824,69080,success_index1,S_L,gradient_tolerance,,raw_state_verified,run.py:numpy-batch
SI-pHiSD,0.00015848931924611142,0.002,2000000,141,-0.6734375,1.284375,completed,0.06601892903157314,0.18404094175666152,9.998211044942633e-07,-1005.1363684182778,762.7328995950588,69098,success_index1,S_L,gradient_tolerance,,raw_state_verified,run.py:numpy-batch
SI-pHiSD,0.00015848931924611142,0.002,2000000,446,-0.5140625000000001,1.453125,completed,0.06601892910767167,0.1840409417553584,9.998529810278366e-07,-1005.1363684048084,762.732899695471,69107,success_index1,S_L,gradient_tolerance,,raw_state_verified,run.py:numpy-batch
SI-pHiSD,0.00015848931924611142,0.002,2000000,107,-0.6921875000000001,1.265625,completed,0.06601892902276103,0.18404094175668317,9.999888407088469e-07,-1005.1363684193109,762.7328995835448,69115,success_index1,S_L,gradient_tolerance,,raw_state_verified,run.py:numpy-batch
SI-pHiSD,0.00015848931924611142,0.002,2000000,412,-0.5328125000000001,1.434375,completed,0.06601892909848296,0.18404094175582253,9.998809138417213e-07,-1005.1363684076829,762.7328996830777,69120,success_index1,S_L,gradient_tolerance,,raw_state_verified,run.py:numpy-batch
SI-pHiSD,0.00015848931924611142,0.002,2000000,457,-0.7109375,1.4718749999999998,completed,1.219227285334775,4.849093869141518,21839752572.65592,2058344144.9344811,193531663138.95425,69123,state_safeguard,U,state_safeguard,source_norm2_gt_5,raw_state_verified,run.py:numpy-batch
SI-pHiSD,0.00015848931924611142,0.002,2000000,378,-0.5515625000000001,1.415625,completed,0.06601892908943943,0.18404094175630825,9.999980396284192e-07,-1005.1363684106298,762.7328996708544,69134,success_index1,S_L,gradient_tolerance,,raw_state_verified,run.py:numpy-batch
SI-pHiSD,0.00015848931924611142,0.002,2000000,73,-0.7109375,1.246875,completed,0.06601892901416057,0.18404094175620583,9.997665861507279e-07,-1005.1363684182919,762.732899572744,69135,success_index1,S_L,gradient_tolerance,,raw_state_verified,run.py:numpy-batch
SI-pHiSD,0.00015848931924611142,0.002,2000000,344,-0.5703125,1.3968749999999999,completed,0.06601892908009938,0.18404094175634403,9.997787422553045e-07,-1005.1363684117778,762.7328996586389,69149,success_index1,S_L,gradient_tolerance,,raw_state_verified,run.py:numpy-batch
SI-pHiSD,0.00015848931924611142,0.002,2000000,39,-0.7296875,1.228125,completed,0.06601892900582035,0.1840409417560906,9.999123006807842e-07,-1005.136368418718,762.7328995619655,69155,success_index1,S_L,gradient_tolerance,,raw_state_verified,run.py:numpy-batch
SI-pHiSD,0.00015848931924611142,0.002,2000000,310,-0.5890625,1.378125,completed,0.06601892907134477,0.1840409417567878,9.999927688164809e-07,-1005.1363684145228,762.7328996468297,69165,success_index1,S_L,gradient_tolerance,,raw_state_verified,run.py:numpy-batch
SI-pHiSD,0.00015848931924611142,0.002,2000000,58,-0.5515625000000001,1.228125,completed,0.06601892931528693,0.18404094172385793,9.998444193099173e-07,-1005.1363682543652,762.7328999939195,69168,success_index1,S_L,gradient_tolerance,,raw_state_verified,run.py:numpy-batch
SI-pHiSD,0.00015848931924611142,0.002,2000000,5,-0.7484375000000001,1.2093749999999999,completed,0.06601892899794443,0.18404094175577962,9.99917789359064e-07,-1005.1363684182983,762.7328995519639,69178,success_index1,S_L,gradient_tolerance,,raw_state_verified,run.py:numpy-batch
SI-pHiSD,0.00015848931924611142,0.002,2000000,276,-0.6078125000000001,1.359375,completed,0.06601892906217956,0.18404094175685973,9.999359540232868e-07,-1005.1363684157989,762.7328996348107,69181,success_index1,S_L,gradient_tolerance,,raw_state_verified,run.py:numpy-batch
SI-pHiSD,0.00015848931924611142,0.002,2000000,242,-0.6265625,1.340625,completed,0.06601892905303867,0.1840409417569808,9.999863539049085e-07,-1005.1363684172727,762.7328996227802,69197,success_index1,S_L,gradient_tolerance,,raw_state_verified,run.py:numpy-batch
SI-pHiSD,0.00015848931924611142,0.002,2000000,208,-0.6453125000000001,1.321875,completed,0.06601892904404692,0.18404094175674549,9.997853989540269e-07,-1005.1363684172802,762.732899611257,69215,success_index1,S_L,gradient_tolerance,,raw_state_verified,run.py:numpy-batch
SI-pHiSD,0.00015848931924611142,0.002,2000000,174,-0.6640625,1.3031249999999999,completed,0.06601892903527994,0.18404094175673225,9.998387089592055e-07,-1005.1363684181676,762.7328995998322,69233,success_index1,S_L,gradient_tolerance,,raw_state_verified,run.py:numpy-batch
SI-pHiSD,0.00015848931924611142,0.002,2000000,479,-0.5046875000000001,1.4718749999999998,completed,0.06601892911113806,0.18404094175507796,9.997682907237487e-07,-1005.1363684032955,762.7328997002385,69234,success_index1,S_L,gradient_tolerance,,raw_state_verified,run.py:numpy-batch
SI-pHiSD,0.00015848931924611142,0.002,2000000,445,-0.5234375,1.453125,completed,0.0660189291021846,0.1840409417554782,9.997249936174742e-07,-1005.1363684058852,762.7328996882081,69251,success_index1,S_L,gradient_tolerance,,raw_state_verified,run.py:numpy-batch
SI-pHiSD,0.00015848931924611142,0.002,2000000,140,-0.6828125,1.284375,completed,0.0660189290266888,0.18404094175662433,9.998632553882748e-07,-1005.1363684186502,762.7328995887196,69252,success_index1,S_L,gradient_tolerance,,raw_state_verified,run.py:numpy-batch
SI-pHiSD,0.00015848931924611142,0.002,2000000,411,-0.5421875,1.434375,completed,0.06601892909307755,0.18404094175606858,9.99904655583747e-07,-1005.136368409264,762.7328996758105,69267,success_index1,S_L,gradient_tolerance,,raw_state_verified,run.py:numpy-batch
SI-pHiSD,0.00015848931924611142,0.002,2000000,106,-0.7015625000000001,1.265625,completed,0.06601892901831512,0.18404094175646246,9.998902356498231e-07,-1005.1363684188904,762.7328995779387,69272,success_index1,S_L,gradient_tolerance,,raw_state_verified,run.py:numpy-batch
SI-pHiSD,0.00015848931924611142,0.002,2000000,24,-0.5703125,1.2093749999999999,completed,0.06601892931945073,0.18404094172277055,9.998520779031725e-07,-1005.1363682494941,762.7329000003047,69276,success_index1,S_L,gradient_tolerance,,raw_state_verified,run.py:numpy-batch
SI-pHiSD,0.00015848931924611142,0.002,2000000,377,-0.5609375000000001,1.415625,completed,0.06601892908404304,0.18404094175630356,9.998410939515797e-07,-1005.13636841119,762.7328996638192,69285,success_index1,S_L,gradient_tolerance,,raw_state_verified,run.py:numpy-batch
SI-pHiSD,0.00015848931924611142,0.002,2000000,72,-0.7203125,1.246875,completed,0.06601892900946588,0.18404094175630387,9.999870209794552e-07,-1005.1363684191946,762.732899566534,69290,success_index1,S_L,gradient_tolerance,,raw_state_verified,run.py:numpy-batch
SI-pHiSD,0.00015848931924611142,0.002,2000000,343,-0.5796875,1.3968749999999999,completed,0.066018929075008,0.18404094175657174,9.998693207172678e-07,-1005.1363684132508,762.7328996517977,69303,success_index1,S_L,gradient_tolerance,,raw_state_verified,run.py:numpy-batch
SI-pHiSD,0.00015848931924611142,0.002,2000000,38,-0.7390625000000001,1.228125,completed,0.06601892900115479,0.18404094175591695,9.99919421856902e-07,-1005.1363684185125,762.7328995560313,69311,success_index1,S_L,gradient_tolerance,,raw_state_verified,run.py:numpy-batch
SI-pHiSD,0.00015848931924611142,0.002,2000000,309,-0.5984375000000001,1.378125,completed,0.06601892906595762,0.18404094175657254,9.99725612844007e-07,-1005.1363684142252,762.7328996399908,69322,success_index1,S_L,gradient_tolerance,,raw_state_verified,run.py:numpy-batch
SI-pHiSD,0.00015848931924611142,0.002,2000000,4,-0.7578125,1.2093749999999999,completed,0.06601892899310387,0.18404094175555494,9.999140196809856e-07,-1005.1363684179038,762.7328995458465,69333,success_index1,S_L,gradient_tolerance,,raw_state_verified,run.py:numpy-batch
SI-pHiSD,0.00015848931924611142,0.002,2000000,275,-0.6171875,1.359375,completed,0.0660189290570543,0.18404094175669647,9.997530399334463e-07,-1005.136368415685,762.7328996282678,69341,success_index1,S_L,gradient_tolerance,,raw_state_verified,run.py:numpy-batch
SI-pHiSD,0.00015848931924611142,0.002,2000000,241,-0.6359375,1.340625,completed,0.06601892904837228,0.18404094175674113,9.99770891530601e-07,-1005.1363684167987,762.7328996169031,69361,success_index1,S_L,gradient_tolerance,,raw_state_verified,run.py:numpy-batch
SI-pHiSD,0.00015848931924611142,0.002,2000000,207,-0.6546875000000001,1.321875,completed,0.06601892903934833,0.18404094175686705,9.999203511634418e-07,-1005.1363684182791,762.7328996050213,69379,success_index1,S_L,gradient_tolerance,,raw_state_verified,run.py:numpy-batch
SI-pHiSD,0.00015848931924611142,0.002,2000000,478,-0.5140625000000001,1.4718749999999998,completed,0.06601892910609661,0.18404094175553182,9.999345556828005e-07,-1005.1363684056832,762.7328996932641,69386,success_index1,S_L,gradient_tolerance,,raw_state_verified,run.py:numpy-batch
SI-pHiSD,0.00015848931924611142,0.002,2000000,173,-0.6734375,1.3031249999999999,completed,0.06601892903060558,0.1840409417566741,9.998456589581312e-07,-1005.1363684184323,762.7328995937856,69399,success_index1,S_L,gradient_tolerance,,raw_state_verified,run.py:numpy-batch
SI-pHiSD,0.00015848931924611142,0.002,2000000,444,-0.5328125000000001,1.453125,completed,0.06601892909698626,0.1840409417557135,9.997310415571384e-07,-1005.1363684073997,762.7328996812205,69407,success_index1,S_L,gradient_tolerance,,raw_state_verified,run.py:numpy-batch
SI-pHiSD,0.00015848931924611142,0.002,2000000,139,-0.6921875000000001,1.284375,completed,0.06601892902203406,0.1840409417565518,9.998872589820008e-07,-1005.1363684188549,762.7328995827113,69419,success_index1,S_L,gradient_tolerance,,raw_state_verified,run.py:numpy-batch
SI-pHiSD,0.00015848931924611142,0.002,2000000,410,-0.5515625000000001,1.434375,completed,0.06601892908789293,0.18404094175619443,9.998526633879102e-07,-1005.1363684103328,762.7328996689367,69427,success_index1,S_L,gradient_tolerance,,raw_state_verified,run.py:numpy-batch
SI-pHiSD,0.00015848931924611142,0.002,2000000,105,-0.7109375,1.265625,completed,0.06601892901344948,0.18404094175629815,9.998677119837807e-07,-1005.1363684187436,762.7328995717355,69439,success_index1,S_L,gradient_tolerance,,raw_state_verified,run.py:numpy-batch
SI-pHiSD,0.00015848931924611142,0.002,2000000,376,-0.5703125,1.415625,completed,0.06601892907884813,0.18404094175647895,9.998681894129447e-07,-1005.1363684124607,762.7328996568885,69448,success_index1,S_L,gradient_tolerance,,raw_state_verified,run.py:numpy-batch
SI-pHiSD,0.00015848931924611142,0.002,2000000,71,-0.7296875,1.246875,completed,0.06601892900506894,0.18404094175614769,9.999880566309487e-07,-1005.1363684190312,762.7328995609347,69459,success_index1,S_L,gradient_tolerance,,raw_state_verified,run.py:numpy-batch
SI-pHiSD,0.00015848931924611142,0.002,2000000,342,-0.5890625,1.3968749999999999,completed,0.06601892906989316,0.18404094175656607,9.997751078840597e-07,-1005.1363684137766,762.7328996451308,69470,success_index1,S_L,gradient_tolerance,,raw_state_verified,run.py:numpy-batch
SI-pHiSD,0.00015848931924611142,0.002,2000000,37,-0.7484375000000001,1.228125,completed,0.06601892899703134,0.18404094175572366,9.99903653933139e-07,-1005.1363684181686,762.7328995508217,69481,success_index1,S_L,gradient_tolerance,,raw_state_verified,run.py:numpy-batch
SI-pHiSD,0.00015848931924611142,0.002,2000000,308,-0.6078125000000001,1.378125,completed,0.06601892906119582,0.1840409417568404,9.999098931646886e-07,-1005.1363684158258,762.7328996335442,69492,success_index1,S_L,gradient_tolerance,,raw_state_verified,run.py:numpy-batch
SI-pHiSD,0.00015848931924611142,0.002,2000000,3,-0.7671875,1.2093749999999999,completed,0.0660189289887505,0.18404094175521338,9.998009570933148e-07,-1005.1363684169812,762.7328995404666,69502,success_index1,S_L,gradient_tolerance,,raw_state_verified,run.py:numpy-batch
SI-pHiSD,0.00015848931924611142,0.002,2000000,274,-0.6265625,1.359375,completed,0.06601892905218586,0.18404094175668634,9.997250468272418e-07,-1005.136368416166,762.7328996219264,69514,success_index1,S_L,gradient_tolerance,,raw_state_verified,run.py:numpy-batch
SI-pHiSD,0.00015848931924611142,0.002,2000000,511,-0.5046875000000001,1.4906249999999999,completed,0.06601892910944455,0.18404094175528016,9.998650039537449e-07,-1005.1363684042999,762.7328996978521,69524,success_index1,S_L,gradient_tolerance,,raw_state_verified,run.py:numpy-batch
SI-pHiSD,0.00015848931924611142,0.002,2000000,390,-0.7390625000000001,1.434375,completed,1.2192190386793011,4.849078655303689,21836459856.17922,2058041748.8512938,193501774871.87933,69525,state_safeguard,U,state_safeguard,source_norm2_gt_5,raw_state_verified,run.py:numpy-batch
SI-pHiSD,0.00015848931924611142,0.002,2000000,240,-0.6453125000000001,1.340625,completed,0.06601892904352666,0.1840409417567518,9.997931751558357e-07,-1005.1363684173618,762.7328996105728,69536,success_index1,S_L,gradient_tolerance,,raw_state_verified,run.py:numpy-batch
SI-pHiSD,0.00015848931924611142,0.002,2000000,127,-0.5046875000000001,1.265625,completed,0.06601892938367956,0.18404094170331473,9.999421897570846e-07,-1005.1363681634442,762.7329001011472,69537,success_index1,S_L,gradient_tolerance,,raw_state_verified,run.py:numpy-batch
SI-pHiSD,0.00015848931924611142,0.002,2000000,477,-0.5234375,1.4718749999999998,completed,0.06601892910046361,0.18404094175584937,9.999796555948996e-07,-1005.1363684075798,762.7328996856373,69548,success_index1,S_L,gradient_tolerance,,raw_state_verified,run.py:numpy-batch
SI-pHiSD,0.00015848931924611142,0.002,2000000,206,-0.6640625,1.321875,completed,0.0660189290348299,0.18404094175686808,9.999637047705577e-07,-1005.1363684187683,762.7328995991261,69557,success_index1,S_L,gradient_tolerance,,raw_state_verified,run.py:numpy-batch
SI-pHiSD,0.00015848931924611142,0.002,2000000,443,-0.5421875,1.453125,completed,0.06601892909151401,0.18404094175622335,9.99988658956989e-07,-1005.1363684100613,762.7328996736353,69573,success_index1,S_L,gradient_tolerance,,raw_state_verified,run.py:numpy-batch
SI-pHiSD,0.00015848931924611142,0.002,2000000,172,-0.6828125,1.3031249999999999,completed,0.06601892902656051,0.1840409417567204,9.999505654817249e-07,-1005.1363684190546,762.7328995884683,69580,success_index1,S_L,gradient_tolerance,,raw_state_verified,run.py:numpy-batch
SI-pHiSD,0.00015848931924611142,0.002,2000000,409,-0.5609375000000001,1.434375,completed,0.06601892908263528,0.1840409417563924,9.99882459407757e-07,-1005.1363684117023,762.7328996619046,69599,success_index1,S_L,gradient_tolerance,,raw_state_verified,run.py:numpy-batch
SI-pHiSD,0.00015848931924611142,0.002,2000000,138,-0.7015625000000001,1.284375,completed,0.06601892901769257,0.1840409417565133,9.999501611888965e-07,-1005.1363684191643,762.7328995770818,69600,success_index1,S_L,gradient_tolerance,,raw_state_verified,run.py:numpy-batch
SI-pHiSD,0.00015848931924611142,0.002,2000000,93,-0.5234375,1.246875,completed,0.06601892938396343,0.1840409417032643,9.999786527091036e-07,-1005.1363681632083,762.7329001015618,69614,success_index1,S_L,gradient_tolerance,,raw_state_verified,run.py:numpy-batch
SI-pHiSD,0.00015848931924611142,0.002,2000000,104,-0.7203125,1.265625,completed,0.0660189290093032,0.18404094175606156,9.997765442655349e-07,-1005.1363684182261,762.7328995665341,69622,success_index1,S_L,gradient_tolerance,,raw_state_verified,run.py:numpy-batch
SI-pHiSD,0.00015848931924611142,0.002,2000000,375,-0.5796875,1.415625,completed,0.06601892907371958,0.18404094175644767,9.997363155496452e-07,-1005.1363684128842,762.7328996502257,69625,success_index1,S_L,gradient_tolerance,,raw_state_verified,run.py:numpy-batch
SI-pHiSD,0.00015848931924611142,0.002,2000000,70,-0.7390625000000001,1.246875,completed,0.06601892900099336,0.18404094175573385,9.99762237400238e-07,-1005.1363684177849,762.7328995559811,69643,success_index1,S_L,gradient_tolerance,,raw_state_verified,run.py:numpy-batch
SI-pHiSD,0.00015848931924611142,0.002,2000000,341,-0.5984375000000001,1.3968749999999999,completed,0.06601892906520217,0.18404094175679003,9.99907254393464e-07,-1005.1363684151916,762.7328996388147,69651,success_index1,S_L,gradient_tolerance,,raw_state_verified,run.py:numpy-batch
SI-pHiSD,0.00015848931924611142,0.002,2000000,36,-0.7578125,1.228125,completed,0.06601892899279942,0.1840409417555799,9.99949254966952e-07,-1005.136368418038,762.7328995454272,69663,success_index1,S_L,gradient_tolerance,,raw_state_verified,run.py:numpy-batch
SI-pHiSD,0.00015848931924611142,0.002,2000000,307,-0.6171875,1.378125,completed,0.06601892905621493,0.18404094175674615,9.997921611817692e-07,-1005.1363684159768,762.7328996271297,69676,success_index1,S_L,gradient_tolerance,,raw_state_verified,run.py:numpy-batch
SI-pHiSD,0.00015848931924611142,0.002,2000000,2,-0.7765625,1.2093749999999999,completed,0.06601892898502355,0.18404094175513108,9.999027794390404e-07,-1005.1363684170457,762.7328995356776,69685,success_index1,S_L,gradient_tolerance,,raw_state_verified,run.py:numpy-batch
SI-pHiSD,0.00015848931924611142,0.002,2000000,510,-0.5140625000000001,1.4906249999999999,completed,0.06601892910383993,0.18404094175537464,9.997026441962762e-07,-1005.1363684052858,762.7328996904582,69695,success_index1,S_L,gradient_tolerance,,raw_state_verified,run.py:numpy-batch
SI-pHiSD,0.00015848931924611142,0.002,2000000,59,-0.5421875,1.228125,completed,0.06601892938471259,0.18404094170277138,9.997997138243954e-07,-1005.1363681611225,762.7329001029715,69699,success_index1,S_L,gradient_tolerance,,raw_state_verified,run.py:numpy-batch
SI-pHiSD,0.00015848931924611142,0.002,2000000,273,-0.6359375,1.359375,completed,0.06601892904758751,0.1840409417568686,9.998841559714271e-07,-1005.1363684174011,762.732899615768,69701,success_index1,S_L,gradient_tolerance,,raw_state_verified,run.py:numpy-batch
SI-pHiSD,0.00015848931924611142,0.002,2000000,476,-0.5328125000000001,1.4718749999999998,completed,0.06601892909500111,0.18404094175580238,9.997380418393203e-07,-1005.1363684079745,762.7328996785533,69725,success_index1,S_L,gradient_tolerance,,raw_state_verified,run.py:numpy-batch
SI-pHiSD,0.00015848931924611142,0.002,2000000,239,-0.6546875000000001,1.340625,completed,0.06601892903897098,0.18404094175676033,9.998290266372383e-07,-1005.1363684178853,762.7328996046227,69726,success_index1,S_L,gradient_tolerance,,raw_state_verified,run.py:numpy-batch
SI-pHiSD,0.00015848931924611142,0.002,2000000,205,-0.6734375,1.321875,completed,0.06601892903048771,0.1840409417567746,9.999362932064075e-07,-1005.1363684188536,762.732899593544,69750,success_index1,S_L,gradient_tolerance,,raw_state_verified,run.py:numpy-batch
SI-pHiSD,0.00015848931924611142,0.002,2000000,442,-0.5515625000000001,1.453125,completed,0.06601892908626235,0.18404094175628166,9.99882147134965e-07,-1005.1363684108624,762.7328996667335,69755,success_index1,S_L,gradient_tolerance,,raw_state_verified,run.py:numpy-batch
SI-pHiSD,0.00015848931924611142,0.002,2000000,171,-0.6921875000000001,1.3031249999999999,completed,0.06601892902216963,0.18404094175665622,9.999770324594282e-07,-1005.1363684192648,762.7328995827968,69774,success_index1,S_L,gradient_tolerance,,raw_state_verified,run.py:numpy-batch
SI-pHiSD,0.00015848931924611142,0.002,2000000,408,-0.5703125,1.434375,completed,0.06601892907767298,0.18404094175631175,9.99696233147231e-07,-1005.1363684119067,762.7328996555021,69787,success_index1,S_L,gradient_tolerance,,raw_state_verified,run.py:numpy-batch
SI-pHiSD,0.00015848931924611142,0.002,2000000,25,-0.5609375000000001,1.2093749999999999,completed,0.06601892938574815,0.1840409417025341,9.998932307276203e-07,-1005.1363681600461,762.7329001045302,69788,success_index1,S_L,gradient_tolerance,,raw_state_verified,run.py:numpy-batch
SI-pHiSD,0.00015848931924611142,0.002,2000000,137,-0.7109375,1.284375,completed,0.06601892901372791,0.18404094175634003,9.99897407821214e-07,-1005.1363684188848,762.7328995720613,69797,success_index1,S_L,gradient_tolerance,,raw_state_verified,run.py:numpy-batch
SI-pHiSD,0.00015848931924611142,0.002,2000000,374,-0.5890625,1.415625,completed,0.06601892906876433,0.18404094175661273,9.997990193900488e-07,-1005.1363684140878,762.7328996436167,69816,success_index1,S_L,gradient_tolerance,,raw_state_verified,run.py:numpy-batch
SI-pHiSD,0.00015848931924611142,0.002,2000000,103,-0.7296875,1.265625,completed,0.06601892900560496,0.1840409417560185,9.998552642177354e-07,-1005.1363684184483,762.7328995617476,69820,success_index1,S_L,gradient_tolerance,,raw_state_verified,run.py:numpy-batch
SI-pHiSD,0.00015848931924611142,0.002,2000000,69,-0.7484375000000001,1.246875,completed,0.06601892899744977,0.1840409417558433,9.99993802993364e-07,-1005.1363684186102,762.7328995512629,69841,success_index1,S_L,gradient_tolerance,,raw_state_verified,run.py:numpy-batch
SI-pHiSD,0.00015848931924611142,0.002,2000000,340,-0.6078125000000001,1.3968749999999999,completed,0.06601892906012331,0.18404094175672642,9.998006226684702e-07,-1005.1363684154772,762.7328996322453,69846,success_index1,S_L,gradient_tolerance,,raw_state_verified,run.py:numpy-batch
SI-pHiSD,0.00015848931924611142,0.002,2000000,35,-0.7671875,1.228125,completed,0.06601892898917859,0.18404094175518707,9.997579734667216e-07,-1005.1363684168285,762.7328995410485,69862,success_index1,S_L,gradient_tolerance,,raw_state_verified,run.py:numpy-batch
SI-pHiSD,0.00015848931924611142,0.002,2000000,306,-0.6265625,1.378125,completed,0.06601892905158932,0.18404094175694383,9.999507138676828e-07,-1005.1363684172778,762.732899620922,69875,success_index1,S_L,gradient_tolerance,,raw_state_verified,run.py:numpy-batch
SI-pHiSD,0.00015848931924611142,0.002,2000000,509,-0.5234375,1.4906249999999999,completed,0.06601892909852683,0.1840409417556148,9.997018815246612e-07,-1005.1363684068328,762.7328996833169,69880,success_index1,S_L,gradient_tolerance,,raw_state_verified,run.py:numpy-batch
SI-pHiSD,0.00015848931924611142,0.002,2000000,1,-0.7859375000000001,1.2093749999999999,completed,0.06601892898115531,0.18404094175473104,9.99738246068573e-07,-1005.1363684158339,762.7328995309821,69882,success_index1,S_L,gradient_tolerance,,raw_state_verified,run.py:numpy-batch
SI-pHiSD,0.00015848931924611142,0.002,2000000,272,-0.6453125000000001,1.359375,completed,0.0660189290431151,0.1840409417569116,9.999360985830245e-07,-1005.1363684180561,762.7328996098959,69904,success_index1,S_L,gradient_tolerance,,raw_state_verified,run.py:numpy-batch
SI-pHiSD,0.00015848931924611142,0.002,2000000,475,-0.5421875,1.4718749999999998,completed,0.06601892908989267,0.18404094175610394,9.998336768664577e-07,-1005.1363684097497,762.732899671625,69916,success_index1,S_L,gradient_tolerance,,raw_state_verified,run.py:numpy-batch
SI-pHiSD,0.00015848931924611142,0.002,2000000,238,-0.6640625,1.340625,completed,0.06601892903477605,0.18404094175665942,9.997797969981709e-07,-1005.1363684179248,762.732899599239,69933,success_index1,S_L,gradient_tolerance,,raw_state_verified,run.py:numpy-batch
SI-pHiSD,0.00015848931924611142,0.002,2000000,441,-0.5609375000000001,1.453125,completed,0.06601892908119926,0.1840409417564114,9.998636712471348e-07,-1005.1363684119331,762.7328996600152,69952,success_index1,S_L,gradient_tolerance,,raw_state_verified,run.py:numpy-batch
SI-pHiSD,0.00015848931924611142,0.002,2000000,204,-0.6828125,1.321875,completed,0.06601892902632121,0.18404094175666794,9.99908233632339e-07,-1005.1363684188675,762.7328995882017,69959,success_index1,S_L,gradient_tolerance,,raw_state_verified,run.py:numpy-batch
SI-pHiSD,0.00015848931924611142,0.002,2000000,170,-0.7015625000000001,1.3031249999999999,completed,0.06601892901842848,0.18404094175657346,9.999860824061848e-07,-1005.1363684193295,762.732899577989,69986,success_index1,S_L,gradient_tolerance,,raw_state_verified,run.py:numpy-batch
SI-pHiSD,0.00015848931924611142,0.002,2000000,407,-0.5796875,1.434375,completed,0.06601892907264777,0.18404094175642458,9.996967643796025e-07,-1005.1363684129054,762.7328996488478,69989,success_index1,S_L,gradient_tolerance,,raw_state_verified,run.py:numpy-batch
SI-pHiSD,0.00015848931924611142,0.002,2000000,136,-0.7203125,1.284375,completed,0.06601892900982702,0.18404094175631494,9.999860091450204e-07,-1005.136368419201,762.732899566995,70009,success_index1,S_L,gradient_tolerance,,raw_state_verified,run.py:numpy-batch
SI-pHiSD,0.00015848931924611142,0.002,2000000,373,-0.5984375000000001,1.415625,completed,0.06601892906394635,0.18404094175678667,9.998899456794477e-07,-1005.1363684153124,762.7328996371793,70023,success_index1,S_L,gradient_tolerance,,raw_state_verified,run.py:numpy-batch
SI-pHiSD,0.00015848931924611142,0.002,2000000,102,-0.7390625000000001,1.265625,completed,0.0660189290018986,0.18404094175602284,9.999868200329818e-07,-1005.1363684188635,762.7328995569087,70033,success_index1,S_L,gradient_tolerance,,raw_state_verified,run.py:numpy-batch
SI-pHiSD,0.00015848931924611142,0.002,2000000,68,-0.7578125,1.246875,completed,0.06601892899394217,0.18404094175546826,9.998014237607253e-07,-1005.136368417461,762.7328995470159,70056,success_index1,S_L,gradient_tolerance,,raw_state_verified,run.py:numpy-batch
SI-pHiSD,0.00015848931924611142,0.002,2000000,339,-0.6171875,1.3968749999999999,completed,0.0660189290554229,0.18404094175676347,9.998035851986643e-07,-1005.1363684161325,762.7328996260811,70058,success_index1,S_L,gradient_tolerance,,raw_state_verified,run.py:numpy-batch
SI-pHiSD,0.00015848931924611142,0.002,2000000,34,-0.7765625,1.228125,completed,0.06601892898597664,0.1840409417552115,9.99928783380266e-07,-1005.1363684172711,762.7328995368503,70076,success_index1,S_L,gradient_tolerance,,raw_state_verified,run.py:numpy-batch
SI-pHiSD,0.00015848931924611142,0.002,2000000,508,-0.5328125000000001,1.4906249999999999,completed,0.06601892909327947,0.18404094175609514,9.99934514458927e-07,-1005.1363684093503,762.7328996760508,70079,success_index1,S_L,gradient_tolerance,,raw_state_verified,run.py:numpy-batch
SI-pHiSD,0.00015848931924611142,0.002,2000000,305,-0.6359375,1.378125,completed,0.06601892904736302,0.18404094175684166,9.998607351089307e-07,-1005.1363684173159,762.7328996154982,70093,success_index1,S_L,gradient_tolerance,,raw_state_verified,run.py:numpy-batch
SI-pHiSD,0.00015848931924611142,0.002,2000000,0,-0.7953125000000001,1.2093749999999999,completed,0.06601892897784822,0.18404094175455313,9.99752850641318e-07,-1005.1363684154651,762.7328995268239,70095,success_index1,S_L,gradient_tolerance,,raw_state_verified,run.py:numpy-batch
SI-pHiSD,0.00015848931924611142,0.002,2000000,474,-0.5515625000000001,1.4718749999999998,completed,0.06601892908447746,0.18404094175619465,9.997574557845212e-07,-1005.1363684107,762.7328996644814,70122,success_index1,S_L,gradient_tolerance,,raw_state_verified,run.py:numpy-batch
SI-pHiSD,0.00015848931924611142,0.002,2000000,271,-0.6546875000000001,1.359375,completed,0.06601892903912891,0.18404094175681604,9.9987701297869e-07,-1005.1363684180949,762.7328996047798,70126,success_index1,S_L,gradient_tolerance,,raw_state_verified,run.py:numpy-batch
SI-pHiSD,0.00015848931924611142,0.002,2000000,237,-0.6734375,1.340625,completed,0.06601892903089285,0.18404094175681343,9.999648859384214e-07,-1005.136368418969,762.7328995940378,70157,success_index1,S_L,gradient_tolerance,,raw_state_verified,run.py:numpy-batch
SI-pHiSD,0.00015848931924611142,0.002,2000000,440,-0.5703125,1.453125,completed,0.06601892907603725,0.1840409417564459,9.99779537380706e-07,-1005.1363684126279,762.7328996532508,70165,success_index1,S_L,gradient_tolerance,,raw_state_verified,run.py:numpy-batch
SI-pHiSD,0.00015848931924611142,0.002,2000000,203,-0.6921875000000001,1.321875,completed,0.06601892902275523,0.1840409417566328,9.999443214365907e-07,-1005.136368419107,762.7328995835809,70187,success_index1,S_L,gradient_tolerance,,raw_state_verified,run.py:numpy-batch
SI-pHiSD,0.00015848931924611142,0.002,2000000,406,-0.5890625,1.434375,completed,0.06601892906786547,0.18404094175668725,9.998515442964951e-07,-1005.1363684144866,762.7328996423794,70208,success_index1,S_L,gradient_tolerance,,raw_state_verified,run.py:numpy-batch
SI-pHiSD,0.00015848931924611142,0.002,2000000,169,-0.7109375,1.3031249999999999,completed,0.06601892901418811,0.18404094175619254,9.997540479503163e-07,-1005.136368418235,762.7328995727918,70214,success_index1,S_L,gradient_tolerance,,raw_state_verified,run.py:numpy-batch
SI-pHiSD,0.00015848931924611142,0.002,2000000,491,-0.6921875000000001,1.4906249999999999,completed,1.2192079877127786,4.849080630645232,21835412420.899734,2057946523.5709438,193492237990.69415,70216,state_safeguard,U,state_safeguard,source_norm2_gt_5,raw_state_verified,run.py:numpy-batch
SI-pHiSD,0.00015848931924611142,0.002,2000000,289,-0.7859375000000001,1.378125,completed,1.2192411965217191,4.84909047462111,21840934754.21602,2058451454.043221,193542431936.56555,70227,state_safeguard,U,state_safeguard,source_norm2_gt_5,raw_state_verified,run.py:numpy-batch
SI-pHiSD,0.00015848931924611142,0.002,2000000,135,-0.7296875,1.284375,completed,0.06601892900643243,0.18404094175599475,9.998070246543865e-07,-1005.1363684182628,762.7328995628478,70241,success_index1,S_L,gradient_tolerance,,raw_state_verified,run.py:numpy-batch
SI-pHiSD,0.00015848931924611142,0.002,2000000,372,-0.6078125000000001,1.415625,completed,0.06601892905922994,0.18404094175685143,9.999035893095505e-07,-1005.1363684160818,762.7328996309701,70248,success_index1,S_L,gradient_tolerance,,raw_state_verified,run.py:numpy-batch
SI-pHiSD,0.00015848931924611142,0.002,2000000,101,-0.7484375000000001,1.265625,completed,0.06601892899849438,0.18404094175574978,9.99869978900261e-07,-1005.1363684181179,762.7328995527073,70265,success_index1,S_L,gradient_tolerance,,raw_state_verified,run.py:numpy-batch
SI-pHiSD,0.00015848931924611142,0.002,2000000,67,-0.7671875,1.246875,completed,0.06601892899029928,0.1840409417553659,9.998672996475093e-07,-1005.1363684174354,762.7328995423535,70286,success_index1,S_L,gradient_tolerance,,raw_state_verified,run.py:numpy-batch
SI-pHiSD,0.00015848931924611142,0.002,2000000,338,-0.6265625,1.3968749999999999,completed,0.06601892905091813,0.18404094175665364,9.996942285560671e-07,-1005.1363684161693,762.7328996203007,70289,success_index1,S_L,gradient_tolerance,,raw_state_verified,run.py:numpy-batch
SI-pHiSD,0.00015848931924611142,0.002,2000000,507,-0.5421875,1.4906249999999999,completed,0.06601892908776644,0.184040941756122,9.997858031953108e-07,-1005.1363684100514,762.7328996688352,70295,success_index1,S_L,gradient_tolerance,,raw_state_verified,run.py:numpy-batch
SI-pHiSD,0.00015848931924611142,0.002,2000000,33,-0.7859375000000001,1.228125,completed,0.06601892898247166,0.1840409417549785,9.998925461854807e-07,-1005.1363684166993,762.7328995324822,70306,success_index1,S_L,gradient_tolerance,,raw_state_verified,run.py:numpy-batch
SI-pHiSD,0.00015848931924611142,0.002,2000000,304,-0.6453125000000001,1.378125,completed,0.06601892904256655,0.18404094175667188,9.997273097185217e-07,-1005.1363684171395,762.7328996093905,70327,success_index1,S_L,gradient_tolerance,,raw_state_verified,run.py:numpy-batch
SI-pHiSD,0.00015848931924611142,0.002,2000000,473,-0.5609375000000001,1.4718749999999998,completed,0.06601892907955521,0.18404094175654234,9.999395749870229e-07,-1005.1363684126428,762.7328996577553,70346,success_index1,S_L,gradient_tolerance,,raw_state_verified,run.py:numpy-batch
SI-pHiSD,0.00015848931924611142,0.002,2000000,270,-0.6640625,1.359375,completed,0.0660189290347049,0.18404094175661492,9.997412617694712e-07,-1005.1363684177517,762.7328995991847,70365,success_index1,S_L,gradient_tolerance,,raw_state_verified,run.py:numpy-batch
SI-pHiSD,0.00015848931924611142,0.002,2000000,439,-0.5796875,1.453125,completed,0.0660189290708602,0.18404094175667154,9.998829174652575e-07,-1005.1363684141016,762.7328996462998,70395,success_index1,S_L,gradient_tolerance,,raw_state_verified,run.py:numpy-batch
SI-pHiSD,0.00015848931924611142,0.002,2000000,236,-0.6828125,1.340625,completed,0.06601892902657074,0.18404094175666266,9.998992243845253e-07,-1005.1363684188184,762.7328995885325,70399,success_index1,S_L,gradient_tolerance,,raw_state_verified,run.py:numpy-batch
SI-pHiSD,0.00015848931924611142,0.002,2000000,424,-0.7203125,1.453125,completed,1.2192138102189678,4.849077845357415,21835701816.85256,2057972514.912882,193494882544.5211,70408,state_safeguard,U,state_safeguard,source_norm2_gt_5,raw_state_verified,run.py:numpy-batch
SI-pHiSD,0.00015848931924611142,0.002,2000000,94,-0.5140625000000001,1.246875,completed,0.06601892947607982,0.184040941665433,9.999162239329505e-07,-1005.136367999403,762.7329002548943,70422,success_index1,S_L,gradient_tolerance,,raw_state_verified,run.py:numpy-batch
SI-pHiSD,0.00015848931924611142,0.002,2000000,202,-0.7015625000000001,1.321875,completed,0.066018929018878,0.1840409417564653,9.99879656124082e-07,-1005.1363684188415,762.7328995786701,70433,success_index1,S_L,gradient_tolerance,,raw_state_verified,run.py:numpy-batch
SI-pHiSD,0.00015848931924611142,0.002,2000000,405,-0.5984375000000001,1.434375,completed,0.06601892906264116,0.18404094175688843,9.999656462785998e-07,-1005.1363684158663,762.7328996353876,70444,success_index1,S_L,gradient_tolerance,,raw_state_verified,run.py:numpy-batch
SI-pHiSD,0.00015848931924611142,0.002,2000000,168,-0.7203125,1.3031249999999999,completed,0.0660189290107422,0.18404094175634841,9.999886749013732e-07,-1005.136368419239,762.7328995681602,70462,success_index1,S_L,gradient_tolerance,,raw_state_verified,run.py:numpy-batch
SI-pHiSD,0.00015848931924611142,0.002,2000000,134,-0.7390625000000001,1.284375,completed,0.06601892900278522,0.18404094175587626,9.998248794882813e-07,-1005.1363684181721,762.7328995581938,70490,success_index1,S_L,gradient_tolerance,,raw_state_verified,run.py:numpy-batch
SI-pHiSD,0.00015848931924611142,0.002,2000000,371,-0.6171875,1.415625,completed,0.06601892905444887,0.1840409417568974,9.999174365854314e-07,-1005.1363684167818,762.7328996246932,70492,success_index1,S_L,gradient_tolerance,,raw_state_verified,run.py:numpy-batch
SI-pHiSD,0.00015848931924611142,0.002,2000000,100,-0.7578125,1.265625,completed,0.06601892899511208,0.18404094175566835,9.999314898338918e-07,-1005.1363684181495,762.7328995483667,70515,success_index1,S_L,gradient_tolerance,,raw_state_verified,run.py:numpy-batch
SI-pHiSD,0.00015848931924611142,0.002,2000000,506,-0.5515625000000001,1.4906249999999999,completed,0.0660189290825226,0.1840409417561883,9.997013227905294e-07,-1005.1363684108842,762.7328996619365,70530,success_index1,S_L,gradient_tolerance,,raw_state_verified,run.py:numpy-batch
SI-pHiSD,0.00015848931924611142,0.002,2000000,66,-0.7765625,1.246875,completed,0.0660189289873312,0.18404094175528796,9.999330569653793e-07,-1005.136368417437,762.7328995385501,70537,success_index1,S_L,gradient_tolerance,,raw_state_verified,run.py:numpy-batch
SI-pHiSD,0.00015848931924611142,0.002,2000000,337,-0.6359375,1.3968749999999999,completed,0.06601892904656506,0.1840409417569017,9.999152267226516e-07,-1005.1363684176454,762.732899614405,70539,success_index1,S_L,gradient_tolerance,,raw_state_verified,run.py:numpy-batch
SI-pHiSD,0.00015848931924611142,0.002,2000000,32,-0.7953125000000001,1.228125,completed,0.06601892897957559,0.18404094175460006,9.99703111997081e-07,-1005.1363684154702,762.7328995290362,70557,success_index1,S_L,gradient_tolerance,,raw_state_verified,run.py:numpy-batch
SI-pHiSD,0.00015848931924611142,0.002,2000000,303,-0.6546875000000001,1.378125,completed,0.06601892903841093,0.1840409417567237,9.998012663134262e-07,-1005.1363684177967,762.732899603924,70583,success_index1,S_L,gradient_tolerance,,raw_state_verified,run.py:numpy-batch
SI-pHiSD,0.00015848931924611142,0.002,2000000,472,-0.5703125,1.4718749999999998,completed,0.06601892907423566,0.18404094175650604,9.997970498142034e-07,-1005.136368413066,762.7328996508483,70589,success_index1,S_L,gradient_tolerance,,raw_state_verified,run.py:numpy-batch
SI-pHiSD,0.00015848931924611142,0.002,2000000,269,-0.6734375,1.359375,completed,0.0660189290304384,0.1840409417567559,9.99920449425268e-07,-1005.1363684187831,762.7328995934959,70624,success_index1,S_L,gradient_tolerance,,raw_state_verified,run.py:numpy-batch
SI-pHiSD,0.00015848931924611142,0.002,2000000,438,-0.5890625,1.453125,completed,0.06601892906589746,0.18404094175661295,9.997603228918365e-07,-1005.1363684143959,762.7328996398769,70647,success_index1,S_L,gradient_tolerance,,raw_state_verified,run.py:numpy-batch
SI-pHiSD,0.00015848931924611142,0.002,2000000,235,-0.6921875000000001,1.340625,completed,0.0660189290225961,0.18404094175634497,9.99692346242943e-07,-1005.1363684179532,762.7328995836258,70664,success_index1,S_L,gradient_tolerance,,raw_state_verified,run.py:numpy-batch
SI-pHiSD,0.00015848931924611142,0.002,2000000,201,-0.7109375,1.321875,completed,0.06601892901502522,0.18404094175635918,9.998799942939823e-07,-1005.1363684188233,762.7328995737374,70700,success_index1,S_L,gradient_tolerance,,raw_state_verified,run.py:numpy-batch
SI-pHiSD,0.00015848931924611142,0.002,2000000,404,-0.6078125000000001,1.434375,completed,0.06601892905778706,0.18404094175693708,9.999690613178134e-07,-1005.1363684165855,762.7328996290126,70703,success_index1,S_L,gradient_tolerance,,raw_state_verified,run.py:numpy-batch
SI-pHiSD,0.00015848931924611142,0.002,2000000,167,-0.7296875,1.3031249999999999,completed,0.0660189290073975,0.18404094175613017,9.99896610632054e-07,-1005.1363684187104,762.7328995639878,70733,success_index1,S_L,gradient_tolerance,,raw_state_verified,run.py:numpy-batch
SI-pHiSD,0.00015848931924611142,0.002,2000000,323,-0.7671875,1.3968749999999999,completed,1.2192387698772933,4.849091392316998,21840777524.123966,2058437248.2620282,193540997685.1153,70756,state_safeguard,U,state_safeguard,source_norm2_gt_5,raw_state_verified,run.py:numpy-batch
SI-pHiSD,0.00015848931924611142,0.002,2000000,370,-0.6265625,1.415625,completed,0.06601892904992596,0.1840409417568817,9.998944010044663e-07,-1005.1363684172034,762.732899618807,70759,success_index1,S_L,gradient_tolerance,,raw_state_verified,run.py:numpy-batch
SI-pHiSD,0.00015848931924611142,0.002,2000000,133,-0.7484375000000001,1.284375,completed,0.06601892899973605,0.18404094175589975,9.999565087285586e-07,-1005.1363684185947,762.7328995541957,70762,success_index1,S_L,gradient_tolerance,,raw_state_verified,run.py:numpy-batch
SI-pHiSD,0.00015848931924611142,0.002,2000000,505,-0.5609375000000001,1.4906249999999999,completed,0.06601892907721471,0.18404094175652377,9.998719473810796e-07,-1005.1363684128185,762.7328996547186,70784,success_index1,S_L,gradient_tolerance,,raw_state_verified,run.py:numpy-batch
SI-pHiSD,0.00015848931924611142,0.002,2000000,99,-0.7671875,1.265625,completed,0.06601892899208454,0.18404094175541202,9.998302086126569e-07,-1005.1363684174319,762.7328995446419,70788,success_index1,S_L,gradient_tolerance,,raw_state_verified,run.py:numpy-batch
SI-pHiSD,0.00015848931924611142,0.002,2000000,65,-0.7859375000000001,1.246875,completed,0.06601892898451775,0.1840409417549965,9.998071471490373e-07,-1005.1363684165528,762.7328995351353,70810,success_index1,S_L,gradient_tolerance,,raw_state_verified,run.py:numpy-batch
SI-pHiSD,0.00015848931924611142,0.002,2000000,336,-0.6453125000000001,1.3968749999999999,completed,0.06601892904205676,0.1840409417568397,9.998781876895159e-07,-1005.1363684178774,762.7328996085781,70812,success_index1,S_L,gradient_tolerance,,raw_state_verified,run.py:numpy-batch
SI-pHiSD,0.00015848931924611142,0.002,2000000,471,-0.5796875,1.4718749999999998,completed,0.06601892906914004,0.18404094175658742,9.997823663064452e-07,-1005.1363684139445,762.7328996441291,70854,success_index1,S_L,gradient_tolerance,,raw_state_verified,run.py:numpy-batch
SI-pHiSD,0.00015848931924611142,0.002,2000000,302,-0.6640625,1.378125,completed,0.0660189290343193,0.18404094175659255,9.99725847955786e-07,-1005.1363684177021,762.7328995987016,70863,success_index1,S_L,gradient_tolerance,,raw_state_verified,run.py:numpy-batch
SI-pHiSD,0.00015848931924611142,0.002,2000000,268,-0.6828125,1.359375,completed,0.06601892902671473,0.1840409417565595,9.998053611399589e-07,-1005.136368418384,762.7328995888103,70910,success_index1,S_L,gradient_tolerance,,raw_state_verified,run.py:numpy-batch
SI-pHiSD,0.00015848931924611142,0.002,2000000,437,-0.5984375000000001,1.453125,completed,0.06601892906108318,0.18404094175689337,9.999553909627467e-07,-1005.136368416054,762.7328996333509,70921,success_index1,S_L,gradient_tolerance,,raw_state_verified,run.py:numpy-batch
SI-pHiSD,0.00015848931924611142,0.002,2000000,234,-0.7015625000000001,1.340625,completed,0.06601892901897835,0.1840409417563747,9.997969667208536e-07,-1005.1363684184623,762.7328995788806,70953,success_index1,S_L,gradient_tolerance,,raw_state_verified,run.py:numpy-batch
SI-pHiSD,0.00015848931924611142,0.002,2000000,403,-0.6171875,1.434375,completed,0.06601892905341385,0.18404094175693186,9.99944266108344e-07,-1005.1363684170334,762.7328996233127,70988,success_index1,S_L,gradient_tolerance,,raw_state_verified,run.py:numpy-batch
SI-pHiSD,0.00015848931924611142,0.002,2000000,200,-0.7203125,1.321875,completed,0.06601892901164183,0.18404094175624983,9.998751253754323e-07,-1005.1363684187414,762.7328995694197,70993,success_index1,S_L,gradient_tolerance,,raw_state_verified,run.py:numpy-batch
SI-pHiSD,0.00015848931924611142,0.002,2000000,166,-0.7390625000000001,1.3031249999999999,completed,0.06601892900415729,0.18404094175606395,9.999443776259053e-07,-1005.1363684187886,762.732899559819,71028,success_index1,S_L,gradient_tolerance,,raw_state_verified,run.py:numpy-batch
SI-pHiSD,0.00015848931924611142,0.002,2000000,369,-0.6359375,1.415625,completed,0.06601892904559953,0.1840409417567774,9.998081076931156e-07,-1005.1363684172433,762.7328996132545,71052,success_index1,S_L,gradient_tolerance,,raw_state_verified,run.py:numpy-batch
SI-pHiSD,0.00015848931924611142,0.002,2000000,132,-0.7578125,1.284375,completed,0.06601892899683473,0.18404094175555652,9.997624617962087e-07,-1005.1363684175094,762.7328995507117,71060,success_index1,S_L,gradient_tolerance,,raw_state_verified,run.py:numpy-batch
SI-pHiSD,0.00015848931924611142,0.002,2000000,504,-0.5703125,1.4906249999999999,completed,0.06601892907194973,0.184040941756688,9.999154778055185e-07,-1005.1363684140516,762.7328996477061,71062,success_index1,S_L,gradient_tolerance,,raw_state_verified,run.py:numpy-batch
SI-pHiSD,0.00015848931924611142,0.002,2000000,98,-0.7765625,1.265625,completed,0.06601892898960576,0.18404094175514923,9.997049538688765e-07,-1005.1363684166286,762.7328995416391,71087,success_index1,S_L,gradient_tolerance,,raw_state_verified,run.py:numpy-batch
SI-pHiSD,0.00015848931924611142,0.002,2000000,64,-0.7953125000000001,1.246875,completed,0.06601892898231682,0.18404094175492677,9.998541214735012e-07,-1005.1363684165055,762.7328995323255,71108,success_index1,S_L,gradient_tolerance,,raw_state_verified,run.py:numpy-batch
SI-pHiSD,0.00015848931924611142,0.002,2000000,335,-0.6546875000000001,1.3968749999999999,completed,0.06601892903769249,0.18404094175686955,9.99936343502585e-07,-1005.1363684184671,762.732899602859,71111,success_index1,S_L,gradient_tolerance,,raw_state_verified,run.py:numpy-batch
SI-pHiSD,0.00015848931924611142,0.002,2000000,470,-0.5890625,1.4718749999999998,completed,0.06601892906409507,0.18404094175689228,9.999843353664944e-07,-1005.1363684157261,762.7328996372806,71143,success_index1,S_L,gradient_tolerance,,raw_state_verified,run.py:numpy-batch
SI-pHiSD,0.00015848931924611142,0.002,2000000,301,-0.6734375,1.378125,completed,0.06601892903019584,0.18404094175683175,9.999911132818695e-07,-1005.1363684191177,762.7328995931128,71168,success_index1,S_L,gradient_tolerance,,raw_state_verified,run.py:numpy-batch
SI-pHiSD,0.00015848931924611142,0.002,2000000,267,-0.6921875000000001,1.359375,completed,0.06601892902283685,0.18404094175650643,9.99830626797003e-07,-1005.1363684185836,762.7328995837985,71222,success_index1,S_L,gradient_tolerance,,raw_state_verified,run.py:numpy-batch
SI-pHiSD,0.00015848931924611142,0.002,2000000,436,-0.6078125000000001,1.453125,completed,0.06601892905622125,0.1840409417566623,9.997184517277392e-07,-1005.1363684156348,762.7328996272114,71223,success_index1,S_L,gradient_tolerance,,raw_state_verified,run.py:numpy-batch
SI-pHiSD,0.00015848931924611142,0.002,2000000,233,-0.7109375,1.340625,completed,0.06601892901584445,0.18404094175628494,9.997930647477291e-07,-1005.1363684184334,762.7328995748712,71272,success_index1,S_L,gradient_tolerance,,raw_state_verified,run.py:numpy-batch
SI-pHiSD,0.00015848931924611142,0.002,2000000,402,-0.6265625,1.434375,completed,0.06601892904840201,0.18404094175667088,9.997089709375552e-07,-1005.1363684165093,762.7328996170037,71299,success_index1,S_L,gradient_tolerance,,raw_state_verified,run.py:numpy-batch
SI-pHiSD,0.00015848931924611142,0.002,2000000,199,-0.7296875,1.321875,completed,0.06601892900846801,0.18404094175606123,9.998017497484733e-07,-1005.136368418315,762.7328995654447,71315,success_index1,S_L,gradient_tolerance,,raw_state_verified,run.py:numpy-batch
SI-pHiSD,0.00015848931924611142,0.002,2000000,165,-0.7484375000000001,1.3031249999999999,completed,0.06601892900121006,0.1840409417557547,9.997728900120036e-07,-1005.1363684178465,762.7328995562457,71353,success_index1,S_L,gradient_tolerance,,raw_state_verified,run.py:numpy-batch
SI-pHiSD,0.00015848931924611142,0.002,2000000,503,-0.5796875,1.4906249999999999,completed,0.06601892906668684,0.1840409417567746,9.999122416596813e-07,-1005.1363684149688,762.7328996407653,71367,success_index1,S_L,gradient_tolerance,,raw_state_verified,run.py:numpy-batch
SI-pHiSD,0.00015848931924611142,0.002,2000000,368,-0.6453125000000001,1.415625,completed,0.06601892904078845,0.18404094175665725,9.997248249623374e-07,-1005.1363684172711,762.7328996070838,71372,success_index1,S_L,gradient_tolerance,,raw_state_verified,run.py:numpy-batch
SI-pHiSD,0.00015848931924611142,0.002,2000000,131,-0.7671875,1.284375,completed,0.06601892899436869,0.18404094175562255,9.999212979575384e-07,-1005.1363684180433,762.7328995474368,71386,success_index1,S_L,gradient_tolerance,,raw_state_verified,run.py:numpy-batch
SI-pHiSD,0.00015848931924611142,0.002,2000000,97,-0.7859375000000001,1.265625,completed,0.06601892898709441,0.18404094175523414,9.998960975892023e-07,-1005.1363684172434,762.7328995382883,71412,success_index1,S_L,gradient_tolerance,,raw_state_verified,run.py:numpy-batch
SI-pHiSD,0.00015848931924611142,0.002,2000000,334,-0.6640625,1.3968749999999999,completed,0.06601892903372225,0.18404094175654961,9.996947867491675e-07,-1005.1363684175911,762.7328995979606,71443,success_index1,S_L,gradient_tolerance,,raw_state_verified,run.py:numpy-batch
SI-pHiSD,0.00015848931924611142,0.002,2000000,469,-0.5984375000000001,1.4718749999999998,completed,0.06601892905905946,0.18404094175687136,9.999198281176335e-07,-1005.1363684161812,762.7328996307306,71462,success_index1,S_L,gradient_tolerance,,raw_state_verified,run.py:numpy-batch
SI-pHiSD,0.00015848931924611142,0.002,2000000,300,-0.6828125,1.378125,completed,0.06601892902637393,0.18404094175661773,9.998628148551898e-07,-1005.1363684186571,762.7328995883148,71507,success_index1,S_L,gradient_tolerance,,raw_state_verified,run.py:numpy-batch
SI-pHiSD,0.00015848931924611142,0.002,2000000,435,-0.6171875,1.453125,completed,0.0660189290515109,0.18404094175674293,9.997736572790982e-07,-1005.136368416469,762.7328996209958,71555,success_index1,S_L,gradient_tolerance,,raw_state_verified,run.py:numpy-batch
SI-pHiSD,0.00015848931924611142,0.002,2000000,266,-0.7015625000000001,1.359375,completed,0.06601892901936243,0.18404094175631286,9.997333413166335e-07,-1005.1363684181694,762.732899579436,71568,success_index1,S_L,gradient_tolerance,,raw_state_verified,run.py:numpy-batch
SI-pHiSD,0.00015848931924611142,0.002,2000000,232,-0.7203125,1.340625,completed,0.06601892901250625,0.18404094175608776,9.997067288653064e-07,-1005.1363684179894,762.7328995706893,71623,success_index1,S_L,gradient_tolerance,,raw_state_verified,run.py:numpy-batch
SI-pHiSD,0.00015848931924611142,0.002,2000000,357,-0.7484375000000001,1.415625,completed,1.2192199602639617,4.849077289124494,21836366442.84751,2058033037.0548067,193500930962.7577,71626,state_safeguard,U,state_safeguard,source_norm2_gt_5,raw_state_verified,run.py:numpy-batch
SI-pHiSD,0.00015848931924611142,0.002,2000000,401,-0.6359375,1.434375,completed,0.06601892904392036,0.18404094175682376,9.998549675384918e-07,-1005.1363684176124,762.7328996110234,71643,success_index1,S_L,gradient_tolerance,,raw_state_verified,run.py:numpy-batch
SI-pHiSD,0.00015848931924611142,0.002,2000000,198,-0.7390625000000001,1.321875,completed,0.06601892900532921,0.18404094175583968,9.997053211209909e-07,-1005.1363684177501,762.7328995615444,71670,success_index1,S_L,gradient_tolerance,,raw_state_verified,run.py:numpy-batch
SI-pHiSD,0.00015848931924611142,0.002,2000000,502,-0.5890625,1.4906249999999999,completed,0.06601892906167782,0.1840409417566813,9.997743914719065e-07,-1005.1363684151269,762.7328996343126,71705,success_index1,S_L,gradient_tolerance,,raw_state_verified,run.py:numpy-batch
SI-pHiSD,0.00015848931924611142,0.002,2000000,164,-0.7578125,1.3031249999999999,completed,0.06601892899868683,0.18404094175558006,9.99711403857784e-07,-1005.1363684174063,762.7328995531075,71712,success_index1,S_L,gradient_tolerance,,raw_state_verified,run.py:numpy-batch
SI-pHiSD,0.00015848931924611142,0.002,2000000,367,-0.6546875000000001,1.415625,completed,0.06601892903651453,0.18404094175688607,9.9996199438128e-07,-1005.1363684186606,762.732899601308,71727,success_index1,S_L,gradient_tolerance,,raw_state_verified,run.py:numpy-batch
SI-pHiSD,0.00015848931924611142,0.002,2000000,130,-0.7765625,1.284375,completed,0.06601892899169182,0.18404094175534727,9.99789406938099e-07,-1005.1363684172104,762.732899544186,71745,success_index1,S_L,gradient_tolerance,,raw_state_verified,run.py:numpy-batch
SI-pHiSD,0.00015848931924611142,0.002,2000000,96,-0.7953125000000001,1.265625,completed,0.06601892898492935,0.18404094175518082,9.99951770348864e-07,-1005.1363684172586,762.732899535511,71771,success_index1,S_L,gradient_tolerance,,raw_state_verified,run.py:numpy-batch
SI-pHiSD,0.00015848931924611142,0.002,2000000,333,-0.6734375,1.3968749999999999,completed,0.06601892902942581,0.18404094175659422,9.997922639887508e-07,-1005.1363684182343,762.7328995923167,71808,success_index1,S_L,gradient_tolerance,,raw_state_verified,run.py:numpy-batch
SI-pHiSD,0.00015848931924611142,0.002,2000000,468,-0.6078125000000001,1.4718749999999998,completed,0.06601892905378756,0.18404094175683325,9.998586298823903e-07,-1005.1363684165916,762.732899623887,71814,success_index1,S_L,gradient_tolerance,,raw_state_verified,run.py:numpy-batch
SI-pHiSD,0.00015848931924611142,0.002,2000000,299,-0.6921875000000001,1.378125,completed,0.06601892902285107,0.18404094175646857,9.997967689041053e-07,-1005.1363684184284,762.7328995838502,71884,success_index1,S_L,gradient_tolerance,,raw_state_verified,run.py:numpy-batch
SI-pHiSD,0.00015848931924611142,0.002,2000000,458,-0.7015625000000001,1.4718749999999998,completed,1.219225347839906,4.849090687807818,21839038070.319798,2058278543.6896038,193525177017.60168,71900,state_safeguard,U,state_safeguard,source_norm2_gt_5,raw_state_verified,run.py:numpy-batch
SI-pHiSD,0.00015848931924611142,0.002,2000000,434,-0.6265625,1.453125,completed,0.06601892904642914,0.18404094175681493,9.9983901189428e-07,-1005.1363684173077,762.7328996143036,71922,success_index1,S_L,gradient_tolerance,,raw_state_verified,run.py:numpy-batch
SI-pHiSD,0.00015848931924611142,0.002,2000000,265,-0.7109375,1.359375,completed,0.06601892901583133,0.18404094175634864,9.998499421417104e-07,-1005.136368418694,762.732899574798,71951,success_index1,S_L,gradient_tolerance,,raw_state_verified,run.py:numpy-batch
SI-pHiSD,0.00015848931924611142,0.002,2000000,231,-0.7296875,1.340625,completed,0.06601892900949763,0.1840409417562021,9.998955552383276e-07,-1005.1363684187778,762.7328995666643,72013,success_index1,S_L,gradient_tolerance,,raw_state_verified,run.py:numpy-batch
SI-pHiSD,0.00015848931924611142,0.002,2000000,400,-0.6453125000000001,1.434375,completed,0.06601892903917729,0.18404094175669117,9.997663243782463e-07,-1005.1363684175818,762.7328996049524,72026,success_index1,S_L,gradient_tolerance,,raw_state_verified,run.py:numpy-batch
SI-pHiSD,0.00015848931924611142,0.002,2000000,197,-0.7484375000000001,1.321875,completed,0.06601892900275867,0.18404094175576347,9.997253950067405e-07,-1005.1363684177156,762.732899558258,72066,success_index1,S_L,gradient_tolerance,,raw_state_verified,run.py:numpy-batch
SI-pHiSD,0.00015848931924611142,0.002,2000000,501,-0.5984375000000001,1.4906249999999999,completed,0.06601892905621268,0.1840409417567111,9.997613220967115e-07,-1005.1363684158348,762.7328996271574,72078,success_index1,S_L,gradient_tolerance,,raw_state_verified,run.py:numpy-batch
SI-pHiSD,0.00015848931924611142,0.002,2000000,163,-0.7671875,1.3031249999999999,completed,0.06601892899616117,0.18404094175575947,9.999702197495388e-07,-1005.1363684184076,762.7328995496553,72109,success_index1,S_L,gradient_tolerance,,raw_state_verified,run.py:numpy-batch
SI-pHiSD,0.00015848931924611142,0.002,2000000,366,-0.6640625,1.415625,completed,0.06601892903252936,0.18404094175670838,9.998499146152908e-07,-1005.1363684183654,762.7328995962653,72126,success_index1,S_L,gradient_tolerance,,raw_state_verified,run.py:numpy-batch
SI-pHiSD,0.00015848931924611142,0.002,2000000,129,-0.7859375000000001,1.284375,completed,0.06601892898965402,0.1840409417552272,9.997723587251682e-07,-1005.136368416941,762.7328995416334,72145,success_index1,S_L,gradient_tolerance,,raw_state_verified,run.py:numpy-batch
SI-pHiSD,0.00015848931924611142,0.002,2000000,467,-0.6171875,1.4718749999999998,completed,0.06601892904922631,0.1840409417569873,9.999873792153831e-07,-1005.1363684177079,762.7328996178018,72209,success_index1,S_L,gradient_tolerance,,raw_state_verified,run.py:numpy-batch
SI-pHiSD,0.00015848931924611142,0.002,2000000,332,-0.6828125,1.3968749999999999,completed,0.06601892902560945,0.18404094175671912,9.999662622157367e-07,-1005.1363684191518,762.7328995872289,72218,success_index1,S_L,gradient_tolerance,,raw_state_verified,run.py:numpy-batch
SI-pHiSD,0.00015848931924611142,0.002,2000000,298,-0.7015625000000001,1.378125,completed,0.06601892901928143,0.18404094175631242,9.997347670498362e-07,-1005.1363684181761,762.7328995793306,72306,success_index1,S_L,gradient_tolerance,,raw_state_verified,run.py:numpy-batch
SI-pHiSD,0.00015848931924611142,0.002,2000000,433,-0.6359375,1.453125,completed,0.06601892904180715,0.18404094175669844,9.997549336627142e-07,-1005.1363684173292,762.7328996083764,72336,success_index1,S_L,gradient_tolerance,,raw_state_verified,run.py:numpy-batch
SI-pHiSD,0.00015848931924611142,0.002,2000000,264,-0.7203125,1.359375,completed,0.06601892901271808,0.18404094175619726,9.997981385999286e-07,-1005.1363684184118,762.7328995708699,72383,success_index1,S_L,gradient_tolerance,,raw_state_verified,run.py:numpy-batch
SI-pHiSD,0.00015848931924611142,0.002,2000000,230,-0.7390625000000001,1.340625,completed,0.06601892900645998,0.18404094175618918,9.99979140317132e-07,-1005.1363684190508,762.7328995627132,72451,success_index1,S_L,gradient_tolerance,,raw_state_verified,run.py:numpy-batch
SI-pHiSD,0.00015848931924611142,0.002,2000000,399,-0.6546875000000001,1.434375,completed,0.06601892903474736,0.18404094175658853,9.99717439669641e-07,-1005.1363684176399,762.7328995992633,72458,success_index1,S_L,gradient_tolerance,,raw_state_verified,run.py:numpy-batch
SI-pHiSD,0.00015848931924611142,0.002,2000000,500,-0.6078125000000001,1.4906249999999999,completed,0.06601892905097692,0.18404094175687807,9.998919833246889e-07,-1005.136368417076,762.7328996201808,72497,success_index1,S_L,gradient_tolerance,,raw_state_verified,run.py:numpy-batch
SI-pHiSD,0.00015848931924611142,0.002,2000000,196,-0.7578125,1.321875,completed,0.06601892900030566,0.18404094175586808,9.999070612429215e-07,-1005.1363684184047,762.7328995549666,72510,success_index1,S_L,gradient_tolerance,,raw_state_verified,run.py:numpy-batch
SI-pHiSD,0.00015848931924611142,0.002,2000000,162,-0.7765625,1.3031249999999999,completed,0.06601892899399592,0.18404094175558963,9.99907441019692e-07,-1005.136368417949,762.7328995469799,72557,success_index1,S_L,gradient_tolerance,,raw_state_verified,run.py:numpy-batch
SI-pHiSD,0.00015848931924611142,0.002,2000000,365,-0.6734375,1.415625,completed,0.06601892902828124,0.18404094175680738,9.999988805533932e-07,-1005.1363684192241,762.7328995906367,72574,success_index1,S_L,gradient_tolerance,,raw_state_verified,run.py:numpy-batch
SI-pHiSD,0.00015848931924611142,0.002,2000000,128,-0.7953125000000001,1.284375,completed,0.06601892898814786,0.18404094175509247,9.997206549241484e-07,-1005.1363684165541,762.7328995397867,72595,success_index1,S_L,gradient_tolerance,,raw_state_verified,run.py:numpy-batch
SI-pHiSD,0.00015848931924611142,0.002,2000000,466,-0.6265625,1.4718749999999998,completed,0.06601892904411696,0.18404094175671715,9.997600715042942e-07,-1005.1363684171574,762.7328996113735,72654,success_index1,S_L,gradient_tolerance,,raw_state_verified,run.py:numpy-batch
SI-pHiSD,0.00015848931924611142,0.002,2000000,331,-0.6921875000000001,1.3968749999999999,completed,0.06601892902181136,0.18404094175662447,9.999562838672384e-07,-1005.1363684191741,762.7328995823575,72683,success_index1,S_L,gradient_tolerance,,raw_state_verified,run.py:numpy-batch
SI-pHiSD,0.00015848931924611142,0.002,2000000,297,-0.7109375,1.378125,completed,0.0660189290156351,0.18404094175624755,9.997652185460025e-07,-1005.1363684183034,762.7328995746308,72784,success_index1,S_L,gradient_tolerance,,raw_state_verified,run.py:numpy-batch
SI-pHiSD,0.00015848931924611142,0.002,2000000,432,-0.6453125000000001,1.453125,completed,0.06601892903686525,0.18404094175666505,9.997632692922734e-07,-1005.1363684177237,762.7328996019593,72804,success_index1,S_L,gradient_tolerance,,raw_state_verified,run.py:numpy-batch
SI-pHiSD,0.00015848931924611142,0.002,2000000,263,-0.7296875,1.359375,completed,0.06601892900995329,0.18404094175608057,9.9977390216992e-07,-1005.136368418234,762.7328995673654,72875,success_index1,S_L,gradient_tolerance,,raw_state_verified,run.py:numpy-batch
SI-pHiSD,0.00015848931924611142,0.002,2000000,398,-0.6640625,1.434375,completed,0.06601892903033442,0.1840409417566594,9.998365314724616e-07,-1005.1363684184018,762.7328995934447,72950,success_index1,S_L,gradient_tolerance,,raw_state_verified,run.py:numpy-batch
SI-pHiSD,0.00015848931924611142,0.002,2000000,229,-0.7484375000000001,1.340625,completed,0.06601892900381547,0.1840409417558488,9.997646031376424e-07,-1005.1363684179497,762.732899559562,72952,success_index1,S_L,gradient_tolerance,,raw_state_verified,run.py:numpy-batch
SI-pHiSD,0.00015848931924611142,0.002,2000000,499,-0.6171875,1.4906249999999999,completed,0.0660189290460406,0.18404094175666064,9.997039134616207e-07,-1005.1363684167212,762.732899613932,72976,success_index1,S_L,gradient_tolerance,,raw_state_verified,run.py:numpy-batch
SI-pHiSD,0.00015848931924611142,0.002,2000000,195,-0.7671875,1.321875,completed,0.0660189289980055,0.18404094175586505,9.999915299120735e-07,-1005.136368418639,762.7328995519687,73016,success_index1,S_L,gradient_tolerance,,raw_state_verified,run.py:numpy-batch
SI-pHiSD,0.00015848931924611142,0.002,2000000,161,-0.7859375000000001,1.3031249999999999,completed,0.06601892899206858,0.18404094175541688,9.998351982245854e-07,-1005.1363684174527,762.732899544617,73067,success_index1,S_L,gradient_tolerance,,raw_state_verified,run.py:numpy-batch
SI-pHiSD,0.00015848931924611142,0.002,2000000,364,-0.6828125,1.415625,completed,0.06601892902433089,0.1840409417565328,9.998248106029354e-07,-1005.1363684185307,762.7328995857245,73090,success_index1,S_L,gradient_tolerance,,raw_state_verified,run.py:numpy-batch
SI-pHiSD,0.00015848931924611142,0.002,2000000,465,-0.6359375,1.4718749999999998,completed,0.06601892903876197,0.18404094175685393,9.99913404858799e-07,-1005.1363684182885,762.7328996042678,73161,success_index1,S_L,gradient_tolerance,,raw_state_verified,run.py:numpy-batch
SI-pHiSD,0.00015848931924611142,0.002,2000000,391,-0.7296875,1.434375,completed,1.2192204182807682,4.849079557800598,21836763512.75886,2058069564.8771386,193504533332.32068,73205,state_safeguard,U,state_safeguard,source_norm2_gt_5,raw_state_verified,run.py:numpy-batch
SI-pHiSD,0.00015848931924611142,0.002,2000000,330,-0.7015625000000001,1.3968749999999999,completed,0.06601892901819485,0.18404094175639915,9.998368888350738e-07,-1005.1363684186457,762.7328995778371,73219,success_index1,S_L,gradient_tolerance,,raw_state_verified,run.py:numpy-batch
SI-pHiSD,0.00015848931924611142,0.002,2000000,296,-0.7203125,1.378125,completed,0.06601892901247046,0.1840409417560714,9.996932558049053e-07,-1005.1363684179266,762.7328995706569,73338,success_index1,S_L,gradient_tolerance,,raw_state_verified,run.py:numpy-batch
SI-pHiSD,0.00015848931924611142,0.002,2000000,431,-0.6546875000000001,1.453125,completed,0.06601892903246571,0.18404094175670593,9.998486004418188e-07,-1005.1363684183622,762.7328995961844,73346,success_index1,S_L,gradient_tolerance,,raw_state_verified,run.py:numpy-batch
SI-pHiSD,0.00015848931924611142,0.002,2000000,262,-0.7390625000000001,1.359375,completed,0.06601892900715393,0.1840409417561257,9.999003386436984e-07,-1005.1363684187179,762.7328995636741,73443,success_index1,S_L,gradient_tolerance,,raw_state_verified,run.py:numpy-batch
SI-pHiSD,0.00015848931924611142,0.002,2000000,397,-0.6734375,1.434375,completed,0.06601892902627084,0.18404094175675761,9.99988575944864e-07,-1005.1363684192377,762.7328995880579,73523,success_index1,S_L,gradient_tolerance,,raw_state_verified,run.py:numpy-batch
SI-pHiSD,0.00015848931924611142,0.002,2000000,498,-0.6265625,1.4906249999999999,completed,0.06601892904072901,0.18404094175672833,9.997880109947776e-07,-1005.1363684175669,762.7328996069435,73527,success_index1,S_L,gradient_tolerance,,raw_state_verified,run.py:numpy-batch
SI-pHiSD,0.00015848931924611142,0.002,2000000,228,-0.7578125,1.340625,completed,0.06601892900170621,0.1840409417558087,9.99803073501949e-07,-1005.1363684180126,762.732899556846,73533,success_index1,S_L,gradient_tolerance,,raw_state_verified,run.py:numpy-batch
SI-pHiSD,0.00015848931924611142,0.002,2000000,194,-0.7765625,1.321875,completed,0.06601892899591363,0.184040941755585,9.998246549279826e-07,-1005.1363684177245,762.7328995494853,73604,success_index1,S_L,gradient_tolerance,,raw_state_verified,run.py:numpy-batch
SI-pHiSD,0.00015848931924611142,0.002,2000000,160,-0.7953125000000001,1.3031249999999999,completed,0.06601892899084023,0.18404094175551514,9.99976438153598e-07,-1005.1363684179844,762.7328995429287,73659,success_index1,S_L,gradient_tolerance,,raw_state_verified,run.py:numpy-batch
SI-pHiSD,0.00015848931924611142,0.002,2000000,363,-0.6921875000000001,1.415625,completed,0.0660189290204105,0.18404094175658436,9.999507664871906e-07,-1005.1363684191617,762.7328995805647,73692,success_index1,S_L,gradient_tolerance,,raw_state_verified,run.py:numpy-batch
SI-pHiSD,0.00015848931924611142,0.002,2000000,464,-0.6453125000000001,1.4718749999999998,completed,0.06601892903407015,0.18404094175687294,9.999766258585752e-07,-1005.1363684188696,762.732899598131,73757,success_index1,S_L,gradient_tolerance,,raw_state_verified,run.py:numpy-batch
SI-pHiSD,0.00015848931924611142,0.002,2000000,329,-0.7109375,1.3968749999999999,completed,0.06601892901463575,0.18404094175625815,9.998004792973317e-07,-1005.1363684184541,762.7328995733179,73849,success_index1,S_L,gradient_tolerance,,raw_state_verified,run.py:numpy-batch
SI-pHiSD,0.00015848931924611142,0.002,2000000,430,-0.6640625,1.453125,completed,0.0660189290274777,0.18404094175660912,9.998364081945233e-07,-1005.1363684185036,762.7328995897624,73984,success_index1,S_L,gradient_tolerance,,raw_state_verified,run.py:numpy-batch
SI-pHiSD,0.00015848931924611142,0.002,2000000,295,-0.7296875,1.378125,completed,0.06601892900961259,0.18404094175602514,9.997348123885848e-07,-1005.1363684180451,762.7328995669698,73993,success_index1,S_L,gradient_tolerance,,raw_state_verified,run.py:numpy-batch
SI-pHiSD,0.00015848931924611142,0.002,2000000,261,-0.7484375000000001,1.359375,completed,0.06601892900420617,0.1840409417560922,9.99967840703123e-07,-1005.1363684188981,762.7328995598581,74116,success_index1,S_L,gradient_tolerance,,raw_state_verified,run.py:numpy-batch
SI-pHiSD,0.00015848931924611142,0.002,2000000,497,-0.6359375,1.4906249999999999,completed,0.06601892903503838,0.18404094175663735,9.997573805002173e-07,-1005.136368417807,762.7328995996004,74179,success_index1,S_L,gradient_tolerance,,raw_state_verified,run.py:numpy-batch
SI-pHiSD,0.00015848931924611142,0.002,2000000,396,-0.6828125,1.434375,completed,0.06601892902204566,0.18404094175649865,9.998398821644891e-07,-1005.1363684186372,762.732899582773,74207,success_index1,S_L,gradient_tolerance,,raw_state_verified,run.py:numpy-batch
SI-pHiSD,0.00015848931924611142,0.002,2000000,227,-0.7671875,1.340625,completed,0.06601892899944355,0.18404094175584404,9.999178507193528e-07,-1005.1363684183993,762.7328995538629,74222,success_index1,S_L,gradient_tolerance,,raw_state_verified,run.py:numpy-batch
SI-pHiSD,0.00015848931924611142,0.002,2000000,193,-0.7859375000000001,1.321875,completed,0.06601892899459975,0.18404094175555757,9.998538166628631e-07,-1005.1363684177539,762.7328995477956,74305,success_index1,S_L,gradient_tolerance,,raw_state_verified,run.py:numpy-batch
SI-pHiSD,0.00015848931924611142,0.002,2000000,362,-0.7015625000000001,1.415625,completed,0.06601892901638984,0.1840409417562027,9.99706325410136e-07,-1005.1363684180396,762.732899575655,74418,success_index1,S_L,gradient_tolerance,,raw_state_verified,run.py:numpy-batch
SI-pHiSD,0.00015848931924611142,0.002,2000000,256,-0.7953125000000001,1.359375,completed,1.2192255630458662,4.849074471269354,21836624217.189495,2058056140.4287105,193503288001.12354,74461,state_safeguard,U,state_safeguard,source_norm2_gt_5,raw_state_verified,run.py:numpy-batch
SI-pHiSD,0.00015848931924611142,0.002,2000000,463,-0.6546875000000001,1.4718749999999998,completed,0.06601892902888581,0.18404094175680333,9.99985701736203e-07,-1005.1363684191426,762.7328995914293,74472,success_index1,S_L,gradient_tolerance,,raw_state_verified,run.py:numpy-batch
SI-pHiSD,0.00015848931924611142,0.002,2000000,328,-0.7203125,1.3968749999999999,completed,0.06601892901131785,0.18404094175604513,9.997024731867516e-07,-1005.136368417943,762.7328995691769,74615,success_index1,S_L,gradient_tolerance,,raw_state_verified,run.py:numpy-batch
SI-pHiSD,0.00015848931924611142,0.002,2000000,429,-0.6734375,1.453125,completed,0.06601892902282559,0.1840409417564589,9.997887540066249e-07,-1005.1363684183916,762.7328995838255,74765,success_index1,S_L,gradient_tolerance,,raw_state_verified,run.py:numpy-batch
SI-pHiSD,0.00015848931924611142,0.002,2000000,294,-0.7390625000000001,1.378125,completed,0.06601892900631026,0.18404094175593247,9.99755634747972e-07,-1005.1363684180222,762.7328995627429,74792,success_index1,S_L,gradient_tolerance,,raw_state_verified,run.py:numpy-batch
SI-pHiSD,0.00015848931924611142,0.002,2000000,260,-0.7578125,1.359375,completed,0.06601892900174382,0.18404094175595045,9.999279502488537e-07,-1005.1363684185856,762.7328995567705,74946,success_index1,S_L,gradient_tolerance,,raw_state_verified,run.py:numpy-batch
SI-pHiSD,0.00015848931924611142,0.002,2000000,496,-0.6453125000000001,1.4906249999999999,completed,0.06601892902937358,0.18404094175648186,9.996936356985138e-07,-1005.1363684177827,762.732899592347,74980,success_index1,S_L,gradient_tolerance,,raw_state_verified,run.py:numpy-batch
SI-pHiSD,0.00015848931924611142,0.002,2000000,395,-0.6921875000000001,1.434375,completed,0.06601892901725888,0.18404094175641528,9.998736164127947e-07,-1005.1363684188119,762.7328995766018,75052,success_index1,S_L,gradient_tolerance,,raw_state_verified,run.py:numpy-batch
SI-pHiSD,0.00015848931924611142,0.002,2000000,226,-0.7765625,1.340625,completed,0.06601892899734665,0.18404094175583022,9.999861905142064e-07,-1005.1363684185687,762.7328995511394,75073,success_index1,S_L,gradient_tolerance,,raw_state_verified,run.py:numpy-batch
SI-pHiSD,0.00015848931924611142,0.002,2000000,192,-0.7953125000000001,1.321875,completed,0.06601892899319778,0.18404094175531455,9.996956521148442e-07,-1005.1363684169154,762.7328995461799,75171,success_index1,S_L,gradient_tolerance,,raw_state_verified,run.py:numpy-batch
SI-pHiSD,0.00015848931924611142,0.002,2000000,361,-0.7109375,1.415625,completed,0.06601892901254655,0.18404094175612726,9.997407130082202e-07,-1005.1363684181457,762.7328995707074,75331,success_index1,S_L,gradient_tolerance,,raw_state_verified,run.py:numpy-batch
SI-pHiSD,0.00015848931924611142,0.002,2000000,462,-0.6640625,1.4718749999999998,completed,0.06601892902324863,0.18404094175662083,9.99923818947598e-07,-1005.1363684190053,762.7328995842353,75369,success_index1,S_L,gradient_tolerance,,raw_state_verified,run.py:numpy-batch
SI-pHiSD,0.00015848931924611142,0.002,2000000,492,-0.6828125,1.4906249999999999,completed,1.219224124882237,4.84908675089448,21838296851.52155,2058210398.9216394,193518451105.84662,75542,state_safeguard,U,state_safeguard,source_norm2_gt_5,raw_state_verified,run.py:numpy-batch
SI-pHiSD,0.00015848931924611142,0.002,2000000,327,-0.7296875,1.3968749999999999,completed,0.06601892900786802,0.18404094175592248,9.996970599923783e-07,-1005.1363684178145,762.7328995647837,75591,success_index1,S_L,gradient_tolerance,,raw_state_verified,run.py:numpy-batch
SI-pHiSD,0.00015848931924611142,0.002,2000000,428,-0.6828125,1.453125,completed,0.06601892901779073,0.18404094175655522,9.999849869320896e-07,-1005.1363684193243,762.7328995771729,75768,success_index1,S_L,gradient_tolerance,,raw_state_verified,run.py:numpy-batch
SI-pHiSD,0.00015848931924611142,0.002,2000000,293,-0.7484375000000001,1.378125,completed,0.06601892900362277,0.18404094175592206,9.998364590348736e-07,-1005.1363684182684,762.732899559246,75826,success_index1,S_L,gradient_tolerance,,raw_state_verified,run.py:numpy-batch
SI-pHiSD,0.00015848931924611142,0.002,2000000,495,-0.6546875000000001,1.4906249999999999,completed,0.0660189290232642,0.1840409417567065,9.999994523549308e-07,-1005.1363684193523,762.7328995841804,76017,success_index1,S_L,gradient_tolerance,,raw_state_verified,run.py:numpy-batch
SI-pHiSD,0.00015848931924611142,0.002,2000000,259,-0.7671875,1.359375,completed,0.06601892899962124,0.1840409417557971,9.998693582296831e-07,-1005.1363684181892,762.7328995541361,76029,success_index1,S_L,gradient_tolerance,,raw_state_verified,run.py:numpy-batch
SI-pHiSD,0.00015848931924611142,0.002,2000000,394,-0.7015625000000001,1.434375,completed,0.0660189290128086,0.18404094175613414,9.997395842260678e-07,-1005.1363684181458,762.732899571043,76171,success_index1,S_L,gradient_tolerance,,raw_state_verified,run.py:numpy-batch
SI-pHiSD,0.00015848931924611142,0.002,2000000,225,-0.7859375000000001,1.340625,completed,0.06601892899586521,0.1840409417557776,9.999982653315201e-07,-1005.136368418513,762.7328995492536,76192,success_index1,S_L,gradient_tolerance,,raw_state_verified,run.py:numpy-batch
SI-pHiSD,0.00015848931924611142,0.002,2000000,290,-0.7765625,1.378125,completed,1.2192233553662861,4.849074198558638,21836314558.563786,2058027866.6953757,193500472238.42053,76315,state_safeguard,U,state_safeguard,source_norm2_gt_5,raw_state_verified,run.py:numpy-batch
SI-pHiSD,0.00015848931924611142,0.002,2000000,360,-0.7203125,1.415625,completed,0.06601892900858618,0.18404094175614977,9.998768297085315e-07,-1005.1363684186621,762.7328995655217,76568,success_index1,S_L,gradient_tolerance,,raw_state_verified,run.py:numpy-batch
SI-pHiSD,0.00015848931924611142,0.002,2000000,461,-0.6734375,1.4718749999999998,completed,0.06601892901780318,0.18404094175652405,9.999570668351138e-07,-1005.1363684191961,762.7328995772168,76582,success_index1,S_L,gradient_tolerance,,raw_state_verified,run.py:numpy-batch
SI-pHiSD,0.00015848931924611142,0.002,2000000,326,-0.7390625000000001,1.3968749999999999,completed,0.0660189290045189,0.1840409417559758,9.998536110804579e-07,-1005.1363684183909,762.7328995603684,76948,success_index1,S_L,gradient_tolerance,,raw_state_verified,run.py:numpy-batch
SI-pHiSD,0.00015848931924611142,0.002,2000000,427,-0.6921875000000001,1.453125,completed,0.06601892901244406,0.18404094175632638,9.999204466973648e-07,-1005.1363684189666,762.7328995703994,77187,success_index1,S_L,gradient_tolerance,,raw_state_verified,run.py:numpy-batch
SI-pHiSD,0.00015848931924611142,0.002,2000000,292,-0.7578125,1.378125,completed,0.06601892900085497,0.18404094175567728,9.997169585425318e-07,-1005.1363684175698,762.7328995558502,77298,success_index1,S_L,gradient_tolerance,,raw_state_verified,run.py:numpy-batch
SI-pHiSD,0.00015848931924611142,0.002,2000000,494,-0.6640625,1.4906249999999999,completed,0.0660189290164907,0.18404094175619554,9.996974797577724e-07,-1005.1363684180001,762.7328995757927,77509,success_index1,S_L,gradient_tolerance,,raw_state_verified,run.py:numpy-batch
SI-pHiSD,0.00015848931924611142,0.002,2000000,258,-0.7765625,1.359375,completed,0.06601892899769948,0.1840409417556236,9.99788278727316e-07,-1005.13636841769,762.7328995517812,77601,success_index1,S_L,gradient_tolerance,,raw_state_verified,run.py:numpy-batch
SI-pHiSD,0.00015848931924611142,0.002,2000000,425,-0.7109375,1.453125,completed,1.2192403510826,4.8490948919822205,21841496628.03301,2058503314.2370777,193547524312.36188,77797,state_safeguard,U,state_safeguard,source_norm2_gt_5,raw_state_verified,run.py:numpy-batch
SI-pHiSD,0.00015848931924611142,0.002,2000000,393,-0.7109375,1.434375,completed,0.06601892900780823,0.18404094175605706,9.998185654742494e-07,-1005.1363684183688,762.7328995645878,77834,success_index1,S_L,gradient_tolerance,,raw_state_verified,run.py:numpy-batch
SI-pHiSD,0.00015848931924611142,0.002,2000000,224,-0.7953125000000001,1.340625,completed,0.06601892899483028,0.1840409417556415,9.999191453366757e-07,-1005.1363684180709,762.7328995480223,77840,success_index1,S_L,gradient_tolerance,,raw_state_verified,run.py:numpy-batch
SI-pHiSD,0.00015848931924611142,0.002,2000000,460,-0.6828125,1.4718749999999998,completed,0.06601892901089408,0.184040941756056,9.99724394543676e-07,-1005.1363684180334,762.7328995686141,78474,success_index1,S_L,gradient_tolerance,,raw_state_verified,run.py:numpy-batch
SI-pHiSD,0.00015848931924611142,0.002,2000000,359,-0.7296875,1.415625,completed,0.066018929004114,0.1840409417559939,9.998834883663877e-07,-1005.1363684185083,762.7328995598241,78518,success_index1,S_L,gradient_tolerance,,raw_state_verified,run.py:numpy-batch
SI-pHiSD,0.00015848931924611142,0.002,2000000,325,-0.7484375000000001,1.3968749999999999,completed,0.06601892900094665,0.18404094175580793,9.99829967811005e-07,-1005.1363684180909,762.7328995558555,79226,success_index1,S_L,gradient_tolerance,,raw_state_verified,run.py:numpy-batch
SI-pHiSD,0.00015848931924611142,0.002,2000000,426,-0.7015625000000001,1.453125,completed,0.06601892900596561,0.18404094175587637,9.99716991452269e-07,-1005.1363684178314,762.7328995623425,79669,success_index1,S_L,gradient_tolerance,,raw_state_verified,run.py:numpy-batch
SI-pHiSD,0.00015848931924611142,0.002,2000000,291,-0.7671875,1.378125,completed,0.06601892899860241,0.18404094175585264,9.999575112707618e-07,-1005.1363684185246,762.7328995527583,79932,success_index1,S_L,gradient_tolerance,,raw_state_verified,run.py:numpy-batch
SI-pHiSD,0.00015848931924611142,0.002,2000000,493,-0.6734375,1.4906249999999999,completed,0.06601892900846468,0.1840409417560442,9.997867393839488e-07,-1005.1363684182456,762.7328995654553,80241,success_index1,S_L,gradient_tolerance,,raw_state_verified,run.py:numpy-batch
SI-pHiSD,0.00015848931924611142,0.002,2000000,257,-0.7859375000000001,1.359375,completed,0.06601892899647127,0.1840409417556711,9.998790005714186e-07,-1005.1363684180149,762.7328995501373,80589,success_index1,S_L,gradient_tolerance,,raw_state_verified,run.py:numpy-batch
SI-pHiSD,0.00015848931924611142,0.002,2000000,392,-0.7203125,1.434375,completed,0.06601892900219176,0.18404094175601643,9.999706231340483e-07,-1005.1363684188058,762.732899557297,81261,success_index1,S_L,gradient_tolerance,,raw_state_verified,run.py:numpy-batch
SI-pHiSD,0.00015848931924611142,0.002,2000000,459,-0.6921875000000001,1.4718749999999998,completed,0.06601892900197945,0.18404094175574237,9.99734227023513e-07,-1005.1363684177138,762.7328995572602,83284,success_index1,S_L,gradient_tolerance,,raw_state_verified,run.py:numpy-batch
SI-pHiSD,0.00015848931924611142,0.002,2000000,358,-0.7390625000000001,1.415625,completed,0.06601892899851608,0.18404094175588775,9.99992052465566e-07,-1005.136368418677,762.7328995526148,83755,success_index1,S_L,gradient_tolerance,,raw_state_verified,run.py:numpy-batch
SI-pHiSD,0.00015848931924611142,0.002,2000000,324,-0.7578125,1.3968749999999999,completed,0.06601892899552797,0.18404094175542532,9.996978883910987e-07,-1005.136368417116,762.7328995491224,93256,success_index1,S_L,gradient_tolerance,,raw_state_verified,run.py:numpy-batch
