method,eta,tau,budget,start_id,x0,y0,execution_status,raw_x,raw_y,grad_norm,lambda1,lambda2,n_outer_updates,terminal_category,endpoint,stop_reason,failure_reason,certification_reason,source
SI-pHiSD,0.00039810717055349735,0.002,2000000,448,-0.7953125000000001,1.4718749999999998,completed,1.2147588859589755,4.8502089643107835,21467231506.414803,2024525442.752982,190138870815.54767,26002,state_safeguard,U,state_safeguard,source_norm2_gt_5,raw_state_verified,run.py:numpy-batch
SI-pHiSD,0.00039810717055349735,0.002,2000000,416,-0.7953125000000001,1.453125,completed,1.2159121198985896,4.849910966584585,21561196486.595978,2033055548.0140243,190994592460.96136,26027,state_safeguard,U,state_safeguard,source_norm2_gt_5,raw_state_verified,run.py:numpy-batch
SI-pHiSD,0.00039810717055349735,0.002,2000000,449,-0.7859375000000001,1.4718749999999998,completed,1.2150710257321586,4.850144851927541,21495070628.28851,2027056212.8419018,190392283362.94867,26064,state_safeguard,U,state_safeguard,source_norm2_gt_5,raw_state_verified,run.py:numpy-batch
SI-pHiSD,0.00039810717055349735,0.002,2000000,481,-0.7859375000000001,1.4906249999999999,completed,1.2133349226074794,4.850595771275038,21354591799.57124,2014302378.4875283,189113091826.09293,26126,state_safeguard,U,state_safeguard,source_norm2_gt_5,raw_state_verified,run.py:numpy-batch
SI-pHiSD,0.00039810717055349735,0.002,2000000,417,-0.7859375000000001,1.453125,completed,1.2160146672814942,4.849931416444544,21576551304.143253,2034459075.9917688,191134141538.36646,26134,state_safeguard,U,state_safeguard,source_norm2_gt_5,raw_state_verified,run.py:numpy-batch
SI-pHiSD,0.00039810717055349735,0.002,2000000,450,-0.7765625,1.4718749999999998,completed,1.2152681505054608,4.850075149755672,21508342486.821346,2028257167.665534,190513262913.2528,26147,state_safeguard,U,state_safeguard,source_norm2_gt_5,raw_state_verified,run.py:numpy-batch
SI-pHiSD,0.00039810717055349735,0.002,2000000,482,-0.7765625,1.4906249999999999,completed,1.21383985675823,4.850449415929646,21393104866.54996,2017796034.2623901,189463862694.20535,26161,state_safeguard,U,state_safeguard,source_norm2_gt_5,raw_state_verified,run.py:numpy-batch
SI-pHiSD,0.00039810717055349735,0.002,2000000,480,-0.7953125000000001,1.4906249999999999,completed,1.2123084851483248,4.850839594227994,21268667221.46232,2006495433.7083392,188330915756.81793,26171,state_safeguard,U,state_safeguard,source_norm2_gt_5,raw_state_verified,run.py:numpy-batch
SI-pHiSD,0.00039810717055349735,0.002,2000000,384,-0.7953125000000001,1.434375,completed,1.2163944573887857,4.849812201346911,21604479578.821587,2036989744.1343727,191388633924.831,26172,state_safeguard,U,state_safeguard,source_norm2_gt_5,raw_state_verified,run.py:numpy-batch
SI-pHiSD,0.00039810717055349735,0.002,2000000,483,-0.7671875,1.4906249999999999,completed,1.2141372894705826,4.850354156512328,21414491657.368134,2019734038.4452431,189658716884.1123,26223,state_safeguard,U,state_safeguard,source_norm2_gt_5,raw_state_verified,run.py:numpy-batch
SI-pHiSD,0.00039810717055349735,0.002,2000000,26,-0.5515625000000001,1.2093749999999999,completed,0.06601892851152391,0.1840409416410705,9.998815454064327e-07,-1005.136368003799,762.7328990180034,26233,success_index1,S_L,gradient_tolerance,,raw_state_verified,run.py:numpy-batch
SI-pHiSD,0.00039810717055349735,0.002,2000000,451,-0.7671875,1.4718749999999998,completed,1.215422838515058,4.850047554943603,21522781831.367603,2029570525.2651184,190644682329.37744,26254,state_safeguard,U,state_safeguard,source_norm2_gt_5,raw_state_verified,run.py:numpy-batch
SI-pHiSD,0.00039810717055349735,0.002,2000000,60,-0.5328125000000001,1.228125,completed,0.06601892852069052,0.18404094164430052,9.993011805660284e-07,-1005.1363680159568,762.7328990271294,26260,success_index1,S_L,gradient_tolerance,,raw_state_verified,run.py:numpy-batch
SI-pHiSD,0.00039810717055349735,0.002,2000000,418,-0.7765625,1.453125,completed,1.21604999856784,4.849928220056734,21580321384.244755,2034802521.8410687,191168440450.6441,26264,state_safeguard,U,state_safeguard,source_norm2_gt_5,raw_state_verified,run.py:numpy-batch
SI-pHiSD,0.00039810717055349735,0.002,2000000,27,-0.5421875,1.2093749999999999,completed,0.06601892862277901,0.1840409416830167,9.99376560599926e-07,-1005.1363681625197,762.7328991263589,26300,success_index1,S_L,gradient_tolerance,,raw_state_verified,run.py:numpy-batch
SI-pHiSD,0.00039810717055349735,0.002,2000000,484,-0.7578125,1.4906249999999999,completed,1.214476048601316,4.8503275743372924,21450980260.06283,2023059445.4357877,189990600054.97888,26306,state_safeguard,U,state_safeguard,source_norm2_gt_5,raw_state_verified,run.py:numpy-batch
SI-pHiSD,0.00039810717055349735,0.002,2000000,385,-0.7859375000000001,1.434375,completed,1.216364209790679,4.849816356667439,21601459197.788834,2036714830.633723,191361147886.22174,26324,state_safeguard,U,state_safeguard,source_norm2_gt_5,raw_state_verified,run.py:numpy-batch
SI-pHiSD,0.00039810717055349735,0.002,2000000,61,-0.5234375,1.228125,completed,0.06601892864097146,0.18404094168937446,9.996815603182277e-07,-1005.1363681864344,762.732899144517,26326,success_index1,S_L,gradient_tolerance,,raw_state_verified,run.py:numpy-batch
SI-pHiSD,0.00039810717055349735,0.002,2000000,95,-0.5046875000000001,1.246875,completed,0.06601892866179192,0.18404094169607996,9.997990801547904e-07,-1005.1363682114821,762.7328991657978,26355,success_index1,S_L,gradient_tolerance,,raw_state_verified,run.py:numpy-batch
SI-pHiSD,0.00039810717055349735,0.002,2000000,28,-0.5328125000000001,1.2093749999999999,completed,0.06601892872097642,0.18404094171267033,9.995497042223877e-07,-1005.1363682726294,762.732899228458,26378,success_index1,S_L,gradient_tolerance,,raw_state_verified,run.py:numpy-batch
SI-pHiSD,0.00039810717055349735,0.002,2000000,452,-0.7578125,1.4718749999999998,completed,1.215562591655556,4.850057547717187,21541018116.864197,2031235516.9761765,190810472355.96118,26388,state_safeguard,U,state_safeguard,source_norm2_gt_5,raw_state_verified,run.py:numpy-batch
SI-pHiSD,0.00039810717055349735,0.002,2000000,29,-0.5234375,1.2093749999999999,completed,0.06601892876028728,0.18404094172213548,9.99327927283265e-07,-1005.1363683069203,762.7328992714401,26409,success_index1,S_L,gradient_tolerance,,raw_state_verified,run.py:numpy-batch
SI-pHiSD,0.00039810717055349735,0.002,2000000,485,-0.7484375000000001,1.4906249999999999,completed,1.2147184623991605,4.850234059531533,21466112204.374935,2024426853.3973296,190128586869.52084,26411,state_safeguard,U,state_safeguard,source_norm2_gt_5,raw_state_verified,run.py:numpy-batch
SI-pHiSD,0.00039810717055349735,0.002,2000000,62,-0.5140625000000001,1.228125,completed,0.06601892875288226,0.1840409417210781,9.999494271968951e-07,-1005.1363683034128,762.7328992627076,26414,success_index1,S_L,gradient_tolerance,,raw_state_verified,run.py:numpy-batch
SI-pHiSD,0.00039810717055349735,0.002,2000000,419,-0.7671875,1.453125,completed,1.216016754693111,4.849899512629547,21572060024.322033,2034044890.8858569,191093433461.2149,26423,state_safeguard,U,state_safeguard,source_norm2_gt_5,raw_state_verified,run.py:numpy-batch
SI-pHiSD,0.00039810717055349735,0.002,2000000,352,-0.7953125000000001,1.415625,completed,1.2165716018766624,4.849781183299084,21621181904.05163,2038508822.4234028,191540664296.38458,26431,state_safeguard,U,state_safeguard,source_norm2_gt_5,raw_state_verified,run.py:numpy-batch
SI-pHiSD,0.00039810717055349735,0.002,2000000,30,-0.5140625000000001,1.2093749999999999,completed,0.06601892878587601,0.18404094172823016,9.997076846263555e-07,-1005.1363683289709,762.7328992994767,26432,success_index1,S_L,gradient_tolerance,,raw_state_verified,run.py:numpy-batch
SI-pHiSD,0.00039810717055349735,0.002,2000000,63,-0.5046875000000001,1.228125,completed,0.06601892879384386,0.1840409417294217,9.992754781664126e-07,-1005.1363683329635,762.7328993088262,26449,success_index1,S_L,gradient_tolerance,,raw_state_verified,run.py:numpy-batch
SI-pHiSD,0.00039810717055349735,0.002,2000000,31,-0.5046875000000001,1.2093749999999999,completed,0.0660189288060956,0.18404094173220006,9.99562041747935e-07,-1005.1363683429523,762.7328993223728,26452,success_index1,S_L,gradient_tolerance,,raw_state_verified,run.py:numpy-batch
SI-pHiSD,0.00039810717055349735,0.002,2000000,386,-0.7765625,1.434375,completed,1.2163225736311922,4.849830439251145,21598546712.035706,2036451158.830234,191334600924.00153,26510,state_safeguard,U,state_safeguard,source_norm2_gt_5,raw_state_verified,run.py:numpy-batch
SI-pHiSD,0.00039810717055349735,0.002,2000000,486,-0.7390625000000001,1.4906249999999999,completed,1.214897460895755,4.850163934110541,21477134507.259224,2025422582.5287259,190229108538.62054,26548,state_safeguard,U,state_safeguard,source_norm2_gt_5,raw_state_verified,run.py:numpy-batch
SI-pHiSD,0.00039810717055349735,0.002,2000000,453,-0.7484375000000001,1.4718749999999998,completed,1.2155888576455371,4.8500187317972925,21538408038.801636,2030991948.8002317,190786902162.76538,26555,state_safeguard,U,state_safeguard,source_norm2_gt_5,raw_state_verified,run.py:numpy-batch
SI-pHiSD,0.00039810717055349735,0.002,2000000,420,-0.7578125,1.453125,completed,1.215992862838173,4.849899266319472,21569153737.767315,2033779749.9210331,191067004803.65338,26620,state_safeguard,U,state_safeguard,source_norm2_gt_5,raw_state_verified,run.py:numpy-batch
SI-pHiSD,0.00039810717055349735,0.002,2000000,353,-0.7859375000000001,1.415625,completed,1.2164924377155315,4.849773595144288,21610522258.82303,2037535464.0386078,191443752746.54108,26648,state_safeguard,U,state_safeguard,source_norm2_gt_5,raw_state_verified,run.py:numpy-batch
SI-pHiSD,0.00039810717055349735,0.002,2000000,487,-0.7296875,1.4906249999999999,completed,1.2150521923599857,4.850136240386662,21491541972.22948,2026733084.9708126,190360233384.878,26725,state_safeguard,U,state_safeguard,source_norm2_gt_5,raw_state_verified,run.py:numpy-batch
SI-pHiSD,0.00039810717055349735,0.002,2000000,387,-0.7671875,1.434375,completed,1.2162447641942518,4.8498269527391145,21588671684.55357,2035549916.543844,191244809974.06647,26742,state_safeguard,U,state_safeguard,source_norm2_gt_5,raw_state_verified,run.py:numpy-batch
SI-pHiSD,0.00039810717055349735,0.002,2000000,454,-0.7390625000000001,1.4718749999999998,completed,1.215583155387402,4.849985484556991,21532791537.658398,2030474910.1485238,190735969197.83353,26766,state_safeguard,U,state_safeguard,source_norm2_gt_5,raw_state_verified,run.py:numpy-batch
SI-pHiSD,0.00039810717055349735,0.002,2000000,320,-0.7953125000000001,1.3968749999999999,completed,1.2166109549856452,4.8497863987054055,21626697974.692196,2039012685.237177,191590808301.50116,26848,state_safeguard,U,state_safeguard,source_norm2_gt_5,raw_state_verified,run.py:numpy-batch
SI-pHiSD,0.00039810717055349735,0.002,2000000,421,-0.7484375000000001,1.453125,completed,1.2159760932217818,4.849932365860945,21572058441.004677,2034049380.3657258,191093279352.99225,26871,state_safeguard,U,state_safeguard,source_norm2_gt_5,raw_state_verified,run.py:numpy-batch
SI-pHiSD,0.00039810717055349735,0.002,2000000,354,-0.7765625,1.415625,completed,1.216445847955325,4.8498281684820315,21613040784.254112,2037772892.320546,191466424897.7943,26928,state_safeguard,U,state_safeguard,source_norm2_gt_5,raw_state_verified,run.py:numpy-batch
SI-pHiSD,0.00039810717055349735,0.002,2000000,488,-0.7203125,1.4906249999999999,completed,1.2151968567453137,4.850153615545457,21511432554.262703,2028550111.0434456,190541028860.45984,26956,state_safeguard,U,state_safeguard,source_norm2_gt_5,raw_state_verified,run.py:numpy-batch
SI-pHiSD,0.00039810717055349735,0.002,2000000,455,-0.7296875,1.4718749999999998,completed,1.2156481565338197,4.85003666962036,21548183240.82984,2031886192.9594524,190875718399.38354,27041,state_safeguard,U,state_safeguard,source_norm2_gt_5,raw_state_verified,run.py:numpy-batch
SI-pHiSD,0.00039810717055349735,0.002,2000000,388,-0.7578125,1.434375,completed,1.216180346504034,4.849846366343296,21583815584.33427,2035109702.2204554,191200565264.04092,27043,state_safeguard,U,state_safeguard,source_norm2_gt_5,raw_state_verified,run.py:numpy-batch
SI-pHiSD,0.00039810717055349735,0.002,2000000,255,-0.5046875000000001,1.340625,completed,0.06601892915346852,0.18404094175218516,9.999605608226166e-07,-1005.1363683869829,762.7328997579943,27157,success_index1,S_L,gradient_tolerance,,raw_state_verified,run.py:numpy-batch
SI-pHiSD,0.00039810717055349735,0.002,2000000,222,-0.5140625000000001,1.321875,completed,0.066018929161762,0.1840409417506485,9.993368798064691e-07,-1005.1363683798409,762.7328997701604,27167,success_index1,S_L,gradient_tolerance,,raw_state_verified,run.py:numpy-batch
SI-pHiSD,0.00039810717055349735,0.002,2000000,254,-0.5140625000000001,1.340625,completed,0.06601892914318068,0.1840409417526591,9.995870332067387e-07,-1005.1363683900154,762.7328997441583,27167,success_index1,S_L,gradient_tolerance,,raw_state_verified,run.py:numpy-batch
SI-pHiSD,0.00039810717055349735,0.002,2000000,287,-0.5046875000000001,1.359375,completed,0.06601892913734929,0.18404094175342134,9.998362329492462e-07,-1005.1363683937424,762.7328997358833,27169,success_index1,S_L,gradient_tolerance,,raw_state_verified,run.py:numpy-batch
SI-pHiSD,0.00039810717055349735,0.002,2000000,221,-0.5234375,1.321875,completed,0.06601892915127011,0.18404094175212987,9.997398348379214e-07,-1005.1363683869937,762.7328997551749,27172,success_index1,S_L,gradient_tolerance,,raw_state_verified,run.py:numpy-batch
SI-pHiSD,0.00039810717055349735,0.002,2000000,223,-0.5046875000000001,1.321875,completed,0.06601892917716755,0.18404094174955046,9.99824838481194e-07,-1005.13636837372,762.7328997912194,27173,success_index1,S_L,gradient_tolerance,,raw_state_verified,run.py:numpy-batch
SI-pHiSD,0.00039810717055349735,0.002,2000000,220,-0.5328125000000001,1.321875,completed,0.06601892914009858,0.18404094175338023,9.99988639956283e-07,-1005.1363683932797,762.7328997395058,27179,success_index1,S_L,gradient_tolerance,,raw_state_verified,run.py:numpy-batch
SI-pHiSD,0.00039810717055349735,0.002,2000000,253,-0.5234375,1.340625,completed,0.06601892913424397,0.18404094175368546,9.998583156562509e-07,-1005.1363683951505,762.732899731601,27181,success_index1,S_L,gradient_tolerance,,raw_state_verified,run.py:numpy-batch
SI-pHiSD,0.00039810717055349735,0.002,2000000,188,-0.5328125000000001,1.3031249999999999,completed,0.0660189291617611,0.1840409417506173,9.993102128214543e-07,-1005.1363683797141,762.7328997701862,27187,success_index1,S_L,gradient_tolerance,,raw_state_verified,run.py:numpy-batch
SI-pHiSD,0.00039810717055349735,0.002,2000000,187,-0.5421875,1.3031249999999999,completed,0.06601892914907345,0.18404094175208022,9.995276397695774e-07,-1005.1363683870273,762.7328997523534,27188,success_index1,S_L,gradient_tolerance,,raw_state_verified,run.py:numpy-batch
SI-pHiSD,0.00039810717055349735,0.002,2000000,286,-0.5140625000000001,1.359375,completed,0.06601892913101368,0.1840409417539986,9.999225448228984e-07,-1005.1363683967709,762.7328997271125,27191,success_index1,S_L,gradient_tolerance,,raw_state_verified,run.py:numpy-batch
SI-pHiSD,0.00039810717055349735,0.002,2000000,189,-0.5234375,1.3031249999999999,completed,0.06601892917652262,0.18404094174962,9.998206586953513e-07,-1005.1363683740722,762.732899790317,27192,success_index1,S_L,gradient_tolerance,,raw_state_verified,run.py:numpy-batch
SI-pHiSD,0.00039810717055349735,0.002,2000000,321,-0.7859375000000001,1.3968749999999999,completed,1.2165232144478566,4.849785678150216,21616025856.76883,2038039166.0345602,191493753468.5818,27194,state_safeguard,U,state_safeguard,source_norm2_gt_5,raw_state_verified,run.py:numpy-batch
SI-pHiSD,0.00039810717055349735,0.002,2000000,186,-0.5515625000000001,1.3031249999999999,completed,0.06601892913747288,0.18404094175337665,9.99806124946061e-07,-1005.1363683935472,762.7328997360837,27194,success_index1,S_L,gradient_tolerance,,raw_state_verified,run.py:numpy-batch
SI-pHiSD,0.00039810717055349735,0.002,2000000,219,-0.5421875,1.321875,completed,0.06601892913182228,0.18404094175344193,9.994937625693768e-07,-1005.1363683944192,762.7328997286553,27196,success_index1,S_L,gradient_tolerance,,raw_state_verified,run.py:numpy-batch
SI-pHiSD,0.00039810717055349735,0.002,2000000,252,-0.5328125000000001,1.340625,completed,0.06601892912611372,0.18404094175368368,9.99354508651319e-07,-1005.1363683960151,762.7328997209964,27201,success_index1,S_L,gradient_tolerance,,raw_state_verified,run.py:numpy-batch
SI-pHiSD,0.00039810717055349735,0.002,2000000,422,-0.7390625000000001,1.453125,completed,1.2159380957487778,4.84994573444454,21569481237.76004,2033816177.6592681,191069785487.42932,27202,state_safeguard,U,state_safeguard,source_norm2_gt_5,raw_state_verified,run.py:numpy-batch
SI-pHiSD,0.00039810717055349735,0.002,2000000,154,-0.5515625000000001,1.284375,completed,0.06601892915991582,0.18404094175101418,9.99490795335469e-07,-1005.1363683815268,762.732899767431,27204,success_index1,S_L,gradient_tolerance,,raw_state_verified,run.py:numpy-batch
SI-pHiSD,0.00039810717055349735,0.002,2000000,319,-0.5046875000000001,1.378125,completed,0.0660189291278206,0.1840409417537407,9.99505012573862e-07,-1005.1363683960642,762.7328997231733,27205,success_index1,S_L,gradient_tolerance,,raw_state_verified,run.py:numpy-batch
SI-pHiSD,0.00039810717055349735,0.002,2000000,153,-0.5609375000000001,1.284375,completed,0.06601892914786997,0.18404094175235886,9.996749656536886e-07,-1005.1363683882905,762.732899750539,27206,success_index1,S_L,gradient_tolerance,,raw_state_verified,run.py:numpy-batch
SI-pHiSD,0.00039810717055349735,0.002,2000000,185,-0.5609375000000001,1.3031249999999999,completed,0.06601892912772311,0.18404094175368224,9.994487194755513e-07,-1005.1363683958369,762.732899723097,27208,success_index1,S_L,gradient_tolerance,,raw_state_verified,run.py:numpy-batch
SI-pHiSD,0.00039810717055349735,0.002,2000000,190,-0.5140625000000001,1.3031249999999999,completed,0.0660189291939445,0.18404094174715266,9.995562478903652e-07,-1005.1363683621639,762.7328998152067,27208,success_index1,S_L,gradient_tolerance,,raw_state_verified,run.py:numpy-batch
SI-pHiSD,0.00039810717055349735,0.002,2000000,152,-0.5703125,1.284375,completed,0.06601892913539933,0.18404094175342972,9.997137547367478e-07,-1005.1363683939858,762.7328997333321,27211,success_index1,S_L,gradient_tolerance,,raw_state_verified,run.py:numpy-batch
SI-pHiSD,0.00039810717055349735,0.002,2000000,155,-0.5421875,1.284375,completed,0.06601892917511026,0.1840409417496579,9.99715588505301e-07,-1005.1363683743779,762.7328997884415,27211,success_index1,S_L,gradient_tolerance,,raw_state_verified,run.py:numpy-batch
SI-pHiSD,0.00039810717055349735,0.002,2000000,218,-0.5515625000000001,1.321875,completed,0.06601892912299498,0.1840409417545615,9.99933193530518e-07,-1005.1363683999217,762.7328997161587,27213,success_index1,S_L,gradient_tolerance,,raw_state_verified,run.py:numpy-batch
SI-pHiSD,0.00039810717055349735,0.002,2000000,285,-0.5234375,1.359375,completed,0.06601892912367004,0.18404094175452165,9.999368547852934e-07,-1005.1363683996877,762.7328997170738,27214,success_index1,S_L,gradient_tolerance,,raw_state_verified,run.py:numpy-batch
SI-pHiSD,0.00039810717055349735,0.002,2000000,119,-0.5796875,1.265625,completed,0.06601892914524936,0.18404094175259336,9.99680934540267e-07,-1005.1363683895258,762.7328997469147,27223,success_index1,S_L,gradient_tolerance,,raw_state_verified,run.py:numpy-batch
SI-pHiSD,0.00039810717055349735,0.002,2000000,120,-0.5703125,1.265625,completed,0.06601892915903908,0.1840409417514322,9.997734631607437e-07,-1005.1363683833215,762.7328997659213,27224,success_index1,S_L,gradient_tolerance,,raw_state_verified,run.py:numpy-batch
SI-pHiSD,0.00039810717055349735,0.002,2000000,151,-0.5796875,1.284375,completed,0.0660189291258286,0.1840409417538841,9.995107689729489e-07,-1005.136368396861,762.732899720449,27225,success_index1,S_L,gradient_tolerance,,raw_state_verified,run.py:numpy-batch
SI-pHiSD,0.00039810717055349735,0.002,2000000,184,-0.5703125,1.3031249999999999,completed,0.06601892911918582,0.18404094175461277,9.99769164063803e-07,-1005.136368400539,762.7328997111447,27226,success_index1,S_L,gradient_tolerance,,raw_state_verified,run.py:numpy-batch
SI-pHiSD,0.00039810717055349735,0.002,2000000,251,-0.5421875,1.340625,completed,0.06601892911963402,0.18404094175413432,9.993794866979147e-07,-1005.1363683985447,762.7328997121488,27226,success_index1,S_L,gradient_tolerance,,raw_state_verified,run.py:numpy-batch
SI-pHiSD,0.00039810717055349735,0.002,2000000,118,-0.5890625,1.265625,completed,0.06601892913347941,0.1840409417536357,9.997661333007441e-07,-1005.1363683950299,762.732899730647,27229,success_index1,S_L,gradient_tolerance,,raw_state_verified,run.py:numpy-batch
SI-pHiSD,0.00039810717055349735,0.002,2000000,156,-0.5328125000000001,1.284375,completed,0.06601892919433243,0.18404094174748886,9.998828897332817e-07,-1005.1363683634899,762.7328998154181,27230,success_index1,S_L,gradient_tolerance,,raw_state_verified,run.py:numpy-batch
SI-pHiSD,0.00039810717055349735,0.002,2000000,318,-0.5140625000000001,1.378125,completed,0.06601892912171567,0.1840409417540712,9.994383774318033e-07,-1005.1363683980641,762.7328997149199,27233,success_index1,S_L,gradient_tolerance,,raw_state_verified,run.py:numpy-batch
SI-pHiSD,0.00039810717055349735,0.002,2000000,121,-0.5609375000000001,1.265625,completed,0.06601892917545438,0.18404094174931915,9.9946140031075e-07,-1005.136368372963,762.732899789187,27235,success_index1,S_L,gradient_tolerance,,raw_state_verified,run.py:numpy-batch
SI-pHiSD,0.00039810717055349735,0.002,2000000,217,-0.5609375000000001,1.321875,completed,0.06601892911525503,0.184040941754969,9.998740429728013e-07,-1005.1363684024101,762.7328997057048,27236,success_index1,S_L,gradient_tolerance,,raw_state_verified,run.py:numpy-batch
SI-pHiSD,0.00039810717055349735,0.002,2000000,191,-0.5046875000000001,1.3031249999999999,completed,0.06601892921598809,0.1840409417436722,9.992847605548607e-07,-1005.1363683456378,762.7328998470139,27238,success_index1,S_L,gradient_tolerance,,raw_state_verified,run.py:numpy-batch
SI-pHiSD,0.00039810717055349735,0.002,2000000,117,-0.5984375000000001,1.265625,completed,0.0660189291227774,0.18404094175457478,9.999324720666706e-07,-1005.1363683999991,762.732899715863,27240,success_index1,S_L,gradient_tolerance,,raw_state_verified,run.py:numpy-batch
SI-pHiSD,0.00039810717055349735,0.002,2000000,284,-0.5328125000000001,1.359375,completed,0.06601892911691948,0.18404094175496036,9.999511329142238e-07,-1005.1363684021964,762.7328997078838,27241,success_index1,S_L,gradient_tolerance,,raw_state_verified,run.py:numpy-batch
SI-pHiSD,0.00039810717055349735,0.002,2000000,150,-0.5890625,1.284375,completed,0.06601892911638187,0.18404094175444555,9.994781156357425e-07,-1005.1363684001597,762.7328997076337,27242,success_index1,S_L,gradient_tolerance,,raw_state_verified,run.py:numpy-batch
SI-pHiSD,0.00039810717055349735,0.002,2000000,85,-0.5984375000000001,1.246875,completed,0.06601892914479571,0.18404094175219035,9.993020160812972e-07,-1005.1363683879346,762.7328997466763,27246,success_index1,S_L,gradient_tolerance,,raw_state_verified,run.py:numpy-batch
SI-pHiSD,0.00039810717055349735,0.002,2000000,84,-0.6078125000000001,1.246875,completed,0.0660189291319329,0.184040941753584,9.99623088551037e-07,-1005.1363683949857,762.7328997286747,27249,success_index1,S_L,gradient_tolerance,,raw_state_verified,run.py:numpy-batch
SI-pHiSD,0.00039810717055349735,0.002,2000000,86,-0.5890625,1.246875,completed,0.0660189291596902,0.1840409417512815,9.996997566479498e-07,-1005.1363683826388,762.7328997669026,27249,success_index1,S_L,gradient_tolerance,,raw_state_verified,run.py:numpy-batch
SI-pHiSD,0.00039810717055349735,0.002,2000000,183,-0.5796875,1.3031249999999999,completed,0.06601892911156902,0.1840409417546463,9.994144980218183e-07,-1005.1363684014931,762.7328997011793,27250,success_index1,S_L,gradient_tolerance,,raw_state_verified,run.py:numpy-batch
SI-pHiSD,0.00039810717055349735,0.002,2000000,250,-0.5515625000000001,1.340625,completed,0.06601892911242528,0.18404094175483623,9.996200385484174e-07,-1005.1363684021736,762.7328997021298,27252,success_index1,S_L,gradient_tolerance,,raw_state_verified,run.py:numpy-batch
SI-pHiSD,0.00039810717055349735,0.002,2000000,122,-0.5515625000000001,1.265625,completed,0.06601892919526339,0.18404094174703622,9.996057976990572e-07,-1005.136368361549,762.7328998170293,27256,success_index1,S_L,gradient_tolerance,,raw_state_verified,run.py:numpy-batch
SI-pHiSD,0.00039810717055349735,0.002,2000000,351,-0.5046875000000001,1.3968749999999999,completed,0.06601892912082093,0.18404094175392596,9.992636701149306e-07,-1005.136368397569,762.7328997138799,27256,success_index1,S_L,gradient_tolerance,,raw_state_verified,run.py:numpy-batch
SI-pHiSD,0.00039810717055349735,0.002,2000000,116,-0.6078125000000001,1.265625,completed,0.06601892911301778,0.1840409417547693,9.995906380706437e-07,-1005.1363684018377,762.7328997029615,27257,success_index1,S_L,gradient_tolerance,,raw_state_verified,run.py:numpy-batch
SI-pHiSD,0.00039810717055349735,0.002,2000000,83,-0.6171875,1.246875,completed,0.06601892912059437,0.18404094175439895,9.996601212324108e-07,-1005.1363683995185,762.7328997131692,27259,success_index1,S_L,gradient_tolerance,,raw_state_verified,run.py:numpy-batch
SI-pHiSD,0.00039810717055349735,0.002,2000000,87,-0.5796875,1.246875,completed,0.06601892917587118,0.18404094174909172,9.99308917113252e-07,-1005.1363683719928,762.7328997899303,27260,success_index1,S_L,gradient_tolerance,,raw_state_verified,run.py:numpy-batch
SI-pHiSD,0.00039810717055349735,0.002,2000000,157,-0.5234375,1.284375,completed,0.06601892921601014,0.18404094174371385,9.993224000617814e-07,-1005.136368345805,762.7328998470061,27261,success_index1,S_L,gradient_tolerance,,raw_state_verified,run.py:numpy-batch
SI-pHiSD,0.00039810717055349735,0.002,2000000,149,-0.5984375000000001,1.284375,completed,0.0660189291076278,0.1840409417550753,9.996054270998764e-07,-1005.1363684036613,762.7328996956619,27263,success_index1,S_L,gradient_tolerance,,raw_state_verified,run.py:numpy-batch
SI-pHiSD,0.00039810717055349735,0.002,2000000,216,-0.5703125,1.321875,completed,0.06601892910825413,0.18404094175490568,9.994862424156685e-07,-1005.1363684029037,762.7328996966276,27264,success_index1,S_L,gradient_tolerance,,raw_state_verified,run.py:numpy-batch
SI-pHiSD,0.00039810717055349735,0.002,2000000,317,-0.5234375,1.378125,completed,0.06601892911620094,0.1840409417549227,9.99881778324286e-07,-1005.1363684021203,762.7328997069794,27264,success_index1,S_L,gradient_tolerance,,raw_state_verified,run.py:numpy-batch
SI-pHiSD,0.00039810717055349735,0.002,2000000,489,-0.7109375,1.4906249999999999,completed,1.2152476425140002,4.850119021907575,21512387999.224163,2028632402.7498045,190549863839.69073,27265,state_safeguard,U,state_safeguard,source_norm2_gt_5,raw_state_verified,run.py:numpy-batch
SI-pHiSD,0.00039810717055349735,0.002,2000000,51,-0.6171875,1.228125,completed,0.06601892914442539,0.18404094175250238,9.995426003265438e-07,-1005.1363683892444,762.7328997459196,27269,success_index1,S_L,gradient_tolerance,,raw_state_verified,run.py:numpy-batch
SI-pHiSD,0.00039810717055349735,0.002,2000000,50,-0.6265625,1.228125,completed,0.06601892913172841,0.18404094175336952,9.994254898107375e-07,-1005.1363683941347,762.7328997285965,27273,success_index1,S_L,gradient_tolerance,,raw_state_verified,run.py:numpy-batch
SI-pHiSD,0.00039810717055349735,0.002,2000000,52,-0.6078125000000001,1.228125,completed,0.06601892916064268,0.18404094175148666,9.999557568300508e-07,-1005.1363683833714,762.7328997679653,27275,success_index1,S_L,gradient_tolerance,,raw_state_verified,run.py:numpy-batch
SI-pHiSD,0.00039810717055349735,0.002,2000000,283,-0.5421875,1.359375,completed,0.06601892911225152,0.1840409417552253,9.999487977157825e-07,-1005.1363684037751,762.732899701562,27275,success_index1,S_L,gradient_tolerance,,raw_state_verified,run.py:numpy-batch
SI-pHiSD,0.00039810717055349735,0.002,2000000,82,-0.6265625,1.246875,completed,0.06601892911131615,0.18404094175506122,9.997621499256939e-07,-1005.1363684032082,762.7328997004854,27276,success_index1,S_L,gradient_tolerance,,raw_state_verified,run.py:numpy-batch
SI-pHiSD,0.00039810717055349735,0.002,2000000,182,-0.5890625,1.3031249999999999,completed,0.06601892910525814,0.18404094175542193,9.998032443927949e-07,-1005.1363684053258,762.732899692267,27278,success_index1,S_L,gradient_tolerance,,raw_state_verified,run.py:numpy-batch
SI-pHiSD,0.00039810717055349735,0.002,2000000,49,-0.6359375,1.228125,completed,0.06601892911891717,0.18404094175422367,9.994184185198817e-07,-1005.1363683989847,762.7328997111352,27280,success_index1,S_L,gradient_tolerance,,raw_state_verified,run.py:numpy-batch
SI-pHiSD,0.00039810717055349735,0.002,2000000,115,-0.6171875,1.265625,completed,0.06601892910580183,0.18404094175527566,9.996995346545739e-07,-1005.1363684046721,762.7328996931044,27281,success_index1,S_L,gradient_tolerance,,raw_state_verified,run.py:numpy-batch
SI-pHiSD,0.00039810717055349735,0.002,2000000,88,-0.5703125,1.246875,completed,0.06601892919641365,0.18404094174682306,9.995561846522023e-07,-1005.1363683605578,762.7328998187168,27283,success_index1,S_L,gradient_tolerance,,raw_state_verified,run.py:numpy-batch
SI-pHiSD,0.00039810717055349735,0.002,2000000,249,-0.5609375000000001,1.340625,completed,0.06601892910671771,0.18404094175481236,9.993371411022649e-07,-1005.1363684026891,762.7328996947052,27285,success_index1,S_L,gradient_tolerance,,raw_state_verified,run.py:numpy-batch
SI-pHiSD,0.00039810717055349735,0.002,2000000,53,-0.5984375000000001,1.228125,completed,0.06601892917753191,0.18404094174925523,9.996103230310226e-07,-1005.1363683724798,762.7328997919533,27288,success_index1,S_L,gradient_tolerance,,raw_state_verified,run.py:numpy-batch
SI-pHiSD,0.00039810717055349735,0.002,2000000,123,-0.5421875,1.265625,completed,0.06601892921874324,0.1840409417437028,9.996683213586788e-07,-1005.1363683454664,762.7328998505812,27290,success_index1,S_L,gradient_tolerance,,raw_state_verified,run.py:numpy-batch
SI-pHiSD,0.00039810717055349735,0.002,2000000,148,-0.6078125000000001,1.284375,completed,0.06601892910051907,0.18404094175570518,9.99856444997763e-07,-1005.136368406987,762.7328996858364,27290,success_index1,S_L,gradient_tolerance,,raw_state_verified,run.py:numpy-batch
SI-pHiSD,0.00039810717055349735,0.002,2000000,350,-0.5140625000000001,1.3968749999999999,completed,0.06601892911648985,0.18404094175454114,9.995663577795443e-07,-1005.1363684005368,762.7328997076909,27292,success_index1,S_L,gradient_tolerance,,raw_state_verified,run.py:numpy-batch
SI-pHiSD,0.00039810717055349735,0.002,2000000,17,-0.6359375,1.2093749999999999,completed,0.06601892914551422,0.18404094175280403,9.998810425031801e-07,-1005.1363683903547,762.7328997470754,27296,success_index1,S_L,gradient_tolerance,,raw_state_verified,run.py:numpy-batch
SI-pHiSD,0.00039810717055349735,0.002,2000000,81,-0.6359375,1.246875,completed,0.06601892910199027,0.18404094175572489,9.99931601906906e-07,-1005.136368406909,762.7328996877385,27296,success_index1,S_L,gradient_tolerance,,raw_state_verified,run.py:numpy-batch
SI-pHiSD,0.00039810717055349735,0.002,2000000,215,-0.5796875,1.321875,completed,0.0660189291022362,0.184040941755304,9.995756885588226e-07,-1005.1363684051707,762.7328996884282,27296,success_index1,S_L,gradient_tolerance,,raw_state_verified,run.py:numpy-batch
SI-pHiSD,0.00039810717055349735,0.002,2000000,16,-0.6453125000000001,1.2093749999999999,completed,0.06601892913175923,0.18404094175402866,9.999951028476407e-07,-1005.1363683968133,762.7328997280589,27297,success_index1,S_L,gradient_tolerance,,raw_state_verified,run.py:numpy-batch
SI-pHiSD,0.00039810717055349735,0.002,2000000,48,-0.6453125000000001,1.228125,completed,0.06601892910947055,0.1840409417546428,9.993135100605688e-07,-1005.1363684017037,762.7328996984448,27297,success_index1,S_L,gradient_tolerance,,raw_state_verified,run.py:numpy-batch
SI-pHiSD,0.00039810717055349735,0.002,2000000,316,-0.5328125000000001,1.378125,completed,0.06601892911049956,0.18404094175499014,9.996622391167538e-07,-1005.1363684030066,762.7328996994828,27299,success_index1,S_L,gradient_tolerance,,raw_state_verified,run.py:numpy-batch
SI-pHiSD,0.00039810717055349735,0.002,2000000,18,-0.6265625,1.2093749999999999,completed,0.06601892916051409,0.18404094175142172,9.998893809880897e-07,-1005.1363683831211,762.7328997678542,27301,success_index1,S_L,gradient_tolerance,,raw_state_verified,run.py:numpy-batch
SI-pHiSD,0.00039810717055349735,0.002,2000000,355,-0.7671875,1.415625,completed,1.2163317375333655,4.8498150438567675,21597358045.56314,2036340562.1363308,191323856386.8192,27303,state_safeguard,U,state_safeguard,source_norm2_gt_5,raw_state_verified,run.py:numpy-batch
SI-pHiSD,0.00039810717055349735,0.002,2000000,15,-0.6546875000000001,1.2093749999999999,completed,0.06601892911887118,0.18404094175409527,9.99304928221708e-07,-1005.136368398467,762.7328997111882,27305,success_index1,S_L,gradient_tolerance,,raw_state_verified,run.py:numpy-batch
SI-pHiSD,0.00039810717055349735,0.002,2000000,114,-0.6265625,1.265625,completed,0.06601892909639355,0.1840409417552971,9.993472964464314e-07,-1005.1363684057695,762.7328996808124,27305,success_index1,S_L,gradient_tolerance,,raw_state_verified,run.py:numpy-batch
SI-pHiSD,0.00039810717055349735,0.002,2000000,282,-0.5515625000000001,1.359375,completed,0.06601892910535265,0.1840409417548968,9.993513922837137e-07,-1005.1363684031793,762.7328996928505,27309,success_index1,S_L,gradient_tolerance,,raw_state_verified,run.py:numpy-batch
SI-pHiSD,0.00039810717055349735,0.002,2000000,181,-0.5984375000000001,1.3031249999999999,completed,0.0660189290985603,0.1840409417552251,9.993641140492888e-07,-1005.1363684052441,762.7328996837022,27310,success_index1,S_L,gradient_tolerance,,raw_state_verified,run.py:numpy-batch
SI-pHiSD,0.00039810717055349735,0.002,2000000,158,-0.5140625000000001,1.284375,completed,0.06601892924418695,0.18404094173910768,9.994433465996824e-07,-1005.1363683240402,762.7328998878007,27311,success_index1,S_L,gradient_tolerance,,raw_state_verified,run.py:numpy-batch
SI-pHiSD,0.00039810717055349735,0.002,2000000,54,-0.5890625,1.228125,completed,0.06601892919847244,0.18404094174673574,9.99717710779264e-07,-1005.1363683599818,762.732899821479,27313,success_index1,S_L,gradient_tolerance,,raw_state_verified,run.py:numpy-batch
SI-pHiSD,0.00039810717055349735,0.002,2000000,47,-0.6546875000000001,1.228125,completed,0.06601892909909658,0.18404094175583294,9.999129973784623e-07,-1005.1363684076591,762.7328996838689,27314,success_index1,S_L,gradient_tolerance,,raw_state_verified,run.py:numpy-batch
SI-pHiSD,0.00039810717055349735,0.002,2000000,14,-0.6640625,1.2093749999999999,completed,0.06601892910737833,0.18404094175514227,9.99652473844128e-07,-1005.1363684039602,762.7328996952778,27317,success_index1,S_L,gradient_tolerance,,raw_state_verified,run.py:numpy-batch
SI-pHiSD,0.00039810717055349735,0.002,2000000,19,-0.6171875,1.2093749999999999,completed,0.06601892917987706,0.1840409417493304,9.999072333264821e-07,-1005.1363683725335,762.7328997949471,27319,success_index1,S_L,gradient_tolerance,,raw_state_verified,run.py:numpy-batch
SI-pHiSD,0.00039810717055349735,0.002,2000000,89,-0.5609375000000001,1.246875,completed,0.0660189292205376,0.1840409417431969,9.994825066036e-07,-1005.1363683432153,762.7328998533656,27320,success_index1,S_L,gradient_tolerance,,raw_state_verified,run.py:numpy-batch
SI-pHiSD,0.00039810717055349735,0.002,2000000,383,-0.5046875000000001,1.415625,completed,0.06601892911580667,0.18404094175463007,9.996084952242574e-07,-1005.136368400972,762.7328997067216,27320,success_index1,S_L,gradient_tolerance,,raw_state_verified,run.py:numpy-batch
SI-pHiSD,0.00039810717055349735,0.002,2000000,147,-0.6171875,1.284375,completed,0.06601892909333944,0.1840409417557158,9.996060374165286e-07,-1005.1363684078009,762.7328996764613,27321,success_index1,S_L,gradient_tolerance,,raw_state_verified,run.py:numpy-batch
SI-pHiSD,0.00039810717055349735,0.002,2000000,248,-0.5703125,1.340625,completed,0.06601892910130112,0.18404094175511107,9.993706961515032e-07,-1005.1363684044858,762.7328996873774,27321,success_index1,S_L,gradient_tolerance,,raw_state_verified,run.py:numpy-batch
SI-pHiSD,0.00039810717055349735,0.002,2000000,80,-0.6453125000000001,1.246875,completed,0.0660189290933175,0.18404094175532287,9.992629861932403e-07,-1005.136368406204,762.7328996767772,27322,success_index1,S_L,gradient_tolerance,,raw_state_verified,run.py:numpy-batch
SI-pHiSD,0.00039810717055349735,0.002,2000000,214,-0.5890625,1.321875,completed,0.06601892909601159,0.18404094175553531,9.995410212616463e-07,-1005.1363684067798,762.7328996801052,27331,success_index1,S_L,gradient_tolerance,,raw_state_verified,run.py:numpy-batch
SI-pHiSD,0.00039810717055349735,0.002,2000000,349,-0.5234375,1.3968749999999999,completed,0.06601892911167234,0.1840409417547236,9.99486413440272e-07,-1005.1363684017965,762.7328997012464,27331,success_index1,S_L,gradient_tolerance,,raw_state_verified,run.py:numpy-batch
SI-pHiSD,0.00039810717055349735,0.002,2000000,113,-0.6359375,1.265625,completed,0.06601892908923022,0.18404094175597305,9.996993315618365e-07,-1005.1363684092884,762.7328996708754,27335,success_index1,S_L,gradient_tolerance,,raw_state_verified,run.py:numpy-batch
SI-pHiSD,0.00039810717055349735,0.002,2000000,13,-0.6734375,1.2093749999999999,completed,0.06601892909756352,0.1840409417556258,9.99675774927846e-07,-1005.1363684069811,762.7328996820506,27336,success_index1,S_L,gradient_tolerance,,raw_state_verified,run.py:numpy-batch
SI-pHiSD,0.00039810717055349735,0.002,2000000,315,-0.5421875,1.378125,completed,0.06601892910606609,0.18404094175537886,9.998004834385847e-07,-1005.1363684050639,762.7328996933585,27339,success_index1,S_L,gradient_tolerance,,raw_state_verified,run.py:numpy-batch
SI-pHiSD,0.00039810717055349735,0.002,2000000,46,-0.6640625,1.228125,completed,0.06601892909164339,0.18404094175547003,9.99336220441085e-07,-1005.136368406983,762.7328996744644,27342,success_index1,S_L,gradient_tolerance,,raw_state_verified,run.py:numpy-batch
SI-pHiSD,0.00039810717055349735,0.002,2000000,124,-0.5328125000000001,1.265625,completed,0.06601892924790592,0.1840409417390691,9.999789838801831e-07,-1005.1363683234839,762.7328998926859,27343,success_index1,S_L,gradient_tolerance,,raw_state_verified,run.py:numpy-batch
SI-pHiSD,0.00039810717055349735,0.002,2000000,180,-0.6078125000000001,1.3031249999999999,completed,0.06601892909167584,0.18404094175615124,9.999309343316932e-07,-1005.1363684097505,762.7328996739097,27343,success_index1,S_L,gradient_tolerance,,raw_state_verified,run.py:numpy-batch
SI-pHiSD,0.00039810717055349735,0.002,2000000,20,-0.6078125000000001,1.2093749999999999,completed,0.06601892920113483,0.1840409417464868,9.99817149213277e-07,-1005.136368358683,762.7328998251701,27346,success_index1,S_L,gradient_tolerance,,raw_state_verified,run.py:numpy-batch
SI-pHiSD,0.00039810717055349735,0.002,2000000,281,-0.5609375000000001,1.359375,completed,0.0660189291004431,0.18404094175563154,9.997894757184817e-07,-1005.1363684066957,762.7328996858016,27348,success_index1,S_L,gradient_tolerance,,raw_state_verified,run.py:numpy-batch
SI-pHiSD,0.00039810717055349735,0.002,2000000,79,-0.6546875000000001,1.246875,completed,0.06601892908566351,0.18404094175605828,9.996705205189425e-07,-1005.136368410018,762.732899666148,27351,success_index1,S_L,gradient_tolerance,,raw_state_verified,run.py:numpy-batch
SI-pHiSD,0.00039810717055349735,0.002,2000000,55,-0.5796875,1.228125,completed,0.06601892922412685,0.18404094174300606,9.998037197507191e-07,-1005.1363683420537,762.7328998582149,27354,success_index1,S_L,gradient_tolerance,,raw_state_verified,run.py:numpy-batch
SI-pHiSD,0.00039810717055349735,0.002,2000000,146,-0.6265625,1.284375,completed,0.06601892908700184,0.18404094175616192,9.99798564411225e-07,-1005.1363684102956,762.7328996678028,27356,success_index1,S_L,gradient_tolerance,,raw_state_verified,run.py:numpy-batch
SI-pHiSD,0.00039810717055349735,0.002,2000000,247,-0.5796875,1.340625,completed,0.0660189290953193,0.18404094175555585,9.995344744935998e-07,-1005.1363684069373,762.7328996791844,27359,success_index1,S_L,gradient_tolerance,,raw_state_verified,run.py:numpy-batch
SI-pHiSD,0.00039810717055349735,0.002,2000000,12,-0.6828125,1.2093749999999999,completed,0.0660189290886478,0.1840409417560113,9.997152077770195e-07,-1005.1363684095064,762.7328996700821,27360,success_index1,S_L,gradient_tolerance,,raw_state_verified,run.py:numpy-batch
SI-pHiSD,0.00039810717055349735,0.002,2000000,382,-0.5140625000000001,1.415625,completed,0.06601892911195172,0.18404094175498545,9.997266328914272e-07,-1005.1363684028315,762.7328997013814,27363,success_index1,S_L,gradient_tolerance,,raw_state_verified,run.py:numpy-batch
SI-pHiSD,0.00039810717055349735,0.002,2000000,45,-0.6734375,1.228125,completed,0.06601892908241527,0.18404094175633104,9.998233243306957e-07,-1005.1363684114759,762.7328996616717,27368,success_index1,S_L,gradient_tolerance,,raw_state_verified,run.py:numpy-batch
SI-pHiSD,0.00039810717055349735,0.002,2000000,112,-0.6453125000000001,1.265625,completed,0.06601892908338197,0.18404094175579735,9.993816982335708e-07,-1005.136368409201,762.7328996634008,27372,success_index1,S_L,gradient_tolerance,,raw_state_verified,run.py:numpy-batch
SI-pHiSD,0.00039810717055349735,0.002,2000000,213,-0.5984375000000001,1.321875,completed,0.0660189290909473,0.18404094175543664,9.992848152542193e-07,-1005.1363684069216,762.7328996735858,27372,success_index1,S_L,gradient_tolerance,,raw_state_verified,run.py:numpy-batch
SI-pHiSD,0.00039810717055349735,0.002,2000000,348,-0.5328125000000001,1.3968749999999999,completed,0.06601892910643234,0.18404094175519525,9.996569916798734e-07,-1005.1363684042775,762.7328996939975,27372,success_index1,S_L,gradient_tolerance,,raw_state_verified,run.py:numpy-batch
SI-pHiSD,0.00039810717055349735,0.002,2000000,90,-0.5515625000000001,1.246875,completed,0.06601892924990645,0.18404094173834723,9.996939270553625e-07,-1005.1363683203326,762.7328998959285,27375,success_index1,S_L,gradient_tolerance,,raw_state_verified,run.py:numpy-batch
SI-pHiSD,0.00039810717055349735,0.002,2000000,314,-0.5515625000000001,1.378125,completed,0.06601892910043936,0.18404094175515323,9.993735074778376e-07,-1005.1363684047496,762.7328996862165,27381,success_index1,S_L,gradient_tolerance,,raw_state_verified,run.py:numpy-batch
SI-pHiSD,0.00039810717055349735,0.002,2000000,179,-0.6171875,1.3031249999999999,completed,0.06601892908633293,0.18404094175586772,9.995228096641975e-07,-1005.1363684091704,762.7328996671886,27384,success_index1,S_L,gradient_tolerance,,raw_state_verified,run.py:numpy-batch
SI-pHiSD,0.00039810717055349735,0.002,2000000,11,-0.6921875000000001,1.2093749999999999,completed,0.06601892907964038,0.18404094175638916,9.998075753990595e-07,-1005.1363684120105,762.7328996580005,27387,success_index1,S_L,gradient_tolerance,,raw_state_verified,run.py:numpy-batch
SI-pHiSD,0.00039810717055349735,0.002,2000000,78,-0.6640625,1.246875,completed,0.06601892907961011,0.18404094175628752,9.99717990562105e-07,-1005.1363684116003,762.7328996580507,27387,success_index1,S_L,gradient_tolerance,,raw_state_verified,run.py:numpy-batch
SI-pHiSD,0.00039810717055349735,0.002,2000000,21,-0.5984375000000001,1.2093749999999999,completed,0.06601892922712325,0.1840409417425675,9.998471604462234e-07,-1005.1363683399483,762.732899862508,27389,success_index1,S_L,gradient_tolerance,,raw_state_verified,run.py:numpy-batch
SI-pHiSD,0.00039810717055349735,0.002,2000000,280,-0.5703125,1.359375,completed,0.0660189290950355,0.18404094175541738,9.994040090379153e-07,-1005.1363684064042,762.7328996789355,27391,success_index1,S_L,gradient_tolerance,,raw_state_verified,run.py:numpy-batch
SI-pHiSD,0.00039810717055349735,0.002,2000000,159,-0.5046875000000001,1.284375,completed,0.06601892928266977,0.184040941731828,9.99894264604874e-07,-1005.1363682902928,762.7328999443832,27392,success_index1,S_L,gradient_tolerance,,raw_state_verified,run.py:numpy-batch
SI-pHiSD,0.00039810717055349735,0.002,2000000,145,-0.6359375,1.284375,completed,0.06601892908054892,0.18404094175600114,9.99489467522016e-07,-1005.136368410334,762.7328996595265,27395,success_index1,S_L,gradient_tolerance,,raw_state_verified,run.py:numpy-batch
SI-pHiSD,0.00039810717055349735,0.002,2000000,415,-0.5046875000000001,1.434375,completed,0.06601892911363115,0.1840409417545582,9.994377771455531e-07,-1005.1363684009129,762.7328997039466,27401,success_index1,S_L,gradient_tolerance,,raw_state_verified,run.py:numpy-batch
SI-pHiSD,0.00039810717055349735,0.002,2000000,246,-0.5890625,1.340625,completed,0.06601892909076468,0.18404094175597452,9.997479671471152e-07,-1005.1363684091295,762.7328996728759,27403,success_index1,S_L,gradient_tolerance,,raw_state_verified,run.py:numpy-batch
SI-pHiSD,0.00039810717055349735,0.002,2000000,44,-0.6828125,1.228125,completed,0.06601892907566989,0.18404094175584254,9.992440409150202e-07,-1005.1363684102126,762.7328996533007,27404,success_index1,S_L,gradient_tolerance,,raw_state_verified,run.py:numpy-batch
SI-pHiSD,0.00039810717055349735,0.002,2000000,381,-0.5234375,1.415625,completed,0.06601892910741866,0.1840409417554336,9.999069981638354e-07,-1005.1363684051413,762.7328996950752,27408,success_index1,S_L,gradient_tolerance,,raw_state_verified,run.py:numpy-batch
SI-pHiSD,0.00039810717055349735,0.002,2000000,111,-0.6546875000000001,1.265625,completed,0.06601892907730122,0.18404094175614943,9.995462593467534e-07,-1005.1363684112857,762.7328996551598,27411,success_index1,S_L,gradient_tolerance,,raw_state_verified,run.py:numpy-batch
SI-pHiSD,0.00039810717055349735,0.002,2000000,56,-0.5703125,1.228125,completed,0.0660189292538171,0.18404094173739932,9.995289329910938e-07,-1005.136368316056,762.732899901861,27412,success_index1,S_L,gradient_tolerance,,raw_state_verified,run.py:numpy-batch
SI-pHiSD,0.00039810717055349735,0.002,2000000,212,-0.6078125000000001,1.321875,completed,0.0660189290859053,0.18404094175612729,9.997374554281643e-07,-1005.1363684102724,762.7328996664027,27415,success_index1,S_L,gradient_tolerance,,raw_state_verified,run.py:numpy-batch
SI-pHiSD,0.00039810717055349735,0.002,2000000,456,-0.7203125,1.4718749999999998,completed,1.2156371576078864,4.850031428751768,21546085689.768696,2031694111.8157353,190856666152.32172,27416,state_safeguard,U,state_safeguard,source_norm2_gt_5,raw_state_verified,run.py:numpy-batch
SI-pHiSD,0.00039810717055349735,0.002,2000000,347,-0.5421875,1.3968749999999999,completed,0.06601892910262194,0.1840409417556433,9.998861335064973e-07,-1005.1363684065096,762.7328996886336,27419,success_index1,S_L,gradient_tolerance,,raw_state_verified,run.py:numpy-batch
SI-pHiSD,0.00039810717055349735,0.002,2000000,10,-0.7015625000000001,1.2093749999999999,completed,0.06601892907198668,0.18404094175660524,9.998435514998331e-07,-1005.1363684137111,762.732899647827,27420,success_index1,S_L,gradient_tolerance,,raw_state_verified,run.py:numpy-batch
SI-pHiSD,0.00039810717055349735,0.002,2000000,125,-0.5234375,1.265625,completed,0.06601892928409954,0.18404094173120492,9.996499336384336e-07,-1005.1363682876041,762.7328999467948,27423,success_index1,S_L,gradient_tolerance,,raw_state_verified,run.py:numpy-batch
SI-pHiSD,0.00039810717055349735,0.002,2000000,77,-0.6734375,1.246875,completed,0.06601892907328095,0.18404094175641095,9.99696121756982e-07,-1005.1363684127818,762.7328996496858,27426,success_index1,S_L,gradient_tolerance,,raw_state_verified,run.py:numpy-batch
SI-pHiSD,0.00039810717055349735,0.002,2000000,178,-0.6265625,1.3031249999999999,completed,0.06601892907987733,0.1840409417558893,9.99375981552733e-07,-1005.1363684099514,762.732899658748,27426,success_index1,S_L,gradient_tolerance,,raw_state_verified,run.py:numpy-batch
SI-pHiSD,0.00039810717055349735,0.002,2000000,313,-0.5609375000000001,1.378125,completed,0.0660189290964994,0.18404094175531435,9.993660964773746e-07,-1005.1363684058283,762.7328996809352,27429,success_index1,S_L,gradient_tolerance,,raw_state_verified,run.py:numpy-batch
SI-pHiSD,0.00039810717055349735,0.002,2000000,279,-0.5796875,1.359375,completed,0.06601892909014995,0.18404094175550872,9.993226316272782e-07,-1005.1363684073006,762.7328996724822,27438,success_index1,S_L,gradient_tolerance,,raw_state_verified,run.py:numpy-batch
SI-pHiSD,0.00039810717055349735,0.002,2000000,144,-0.6453125000000001,1.284375,completed,0.06601892907546682,0.1840409417564448,9.997671786229829e-07,-1005.1363684126844,762.7328996525076,27439,success_index1,S_L,gradient_tolerance,,raw_state_verified,run.py:numpy-batch
SI-pHiSD,0.00039810717055349735,0.002,2000000,43,-0.6921875000000001,1.228125,completed,0.06601892906825166,0.18404094175654168,9.997292704859782e-07,-1005.1363684138535,762.7328996430108,27440,success_index1,S_L,gradient_tolerance,,raw_state_verified,run.py:numpy-batch
SI-pHiSD,0.00039810717055349735,0.002,2000000,414,-0.5140625000000001,1.434375,completed,0.06601892910894287,0.18404094175531652,9.998736644070552e-07,-1005.1363684045014,762.7328996971661,27448,success_index1,S_L,gradient_tolerance,,raw_state_verified,run.py:numpy-batch
SI-pHiSD,0.00039810717055349735,0.002,2000000,245,-0.5984375000000001,1.340625,completed,0.06601892908487628,0.18404094175589003,9.995021333898178e-07,-1005.136368409418,762.7328996652686,27449,success_index1,S_L,gradient_tolerance,,raw_state_verified,run.py:numpy-batch
SI-pHiSD,0.00039810717055349735,0.002,2000000,22,-0.5890625,1.2093749999999999,completed,0.06601892925773549,0.1840409417364719,9.993958695784927e-07,-1005.1363683118624,762.7328999077854,27451,success_index1,S_L,gradient_tolerance,,raw_state_verified,run.py:numpy-batch
SI-pHiSD,0.00039810717055349735,0.002,2000000,110,-0.6640625,1.265625,completed,0.06601892907021639,0.18404094175632657,9.99570243136361e-07,-1005.136368412767,762.7328996457624,27452,success_index1,S_L,gradient_tolerance,,raw_state_verified,run.py:numpy-batch
SI-pHiSD,0.00039810717055349735,0.002,2000000,91,-0.5421875,1.246875,completed,0.06601892928732213,0.18404094173076396,9.99886840663905e-07,-1005.1363682854641,762.732899951385,27458,success_index1,S_L,gradient_tolerance,,raw_state_verified,run.py:numpy-batch
SI-pHiSD,0.00039810717055349735,0.002,2000000,389,-0.7484375000000001,1.434375,completed,1.2161140389664722,4.849872103632102,21579673734.00694,2034735527.8769174,191162789375.54214,27459,state_safeguard,U,state_safeguard,source_norm2_gt_5,raw_state_verified,run.py:numpy-batch
SI-pHiSD,0.00039810717055349735,0.002,2000000,9,-0.7109375,1.2093749999999999,completed,0.06601892906568556,0.1840409417566986,9.998328847085073e-07,-1005.1363684147675,762.7328996395254,27459,success_index1,S_L,gradient_tolerance,,raw_state_verified,run.py:numpy-batch
SI-pHiSD,0.00039810717055349735,0.002,2000000,380,-0.5328125000000001,1.415625,completed,0.06601892910391616,0.18404094175551608,9.998286464249305e-07,-1005.136368405853,762.7328996904336,27459,success_index1,S_L,gradient_tolerance,,raw_state_verified,run.py:numpy-batch
SI-pHiSD,0.00039810717055349735,0.002,2000000,211,-0.6171875,1.321875,completed,0.06601892907982924,0.18404094175615754,9.996093784963417e-07,-1005.1363684110477,762.7328996584504,27461,success_index1,S_L,gradient_tolerance,,raw_state_verified,run.py:numpy-batch
SI-pHiSD,0.00039810717055349735,0.002,2000000,76,-0.6828125,1.246875,completed,0.06601892906582606,0.18404094175622515,9.994190823909808e-07,-1005.1363684128257,762.732899640124,27467,success_index1,S_L,gradient_tolerance,,raw_state_verified,run.py:numpy-batch
SI-pHiSD,0.00039810717055349735,0.002,2000000,346,-0.5515625000000001,1.3968749999999999,completed,0.06601892909705298,0.18404094175583657,9.998405671760918e-07,-1005.1363684078934,762.7328996811999,27467,success_index1,S_L,gradient_tolerance,,raw_state_verified,run.py:numpy-batch
SI-pHiSD,0.00039810717055349735,0.002,2000000,177,-0.6359375,1.3031249999999999,completed,0.06601892907450556,0.18404094175624447,9.995731415896794e-07,-1005.1363684119725,762.7328996514294,27473,success_index1,S_L,gradient_tolerance,,raw_state_verified,run.py:numpy-batch
SI-pHiSD,0.00039810717055349735,0.002,2000000,312,-0.5703125,1.378125,completed,0.06601892909170856,0.18404094175618035,9.999573706748598e-07,-1005.1363684098658,762.7328996739268,27478,success_index1,S_L,gradient_tolerance,,raw_state_verified,run.py:numpy-batch
SI-pHiSD,0.00039810717055349735,0.002,2000000,42,-0.7015625000000001,1.228125,completed,0.06601892906270775,0.18404094175660368,9.997162287986158e-07,-1005.1363684147002,762.7328996357243,27484,success_index1,S_L,gradient_tolerance,,raw_state_verified,run.py:numpy-batch
SI-pHiSD,0.00039810717055349735,0.002,2000000,143,-0.6546875000000001,1.284375,completed,0.06601892906940927,0.18404094175619945,9.994462449974007e-07,-1005.1363684123368,762.7328996448209,27486,success_index1,S_L,gradient_tolerance,,raw_state_verified,run.py:numpy-batch
SI-pHiSD,0.00039810717055349735,0.002,2000000,278,-0.5890625,1.359375,completed,0.06601892908583208,0.1840409417560806,9.996946812943274e-07,-1005.1363684100901,762.7328996663487,27489,success_index1,S_L,gradient_tolerance,,raw_state_verified,run.py:numpy-batch
SI-pHiSD,0.00039810717055349735,0.002,2000000,447,-0.5046875000000001,1.453125,completed,0.06601892911007838,0.184040941754786,9.994656608179171e-07,-1005.1363684022213,762.7328996991123,27490,success_index1,S_L,gradient_tolerance,,raw_state_verified,run.py:numpy-batch
SI-pHiSD,0.00039810717055349735,0.002,2000000,57,-0.5609375000000001,1.228125,completed,0.06601892929177047,0.1840409417290102,9.99303377157909e-07,-1005.1363682778513,762.7328999587256,27499,success_index1,S_L,gradient_tolerance,,raw_state_verified,run.py:numpy-batch
SI-pHiSD,0.00039810717055349735,0.002,2000000,8,-0.7203125,1.2093749999999999,completed,0.0660189290584327,0.18404094175664798,9.99719106485465e-07,-1005.1363684153397,762.7328996301088,27500,success_index1,S_L,gradient_tolerance,,raw_state_verified,run.py:numpy-batch
SI-pHiSD,0.00039810717055349735,0.002,2000000,413,-0.5234375,1.434375,completed,0.0660189291042802,0.1840409417552296,9.995950048643181e-07,-1005.1363684046479,762.7328996911602,27500,success_index1,S_L,gradient_tolerance,,raw_state_verified,run.py:numpy-batch
SI-pHiSD,0.00039810717055349735,0.002,2000000,244,-0.6078125000000001,1.340625,completed,0.06601892908047742,0.18404094175615532,9.996225754857338e-07,-1005.1363684109693,762.7328996592979,27501,success_index1,S_L,gradient_tolerance,,raw_state_verified,run.py:numpy-batch
SI-pHiSD,0.00039810717055349735,0.002,2000000,109,-0.6734375,1.265625,completed,0.06601892906571628,0.184040941756064,9.992762824113876e-07,-1005.1363684121824,762.7328996401219,27502,success_index1,S_L,gradient_tolerance,,raw_state_verified,run.py:numpy-batch
SI-pHiSD,0.00039810717055349735,0.002,2000000,379,-0.5421875,1.415625,completed,0.06601892909835956,0.1840409417551184,9.992637692036243e-07,-1005.1363684048314,762.7328996835339,27511,success_index1,S_L,gradient_tolerance,,raw_state_verified,run.py:numpy-batch
SI-pHiSD,0.00039810717055349735,0.002,2000000,210,-0.6265625,1.321875,completed,0.06601892907478878,0.18404094175651917,9.998190480539793e-07,-1005.1363684130603,762.732899651558,27512,success_index1,S_L,gradient_tolerance,,raw_state_verified,run.py:numpy-batch
SI-pHiSD,0.00039810717055349735,0.002,2000000,75,-0.6921875000000001,1.246875,completed,0.0660189290615181,0.18404094175682553,9.998997097566205e-07,-1005.1363684157312,762.7328996339776,27516,success_index1,S_L,gradient_tolerance,,raw_state_verified,run.py:numpy-batch
SI-pHiSD,0.00039810717055349735,0.002,2000000,345,-0.5609375000000001,1.3968749999999999,completed,0.06601892909394577,0.18404094175559352,9.995198937519283e-07,-1005.1363684072381,762.7328996773595,27524,success_index1,S_L,gradient_tolerance,,raw_state_verified,run.py:numpy-batch
SI-pHiSD,0.00039810717055349735,0.002,2000000,176,-0.6453125000000001,1.3031249999999999,completed,0.0660189290694109,0.18404094175619698,9.994441173877608e-07,-1005.1363684123264,762.732899644825,27525,success_index1,S_L,gradient_tolerance,,raw_state_verified,run.py:numpy-batch
SI-pHiSD,0.00039810717055349735,0.002,2000000,41,-0.7109375,1.228125,completed,0.06601892905600493,0.18404094175639985,9.994864736190389e-07,-1005.1363684145904,762.732899627159,27530,success_index1,S_L,gradient_tolerance,,raw_state_verified,run.py:numpy-batch
SI-pHiSD,0.00039810717055349735,0.002,2000000,311,-0.5796875,1.378125,completed,0.06601892908690626,0.1840409417557691,9.994529930617165e-07,-1005.136368408708,762.7328996680226,27533,success_index1,S_L,gradient_tolerance,,raw_state_verified,run.py:numpy-batch
SI-pHiSD,0.00039810717055349735,0.002,2000000,142,-0.6640625,1.284375,completed,0.06601892906449443,0.18404094175656038,9.996974352730536e-07,-1005.1363684143328,762.7328996380928,27538,success_index1,S_L,gradient_tolerance,,raw_state_verified,run.py:numpy-batch
SI-pHiSD,0.00039810717055349735,0.002,2000000,23,-0.5796875,1.2093749999999999,completed,0.06601892929600886,0.1840409417286163,9.997953244694675e-07,-1005.1363682757935,762.7328999645999,27539,success_index1,S_L,gradient_tolerance,,raw_state_verified,run.py:numpy-batch
SI-pHiSD,0.00039810717055349735,0.002,2000000,126,-0.5140625000000001,1.265625,completed,0.0660189293318706,0.1840409417186864,9.9930570160157e-07,-1005.1363682315445,762.7329000200865,27545,success_index1,S_L,gradient_tolerance,,raw_state_verified,run.py:numpy-batch
SI-pHiSD,0.00039810717055349735,0.002,2000000,277,-0.5984375000000001,1.359375,completed,0.06601892908166786,0.18404094175620483,9.99694568610008e-07,-1005.1363684110429,762.7328996608071,27545,success_index1,S_L,gradient_tolerance,,raw_state_verified,run.py:numpy-batch
SI-pHiSD,0.00039810717055349735,0.002,2000000,7,-0.7296875,1.2093749999999999,completed,0.0660189290521857,0.18404094175686112,9.998789489942052e-07,-1005.1363684168775,762.7328996217723,27546,success_index1,S_L,gradient_tolerance,,raw_state_verified,run.py:numpy-batch
SI-pHiSD,0.00039810717055349735,0.002,2000000,446,-0.5140625000000001,1.453125,completed,0.0660189291066177,0.18404094175536134,9.998091980471334e-07,-1005.1363684049339,762.732899694093,27546,success_index1,S_L,gradient_tolerance,,raw_state_verified,run.py:numpy-batch
SI-pHiSD,0.00039810717055349735,0.002,2000000,108,-0.6828125,1.265625,completed,0.0660189290595609,0.18404094175636412,9.9947776444647e-07,-1005.1363684140637,762.7328996318291,27552,success_index1,S_L,gradient_tolerance,,raw_state_verified,run.py:numpy-batch
SI-pHiSD,0.00039810717055349735,0.002,2000000,243,-0.6171875,1.340625,completed,0.06601892907608754,0.18404094175635638,9.997021893414751e-07,-1005.1363684122582,762.7328996533952,27557,success_index1,S_L,gradient_tolerance,,raw_state_verified,run.py:numpy-batch
SI-pHiSD,0.00039810717055349735,0.002,2000000,412,-0.5328125000000001,1.434375,completed,0.06601892910088789,0.18404094175538221,9.995900991661488e-07,-1005.1363684056333,762.7328996866007,27558,success_index1,S_L,gradient_tolerance,,raw_state_verified,run.py:numpy-batch
SI-pHiSD,0.00039810717055349735,0.002,2000000,74,-0.7015625000000001,1.246875,completed,0.06601892905509005,0.1840409417568752,9.999004392583617e-07,-1005.1363684166229,762.7328996255491,27566,success_index1,S_L,gradient_tolerance,,raw_state_verified,run.py:numpy-batch
SI-pHiSD,0.00039810717055349735,0.002,2000000,209,-0.6359375,1.321875,completed,0.06601892907021197,0.18404094175625305,9.99505726304861e-07,-1005.1363684124688,762.7328996458207,27569,success_index1,S_L,gradient_tolerance,,raw_state_verified,run.py:numpy-batch
SI-pHiSD,0.00039810717055349735,0.002,2000000,378,-0.5515625000000001,1.415625,completed,0.0660189290948056,0.18404094175573557,9.99673116969891e-07,-1005.1363684077237,762.7328996783566,27569,success_index1,S_L,gradient_tolerance,,raw_state_verified,run.py:numpy-batch
SI-pHiSD,0.00039810717055349735,0.002,2000000,344,-0.5703125,1.3968749999999999,completed,0.0660189290885183,0.1840409417559509,9.99658646955664e-07,-1005.1363684092744,762.7328996699664,27580,success_index1,S_L,gradient_tolerance,,raw_state_verified,run.py:numpy-batch
SI-pHiSD,0.00039810717055349735,0.002,2000000,40,-0.7203125,1.228125,completed,0.06601892905016622,0.1840409417564305,9.994969825491852e-07,-1005.1363684153422,762.7328996195159,27581,success_index1,S_L,gradient_tolerance,,raw_state_verified,run.py:numpy-batch
SI-pHiSD,0.00039810717055349735,0.002,2000000,175,-0.6546875000000001,1.3031249999999999,completed,0.06601892906476543,0.18404094175672253,9.998428743102714e-07,-1005.1363684149635,762.7328996383042,27581,success_index1,S_L,gradient_tolerance,,raw_state_verified,run.py:numpy-batch
SI-pHiSD,0.00039810717055349735,0.002,2000000,92,-0.5328125000000001,1.246875,completed,0.06601892933506348,0.18404094171778523,9.9930712049853e-07,-1005.1363682275356,762.7329000250419,27582,success_index1,S_L,gradient_tolerance,,raw_state_verified,run.py:numpy-batch
SI-pHiSD,0.00039810717055349735,0.002,2000000,288,-0.7953125000000001,1.378125,completed,1.2165579421780515,4.849750998541242,21615041687.581467,2037944500.0184243,191484950663.25903,27585,state_safeguard,U,state_safeguard,source_norm2_gt_5,raw_state_verified,run.py:numpy-batch
SI-pHiSD,0.00039810717055349735,0.002,2000000,310,-0.5890625,1.378125,completed,0.06601892908401871,0.1840409417563724,9.999006066433603e-07,-1005.1363684114722,762.7328996637272,27594,success_index1,S_L,gradient_tolerance,,raw_state_verified,run.py:numpy-batch
SI-pHiSD,0.00039810717055349735,0.002,2000000,141,-0.6734375,1.284375,completed,0.0660189290599702,0.18404094175673233,9.998045909791405e-07,-1005.136368415518,762.7328996320401,27595,success_index1,S_L,gradient_tolerance,,raw_state_verified,run.py:numpy-batch
SI-pHiSD,0.00039810717055349735,0.002,2000000,479,-0.5046875000000001,1.4718749999999998,completed,0.066018929109157,0.18404094175505364,9.996554328314751e-07,-1005.1363684034088,762.7328996976759,27595,success_index1,S_L,gradient_tolerance,,raw_state_verified,run.py:numpy-batch
SI-pHiSD,0.00039810717055349735,0.002,2000000,6,-0.7390625000000001,1.2093749999999999,completed,0.06601892904625173,0.18404094175669186,9.99730895365391e-07,-1005.1363684168256,762.73289961418,27597,success_index1,S_L,gradient_tolerance,,raw_state_verified,run.py:numpy-batch
SI-pHiSD,0.00039810717055349735,0.002,2000000,276,-0.6078125000000001,1.359375,completed,0.06601892907709181,0.1840409417566418,9.99972642392355e-07,-1005.1363684133116,762.7328996544549,27604,success_index1,S_L,gradient_tolerance,,raw_state_verified,run.py:numpy-batch
SI-pHiSD,0.00039810717055349735,0.002,2000000,445,-0.5234375,1.453125,completed,0.06601892910337821,0.18404094175567243,9.999422402561807e-07,-1005.1363684065468,762.7328996895952,27607,success_index1,S_L,gradient_tolerance,,raw_state_verified,run.py:numpy-batch
SI-pHiSD,0.00039810717055349735,0.002,2000000,107,-0.6921875000000001,1.265625,completed,0.06601892905572501,0.18404094175678723,9.998258895103794e-07,-1005.1363684161969,762.7328996264544,27610,success_index1,S_L,gradient_tolerance,,raw_state_verified,run.py:numpy-batch
SI-pHiSD,0.00039810717055349735,0.002,2000000,58,-0.5515625000000001,1.228125,completed,0.06601892933715622,0.18404094171722768,9.993393561609502e-07,-1005.1363682250428,762.7329000282604,27618,success_index1,S_L,gradient_tolerance,,raw_state_verified,run.py:numpy-batch
SI-pHiSD,0.00039810717055349735,0.002,2000000,242,-0.6265625,1.340625,completed,0.0660189290720587,0.18404094175595345,9.99273709515733e-07,-1005.1363684110516,762.7328996484924,27619,success_index1,S_L,gradient_tolerance,,raw_state_verified,run.py:numpy-batch
SI-pHiSD,0.00039810717055349735,0.002,2000000,411,-0.5421875,1.434375,completed,0.06601892909709198,0.18404094175584637,9.99850513199806e-07,-1005.1363684079294,762.7328996812421,27619,success_index1,S_L,gradient_tolerance,,raw_state_verified,run.py:numpy-batch
SI-pHiSD,0.00039810717055349735,0.002,2000000,73,-0.7109375,1.246875,completed,0.06601892905039623,0.18404094175643732,9.995031651154873e-07,-1005.136368415345,762.7328996198097,27624,success_index1,S_L,gradient_tolerance,,raw_state_verified,run.py:numpy-batch
SI-pHiSD,0.00039810717055349735,0.002,2000000,208,-0.6453125000000001,1.321875,completed,0.06601892906569073,0.1840409417568794,9.999916034784723e-07,-1005.1363684155025,762.7328996393735,27629,success_index1,S_L,gradient_tolerance,,raw_state_verified,run.py:numpy-batch
SI-pHiSD,0.00039810717055349735,0.002,2000000,377,-0.5609375000000001,1.415625,completed,0.06601892909066553,0.18404094175590863,9.996873918832904e-07,-1005.136368408872,762.7328996728041,27631,success_index1,S_L,gradient_tolerance,,raw_state_verified,run.py:numpy-batch
SI-pHiSD,0.00039810717055349735,0.002,2000000,39,-0.7296875,1.228125,completed,0.06601892904569713,0.18404094175614888,9.99253495030655e-07,-1005.1363684146756,762.7328996139329,27639,success_index1,S_L,gradient_tolerance,,raw_state_verified,run.py:numpy-batch
SI-pHiSD,0.00039810717055349735,0.002,2000000,174,-0.6640625,1.3031249999999999,completed,0.06601892906016318,0.1840409417562608,9.993917383423227e-07,-1005.1363684135787,762.7328996327055,27643,success_index1,S_L,gradient_tolerance,,raw_state_verified,run.py:numpy-batch
SI-pHiSD,0.00039810717055349735,0.002,2000000,343,-0.5796875,1.3968749999999999,completed,0.06601892908446957,0.18404094175568028,9.993080717264877e-07,-1005.1363684086082,762.7328996649217,27644,success_index1,S_L,gradient_tolerance,,raw_state_verified,run.py:numpy-batch
SI-pHiSD,0.00039810717055349735,0.002,2000000,5,-0.7484375000000001,1.2093749999999999,completed,0.06601892904062308,0.18404094175687935,9.999220468875926e-07,-1005.1363684181925,762.7328996066734,27652,success_index1,S_L,gradient_tolerance,,raw_state_verified,run.py:numpy-batch
SI-pHiSD,0.00039810717055349735,0.002,2000000,140,-0.6828125,1.284375,completed,0.06601892905540166,0.1840409417564911,9.995638632700462e-07,-1005.1363684150268,762.732899626292,27657,success_index1,S_L,gradient_tolerance,,raw_state_verified,run.py:numpy-batch
SI-pHiSD,0.00039810717055349735,0.002,2000000,309,-0.5984375000000001,1.378125,completed,0.06601892907969019,0.18404094175635927,9.99782566737933e-07,-1005.1363684118833,762.732899658092,27658,success_index1,S_L,gradient_tolerance,,raw_state_verified,run.py:numpy-batch
SI-pHiSD,0.00039810717055349735,0.002,2000000,24,-0.5703125,1.2093749999999999,completed,0.06601892934079112,0.1840409417163617,9.99485574232776e-07,-1005.136368221129,762.7329000337617,27659,success_index1,S_L,gradient_tolerance,,raw_state_verified,run.py:numpy-batch
SI-pHiSD,0.00039810717055349735,0.002,2000000,478,-0.5140625000000001,1.4718749999999998,completed,0.06601892910592151,0.1840409417547393,9.992390857772045e-07,-1005.1363684024773,762.7328996937307,27660,success_index1,S_L,gradient_tolerance,,raw_state_verified,run.py:numpy-batch
SI-pHiSD,0.00039810717055349735,0.002,2000000,275,-0.6171875,1.359375,completed,0.06601892907299843,0.1840409417561646,9.994752440121593e-07,-1005.1363684118097,762.7328996495335,27670,success_index1,S_L,gradient_tolerance,,raw_state_verified,run.py:numpy-batch
SI-pHiSD,0.00039810717055349735,0.002,2000000,106,-0.7015625000000001,1.265625,completed,0.06601892905080674,0.18404094175688981,9.999021065327958e-07,-1005.1363684171421,762.7328996199486,27671,success_index1,S_L,gradient_tolerance,,raw_state_verified,run.py:numpy-batch
SI-pHiSD,0.00039810717055349735,0.002,2000000,444,-0.5328125000000001,1.453125,completed,0.06601892909899104,0.18404094175562732,9.99730185097625e-07,-1005.1363684068341,762.7328996839116,27671,success_index1,S_L,gradient_tolerance,,raw_state_verified,run.py:numpy-batch
SI-pHiSD,0.00039810717055349735,0.002,2000000,423,-0.7296875,1.453125,completed,1.215906149014164,4.849972626792528,21569640601.94583,2033834507.7004645,191071120381.25446,27677,state_safeguard,U,state_safeguard,source_norm2_gt_5,raw_state_verified,run.py:numpy-batch
SI-pHiSD,0.00039810717055349735,0.002,2000000,241,-0.6359375,1.340625,completed,0.06601892906697594,0.18404094175662994,9.99789127917466e-07,-1005.1363684143497,762.7328996412688,27682,success_index1,S_L,gradient_tolerance,,raw_state_verified,run.py:numpy-batch
SI-pHiSD,0.00039810717055349735,0.002,2000000,72,-0.7203125,1.246875,completed,0.06601892904572358,0.18404094175615074,9.992550913614253e-07,-1005.1363684146806,762.7328996139656,27686,success_index1,S_L,gradient_tolerance,,raw_state_verified,run.py:numpy-batch
SI-pHiSD,0.00039810717055349735,0.002,2000000,410,-0.5515625000000001,1.434375,completed,0.06601892909356048,0.18404094175579921,9.996860870726504e-07,-1005.1363684081164,762.7328996766768,27686,success_index1,S_L,gradient_tolerance,,raw_state_verified,run.py:numpy-batch
SI-pHiSD,0.00039810717055349735,0.002,2000000,207,-0.6546875000000001,1.321875,completed,0.06601892906128791,0.1840409417562137,9.99360063065188e-07,-1005.1363684132662,762.7328996342143,27696,success_index1,S_L,gradient_tolerance,,raw_state_verified,run.py:numpy-batch
SI-pHiSD,0.00039810717055349735,0.002,2000000,322,-0.7765625,1.3968749999999999,completed,1.2164584786346109,4.849827771558461,21614501959.480396,2037906113.603709,191479715164.19165,27697,state_safeguard,U,state_safeguard,source_norm2_gt_5,raw_state_verified,run.py:numpy-batch
SI-pHiSD,0.00039810717055349735,0.002,2000000,376,-0.5703125,1.415625,completed,0.06601892908690628,0.18404094175574678,9.994335048641082e-07,-1005.1363684086172,762.7328996680424,27699,success_index1,S_L,gradient_tolerance,,raw_state_verified,run.py:numpy-batch
SI-pHiSD,0.00039810717055349735,0.002,2000000,38,-0.7390625000000001,1.228125,completed,0.06601892904115166,0.18404094175659655,9.996689053802688e-07,-1005.1363684169852,762.7328996076105,27700,success_index1,S_L,gradient_tolerance,,raw_state_verified,run.py:numpy-batch
SI-pHiSD,0.00039810717055349735,0.002,2000000,490,-0.7015625000000001,1.4906249999999999,completed,1.2152626064921646,4.850066808255582,21506442688.79908,2028082680.6826446,190496022904.9475,27709,state_safeguard,U,state_safeguard,source_norm2_gt_5,raw_state_verified,run.py:numpy-batch
SI-pHiSD,0.00039810717055349735,0.002,2000000,173,-0.6734375,1.3031249999999999,completed,0.0660189290562038,0.1840409417563901,9.994789013367167e-07,-1005.1363684145296,762.7328996274273,27710,success_index1,S_L,gradient_tolerance,,raw_state_verified,run.py:numpy-batch
SI-pHiSD,0.00039810717055349735,0.002,2000000,511,-0.5046875000000001,1.4906249999999999,completed,0.06601892910748876,0.1840409417549175,9.994623279023835e-07,-1005.136368403034,762.732899695619,27711,success_index1,S_L,gradient_tolerance,,raw_state_verified,run.py:numpy-batch
SI-pHiSD,0.00039810717055349735,0.002,2000000,342,-0.5890625,1.3968749999999999,completed,0.0660189290807054,0.18404094175620211,9.996689214168225e-07,-1005.136368411135,762.7328996595542,27712,success_index1,S_L,gradient_tolerance,,raw_state_verified,run.py:numpy-batch
SI-pHiSD,0.00039810717055349735,0.002,2000000,4,-0.7578125,1.2093749999999999,completed,0.06601892903605511,0.1840409417565387,9.996595523251897e-07,-1005.1363684172965,762.7328996010132,27714,success_index1,S_L,gradient_tolerance,,raw_state_verified,run.py:numpy-batch
SI-pHiSD,0.00039810717055349735,0.002,2000000,139,-0.6921875000000001,1.284375,completed,0.06601892905103618,0.1840409417569689,9.999720166488532e-07,-1005.1363684174391,762.7328996201786,27723,success_index1,S_L,gradient_tolerance,,raw_state_verified,run.py:numpy-batch
SI-pHiSD,0.00039810717055349735,0.002,2000000,127,-0.5046875000000001,1.265625,completed,0.06601892939463284,0.1840409416993011,9.998243138832103e-07,-1005.1363681459387,762.7329001189546,27726,success_index1,S_L,gradient_tolerance,,raw_state_verified,run.py:numpy-batch
SI-pHiSD,0.00039810717055349735,0.002,2000000,477,-0.5234375,1.4718749999999998,completed,0.06601892910138599,0.18404094175525848,9.995021772819646e-07,-1005.1363684050768,762.7328996873588,27726,success_index1,S_L,gradient_tolerance,,raw_state_verified,run.py:numpy-batch
SI-pHiSD,0.00039810717055349735,0.002,2000000,308,-0.6078125000000001,1.378125,completed,0.06601892907554185,0.18404094175585592,9.992531590042618e-07,-1005.1363684102805,762.7328996531221,27728,success_index1,S_L,gradient_tolerance,,raw_state_verified,run.py:numpy-batch
SI-pHiSD,0.00039810717055349735,0.002,2000000,105,-0.7109375,1.265625,completed,0.0660189290452882,0.18404094175679778,9.99826975776063e-07,-1005.1363684173598,762.7328996128305,27736,success_index1,S_L,gradient_tolerance,,raw_state_verified,run.py:numpy-batch
SI-pHiSD,0.00039810717055349735,0.002,2000000,274,-0.6265625,1.359375,completed,0.06601892906939139,0.18404094175680252,9.999747557139693e-07,-1005.1363684147922,762.7328996442686,27740,success_index1,S_L,gradient_tolerance,,raw_state_verified,run.py:numpy-batch
SI-pHiSD,0.00039810717055349735,0.002,2000000,443,-0.5421875,1.453125,completed,0.06601892909510171,0.1840409417554244,9.994124499655359e-07,-1005.1363684064261,762.7328996790154,27741,success_index1,S_L,gradient_tolerance,,raw_state_verified,run.py:numpy-batch
SI-pHiSD,0.00039810717055349735,0.002,2000000,71,-0.7296875,1.246875,completed,0.06601892903976017,0.18404094175612495,9.992618829695225e-07,-1005.1363684152155,762.7328996062093,27750,success_index1,S_L,gradient_tolerance,,raw_state_verified,run.py:numpy-batch
SI-pHiSD,0.00039810717055349735,0.002,2000000,240,-0.6453125000000001,1.340625,completed,0.06601892906362919,0.18404094175679128,9.998905632060483e-07,-1005.136368415365,762.7328996367617,27754,success_index1,S_L,gradient_tolerance,,raw_state_verified,run.py:numpy-batch
SI-pHiSD,0.00039810717055349735,0.002,2000000,409,-0.5609375000000001,1.434375,completed,0.06601892908896291,0.18404094175569916,9.994523851656761e-07,-1005.1363684082028,762.732899670767,27756,success_index1,S_L,gradient_tolerance,,raw_state_verified,run.py:numpy-batch
SI-pHiSD,0.00039810717055349735,0.002,2000000,93,-0.5234375,1.246875,completed,0.06601892939504804,0.18404094169895305,9.996733006187157e-07,-1005.1363681444782,762.7329001198017,27757,success_index1,S_L,gradient_tolerance,,raw_state_verified,run.py:numpy-batch
SI-pHiSD,0.00039810717055349735,0.002,2000000,37,-0.7484375000000001,1.228125,completed,0.06601892903494926,0.18404094175622276,9.993918687993336e-07,-1005.1363684161297,762.7328995998478,27764,success_index1,S_L,gradient_tolerance,,raw_state_verified,run.py:numpy-batch
SI-pHiSD,0.00039810717055349735,0.002,2000000,206,-0.6640625,1.321875,completed,0.06601892905854641,0.18404094175673627,9.99797472545447e-07,-1005.1363684156869,762.7328996301796,27769,success_index1,S_L,gradient_tolerance,,raw_state_verified,run.py:numpy-batch
SI-pHiSD,0.00039810717055349735,0.002,2000000,375,-0.5796875,1.415625,completed,0.06601892908315343,0.18404094175625574,9.997762444988456e-07,-1005.1363684110909,762.7328996627003,27771,success_index1,S_L,gradient_tolerance,,raw_state_verified,run.py:numpy-batch
SI-pHiSD,0.00039810717055349735,0.002,2000000,3,-0.7671875,1.2093749999999999,completed,0.06601892903050832,0.1840409417560653,9.993082680868825e-07,-1005.1363684159662,762.7328995941926,27779,success_index1,S_L,gradient_tolerance,,raw_state_verified,run.py:numpy-batch
SI-pHiSD,0.00039810717055349735,0.002,2000000,172,-0.6828125,1.3031249999999999,completed,0.06601892905149256,0.18404094175622066,9.993136736631815e-07,-1005.1363684143462,762.73289962143,27781,success_index1,S_L,gradient_tolerance,,raw_state_verified,run.py:numpy-batch
SI-pHiSD,0.00039810717055349735,0.002,2000000,510,-0.5140625000000001,1.4906249999999999,completed,0.06601892910438314,0.18404094175530053,9.99660902575559e-07,-1005.136368404926,762.7328996912319,27783,success_index1,S_L,gradient_tolerance,,raw_state_verified,run.py:numpy-batch
SI-pHiSD,0.00039810717055349735,0.002,2000000,59,-0.5421875,1.228125,completed,0.06601892939484828,0.1840409416989094,9.99585422307545e-07,-1005.1363681443215,762.7329001195795,27788,success_index1,S_L,gradient_tolerance,,raw_state_verified,run.py:numpy-batch
SI-pHiSD,0.00039810717055349735,0.002,2000000,341,-0.5984375000000001,1.3968749999999999,completed,0.06601892907779935,0.1840409417559486,9.9938123464342e-07,-1005.1363684104153,762.7328996559854,27788,success_index1,S_L,gradient_tolerance,,raw_state_verified,run.py:numpy-batch
SI-pHiSD,0.00039810717055349735,0.002,2000000,138,-0.7015625000000001,1.284375,completed,0.06601892904597696,0.18404094175660704,9.996567970357713e-07,-1005.1363684165098,762.7328996138964,27794,success_index1,S_L,gradient_tolerance,,raw_state_verified,run.py:numpy-batch
SI-pHiSD,0.00039810717055349735,0.002,2000000,476,-0.5328125000000001,1.4718749999999998,completed,0.0660189290983469,0.1840409417556854,9.99756507079615e-07,-1005.1363684071393,762.7328996830206,27800,success_index1,S_L,gradient_tolerance,,raw_state_verified,run.py:numpy-batch
SI-pHiSD,0.00039810717055349735,0.002,2000000,307,-0.6171875,1.378125,completed,0.06601892907084163,0.18404094175617516,9.994475656675765e-07,-1005.1363684120843,762.7328996467105,27801,success_index1,S_L,gradient_tolerance,,raw_state_verified,run.py:numpy-batch
SI-pHiSD,0.00039810717055349735,0.002,2000000,104,-0.7203125,1.265625,completed,0.06601892904058174,0.18404094175630212,9.994126727985858e-07,-1005.1363684158483,762.7328996071252,27808,success_index1,S_L,gradient_tolerance,,raw_state_verified,run.py:numpy-batch
SI-pHiSD,0.00039810717055349735,0.002,2000000,273,-0.6359375,1.359375,completed,0.06601892906484302,0.18404094175663005,9.997625804551099e-07,-1005.136368414579,762.7328996384865,27815,success_index1,S_L,gradient_tolerance,,raw_state_verified,run.py:numpy-batch
SI-pHiSD,0.00039810717055349735,0.002,2000000,442,-0.5515625000000001,1.453125,completed,0.06601892909244515,0.18404094175554522,9.994277707261332e-07,-1005.1363684072029,762.7328996754445,27818,success_index1,S_L,gradient_tolerance,,raw_state_verified,run.py:numpy-batch
SI-pHiSD,0.00039810717055349735,0.002,2000000,70,-0.7390625000000001,1.246875,completed,0.06601892903544554,0.18404094175669536,9.998043165358753e-07,-1005.1363684179994,762.7328996000807,27821,success_index1,S_L,gradient_tolerance,,raw_state_verified,run.py:numpy-batch
SI-pHiSD,0.00039810717055349735,0.002,2000000,25,-0.5609375000000001,1.2093749999999999,completed,0.06601892939653312,0.18404094169872554,9.999080290813122e-07,-1005.136368143393,762.7329001219383,27824,success_index1,S_L,gradient_tolerance,,raw_state_verified,run.py:numpy-batch
SI-pHiSD,0.00039810717055349735,0.002,2000000,239,-0.6546875000000001,1.340625,completed,0.06601892905940608,0.1840409417568767,9.999271221211662e-07,-1005.1363684161659,762.7328996311778,27830,success_index1,S_L,gradient_tolerance,,raw_state_verified,run.py:numpy-batch
SI-pHiSD,0.00039810717055349735,0.002,2000000,408,-0.5703125,1.434375,completed,0.06601892908539439,0.18404094175583668,9.994696547496656e-07,-1005.1363684091452,762.7328996659915,27833,success_index1,S_L,gradient_tolerance,,raw_state_verified,run.py:numpy-batch
SI-pHiSD,0.00039810717055349735,0.002,2000000,36,-0.7578125,1.228125,completed,0.06601892903131772,0.1840409417568149,9.999603054716197e-07,-1005.1363684189287,762.7328995945913,27836,success_index1,S_L,gradient_tolerance,,raw_state_verified,run.py:numpy-batch
SI-pHiSD,0.00039810717055349735,0.002,2000000,205,-0.6734375,1.321875,completed,0.06601892905301239,0.18404094175639688,9.99472198205152e-07,-1005.1363684148996,762.7328996232583,27844,success_index1,S_L,gradient_tolerance,,raw_state_verified,run.py:numpy-batch
SI-pHiSD,0.00039810717055349735,0.002,2000000,2,-0.7765625,1.2093749999999999,completed,0.06601892902558454,0.18404094175621755,9.99522312564345e-07,-1005.1363684171135,762.732899587636,27849,success_index1,S_L,gradient_tolerance,,raw_state_verified,run.py:numpy-batch
SI-pHiSD,0.00039810717055349735,0.002,2000000,374,-0.5890625,1.415625,completed,0.06601892908017179,0.18404094175614286,9.996045343314303e-07,-1005.1363684109511,762.7328996589099,27851,success_index1,S_L,gradient_tolerance,,raw_state_verified,run.py:numpy-batch
SI-pHiSD,0.00039810717055349735,0.002,2000000,171,-0.6921875000000001,1.3031249999999999,completed,0.06601892904731467,0.18404094175640956,9.994799133201484e-07,-1005.1363684155627,762.7328996158143,27858,success_index1,S_L,gradient_tolerance,,raw_state_verified,run.py:numpy-batch
SI-pHiSD,0.00039810717055349735,0.002,2000000,509,-0.5234375,1.4906249999999999,completed,0.06601892910093463,0.1840409417554711,9.996691714810067e-07,-1005.13636840599,762.7328996865837,27860,success_index1,S_L,gradient_tolerance,,raw_state_verified,run.py:numpy-batch
SI-pHiSD,0.00039810717055349735,0.002,2000000,356,-0.7578125,1.415625,completed,1.2162744182461724,4.849855203167245,21596439897.13521,2036262482.405697,191315335577.61987,27864,state_safeguard,U,state_safeguard,source_norm2_gt_5,raw_state_verified,run.py:numpy-batch
SI-pHiSD,0.00039810717055349735,0.002,2000000,340,-0.6078125000000001,1.3968749999999999,completed,0.06601892907406841,0.1840409417564767,9.997682157786824e-07,-1005.1363684129644,762.7328996506556,27867,success_index1,S_L,gradient_tolerance,,raw_state_verified,run.py:numpy-batch
SI-pHiSD,0.00039810717055349735,0.002,2000000,137,-0.7109375,1.284375,completed,0.06601892904264545,0.18404094175665373,9.997108888576774e-07,-1005.1363684170574,762.7328996095091,27873,success_index1,S_L,gradient_tolerance,,raw_state_verified,run.py:numpy-batch
SI-pHiSD,0.00039810717055349735,0.002,2000000,475,-0.5421875,1.4718749999999998,completed,0.06601892909438824,0.18404094175541005,9.993752690948828e-07,-1005.136368406444,762.7328996780977,27879,success_index1,S_L,gradient_tolerance,,raw_state_verified,run.py:numpy-batch
SI-pHiSD,0.00039810717055349735,0.002,2000000,306,-0.6265625,1.378125,completed,0.06601892906710688,0.18404094175683497,9.999707693936286e-07,-1005.1363684151694,762.7328996412599,27881,success_index1,S_L,gradient_tolerance,,raw_state_verified,run.py:numpy-batch
SI-pHiSD,0.00039810717055349735,0.002,2000000,103,-0.7296875,1.265625,completed,0.0660189290369969,0.1840409417567505,9.998375353510893e-07,-1005.1363684180576,762.7328996020558,27886,success_index1,S_L,gradient_tolerance,,raw_state_verified,run.py:numpy-batch
SI-pHiSD,0.00039810717055349735,0.002,2000000,272,-0.6453125000000001,1.359375,completed,0.06601892906133029,0.18404094175639393,9.995187968322028e-07,-1005.1363684139951,762.7328996341113,27898,success_index1,S_L,gradient_tolerance,,raw_state_verified,run.py:numpy-batch
SI-pHiSD,0.00039810717055349735,0.002,2000000,441,-0.5609375000000001,1.453125,completed,0.0660189290883162,0.18404094175572142,9.994524323440724e-07,-1005.1363684083625,762.732899669904,27898,success_index1,S_L,gradient_tolerance,,raw_state_verified,run.py:numpy-batch
SI-pHiSD,0.00039810717055349735,0.002,2000000,69,-0.7484375000000001,1.246875,completed,0.06601892903210027,0.18404094175679633,9.999333401673896e-07,-1005.1363684187688,762.7328995956286,27900,success_index1,S_L,gradient_tolerance,,raw_state_verified,run.py:numpy-batch
SI-pHiSD,0.00039810717055349735,0.002,2000000,35,-0.7671875,1.228125,completed,0.06601892902676701,0.18404094175659053,9.998319606144672e-07,-1005.1363684185044,762.7328995888513,27913,success_index1,S_L,gradient_tolerance,,raw_state_verified,run.py:numpy-batch
SI-pHiSD,0.00039810717055349735,0.002,2000000,238,-0.6640625,1.340625,completed,0.06601892905512241,0.184040941756253,9.99353118424983e-07,-1005.1363684140881,762.7328996261365,27913,success_index1,S_L,gradient_tolerance,,raw_state_verified,run.py:numpy-batch
SI-pHiSD,0.00039810717055349735,0.002,2000000,407,-0.5796875,1.434375,completed,0.06601892908233317,0.18404094175594365,9.994827591279453e-07,-1005.136368409909,762.7328996619043,27917,success_index1,S_L,gradient_tolerance,,raw_state_verified,run.py:numpy-batch
SI-pHiSD,0.00039810717055349735,0.002,2000000,1,-0.7859375000000001,1.2093749999999999,completed,0.06601892902204393,0.18404094175619787,9.995732393914973e-07,-1005.1363684174139,762.7328995830344,27927,success_index1,S_L,gradient_tolerance,,raw_state_verified,run.py:numpy-batch
SI-pHiSD,0.00039810717055349735,0.002,2000000,204,-0.6828125,1.321875,completed,0.06601892904939631,0.18404094175694596,9.999509478720187e-07,-1005.1363684175218,762.7328996180594,27927,success_index1,S_L,gradient_tolerance,,raw_state_verified,run.py:numpy-batch
SI-pHiSD,0.00039810717055349735,0.002,2000000,373,-0.5984375000000001,1.415625,completed,0.06601892907677198,0.18404094175628075,9.99650053708657e-07,-1005.1363684118771,762.7328996543545,27936,success_index1,S_L,gradient_tolerance,,raw_state_verified,run.py:numpy-batch
SI-pHiSD,0.00039810717055349735,0.002,2000000,170,-0.7015625000000001,1.3031249999999999,completed,0.0660189290441896,0.18404094175661895,9.996731739636039e-07,-1005.1363684167503,762.7328996115541,27943,success_index1,S_L,gradient_tolerance,,raw_state_verified,run.py:numpy-batch
SI-pHiSD,0.00039810717055349735,0.002,2000000,508,-0.5328125000000001,1.4906249999999999,completed,0.0660189290976111,0.1840409417557127,9.99753133592149e-07,-1005.1363684073297,762.7328996820363,27943,success_index1,S_L,gradient_tolerance,,raw_state_verified,run.py:numpy-batch
SI-pHiSD,0.00039810717055349735,0.002,2000000,339,-0.6171875,1.3968749999999999,completed,0.06601892906957098,0.18404094175633293,9.995657256769631e-07,-1005.1363684128626,762.7328996449144,27952,success_index1,S_L,gradient_tolerance,,raw_state_verified,run.py:numpy-batch
SI-pHiSD,0.00039810717055349735,0.002,2000000,136,-0.7203125,1.284375,completed,0.0660189290377322,0.18404094175621302,9.993558768439736e-07,-1005.1363684157916,762.7328996034863,27956,success_index1,S_L,gradient_tolerance,,raw_state_verified,run.py:numpy-batch
SI-pHiSD,0.00039810717055349735,0.002,2000000,474,-0.5515625000000001,1.4718749999999998,completed,0.06601892909230116,0.18404094175541796,9.993121903345796e-07,-1005.1363684067003,762.7328996753685,27967,success_index1,S_L,gradient_tolerance,,raw_state_verified,run.py:numpy-batch
SI-pHiSD,0.00039810717055349735,0.002,2000000,305,-0.6359375,1.378125,completed,0.06601892906359952,0.18404094175677904,9.998794795317257e-07,-1005.1363684153183,762.7328996367338,27969,success_index1,S_L,gradient_tolerance,,raw_state_verified,run.py:numpy-batch
SI-pHiSD,0.00039810717055349735,0.002,2000000,102,-0.7390625000000001,1.265625,completed,0.06601892903236839,0.18404094175606375,9.99281810518141e-07,-1005.1363684157599,762.7328995966204,27970,success_index1,S_L,gradient_tolerance,,raw_state_verified,run.py:numpy-batch
SI-pHiSD,0.00039810717055349735,0.002,2000000,68,-0.7578125,1.246875,completed,0.06601892902754086,0.18404094175664676,9.998687256298667e-07,-1005.1363684186495,762.7328995898118,27983,success_index1,S_L,gradient_tolerance,,raw_state_verified,run.py:numpy-batch
SI-pHiSD,0.00039810717055349735,0.002,2000000,457,-0.7109375,1.4718749999999998,completed,1.2155961911903699,4.849996647989327,21536010692.86263,2030770144.440682,190765195436.91846,27985,state_safeguard,U,state_safeguard,source_norm2_gt_5,raw_state_verified,run.py:numpy-batch
SI-pHiSD,0.00039810717055349735,0.002,2000000,271,-0.6546875000000001,1.359375,completed,0.06601892905727254,0.18404094175639366,9.994880240485785e-07,-1005.1363684144294,762.7328996288185,27986,success_index1,S_L,gradient_tolerance,,raw_state_verified,run.py:numpy-batch
SI-pHiSD,0.00039810717055349735,0.002,2000000,440,-0.5703125,1.453125,completed,0.06601892908585626,0.18404094175608707,9.997010156309937e-07,-1005.1363684101143,762.7328996663741,27987,success_index1,S_L,gradient_tolerance,,raw_state_verified,run.py:numpy-batch
SI-pHiSD,0.00039810717055349735,0.002,2000000,34,-0.7765625,1.228125,completed,0.06601892902257431,0.18404094175601948,9.994042065942765e-07,-1005.1363684166311,762.7328995838828,27997,success_index1,S_L,gradient_tolerance,,raw_state_verified,run.py:numpy-batch
SI-pHiSD,0.00039810717055349735,0.002,2000000,237,-0.6734375,1.340625,completed,0.06601892905188675,0.18404094175656488,9.996174802553464e-07,-1005.1363684157038,762.7328996216423,28003,success_index1,S_L,gradient_tolerance,,raw_state_verified,run.py:numpy-batch
SI-pHiSD,0.00039810717055349735,0.002,2000000,406,-0.5890625,1.434375,completed,0.06601892907829426,0.18404094175582986,9.992881595071703e-07,-1005.1363684098792,762.7328996567354,28006,success_index1,S_L,gradient_tolerance,,raw_state_verified,run.py:numpy-batch
SI-pHiSD,0.00039810717055349735,0.002,2000000,0,-0.7953125000000001,1.2093749999999999,completed,0.0660189290169611,0.1840409417561705,9.99663693035918e-07,-1005.1363684178477,762.7328995764282,28008,success_index1,S_L,gradient_tolerance,,raw_state_verified,run.py:numpy-batch
SI-pHiSD,0.00039810717055349735,0.002,2000000,203,-0.6921875000000001,1.321875,completed,0.06601892904667986,0.1840409417563915,9.994651286361358e-07,-1005.1363684155575,762.732899615002,28020,success_index1,S_L,gradient_tolerance,,raw_state_verified,run.py:numpy-batch
SI-pHiSD,0.00039810717055349735,0.002,2000000,372,-0.6078125000000001,1.415625,completed,0.06601892907204318,0.18404094175601338,9.993259743182221e-07,-1005.1363684112973,762.7328996484193,28026,success_index1,S_L,gradient_tolerance,,raw_state_verified,run.py:numpy-batch
SI-pHiSD,0.00039810717055349735,0.002,2000000,94,-0.5140625000000001,1.246875,completed,0.06601892947891436,0.18404094166415982,9.999806500709207e-07,-1005.1363679939188,762.732900259708,28029,success_index1,S_L,gradient_tolerance,,raw_state_verified,run.py:numpy-batch
SI-pHiSD,0.00039810717055349735,0.002,2000000,169,-0.7109375,1.3031249999999999,completed,0.06601892904023374,0.18404094175625185,9.99370590924046e-07,-1005.1363684156811,762.7328996067157,28034,success_index1,S_L,gradient_tolerance,,raw_state_verified,run.py:numpy-batch
SI-pHiSD,0.00039810717055349735,0.002,2000000,507,-0.5421875,1.4906249999999999,completed,0.0660189290953194,0.18404094175554003,9.995207226753965e-07,-1005.136368406873,762.7328996791983,28035,success_index1,S_L,gradient_tolerance,,raw_state_verified,run.py:numpy-batch
SI-pHiSD,0.00039810717055349735,0.002,2000000,338,-0.6265625,1.3968749999999999,completed,0.06601892906666676,0.18404094175678098,9.999175719051422e-07,-1005.1363684149969,762.7328996407335,28046,success_index1,S_L,gradient_tolerance,,raw_state_verified,run.py:numpy-batch
SI-pHiSD,0.00039810717055349735,0.002,2000000,135,-0.7296875,1.284375,completed,0.0660189290346767,0.18404094175645053,9.995962105050194e-07,-1005.1363684170858,762.7328995992926,28048,success_index1,S_L,gradient_tolerance,,raw_state_verified,run.py:numpy-batch
SI-pHiSD,0.00039810717055349735,0.002,2000000,473,-0.5609375000000001,1.4718749999999998,completed,0.06601892908856619,0.1840409417559411,9.996514945064661e-07,-1005.1363684092297,762.7328996700376,28058,success_index1,S_L,gradient_tolerance,,raw_state_verified,run.py:numpy-batch
SI-pHiSD,0.00039810717055349735,0.002,2000000,101,-0.7484375000000001,1.265625,completed,0.06601892902976732,0.18404094175670452,9.998847844930469e-07,-1005.1363684186458,762.7328995926658,28062,success_index1,S_L,gradient_tolerance,,raw_state_verified,run.py:numpy-batch
SI-pHiSD,0.00039810717055349735,0.002,2000000,304,-0.6453125000000001,1.378125,completed,0.06601892906003104,0.1840409417561302,9.992758637771787e-07,-1005.1363684130612,762.7328996326478,28065,success_index1,S_L,gradient_tolerance,,raw_state_verified,run.py:numpy-batch
SI-pHiSD,0.00039810717055349735,0.002,2000000,67,-0.7671875,1.246875,completed,0.06601892902367812,0.18404094175638894,9.997098496085764e-07,-1005.1363684180153,762.7328995849989,28074,success_index1,S_L,gradient_tolerance,,raw_state_verified,run.py:numpy-batch
SI-pHiSD,0.00039810717055349735,0.002,2000000,439,-0.5796875,1.453125,completed,0.06601892908165828,0.18404094175589172,9.99420661528411e-07,-1005.1363684097696,762.7328996610694,28081,success_index1,S_L,gradient_tolerance,,raw_state_verified,run.py:numpy-batch
SI-pHiSD,0.00039810717055349735,0.002,2000000,270,-0.6640625,1.359375,completed,0.06601892905454707,0.18404094175627536,9.993704142686204e-07,-1005.1363684142408,762.7328996253665,28084,success_index1,S_L,gradient_tolerance,,raw_state_verified,run.py:numpy-batch
SI-pHiSD,0.00039810717055349735,0.002,2000000,33,-0.7859375000000001,1.228125,completed,0.06601892901774178,0.18404094175627012,9.997331692348882e-07,-1005.1363684181692,762.7328995773595,28085,success_index1,S_L,gradient_tolerance,,raw_state_verified,run.py:numpy-batch
SI-pHiSD,0.00039810717055349735,0.002,2000000,236,-0.6828125,1.340625,completed,0.06601892904793841,0.184040941756927,9.999351726503937e-07,-1005.1363684176011,762.7328996161744,28099,success_index1,S_L,gradient_tolerance,,raw_state_verified,run.py:numpy-batch
SI-pHiSD,0.00039810717055349735,0.002,2000000,405,-0.5984375000000001,1.434375,completed,0.06601892907527428,0.18404094175653793,9.998448937845158e-07,-1005.1363684130846,762.7328996521749,28103,success_index1,S_L,gradient_tolerance,,raw_state_verified,run.py:numpy-batch
SI-pHiSD,0.00039810717055349735,0.002,2000000,390,-0.7390625000000001,1.434375,completed,1.2160634567885478,4.849901258350256,21577930150.511692,2034580596.2817273,191146809103.39185,28111,state_safeguard,U,state_safeguard,source_norm2_gt_5,raw_state_verified,run.py:numpy-batch
SI-pHiSD,0.00039810717055349735,0.002,2000000,202,-0.7015625000000001,1.321875,completed,0.06601892904310117,0.18404094175640323,9.994875874388733e-07,-1005.1363684159893,762.7328996103237,28118,success_index1,S_L,gradient_tolerance,,raw_state_verified,run.py:numpy-batch
SI-pHiSD,0.00039810717055349735,0.002,2000000,371,-0.6171875,1.415625,completed,0.0660189290700628,0.18404094175609692,9.993664755898163e-07,-1005.1363684118498,762.732899645763,28128,success_index1,S_L,gradient_tolerance,,raw_state_verified,run.py:numpy-batch
SI-pHiSD,0.00039810717055349735,0.002,2000000,506,-0.5515625000000001,1.4906249999999999,completed,0.0660189290912581,0.1840409417559395,9.997330289815703e-07,-1005.1363684089345,762.7328996735499,28130,success_index1,S_L,gradient_tolerance,,raw_state_verified,run.py:numpy-batch
SI-pHiSD,0.00039810717055349735,0.002,2000000,168,-0.7203125,1.3031249999999999,completed,0.06601892903644015,0.18404094175691232,9.999859176906893e-07,-1005.1363684187755,762.7328996011879,28131,success_index1,S_L,gradient_tolerance,,raw_state_verified,run.py:numpy-batch
SI-pHiSD,0.00039810717055349735,0.002,2000000,134,-0.7390625000000001,1.284375,completed,0.06601892903035474,0.18404094175665395,9.99831416774092e-07,-1005.1363684183775,762.7328995934758,28145,success_index1,S_L,gradient_tolerance,,raw_state_verified,run.py:numpy-batch
SI-pHiSD,0.00039810717055349735,0.002,2000000,337,-0.6359375,1.3968749999999999,completed,0.06601892906322693,0.18404094175642008,9.995602863320618e-07,-1005.1363684138978,762.7328996365626,28148,success_index1,S_L,gradient_tolerance,,raw_state_verified,run.py:numpy-batch
SI-pHiSD,0.00039810717055349735,0.002,2000000,100,-0.7578125,1.265625,completed,0.06601892902458249,0.1840409417559697,9.993210614578878e-07,-1005.1363684162129,762.7328995865461,28159,success_index1,S_L,gradient_tolerance,,raw_state_verified,run.py:numpy-batch
SI-pHiSD,0.00039810717055349735,0.002,2000000,472,-0.5703125,1.4718749999999998,completed,0.06601892908590712,0.18404094175613103,9.99740773773843e-07,-1005.1363684102877,762.7328996664017,28159,success_index1,S_L,gradient_tolerance,,raw_state_verified,run.py:numpy-batch
SI-pHiSD,0.00039810717055349735,0.002,2000000,303,-0.6546875000000001,1.378125,completed,0.06601892905662637,0.18404094175630165,9.994033401954723e-07,-1005.1363684141245,762.7328996280561,28168,success_index1,S_L,gradient_tolerance,,raw_state_verified,run.py:numpy-batch
SI-pHiSD,0.00039810717055349735,0.002,2000000,66,-0.7765625,1.246875,completed,0.06601892901937637,0.18404094175642588,9.998332574429313e-07,-1005.1363684186276,762.7328995793548,28171,success_index1,S_L,gradient_tolerance,,raw_state_verified,run.py:numpy-batch
SI-pHiSD,0.00039810717055349735,0.002,2000000,438,-0.5890625,1.453125,completed,0.06601892907819085,0.1840409417563565,9.997465581038406e-07,-1005.136368412033,762.7328996561386,28183,success_index1,S_L,gradient_tolerance,,raw_state_verified,run.py:numpy-batch
SI-pHiSD,0.00039810717055349735,0.002,2000000,32,-0.7953125000000001,1.228125,completed,0.06601892901468379,0.18404094175603508,9.99601133131465e-07,-1005.1363684175409,762.7328995735762,28184,success_index1,S_L,gradient_tolerance,,raw_state_verified,run.py:numpy-batch
SI-pHiSD,0.00039810717055349735,0.002,2000000,269,-0.6734375,1.359375,completed,0.06601892905069448,0.184040941756797,9.998202174347423e-07,-1005.1363684167767,762.7328996198835,28187,success_index1,S_L,gradient_tolerance,,raw_state_verified,run.py:numpy-batch
SI-pHiSD,0.00039810717055349735,0.002,2000000,235,-0.6921875000000001,1.340625,completed,0.06601892904537379,0.18404094175651614,9.995783390635855e-07,-1005.1363684162051,762.7328996131888,28207,success_index1,S_L,gradient_tolerance,,raw_state_verified,run.py:numpy-batch
SI-pHiSD,0.00039810717055349735,0.002,2000000,404,-0.6078125000000001,1.434375,completed,0.06601892907216327,0.18404094175605493,9.993644577487674e-07,-1005.1363684114534,762.73289964854,28210,success_index1,S_L,gradient_tolerance,,raw_state_verified,run.py:numpy-batch
SI-pHiSD,0.00039810717055349735,0.002,2000000,201,-0.7109375,1.321875,completed,0.06601892903853095,0.18404094175617727,9.993175225359575e-07,-1005.1363684155601,762.7328996045599,28223,success_index1,S_L,gradient_tolerance,,raw_state_verified,run.py:numpy-batch
SI-pHiSD,0.00039810717055349735,0.002,2000000,370,-0.6265625,1.415625,completed,0.06601892906665621,0.18404094175625316,9.994543418526555e-07,-1005.1363684128507,762.732899641182,28236,success_index1,S_L,gradient_tolerance,,raw_state_verified,run.py:numpy-batch
SI-pHiSD,0.00039810717055349735,0.002,2000000,505,-0.5609375000000001,1.4906249999999999,completed,0.06601892908810467,0.18404094175554983,9.992964710346556e-07,-1005.1363684076872,762.7328996697784,28236,success_index1,S_L,gradient_tolerance,,raw_state_verified,run.py:numpy-batch
SI-pHiSD,0.00039810717055349735,0.002,2000000,167,-0.7296875,1.3031249999999999,completed,0.06601892903297683,0.1840409417563496,9.995269996857644e-07,-1005.136368416858,762.7328995971633,28239,success_index1,S_L,gradient_tolerance,,raw_state_verified,run.py:numpy-batch
SI-pHiSD,0.00039810717055349735,0.002,2000000,133,-0.7484375000000001,1.284375,completed,0.06601892902680381,0.18404094175675537,9.999773015823878e-07,-1005.1363684191708,762.7328995887549,28252,success_index1,S_L,gradient_tolerance,,raw_state_verified,run.py:numpy-batch
SI-pHiSD,0.00039810717055349735,0.002,2000000,336,-0.6453125000000001,1.3968749999999999,completed,0.0660189290592941,0.18404094175611915,9.992603832080312e-07,-1005.136368413096,762.7328996316957,28258,success_index1,S_L,gradient_tolerance,,raw_state_verified,run.py:numpy-batch
SI-pHiSD,0.00039810717055349735,0.002,2000000,99,-0.7671875,1.265625,completed,0.06601892902105475,0.18404094175599375,9.99412978012645e-07,-1005.136368416689,762.7328995819233,28266,success_index1,S_L,gradient_tolerance,,raw_state_verified,run.py:numpy-batch
SI-pHiSD,0.00039810717055349735,0.002,2000000,471,-0.5796875,1.4718749999999998,completed,0.06601892908179083,0.18404094175632077,9.997988291047871e-07,-1005.1363684115015,762.732899660866,28266,success_index1,S_L,gradient_tolerance,,raw_state_verified,run.py:numpy-batch
SI-pHiSD,0.00039810717055349735,0.002,2000000,65,-0.7859375000000001,1.246875,completed,0.06601892901605219,0.18404094175644578,9.999306067588841e-07,-1005.1363684190654,762.7328995750014,28278,success_index1,S_L,gradient_tolerance,,raw_state_verified,run.py:numpy-batch
SI-pHiSD,0.00039810717055349735,0.002,2000000,302,-0.6640625,1.378125,completed,0.06601892905296809,0.18404094175626862,9.993591477528307e-07,-1005.1363684143829,762.7328996233123,28280,success_index1,S_L,gradient_tolerance,,raw_state_verified,run.py:numpy-batch
SI-pHiSD,0.00039810717055349735,0.002,2000000,437,-0.5984375000000001,1.453125,completed,0.06601892907520977,0.18404094175621666,9.995623786681735e-07,-1005.1363684117842,762.7328996523722,28296,success_index1,S_L,gradient_tolerance,,raw_state_verified,run.py:numpy-batch
SI-pHiSD,0.00039810717055349735,0.002,2000000,268,-0.6828125,1.359375,completed,0.06601892904783757,0.18404094175680552,9.998281937568883e-07,-1005.1363684171183,762.7328996161489,28302,success_index1,S_L,gradient_tolerance,,raw_state_verified,run.py:numpy-batch
SI-pHiSD,0.00039810717055349735,0.002,2000000,234,-0.7015625000000001,1.340625,completed,0.06601892904177442,0.18404094175650926,9.99588144624169e-07,-1005.1363684165632,762.7328996084995,28322,success_index1,S_L,gradient_tolerance,,raw_state_verified,run.py:numpy-batch
SI-pHiSD,0.00039810717055349735,0.002,2000000,403,-0.6171875,1.434375,completed,0.06601892906909612,0.18404094175653463,9.997354227781021e-07,-1005.1363684137345,762.7328996441182,28325,success_index1,S_L,gradient_tolerance,,raw_state_verified,run.py:numpy-batch
SI-pHiSD,0.00039810717055349735,0.002,2000000,200,-0.7203125,1.321875,completed,0.06601892903523918,0.184040941756457,9.995957888850034e-07,-1005.1363684170519,762.7328996000203,28339,success_index1,S_L,gradient_tolerance,,raw_state_verified,run.py:numpy-batch
SI-pHiSD,0.00039810717055349735,0.002,2000000,504,-0.5703125,1.4906249999999999,completed,0.06601892908527877,0.18404094175623492,9.998142318502637e-07,-1005.1363684107777,762.7328996654913,28350,success_index1,S_L,gradient_tolerance,,raw_state_verified,run.py:numpy-batch
SI-pHiSD,0.00039810717055349735,0.002,2000000,369,-0.6359375,1.415625,completed,0.06601892906251816,0.18404094175678465,9.998732776742074e-07,-1005.1363684154572,762.7328996353184,28352,success_index1,S_L,gradient_tolerance,,raw_state_verified,run.py:numpy-batch
SI-pHiSD,0.00039810717055349735,0.002,2000000,289,-0.7859375000000001,1.378125,completed,1.216488636845373,4.849768478160533,21609303020.5412,2037423531.551865,191432686277.99597,28355,state_safeguard,U,state_safeguard,source_norm2_gt_5,raw_state_verified,run.py:numpy-batch
SI-pHiSD,0.00039810717055349735,0.002,2000000,166,-0.7390625000000001,1.3031249999999999,completed,0.06601892902922496,0.18404094175647726,9.996917904163326e-07,-1005.13636841778,762.732899592157,28355,success_index1,S_L,gradient_tolerance,,raw_state_verified,run.py:numpy-batch
SI-pHiSD,0.00039810717055349735,0.002,2000000,132,-0.7578125,1.284375,completed,0.06601892902377804,0.18404094175648894,9.997965198245746e-07,-1005.1363684184118,762.7328995850415,28370,success_index1,S_L,gradient_tolerance,,raw_state_verified,run.py:numpy-batch
SI-pHiSD,0.00039810717055349735,0.002,2000000,335,-0.6546875000000001,1.3968749999999999,completed,0.06601892905672034,0.18404094175691552,9.999438091817438e-07,-1005.1363684166118,762.7328996276406,28379,success_index1,S_L,gradient_tolerance,,raw_state_verified,run.py:numpy-batch
SI-pHiSD,0.00039810717055349735,0.002,2000000,98,-0.7765625,1.265625,completed,0.06601892901822491,0.18404094175585115,9.993499420368057e-07,-1005.136368416413,762.7328995783568,28384,success_index1,S_L,gradient_tolerance,,raw_state_verified,run.py:numpy-batch
SI-pHiSD,0.00039810717055349735,0.002,2000000,470,-0.5890625,1.4718749999999998,completed,0.0660189290782629,0.1840409417557732,9.992379157856249e-07,-1005.1363684096523,762.7328996567438,28385,success_index1,S_L,gradient_tolerance,,raw_state_verified,run.py:numpy-batch
SI-pHiSD,0.00039810717055349735,0.002,2000000,64,-0.7953125000000001,1.246875,completed,0.0660189290120447,0.18404094175632327,9.999289329986521e-07,-1005.1363684189968,762.7328995698807,28393,success_index1,S_L,gradient_tolerance,,raw_state_verified,run.py:numpy-batch
SI-pHiSD,0.00039810717055349735,0.002,2000000,301,-0.6734375,1.378125,completed,0.06601892905019902,0.1840409417563315,9.994098015999757e-07,-1005.1363684149353,762.7328996196455,28404,success_index1,S_L,gradient_tolerance,,raw_state_verified,run.py:numpy-batch
SI-pHiSD,0.00039810717055349735,0.002,2000000,436,-0.6078125000000001,1.453125,completed,0.06601892907181911,0.1840409417564498,9.997045319837673e-07,-1005.1363684130972,762.7328996477446,28418,success_index1,S_L,gradient_tolerance,,raw_state_verified,run.py:numpy-batch
SI-pHiSD,0.00039810717055349735,0.002,2000000,267,-0.6921875000000001,1.359375,completed,0.06601892904362629,0.18404094175642838,9.995074027515057e-07,-1005.1363684160349,762.7328996109866,28426,success_index1,S_L,gradient_tolerance,,raw_state_verified,run.py:numpy-batch
SI-pHiSD,0.00039810717055349735,0.002,2000000,233,-0.7109375,1.340625,completed,0.06601892903841414,0.1840409417567293,9.998061997027293e-07,-1005.136368417819,762.7328996039233,28448,success_index1,S_L,gradient_tolerance,,raw_state_verified,run.py:numpy-batch
SI-pHiSD,0.00039810717055349735,0.002,2000000,402,-0.6265625,1.434375,completed,0.06601892906589442,0.18404094175623148,9.994255266027584e-07,-1005.1363684128444,762.7328996402074,28452,success_index1,S_L,gradient_tolerance,,raw_state_verified,run.py:numpy-batch
SI-pHiSD,0.00039810717055349735,0.002,2000000,491,-0.6921875000000001,1.4906249999999999,completed,1.2154152294839422,4.850103751252499,21530204006.829227,2030255525.870479,190711937147.2627,28454,state_safeguard,U,state_safeguard,source_norm2_gt_5,raw_state_verified,run.py:numpy-batch
SI-pHiSD,0.00039810717055349735,0.002,2000000,199,-0.7296875,1.321875,completed,0.06601892903192177,0.18404094175672667,9.99874075875908e-07,-1005.136368418505,762.7328995954563,28466,success_index1,S_L,gradient_tolerance,,raw_state_verified,run.py:numpy-batch
SI-pHiSD,0.00039810717055349735,0.002,2000000,503,-0.5796875,1.4906249999999999,completed,0.06601892908333237,0.18404094175640162,9.999082582683748e-07,-1005.1363684116648,762.7328996628062,28477,success_index1,S_L,gradient_tolerance,,raw_state_verified,run.py:numpy-batch
SI-pHiSD,0.00039810717055349735,0.002,2000000,165,-0.7484375000000001,1.3031249999999999,completed,0.06601892902613994,0.18404094175669183,9.999325853856514e-07,-1005.136368418984,762.7328995879446,28483,success_index1,S_L,gradient_tolerance,,raw_state_verified,run.py:numpy-batch
SI-pHiSD,0.00039810717055349735,0.002,2000000,368,-0.6453125000000001,1.415625,completed,0.0660189290595343,0.1840409417563285,9.994462189794596e-07,-1005.1363684139219,762.7328996318257,28483,success_index1,S_L,gradient_tolerance,,raw_state_verified,run.py:numpy-batch
SI-pHiSD,0.00039810717055349735,0.002,2000000,424,-0.7203125,1.453125,completed,1.2158753200602264,4.8499660545261,21564961784.461105,2033406783.8444426,191028599483.21497,28484,state_safeguard,U,state_safeguard,source_norm2_gt_5,raw_state_verified,run.py:numpy-batch
SI-pHiSD,0.00039810717055349735,0.002,2000000,131,-0.7671875,1.284375,completed,0.06601892902131967,0.1840409417561898,9.995812121076886e-07,-1005.1363684174585,762.732899582097,28500,success_index1,S_L,gradient_tolerance,,raw_state_verified,run.py:numpy-batch
SI-pHiSD,0.00039810717055349735,0.002,2000000,97,-0.7859375000000001,1.265625,completed,0.06601892901499684,0.18404094175564656,9.992479546659475e-07,-1005.1363684159269,762.7328995743251,28512,success_index1,S_L,gradient_tolerance,,raw_state_verified,run.py:numpy-batch
SI-pHiSD,0.00039810717055349735,0.002,2000000,334,-0.6640625,1.3968749999999999,completed,0.06601892905294078,0.18404094175621555,9.993123224355028e-07,-1005.1363684141693,762.7328996233242,28512,success_index1,S_L,gradient_tolerance,,raw_state_verified,run.py:numpy-batch
SI-pHiSD,0.00039810717055349735,0.002,2000000,469,-0.5984375000000001,1.4718749999999998,completed,0.06601892907609078,0.18404094175635619,9.997020895128117e-07,-1005.1363684122576,762.7328996533989,28516,success_index1,S_L,gradient_tolerance,,raw_state_verified,run.py:numpy-batch
SI-pHiSD,0.00039810717055349735,0.002,2000000,300,-0.6828125,1.378125,completed,0.06601892904683969,0.18404094175655494,9.996088858729478e-07,-1005.1363684162052,762.7328996150674,28539,success_index1,S_L,gradient_tolerance,,raw_state_verified,run.py:numpy-batch
SI-pHiSD,0.00039810717055349735,0.002,2000000,435,-0.6171875,1.453125,completed,0.06601892906994405,0.18404094175598865,9.992697188596734e-07,-1005.1363684114218,762.7328996457031,28556,success_index1,S_L,gradient_tolerance,,raw_state_verified,run.py:numpy-batch
SI-pHiSD,0.00039810717055349735,0.002,2000000,266,-0.7015625000000001,1.359375,completed,0.06601892904157844,0.18404094175632418,9.994259191352536e-07,-1005.1363684158307,762.7328996084065,28566,success_index1,S_L,gradient_tolerance,,raw_state_verified,run.py:numpy-batch
SI-pHiSD,0.00039810717055349735,0.002,2000000,323,-0.7671875,1.3968749999999999,completed,1.2163965994954127,4.849857670928276,21611506398.928413,2037637103.7762349,191452344900.69586,28578,state_safeguard,U,state_safeguard,source_norm2_gt_5,raw_state_verified,run.py:numpy-batch
SI-pHiSD,0.00039810717055349735,0.002,2000000,232,-0.7203125,1.340625,completed,0.06601892903531795,0.184040941756519,9.996497410549547e-07,-1005.1363684172957,762.7328996000687,28588,success_index1,S_L,gradient_tolerance,,raw_state_verified,run.py:numpy-batch
SI-pHiSD,0.00039810717055349735,0.002,2000000,401,-0.6359375,1.434375,completed,0.06601892906314429,0.18404094175634228,9.994911290093712e-07,-1005.1363684135906,762.7328996365226,28592,success_index1,S_L,gradient_tolerance,,raw_state_verified,run.py:numpy-batch
SI-pHiSD,0.00039810717055349735,0.002,2000000,198,-0.7390625000000001,1.321875,completed,0.06601892902851825,0.18404094175624558,9.994976895825102e-07,-1005.1363684169127,762.7328995914387,28607,success_index1,S_L,gradient_tolerance,,raw_state_verified,run.py:numpy-batch
SI-pHiSD,0.00039810717055349735,0.002,2000000,502,-0.5890625,1.4906249999999999,completed,0.06601892908051836,0.18404094175645674,9.998871054339708e-07,-1005.1363684121911,762.7328996590868,28615,success_index1,S_L,gradient_tolerance,,raw_state_verified,run.py:numpy-batch
SI-pHiSD,0.00039810717055349735,0.002,2000000,164,-0.7578125,1.3031249999999999,completed,0.0660189290238619,0.1840409417565586,9.998566911253997e-07,-1005.1363684186865,762.7328995850894,28626,success_index1,S_L,gradient_tolerance,,raw_state_verified,run.py:numpy-batch
SI-pHiSD,0.00039810717055349735,0.002,2000000,367,-0.6546875000000001,1.415625,completed,0.06601892905656774,0.1840409417569069,9.999354442165185e-07,-1005.1363684165931,762.7328996274488,28626,success_index1,S_L,gradient_tolerance,,raw_state_verified,run.py:numpy-batch
SI-pHiSD,0.00039810717055349735,0.002,2000000,130,-0.7765625,1.284375,completed,0.06601892901674065,0.18404094175600982,9.995264370333913e-07,-1005.1363684172178,762.7328995762814,28639,success_index1,S_L,gradient_tolerance,,raw_state_verified,run.py:numpy-batch
SI-pHiSD,0.00039810717055349735,0.002,2000000,96,-0.7953125000000001,1.265625,completed,0.06601892901197919,0.184040941756199,9.99820383988526e-07,-1005.1363684184983,762.7328995699045,28652,success_index1,S_L,gradient_tolerance,,raw_state_verified,run.py:numpy-batch
SI-pHiSD,0.00039810717055349735,0.002,2000000,333,-0.6734375,1.3968749999999999,completed,0.06601892905083258,0.18404094175691527,9.999245654330903e-07,-1005.1363684172429,762.7328996199599,28660,success_index1,S_L,gradient_tolerance,,raw_state_verified,run.py:numpy-batch
SI-pHiSD,0.00039810717055349735,0.002,2000000,468,-0.6078125000000001,1.4718749999999998,completed,0.06601892907289622,0.18404094175606622,9.993872786184576e-07,-1005.1363684114202,762.7328996494863,28660,success_index1,S_L,gradient_tolerance,,raw_state_verified,run.py:numpy-batch
SI-pHiSD,0.00039810717055349735,0.002,2000000,299,-0.6921875000000001,1.378125,completed,0.0660189290441313,0.184040941756701,9.997457773430419e-07,-1005.1363684170901,762.7328996114063,28690,success_index1,S_L,gradient_tolerance,,raw_state_verified,run.py:numpy-batch
SI-pHiSD,0.00039810717055349735,0.002,2000000,434,-0.6265625,1.453125,completed,0.06601892906603866,0.18404094175612548,9.993343364808919e-07,-1005.1363684123979,762.7328996404884,28704,success_index1,S_L,gradient_tolerance,,raw_state_verified,run.py:numpy-batch
SI-pHiSD,0.00039810717055349735,0.002,2000000,265,-0.7109375,1.359375,completed,0.06601892903748383,0.18404094175655455,9.99659842976117e-07,-1005.1363684172079,762.7328996028631,28717,success_index1,S_L,gradient_tolerance,,raw_state_verified,run.py:numpy-batch
SI-pHiSD,0.00039810717055349735,0.002,2000000,231,-0.7296875,1.340625,completed,0.06601892903132524,0.18404094175618813,9.994055772104527e-07,-1005.1363684163781,762.7328995951505,28742,success_index1,S_L,gradient_tolerance,,raw_state_verified,run.py:numpy-batch
SI-pHiSD,0.00039810717055349735,0.002,2000000,400,-0.6453125000000001,1.434375,completed,0.06601892905940061,0.18404094175689087,9.999395441624876e-07,-1005.1363684162242,762.7328996311583,28745,success_index1,S_L,gradient_tolerance,,raw_state_verified,run.py:numpy-batch
SI-pHiSD,0.00039810717055349735,0.002,2000000,197,-0.7484375000000001,1.321875,completed,0.06601892902621802,0.18404094175675204,9.999845460958846e-07,-1005.1363684192204,762.7328995879939,28764,success_index1,S_L,gradient_tolerance,,raw_state_verified,run.py:numpy-batch
SI-pHiSD,0.00039810717055349735,0.002,2000000,501,-0.5984375000000001,1.4906249999999999,completed,0.06601892907617457,0.18404094175594843,9.993469342730378e-07,-1005.1363684105894,762.7328996538658,28766,success_index1,S_L,gradient_tolerance,,raw_state_verified,run.py:numpy-batch
SI-pHiSD,0.00039810717055349735,0.002,2000000,163,-0.7671875,1.3031249999999999,completed,0.06601892902007025,0.18404094175637897,9.997760935066478e-07,-1005.136368418362,762.7328995803015,28782,success_index1,S_L,gradient_tolerance,,raw_state_verified,run.py:numpy-batch
SI-pHiSD,0.00039810717055349735,0.002,2000000,366,-0.6640625,1.415625,completed,0.06601892905284185,0.18404094175688,9.998970495436265e-07,-1005.1363684168833,762.7328996226122,28785,success_index1,S_L,gradient_tolerance,,raw_state_verified,run.py:numpy-batch
SI-pHiSD,0.00039810717055349735,0.002,2000000,129,-0.7859375000000001,1.284375,completed,0.0660189290135927,0.18404094175580815,9.994285836309285e-07,-1005.136368416735,762.7328995723518,28796,success_index1,S_L,gradient_tolerance,,raw_state_verified,run.py:numpy-batch
SI-pHiSD,0.00039810717055349735,0.002,2000000,467,-0.6171875,1.4718749999999998,completed,0.06601892906942343,0.18404094175619864,9.99445767456029e-07,-1005.1363684123322,762.7328996448396,28819,success_index1,S_L,gradient_tolerance,,raw_state_verified,run.py:numpy-batch
SI-pHiSD,0.00039810717055349735,0.002,2000000,332,-0.6828125,1.3968749999999999,completed,0.06601892904798676,0.18404094175694047,9.9994698624093e-07,-1005.1363684176508,762.7328996162253,28825,success_index1,S_L,gradient_tolerance,,raw_state_verified,run.py:numpy-batch
SI-pHiSD,0.00039810717055349735,0.002,2000000,298,-0.7015625000000001,1.378125,completed,0.066018929041465,0.18404094175621663,9.993316396086313e-07,-1005.1363684154059,762.7328996083525,28860,success_index1,S_L,gradient_tolerance,,raw_state_verified,run.py:numpy-batch
SI-pHiSD,0.00039810717055349735,0.002,2000000,433,-0.6359375,1.453125,completed,0.06601892906288306,0.1840409417561134,9.99287415594692e-07,-1005.1363684126869,762.7328996363829,28871,success_index1,S_L,gradient_tolerance,,raw_state_verified,run.py:numpy-batch
SI-pHiSD,0.00039810717055349735,0.002,2000000,264,-0.7203125,1.359375,completed,0.06601892903448484,0.18404094175643518,9.995848275442274e-07,-1005.1363684170442,762.7328995990557,28889,success_index1,S_L,gradient_tolerance,,raw_state_verified,run.py:numpy-batch
SI-pHiSD,0.00039810717055349735,0.002,2000000,230,-0.7390625000000001,1.340625,completed,0.06601892902887799,0.18404094175635702,9.995907060249467e-07,-1005.1363684173277,762.7328995918102,28917,success_index1,S_L,gradient_tolerance,,raw_state_verified,run.py:numpy-batch
SI-pHiSD,0.00039810717055349735,0.002,2000000,399,-0.6546875000000001,1.434375,completed,0.06601892905667496,0.1840409417567764,9.998212163444028e-07,-1005.136368416051,762.7328996277027,28920,success_index1,S_L,gradient_tolerance,,raw_state_verified,run.py:numpy-batch
SI-pHiSD,0.00039810717055349735,0.002,2000000,500,-0.6078125000000001,1.4906249999999999,completed,0.06601892907350239,0.18404094175664978,9.999093611944545e-07,-1005.1363684137299,762.7328996497653,28936,success_index1,S_L,gradient_tolerance,,raw_state_verified,run.py:numpy-batch
SI-pHiSD,0.00039810717055349735,0.002,2000000,357,-0.7484375000000001,1.415625,completed,1.2161757260680142,4.849845454156519,21583124624.77189,2035046546.7348075,191194285473.89307,28940,state_safeguard,U,state_safeguard,source_norm2_gt_5,raw_state_verified,run.py:numpy-batch
SI-pHiSD,0.00039810717055349735,0.002,2000000,196,-0.7578125,1.321875,completed,0.06601892902358374,0.18404094175629432,9.996277829761147e-07,-1005.136368417641,762.7328995849585,28941,success_index1,S_L,gradient_tolerance,,raw_state_verified,run.py:numpy-batch
SI-pHiSD,0.00039810717055349735,0.002,2000000,162,-0.7765625,1.3031249999999999,completed,0.06601892901648045,0.18404094175586044,9.994003008660382e-07,-1005.1363684166378,762.732899576073,28958,success_index1,S_L,gradient_tolerance,,raw_state_verified,run.py:numpy-batch
SI-pHiSD,0.00039810717055349735,0.002,2000000,365,-0.6734375,1.415625,completed,0.06601892905013572,0.1840409417569517,9.999561356824527e-07,-1005.1363684174662,762.7328996190189,28966,success_index1,S_L,gradient_tolerance,,raw_state_verified,run.py:numpy-batch
SI-pHiSD,0.00039810717055349735,0.002,2000000,128,-0.7953125000000001,1.284375,completed,0.06601892901068745,0.18404094175584806,9.995455894061273e-07,-1005.1363684172093,762.7328995685267,28972,success_index1,S_L,gradient_tolerance,,raw_state_verified,run.py:numpy-batch
SI-pHiSD,0.00039810717055349735,0.002,2000000,466,-0.6265625,1.4718749999999998,completed,0.06601892906660667,0.1840409417564969,9.99667525547122e-07,-1005.1363684138478,762.7328996409041,28999,success_index1,S_L,gradient_tolerance,,raw_state_verified,run.py:numpy-batch
SI-pHiSD,0.00039810717055349735,0.002,2000000,331,-0.6921875000000001,1.3968749999999999,completed,0.06601892904368226,0.18404094175629657,9.993908674540828e-07,-1005.1363684154926,762.7328996111752,29010,success_index1,S_L,gradient_tolerance,,raw_state_verified,run.py:numpy-batch
SI-pHiSD,0.00039810717055349735,0.002,2000000,297,-0.7109375,1.378125,completed,0.0660189290377508,0.18404094175679478,9.998697113553664e-07,-1005.1363684181567,762.7328996030006,29049,success_index1,S_L,gradient_tolerance,,raw_state_verified,run.py:numpy-batch
SI-pHiSD,0.00039810717055349735,0.002,2000000,432,-0.6453125000000001,1.453125,completed,0.066018929061042,0.18404094175638627,9.995094798155133e-07,-1005.1363684139949,762.7328996337418,29062,success_index1,S_L,gradient_tolerance,,raw_state_verified,run.py:numpy-batch
SI-pHiSD,0.00039810717055349735,0.002,2000000,263,-0.7296875,1.359375,completed,0.06601892903159504,0.18404094175669117,9.99847049902789e-07,-1005.1363684183958,762.7328995950613,29084,success_index1,S_L,gradient_tolerance,,raw_state_verified,run.py:numpy-batch
SI-pHiSD,0.00039810717055349735,0.002,2000000,458,-0.7015625000000001,1.4718749999999998,completed,1.2156647491431096,4.849976258720338,21541206868.343147,2031241280.6707036,190812534113.85748,29115,state_safeguard,U,state_safeguard,source_norm2_gt_5,raw_state_verified,run.py:numpy-batch
SI-pHiSD,0.00039810717055349735,0.002,2000000,229,-0.7484375000000001,1.340625,completed,0.0660189290261549,0.18404094175600838,9.993268721067899e-07,-1005.1363684162015,762.7328995885636,29116,success_index1,S_L,gradient_tolerance,,raw_state_verified,run.py:numpy-batch
SI-pHiSD,0.00039810717055349735,0.002,2000000,398,-0.6640625,1.434375,completed,0.0660189290536548,0.18404094175687527,9.998952119383889e-07,-1005.1363684167774,762.7328996236765,29118,success_index1,S_L,gradient_tolerance,,raw_state_verified,run.py:numpy-batch
SI-pHiSD,0.00039810717055349735,0.002,2000000,499,-0.6171875,1.4906249999999999,completed,0.06601892907165606,0.1840409417562179,9.994985639108288e-07,-1005.1363684121708,762.7328996477354,29132,success_index1,S_L,gradient_tolerance,,raw_state_verified,run.py:numpy-batch
SI-pHiSD,0.00039810717055349735,0.002,2000000,195,-0.7671875,1.321875,completed,0.06601892902041938,0.1840409417560206,9.994505429595042e-07,-1005.136368416867,762.7328995810707,29141,success_index1,S_L,gradient_tolerance,,raw_state_verified,run.py:numpy-batch
SI-pHiSD,0.00039810717055349735,0.002,2000000,161,-0.7859375000000001,1.3031249999999999,completed,0.06601892901401353,0.18404094175609814,9.99674855643243e-07,-1005.1363684178698,762.7328995726466,29159,success_index1,S_L,gradient_tolerance,,raw_state_verified,run.py:numpy-batch
SI-pHiSD,0.00039810717055349735,0.002,2000000,364,-0.6828125,1.415625,completed,0.06601892904770301,0.18404094175667876,9.997166266890582e-07,-1005.1363684166166,762.732899616085,29174,success_index1,S_L,gradient_tolerance,,raw_state_verified,run.py:numpy-batch
SI-pHiSD,0.00039810717055349735,0.002,2000000,465,-0.6359375,1.4718749999999998,completed,0.06601892906355858,0.1840409417568203,9.999152656981162e-07,-1005.1363684154906,762.7328996366443,29204,success_index1,S_L,gradient_tolerance,,raw_state_verified,run.py:numpy-batch
SI-pHiSD,0.00039810717055349735,0.002,2000000,330,-0.7015625000000001,1.3968749999999999,completed,0.06601892904067255,0.18404094175691732,9.999552681577807e-07,-1005.1363684183417,762.7328996067046,29223,success_index1,S_L,gradient_tolerance,,raw_state_verified,run.py:numpy-batch
SI-pHiSD,0.00039810717055349735,0.002,2000000,296,-0.7203125,1.378125,completed,0.06601892903573811,0.18404094175691346,9.999940322690258e-07,-1005.1363684188552,762.7328996002713,29271,success_index1,S_L,gradient_tolerance,,raw_state_verified,run.py:numpy-batch
SI-pHiSD,0.00039810717055349735,0.002,2000000,431,-0.6546875000000001,1.453125,completed,0.06601892905761846,0.18404094175654623,9.99624316315547e-07,-1005.1363684150133,762.7328996291354,29279,success_index1,S_L,gradient_tolerance,,raw_state_verified,run.py:numpy-batch
SI-pHiSD,0.00039810717055349735,0.002,2000000,262,-0.7390625000000001,1.359375,completed,0.0660189290285082,0.18404094175633326,9.99575436377143e-07,-1005.1363684172704,762.7328995913488,29310,success_index1,S_L,gradient_tolerance,,raw_state_verified,run.py:numpy-batch
SI-pHiSD,0.00039810717055349735,0.002,2000000,228,-0.7578125,1.340625,completed,0.06601892902314144,0.18404094175634297,9.996796416871103e-07,-1005.1363684178859,762.7328995843393,29345,success_index1,S_L,gradient_tolerance,,raw_state_verified,run.py:numpy-batch
SI-pHiSD,0.00039810717055349735,0.002,2000000,397,-0.6734375,1.434375,completed,0.06601892905039697,0.18404094175652913,9.995840276483786e-07,-1005.136368415719,762.7328996197302,29348,success_index1,S_L,gradient_tolerance,,raw_state_verified,run.py:numpy-batch
SI-pHiSD,0.00039810717055349735,0.002,2000000,498,-0.6265625,1.4906249999999999,completed,0.06601892906773485,0.18404094175682567,9.99971124516908e-07,-1005.1363684150641,762.7328996420873,29352,success_index1,S_L,gradient_tolerance,,raw_state_verified,run.py:numpy-batch
SI-pHiSD,0.00039810717055349735,0.002,2000000,194,-0.7765625,1.321875,completed,0.06601892901790057,0.18404094175635977,9.998089662118557e-07,-1005.136368418517,762.7328995774876,29373,success_index1,S_L,gradient_tolerance,,raw_state_verified,run.py:numpy-batch
SI-pHiSD,0.00039810717055349735,0.002,2000000,160,-0.7953125000000001,1.3031249999999999,completed,0.06601892901205543,0.18404094175620603,9.99824478077111e-07,-1005.1363684185188,762.7328995699975,29393,success_index1,S_L,gradient_tolerance,,raw_state_verified,run.py:numpy-batch
SI-pHiSD,0.00039810717055349735,0.002,2000000,363,-0.6921875000000001,1.415625,completed,0.06601892904394649,0.1840409417565575,9.996199192404166e-07,-1005.1363684165259,762.732899611291,29414,success_index1,S_L,gradient_tolerance,,raw_state_verified,run.py:numpy-batch
SI-pHiSD,0.00039810717055349735,0.002,2000000,464,-0.6453125000000001,1.4718749999999998,completed,0.06601892906078062,0.18404094175683072,9.998977298482811e-07,-1005.1363684158312,762.7328996330115,29444,success_index1,S_L,gradient_tolerance,,raw_state_verified,run.py:numpy-batch
SI-pHiSD,0.00039810717055349735,0.002,2000000,329,-0.7109375,1.3968749999999999,completed,0.06601892903828094,0.18404094175660654,9.996988298527756e-07,-1005.1363684173339,762.7328996038572,29476,success_index1,S_L,gradient_tolerance,,raw_state_verified,run.py:numpy-batch
SI-pHiSD,0.00039810717055349735,0.002,2000000,295,-0.7296875,1.378125,completed,0.06601892903169235,0.18404094175656407,9.997332884248749e-07,-1005.1363684178683,762.7328995953,29530,success_index1,S_L,gradient_tolerance,,raw_state_verified,run.py:numpy-batch
SI-pHiSD,0.00039810717055349735,0.002,2000000,430,-0.6640625,1.453125,completed,0.06601892905489262,0.1840409417566815,9.997292048535898e-07,-1005.1363684158563,762.7328996254613,29536,success_index1,S_L,gradient_tolerance,,raw_state_verified,run.py:numpy-batch
SI-pHiSD,0.00039810717055349735,0.002,2000000,261,-0.7484375000000001,1.359375,completed,0.06601892902596324,0.1840409417565378,9.997992605638211e-07,-1005.136368418376,762.7328995878496,29578,success_index1,S_L,gradient_tolerance,,raw_state_verified,run.py:numpy-batch
SI-pHiSD,0.00039810717055349735,0.002,2000000,391,-0.7296875,1.434375,completed,1.2160910090244275,4.849932185546978,21585839806.70731,2035306454.2206745,191218608686.49042,29597,state_safeguard,U,state_safeguard,source_norm2_gt_5,raw_state_verified,run.py:numpy-batch
SI-pHiSD,0.00039810717055349735,0.002,2000000,497,-0.6359375,1.4906249999999999,completed,0.06601892906445016,0.1840409417563307,9.994952380268319e-07,-1005.1363684134035,762.7328996382364,29615,success_index1,S_L,gradient_tolerance,,raw_state_verified,run.py:numpy-batch
SI-pHiSD,0.00039810717055349735,0.002,2000000,227,-0.7671875,1.340625,completed,0.06601892902066181,0.18404094175611851,9.995320894882333e-07,-1005.1363684172388,762.7328995813015,29619,success_index1,S_L,gradient_tolerance,,raw_state_verified,run.py:numpy-batch
SI-pHiSD,0.00039810717055349735,0.002,2000000,396,-0.6828125,1.434375,completed,0.06601892904778084,0.18404094175675623,9.997848277011142e-07,-1005.1363684169232,762.7328996161185,29622,success_index1,S_L,gradient_tolerance,,raw_state_verified,run.py:numpy-batch
SI-pHiSD,0.00039810717055349735,0.002,2000000,193,-0.7859375000000001,1.321875,completed,0.06601892901511482,0.18404094175575877,9.993445961400934e-07,-1005.136368416371,762.7328995743804,29650,success_index1,S_L,gradient_tolerance,,raw_state_verified,run.py:numpy-batch
SI-pHiSD,0.00039810717055349735,0.002,2000000,362,-0.7015625000000001,1.415625,completed,0.06601892904081245,0.18404094175636232,9.994642688379194e-07,-1005.1363684160688,762.7328996073737,29704,success_index1,S_L,gradient_tolerance,,raw_state_verified,run.py:numpy-batch
SI-pHiSD,0.00039810717055349735,0.002,2000000,463,-0.6546875000000001,1.4718749999999998,completed,0.06601892905759284,0.18404094175679597,9.99843782338736e-07,-1005.1363684160317,762.7328996288833,29731,success_index1,S_L,gradient_tolerance,,raw_state_verified,run.py:numpy-batch
SI-pHiSD,0.00039810717055349735,0.002,2000000,328,-0.7203125,1.3968749999999999,completed,0.06601892903484664,0.18404094175609972,9.992842100430598e-07,-1005.1363684156404,762.7328995998216,29781,success_index1,S_L,gradient_tolerance,,raw_state_verified,run.py:numpy-batch
SI-pHiSD,0.00039810717055349735,0.002,2000000,429,-0.6734375,1.453125,completed,0.06601892905094642,0.1840409417561417,9.992433178845074e-07,-1005.1363684140834,762.7328996207865,29848,success_index1,S_L,gradient_tolerance,,raw_state_verified,run.py:numpy-batch
SI-pHiSD,0.00039810717055349735,0.002,2000000,294,-0.7390625000000001,1.378125,completed,0.06601892902984086,0.1840409417560951,9.993443295666545e-07,-1005.1363684161588,762.7328995932957,29851,success_index1,S_L,gradient_tolerance,,raw_state_verified,run.py:numpy-batch
SI-pHiSD,0.00039810717055349735,0.002,2000000,260,-0.7578125,1.359375,completed,0.06601892902321249,0.18404094175623656,9.995839083128588e-07,-1005.1363684174457,762.7328995845248,29908,success_index1,S_L,gradient_tolerance,,raw_state_verified,run.py:numpy-batch
SI-pHiSD,0.00039810717055349735,0.002,2000000,496,-0.6453125000000001,1.4906249999999999,completed,0.0660189290615053,0.18404094175647603,9.995925570289295e-07,-1005.1363684143101,762.7328996342677,29936,success_index1,S_L,gradient_tolerance,,raw_state_verified,run.py:numpy-batch
SI-pHiSD,0.00039810717055349735,0.002,2000000,226,-0.7765625,1.340625,completed,0.0660189290185607,0.18404094175630376,9.99743695893425e-07,-1005.1363684182179,762.7328995783982,29957,success_index1,S_L,gradient_tolerance,,raw_state_verified,run.py:numpy-batch
SI-pHiSD,0.00039810717055349735,0.002,2000000,395,-0.6921875000000001,1.434375,completed,0.06601892904503832,0.1840409417562014,9.993017912109776e-07,-1005.1363684149603,762.7328996130275,29962,success_index1,S_L,gradient_tolerance,,raw_state_verified,run.py:numpy-batch
SI-pHiSD,0.00039810717055349735,0.002,2000000,192,-0.7953125000000001,1.321875,completed,0.06601892901183559,0.1840409417561452,9.997766013521818e-07,-1005.136368418295,762.7328995697643,29990,success_index1,S_L,gradient_tolerance,,raw_state_verified,run.py:numpy-batch
SI-pHiSD,0.00039810717055349735,0.002,2000000,256,-0.7953125000000001,1.359375,completed,1.2165623312667126,4.84974549051115,21614749774.198414,2037917096.1516185,191482319322.43597,30036,state_safeguard,U,state_safeguard,source_norm2_gt_5,raw_state_verified,run.py:numpy-batch
SI-pHiSD,0.00039810717055349735,0.002,2000000,361,-0.7109375,1.415625,completed,0.06601892903863602,0.1840409417562613,9.993909249498452e-07,-1005.1363684158908,762.7328996046232,30070,success_index1,S_L,gradient_tolerance,,raw_state_verified,run.py:numpy-batch
SI-pHiSD,0.00039810717055349735,0.002,2000000,462,-0.6640625,1.4718749999999998,completed,0.06601892905446884,0.18404094175629537,9.993876832442881e-07,-1005.1363684143305,762.7328996252469,30091,success_index1,S_L,gradient_tolerance,,raw_state_verified,run.py:numpy-batch
SI-pHiSD,0.00039810717055349735,0.002,2000000,327,-0.7296875,1.3968749999999999,completed,0.06601892903206442,0.18404094175686875,9.999978831600416e-07,-1005.136368419068,762.7328995955181,30169,success_index1,S_L,gradient_tolerance,,raw_state_verified,run.py:numpy-batch
SI-pHiSD,0.00039810717055349735,0.002,2000000,428,-0.6828125,1.453125,completed,0.0660189290477359,0.18404094175671482,9.99748382315261e-07,-1005.1363684167595,762.7328996160961,30248,success_index1,S_L,gradient_tolerance,,raw_state_verified,run.py:numpy-batch
SI-pHiSD,0.00039810717055349735,0.002,2000000,293,-0.7484375000000001,1.378125,completed,0.06601892902692486,0.18404094175674018,9.99961791774396e-07,-1005.1363684190964,762.7328995889263,30261,success_index1,S_L,gradient_tolerance,,raw_state_verified,run.py:numpy-batch
SI-pHiSD,0.00039810717055349735,0.002,2000000,259,-0.7671875,1.359375,completed,0.06601892902097255,0.18404094175586758,9.9930286529455e-07,-1005.1363684161848,762.7328995819263,30339,success_index1,S_L,gradient_tolerance,,raw_state_verified,run.py:numpy-batch
SI-pHiSD,0.00039810717055349735,0.002,2000000,495,-0.6546875000000001,1.4906249999999999,completed,0.06601892905814648,0.18404094175637414,9.994763755564476e-07,-1005.1363684142561,762.7328996299753,30350,success_index1,S_L,gradient_tolerance,,raw_state_verified,run.py:numpy-batch
SI-pHiSD,0.00039810717055349735,0.002,2000000,225,-0.7859375000000001,1.340625,completed,0.06601892901528941,0.18404094175565702,9.99249763211223e-07,-1005.1363684159384,762.7328995746975,30400,success_index1,S_L,gradient_tolerance,,raw_state_verified,run.py:numpy-batch
SI-pHiSD,0.00039810717055349735,0.002,2000000,394,-0.7015625000000001,1.434375,completed,0.0660189290407983,0.18404094175628963,9.994002102759587e-07,-1005.1363684157743,762.7328996074189,30406,success_index1,S_L,gradient_tolerance,,raw_state_verified,run.py:numpy-batch
SI-pHiSD,0.00039810717055349735,0.002,2000000,360,-0.7203125,1.415625,completed,0.06601892903471006,0.18404094175665417,9.997759012390258e-07,-1005.1363684179111,762.7328995991571,30561,success_index1,S_L,gradient_tolerance,,raw_state_verified,run.py:numpy-batch
SI-pHiSD,0.00039810717055349735,0.002,2000000,461,-0.6734375,1.4718749999999998,completed,0.06601892905054059,0.18404094175665747,9.996971929420871e-07,-1005.136368416225,762.7328996198054,30572,success_index1,S_L,gradient_tolerance,,raw_state_verified,run.py:numpy-batch
SI-pHiSD,0.00039810717055349735,0.002,2000000,326,-0.7390625000000001,1.3968749999999999,completed,0.06601892903015832,0.18404094175639413,9.996042973078939e-07,-1005.1363684173411,762.7328995934478,30712,success_index1,S_L,gradient_tolerance,,raw_state_verified,run.py:numpy-batch
SI-pHiSD,0.00039810717055349735,0.002,2000000,492,-0.6828125,1.4906249999999999,completed,1.2157311893350857,4.850019956880939,21555665613.44433,2032566387.9742079,190943832322.01428,30744,state_safeguard,U,state_safeguard,source_norm2_gt_5,raw_state_verified,run.py:numpy-batch
SI-pHiSD,0.00039810717055349735,0.002,2000000,290,-0.7765625,1.378125,completed,1.2164687671551317,4.849788348378646,21609870167.014275,2037478068.3774006,191437759534.25684,30788,state_safeguard,U,state_safeguard,source_norm2_gt_5,raw_state_verified,run.py:numpy-batch
SI-pHiSD,0.00039810717055349735,0.002,2000000,427,-0.6921875000000001,1.453125,completed,0.06601892904370694,0.1840409417563062,9.993992120362507e-07,-1005.1363684155295,762.7328996111986,30812,success_index1,S_L,gradient_tolerance,,raw_state_verified,run.py:numpy-batch
SI-pHiSD,0.00039810717055349735,0.002,2000000,292,-0.7578125,1.378125,completed,0.06601892902374103,0.18404094175645325,9.997656074221585e-07,-1005.1363684182702,762.7328995850246,30846,success_index1,S_L,gradient_tolerance,,raw_state_verified,run.py:numpy-batch
SI-pHiSD,0.00039810717055349735,0.002,2000000,494,-0.6640625,1.4906249999999999,completed,0.06601892905312476,0.1840409417564693,9.995362199001742e-07,-1005.1363684151822,762.7328996233412,30937,success_index1,S_L,gradient_tolerance,,raw_state_verified,run.py:numpy-batch
SI-pHiSD,0.00039810717055349735,0.002,2000000,258,-0.7765625,1.359375,completed,0.0660189290191818,0.18404094175620925,9.996454981721252e-07,-1005.136368417767,762.732899579291,30964,success_index1,S_L,gradient_tolerance,,raw_state_verified,run.py:numpy-batch
SI-pHiSD,0.00039810717055349735,0.002,2000000,224,-0.7953125000000001,1.340625,completed,0.06601892901315401,0.18404094175596827,9.995827395344027e-07,-1005.1363684174335,762.7328995716393,31053,success_index1,S_L,gradient_tolerance,,raw_state_verified,run.py:numpy-batch
SI-pHiSD,0.00039810717055349735,0.002,2000000,393,-0.7109375,1.434375,completed,0.06601892903679393,0.1840409417566858,9.997822633437114e-07,-1005.1363684178161,762.7328996018482,31066,success_index1,S_L,gradient_tolerance,,raw_state_verified,run.py:numpy-batch
SI-pHiSD,0.00039810717055349735,0.002,2000000,460,-0.6828125,1.4718749999999998,completed,0.06601892904657461,0.184040941756965,9.999709963554919e-07,-1005.1363684179022,762.732899614362,31319,success_index1,S_L,gradient_tolerance,,raw_state_verified,run.py:numpy-batch
SI-pHiSD,0.00039810717055349735,0.002,2000000,359,-0.7296875,1.415625,completed,0.06601892903071563,0.18404094175632646,9.995364645863667e-07,-1005.1363684170061,762.7328995942339,31336,success_index1,S_L,gradient_tolerance,,raw_state_verified,run.py:numpy-batch
SI-pHiSD,0.00039810717055349735,0.002,2000000,425,-0.7109375,1.453125,completed,1.2160456730767655,4.849878950740452,21572477806.610874,2034080100.002144,191097320209.2797,31596,state_safeguard,U,state_safeguard,source_norm2_gt_5,raw_state_verified,run.py:numpy-batch
SI-pHiSD,0.00039810717055349735,0.002,2000000,325,-0.7484375000000001,1.3968749999999999,completed,0.06601892902655512,0.18404094175638464,9.996532278050398e-07,-1005.1363684176895,762.7328995887558,31617,success_index1,S_L,gradient_tolerance,,raw_state_verified,run.py:numpy-batch
SI-pHiSD,0.00039810717055349735,0.002,2000000,426,-0.7015625000000001,1.453125,completed,0.0660189290381885,0.18404094175653238,9.996340840082132e-07,-1005.1363684170424,762.7328996038016,31789,success_index1,S_L,gradient_tolerance,,raw_state_verified,run.py:numpy-batch
SI-pHiSD,0.00039810717055349735,0.002,2000000,291,-0.7671875,1.378125,completed,0.0660189290206606,0.18404094175625796,9.996558119411995e-07,-1005.1363684178071,762.732899581177,31893,success_index1,S_L,gradient_tolerance,,raw_state_verified,run.py:numpy-batch
SI-pHiSD,0.00039810717055349735,0.002,2000000,493,-0.6734375,1.4906249999999999,completed,0.06601892904728648,0.18404094175686003,9.998770912153863e-07,-1005.1363684173984,762.7328996153828,31995,success_index1,S_L,gradient_tolerance,,raw_state_verified,run.py:numpy-batch
SI-pHiSD,0.00039810717055349735,0.002,2000000,257,-0.7859375000000001,1.359375,completed,0.06601892901559094,0.18404094175577462,9.993464272507563e-07,-1005.1363684163841,762.7328995749878,32150,success_index1,S_L,gradient_tolerance,,raw_state_verified,run.py:numpy-batch
SI-pHiSD,0.00039810717055349735,0.002,2000000,392,-0.7203125,1.434375,completed,0.06601892903128243,0.184040941756114,9.993405876682866e-07,-1005.1363684160808,762.73289959516,32417,success_index1,S_L,gradient_tolerance,,raw_state_verified,run.py:numpy-batch
SI-pHiSD,0.00039810717055349735,0.002,2000000,459,-0.6921875000000001,1.4718749999999998,completed,0.0660189290372452,0.18404094175630203,9.994388795608358e-07,-1005.1363684162056,762.7328996027733,33157,success_index1,S_L,gradient_tolerance,,raw_state_verified,run.py:numpy-batch
SI-pHiSD,0.00039810717055349735,0.002,2000000,358,-0.7390625000000001,1.415625,completed,0.06601892902482724,0.18404094175645458,9.997461325763845e-07,-1005.1363684181595,762.7328995864405,33399,success_index1,S_L,gradient_tolerance,,raw_state_verified,run.py:numpy-batch
SI-pHiSD,0.00039810717055349735,0.002,2000000,324,-0.7578125,1.3968749999999999,completed,0.06601892901786037,0.1840409417563257,9.997796548519678e-07,-1005.1363684183827,762.7328995774654,36988,success_index1,S_L,gradient_tolerance,,raw_state_verified,run.py:numpy-batch
