method,eta,tau,budget,start_id,x0,y0,execution_status,raw_x,raw_y,grad_norm,lambda1,lambda2,n_outer_updates,terminal_category,endpoint,stop_reason,failure_reason,certification_reason,source
SI-pHiSD,0.001584893192461114,0.002,2000000,416,-0.7953125000000001,1.453125,completed,1.1123442392315384,4.874831506482489,14472810788.206009,1385462654.8283005,126757723630.82819,6560,state_safeguard,U,state_safeguard,source_norm2_gt_5,raw_state_verified,run.py:numpy-batch
SI-pHiSD,0.001584893192461114,0.002,2000000,480,-0.7953125000000001,1.4906249999999999,completed,-4.861259284014304,-1.170087126319209,18086417074.20559,1716688430.7093084,159420924629.35626,6580,state_safeguard,U,state_safeguard,source_norm2_gt_5,raw_state_verified,run.py:numpy-batch
SI-pHiSD,0.001584893192461114,0.002,2000000,384,-0.7953125000000001,1.434375,completed,1.1097005517958658,4.8754415615041795,14326118286.257494,1371961863.080599,125436025992.74747,6585,state_safeguard,U,state_safeguard,source_norm2_gt_5,raw_state_verified,run.py:numpy-batch
SI-pHiSD,0.001584893192461114,0.002,2000000,417,-0.7859375000000001,1.453125,completed,1.1119423337465746,4.874838586132342,14441910806.477034,1382606217.8079746,126479665374.80272,6585,state_safeguard,U,state_safeguard,source_norm2_gt_5,raw_state_verified,run.py:numpy-batch
SI-pHiSD,0.001584893192461114,0.002,2000000,26,-0.5515625000000001,1.2093749999999999,completed,0.0660189280352444,0.18404094133062732,9.98502258968509e-07,-1005.1363667918532,762.7328986688777,6596,success_index1,S_L,gradient_tolerance,,raw_state_verified,run.py:numpy-batch
SI-pHiSD,0.001584893192461114,0.002,2000000,60,-0.5328125000000001,1.228125,completed,0.06601892803947673,0.18404094133566803,9.993705214792909e-07,-1005.136366811907,762.7328986699799,6601,success_index1,S_L,gradient_tolerance,,raw_state_verified,run.py:numpy-batch
SI-pHiSD,0.001584893192461114,0.002,2000000,449,-0.7859375000000001,1.4718749999999998,completed,1.1179325130779283,4.873673519366819,14801624245.191517,1415728805.5167437,129721014118.9375,6602,state_safeguard,U,state_safeguard,source_norm2_gt_5,raw_state_verified,run.py:numpy-batch
SI-pHiSD,0.001584893192461114,0.002,2000000,27,-0.5421875,1.2093749999999999,completed,0.06601892815417368,0.1840409414319729,9.998435617190542e-07,-1005.1363671914216,762.7328987351669,6609,success_index1,S_L,gradient_tolerance,,raw_state_verified,run.py:numpy-batch
SI-pHiSD,0.001584893192461114,0.002,2000000,450,-0.7765625,1.4718749999999998,completed,1.1161432226007093,4.873976195631281,14688608446.678543,1405318600.374594,128702603874.35385,6611,state_safeguard,U,state_safeguard,source_norm2_gt_5,raw_state_verified,run.py:numpy-batch
SI-pHiSD,0.001584893192461114,0.002,2000000,95,-0.5046875000000001,1.246875,completed,0.06601892816375023,0.18404094143823793,9.9904802448573e-07,-1005.1363672158833,762.7328987421669,6614,success_index1,S_L,gradient_tolerance,,raw_state_verified,run.py:numpy-batch
SI-pHiSD,0.001584893192461114,0.002,2000000,448,-0.7953125000000001,1.4718749999999998,completed,1.1214462115176502,4.872688813001538,14986043106.273521,1432656121.0535235,131384892590.94106,6615,state_safeguard,U,state_safeguard,source_norm2_gt_5,raw_state_verified,run.py:numpy-batch
SI-pHiSD,0.001584893192461114,0.002,2000000,481,-0.7859375000000001,1.4906249999999999,completed,-4.8612998929344915,-1.1707019974801522,18152886111.38336,1722792389.1385298,160022469387.01575,6616,state_safeguard,U,state_safeguard,source_norm2_gt_5,raw_state_verified,run.py:numpy-batch
SI-pHiSD,0.001584893192461114,0.002,2000000,418,-0.7765625,1.453125,completed,1.1118675362178287,4.875064361017133,14458428145.759539,1384157736.6997807,126627575334.93085,6617,state_safeguard,U,state_safeguard,source_norm2_gt_5,raw_state_verified,run.py:numpy-batch
SI-pHiSD,0.001584893192461114,0.002,2000000,61,-0.5234375,1.228125,completed,0.06601892818013234,0.18404094144823557,9.972824930932787e-07,-1005.1363672548011,762.732898754772,6617,success_index1,S_L,gradient_tolerance,,raw_state_verified,run.py:numpy-batch
SI-pHiSD,0.001584893192461114,0.002,2000000,28,-0.5328125000000001,1.2093749999999999,completed,0.06601892824753607,0.1840409414981737,9.996338671943187e-07,-1005.1363674507444,762.7328987989171,6621,success_index1,S_L,gradient_tolerance,,raw_state_verified,run.py:numpy-batch
SI-pHiSD,0.001584893192461114,0.002,2000000,385,-0.7859375000000001,1.434375,completed,1.1097732094821782,4.875517129626309,14339213568.579489,1373181156.2638195,125553592627.32092,6623,state_safeguard,U,state_safeguard,source_norm2_gt_5,raw_state_verified,run.py:numpy-batch
SI-pHiSD,0.001584893192461114,0.002,2000000,29,-0.5234375,1.2093749999999999,completed,0.06601892829341506,0.18404094152499795,9.974864362655661e-07,-1005.136367554957,762.7328988352476,6626,success_index1,S_L,gradient_tolerance,,raw_state_verified,run.py:numpy-batch
SI-pHiSD,0.001584893192461114,0.002,2000000,30,-0.5140625000000001,1.2093749999999999,completed,0.06601892833709325,0.18404094155142459,9.977666482662978e-07,-1005.136367657788,762.7328988690566,6626,success_index1,S_L,gradient_tolerance,,raw_state_verified,run.py:numpy-batch
SI-pHiSD,0.001584893192461114,0.002,2000000,62,-0.5140625000000001,1.228125,completed,0.06601892827715632,0.18404094151772435,9.999400291228954e-07,-1005.1363675271086,762.7328988204156,6627,success_index1,S_L,gradient_tolerance,,raw_state_verified,run.py:numpy-batch
SI-pHiSD,0.001584893192461114,0.002,2000000,451,-0.7671875,1.4718749999999998,completed,1.115257202576875,4.874342735976862,14654769122.367298,1402230868.6615038,128396834823.49936,6632,state_safeguard,U,state_safeguard,source_norm2_gt_5,raw_state_verified,run.py:numpy-batch
SI-pHiSD,0.001584893192461114,0.002,2000000,31,-0.5046875000000001,1.2093749999999999,completed,0.0660189283515858,0.1840409415594103,9.975233947617767e-07,-1005.1363676887225,762.7328988809608,6632,success_index1,S_L,gradient_tolerance,,raw_state_verified,run.py:numpy-batch
SI-pHiSD,0.001584893192461114,0.002,2000000,63,-0.5046875000000001,1.228125,completed,0.06601892832209168,0.184040941544585,9.994141194545738e-07,-1005.1363676315705,762.7328988554835,6632,success_index1,S_L,gradient_tolerance,,raw_state_verified,run.py:numpy-batch
SI-pHiSD,0.001584893192461114,0.002,2000000,352,-0.7953125000000001,1.415625,completed,1.1084230812216243,4.8758934395483156,14271189927.926447,1366928936.874602,124940523519.91547,6644,state_safeguard,U,state_safeguard,source_norm2_gt_5,raw_state_verified,run.py:numpy-batch
SI-pHiSD,0.001584893192461114,0.002,2000000,419,-0.7671875,1.453125,completed,1.1117299261970925,4.875091563817947,14450309711.242907,1383409957.9022286,126554441401.61185,6656,state_safeguard,U,state_safeguard,source_norm2_gt_5,raw_state_verified,run.py:numpy-batch
SI-pHiSD,0.001584893192461114,0.002,2000000,482,-0.7765625,1.4906249999999999,completed,-4.86113245629697,-1.1713592424718455,18197801671.510983,1726892199.1122103,160429716210.06635,6659,state_safeguard,U,state_safeguard,source_norm2_gt_5,raw_state_verified,run.py:numpy-batch
SI-pHiSD,0.001584893192461114,0.002,2000000,452,-0.7578125,1.4718749999999998,completed,1.1144099027333574,4.874307252101583,14583794359.487768,1395666752.36696,127758131938.59964,6661,state_safeguard,U,state_safeguard,source_norm2_gt_5,raw_state_verified,run.py:numpy-batch
SI-pHiSD,0.001584893192461114,0.002,2000000,386,-0.7765625,1.434375,completed,1.1097671797967343,4.875459121664256,14333035415.552654,1372603532.9452457,125498196043.9917,6669,state_safeguard,U,state_safeguard,source_norm2_gt_5,raw_state_verified,run.py:numpy-batch
SI-pHiSD,0.001584893192461114,0.002,2000000,353,-0.7859375000000001,1.415625,completed,1.1087442386074542,4.875657241379787,14272961184.299007,1367067696.1487126,124957191164.69913,6700,state_safeguard,U,state_safeguard,source_norm2_gt_5,raw_state_verified,run.py:numpy-batch
SI-pHiSD,0.001584893192461114,0.002,2000000,453,-0.7484375000000001,1.4718749999999998,completed,1.1141140518000319,4.874553964027167,14585016990.500462,1395806378.362046,127768354601.51569,6701,state_safeguard,U,state_safeguard,source_norm2_gt_5,raw_state_verified,run.py:numpy-batch
SI-pHiSD,0.001584893192461114,0.002,2000000,420,-0.7578125,1.453125,completed,1.1116516744297842,4.875008806210644,14435958138.230646,1382074001.9971545,126425570805.1372,6705,state_safeguard,U,state_safeguard,source_norm2_gt_5,raw_state_verified,run.py:numpy-batch
SI-pHiSD,0.001584893192461114,0.002,2000000,483,-0.7671875,1.4906249999999999,completed,-4.860782135733339,-1.172272063069404,18245593641.28176,1731232472.0209317,160863719840.9248,6715,state_safeguard,U,state_safeguard,source_norm2_gt_5,raw_state_verified,run.py:numpy-batch
SI-pHiSD,0.001584893192461114,0.002,2000000,387,-0.7671875,1.434375,completed,1.1099921786301337,4.875345702957009,14339409293.043095,1373180987.297772,125555889085.35133,6728,state_safeguard,U,state_safeguard,source_norm2_gt_5,raw_state_verified,run.py:numpy-batch
SI-pHiSD,0.001584893192461114,0.002,2000000,485,-0.7484375000000001,1.4906249999999999,completed,1.1227694517492812,4.872578976926044,15083155120.455904,1441611514.6953285,132259972667.75937,6729,state_safeguard,U,state_safeguard,source_norm2_gt_5,raw_state_verified,run.py:numpy-batch
SI-pHiSD,0.001584893192461114,0.002,2000000,486,-0.7390625000000001,1.4906249999999999,completed,1.119234543764078,4.873283494590492,14867104995.709646,1421735659.5896046,130311862035.03267,6734,state_safeguard,U,state_safeguard,source_norm2_gt_5,raw_state_verified,run.py:numpy-batch
SI-pHiSD,0.001584893192461114,0.002,2000000,320,-0.7953125000000001,1.3968749999999999,completed,1.1075817191887862,4.8759171622776964,14208407587.255121,1361123112.2718773,124375770807.13675,6744,state_safeguard,U,state_safeguard,source_norm2_gt_5,raw_state_verified,run.py:numpy-batch
SI-pHiSD,0.001584893192461114,0.002,2000000,454,-0.7390625000000001,1.4718749999999998,completed,1.113730071477071,4.874519968227692,14551179817.245256,1392674723.9141142,127463936005.0445,6752,state_safeguard,U,state_safeguard,source_norm2_gt_5,raw_state_verified,run.py:numpy-batch
SI-pHiSD,0.001584893192461114,0.002,2000000,255,-0.5046875000000001,1.340625,completed,0.06601892869193386,0.1840409417020374,9.97087971477686e-07,-1005.1363682324856,762.7328991998949,6762,success_index1,S_L,gradient_tolerance,,raw_state_verified,run.py:numpy-batch
SI-pHiSD,0.001584893192461114,0.002,2000000,487,-0.7296875,1.4906249999999999,completed,1.1175207959236553,4.873558906254555,14756856244.873106,1411579942.3647172,129318323497.44058,6766,state_safeguard,U,state_safeguard,source_norm2_gt_5,raw_state_verified,run.py:numpy-batch
SI-pHiSD,0.001584893192461114,0.002,2000000,354,-0.7765625,1.415625,completed,1.1085121708237968,4.875782712093431,14267253479.146757,1366553014.6767228,124905461065.11763,6767,state_safeguard,U,state_safeguard,source_norm2_gt_5,raw_state_verified,run.py:numpy-batch
SI-pHiSD,0.001584893192461114,0.002,2000000,421,-0.7484375000000001,1.453125,completed,1.1115919788300406,4.874996762657079,14430079381.226202,1381529093.756849,126372714431.04248,6767,state_safeguard,U,state_safeguard,source_norm2_gt_5,raw_state_verified,run.py:numpy-batch
SI-pHiSD,0.001584893192461114,0.002,2000000,221,-0.5234375,1.321875,completed,0.06601892870079826,0.18404094170548924,9.979644637072085e-07,-1005.1363682455782,762.732899208432,6769,success_index1,S_L,gradient_tolerance,,raw_state_verified,run.py:numpy-batch
SI-pHiSD,0.001584893192461114,0.002,2000000,254,-0.5140625000000001,1.340625,completed,0.06601892868847044,0.1840409417017384,9.977191459735141e-07,-1005.1363682316406,762.7328991956389,6769,success_index1,S_L,gradient_tolerance,,raw_state_verified,run.py:numpy-batch
SI-pHiSD,0.001584893192461114,0.002,2000000,222,-0.5140625000000001,1.321875,completed,0.06601892872540166,0.18404094171255775,9.983939282976955e-07,-1005.136368271696,762.7328992343296,6770,success_index1,S_L,gradient_tolerance,,raw_state_verified,run.py:numpy-batch
SI-pHiSD,0.001584893192461114,0.002,2000000,287,-0.5046875000000001,1.359375,completed,0.06601892869110094,0.18404094170184565,9.971295227172354e-07,-1005.1363682317947,762.732899198976,6776,success_index1,S_L,gradient_tolerance,,raw_state_verified,run.py:numpy-batch
SI-pHiSD,0.001584893192461114,0.002,2000000,220,-0.5328125000000001,1.321875,completed,0.06601892870923184,0.1840409417090068,9.990635696264393e-07,-1005.1363682589849,762.7328992163491,6780,success_index1,S_L,gradient_tolerance,,raw_state_verified,run.py:numpy-batch
SI-pHiSD,0.001584893192461114,0.002,2000000,219,-0.5421875,1.321875,completed,0.0660189286858923,0.1840409417015701,9.982439842226485e-07,-1005.1363682312323,762.7328991924232,6781,success_index1,S_L,gradient_tolerance,,raw_state_verified,run.py:numpy-batch
SI-pHiSD,0.001584893192461114,0.002,2000000,187,-0.5421875,1.3031249999999999,completed,0.06601892872630354,0.18404094171191204,9.975909837201222e-07,-1005.1363682689727,762.732899236072,6782,success_index1,S_L,gradient_tolerance,,raw_state_verified,run.py:numpy-batch
SI-pHiSD,0.001584893192461114,0.002,2000000,188,-0.5328125000000001,1.3031249999999999,completed,0.06601892875557107,0.18404094172053678,9.988739382387422e-07,-1005.1363683009217,762.7328992666896,6784,success_index1,S_L,gradient_tolerance,,raw_state_verified,run.py:numpy-batch
SI-pHiSD,0.001584893192461114,0.002,2000000,252,-0.5328125000000001,1.340625,completed,0.06601892868192301,0.18404094169964422,9.97539387951237e-07,-1005.136368223823,762.7328991889337,6784,success_index1,S_L,gradient_tolerance,,raw_state_verified,run.py:numpy-batch
SI-pHiSD,0.001584893192461114,0.002,2000000,189,-0.5234375,1.3031249999999999,completed,0.06601892877887199,0.18404094172533594,9.98438380041126e-07,-1005.1363683179466,762.732899292878,6785,success_index1,S_L,gradient_tolerance,,raw_state_verified,run.py:numpy-batch
SI-pHiSD,0.001584893192461114,0.002,2000000,186,-0.5515625000000001,1.3031249999999999,completed,0.06601892872063257,0.18404094171283408,9.997817463308343e-07,-1005.1363682733324,762.7328992278661,6787,success_index1,S_L,gradient_tolerance,,raw_state_verified,run.py:numpy-batch
SI-pHiSD,0.001584893192461114,0.002,2000000,251,-0.5421875,1.340625,completed,0.06601892866317428,0.18404094169541815,9.988079154859954e-07,-1005.1363682086408,762.7328991681816,6787,success_index1,S_L,gradient_tolerance,,raw_state_verified,run.py:numpy-batch
SI-pHiSD,0.001584893192461114,0.002,2000000,190,-0.5140625000000001,1.3031249999999999,completed,0.06601892881243848,0.18404094173201804,9.982744641913208e-07,-1005.136368341531,762.7328993308063,6790,success_index1,S_L,gradient_tolerance,,raw_state_verified,run.py:numpy-batch
SI-pHiSD,0.001584893192461114,0.002,2000000,250,-0.5515625000000001,1.340625,completed,0.06601892864522745,0.1840409416896664,9.98697563934622e-07,-1005.1363681871651,762.7328991498131,6791,success_index1,S_L,gradient_tolerance,,raw_state_verified,run.py:numpy-batch
SI-pHiSD,0.001584893192461114,0.002,2000000,319,-0.5046875000000001,1.378125,completed,0.0660189286796027,0.1840409417000879,9.985654100273356e-07,-1005.1363682258773,762.7328991855178,6791,success_index1,S_L,gradient_tolerance,,raw_state_verified,run.py:numpy-batch
SI-pHiSD,0.001584893192461114,0.002,2000000,284,-0.5328125000000001,1.359375,completed,0.06601892865616263,0.18404094169452914,9.999760208406275e-07,-1005.136368205776,762.7328991598147,6792,success_index1,S_L,gradient_tolerance,,raw_state_verified,run.py:numpy-batch
SI-pHiSD,0.001584893192461114,0.002,2000000,253,-0.5234375,1.340625,completed,0.06601892870695018,0.18404094170649435,9.973353315099724e-07,-1005.1363682490069,762.7328992155757,6793,success_index1,S_L,gradient_tolerance,,raw_state_verified,run.py:numpy-batch
SI-pHiSD,0.001584893192461114,0.002,2000000,153,-0.5609375000000001,1.284375,completed,0.06601892875070023,0.18404094171956734,9.990442043671694e-07,-1005.1363682975,762.7328992611858,6794,success_index1,S_L,gradient_tolerance,,raw_state_verified,run.py:numpy-batch
SI-pHiSD,0.001584893192461114,0.002,2000000,184,-0.5703125,1.3031249999999999,completed,0.06601892868610522,0.1840409417009521,9.976234661993456e-07,-1005.1363682286953,762.7328991932429,6794,success_index1,S_L,gradient_tolerance,,raw_state_verified,run.py:numpy-batch
SI-pHiSD,0.001584893192461114,0.002,2000000,218,-0.5515625000000001,1.321875,completed,0.06601892869747189,0.1840409417043495,9.977710497058217e-07,-1005.1363682412978,762.732899205092,6794,success_index1,S_L,gradient_tolerance,,raw_state_verified,run.py:numpy-batch
SI-pHiSD,0.001584893192461114,0.002,2000000,185,-0.5609375000000001,1.3031249999999999,completed,0.06601892872183873,0.18404094171222818,9.989394026431545e-07,-1005.1363682707374,762.7328992299708,6796,success_index1,S_L,gradient_tolerance,,raw_state_verified,run.py:numpy-batch
SI-pHiSD,0.001584893192461114,0.002,2000000,152,-0.5703125,1.284375,completed,0.06601892873462634,0.18404094171434918,9.97880132633621e-07,-1005.136368277995,762.7328992447924,6797,success_index1,S_L,gradient_tolerance,,raw_state_verified,run.py:numpy-batch
SI-pHiSD,0.001584893192461114,0.002,2000000,155,-0.5421875,1.284375,completed,0.0660189288014689,0.18404094173001406,9.984043621399614e-07,-1005.1363683345551,762.7328993182535,6797,success_index1,S_L,gradient_tolerance,,raw_state_verified,run.py:numpy-batch
SI-pHiSD,0.001584893192461114,0.002,2000000,216,-0.5703125,1.321875,completed,0.06601892865341269,0.18404094169326016,9.996043728771387e-07,-1005.1363682009085,762.7328991573397,6798,success_index1,S_L,gradient_tolerance,,raw_state_verified,run.py:numpy-batch
SI-pHiSD,0.001584893192461114,0.002,2000000,286,-0.5140625000000001,1.359375,completed,0.06601892870791394,0.1840409417092003,9.995674171942695e-07,-1005.1363682599131,762.7328992144605,6798,success_index1,S_L,gradient_tolerance,,raw_state_verified,run.py:numpy-batch
SI-pHiSD,0.001584893192461114,0.002,2000000,285,-0.5234375,1.359375,completed,0.06601892868114716,0.184040941701607,9.995384815881266e-07,-1005.1363682318918,762.732899186201,6799,success_index1,S_L,gradient_tolerance,,raw_state_verified,run.py:numpy-batch
SI-pHiSD,0.001584893192461114,0.002,2000000,154,-0.5515625000000001,1.284375,completed,0.06601892879263889,0.18404094172674954,9.970636217436886e-07,-1005.1363683222206,762.732899309597,6800,success_index1,S_L,gradient_tolerance,,raw_state_verified,run.py:numpy-batch
SI-pHiSD,0.001584893192461114,0.002,2000000,191,-0.5046875000000001,1.3031249999999999,completed,0.06601892886245786,0.18404094174131336,9.989067943441888e-07,-1005.1363683739818,762.7328993879064,6800,success_index1,S_L,gradient_tolerance,,raw_state_verified,run.py:numpy-batch
SI-pHiSD,0.001584893192461114,0.002,2000000,183,-0.5796875,1.3031249999999999,completed,0.06601892867853881,0.18404094169921292,9.980527160838391e-07,-1005.1363682224314,762.7328991848974,6801,success_index1,S_L,gradient_tolerance,,raw_state_verified,run.py:numpy-batch
SI-pHiSD,0.001584893192461114,0.002,2000000,388,-0.7578125,1.434375,completed,1.1098681323419175,4.875272629637021,14322557504.25169,1371614517.9334245,125404521669.23851,6802,state_safeguard,U,state_safeguard,source_norm2_gt_5,raw_state_verified,run.py:numpy-batch
SI-pHiSD,0.001584893192461114,0.002,2000000,217,-0.5609375000000001,1.321875,completed,0.06601892868926598,0.18404094170112145,9.969473549762442e-07,-1005.1363682290453,762.7328991972173,6803,success_index1,S_L,gradient_tolerance,,raw_state_verified,run.py:numpy-batch
SI-pHiSD,0.001584893192461114,0.002,2000000,151,-0.5796875,1.284375,completed,0.06601892873006614,0.18404094171331015,9.979864454000717e-07,-1005.1363682742566,762.7328992397545,6804,success_index1,S_L,gradient_tolerance,,raw_state_verified,run.py:numpy-batch
SI-pHiSD,0.001584893192461114,0.002,2000000,156,-0.5328125000000001,1.284375,completed,0.06601892884319471,0.18404094173715363,9.97925693224947e-07,-1005.1363683591247,762.732899366425,6806,success_index1,S_L,gradient_tolerance,,raw_state_verified,run.py:numpy-batch
SI-pHiSD,0.001584893192461114,0.002,2000000,119,-0.5796875,1.265625,completed,0.06601892877472544,0.1840409417230063,9.971402820542914e-07,-1005.1363683089136,762.7328992895109,6808,success_index1,S_L,gradient_tolerance,,raw_state_verified,run.py:numpy-batch
SI-pHiSD,0.001584893192461114,0.002,2000000,249,-0.5609375000000001,1.340625,completed,0.06601892865556516,0.18404094169098148,9.969114079263884e-07,-1005.1363681914065,762.7328991621454,6808,success_index1,S_L,gradient_tolerance,,raw_state_verified,run.py:numpy-batch
SI-pHiSD,0.001584893192461114,0.002,2000000,118,-0.5890625,1.265625,completed,0.06601892875658417,0.18404094171932603,9.975502233984682e-07,-1005.1363682958869,762.7328992690727,6809,success_index1,S_L,gradient_tolerance,,raw_state_verified,run.py:numpy-batch
SI-pHiSD,0.001584893192461114,0.002,2000000,121,-0.5609375000000001,1.265625,completed,0.06601892882502641,0.18404094173605828,9.998164237663837e-07,-1005.1363683566178,762.732899343685,6809,success_index1,S_L,gradient_tolerance,,raw_state_verified,run.py:numpy-batch
SI-pHiSD,0.001584893192461114,0.002,2000000,215,-0.5796875,1.321875,completed,0.06601892865192469,0.18404094169159665,9.985150017420055e-07,-1005.1363681943002,762.732899156857,6809,success_index1,S_L,gradient_tolerance,,raw_state_verified,run.py:numpy-batch
SI-pHiSD,0.001584893192461114,0.002,2000000,117,-0.5984375000000001,1.265625,completed,0.06601892873509843,0.18404094171484367,9.982235899186997e-07,-1005.1363682799558,762.7328992449746,6810,success_index1,S_L,gradient_tolerance,,raw_state_verified,run.py:numpy-batch
SI-pHiSD,0.001584893192461114,0.002,2000000,150,-0.5890625,1.284375,completed,0.06601892872183371,0.18404094171293311,9.995847834937682e-07,-1005.1363682736065,762.732899229346,6810,success_index1,S_L,gradient_tolerance,,raw_state_verified,run.py:numpy-batch
SI-pHiSD,0.001584893192461114,0.002,2000000,223,-0.5046875000000001,1.321875,completed,0.06601892879643989,0.18404094172812488,9.976068224681885e-07,-1005.1363683274088,762.7328993133497,6810,success_index1,S_L,gradient_tolerance,,raw_state_verified,run.py:numpy-batch
SI-pHiSD,0.001584893192461114,0.002,2000000,157,-0.5234375,1.284375,completed,0.06601892888079924,0.18404094174321145,9.982128402715537e-07,-1005.1363683797363,762.7328994101681,6811,success_index1,S_L,gradient_tolerance,,raw_state_verified,run.py:numpy-batch
SI-pHiSD,0.001584893192461114,0.002,2000000,350,-0.5140625000000001,1.3968749999999999,completed,0.06601892866178512,0.1840409416940229,9.979246168408015e-07,-1005.1363682031132,762.7328991675926,6812,success_index1,S_L,gradient_tolerance,,raw_state_verified,run.py:numpy-batch
SI-pHiSD,0.001584893192461114,0.002,2000000,120,-0.5703125,1.265625,completed,0.06601892881918767,0.18404094173433308,9.99223145938569e-07,-1005.1363683502256,762.7328993375811,6813,success_index1,S_L,gradient_tolerance,,raw_state_verified,run.py:numpy-batch
SI-pHiSD,0.001584893192461114,0.002,2000000,316,-0.5328125000000001,1.378125,completed,0.0660189286632735,0.18404094169374494,9.97253859722418e-07,-1005.136368201823,762.7328991697779,6813,success_index1,S_L,gradient_tolerance,,raw_state_verified,run.py:numpy-batch
SI-pHiSD,0.001584893192461114,0.002,2000000,149,-0.5984375000000001,1.284375,completed,0.06601892870378928,0.18404094170832355,9.997979903796212e-07,-1005.1363682567884,762.7328992098487,6814,success_index1,S_L,gradient_tolerance,,raw_state_verified,run.py:numpy-batch
SI-pHiSD,0.001584893192461114,0.002,2000000,283,-0.5421875,1.359375,completed,0.06601892868557517,0.18404094170052382,9.973724848860374e-07,-1005.1363682270098,762.7328991929268,6814,success_index1,S_L,gradient_tolerance,,raw_state_verified,run.py:numpy-batch
SI-pHiSD,0.001584893192461114,0.002,2000000,317,-0.5234375,1.378125,completed,0.06601892868632403,0.18404094170215143,9.986608592898706e-07,-1005.1363682335514,762.7328991924765,6814,success_index1,S_L,gradient_tolerance,,raw_state_verified,run.py:numpy-batch
SI-pHiSD,0.001584893192461114,0.002,2000000,318,-0.5140625000000001,1.378125,completed,0.06601892868594175,0.1840409417006982,9.97434826368865e-07,-1005.1363682276798,762.732899193252,6814,success_index1,S_L,gradient_tolerance,,raw_state_verified,run.py:numpy-batch
SI-pHiSD,0.001584893192461114,0.002,2000000,351,-0.5046875000000001,1.3968749999999999,completed,0.06601892870416323,0.18404094170592422,9.975121519531443e-07,-1005.1363682469863,762.7328992124404,6814,success_index1,S_L,gradient_tolerance,,raw_state_verified,run.py:numpy-batch
SI-pHiSD,0.001584893192461114,0.002,2000000,86,-0.5890625,1.246875,completed,0.06601892880793479,0.18404094173006702,9.972884782086309e-07,-1005.1363683340769,762.7328993266417,6815,success_index1,S_L,gradient_tolerance,,raw_state_verified,run.py:numpy-batch
SI-pHiSD,0.001584893192461114,0.002,2000000,116,-0.6078125000000001,1.265625,completed,0.0660189287209265,0.18404094171188903,9.988477500273861e-07,-1005.1363682694558,762.7328992290779,6815,success_index1,S_L,gradient_tolerance,,raw_state_verified,run.py:numpy-batch
SI-pHiSD,0.001584893192461114,0.002,2000000,122,-0.5515625000000001,1.265625,completed,0.06601892885616094,0.18404094173886945,9.975719944174994e-07,-1005.136368364714,762.732899381835,6815,success_index1,S_L,gradient_tolerance,,raw_state_verified,run.py:numpy-batch
SI-pHiSD,0.001584893192461114,0.002,2000000,484,-0.7578125,1.4906249999999999,completed,-4.860322106752758,-1.1747446564864186,18437681876.093353,1748792204.26192,162604848704.95502,6816,state_safeguard,U,state_safeguard,source_norm2_gt_5,raw_state_verified,run.py:numpy-batch
SI-pHiSD,0.001584893192461114,0.002,2000000,85,-0.5984375000000001,1.246875,completed,0.06601892878410508,0.18404094172527172,9.973506906395982e-07,-1005.1363683171246,762.7328992997602,6816,success_index1,S_L,gradient_tolerance,,raw_state_verified,run.py:numpy-batch
SI-pHiSD,0.001584893192461114,0.002,2000000,84,-0.6078125000000001,1.246875,completed,0.06601892876506857,0.18404094172184793,9.980609175107128e-07,-1005.136368305237,762.7328992779294,6817,success_index1,S_L,gradient_tolerance,,raw_state_verified,run.py:numpy-batch
SI-pHiSD,0.001584893192461114,0.002,2000000,488,-0.7203125,1.4906249999999999,completed,1.1167093097505092,4.8739304957188985,14729325568.75515,1409076377.5383024,129069288296.27466,6818,state_safeguard,U,state_safeguard,source_norm2_gt_5,raw_state_verified,run.py:numpy-batch
SI-pHiSD,0.001584893192461114,0.002,2000000,123,-0.5421875,1.265625,completed,0.06601892888483131,0.18404094174259408,9.971551015794296e-07,-1005.1363683767912,762.7328994159695,6818,success_index1,S_L,gradient_tolerance,,raw_state_verified,run.py:numpy-batch
SI-pHiSD,0.001584893192461114,0.002,2000000,181,-0.5984375000000001,1.3031249999999999,completed,0.0660189286644523,0.18404094169489976,9.979779016115648e-07,-1005.1363682063945,762.7328991703033,6818,success_index1,S_L,gradient_tolerance,,raw_state_verified,run.py:numpy-batch
SI-pHiSD,0.001584893192461114,0.002,2000000,182,-0.5890625,1.3031249999999999,completed,0.06601892869090166,0.18404094170223742,9.975391471944148e-07,-1005.13636823341,762.7328991983732,6818,success_index1,S_L,gradient_tolerance,,raw_state_verified,run.py:numpy-batch
SI-pHiSD,0.001584893192461114,0.002,2000000,214,-0.5890625,1.321875,completed,0.0660189286443302,0.18404094169040652,9.996345060300031e-07,-1005.136368190273,762.7328991479936,6818,success_index1,S_L,gradient_tolerance,,raw_state_verified,run.py:numpy-batch
SI-pHiSD,0.001584893192461114,0.002,2000000,382,-0.5140625000000001,1.415625,completed,0.06601892863814132,0.1840409416880919,9.993513226068417e-07,-1005.13636818152,762.7328991419496,6818,success_index1,S_L,gradient_tolerance,,raw_state_verified,run.py:numpy-batch
SI-pHiSD,0.001584893192461114,0.002,2000000,87,-0.5796875,1.246875,completed,0.06601892883675727,0.1840409417371862,9.989511945716292e-07,-1005.1363683599484,762.7328993579987,6819,success_index1,S_L,gradient_tolerance,,raw_state_verified,run.py:numpy-batch
SI-pHiSD,0.001584893192461114,0.002,2000000,148,-0.6078125000000001,1.284375,completed,0.06601892868673893,0.18404094170141616,9.97880109473008e-07,-1005.1363682305152,762.7328991936627,6819,success_index1,S_L,gradient_tolerance,,raw_state_verified,run.py:numpy-batch
SI-pHiSD,0.001584893192461114,0.002,2000000,455,-0.7296875,1.4718749999999998,completed,1.1135790579580525,4.87458177666001,14545399496.648027,1392147008.3732784,127411721090.59198,6820,state_safeguard,U,state_safeguard,source_norm2_gt_5,raw_state_verified,run.py:numpy-batch
SI-pHiSD,0.001584893192461114,0.002,2000000,88,-0.5703125,1.246875,completed,0.0660189288668709,0.18404094174048438,9.975501907864865e-07,-1005.1363683701358,762.7328993943897,6822,success_index1,S_L,gradient_tolerance,,raw_state_verified,run.py:numpy-batch
SI-pHiSD,0.001584893192461114,0.002,2000000,115,-0.6171875,1.265625,completed,0.06601892871127894,0.18404094170827223,9.978867943483185e-07,-1005.1363682557761,762.7328992196635,6822,success_index1,S_L,gradient_tolerance,,raw_state_verified,run.py:numpy-batch
SI-pHiSD,0.001584893192461114,0.002,2000000,158,-0.5140625000000001,1.284375,completed,0.06601892892498223,0.1840409417475288,9.973099555065231e-07,-1005.1363683925593,762.7328994640194,6822,success_index1,S_L,gradient_tolerance,,raw_state_verified,run.py:numpy-batch
SI-pHiSD,0.001584893192461114,0.002,2000000,52,-0.6078125000000001,1.228125,completed,0.06601892881726458,0.18404094173405225,9.992949184702965e-07,-1005.1363683492898,762.7328993353182,6824,success_index1,S_L,gradient_tolerance,,raw_state_verified,run.py:numpy-batch
SI-pHiSD,0.001584893192461114,0.002,2000000,82,-0.6265625,1.246875,completed,0.06601892873502167,0.18404094171615512,9.994396153106285e-07,-1005.1363682853001,762.7328992437248,6824,success_index1,S_L,gradient_tolerance,,raw_state_verified,run.py:numpy-batch
SI-pHiSD,0.001584893192461114,0.002,2000000,83,-0.6171875,1.246875,completed,0.06601892875692587,0.1840409417193449,9.974942398779614e-07,-1005.1363682959272,762.7328992695019,6824,success_index1,S_L,gradient_tolerance,,raw_state_verified,run.py:numpy-batch
SI-pHiSD,0.001584893192461114,0.002,2000000,247,-0.5796875,1.340625,completed,0.06601892863678598,0.18404094168753068,9.992434964011774e-07,-1005.1363681793823,762.7328991406735,6824,success_index1,S_L,gradient_tolerance,,raw_state_verified,run.py:numpy-batch
SI-pHiSD,0.001584893192461114,0.002,2000000,50,-0.6265625,1.228125,completed,0.06601892877574396,0.18404094172527025,9.990029120561973e-07,-1005.1363683180157,762.7328992888546,6825,success_index1,S_L,gradient_tolerance,,raw_state_verified,run.py:numpy-batch
SI-pHiSD,0.001584893192461114,0.002,2000000,51,-0.6171875,1.228125,completed,0.06601892879790214,0.1840409417284903,9.97669119408856e-07,-1005.1363683287384,762.7328993149366,6826,success_index1,S_L,gradient_tolerance,,raw_state_verified,run.py:numpy-batch
SI-pHiSD,0.001584893192461114,0.002,2000000,89,-0.5609375000000001,1.246875,completed,0.06601892889324061,0.1840409417453719,9.986709728027914e-07,-1005.1363683871904,762.7328994245041,6826,success_index1,S_L,gradient_tolerance,,raw_state_verified,run.py:numpy-batch
SI-pHiSD,0.001584893192461114,0.002,2000000,53,-0.5984375000000001,1.228125,completed,0.0660189288460156,0.18404094173809052,9.98351160475137e-07,-1005.1363683626336,762.7328993692836,6827,success_index1,S_L,gradient_tolerance,,raw_state_verified,run.py:numpy-batch
SI-pHiSD,0.001584893192461114,0.002,2000000,180,-0.6078125000000001,1.3031249999999999,completed,0.06601892865805417,0.18404094169248708,9.975766392717738e-07,-1005.1363681972653,762.7328991640724,6828,success_index1,S_L,gradient_tolerance,,raw_state_verified,run.py:numpy-batch
SI-pHiSD,0.001584893192461114,0.002,2000000,315,-0.5421875,1.378125,completed,0.06601892865703005,0.18404094169422167,9.994490334687974e-07,-1005.1363682044323,762.7328991612155,6828,success_index1,S_L,gradient_tolerance,,raw_state_verified,run.py:numpy-batch
SI-pHiSD,0.001584893192461114,0.002,2000000,49,-0.6359375,1.228125,completed,0.06601892875830735,0.18404094172020596,9.979857745655866e-07,-1005.1363682992819,762.7328992705493,6829,success_index1,S_L,gradient_tolerance,,raw_state_verified,run.py:numpy-batch
SI-pHiSD,0.001584893192461114,0.002,2000000,147,-0.6171875,1.284375,completed,0.06601892868496971,0.18404094170299548,9.99789306741303e-07,-1005.1363682371305,762.7328991899703,6829,success_index1,S_L,gradient_tolerance,,raw_state_verified,run.py:numpy-batch
SI-pHiSD,0.001584893192461114,0.002,2000000,314,-0.5515625000000001,1.378125,completed,0.06601892863943087,0.1840409416885829,9.994159827578794e-07,-1005.1363681833793,762.7328991432012,6829,success_index1,S_L,gradient_tolerance,,raw_state_verified,run.py:numpy-batch
SI-pHiSD,0.001584893192461114,0.002,2000000,349,-0.5234375,1.3968749999999999,completed,0.06601892866432779,0.18404094169646706,9.994424422430245e-07,-1005.1363682127848,762.7328991687665,6829,success_index1,S_L,gradient_tolerance,,raw_state_verified,run.py:numpy-batch
SI-pHiSD,0.001584893192461114,0.002,2000000,114,-0.6265625,1.265625,completed,0.06601892870685173,0.18404094170777457,9.985294195870137e-07,-1005.1363682542263,762.7328992143248,6830,success_index1,S_L,gradient_tolerance,,raw_state_verified,run.py:numpy-batch
SI-pHiSD,0.001584893192461114,0.002,2000000,124,-0.5328125000000001,1.265625,completed,0.06601892894097325,0.1840409417514655,9.994684946640361e-07,-1005.1363684068601,762.7328994814281,6830,success_index1,S_L,gradient_tolerance,,raw_state_verified,run.py:numpy-batch
SI-pHiSD,0.001584893192461114,0.002,2000000,213,-0.5984375000000001,1.321875,completed,0.06601892864204452,0.18404094168887927,9.989141403309041e-07,-1005.1363681843048,762.7328991463506,6830,success_index1,S_L,gradient_tolerance,,raw_state_verified,run.py:numpy-batch
SI-pHiSD,0.001584893192461114,0.002,2000000,54,-0.5890625,1.228125,completed,0.06601892886795573,0.18404094174209815,9.988692469875802e-07,-1005.1363683765844,762.7328993943903,6831,success_index1,S_L,gradient_tolerance,,raw_state_verified,run.py:numpy-batch
SI-pHiSD,0.001584893192461114,0.002,2000000,81,-0.6359375,1.246875,completed,0.0660189287267383,0.1840409417135204,9.989581653040455e-07,-1005.1363682754694,762.7328992352292,6831,success_index1,S_L,gradient_tolerance,,raw_state_verified,run.py:numpy-batch
SI-pHiSD,0.001584893192461114,0.002,2000000,282,-0.5515625000000001,1.359375,completed,0.0660189286710543,0.1840409416989818,9.998758456665121e-07,-1005.1363682222942,762.7328991753367,6831,success_index1,S_L,gradient_tolerance,,raw_state_verified,run.py:numpy-batch
SI-pHiSD,0.001584893192461114,0.002,2000000,321,-0.7859375000000001,1.3968749999999999,completed,1.1080870027602048,4.8757597870055855,14232088768.770126,1363297397.620112,124589246274.67072,6833,state_safeguard,U,state_safeguard,source_norm2_gt_5,raw_state_verified,run.py:numpy-batch
SI-pHiSD,0.001584893192461114,0.002,2000000,19,-0.6171875,1.2093749999999999,completed,0.06601892884686598,0.18404094173926744,9.992941934994948e-07,-1005.136368367331,762.7328993693609,6833,success_index1,S_L,gradient_tolerance,,raw_state_verified,run.py:numpy-batch
SI-pHiSD,0.001584893192461114,0.002,2000000,383,-0.5046875000000001,1.415625,completed,0.06601892867683976,0.18404094169830065,9.976784468039983e-07,-1005.1363682189021,762.7328991834808,6833,success_index1,S_L,gradient_tolerance,,raw_state_verified,run.py:numpy-batch
SI-pHiSD,0.001584893192461114,0.002,2000000,16,-0.6453125000000001,1.2093749999999999,completed,0.06601892878264341,0.18404094172550559,9.97849689172738e-07,-1005.1363683182327,762.7328992976483,6834,success_index1,S_L,gradient_tolerance,,raw_state_verified,run.py:numpy-batch
SI-pHiSD,0.001584893192461114,0.002,2000000,17,-0.6359375,1.2093749999999999,completed,0.06601892880349666,0.1840409417302821,9.982804693097661e-07,-1005.1363683354281,762.7328993206637,6834,success_index1,S_L,gradient_tolerance,,raw_state_verified,run.py:numpy-batch
SI-pHiSD,0.001584893192461114,0.002,2000000,18,-0.6265625,1.2093749999999999,completed,0.06601892882976118,0.18404094173684823,9.997601444484972e-07,-1005.1363683593243,762.7328993491687,6835,success_index1,S_L,gradient_tolerance,,raw_state_verified,run.py:numpy-batch
SI-pHiSD,0.001584893192461114,0.002,2000000,48,-0.6453125000000001,1.228125,completed,0.06601892875307014,0.18404094171937838,9.983556737060846e-07,-1005.1363682964771,762.7328992644428,6835,success_index1,S_L,gradient_tolerance,,raw_state_verified,run.py:numpy-batch
SI-pHiSD,0.001584893192461114,0.002,2000000,348,-0.5328125000000001,1.3968749999999999,completed,0.06601892866230788,0.1840409416931702,9.97000182062761e-07,-1005.1363681995881,762.7328991690218,6835,success_index1,S_L,gradient_tolerance,,raw_state_verified,run.py:numpy-batch
SI-pHiSD,0.001584893192461114,0.002,2000000,280,-0.5703125,1.359375,completed,0.06601892864386516,0.18404094169013593,9.995241700806273e-07,-1005.1363681892223,762.7328991476239,6836,success_index1,S_L,gradient_tolerance,,raw_state_verified,run.py:numpy-batch
SI-pHiSD,0.001584893192461114,0.002,2000000,313,-0.5609375000000001,1.378125,completed,0.06601892862145745,0.18404094168053198,9.975232932120774e-07,-1005.1363681525523,762.7328991268135,6836,success_index1,S_L,gradient_tolerance,,raw_state_verified,run.py:numpy-batch
SI-pHiSD,0.001584893192461114,0.002,2000000,55,-0.5796875,1.228125,completed,0.066018928900456,0.18404094174505756,9.975688118573062e-07,-1005.1363683851374,762.7328994341921,6837,success_index1,S_L,gradient_tolerance,,raw_state_verified,run.py:numpy-batch
SI-pHiSD,0.001584893192461114,0.002,2000000,80,-0.6453125000000001,1.246875,completed,0.06601892871032171,0.1840409417078973,9.977803188757808e-07,-1005.1363682543536,762.7328992187437,6837,success_index1,S_L,gradient_tolerance,,raw_state_verified,run.py:numpy-batch
SI-pHiSD,0.001584893192461114,0.002,2000000,90,-0.5515625000000001,1.246875,completed,0.06601892893096224,0.1840409417484493,9.975994682569017e-07,-1005.1363683956629,762.7328994710132,6837,success_index1,S_L,gradient_tolerance,,raw_state_verified,run.py:numpy-batch
SI-pHiSD,0.001584893192461114,0.002,2000000,159,-0.5046875000000001,1.284375,completed,0.06601892897743016,0.184040941753157,9.98526664426077e-07,-1005.1363684098294,762.7328995275026,6837,success_index1,S_L,gradient_tolerance,,raw_state_verified,run.py:numpy-batch
SI-pHiSD,0.001584893192461114,0.002,2000000,146,-0.6265625,1.284375,completed,0.06601892867216937,0.1840409416963714,9.971881381959544e-07,-1005.1363682115542,762.7328991790794,6838,success_index1,S_L,gradient_tolerance,,raw_state_verified,run.py:numpy-batch
SI-pHiSD,0.001584893192461114,0.002,2000000,15,-0.6546875000000001,1.2093749999999999,completed,0.06601892877082785,0.1840409417237616,9.986206999198658e-07,-1005.1363683124047,762.7328992837646,6839,success_index1,S_L,gradient_tolerance,,raw_state_verified,run.py:numpy-batch
SI-pHiSD,0.001584893192461114,0.002,2000000,20,-0.6078125000000001,1.2093749999999999,completed,0.06601892887353836,0.18404094174211577,9.981461022409529e-07,-1005.1363683760572,762.7328994016575,6839,success_index1,S_L,gradient_tolerance,,raw_state_verified,run.py:numpy-batch
SI-pHiSD,0.001584893192461114,0.002,2000000,47,-0.6546875000000001,1.228125,completed,0.06601892873255427,0.1840409417133424,9.974380466816402e-07,-1005.1363682741211,762.7328992429719,6839,success_index1,S_L,gradient_tolerance,,raw_state_verified,run.py:numpy-batch
SI-pHiSD,0.001584893192461114,0.002,2000000,279,-0.5796875,1.359375,completed,0.06601892861639025,0.18404094168072274,9.992695924945289e-07,-1005.1363681538727,762.732899120036,6839,success_index1,S_L,gradient_tolerance,,raw_state_verified,run.py:numpy-batch
SI-pHiSD,0.001584893192461114,0.002,2000000,179,-0.6171875,1.3031249999999999,completed,0.0660189286557902,0.18404094169240723,9.981472656138616e-07,-1005.1363681971831,762.7328991611887,6840,success_index1,S_L,gradient_tolerance,,raw_state_verified,run.py:numpy-batch
SI-pHiSD,0.001584893192461114,0.002,2000000,248,-0.5703125,1.340625,completed,0.06601892867985772,0.1840409416989252,9.974356220870858e-07,-1005.136368221119,762.73289918687,6840,success_index1,S_L,gradient_tolerance,,raw_state_verified,run.py:numpy-batch
SI-pHiSD,0.001584893192461114,0.002,2000000,415,-0.5046875000000001,1.434375,completed,0.0660189286568094,0.18404094169475088,9.999943670316485e-07,-1005.1363682066092,762.7328991604635,6840,success_index1,S_L,gradient_tolerance,,raw_state_verified,run.py:numpy-batch
SI-pHiSD,0.001584893192461114,0.002,2000000,113,-0.6359375,1.265625,completed,0.0660189286992504,0.18404094170441138,9.973734275027878e-07,-1005.1363682413587,762.7328992073577,6841,success_index1,S_L,gradient_tolerance,,raw_state_verified,run.py:numpy-batch
SI-pHiSD,0.001584893192461114,0.002,2000000,281,-0.5609375000000001,1.359375,completed,0.06601892867572146,0.18404094170027663,9.997847298359081e-07,-1005.1363682270612,762.7328991802896,6843,success_index1,S_L,gradient_tolerance,,raw_state_verified,run.py:numpy-batch
SI-pHiSD,0.001584893192461114,0.002,2000000,125,-0.5234375,1.265625,completed,0.06601892898488532,0.18404094175431843,9.991835965671511e-07,-1005.1363684137548,762.7328995362095,6844,success_index1,S_L,gradient_tolerance,,raw_state_verified,run.py:numpy-batch
SI-pHiSD,0.001584893192461114,0.002,2000000,21,-0.5984375000000001,1.2093749999999999,completed,0.06601892890316839,0.18404094174527955,9.974723429219416e-07,-1005.1363683857495,762.7328994375355,6845,success_index1,S_L,gradient_tolerance,,raw_state_verified,run.py:numpy-batch
SI-pHiSD,0.001584893192461114,0.002,2000000,212,-0.6078125000000001,1.321875,completed,0.06601892864670711,0.1840409416899465,9.985211856779854e-07,-1005.1363681881462,762.7328991514972,6845,success_index1,S_L,gradient_tolerance,,raw_state_verified,run.py:numpy-batch
SI-pHiSD,0.001584893192461114,0.002,2000000,14,-0.6640625,1.2093749999999999,completed,0.06601892876799133,0.1840409417229558,9.984670066074482e-07,-1005.1363683094311,762.7328992807705,6846,success_index1,S_L,gradient_tolerance,,raw_state_verified,run.py:numpy-batch
SI-pHiSD,0.001584893192461114,0.002,2000000,46,-0.6640625,1.228125,completed,0.06601892871988409,0.18404094171149213,9.987351429901841e-07,-1005.1363682679529,762.7328992280661,6846,success_index1,S_L,gradient_tolerance,,raw_state_verified,run.py:numpy-batch
SI-pHiSD,0.001584893192461114,0.002,2000000,56,-0.5703125,1.228125,completed,0.0660189289380728,0.18404094175176153,9.999732666903056e-07,-1005.136368408376,762.7328994773848,6846,success_index1,S_L,gradient_tolerance,,raw_state_verified,run.py:numpy-batch
SI-pHiSD,0.001584893192461114,0.002,2000000,79,-0.6546875000000001,1.246875,completed,0.06601892870418148,0.1840409417084754,9.99838127041041e-07,-1005.1363682573641,762.7328992102273,6846,success_index1,S_L,gradient_tolerance,,raw_state_verified,run.py:numpy-batch
SI-pHiSD,0.001584893192461114,0.002,2000000,246,-0.5890625,1.340625,completed,0.06601892865784179,0.1840409416922132,9.973870972133785e-07,-1005.1363681961734,762.732899164035,6846,success_index1,S_L,gradient_tolerance,,raw_state_verified,run.py:numpy-batch
SI-pHiSD,0.001584893192461114,0.002,2000000,414,-0.5140625000000001,1.434375,completed,0.06601892864075704,0.1840409416886247,9.990618481216737e-07,-1005.1363681834074,762.7328991448944,6847,success_index1,S_L,gradient_tolerance,,raw_state_verified,run.py:numpy-batch
SI-pHiSD,0.001584893192461114,0.002,2000000,112,-0.6453125000000001,1.265625,completed,0.06601892868637214,0.1840409417016424,9.981833982992518e-07,-1005.1363682314751,762.7328991929858,6848,success_index1,S_L,gradient_tolerance,,raw_state_verified,run.py:numpy-batch
SI-pHiSD,0.001584893192461114,0.002,2000000,145,-0.6359375,1.284375,completed,0.06601892866582423,0.18404094169702234,9.995322705238893e-07,-1005.1363682148832,762.7328991702318,6848,success_index1,S_L,gradient_tolerance,,raw_state_verified,run.py:numpy-batch
SI-pHiSD,0.001584893192461114,0.002,2000000,13,-0.6734375,1.2093749999999999,completed,0.06601892875018468,0.1840409417201501,9.99689466243967e-07,-1005.1363682999262,762.7328992600025,6849,success_index1,S_L,gradient_tolerance,,raw_state_verified,run.py:numpy-batch
SI-pHiSD,0.001584893192461114,0.002,2000000,422,-0.7390625000000001,1.453125,completed,1.11164590068166,4.875054403051774,14440023909.15044,1382454850.8560987,126462009690.59818,6850,state_safeguard,U,state_safeguard,source_norm2_gt_5,raw_state_verified,run.py:numpy-batch
SI-pHiSD,0.001584893192461114,0.002,2000000,347,-0.5421875,1.3968749999999999,completed,0.06601892865975753,0.18404094169475552,9.991636827709186e-07,-1005.1363682063118,762.7328991643052,6850,success_index1,S_L,gradient_tolerance,,raw_state_verified,run.py:numpy-batch
SI-pHiSD,0.001584893192461114,0.002,2000000,381,-0.5234375,1.415625,completed,0.06601892866446514,0.1840409416969995,9.99889800187045e-07,-1005.1363682149363,762.732899168479,6850,success_index1,S_L,gradient_tolerance,,raw_state_verified,run.py:numpy-batch
SI-pHiSD,0.001584893192461114,0.002,2000000,245,-0.5984375000000001,1.340625,completed,0.0660189286354144,0.1840409416847259,9.970986549836932e-07,-1005.1363681681179,762.7328991413433,6851,success_index1,S_L,gradient_tolerance,,raw_state_verified,run.py:numpy-batch
SI-pHiSD,0.001584893192461114,0.002,2000000,380,-0.5328125000000001,1.415625,completed,0.0660189286461283,0.18404094168826182,9.971545459312508e-07,-1005.1363681813542,762.7328991522197,6851,success_index1,S_L,gradient_tolerance,,raw_state_verified,run.py:numpy-batch
SI-pHiSD,0.001584893192461114,0.002,2000000,178,-0.6265625,1.3031249999999999,completed,0.06601892865595235,0.18404094169356514,9.991568668696124e-07,-1005.1363682018767,762.732899160385,6853,success_index1,S_L,gradient_tolerance,,raw_state_verified,run.py:numpy-batch
SI-pHiSD,0.001584893192461114,0.002,2000000,346,-0.5515625000000001,1.3968749999999999,completed,0.06601892864187682,0.18404094168814186,9.982916668712313e-07,-1005.1363681813224,762.7328991467787,6853,success_index1,S_L,gradient_tolerance,,raw_state_verified,run.py:numpy-batch
SI-pHiSD,0.001584893192461114,0.002,2000000,45,-0.6734375,1.228125,completed,0.06601892871061787,0.18404094171008983,9.997103612916702e-07,-1005.1363682632419,762.7328992172079,6854,success_index1,S_L,gradient_tolerance,,raw_state_verified,run.py:numpy-batch
SI-pHiSD,0.001584893192461114,0.002,2000000,91,-0.5421875,1.246875,completed,0.06601892899082726,0.1840409417553483,9.998281812044992e-07,-1005.1363684173073,762.7328995430577,6854,success_index1,S_L,gradient_tolerance,,raw_state_verified,run.py:numpy-batch
SI-pHiSD,0.001584893192461114,0.002,2000000,78,-0.6640625,1.246875,completed,0.06601892869186891,0.18404094170281976,9.978192775173452e-07,-1005.1363682356755,762.7328991991242,6855,success_index1,S_L,gradient_tolerance,,raw_state_verified,run.py:numpy-batch
SI-pHiSD,0.001584893192461114,0.002,2000000,278,-0.5890625,1.359375,completed,0.0660189286192868,0.18404094168211288,9.996328715175965e-07,-1005.1363681592173,762.7328991225959,6855,success_index1,S_L,gradient_tolerance,,raw_state_verified,run.py:numpy-batch
SI-pHiSD,0.001584893192461114,0.002,2000000,12,-0.6828125,1.2093749999999999,completed,0.06601892873420384,0.18404094171546542,9.989973808162095e-07,-1005.1363682825819,762.7328992432623,6856,success_index1,S_L,gradient_tolerance,,raw_state_verified,run.py:numpy-batch
SI-pHiSD,0.001584893192461114,0.002,2000000,22,-0.5890625,1.2093749999999999,completed,0.06601892895555117,0.18404094175249863,9.99294312719651e-07,-1005.1363684094994,762.7328994995387,6857,success_index1,S_L,gradient_tolerance,,raw_state_verified,run.py:numpy-batch
SI-pHiSD,0.001584893192461114,0.002,2000000,11,-0.6921875000000001,1.2093749999999999,completed,0.06601892871201322,0.18404094170982246,9.99122438488017e-07,-1005.1363682620043,762.7328992192625,6860,success_index1,S_L,gradient_tolerance,,raw_state_verified,run.py:numpy-batch
SI-pHiSD,0.001584893192461114,0.002,2000000,111,-0.6546875000000001,1.265625,completed,0.06601892868481717,0.18404094170037916,9.974409331152665e-07,-1005.1363682265027,762.7328991920645,6860,success_index1,S_L,gradient_tolerance,,raw_state_verified,run.py:numpy-batch
SI-pHiSD,0.001584893192461114,0.002,2000000,144,-0.6453125000000001,1.284375,completed,0.06601892866092864,0.1840409416955491,9.99557521249751e-07,-1005.1363682094149,762.7328991651372,6860,success_index1,S_L,gradient_tolerance,,raw_state_verified,run.py:numpy-batch
SI-pHiSD,0.001584893192461114,0.002,2000000,211,-0.6171875,1.321875,completed,0.0660189286464087,0.18404094168997215,9.98631479493634e-07,-1005.1363681882826,762.7328991510858,6860,success_index1,S_L,gradient_tolerance,,raw_state_verified,run.py:numpy-batch
SI-pHiSD,0.001584893192461114,0.002,2000000,355,-0.7671875,1.415625,completed,1.108618168403601,4.875616888614826,14259235710.432549,1365793685.5493343,124833860122.80766,6861,state_safeguard,U,state_safeguard,source_norm2_gt_5,raw_state_verified,run.py:numpy-batch
SI-pHiSD,0.001584893192461114,0.002,2000000,447,-0.5046875000000001,1.453125,completed,0.06601892864993268,0.18404094169108207,9.98620334374266e-07,-1005.1363681924207,762.7328991547093,6861,success_index1,S_L,gradient_tolerance,,raw_state_verified,run.py:numpy-batch
SI-pHiSD,0.001584893192461114,0.002,2000000,44,-0.6828125,1.228125,completed,0.06601892869746469,0.18404094170628063,9.995367244584703e-07,-1005.1363682491553,762.7328992033896,6862,success_index1,S_L,gradient_tolerance,,raw_state_verified,run.py:numpy-batch
SI-pHiSD,0.001584893192461114,0.002,2000000,57,-0.5609375000000001,1.228125,completed,0.06601892900190391,0.18404094175520913,9.992621740481055e-07,-1005.1363684155524,762.732899557629,6863,success_index1,S_L,gradient_tolerance,,raw_state_verified,run.py:numpy-batch
SI-pHiSD,0.001584893192461114,0.002,2000000,77,-0.6734375,1.246875,completed,0.06601892868406682,0.18404094170195234,9.99076223401677e-07,-1005.1363682329832,762.7328991897066,6865,success_index1,S_L,gradient_tolerance,,raw_state_verified,run.py:numpy-batch
SI-pHiSD,0.001584893192461114,0.002,2000000,244,-0.6078125000000001,1.340625,completed,0.06601892863310527,0.18404094168549373,9.984902837574148e-07,-1005.13636817149,762.7328991376578,6865,success_index1,S_L,gradient_tolerance,,raw_state_verified,run.py:numpy-batch
SI-pHiSD,0.001584893192461114,0.002,2000000,126,-0.5140625000000001,1.265625,completed,0.06601892905089016,0.1840409417553158,9.985158481413577e-07,-1005.1363684107288,762.7328996214375,6867,success_index1,S_L,gradient_tolerance,,raw_state_verified,run.py:numpy-batch
SI-pHiSD,0.001584893192461114,0.002,2000000,177,-0.6359375,1.3031249999999999,completed,0.0660189286570357,0.1840409416928258,9.981745408269282e-07,-1005.1363681987525,762.7328991624468,6868,success_index1,S_L,gradient_tolerance,,raw_state_verified,run.py:numpy-batch
SI-pHiSD,0.001584893192461114,0.002,2000000,413,-0.5234375,1.434375,completed,0.0660189286499327,0.18404094169008525,9.977116434300403e-07,-1005.1363681883645,762.7328991555836,6868,success_index1,S_L,gradient_tolerance,,raw_state_verified,run.py:numpy-batch
SI-pHiSD,0.001584893192461114,0.002,2000000,10,-0.7015625000000001,1.2093749999999999,completed,0.06601892870107438,0.18404094170684335,9.991313772297461e-07,-1005.1363682510575,762.7328992076049,6869,success_index1,S_L,gradient_tolerance,,raw_state_verified,run.py:numpy-batch
SI-pHiSD,0.001584893192461114,0.002,2000000,23,-0.5796875,1.2093749999999999,completed,0.06601892899785147,0.18404094175500718,9.992331034759387e-07,-1005.1363684151653,762.7328995525198,6871,success_index1,S_L,gradient_tolerance,,raw_state_verified,run.py:numpy-batch
SI-pHiSD,0.001584893192461114,0.002,2000000,110,-0.6640625,1.265625,completed,0.06601892867784513,0.18404094169998308,9.989426595422221e-07,-1005.1363682256392,762.732899183317,6871,success_index1,S_L,gradient_tolerance,,raw_state_verified,run.py:numpy-batch
SI-pHiSD,0.001584893192461114,0.002,2000000,378,-0.5515625000000001,1.415625,completed,0.06601892861837057,0.1840409416818753,9.997011281242214e-07,-1005.1363681583491,762.7328991216092,6871,success_index1,S_L,gradient_tolerance,,raw_state_verified,run.py:numpy-batch
SI-pHiSD,0.001584893192461114,0.002,2000000,43,-0.6921875000000001,1.228125,completed,0.0660189286886807,0.18404094170355165,9.993197775403358e-07,-1005.1363682389954,762.7328991943235,6872,success_index1,S_L,gradient_tolerance,,raw_state_verified,run.py:numpy-batch
SI-pHiSD,0.001584893192461114,0.002,2000000,143,-0.6546875000000001,1.284375,completed,0.06601892865625948,0.18404094169428398,9.99724945077648e-07,-1005.136368204769,762.7328991601555,6873,success_index1,S_L,gradient_tolerance,,raw_state_verified,run.py:numpy-batch
SI-pHiSD,0.001584893192461114,0.002,2000000,479,-0.5046875000000001,1.4718749999999998,completed,0.06601892862432654,0.18404094168102464,9.970885462575708e-07,-1005.1363681542489,762.7328991301246,6873,success_index1,S_L,gradient_tolerance,,raw_state_verified,run.py:numpy-batch
SI-pHiSD,0.001584893192461114,0.002,2000000,210,-0.6265625,1.321875,completed,0.06601892864143369,0.18404094168840246,9.986596852770489e-07,-1005.1363681824304,762.732899145972,6874,success_index1,S_L,gradient_tolerance,,raw_state_verified,run.py:numpy-batch
SI-pHiSD,0.001584893192461114,0.002,2000000,379,-0.5421875,1.415625,completed,0.06601892865183451,0.18404094169275517,9.99597162651324e-07,-1005.1363681990235,762.7328991557238,6874,success_index1,S_L,gradient_tolerance,,raw_state_verified,run.py:numpy-batch
SI-pHiSD,0.001584893192461114,0.002,2000000,92,-0.5328125000000001,1.246875,completed,0.06601892905475437,0.18404094175695335,9.999678188271634e-07,-1005.1363684169773,762.7328996250424,6876,success_index1,S_L,gradient_tolerance,,raw_state_verified,run.py:numpy-batch
SI-pHiSD,0.001584893192461114,0.002,2000000,311,-0.5796875,1.378125,completed,0.06601892864111716,0.18404094168794297,9.983344577351356e-07,-1005.1363681805944,762.732899145962,6876,success_index1,S_L,gradient_tolerance,,raw_state_verified,run.py:numpy-batch
SI-pHiSD,0.001584893192461114,0.002,2000000,76,-0.6828125,1.246875,completed,0.06601892867772506,0.18404094169912505,9.98191775030008e-07,-1005.1363682221611,762.7328991839128,6877,success_index1,S_L,gradient_tolerance,,raw_state_verified,run.py:numpy-batch
SI-pHiSD,0.001584893192461114,0.002,2000000,243,-0.6171875,1.340625,completed,0.0660189286208871,0.18404094168297164,9.999187814375452e-07,-1005.1363681625396,762.7328991239306,6877,success_index1,S_L,gradient_tolerance,,raw_state_verified,run.py:numpy-batch
SI-pHiSD,0.001584893192461114,0.002,2000000,277,-0.5984375000000001,1.359375,completed,0.06601892863344816,0.18404094168525398,9.981689595980743e-07,-1005.1363681704772,762.7328991383156,6877,success_index1,S_L,gradient_tolerance,,raw_state_verified,run.py:numpy-batch
SI-pHiSD,0.001584893192461114,0.002,2000000,344,-0.5703125,1.3968749999999999,completed,0.06601892861810182,0.18404094168025903,9.98314721279129e-07,-1005.136368151802,762.7328991226758,6877,success_index1,S_L,gradient_tolerance,,raw_state_verified,run.py:numpy-batch
SI-pHiSD,0.001584893192461114,0.002,2000000,412,-0.5328125000000001,1.434375,completed,0.06601892864198597,0.18404094168863536,9.987090993153014e-07,-1005.1363681833183,762.7328991464883,6877,success_index1,S_L,gradient_tolerance,,raw_state_verified,run.py:numpy-batch
SI-pHiSD,0.001584893192461114,0.002,2000000,9,-0.7109375,1.2093749999999999,completed,0.0660189286921621,0.1840409417019751,9.969716894684304e-07,-1005.1363682322072,762.7328992002471,6880,success_index1,S_L,gradient_tolerance,,raw_state_verified,run.py:numpy-batch
SI-pHiSD,0.001584893192461114,0.002,2000000,312,-0.5703125,1.378125,completed,0.0660189286727709,0.18404094169887536,9.993087500697425e-07,-1005.1363682216772,762.7328991776689,6880,success_index1,S_L,gradient_tolerance,,raw_state_verified,run.py:numpy-batch
SI-pHiSD,0.001584893192461114,0.002,2000000,446,-0.5140625000000001,1.453125,completed,0.0660189286490351,0.18404094168929935,9.972550743377402e-07,-1005.1363681852633,762.7328991551017,6880,success_index1,S_L,gradient_tolerance,,raw_state_verified,run.py:numpy-batch
SI-pHiSD,0.001584893192461114,0.002,2000000,109,-0.6734375,1.265625,completed,0.06601892866791202,0.18404094169641458,9.98398846589737e-07,-1005.1363682121865,762.7328991734881,6882,success_index1,S_L,gradient_tolerance,,raw_state_verified,run.py:numpy-batch
SI-pHiSD,0.001584893192461114,0.002,2000000,310,-0.5890625,1.378125,completed,0.06601892861939884,0.18404094168132873,9.988849620093764e-07,-1005.1363681560151,762.7328991234295,6883,success_index1,S_L,gradient_tolerance,,raw_state_verified,run.py:numpy-batch
SI-pHiSD,0.001584893192461114,0.002,2000000,42,-0.7015625000000001,1.228125,completed,0.06601892868120302,0.1840409416988007,9.9696166240385e-07,-1005.1363682204683,762.732899188734,6884,success_index1,S_L,gradient_tolerance,,raw_state_verified,run.py:numpy-batch
SI-pHiSD,0.001584893192461114,0.002,2000000,176,-0.6453125000000001,1.3031249999999999,completed,0.06601892865830725,0.18404094169339563,9.983334749845834e-07,-1005.1363682009344,762.7328991636058,6884,success_index1,S_L,gradient_tolerance,,raw_state_verified,run.py:numpy-batch
SI-pHiSD,0.001584893192461114,0.002,2000000,58,-0.5515625000000001,1.228125,completed,0.06601892906243113,0.18404094175617058,9.99333083221442e-07,-1005.1363684129683,762.7328996357428,6885,success_index1,S_L,gradient_tolerance,,raw_state_verified,run.py:numpy-batch
SI-pHiSD,0.001584893192461114,0.002,2000000,276,-0.6078125000000001,1.359375,completed,0.06601892861256536,0.1840409416795717,9.99421598815129e-07,-1005.1363681496,762.7328991160558,6886,success_index1,S_L,gradient_tolerance,,raw_state_verified,run.py:numpy-batch
SI-pHiSD,0.001584893192461114,0.002,2000000,445,-0.5234375,1.453125,completed,0.06601892864315814,0.1840409416902586,9.99843395195515e-07,-1005.1363681897969,762.7328991465945,6886,success_index1,S_L,gradient_tolerance,,raw_state_verified,run.py:numpy-batch
SI-pHiSD,0.001584893192461114,0.002,2000000,142,-0.6640625,1.284375,completed,0.0660189286521816,0.1840409416899731,9.969610162310917e-07,-1005.136368187667,762.7328991586156,6888,success_index1,S_L,gradient_tolerance,,raw_state_verified,run.py:numpy-batch
SI-pHiSD,0.001584893192461114,0.002,2000000,209,-0.6359375,1.321875,completed,0.06601892863665475,0.1840409416877352,9.994688642296104e-07,-1005.1363681802283,762.7328991403231,6888,success_index1,S_L,gradient_tolerance,,raw_state_verified,run.py:numpy-batch
SI-pHiSD,0.001584893192461114,0.002,2000000,75,-0.6921875000000001,1.246875,completed,0.06601892867187947,0.18404094169730117,9.981159858984935e-07,-1005.1363682153676,762.7328991778865,6890,success_index1,S_L,gradient_tolerance,,raw_state_verified,run.py:numpy-batch
SI-pHiSD,0.001584893192461114,0.002,2000000,8,-0.7203125,1.2093749999999999,completed,0.06601892868418564,0.18404094169967428,9.969647805076856e-07,-1005.1363682237026,762.732899191859,6891,success_index1,S_L,gradient_tolerance,,raw_state_verified,run.py:numpy-batch
SI-pHiSD,0.001584893192461114,0.002,2000000,489,-0.7109375,1.4906249999999999,completed,1.1160243666584841,4.8740061268366475,14682124309.409431,1404722603.0515347,128644140345.69843,6892,state_safeguard,U,state_safeguard,source_norm2_gt_5,raw_state_verified,run.py:numpy-batch
SI-pHiSD,0.001584893192461114,0.002,2000000,345,-0.5609375000000001,1.3968749999999999,completed,0.06601892866829583,0.18404094169751237,9.992943733166956e-07,-1005.1363682166115,762.7328991730267,6893,success_index1,S_L,gradient_tolerance,,raw_state_verified,run.py:numpy-batch
SI-pHiSD,0.001584893192461114,0.002,2000000,242,-0.6265625,1.340625,completed,0.0660189286197086,0.1840409416817572,9.991786157037064e-07,-1005.1363681577252,762.7328991234581,6894,success_index1,S_L,gradient_tolerance,,raw_state_verified,run.py:numpy-batch
SI-pHiSD,0.001584893192461114,0.002,2000000,108,-0.6828125,1.265625,completed,0.06601892866035564,0.18404094169538424,9.995684015338078e-07,-1005.1363682088052,762.7328991645345,6895,success_index1,S_L,gradient_tolerance,,raw_state_verified,run.py:numpy-batch
SI-pHiSD,0.001584893192461114,0.002,2000000,41,-0.7109375,1.228125,completed,0.06601892867390402,0.18404094169973542,9.997846122385836e-07,-1005.1363682250544,762.7328991783934,6896,success_index1,S_L,gradient_tolerance,,raw_state_verified,run.py:numpy-batch
SI-pHiSD,0.001584893192461114,0.002,2000000,24,-0.5703125,1.2093749999999999,completed,0.06601892907556793,0.18404094175447244,9.980427325851283e-07,-1005.1363684046493,762.7328996543689,6897,success_index1,S_L,gradient_tolerance,,raw_state_verified,run.py:numpy-batch
SI-pHiSD,0.001584893192461114,0.002,2000000,175,-0.6546875000000001,1.3031249999999999,completed,0.06601892866415747,0.18404094169615987,9.992097135708126e-07,-1005.1363682115527,762.7328991688139,6902,success_index1,S_L,gradient_tolerance,,raw_state_verified,run.py:numpy-batch
SI-pHiSD,0.001584893192461114,0.002,2000000,7,-0.7296875,1.2093749999999999,completed,0.06601892867652497,0.18404094169757274,9.970991947058577e-07,-1005.1363682159742,762.732899183708,6903,success_index1,S_L,gradient_tolerance,,raw_state_verified,run.py:numpy-batch
SI-pHiSD,0.001584893192461114,0.002,2000000,141,-0.6734375,1.284375,completed,0.06601892864861574,0.1840409416898597,9.978873711056164e-07,-1005.1363681875887,762.7328991540633,6903,success_index1,S_L,gradient_tolerance,,raw_state_verified,run.py:numpy-batch
SI-pHiSD,0.001584893192461114,0.002,2000000,411,-0.5421875,1.434375,completed,0.0660189286455618,0.18404094168862078,9.976470073735974e-07,-1005.1363681828757,762.7328991511658,6903,success_index1,S_L,gradient_tolerance,,raw_state_verified,run.py:numpy-batch
SI-pHiSD,0.001584893192461114,0.002,2000000,74,-0.7015625000000001,1.246875,completed,0.06601892866685138,0.1840409416963869,9.986673888595793e-07,-1005.1363682121878,762.7328991721288,6904,success_index1,S_L,gradient_tolerance,,raw_state_verified,run.py:numpy-batch
SI-pHiSD,0.001584893192461114,0.002,2000000,208,-0.6453125000000001,1.321875,completed,0.06601892863084767,0.1840409416834852,9.973422015476841e-07,-1005.1363681635597,762.7328991364739,6904,success_index1,S_L,gradient_tolerance,,raw_state_verified,run.py:numpy-batch
SI-pHiSD,0.001584893192461114,0.002,2000000,444,-0.5328125000000001,1.453125,completed,0.06601892864229374,0.18404094168818141,9.982049043371566e-07,-1005.1363681814383,762.732899147288,6904,success_index1,S_L,gradient_tolerance,,raw_state_verified,run.py:numpy-batch
SI-pHiSD,0.001584893192461114,0.002,2000000,389,-0.7484375000000001,1.434375,completed,1.1102733409688645,4.875278603750687,14354730968.575714,1374590944.4763644,125693933809.40082,6908,state_safeguard,U,state_safeguard,source_norm2_gt_5,raw_state_verified,run.py:numpy-batch
SI-pHiSD,0.001584893192461114,0.002,2000000,127,-0.5046875000000001,1.265625,completed,0.06601892915860025,0.1840409417486228,9.973386017835704e-07,-1005.1363683719385,762.7328997678119,6908,success_index1,S_L,gradient_tolerance,,raw_state_verified,run.py:numpy-batch
SI-pHiSD,0.001584893192461114,0.002,2000000,275,-0.6171875,1.359375,completed,0.066018928621843,0.1840409416805607,9.974304324550488e-07,-1005.136368152628,762.7328991272913,6908,success_index1,S_L,gradient_tolerance,,raw_state_verified,run.py:numpy-batch
SI-pHiSD,0.001584893192461114,0.002,2000000,376,-0.5703125,1.415625,completed,0.06601892861761927,0.18404094167931936,9.976103061738955e-07,-1005.1363681480308,762.7328991228699,6908,success_index1,S_L,gradient_tolerance,,raw_state_verified,run.py:numpy-batch
SI-pHiSD,0.001584893192461114,0.002,2000000,107,-0.6921875000000001,1.265625,completed,0.06601892865344759,0.18404094169191992,9.98372453849183e-07,-1005.136368195452,762.7328991585603,6910,success_index1,S_L,gradient_tolerance,,raw_state_verified,run.py:numpy-batch
SI-pHiSD,0.001584893192461114,0.002,2000000,40,-0.7203125,1.228125,completed,0.06601892867326783,0.1840409416983691,9.98711138773364e-07,-1005.1363682195642,762.732899178761,6911,success_index1,S_L,gradient_tolerance,,raw_state_verified,run.py:numpy-batch
SI-pHiSD,0.001584893192461114,0.002,2000000,241,-0.6359375,1.340625,completed,0.06601892862170713,0.18404094168327195,9.999388984395038e-07,-1005.1363681636735,762.732899124737,6913,success_index1,S_L,gradient_tolerance,,raw_state_verified,run.py:numpy-batch
SI-pHiSD,0.001584893192461114,0.002,2000000,477,-0.5234375,1.4718749999999998,completed,0.06601892863204781,0.18404094168626775,9.995132777418686e-07,-1005.1363681747521,762.7328991356001,6913,success_index1,S_L,gradient_tolerance,,raw_state_verified,run.py:numpy-batch
SI-pHiSD,0.001584893192461114,0.002,2000000,511,-0.5046875000000001,1.4906249999999999,completed,0.06601892864608694,0.18404094168919752,9.980193028152296e-07,-1005.1363681851653,762.7328991513455,6913,success_index1,S_L,gradient_tolerance,,raw_state_verified,run.py:numpy-batch
SI-pHiSD,0.001584893192461114,0.002,2000000,456,-0.7203125,1.4718749999999998,completed,1.113449741140548,4.874577675021561,14534760180.554413,1391162981.6494482,127315987661.20279,6914,state_safeguard,U,state_safeguard,source_norm2_gt_5,raw_state_verified,run.py:numpy-batch
SI-pHiSD,0.001584893192461114,0.002,2000000,93,-0.5234375,1.246875,completed,0.06601892916037314,0.18404094174944466,9.981907386694829e-07,-1005.1363683750926,762.7328997694035,6916,success_index1,S_L,gradient_tolerance,,raw_state_verified,run.py:numpy-batch
SI-pHiSD,0.001584893192461114,0.002,2000000,309,-0.5984375000000001,1.378125,completed,0.0660189286357085,0.18404094168500848,9.972679971292202e-07,-1005.1363681692359,762.7328991414795,6916,success_index1,S_L,gradient_tolerance,,raw_state_verified,run.py:numpy-batch
SI-pHiSD,0.001584893192461114,0.002,2000000,6,-0.7390625000000001,1.2093749999999999,completed,0.06601892867129426,0.18404094169815938,9.990595201815274e-07,-1005.1363682189219,762.7328991763708,6917,success_index1,S_L,gradient_tolerance,,raw_state_verified,run.py:numpy-batch
SI-pHiSD,0.001584893192461114,0.002,2000000,73,-0.7109375,1.246875,completed,0.06601892866247312,0.18404094169467658,9.983277985093832e-07,-1005.1363682056988,762.7328991679171,6919,success_index1,S_L,gradient_tolerance,,raw_state_verified,run.py:numpy-batch
SI-pHiSD,0.001584893192461114,0.002,2000000,59,-0.5421875,1.228125,completed,0.06601892915333282,0.18404094175125274,9.991523515336629e-07,-1005.1363683832042,762.7328997586347,6921,success_index1,S_L,gradient_tolerance,,raw_state_verified,run.py:numpy-batch
SI-pHiSD,0.001584893192461114,0.002,2000000,207,-0.6546875000000001,1.321875,completed,0.06601892862715511,0.18404094168325266,9.982512798559423e-07,-1005.1363681630102,762.7328991318609,6921,success_index1,S_L,gradient_tolerance,,raw_state_verified,run.py:numpy-batch
SI-pHiSD,0.001584893192461114,0.002,2000000,410,-0.5515625000000001,1.434375,completed,0.06601892865806545,0.18404094169280058,9.97859337195698e-07,-1005.1363681985393,762.7328991638119,6921,success_index1,S_L,gradient_tolerance,,raw_state_verified,run.py:numpy-batch
SI-pHiSD,0.001584893192461114,0.002,2000000,140,-0.6828125,1.284375,completed,0.06601892865314606,0.18404094169187762,9.98420355642818e-07,-1005.1363681953123,762.7328991582037,6922,success_index1,S_L,gradient_tolerance,,raw_state_verified,run.py:numpy-batch
SI-pHiSD,0.001584893192461114,0.002,2000000,308,-0.6078125000000001,1.378125,completed,0.06601892862317561,0.18404094168163596,9.979982802172302e-07,-1005.1363681568597,762.7328991280868,6922,success_index1,S_L,gradient_tolerance,,raw_state_verified,run.py:numpy-batch
SI-pHiSD,0.001584893192461114,0.002,2000000,174,-0.6640625,1.3031249999999999,completed,0.06601892865988085,0.18404094169255256,9.971196810562143e-07,-1005.1363681973359,762.7328991663974,6924,success_index1,S_L,gradient_tolerance,,raw_state_verified,run.py:numpy-batch
SI-pHiSD,0.001584893192461114,0.002,2000000,343,-0.5796875,1.3968749999999999,completed,0.06601892866820099,0.1840409416971556,9.989950431790232e-07,-1005.1363682151701,762.7328991732156,6925,success_index1,S_L,gradient_tolerance,,raw_state_verified,run.py:numpy-batch
SI-pHiSD,0.001584893192461114,0.002,2000000,106,-0.7015625000000001,1.265625,completed,0.06601892864739224,0.1840409416889232,9.973891356351003e-07,-1005.1363681839096,762.7328991532885,6926,success_index1,S_L,gradient_tolerance,,raw_state_verified,run.py:numpy-batch
SI-pHiSD,0.001584893192461114,0.002,2000000,478,-0.5140625000000001,1.4718749999999998,completed,0.06601892868616914,0.1840409417016079,9.98205428808883e-07,-1005.1363682313571,762.7328991927509,6926,success_index1,S_L,gradient_tolerance,,raw_state_verified,run.py:numpy-batch
SI-pHiSD,0.001584893192461114,0.002,2000000,288,-0.7953125000000001,1.378125,completed,1.1073940384334566,4.875834501733549,14185876662.922285,1359029714.612955,124173394246.61983,6928,state_safeguard,U,state_safeguard,source_norm2_gt_5,raw_state_verified,run.py:numpy-batch
SI-pHiSD,0.001584893192461114,0.002,2000000,274,-0.6265625,1.359375,completed,0.0660189286224904,0.18404094168220206,9.987241890176863e-07,-1005.1363681592369,762.7328991266966,6928,success_index1,S_L,gradient_tolerance,,raw_state_verified,run.py:numpy-batch
SI-pHiSD,0.001584893192461114,0.002,2000000,39,-0.7296875,1.228125,completed,0.06601892867549182,0.18404094170006052,9.996497362066218e-07,-1005.1363682262064,762.7328991801797,6929,success_index1,S_L,gradient_tolerance,,raw_state_verified,run.py:numpy-batch
SI-pHiSD,0.001584893192461114,0.002,2000000,173,-0.6734375,1.3031249999999999,completed,0.06601892863766426,0.18404094168843174,9.998026803345862e-07,-1005.1363681829539,762.732899141029,6930,success_index1,S_L,gradient_tolerance,,raw_state_verified,run.py:numpy-batch
SI-pHiSD,0.001584893192461114,0.002,2000000,342,-0.5890625,1.3968749999999999,completed,0.06601892865068011,0.1840409416928156,9.99984660762678e-07,-1005.136368199393,762.7328991541649,6930,success_index1,S_L,gradient_tolerance,,raw_state_verified,run.py:numpy-batch
SI-pHiSD,0.001584893192461114,0.002,2000000,341,-0.5984375000000001,1.3968749999999999,completed,0.0660189286108411,0.18404094167628954,9.969819484035683e-07,-1005.1363681364306,762.7328991166842,6932,success_index1,S_L,gradient_tolerance,,raw_state_verified,run.py:numpy-batch
SI-pHiSD,0.001584893192461114,0.002,2000000,25,-0.5609375000000001,1.2093749999999999,completed,0.06601892916059887,0.18404094174870042,9.975753136139592e-07,-1005.1363683720399,762.732899770351,6933,success_index1,S_L,gradient_tolerance,,raw_state_verified,run.py:numpy-batch
SI-pHiSD,0.001584893192461114,0.002,2000000,72,-0.7203125,1.246875,completed,0.0660189286566037,0.18404094169136853,9.96968486839157e-07,-1005.1363681928701,762.7328991631606,6934,success_index1,S_L,gradient_tolerance,,raw_state_verified,run.py:numpy-batch
SI-pHiSD,0.001584893192461114,0.002,2000000,443,-0.5421875,1.453125,completed,0.06601892865206488,0.18404094169248306,9.992827778775687e-07,-1005.1363681978916,762.7328991562626,6935,success_index1,S_L,gradient_tolerance,,raw_state_verified,run.py:numpy-batch
SI-pHiSD,0.001584893192461114,0.002,2000000,5,-0.7484375000000001,1.2093749999999999,completed,0.06601892868791777,0.18404094170299945,9.990157014158455e-07,-1005.1363682368301,762.7328991938124,6937,success_index1,S_L,gradient_tolerance,,raw_state_verified,run.py:numpy-batch
SI-pHiSD,0.001584893192461114,0.002,2000000,139,-0.6921875000000001,1.284375,completed,0.06601892864070635,0.18404094168832846,9.98806915015681e-07,-1005.1363681822073,762.7328991450884,6937,success_index1,S_L,gradient_tolerance,,raw_state_verified,run.py:numpy-batch
SI-pHiSD,0.001584893192461114,0.002,2000000,307,-0.6171875,1.378125,completed,0.06601892860746965,0.1840409416761232,9.979001135570547e-07,-1005.1363681361161,762.7328991124319,6937,success_index1,S_L,gradient_tolerance,,raw_state_verified,run.py:numpy-batch
SI-pHiSD,0.001584893192461114,0.002,2000000,377,-0.5609375000000001,1.415625,completed,0.06601892868221894,0.18404094170161703,9.99261455028152e-07,-1005.1363682318175,762.7328991875902,6939,success_index1,S_L,gradient_tolerance,,raw_state_verified,run.py:numpy-batch
SI-pHiSD,0.001584893192461114,0.002,2000000,408,-0.5703125,1.434375,completed,0.066018928610768,0.18404094167660295,9.972899642280452e-07,-1005.1363681377143,762.7328991163139,6940,success_index1,S_L,gradient_tolerance,,raw_state_verified,run.py:numpy-batch
SI-pHiSD,0.001584893192461114,0.002,2000000,510,-0.5140625000000001,1.4906249999999999,completed,0.06601892865502988,0.18404094169257038,9.985128876595743e-07,-1005.1363681979284,762.732899160054,6940,success_index1,S_L,gradient_tolerance,,raw_state_verified,run.py:numpy-batch
SI-pHiSD,0.001584893192461114,0.002,2000000,38,-0.7390625000000001,1.228125,completed,0.0660189286617718,0.18404094169567345,9.994338474045243e-07,-1005.1363682098299,762.7328991661285,6943,success_index1,S_L,gradient_tolerance,,raw_state_verified,run.py:numpy-batch
SI-pHiSD,0.001584893192461114,0.002,2000000,273,-0.6359375,1.359375,completed,0.06601892861177337,0.18404094167656046,9.969338948872264e-07,-1005.1363681374335,762.7328991176628,6945,success_index1,S_L,gradient_tolerance,,raw_state_verified,run.py:numpy-batch
SI-pHiSD,0.001584893192461114,0.002,2000000,105,-0.7109375,1.265625,completed,0.06601892865070692,0.18404094169017718,9.975718838934935e-07,-1005.1363681886555,762.7328991565129,6946,success_index1,S_L,gradient_tolerance,,raw_state_verified,run.py:numpy-batch
SI-pHiSD,0.001584893192461114,0.002,2000000,4,-0.7578125,1.2093749999999999,completed,0.06601892865885886,0.18404094169203133,9.969331077138136e-07,-1005.1363681953247,762.7328991655215,6947,success_index1,S_L,gradient_tolerance,,raw_state_verified,run.py:numpy-batch
SI-pHiSD,0.001584893192461114,0.002,2000000,240,-0.6453125000000001,1.340625,completed,0.06601892864206388,0.1840409416872266,9.974026715712606e-07,-1005.1363681775788,762.732899147825,6947,success_index1,S_L,gradient_tolerance,,raw_state_verified,run.py:numpy-batch
SI-pHiSD,0.001584893192461114,0.002,2000000,375,-0.5796875,1.415625,completed,0.06601892865040364,0.18404094169143914,9.988097406057984e-07,-1005.1363681938228,762.7328991550107,6948,success_index1,S_L,gradient_tolerance,,raw_state_verified,run.py:numpy-batch
SI-pHiSD,0.001584893192461114,0.002,2000000,71,-0.7296875,1.246875,completed,0.06601892864510654,0.18404094168992866,9.989719196182032e-07,-1005.1363681882453,762.7328991494255,6949,success_index1,S_L,gradient_tolerance,,raw_state_verified,run.py:numpy-batch
SI-pHiSD,0.001584893192461114,0.002,2000000,374,-0.5890625,1.415625,completed,0.06601892862415527,0.18404094168371213,9.995865238823356e-07,-1005.1363681652016,762.7328991275447,6952,success_index1,S_L,gradient_tolerance,,raw_state_verified,run.py:numpy-batch
SI-pHiSD,0.001584893192461114,0.002,2000000,409,-0.5609375000000001,1.434375,completed,0.06601892865719461,0.184040941693634,9.988664415341722e-07,-1005.136368202024,762.7328991619452,6952,success_index1,S_L,gradient_tolerance,,raw_state_verified,run.py:numpy-batch
SI-pHiSD,0.001584893192461114,0.002,2000000,475,-0.5421875,1.4718749999999998,completed,0.06601892862360675,0.18404094168165602,9.978840396567798e-07,-1005.1363681568953,762.7328991286315,6952,success_index1,S_L,gradient_tolerance,,raw_state_verified,run.py:numpy-batch
SI-pHiSD,0.001584893192461114,0.002,2000000,340,-0.6078125000000001,1.3968749999999999,completed,0.0660189286129168,0.18404094167781462,9.977137283402004e-07,-1005.1363681424131,762.7328991180551,6954,success_index1,S_L,gradient_tolerance,,raw_state_verified,run.py:numpy-batch
SI-pHiSD,0.001584893192461114,0.002,2000000,442,-0.5515625000000001,1.453125,completed,0.06601892865166911,0.18404094169312607,9.99982798709421e-07,-1005.1363682005498,762.7328991551831,6954,success_index1,S_L,gradient_tolerance,,raw_state_verified,run.py:numpy-batch
SI-pHiSD,0.001584893192461114,0.002,2000000,37,-0.7484375000000001,1.228125,completed,0.06601892865397063,0.18404094169250323,9.987544921271932e-07,-1005.1363681977687,762.7328991587312,6957,success_index1,S_L,gradient_tolerance,,raw_state_verified,run.py:numpy-batch
SI-pHiSD,0.001584893192461114,0.002,2000000,239,-0.6546875000000001,1.340625,completed,0.06601892862971488,0.18404094168411345,9.982569195125036e-07,-1005.1363681662377,762.7328991344455,6957,success_index1,S_L,gradient_tolerance,,raw_state_verified,run.py:numpy-batch
SI-pHiSD,0.001584893192461114,0.002,2000000,322,-0.7765625,1.3968749999999999,completed,1.1081598094060936,4.875869861211669,14248481188.250397,1364825616.4348626,124736341742.49614,6958,state_safeguard,U,state_safeguard,source_norm2_gt_5,raw_state_verified,run.py:numpy-batch
SI-pHiSD,0.001584893192461114,0.002,2000000,206,-0.6640625,1.321875,completed,0.06601892866556079,0.18404094169484256,9.976168703050547e-07,-1005.1363682060434,762.7328991717992,6958,success_index1,S_L,gradient_tolerance,,raw_state_verified,run.py:numpy-batch
SI-pHiSD,0.001584893192461114,0.002,2000000,138,-0.7015625000000001,1.284375,completed,0.0660189286547952,0.1840409416928664,9.988498247372824e-07,-1005.136368199158,762.7328991594882,6960,success_index1,S_L,gradient_tolerance,,raw_state_verified,run.py:numpy-batch
SI-pHiSD,0.001584893192461114,0.002,2000000,104,-0.7203125,1.265625,completed,0.0660189286377505,0.1840409416860792,9.976342722094664e-07,-1005.1363681733735,762.7328991432042,6962,success_index1,S_L,gradient_tolerance,,raw_state_verified,run.py:numpy-batch
SI-pHiSD,0.001584893192461114,0.002,2000000,509,-0.5234375,1.4906249999999999,completed,0.06601892865492727,0.184040941693635,9.995129026801545e-07,-1005.1363682022712,762.7328991589867,6962,success_index1,S_L,gradient_tolerance,,raw_state_verified,run.py:numpy-batch
SI-pHiSD,0.001584893192461114,0.002,2000000,172,-0.6828125,1.3031249999999999,completed,0.06601892866421759,0.18404094169703908,9.999950277530038e-07,-1005.1363682151235,762.7328991681217,6963,success_index1,S_L,gradient_tolerance,,raw_state_verified,run.py:numpy-batch
SI-pHiSD,0.001584893192461114,0.002,2000000,205,-0.6734375,1.321875,completed,0.06601892863143918,0.18404094168548582,9.989848955966755e-07,-1005.136368171636,762.7328991354916,6963,success_index1,S_L,gradient_tolerance,,raw_state_verified,run.py:numpy-batch
SI-pHiSD,0.001584893192461114,0.002,2000000,306,-0.6265625,1.378125,completed,0.06601892861753629,0.18404094168041835,9.986355905646737e-07,-1005.1363681525112,762.732899121798,6963,success_index1,S_L,gradient_tolerance,,raw_state_verified,run.py:numpy-batch
SI-pHiSD,0.001584893192461114,0.002,2000000,272,-0.6453125000000001,1.359375,completed,0.06601892861286512,0.18404094168017313,9.998740770978224e-07,-1005.1363681520148,762.7328991159196,6967,success_index1,S_L,gradient_tolerance,,raw_state_verified,run.py:numpy-batch
SI-pHiSD,0.001584893192461114,0.002,2000000,3,-0.7671875,1.2093749999999999,completed,0.06601892866990515,0.18404094169776763,9.990836162661663e-07,-1005.1363682174774,762.7328991749021,6968,success_index1,S_L,gradient_tolerance,,raw_state_verified,run.py:numpy-batch
SI-pHiSD,0.001584893192461114,0.002,2000000,70,-0.7390625000000001,1.246875,completed,0.06601892864398735,0.18404094168986607,9.992424467377148e-07,-1005.136368188111,762.7328991480204,6969,success_index1,S_L,gradient_tolerance,,raw_state_verified,run.py:numpy-batch
SI-pHiSD,0.001584893192461114,0.002,2000000,423,-0.7296875,1.453125,completed,1.111777410801715,4.875055823451778,14450496099.999601,1383423362.4742224,126556230856.82016,6970,state_safeguard,U,state_safeguard,source_norm2_gt_5,raw_state_verified,run.py:numpy-batch
SI-pHiSD,0.001584893192461114,0.002,2000000,476,-0.5328125000000001,1.4718749999999998,completed,0.0660189286842025,0.1840409416998358,9.971077843526948e-07,-1005.1363682243575,762.7328991917396,6971,success_index1,S_L,gradient_tolerance,,raw_state_verified,run.py:numpy-batch
SI-pHiSD,0.001584893192461114,0.002,2000000,36,-0.7578125,1.228125,completed,0.06601892864186229,0.18404094168721533,9.974517505022167e-07,-1005.1363681775545,762.7328991475721,6974,success_index1,S_L,gradient_tolerance,,raw_state_verified,run.py:numpy-batch
SI-pHiSD,0.001584893192461114,0.002,2000000,339,-0.6171875,1.3968749999999999,completed,0.06601892860997481,0.18404094167869087,9.994384686721877e-07,-1005.1363681462943,762.7328991134489,6976,success_index1,S_L,gradient_tolerance,,raw_state_verified,run.py:numpy-batch
SI-pHiSD,0.001584893192461114,0.002,2000000,373,-0.5984375000000001,1.415625,completed,0.06601892862815834,0.1840409416848987,9.99444099021482e-07,-1005.1363681696001,762.7328991317262,6976,success_index1,S_L,gradient_tolerance,,raw_state_verified,run.py:numpy-batch
SI-pHiSD,0.001584893192461114,0.002,2000000,441,-0.5609375000000001,1.453125,completed,0.06601892864469172,0.18404094168991103,9.990771667561614e-07,-1005.1363681882185,762.7328991488994,6976,success_index1,S_L,gradient_tolerance,,raw_state_verified,run.py:numpy-batch
SI-pHiSD,0.001584893192461114,0.002,2000000,238,-0.6640625,1.340625,completed,0.0660189286212741,0.18404094168064938,9.976866634240258e-07,-1005.13636815305,762.7328991264716,6977,success_index1,S_L,gradient_tolerance,,raw_state_verified,run.py:numpy-batch
SI-pHiSD,0.001584893192461114,0.002,2000000,137,-0.7109375,1.284375,completed,0.06601892864266407,0.1840409416879169,9.978549410490273e-07,-1005.1363681803225,762.7328991480027,6979,success_index1,S_L,gradient_tolerance,,raw_state_verified,run.py:numpy-batch
SI-pHiSD,0.001584893192461114,0.002,2000000,171,-0.6921875000000001,1.3031249999999999,completed,0.06601892864861394,0.18404094169162474,9.99496646908025e-07,-1005.13636819477,762.7328991525136,6979,success_index1,S_L,gradient_tolerance,,raw_state_verified,run.py:numpy-batch
SI-pHiSD,0.001584893192461114,0.002,2000000,2,-0.7765625,1.2093749999999999,completed,0.06601892864525537,0.18404094169005675,9.990451128849259e-07,-1005.1363681887507,762.7328991495073,6980,success_index1,S_L,gradient_tolerance,,raw_state_verified,run.py:numpy-batch
SI-pHiSD,0.001584893192461114,0.002,2000000,508,-0.5328125000000001,1.4906249999999999,completed,0.06601892865231301,0.18404094169021856,9.971470428209898e-07,-1005.1363681886517,762.7328991585717,6981,success_index1,S_L,gradient_tolerance,,raw_state_verified,run.py:numpy-batch
SI-pHiSD,0.001584893192461114,0.002,2000000,103,-0.7296875,1.265625,completed,0.06601892863329457,0.18404094168489638,9.9788955378632e-07,-1005.1363681690389,762.7328991384284,6982,success_index1,S_L,gradient_tolerance,,raw_state_verified,run.py:numpy-batch
SI-pHiSD,0.001584893192461114,0.002,2000000,440,-0.5703125,1.453125,completed,0.06601892862248697,0.18404094168117455,9.9779041302113e-07,-1005.1363681550565,762.7328991275932,6982,success_index1,S_L,gradient_tolerance,,raw_state_verified,run.py:numpy-batch
SI-pHiSD,0.001584893192461114,0.002,2000000,305,-0.6359375,1.378125,completed,0.06601892861231441,0.18404094167928914,9.992437403167956e-07,-1005.136368148477,762.7328991159761,6984,success_index1,S_L,gradient_tolerance,,raw_state_verified,run.py:numpy-batch
SI-pHiSD,0.001584893192461114,0.002,2000000,204,-0.6828125,1.321875,completed,0.06601892862794873,0.1840409416827535,9.975552651822766e-07,-1005.1363681608943,762.7328991333337,6985,success_index1,S_L,gradient_tolerance,,raw_state_verified,run.py:numpy-batch
SI-pHiSD,0.001584893192461114,0.002,2000000,94,-0.5140625000000001,1.246875,completed,0.06601892931974565,0.18404094172157337,9.98962086062405e-07,-1005.1363682445918,762.7329000017388,6987,success_index1,S_L,gradient_tolerance,,raw_state_verified,run.py:numpy-batch
SI-pHiSD,0.001584893192461114,0.002,2000000,69,-0.7484375000000001,1.246875,completed,0.06601892863845882,0.1840409416877649,9.989590623432366e-07,-1005.1363681801552,762.7328991426506,6989,success_index1,S_L,gradient_tolerance,,raw_state_verified,run.py:numpy-batch
SI-pHiSD,0.001584893192461114,0.002,2000000,407,-0.5796875,1.434375,completed,0.06601892865061244,0.18404094169254823,9.997605174032414e-07,-1005.1363681983125,762.7328991543108,6989,success_index1,S_L,gradient_tolerance,,raw_state_verified,run.py:numpy-batch
SI-pHiSD,0.001584893192461114,0.002,2000000,170,-0.7015625000000001,1.3031249999999999,completed,0.06601892863025265,0.18404094168435087,9.983102299398525e-07,-1005.1363681671461,762.7328991349389,6992,success_index1,S_L,gradient_tolerance,,raw_state_verified,run.py:numpy-batch
SI-pHiSD,0.001584893192461114,0.002,2000000,35,-0.7671875,1.228125,completed,0.0660189286344846,0.18404094168614277,9.98667286218985e-07,-1005.1363681739822,762.7328991388883,6993,success_index1,S_L,gradient_tolerance,,raw_state_verified,run.py:numpy-batch
SI-pHiSD,0.001584893192461114,0.002,2000000,406,-0.5890625,1.434375,completed,0.0660189286239954,0.1840409416818638,9.979537180432049e-07,-1005.136368157699,762.7328991289567,6993,success_index1,S_L,gradient_tolerance,,raw_state_verified,run.py:numpy-batch
SI-pHiSD,0.001584893192461114,0.002,2000000,271,-0.6546875000000001,1.359375,completed,0.06601892862938874,0.1840409416825438,9.969269375009397e-07,-1005.1363681598864,762.7328991353961,6997,success_index1,S_L,gradient_tolerance,,raw_state_verified,run.py:numpy-batch
SI-pHiSD,0.001584893192461114,0.002,2000000,136,-0.7203125,1.284375,completed,0.0660189286285559,0.18404094168227705,9.969369468066213e-07,-1005.1363681588907,762.7328991345433,6998,success_index1,S_L,gradient_tolerance,,raw_state_verified,run.py:numpy-batch
SI-pHiSD,0.001584893192461114,0.002,2000000,237,-0.6734375,1.340625,completed,0.06601892862117723,0.1840409416805836,9.97656748100152e-07,-1005.1363681527928,762.7328991264028,7001,success_index1,S_L,gradient_tolerance,,raw_state_verified,run.py:numpy-batch
SI-pHiSD,0.001584893192461114,0.002,2000000,490,-0.7015625000000001,1.4906249999999999,completed,1.1154761553825652,4.8739833139514195,14636083751.742363,1400464995.6344113,128229788482.30685,7002,state_safeguard,U,state_safeguard,source_norm2_gt_5,raw_state_verified,run.py:numpy-batch
SI-pHiSD,0.001584893192461114,0.002,2000000,356,-0.7578125,1.415625,completed,1.1090045045749348,4.875737118783727,14301003338.586891,1369670224.333284,125209182389.84662,7003,state_safeguard,U,state_safeguard,source_norm2_gt_5,raw_state_verified,run.py:numpy-batch
SI-pHiSD,0.001584893192461114,0.002,2000000,1,-0.7859375000000001,1.2093749999999999,completed,0.06601892864608976,0.18404094168932403,9.981338410475802e-07,-1005.1363681856802,762.7328991512378,7003,success_index1,S_L,gradient_tolerance,,raw_state_verified,run.py:numpy-batch
SI-pHiSD,0.001584893192461114,0.002,2000000,102,-0.7390625000000001,1.265625,completed,0.06601892863188932,0.18404094168624144,9.99537080418302e-07,-1005.1363681746625,762.732899135416,7004,success_index1,S_L,gradient_tolerance,,raw_state_verified,run.py:numpy-batch
SI-pHiSD,0.001584893192461114,0.002,2000000,507,-0.5421875,1.4906249999999999,completed,0.06601892864719472,0.18404094169158916,9.998762901398025e-07,-1005.1363681947773,762.7328991506932,7004,success_index1,S_L,gradient_tolerance,,raw_state_verified,run.py:numpy-batch
SI-pHiSD,0.001584893192461114,0.002,2000000,474,-0.5515625000000001,1.4718749999999998,completed,0.06601892866577289,0.18404094169416324,9.969381226066598e-07,-1005.1363682032563,762.7328991726716,7005,success_index1,S_L,gradient_tolerance,,raw_state_verified,run.py:numpy-batch
SI-pHiSD,0.001584893192461114,0.002,2000000,203,-0.6921875000000001,1.321875,completed,0.06601892862398075,0.18404094168211296,9.98184946972867e-07,-1005.1363681587137,762.7328991287193,7008,success_index1,S_L,gradient_tolerance,,raw_state_verified,run.py:numpy-batch
SI-pHiSD,0.001584893192461114,0.002,2000000,68,-0.7578125,1.246875,completed,0.06601892862898182,0.18404094168423046,9.98585726524082e-07,-1005.1363681667926,762.7328991333866,7009,success_index1,S_L,gradient_tolerance,,raw_state_verified,run.py:numpy-batch
SI-pHiSD,0.001584893192461114,0.002,2000000,473,-0.5609375000000001,1.4718749999999998,completed,0.06601892864307972,0.18404094168698357,9.9688244819499e-07,-1005.1363681764809,762.7328991493631,7011,success_index1,S_L,gradient_tolerance,,raw_state_verified,run.py:numpy-batch
SI-pHiSD,0.001584893192461114,0.002,2000000,372,-0.6078125000000001,1.415625,completed,0.0660189286398701,0.18404094168841806,9.991357617896891e-07,-1005.1363681826613,762.7328991439186,7015,success_index1,S_L,gradient_tolerance,,raw_state_verified,run.py:numpy-batch
SI-pHiSD,0.001584893192461114,0.002,2000000,34,-0.7765625,1.228125,completed,0.06601892863958542,0.18404094168592303,9.969472475397829e-07,-1005.136368172541,762.7328991457346,7018,success_index1,S_L,gradient_tolerance,,raw_state_verified,run.py:numpy-batch
SI-pHiSD,0.001584893192461114,0.002,2000000,371,-0.6171875,1.415625,completed,0.06601892860545332,0.18404094167540322,9.97889062592224e-07,-1005.1363681334034,762.732899110433,7019,success_index1,S_L,gradient_tolerance,,raw_state_verified,run.py:numpy-batch
SI-pHiSD,0.001584893192461114,0.002,2000000,0,-0.7953125000000001,1.2093749999999999,completed,0.06601892863322972,0.18404094168641727,9.992938171406435e-07,-1005.136368175234,762.7328991370103,7021,success_index1,S_L,gradient_tolerance,,raw_state_verified,run.py:numpy-batch
SI-pHiSD,0.001584893192461114,0.002,2000000,135,-0.7296875,1.284375,completed,0.0660189286263844,0.18404094168450377,9.99624927957688e-07,-1005.1363681681836,762.7328991297585,7021,success_index1,S_L,gradient_tolerance,,raw_state_verified,run.py:numpy-batch
SI-pHiSD,0.001584893192461114,0.002,2000000,169,-0.7109375,1.3031249999999999,completed,0.06601892863940813,0.184040941688835,9.996523263023196e-07,-1005.1363681844072,762.7328991429508,7021,success_index1,S_L,gradient_tolerance,,raw_state_verified,run.py:numpy-batch
SI-pHiSD,0.001584893192461114,0.002,2000000,270,-0.6640625,1.359375,completed,0.06601892862244035,0.18404094168244287,9.98958680927705e-07,-1005.1363681602217,762.7328991264205,7021,success_index1,S_L,gradient_tolerance,,raw_state_verified,run.py:numpy-batch
SI-pHiSD,0.001584893192461114,0.002,2000000,304,-0.6453125000000001,1.378125,completed,0.06601892863346648,0.18404094168494528,9.978823474018388e-07,-1005.1363681692194,762.7328991386102,7021,success_index1,S_L,gradient_tolerance,,raw_state_verified,run.py:numpy-batch
SI-pHiSD,0.001584893192461114,0.002,2000000,338,-0.6265625,1.3968749999999999,completed,0.06601892865553322,0.18404094169161994,9.975026863967674e-07,-1005.1363681940073,762.7328991615439,7023,success_index1,S_L,gradient_tolerance,,raw_state_verified,run.py:numpy-batch
SI-pHiSD,0.001584893192461114,0.002,2000000,101,-0.7484375000000001,1.265625,completed,0.06601892862507225,0.18404094168241647,9.981265059436978e-07,-1005.1363681598317,762.7328991298771,7027,success_index1,S_L,gradient_tolerance,,raw_state_verified,run.py:numpy-batch
SI-pHiSD,0.001584893192461114,0.002,2000000,337,-0.6359375,1.3968749999999999,completed,0.06601892860932539,0.18404094167825527,9.992481887880521e-07,-1005.1363681445914,762.7328991129835,7028,success_index1,S_L,gradient_tolerance,,raw_state_verified,run.py:numpy-batch
SI-pHiSD,0.001584893192461114,0.002,2000000,506,-0.5515625000000001,1.4906249999999999,completed,0.0660189286421553,0.18404094168832866,9.983798336358865e-07,-1005.1363681820527,762.7328991469778,7029,success_index1,S_L,gradient_tolerance,,raw_state_verified,run.py:numpy-batch
SI-pHiSD,0.001584893192461114,0.002,2000000,405,-0.5984375000000001,1.434375,completed,0.06601892863505118,0.1840409416875558,9.997844628197565e-07,-1005.1363681796704,762.7328991383885,7030,success_index1,S_L,gradient_tolerance,,raw_state_verified,run.py:numpy-batch
SI-pHiSD,0.001584893192461114,0.002,2000000,438,-0.5890625,1.453125,completed,0.06601892860932103,0.18404094167867896,9.996346431670276e-07,-1005.1363681463156,762.7328991126064,7030,success_index1,S_L,gradient_tolerance,,raw_state_verified,run.py:numpy-batch
SI-pHiSD,0.001584893192461114,0.002,2000000,236,-0.6828125,1.340625,completed,0.06601892863364484,0.18404094168428808,9.97230355619509e-07,-1005.1363681665265,762.7328991394187,7031,success_index1,S_L,gradient_tolerance,,raw_state_verified,run.py:numpy-batch
SI-pHiSD,0.001584893192461114,0.002,2000000,67,-0.7671875,1.246875,completed,0.06601892862504717,0.18404094168344887,9.990736827463562e-07,-1005.1363681640348,762.732899128939,7032,success_index1,S_L,gradient_tolerance,,raw_state_verified,run.py:numpy-batch
SI-pHiSD,0.001584893192461114,0.002,2000000,439,-0.5796875,1.453125,completed,0.06601892865945848,0.1840409416944857,9.990019893713257e-07,-1005.136368205246,762.7328991641518,7034,success_index1,S_L,gradient_tolerance,,raw_state_verified,run.py:numpy-batch
SI-pHiSD,0.001584893192461114,0.002,2000000,202,-0.7015625000000001,1.321875,completed,0.06601892862466571,0.18404094168115345,9.971017370896222e-07,-1005.1363681547366,762.7328991304538,7035,success_index1,S_L,gradient_tolerance,,raw_state_verified,run.py:numpy-batch
SI-pHiSD,0.001584893192461114,0.002,2000000,404,-0.6078125000000001,1.434375,completed,0.06601892860443274,0.18404094167607338,9.98824496154269e-07,-1005.1363681362394,762.732899108514,7038,success_index1,S_L,gradient_tolerance,,raw_state_verified,run.py:numpy-batch
SI-pHiSD,0.001584893192461114,0.002,2000000,472,-0.5703125,1.4718749999999998,completed,0.06601892864781761,0.18404094169190385,9.99982031687189e-07,-1005.1363681959909,762.7328991512298,7038,success_index1,S_L,gradient_tolerance,,raw_state_verified,run.py:numpy-batch
SI-pHiSD,0.001584893192461114,0.002,2000000,33,-0.7859375000000001,1.228125,completed,0.06601892863014557,0.1840409416838711,9.979059024543006e-07,-1005.1363681652058,762.7328991352194,7039,success_index1,S_L,gradient_tolerance,,raw_state_verified,run.py:numpy-batch
SI-pHiSD,0.001584893192461114,0.002,2000000,303,-0.6546875000000001,1.378125,completed,0.06601892861864932,0.18404094168121984,9.990184757963944e-07,-1005.1363681556528,762.7328991225471,7039,success_index1,S_L,gradient_tolerance,,raw_state_verified,run.py:numpy-batch
SI-pHiSD,0.001584893192461114,0.002,2000000,134,-0.7390625000000001,1.284375,completed,0.06601892862820385,0.18404094168242402,9.971777630305661e-07,-1005.1363681595263,762.7328991339554,7048,success_index1,S_L,gradient_tolerance,,raw_state_verified,run.py:numpy-batch
SI-pHiSD,0.001584893192461114,0.002,2000000,168,-0.7203125,1.3031249999999999,completed,0.06601892863892561,0.1840409416884956,9.994862166366985e-07,-1005.1363681830783,762.7328991426186,7048,success_index1,S_L,gradient_tolerance,,raw_state_verified,run.py:numpy-batch
SI-pHiSD,0.001584893192461114,0.002,2000000,269,-0.6734375,1.359375,completed,0.06601892862236851,0.18404094168227508,9.988281672154325e-07,-1005.1363681595465,762.732899126474,7048,success_index1,S_L,gradient_tolerance,,raw_state_verified,run.py:numpy-batch
SI-pHiSD,0.001584893192461114,0.002,2000000,370,-0.6265625,1.415625,completed,0.06601892861223876,0.18404094167856946,9.986133288606248e-07,-1005.1363681455572,762.7328991165087,7050,success_index1,S_L,gradient_tolerance,,raw_state_verified,run.py:numpy-batch
SI-pHiSD,0.001584893192461114,0.002,2000000,100,-0.7578125,1.265625,completed,0.06601892862049577,0.1840409416812941,9.985137319878367e-07,-1005.1363681557564,762.7328991248909,7052,success_index1,S_L,gradient_tolerance,,raw_state_verified,run.py:numpy-batch
SI-pHiSD,0.001584893192461114,0.002,2000000,235,-0.6921875000000001,1.340625,completed,0.06601892861657575,0.1840409416815582,9.99971466148082e-07,-1005.136368157252,762.7328991195457,7053,success_index1,S_L,gradient_tolerance,,raw_state_verified,run.py:numpy-batch
SI-pHiSD,0.001584893192461114,0.002,2000000,66,-0.7765625,1.246875,completed,0.06601892861963525,0.18404094168120969,9.98703367730033e-07,-1005.1363681555052,762.7328991238423,7057,success_index1,S_L,gradient_tolerance,,raw_state_verified,run.py:numpy-batch
SI-pHiSD,0.001584893192461114,0.002,2000000,457,-0.7109375,1.4718749999999998,completed,1.113366893909799,4.874569760637133,14527421096.641504,1390483632.7786813,127249967075.5391,7058,state_safeguard,U,state_safeguard,source_norm2_gt_5,raw_state_verified,run.py:numpy-batch
SI-pHiSD,0.001584893192461114,0.002,2000000,336,-0.6453125000000001,1.3968749999999999,completed,0.06601892861205932,0.18404094167659746,9.968773509222575e-07,-1005.1363681375531,762.7328991180035,7059,success_index1,S_L,gradient_tolerance,,raw_state_verified,run.py:numpy-batch
SI-pHiSD,0.001584893192461114,0.002,2000000,471,-0.5796875,1.4718749999999998,completed,0.06601892863262881,0.18404094168367618,9.969787800997632e-07,-1005.1363681641461,762.7328991386294,7059,success_index1,S_L,gradient_tolerance,,raw_state_verified,run.py:numpy-batch
SI-pHiSD,0.001584893192461114,0.002,2000000,505,-0.5609375000000001,1.4906249999999999,completed,0.06601892864561898,0.18404094169071633,9.995400721800252e-07,-1005.1363681913953,762.7328991494029,7061,success_index1,S_L,gradient_tolerance,,raw_state_verified,run.py:numpy-batch
SI-pHiSD,0.001584893192461114,0.002,2000000,32,-0.7953125000000001,1.228125,completed,0.06601892861823382,0.18404094167994361,9.97986869315887e-07,-1005.1363681505047,762.732899123124,7062,success_index1,S_L,gradient_tolerance,,raw_state_verified,run.py:numpy-batch
SI-pHiSD,0.001584893192461114,0.002,2000000,201,-0.7109375,1.321875,completed,0.06601892862059769,0.18404094167993848,9.972490818311168e-07,-1005.1363681502302,762.7328991262123,7062,success_index1,S_L,gradient_tolerance,,raw_state_verified,run.py:numpy-batch
SI-pHiSD,0.001584893192461114,0.002,2000000,390,-0.7390625000000001,1.434375,completed,1.1101129376223646,4.875475116343232,14361577915.705753,1375245175.9678953,125754915842.08054,7070,state_safeguard,U,state_safeguard,source_norm2_gt_5,raw_state_verified,run.py:numpy-batch
SI-pHiSD,0.001584893192461114,0.002,2000000,167,-0.7296875,1.3031249999999999,completed,0.06601892863839623,0.18404094168883747,9.99954716712752e-07,-1005.1363681845262,762.7328991416282,7075,success_index1,S_L,gradient_tolerance,,raw_state_verified,run.py:numpy-batch
SI-pHiSD,0.001584893192461114,0.002,2000000,437,-0.5984375000000001,1.453125,completed,0.066018928639027,0.18404094168767898,9.987123014783567e-07,-1005.1363681797453,762.7328991434666,7075,success_index1,S_L,gradient_tolerance,,raw_state_verified,run.py:numpy-batch
SI-pHiSD,0.001584893192461114,0.002,2000000,268,-0.6828125,1.359375,completed,0.0660189286157397,0.1840409416793859,9.98257162606815e-07,-1005.1363681485033,762.7328991203593,7076,success_index1,S_L,gradient_tolerance,,raw_state_verified,run.py:numpy-batch
SI-pHiSD,0.001584893192461114,0.002,2000000,133,-0.7484375000000001,1.284375,completed,0.06601892862787945,0.18404094168350918,9.98264126701561e-07,-1005.1363681639764,762.7328991325807,7078,success_index1,S_L,gradient_tolerance,,raw_state_verified,run.py:numpy-batch
SI-pHiSD,0.001584893192461114,0.002,2000000,99,-0.7671875,1.265625,completed,0.06601892861601377,0.18404094167983165,9.985768477503012e-07,-1005.1363681502876,762.7328991203262,7079,success_index1,S_L,gradient_tolerance,,raw_state_verified,run.py:numpy-batch
SI-pHiSD,0.001584893192461114,0.002,2000000,302,-0.6640625,1.378125,completed,0.06601892864225868,0.18404094168772747,9.97801659983101e-07,-1005.1363681795951,762.7328991476402,7080,success_index1,S_L,gradient_tolerance,,raw_state_verified,run.py:numpy-batch
SI-pHiSD,0.001584893192461114,0.002,2000000,369,-0.6359375,1.415625,completed,0.06601892860917155,0.1840409416771344,9.982783188147571e-07,-1005.1363681400478,762.7328991137654,7080,success_index1,S_L,gradient_tolerance,,raw_state_verified,run.py:numpy-batch
SI-pHiSD,0.001584893192461114,0.002,2000000,65,-0.7859375000000001,1.246875,completed,0.06601892861488834,0.18404094167900883,9.981806853515076e-07,-1005.1363681470601,762.7328991195795,7084,success_index1,S_L,gradient_tolerance,,raw_state_verified,run.py:numpy-batch
SI-pHiSD,0.001584893192461114,0.002,2000000,470,-0.5890625,1.4718749999999998,completed,0.06601892864105516,0.18404094168968663,9.999412846707683e-07,-1005.1363681876953,762.7328991443525,7093,success_index1,S_L,gradient_tolerance,,raw_state_verified,run.py:numpy-batch
SI-pHiSD,0.001584893192461114,0.002,2000000,234,-0.7015625000000001,1.340625,completed,0.06601892864480134,0.1840409416908641,9.999136017742108e-07,-1005.1363681920842,762.7328991482067,7094,success_index1,S_L,gradient_tolerance,,raw_state_verified,run.py:numpy-batch
SI-pHiSD,0.001584893192461114,0.002,2000000,403,-0.6171875,1.434375,completed,0.06601892865199886,0.18404094169045143,9.974496462771425e-07,-1005.1363681896329,762.7328991579575,7094,success_index1,S_L,gradient_tolerance,,raw_state_verified,run.py:numpy-batch
SI-pHiSD,0.001584893192461114,0.002,2000000,200,-0.7203125,1.321875,completed,0.06601892863014644,0.1840409416828118,9.969412830494454e-07,-1005.1363681608955,762.7328991361494,7097,success_index1,S_L,gradient_tolerance,,raw_state_verified,run.py:numpy-batch
SI-pHiSD,0.001584893192461114,0.002,2000000,335,-0.6546875000000001,1.3968749999999999,completed,0.06601892863024747,0.18404094168456323,9.985050775907222e-07,-1005.1363681680107,762.7328991347457,7098,success_index1,S_L,gradient_tolerance,,raw_state_verified,run.py:numpy-batch
SI-pHiSD,0.001584893192461114,0.002,2000000,166,-0.7390625000000001,1.3031249999999999,completed,0.06601892861911612,0.1840409416797186,9.975081229976386e-07,-1005.1363681494943,762.7328991244726,7099,success_index1,S_L,gradient_tolerance,,raw_state_verified,run.py:numpy-batch
SI-pHiSD,0.001584893192461114,0.002,2000000,436,-0.6078125000000001,1.453125,completed,0.06601892862940444,0.18404094168435667,9.98572451010195e-07,-1005.1363681672607,762.732899133827,7099,success_index1,S_L,gradient_tolerance,,raw_state_verified,run.py:numpy-batch
SI-pHiSD,0.001584893192461114,0.002,2000000,301,-0.6734375,1.378125,completed,0.0660189286137968,0.18404094167962923,9.990869744553167e-07,-1005.1363681497015,762.7328991176119,7100,success_index1,S_L,gradient_tolerance,,raw_state_verified,run.py:numpy-batch
SI-pHiSD,0.001584893192461114,0.002,2000000,504,-0.5703125,1.4906249999999999,completed,0.06601892868213115,0.18404094170182098,9.994710985362433e-07,-1005.136368232657,762.7328991872968,7101,success_index1,S_L,gradient_tolerance,,raw_state_verified,run.py:numpy-batch
SI-pHiSD,0.001584893192461114,0.002,2000000,132,-0.7578125,1.284375,completed,0.06601892861448763,0.18404094167811766,9.974959589367252e-07,-1005.1363681434777,762.7328991198383,7104,success_index1,S_L,gradient_tolerance,,raw_state_verified,run.py:numpy-batch
SI-pHiSD,0.001584893192461114,0.002,2000000,402,-0.6265625,1.434375,completed,0.06601892861432007,0.18404094167954724,9.988482685343906e-07,-1005.1363681493118,762.7328991183664,7105,success_index1,S_L,gradient_tolerance,,raw_state_verified,run.py:numpy-batch
SI-pHiSD,0.001584893192461114,0.002,2000000,503,-0.5796875,1.4906249999999999,completed,0.06601892862651812,0.18404094168354887,9.987150629962593e-07,-1005.1363681642839,762.7328991307704,7107,success_index1,S_L,gradient_tolerance,,raw_state_verified,run.py:numpy-batch
SI-pHiSD,0.001584893192461114,0.002,2000000,267,-0.6921875000000001,1.359375,completed,0.06601892861214739,0.184040941677991,9.981163199822508e-07,-1005.1363681432135,762.7328991168964,7108,success_index1,S_L,gradient_tolerance,,raw_state_verified,run.py:numpy-batch
SI-pHiSD,0.001584893192461114,0.002,2000000,98,-0.7765625,1.265625,completed,0.06601892862325645,0.18404094168168258,9.980159147304837e-07,-1005.1363681570408,762.7328991281518,7113,success_index1,S_L,gradient_tolerance,,raw_state_verified,run.py:numpy-batch
SI-pHiSD,0.001584893192461114,0.002,2000000,64,-0.7953125000000001,1.246875,completed,0.06601892861837072,0.1840409416794939,9.975352649399614e-07,-1005.1363681486605,762.7328991236972,7116,success_index1,S_L,gradient_tolerance,,raw_state_verified,run.py:numpy-batch
SI-pHiSD,0.001584893192461114,0.002,2000000,368,-0.6453125000000001,1.415625,completed,0.06601892861961456,0.18404094168246155,9.998484644776071e-07,-1005.1363681606011,762.7328991227176,7117,success_index1,S_L,gradient_tolerance,,raw_state_verified,run.py:numpy-batch
SI-pHiSD,0.001584893192461114,0.002,2000000,289,-0.7859375000000001,1.378125,completed,1.107665045029329,4.875850089789838,14208299341.08119,1361105994.3892982,124375005391.62323,7122,state_safeguard,U,state_safeguard,source_norm2_gt_5,raw_state_verified,run.py:numpy-batch
SI-pHiSD,0.001584893192461114,0.002,2000000,233,-0.7109375,1.340625,completed,0.06601892862902717,0.1840409416832815,9.977081371838336e-07,-1005.1363681629264,762.7328991342778,7122,success_index1,S_L,gradient_tolerance,,raw_state_verified,run.py:numpy-batch
SI-pHiSD,0.001584893192461114,0.002,2000000,199,-0.7296875,1.321875,completed,0.06601892861739671,0.18404094168174517,9.99885653843577e-07,-1005.1363681579244,762.7328991204529,7125,success_index1,S_L,gradient_tolerance,,raw_state_verified,run.py:numpy-batch
SI-pHiSD,0.001584893192461114,0.002,2000000,334,-0.6640625,1.3968749999999999,completed,0.06601892861486154,0.1840409416807475,9.997698897779416e-07,-1005.1363681541374,762.7328991180203,7126,success_index1,S_L,gradient_tolerance,,raw_state_verified,run.py:numpy-batch
SI-pHiSD,0.001584893192461114,0.002,2000000,469,-0.5984375000000001,1.4718749999999998,completed,0.06601892864377656,0.1840409416886173,9.98166384844342e-07,-1005.1363681830532,762.7328991488399,7128,success_index1,S_L,gradient_tolerance,,raw_state_verified,run.py:numpy-batch
SI-pHiSD,0.001584893192461114,0.002,2000000,435,-0.6171875,1.453125,completed,0.0660189286166281,0.1840409416791593,9.977736655913178e-07,-1005.1363681474859,762.7328991217173,7130,success_index1,S_L,gradient_tolerance,,raw_state_verified,run.py:numpy-batch
SI-pHiSD,0.001584893192461114,0.002,2000000,165,-0.7484375000000001,1.3031249999999999,completed,0.06601892861847714,0.18404094167903226,9.97082306161569e-07,-1005.1363681467711,762.7328991242405,7132,success_index1,S_L,gradient_tolerance,,raw_state_verified,run.py:numpy-batch
SI-pHiSD,0.001584893192461114,0.002,2000000,300,-0.6828125,1.378125,completed,0.06601892861298017,0.1840409416789654,9.987400121458023e-07,-1005.1363681470887,762.7328991171285,7135,success_index1,S_L,gradient_tolerance,,raw_state_verified,run.py:numpy-batch
SI-pHiSD,0.001584893192461114,0.002,2000000,401,-0.6359375,1.434375,completed,0.06601892861618626,0.18404094168000118,9.98677153904002e-07,-1005.136368150959,762.7328991204026,7142,success_index1,S_L,gradient_tolerance,,raw_state_verified,run.py:numpy-batch
SI-pHiSD,0.001584893192461114,0.002,2000000,266,-0.7015625000000001,1.359375,completed,0.06601892861282915,0.1840409416791499,9.989551681765124e-07,-1005.1363681478553,762.7328991167699,7144,success_index1,S_L,gradient_tolerance,,raw_state_verified,run.py:numpy-batch
SI-pHiSD,0.001584893192461114,0.002,2000000,131,-0.7671875,1.284375,completed,0.06601892863513606,0.18404094168543847,9.978308414514147e-07,-1005.1363681710471,762.7328991403554,7145,success_index1,S_L,gradient_tolerance,,raw_state_verified,run.py:numpy-batch
SI-pHiSD,0.001584893192461114,0.002,2000000,502,-0.5890625,1.4906249999999999,completed,0.06601892863428095,0.1840409416874958,9.999604052695191e-07,-1005.1363681795093,762.7328991374364,7145,success_index1,S_L,gradient_tolerance,,raw_state_verified,run.py:numpy-batch
SI-pHiSD,0.001584893192461114,0.002,2000000,97,-0.7859375000000001,1.265625,completed,0.06601892862226734,0.18404094168235352,9.989306568768099e-07,-1005.1363681598764,762.7328991262731,7148,success_index1,S_L,gradient_tolerance,,raw_state_verified,run.py:numpy-batch
SI-pHiSD,0.001584893192461114,0.002,2000000,232,-0.7203125,1.340625,completed,0.06601892861454933,0.18404094167843912,9.977688824193819e-07,-1005.1363681447788,762.732899119637,7153,success_index1,S_L,gradient_tolerance,,raw_state_verified,run.py:numpy-batch
SI-pHiSD,0.001584893192461114,0.002,2000000,198,-0.7390625000000001,1.321875,completed,0.06601892860997884,0.18404094167929128,9.999828885457142e-07,-1005.1363681487367,762.7328991129276,7159,success_index1,S_L,gradient_tolerance,,raw_state_verified,run.py:numpy-batch
SI-pHiSD,0.001584893192461114,0.002,2000000,367,-0.6546875000000001,1.415625,completed,0.0660189286327329,0.18404094168362822,9.969037810762448e-07,-1005.1363681639397,762.7328991388076,7162,success_index1,S_L,gradient_tolerance,,raw_state_verified,run.py:numpy-batch
SI-pHiSD,0.001584893192461114,0.002,2000000,333,-0.6734375,1.3968749999999999,completed,0.06601892861560046,0.18404094167816676,9.971921157694213e-07,-1005.136368143558,762.7328991212469,7165,success_index1,S_L,gradient_tolerance,,raw_state_verified,run.py:numpy-batch
SI-pHiSD,0.001584893192461114,0.002,2000000,164,-0.7578125,1.3031249999999999,completed,0.06601892861157636,0.1840409416783923,9.986610949987829e-07,-1005.1363681449072,762.7328991157999,7167,success_index1,S_L,gradient_tolerance,,raw_state_verified,run.py:numpy-batch
SI-pHiSD,0.001584893192461114,0.002,2000000,434,-0.6265625,1.453125,completed,0.06601892861983447,0.18404094168063306,9.98117126587126e-07,-1005.1363681531379,762.732899124608,7170,success_index1,S_L,gradient_tolerance,,raw_state_verified,run.py:numpy-batch
SI-pHiSD,0.001584893192461114,0.002,2000000,424,-0.7203125,1.453125,completed,1.111583496131959,4.875093499851455,14438998838.490944,1382364249.4948018,126452663665.71686,7173,state_safeguard,U,state_safeguard,source_norm2_gt_5,raw_state_verified,run.py:numpy-batch
SI-pHiSD,0.001584893192461114,0.002,2000000,299,-0.6921875000000001,1.378125,completed,0.06601892861280627,0.18404094167930218,9.991008178988555e-07,-1005.1363681484773,762.7328991166067,7174,success_index1,S_L,gradient_tolerance,,raw_state_verified,run.py:numpy-batch
SI-pHiSD,0.001584893192461114,0.002,2000000,130,-0.7765625,1.284375,completed,0.06601892861469089,0.1840409416791264,9.983494526044557e-07,-1005.13636814756,762.732899119219,7175,success_index1,S_L,gradient_tolerance,,raw_state_verified,run.py:numpy-batch
SI-pHiSD,0.001584893192461114,0.002,2000000,96,-0.7953125000000001,1.265625,completed,0.06601892860515074,0.1840409416761272,9.986435576992477e-07,-1005.1363681363813,762.7328991094035,7177,success_index1,S_L,gradient_tolerance,,raw_state_verified,run.py:numpy-batch
SI-pHiSD,0.001584893192461114,0.002,2000000,323,-0.7671875,1.3968749999999999,completed,1.1083669809657493,4.8757380812220585,14251634572.298244,1365103359.4806695,124765114472.4658,7180,state_safeguard,U,state_safeguard,source_norm2_gt_5,raw_state_verified,run.py:numpy-batch
SI-pHiSD,0.001584893192461114,0.002,2000000,501,-0.5984375000000001,1.4906249999999999,completed,0.06601892862536006,0.18404094168419596,9.996577287912862e-07,-1005.1363681670413,762.732899128692,7182,success_index1,S_L,gradient_tolerance,,raw_state_verified,run.py:numpy-batch
SI-pHiSD,0.001584893192461114,0.002,2000000,468,-0.6078125000000001,1.4718749999999998,completed,0.06601892868996091,0.1840409417034865,9.989252455555963e-07,-1005.1363682385927,762.7328991960505,7188,success_index1,S_L,gradient_tolerance,,raw_state_verified,run.py:numpy-batch
SI-pHiSD,0.001584893192461114,0.002,2000000,491,-0.6921875000000001,1.4906249999999999,completed,1.1151176397380915,4.8740844783806185,14617700593.08808,1398776805.216004,128064004953.77037,7191,state_safeguard,U,state_safeguard,source_norm2_gt_5,raw_state_verified,run.py:numpy-batch
SI-pHiSD,0.001584893192461114,0.002,2000000,400,-0.6453125000000001,1.434375,completed,0.06601892863490023,0.184040941686316,9.98700531338663e-07,-1005.1363681746424,762.7328991392786,7191,success_index1,S_L,gradient_tolerance,,raw_state_verified,run.py:numpy-batch
SI-pHiSD,0.001584893192461114,0.002,2000000,231,-0.7296875,1.340625,completed,0.06601892861006754,0.1840409416768285,9.977164734830715e-07,-1005.1363681387072,762.7328991152024,7192,success_index1,S_L,gradient_tolerance,,raw_state_verified,run.py:numpy-batch
SI-pHiSD,0.001584893192461114,0.002,2000000,265,-0.7109375,1.359375,completed,0.0660189286322998,0.18404094168476284,9.980672316438766e-07,-1005.1363681686028,762.7328991372476,7195,success_index1,S_L,gradient_tolerance,,raw_state_verified,run.py:numpy-batch
SI-pHiSD,0.001584893192461114,0.002,2000000,366,-0.6640625,1.415625,completed,0.06601892861679189,0.18404094167892188,9.975066241832804e-07,-1005.1363681465025,762.7328991221391,7196,success_index1,S_L,gradient_tolerance,,raw_state_verified,run.py:numpy-batch
SI-pHiSD,0.001584893192461114,0.002,2000000,197,-0.7484375000000001,1.321875,completed,0.06601892861907116,0.18404094168099805,9.98685836354868e-07,-1005.1363681547045,762.7328991232923,7205,success_index1,S_L,gradient_tolerance,,raw_state_verified,run.py:numpy-batch
SI-pHiSD,0.001584893192461114,0.002,2000000,163,-0.7671875,1.3031249999999999,completed,0.06601892860501149,0.1840409416750672,9.977252364477758e-07,-1005.1363681320838,762.7328991101513,7206,success_index1,S_L,gradient_tolerance,,raw_state_verified,run.py:numpy-batch
SI-pHiSD,0.001584893192461114,0.002,2000000,467,-0.6171875,1.4718749999999998,completed,0.06601892864555839,0.18404094169019905,9.990863035626845e-07,-1005.1363681892967,762.7328991497777,7207,success_index1,S_L,gradient_tolerance,,raw_state_verified,run.py:numpy-batch
SI-pHiSD,0.001584893192461114,0.002,2000000,332,-0.6828125,1.3968749999999999,completed,0.0660189286154479,0.18404094167783908,9.969419169961768e-07,-1005.136368142241,762.7328991213353,7208,success_index1,S_L,gradient_tolerance,,raw_state_verified,run.py:numpy-batch
SI-pHiSD,0.001584893192461114,0.002,2000000,129,-0.7859375000000001,1.284375,completed,0.06601892860355422,0.1840409416768164,9.99781042323555e-07,-1005.1363681393568,762.7328991067163,7211,success_index1,S_L,gradient_tolerance,,raw_state_verified,run.py:numpy-batch
SI-pHiSD,0.001584893192461114,0.002,2000000,298,-0.7015625000000001,1.378125,completed,0.0660189286148684,0.18404094167783067,9.971157537929798e-07,-1005.1363681422691,762.7328991205865,7219,success_index1,S_L,gradient_tolerance,,raw_state_verified,run.py:numpy-batch
SI-pHiSD,0.001584893192461114,0.002,2000000,433,-0.6359375,1.453125,completed,0.06601892863648037,0.18404094168604054,9.979774563469777e-07,-1005.1363681733521,762.7328991415812,7220,success_index1,S_L,gradient_tolerance,,raw_state_verified,run.py:numpy-batch
SI-pHiSD,0.001584893192461114,0.002,2000000,264,-0.7203125,1.359375,completed,0.06601892861296739,0.18404094167998855,9.99674144438232e-07,-1005.1363681512523,762.7328991162149,7228,success_index1,S_L,gradient_tolerance,,raw_state_verified,run.py:numpy-batch
SI-pHiSD,0.001584893192461114,0.002,2000000,399,-0.6546875000000001,1.434375,completed,0.06601892862663361,0.1840409416829049,9.980938252556262e-07,-1005.1363681616515,762.7328991314853,7231,success_index1,S_L,gradient_tolerance,,raw_state_verified,run.py:numpy-batch
SI-pHiSD,0.001584893192461114,0.002,2000000,230,-0.7390625000000001,1.340625,completed,0.0660189286115017,0.1840409416797098,9.998822362736472e-07,-1005.1363681502761,762.7328991145471,7237,success_index1,S_L,gradient_tolerance,,raw_state_verified,run.py:numpy-batch
SI-pHiSD,0.001584893192461114,0.002,2000000,500,-0.6078125000000001,1.4906249999999999,completed,0.06601892865773723,0.18404094169379911,9.98862974456513e-07,-1005.1363682026374,762.7328991625085,7243,success_index1,S_L,gradient_tolerance,,raw_state_verified,run.py:numpy-batch
SI-pHiSD,0.001584893192461114,0.002,2000000,365,-0.6734375,1.415625,completed,0.06601892862334677,0.18404094168351479,9.996551545644887e-07,-1005.1363681644855,762.7328991266629,7244,success_index1,S_L,gradient_tolerance,,raw_state_verified,run.py:numpy-batch
SI-pHiSD,0.001584893192461114,0.002,2000000,196,-0.7578125,1.321875,completed,0.06601892861789632,0.18404094167909654,9.973214594323686e-07,-1005.1363681470945,762.7328991234266,7248,success_index1,S_L,gradient_tolerance,,raw_state_verified,run.py:numpy-batch
SI-pHiSD,0.001584893192461114,0.002,2000000,466,-0.6265625,1.4718749999999998,completed,0.06601892863734768,0.1840409416857125,9.974202145134284e-07,-1005.1363681719245,762.7328991430004,7250,success_index1,S_L,gradient_tolerance,,raw_state_verified,run.py:numpy-batch
SI-pHiSD,0.001584893192461114,0.002,2000000,128,-0.7953125000000001,1.284375,completed,0.066018928595553,0.18404094167289062,9.988054237163764e-07,-1005.1363681242431,762.7328990997212,7254,success_index1,S_L,gradient_tolerance,,raw_state_verified,run.py:numpy-batch
SI-pHiSD,0.001584893192461114,0.002,2000000,331,-0.6921875000000001,1.3968749999999999,completed,0.06601892861657259,0.18404094167961707,9.982072196411676e-07,-1005.1363681493544,762.7328991212432,7256,success_index1,S_L,gradient_tolerance,,raw_state_verified,run.py:numpy-batch
SI-pHiSD,0.001584893192461114,0.002,2000000,162,-0.7765625,1.3031249999999999,completed,0.06601892863495934,0.18404094168631016,9.986775430350695e-07,-1005.1363681746124,762.7328991393605,7267,success_index1,S_L,gradient_tolerance,,raw_state_verified,run.py:numpy-batch
SI-pHiSD,0.001584893192461114,0.002,2000000,297,-0.7109375,1.378125,completed,0.06601892861180692,0.1840409416782231,9.984345462123675e-07,-1005.1363681441944,762.7328991162487,7267,success_index1,S_L,gradient_tolerance,,raw_state_verified,run.py:numpy-batch
SI-pHiSD,0.001584893192461114,0.002,2000000,432,-0.6453125000000001,1.453125,completed,0.06601892864177121,0.1840409416891063,9.992014644194682e-07,-1005.1363681852578,762.7328991457953,7269,success_index1,S_L,gradient_tolerance,,raw_state_verified,run.py:numpy-batch
SI-pHiSD,0.001584893192461114,0.002,2000000,357,-0.7484375000000001,1.415625,completed,1.1091936997323801,4.875563040876223,14298621572.24152,1369431385.361375,125188300722.17702,7275,state_safeguard,U,state_safeguard,source_norm2_gt_5,raw_state_verified,run.py:numpy-batch
SI-pHiSD,0.001584893192461114,0.002,2000000,263,-0.7296875,1.359375,completed,0.06601892860831989,0.18404094167835147,9.996545928125585e-07,-1005.136368145091,762.7328991115874,7277,success_index1,S_L,gradient_tolerance,,raw_state_verified,run.py:numpy-batch
SI-pHiSD,0.001584893192461114,0.002,2000000,499,-0.6171875,1.4906249999999999,completed,0.06601892863708425,0.1840409416865876,9.982956265145436e-07,-1005.1363681755132,762.7328991418896,7280,success_index1,S_L,gradient_tolerance,,raw_state_verified,run.py:numpy-batch
SI-pHiSD,0.001584893192461114,0.002,2000000,398,-0.6640625,1.434375,completed,0.06601892863963933,0.18404094168763918,9.98494575654152e-07,-1005.136368179517,762.7328991443007,7286,success_index1,S_L,gradient_tolerance,,raw_state_verified,run.py:numpy-batch
SI-pHiSD,0.001584893192461114,0.002,2000000,229,-0.7484375000000001,1.340625,completed,0.06601892861261649,0.18404094167954155,9.99378126342319e-07,-1005.1363681494719,762.7328991161488,7289,success_index1,S_L,gradient_tolerance,,raw_state_verified,run.py:numpy-batch
SI-pHiSD,0.001584893192461114,0.002,2000000,195,-0.7671875,1.321875,completed,0.06601892860014368,0.1840409416730262,9.97437286877729e-07,-1005.1363681243022,762.7328991055903,7294,success_index1,S_L,gradient_tolerance,,raw_state_verified,run.py:numpy-batch
SI-pHiSD,0.001584893192461114,0.002,2000000,364,-0.6828125,1.415625,completed,0.06601892862414253,0.18404094168111995,9.972317693189754e-07,-1005.1363681546565,762.7328991298008,7298,success_index1,S_L,gradient_tolerance,,raw_state_verified,run.py:numpy-batch
SI-pHiSD,0.001584893192461114,0.002,2000000,161,-0.7859375000000001,1.3031249999999999,completed,0.06601892859721475,0.18404094167353854,9.988521397732426e-07,-1005.1363681267011,762.7328991013208,7300,success_index1,S_L,gradient_tolerance,,raw_state_verified,run.py:numpy-batch
SI-pHiSD,0.001584893192461114,0.002,2000000,465,-0.6359375,1.4718749999999998,completed,0.06601892865783546,0.18404094169313162,9.982264308339882e-07,-1005.136368199911,762.7328991632219,7309,success_index1,S_L,gradient_tolerance,,raw_state_verified,run.py:numpy-batch
SI-pHiSD,0.001584893192461114,0.002,2000000,330,-0.7015625000000001,1.3968749999999999,completed,0.06601892861944143,0.18404094167996973,9.976355917118222e-07,-1005.1363681504814,762.7328991246768,7312,success_index1,S_L,gradient_tolerance,,raw_state_verified,run.py:numpy-batch
SI-pHiSD,0.001584893192461114,0.002,2000000,431,-0.6546875000000001,1.453125,completed,0.06601892864781503,0.1840409416899432,9.98195894619346e-07,-1005.1363681880143,762.7328991529453,7330,success_index1,S_L,gradient_tolerance,,raw_state_verified,run.py:numpy-batch
SI-pHiSD,0.001584893192461114,0.002,2000000,296,-0.7203125,1.378125,completed,0.0660189286308069,0.1840409416830224,9.96933182269019e-07,-1005.1363681616818,762.7328991368263,7332,success_index1,S_L,gradient_tolerance,,raw_state_verified,run.py:numpy-batch
SI-pHiSD,0.001584893192461114,0.002,2000000,262,-0.7390625000000001,1.359375,completed,0.06601892861091108,0.1840409416785362,9.990018908896941e-07,-1005.1363681455646,762.7328991148057,7336,success_index1,S_L,gradient_tolerance,,raw_state_verified,run.py:numpy-batch
SI-pHiSD,0.001584893192461114,0.002,2000000,498,-0.6265625,1.4906249999999999,completed,0.06601892864568465,0.1840409416893202,9.982485378666303e-07,-1005.1363681857079,762.7328991507126,7340,success_index1,S_L,gradient_tolerance,,raw_state_verified,run.py:numpy-batch
SI-pHiSD,0.001584893192461114,0.002,2000000,397,-0.6734375,1.434375,completed,0.06601892863631968,0.18404094168787893,9.99699694878175e-07,-1005.1363681808488,762.73289913976,7344,success_index1,S_L,gradient_tolerance,,raw_state_verified,run.py:numpy-batch
SI-pHiSD,0.001584893192461114,0.002,2000000,458,-0.7015625000000001,1.4718749999999998,completed,1.113019708312116,4.874609844098104,14503998662.177004,1388322466.1062095,127039064288.0357,7346,state_safeguard,U,state_safeguard,source_norm2_gt_5,raw_state_verified,run.py:numpy-batch
SI-pHiSD,0.001584893192461114,0.002,2000000,228,-0.7578125,1.340625,completed,0.06601892861330157,0.18404094167814447,9.97892615116859e-07,-1005.1363681437142,762.7328991182674,7348,success_index1,S_L,gradient_tolerance,,raw_state_verified,run.py:numpy-batch
SI-pHiSD,0.001584893192461114,0.002,2000000,194,-0.7765625,1.321875,completed,0.06601892859594619,0.18404094167306098,9.988317649436128e-07,-1005.1363681248943,762.7328991000844,7352,success_index1,S_L,gradient_tolerance,,raw_state_verified,run.py:numpy-batch
SI-pHiSD,0.001584893192461114,0.002,2000000,160,-0.7953125000000001,1.3031249999999999,completed,0.06601892859053432,0.1840409416698218,9.976674341293756e-07,-1005.1363681122959,762.7328990958646,7358,success_index1,S_L,gradient_tolerance,,raw_state_verified,run.py:numpy-batch
SI-pHiSD,0.001584893192461114,0.002,2000000,363,-0.6921875000000001,1.415625,completed,0.0660189286352744,0.1840409416868932,9.99114252537916e-07,-1005.1363681769507,762.7328991392607,7364,success_index1,S_L,gradient_tolerance,,raw_state_verified,run.py:numpy-batch
SI-pHiSD,0.001584893192461114,0.002,2000000,464,-0.6453125000000001,1.4718749999999998,completed,0.0660189286414567,0.18404094168852714,9.98766451713077e-07,-1005.1363681829347,762.7328991458928,7365,success_index1,S_L,gradient_tolerance,,raw_state_verified,run.py:numpy-batch
SI-pHiSD,0.001584893192461114,0.002,2000000,329,-0.7109375,1.3968749999999999,completed,0.06601892861608566,0.18404094167800372,9.968921853304928e-07,-1005.1363681428427,762.7328991220228,7376,success_index1,S_L,gradient_tolerance,,raw_state_verified,run.py:numpy-batch
SI-pHiSD,0.001584893192461114,0.002,2000000,295,-0.7296875,1.378125,completed,0.06601892860980227,0.18404094167733165,9.982577265965748e-07,-1005.1363681407826,762.7328991144154,7390,success_index1,S_L,gradient_tolerance,,raw_state_verified,run.py:numpy-batch
SI-pHiSD,0.001584893192461114,0.002,2000000,430,-0.6640625,1.453125,completed,0.06601892864259759,0.1840409416872977,9.973103051630574e-07,-1005.1363681778105,762.7328991484588,7392,success_index1,S_L,gradient_tolerance,,raw_state_verified,run.py:numpy-batch
SI-pHiSD,0.001584893192461114,0.002,2000000,261,-0.7484375000000001,1.359375,completed,0.06601892860386893,0.18404094167397106,9.970955480940176e-07,-1005.1363681277467,762.7328991096216,7403,success_index1,S_L,gradient_tolerance,,raw_state_verified,run.py:numpy-batch
SI-pHiSD,0.001584893192461114,0.002,2000000,497,-0.6359375,1.4906249999999999,completed,0.06601892865764573,0.18404094169207236,9.97314297483834e-07,-1005.1363681956217,762.7328991639026,7412,success_index1,S_L,gradient_tolerance,,raw_state_verified,run.py:numpy-batch
SI-pHiSD,0.001584893192461114,0.002,2000000,227,-0.7671875,1.340625,completed,0.06601892859761888,0.1840409416736358,9.988090866040776e-07,-1005.1363681270533,762.7328991017625,7413,success_index1,S_L,gradient_tolerance,,raw_state_verified,run.py:numpy-batch
SI-pHiSD,0.001584893192461114,0.002,2000000,396,-0.6828125,1.434375,completed,0.06601892863527281,0.1840409416866599,9.989022505427683e-07,-1005.1363681760017,762.7328991394629,7414,success_index1,S_L,gradient_tolerance,,raw_state_verified,run.py:numpy-batch
SI-pHiSD,0.001584893192461114,0.002,2000000,193,-0.7859375000000001,1.321875,completed,0.06601892861060864,0.18404094167678894,9.975093311797743e-07,-1005.1363681384878,762.7328991159434,7429,success_index1,S_L,gradient_tolerance,,raw_state_verified,run.py:numpy-batch
SI-pHiSD,0.001584893192461114,0.002,2000000,362,-0.7015625000000001,1.415625,completed,0.0660189286258838,0.18404094168336352,9.987401139019404e-07,-1005.1363681635976,762.7328991301051,7435,success_index1,S_L,gradient_tolerance,,raw_state_verified,run.py:numpy-batch
SI-pHiSD,0.001584893192461114,0.002,2000000,463,-0.6546875000000001,1.4718749999999998,completed,0.06601892865010406,0.18404094169173565,9.991665710413228e-07,-1005.1363681950611,762.73289915436,7442,success_index1,S_L,gradient_tolerance,,raw_state_verified,run.py:numpy-batch
SI-pHiSD,0.001584893192461114,0.002,2000000,391,-0.7296875,1.434375,completed,1.1103749482381504,4.875396928297372,14374332933.211483,1376416504.246633,125869909718.77362,7449,state_safeguard,U,state_safeguard,source_norm2_gt_5,raw_state_verified,run.py:numpy-batch
SI-pHiSD,0.001584893192461114,0.002,2000000,328,-0.7203125,1.3968749999999999,completed,0.06601892861677426,0.18404094167900154,9.975845577790204e-07,-1005.1363681468284,762.732899122046,7454,success_index1,S_L,gradient_tolerance,,raw_state_verified,run.py:numpy-batch
SI-pHiSD,0.001584893192461114,0.002,2000000,294,-0.7390625000000001,1.378125,completed,0.06601892860903055,0.18404094167869764,9.997436992417146e-07,-1005.136368146423,762.732899112211,7471,success_index1,S_L,gradient_tolerance,,raw_state_verified,run.py:numpy-batch
SI-pHiSD,0.001584893192461114,0.002,2000000,429,-0.6734375,1.453125,completed,0.06601892865187971,0.184040941691141,9.98112575769639e-07,-1005.1363681924513,762.7328991571978,7477,success_index1,S_L,gradient_tolerance,,raw_state_verified,run.py:numpy-batch
SI-pHiSD,0.001584893192461114,0.002,2000000,260,-0.7578125,1.359375,completed,0.06601892860195951,0.18404094167491106,9.985629743391804e-07,-1005.1363681317757,762.7328991063067,7486,success_index1,S_L,gradient_tolerance,,raw_state_verified,run.py:numpy-batch
SI-pHiSD,0.001584893192461114,0.002,2000000,496,-0.6453125000000001,1.4906249999999999,completed,0.06601892865619817,0.18404094169416962,9.99638126554321e-07,-1005.1363682043097,762.7328991601761,7492,success_index1,S_L,gradient_tolerance,,raw_state_verified,run.py:numpy-batch
SI-pHiSD,0.001584893192461114,0.002,2000000,226,-0.7765625,1.340625,completed,0.06601892860014957,0.18404094167305013,9.974570991055758e-07,-1005.1363681243988,762.7328991055774,7500,success_index1,S_L,gradient_tolerance,,raw_state_verified,run.py:numpy-batch
SI-pHiSD,0.001584893192461114,0.002,2000000,395,-0.6921875000000001,1.434375,completed,0.0660189286428183,0.1840409416877204,9.976305201281268e-07,-1005.1363681795067,762.7328991483764,7503,success_index1,S_L,gradient_tolerance,,raw_state_verified,run.py:numpy-batch
SI-pHiSD,0.001584893192461114,0.002,2000000,192,-0.7953125000000001,1.321875,completed,0.0660189285880984,0.18404094167063703,9.992123022696115e-07,-1005.1363681158742,762.7328990919725,7507,success_index1,S_L,gradient_tolerance,,raw_state_verified,run.py:numpy-batch
SI-pHiSD,0.001584893192461114,0.002,2000000,462,-0.6640625,1.4718749999999998,completed,0.06601892864627008,0.18404094169085558,9.994769876768172e-07,-1005.1363681918923,762.7328991501302,7531,success_index1,S_L,gradient_tolerance,,raw_state_verified,run.py:numpy-batch
SI-pHiSD,0.001584893192461114,0.002,2000000,361,-0.7109375,1.415625,completed,0.06601892863697768,0.1840409416861113,9.978936324230089e-07,-1005.1363681735868,762.732899142168,7535,success_index1,S_L,gradient_tolerance,,raw_state_verified,run.py:numpy-batch
SI-pHiSD,0.001584893192461114,0.002,2000000,256,-0.7953125000000001,1.359375,completed,1.1074035220764629,4.876112741357466,14213725312.47168,1361635837.1593044,124422989990.163,7544,state_safeguard,U,state_safeguard,source_norm2_gt_5,raw_state_verified,run.py:numpy-batch
SI-pHiSD,0.001584893192461114,0.002,2000000,327,-0.7296875,1.3968749999999999,completed,0.06601892862092412,0.1840409416823852,9.993738734181813e-07,-1005.1363681601493,762.7328991244931,7554,success_index1,S_L,gradient_tolerance,,raw_state_verified,run.py:numpy-batch
SI-pHiSD,0.001584893192461114,0.002,2000000,428,-0.6828125,1.453125,completed,0.06601892864559764,0.184040941690096,9.989809602652607e-07,-1005.1363681888738,762.732899149919,7574,success_index1,S_L,gradient_tolerance,,raw_state_verified,run.py:numpy-batch
SI-pHiSD,0.001584893192461114,0.002,2000000,293,-0.7484375000000001,1.378125,completed,0.06601892861234042,0.18404094167962898,9.995445095585068e-07,-1005.136368149857,762.7328991157121,7577,success_index1,S_L,gradient_tolerance,,raw_state_verified,run.py:numpy-batch
SI-pHiSD,0.001584893192461114,0.002,2000000,259,-0.7671875,1.359375,completed,0.06601892859913851,0.18404094167544174,9.999557722416822e-07,-1005.1363681342376,762.7328991021618,7594,success_index1,S_L,gradient_tolerance,,raw_state_verified,run.py:numpy-batch
SI-pHiSD,0.001584893192461114,0.002,2000000,495,-0.6546875000000001,1.4906249999999999,completed,0.06601892866537576,0.18404094169739296,9.999950672601536e-07,-1005.1363682164395,762.7328991693221,7599,success_index1,S_L,gradient_tolerance,,raw_state_verified,run.py:numpy-batch
SI-pHiSD,0.001584893192461114,0.002,2000000,225,-0.7859375000000001,1.340625,completed,0.06601892859078158,0.18404094166954688,9.973365143261831e-07,-1005.1363681111509,762.7328990964284,7610,success_index1,S_L,gradient_tolerance,,raw_state_verified,run.py:numpy-batch
SI-pHiSD,0.001584893192461114,0.002,2000000,394,-0.7015625000000001,1.434375,completed,0.06601892864112885,0.18404094168674395,9.972386951531137e-07,-1005.1363681757153,762.7328991470281,7618,success_index1,S_L,gradient_tolerance,,raw_state_verified,run.py:numpy-batch
SI-pHiSD,0.001584893192461114,0.002,2000000,360,-0.7203125,1.415625,completed,0.06601892863025292,0.18404094168491533,9.988239763782256e-07,-1005.1363681694426,762.7328991344441,7655,success_index1,S_L,gradient_tolerance,,raw_state_verified,run.py:numpy-batch
SI-pHiSD,0.001584893192461114,0.002,2000000,461,-0.6734375,1.4718749999999998,completed,0.06601892866782938,0.18404094169745014,9.993665052178574e-07,-1005.1363682164085,762.7328991724727,7659,success_index1,S_L,gradient_tolerance,,raw_state_verified,run.py:numpy-batch
SI-pHiSD,0.001584893192461114,0.002,2000000,326,-0.7390625000000001,1.3968749999999999,completed,0.06601892864029604,0.18404094168748655,9.981611864305048e-07,-1005.1363681788257,762.732899145291,7699,success_index1,S_L,gradient_tolerance,,raw_state_verified,run.py:numpy-batch
SI-pHiSD,0.001584893192461114,0.002,2000000,427,-0.6921875000000001,1.453125,completed,0.06601892863927061,0.18404094168723636,9.98236895627148e-07,-1005.1363681779183,762.7328991441724,7715,success_index1,S_L,gradient_tolerance,,raw_state_verified,run.py:numpy-batch
SI-pHiSD,0.001584893192461114,0.002,2000000,292,-0.7578125,1.378125,completed,0.06601892861153333,0.18404094167828805,9.985799230945272e-07,-1005.1363681444881,762.732899115835,7725,success_index1,S_L,gradient_tolerance,,raw_state_verified,run.py:numpy-batch
SI-pHiSD,0.001584893192461114,0.002,2000000,290,-0.7765625,1.378125,completed,1.1077726773093177,4.875765824277076,14208391051.941132,1361105557.2210593,124376091655.35403,7735,state_safeguard,U,state_safeguard,source_norm2_gt_5,raw_state_verified,run.py:numpy-batch
SI-pHiSD,0.001584893192461114,0.002,2000000,494,-0.6640625,1.4906249999999999,completed,0.06601892865820985,0.18404094169304672,9.980429185300508e-07,-1005.1363681995256,762.7328991637843,7746,success_index1,S_L,gradient_tolerance,,raw_state_verified,run.py:numpy-batch
SI-pHiSD,0.001584893192461114,0.002,2000000,258,-0.7765625,1.359375,completed,0.06601892860275267,0.18404094167667703,9.999117478688473e-07,-1005.1363681388759,762.7328991057934,7753,success_index1,S_L,gradient_tolerance,,raw_state_verified,run.py:numpy-batch
SI-pHiSD,0.001584893192461114,0.002,2000000,224,-0.7953125000000001,1.340625,completed,0.06601892858720437,0.18404094166921756,9.982216276611181e-07,-1005.136368110195,762.7328990920504,7774,success_index1,S_L,gradient_tolerance,,raw_state_verified,run.py:numpy-batch
SI-pHiSD,0.001584893192461114,0.002,2000000,393,-0.7109375,1.434375,completed,0.06601892863051663,0.1840409416851182,9.989289288282373e-07,-1005.1363681702396,762.7328991346102,7780,success_index1,S_L,gradient_tolerance,,raw_state_verified,run.py:numpy-batch
SI-pHiSD,0.001584893192461114,0.002,2000000,492,-0.6828125,1.4906249999999999,completed,1.1141512770123838,4.874398728015747,14572433106.392738,1394626385.954909,127655591840.58507,7804,state_safeguard,U,state_safeguard,source_norm2_gt_5,raw_state_verified,run.py:numpy-batch
SI-pHiSD,0.001584893192461114,0.002,2000000,460,-0.6828125,1.4718749999999998,completed,0.06601892866669866,0.18404094169631227,9.986416242858891e-07,-1005.1363682119003,762.7328991719953,7849,success_index1,S_L,gradient_tolerance,,raw_state_verified,run.py:numpy-batch
SI-pHiSD,0.001584893192461114,0.002,2000000,359,-0.7296875,1.415625,completed,0.06601892864518887,0.18404094168798227,9.97174141323063e-07,-1005.1363681803181,762.7328991512389,7857,success_index1,S_L,gradient_tolerance,,raw_state_verified,run.py:numpy-batch
SI-pHiSD,0.001584893192461114,0.002,2000000,325,-0.7484375000000001,1.3968749999999999,completed,0.06601892862801086,0.18404094168360755,9.98313739778054e-07,-1005.1363681643622,762.7328991326659,7923,success_index1,S_L,gradient_tolerance,,raw_state_verified,run.py:numpy-batch
SI-pHiSD,0.001584893192461114,0.002,2000000,426,-0.7015625000000001,1.453125,completed,0.0660189286556785,0.18404094169217283,9.979653877601523e-07,-1005.1363681962414,762.7328991612487,7967,success_index1,S_L,gradient_tolerance,,raw_state_verified,run.py:numpy-batch
SI-pHiSD,0.001584893192461114,0.002,2000000,291,-0.7671875,1.378125,completed,0.06601892860132498,0.1840409416744738,9.983703835569164e-07,-1005.1363681300646,762.7328991058627,7986,success_index1,S_L,gradient_tolerance,,raw_state_verified,run.py:numpy-batch
SI-pHiSD,0.001584893192461114,0.002,2000000,425,-0.7109375,1.453125,completed,1.1108118650553582,4.875097047927902,14378891105.585268,1376806043.952248,125911856597.85464,7992,state_safeguard,U,state_safeguard,source_norm2_gt_5,raw_state_verified,run.py:numpy-batch
SI-pHiSD,0.001584893192461114,0.002,2000000,493,-0.6734375,1.4906249999999999,completed,0.06601892866416445,0.18404094169676513,9.997598897364473e-07,-1005.1363682140151,762.7328991682923,8011,success_index1,S_L,gradient_tolerance,,raw_state_verified,run.py:numpy-batch
SI-pHiSD,0.001584893192461114,0.002,2000000,257,-0.7859375000000001,1.359375,completed,0.06601892859136428,0.18404094167015678,9.976978043304511e-07,-1005.1363681135699,762.7328990966537,8050,success_index1,S_L,gradient_tolerance,,raw_state_verified,run.py:numpy-batch
SI-pHiSD,0.001584893192461114,0.002,2000000,392,-0.7203125,1.434375,completed,0.06601892863300159,0.184040941684,9.97161364676277e-07,-1005.1363681654236,762.7328991388322,8120,success_index1,S_L,gradient_tolerance,,raw_state_verified,run.py:numpy-batch
SI-pHiSD,0.001584893192461114,0.002,2000000,459,-0.6921875000000001,1.4718749999999998,completed,0.06601892864532359,0.18404094169022675,9.991801537385617e-07,-1005.1363681894352,762.7328991494468,8295,success_index1,S_L,gradient_tolerance,,raw_state_verified,run.py:numpy-batch
SI-pHiSD,0.001584893192461114,0.002,2000000,358,-0.7390625000000001,1.415625,completed,0.06601892862946328,0.1840409416849435,9.990887378514462e-07,-1005.1363681696419,762.7328991333897,8369,success_index1,S_L,gradient_tolerance,,raw_state_verified,run.py:numpy-batch
SI-pHiSD,0.001584893192461114,0.002,2000000,324,-0.7578125,1.3968749999999999,completed,0.06601892861209957,0.18404094167921828,9.992470106097195e-07,-1005.1363681482119,762.732899115758,9239,success_index1,S_L,gradient_tolerance,,raw_state_verified,run.py:numpy-batch
