method,eta,tau,budget,start_id,x0,y0,execution_status,raw_x,raw_y,grad_norm,lambda1,lambda2,n_outer_updates,terminal_category,endpoint,stop_reason,failure_reason,certification_reason,source
SI-pHiSD,1e-05,0.002,2000000,26,-0.5515625000000001,1.2093749999999999,completed,0.06601892868880099,0.18404094170432286,9.999924864805877e-07,-1005.13636824212,762.7328991938043,1048717,success_index1,S_L,gradient_tolerance,,raw_state_verified,run.py:numpy-batch
SI-pHiSD,1e-05,0.002,2000000,27,-0.5421875,1.2093749999999999,completed,0.06601892874305545,0.18404094171875532,9.999936816436464e-07,-1005.1363682950173,762.7328992519247,1050101,success_index1,S_L,gradient_tolerance,,raw_state_verified,run.py:numpy-batch
SI-pHiSD,1e-05,0.002,2000000,60,-0.5328125000000001,1.228125,completed,0.06601892871140605,0.18404094171061122,9.999924792163897e-07,-1005.1363682652789,762.7328992177787,1050121,success_index1,S_L,gradient_tolerance,,raw_state_verified,run.py:numpy-batch
SI-pHiSD,1e-05,0.002,2000000,28,-0.5328125000000001,1.2093749999999999,completed,0.06601892877795783,0.18404094172683585,9.99989867545819e-07,-1005.1363683241469,762.7328992903703,1051224,success_index1,S_L,gradient_tolerance,,raw_state_verified,run.py:numpy-batch
SI-pHiSD,1e-05,0.002,2000000,61,-0.5234375,1.228125,completed,0.06601892877584464,0.1840409417263676,9.999848633961135e-07,-1005.1363683224693,762.732899288024,1051660,success_index1,S_L,gradient_tolerance,,raw_state_verified,run.py:numpy-batch
SI-pHiSD,1e-05,0.002,2000000,29,-0.5234375,1.2093749999999999,completed,0.06601892880173175,0.18404094173181265,9.999972352419537e-07,-1005.1363683418446,762.7328993170197,1052119,success_index1,S_L,gradient_tolerance,,raw_state_verified,run.py:numpy-batch
SI-pHiSD,1e-05,0.002,2000000,62,-0.5140625000000001,1.228125,completed,0.06601892881377472,0.1840409417341463,9.999822881786285e-07,-1005.1363683500473,762.732899330683,1052853,success_index1,S_L,gradient_tolerance,,raw_state_verified,run.py:numpy-batch
SI-pHiSD,1e-05,0.002,2000000,30,-0.5140625000000001,1.2093749999999999,completed,0.06601892881918925,0.18404094173516516,9.99981301185103e-07,-1005.1363683536107,762.7328993368536,1052854,success_index1,S_L,gradient_tolerance,,raw_state_verified,run.py:numpy-batch
SI-pHiSD,1e-05,0.002,2000000,95,-0.5046875000000001,1.246875,completed,0.06601892880779917,0.18404094173301033,9.99996914426169e-07,-1005.1363683460664,762.7328993238845,1053224,success_index1,S_L,gradient_tolerance,,raw_state_verified,run.py:numpy-batch
SI-pHiSD,1e-05,0.002,2000000,31,-0.5046875000000001,1.2093749999999999,completed,0.06601892883461834,0.18404094173796057,9.999938879414476e-07,-1005.1363683633282,762.7328993545299,1053491,success_index1,S_L,gradient_tolerance,,raw_state_verified,run.py:numpy-batch
SI-pHiSD,1e-05,0.002,2000000,63,-0.5046875000000001,1.228125,completed,0.06601892883830655,0.18404094173858704,9.99983891662907e-07,-1005.1363683654813,762.7328993587918,1053775,success_index1,S_L,gradient_tolerance,,raw_state_verified,run.py:numpy-batch
SI-pHiSD,1e-05,0.002,2000000,480,-0.7953125000000001,1.4906249999999999,completed,-4.82380873393864,-1.3156289579607543,31568648064.39493,2935667327.4849296,282610158278.88885,1064896,state_safeguard,U,state_safeguard,source_norm2_gt_5,raw_state_verified,run.py:numpy-batch
SI-pHiSD,1e-05,0.002,2000000,448,-0.7953125000000001,1.4718749999999998,completed,-4.823807056060248,-1.3156330894505386,31569024306.997288,2935700917.6352468,282613623126.1488,1067248,state_safeguard,U,state_safeguard,source_norm2_gt_5,raw_state_verified,run.py:numpy-batch
SI-pHiSD,1e-05,0.002,2000000,481,-0.7859375000000001,1.4906249999999999,completed,-4.823808699091519,-1.3156309231528112,31568993534.50819,2935698444.3394814,282613331268.5531,1067594,state_safeguard,U,state_safeguard,source_norm2_gt_5,raw_state_verified,run.py:numpy-batch
SI-pHiSD,1e-05,0.002,2000000,449,-0.7859375000000001,1.4718749999999998,completed,-4.823807020916182,-1.315632321439351,31568878656.45014,2935687789.672259,282612285670.7084,1070667,state_safeguard,U,state_safeguard,source_norm2_gt_5,raw_state_verified,run.py:numpy-batch
SI-pHiSD,1e-05,0.002,2000000,482,-0.7765625,1.4906249999999999,completed,-4.823807777463579,-1.3156317075070796,31568933398.30577,2935692858.99935,282612784163.17065,1070679,state_safeguard,U,state_safeguard,source_norm2_gt_5,raw_state_verified,run.py:numpy-batch
SI-pHiSD,1e-05,0.002,2000000,416,-0.7953125000000001,1.453125,completed,-4.823815745226896,-1.3156044511235858,31565774782.76035,2935409750.62305,282583730684.6119,1071660,state_safeguard,U,state_safeguard,source_norm2_gt_5,raw_state_verified,run.py:numpy-batch
SI-pHiSD,1e-05,0.002,2000000,18,-0.6265625,1.2093749999999999,completed,0.06601892896061523,0.18404094175365698,9.999873459601787e-07,-1005.1363684136684,762.7328995051295,1071924,success_index1,S_L,gradient_tolerance,,raw_state_verified,run.py:numpy-batch
SI-pHiSD,1e-05,0.002,2000000,19,-0.6171875,1.2093749999999999,completed,0.0660189289780861,0.18404094175483296,9.999903505153108e-07,-1005.1363684165782,762.7328995268888,1072166,success_index1,S_L,gradient_tolerance,,raw_state_verified,run.py:numpy-batch
SI-pHiSD,1e-05,0.002,2000000,17,-0.6359375,1.2093749999999999,completed,0.06601892894833115,0.18404094175269733,9.999996668842137e-07,-1005.1363684110825,762.7328994899464,1072205,success_index1,S_L,gradient_tolerance,,raw_state_verified,run.py:numpy-batch
SI-pHiSD,1e-05,0.002,2000000,16,-0.6453125000000001,1.2093749999999999,completed,0.06601892893902885,0.18404094175187727,9.999981860533831e-07,-1005.1363684087439,762.7328994785307,1072827,success_index1,S_L,gradient_tolerance,,raw_state_verified,run.py:numpy-batch
SI-pHiSD,1e-05,0.002,2000000,20,-0.6078125000000001,1.2093749999999999,completed,0.0660189290065042,0.1840409417561957,9.99983478705778e-07,-1005.1363684190732,762.732899562765,1073428,success_index1,S_L,gradient_tolerance,,raw_state_verified,run.py:numpy-batch
SI-pHiSD,1e-05,0.002,2000000,15,-0.6546875000000001,1.2093749999999999,completed,0.06601892893163962,0.1840409417511737,9.999948098941452e-07,-1005.1363684066747,762.7328994695081,1073703,success_index1,S_L,gradient_tolerance,,raw_state_verified,run.py:numpy-batch
SI-pHiSD,1e-05,0.002,2000000,483,-0.7671875,1.4906249999999999,completed,-4.823807611572189,-1.315633039097867,31569136447.65541,2935711121.402249,282614649899.7175,1074226,state_safeguard,U,state_safeguard,source_norm2_gt_5,raw_state_verified,run.py:numpy-batch
SI-pHiSD,1e-05,0.002,2000000,52,-0.6078125000000001,1.228125,completed,0.06601892900333549,0.18404094175609267,9.999982536535614e-07,-1005.1363684189935,762.7328995587219,1074241,success_index1,S_L,gradient_tolerance,,raw_state_verified,run.py:numpy-batch
SI-pHiSD,1e-05,0.002,2000000,51,-0.6171875,1.228125,completed,0.06601892898910355,0.18404094175544133,9.99988330724631e-07,-1005.1363684178707,762.7328995407275,1074328,success_index1,S_L,gradient_tolerance,,raw_state_verified,run.py:numpy-batch
SI-pHiSD,1e-05,0.002,2000000,450,-0.7765625,1.4718749999999998,completed,-4.823807408266482,-1.3156310201238295,31568729359.72742,2935674410.105613,282610912352.1362,1074608,state_safeguard,U,state_safeguard,source_norm2_gt_5,raw_state_verified,run.py:numpy-batch
SI-pHiSD,1e-05,0.002,2000000,14,-0.6640625,1.2093749999999999,completed,0.06601892892557454,0.18404094175055544,9.999848192534033e-07,-1005.1363684048101,762.7328994621386,1074788,success_index1,S_L,gradient_tolerance,,raw_state_verified,run.py:numpy-batch
SI-pHiSD,1e-05,0.002,2000000,50,-0.6265625,1.228125,completed,0.06601892897848877,0.18404094175485256,9.999863757172834e-07,-1005.1363684166142,762.7328995273971,1074818,success_index1,S_L,gradient_tolerance,,raw_state_verified,run.py:numpy-batch
SI-pHiSD,1e-05,0.002,2000000,53,-0.5984375000000001,1.228125,completed,0.06601892902482964,0.18404094175672545,9.999861614793476e-07,-1005.1363684192612,762.7328995862058,1074875,success_index1,S_L,gradient_tolerance,,raw_state_verified,run.py:numpy-batch
SI-pHiSD,1e-05,0.002,2000000,49,-0.6359375,1.228125,completed,0.06601892896999302,0.18404094175432165,9.999911166608963e-07,-1005.136368415366,762.7328995167799,1075585,success_index1,S_L,gradient_tolerance,,raw_state_verified,run.py:numpy-batch
SI-pHiSD,1e-05,0.002,2000000,13,-0.6734375,1.2093749999999999,completed,0.06601892892048612,0.18404094175002608,9.9998734620322e-07,-1005.1363684032026,762.7328994559646,1076056,success_index1,S_L,gradient_tolerance,,raw_state_verified,run.py:numpy-batch
SI-pHiSD,1e-05,0.002,2000000,417,-0.7859375000000001,1.453125,completed,-4.823818248265407,-1.3155950314397984,31564628600.862076,2935306946.8386703,282573190113.4594,1076078,state_safeguard,U,state_safeguard,source_norm2_gt_5,raw_state_verified,run.py:numpy-batch
SI-pHiSD,1e-05,0.002,2000000,48,-0.6453125000000001,1.228125,completed,0.06601892896285365,0.18404094175381455,9.999814208061578e-07,-1005.1363684140694,762.7328995079112,1076569,success_index1,S_L,gradient_tolerance,,raw_state_verified,run.py:numpy-batch
SI-pHiSD,1e-05,0.002,2000000,85,-0.5984375000000001,1.246875,completed,0.06601892903407193,0.18404094175688315,9.999856644907218e-07,-1005.1363684189112,762.7328995981239,1076931,success_index1,S_L,gradient_tolerance,,raw_state_verified,run.py:numpy-batch
SI-pHiSD,1e-05,0.002,2000000,84,-0.6078125000000001,1.246875,completed,0.0660189290205585,0.18404094175663843,9.999954646922887e-07,-1005.1363684193652,762.732899580711,1077140,success_index1,S_L,gradient_tolerance,,raw_state_verified,run.py:numpy-batch
SI-pHiSD,1e-05,0.002,2000000,86,-0.5890625,1.246875,completed,0.0660189290537424,0.18404094175697455,9.999829077363074e-07,-1005.1363684171714,762.7328996237038,1077363,success_index1,S_L,gradient_tolerance,,raw_state_verified,run.py:numpy-batch
SI-pHiSD,1e-05,0.002,2000000,12,-0.6828125,1.2093749999999999,completed,0.06601892891616848,0.18404094174955968,9.999885764443006e-07,-1005.1363684017684,762.7328994507412,1077495,success_index1,S_L,gradient_tolerance,,raw_state_verified,run.py:numpy-batch
SI-pHiSD,1e-05,0.002,2000000,54,-0.5890625,1.228125,completed,0.06601892906805754,0.18404094175683483,9.999836128883165e-07,-1005.1363684150674,762.7328996425002,1077522,success_index1,S_L,gradient_tolerance,,raw_state_verified,run.py:numpy-batch
SI-pHiSD,1e-05,0.002,2000000,83,-0.6171875,1.246875,completed,0.06601892901004053,0.18404094175632862,9.999918063375734e-07,-1005.1363684192337,762.732899567262,1077712,success_index1,S_L,gradient_tolerance,,raw_state_verified,run.py:numpy-batch
SI-pHiSD,1e-05,0.002,2000000,47,-0.6546875000000001,1.228125,completed,0.06601892895666284,0.18404094175336116,9.999909394968763e-07,-1005.1363684128892,762.7328995002326,1077737,success_index1,S_L,gradient_tolerance,,raw_state_verified,run.py:numpy-batch
SI-pHiSD,1e-05,0.002,2000000,484,-0.7578125,1.4906249999999999,completed,-4.823807455206838,-1.3156337600191543,31569231860.1784,2935719688.6024013,282615527047.1979,1078337,state_safeguard,U,state_safeguard,source_norm2_gt_5,raw_state_verified,run.py:numpy-batch
SI-pHiSD,1e-05,0.002,2000000,82,-0.6265625,1.246875,completed,0.06601892900123638,0.18404094175599067,9.999821079750856e-07,-1005.1363684188036,762.7328995560732,1078537,success_index1,S_L,gradient_tolerance,,raw_state_verified,run.py:numpy-batch
SI-pHiSD,1e-05,0.002,2000000,21,-0.5984375000000001,1.2093749999999999,completed,0.06601892907869221,0.1840409417566118,9.999809224751798e-07,-1005.1363684130179,762.7328996565687,1078642,success_index1,S_L,gradient_tolerance,,raw_state_verified,run.py:numpy-batch
SI-pHiSD,1e-05,0.002,2000000,384,-0.7953125000000001,1.434375,completed,-4.823851402656379,-1.3154743395012238,31550183098.12394,2934011576.6076474,282440337534.756,1078791,state_safeguard,U,state_safeguard,source_norm2_gt_5,raw_state_verified,run.py:numpy-batch
SI-pHiSD,1e-05,0.002,2000000,46,-0.6640625,1.228125,completed,0.06601892895118759,0.18404094175292804,9.99993809213417e-07,-1005.1363684117144,762.7328994934702,1079075,success_index1,S_L,gradient_tolerance,,raw_state_verified,run.py:numpy-batch
SI-pHiSD,1e-05,0.002,2000000,11,-0.6921875000000001,1.2093749999999999,completed,0.06601892891249164,0.18404094174914698,9.999862397866892e-07,-1005.1363684004834,762.7328994463072,1079099,success_index1,S_L,gradient_tolerance,,raw_state_verified,run.py:numpy-batch
SI-pHiSD,1e-05,0.002,2000000,451,-0.7671875,1.4718749999999998,completed,-4.823809234365934,-1.3156293410460478,31568826059.52707,2935683454.0223775,282611790168.7749,1079199,state_safeguard,U,state_safeguard,source_norm2_gt_5,raw_state_verified,run.py:numpy-batch
SI-pHiSD,1e-05,0.002,2000000,81,-0.6359375,1.246875,completed,0.06601892899353456,0.18404094175565033,9.999809128295565e-07,-1005.1363684182453,762.7328995463248,1079564,success_index1,S_L,gradient_tolerance,,raw_state_verified,run.py:numpy-batch
SI-pHiSD,1e-05,0.002,2000000,87,-0.5796875,1.246875,completed,0.06601892909224624,0.184040941756191,9.999840440468819e-07,-1005.1363684098512,762.7328996746187,1079592,success_index1,S_L,gradient_tolerance,,raw_state_verified,run.py:numpy-batch
SI-pHiSD,1e-05,0.002,2000000,118,-0.5890625,1.265625,completed,0.06601892907169032,0.18404094175677724,9.99989248654322e-07,-1005.1363684144428,762.7328996472899,1080396,success_index1,S_L,gradient_tolerance,,raw_state_verified,run.py:numpy-batch
SI-pHiSD,1e-05,0.002,2000000,117,-0.5984375000000001,1.265625,completed,0.0660189290559573,0.18404094175697722,9.999941505600426e-07,-1005.1363684169448,762.732899626591,1080470,success_index1,S_L,gradient_tolerance,,raw_state_verified,run.py:numpy-batch
SI-pHiSD,1e-05,0.002,2000000,45,-0.6734375,1.228125,completed,0.06601892894627605,0.18404094175251223,9.999903905919662e-07,-1005.1363684105502,762.7328994874279,1080575,success_index1,S_L,gradient_tolerance,,raw_state_verified,run.py:numpy-batch
SI-pHiSD,1e-05,0.002,2000000,80,-0.6453125000000001,1.246875,completed,0.06601892898661064,0.1840409417553248,9.999998110649607e-07,-1005.136368417664,762.732899537578,1080768,success_index1,S_L,gradient_tolerance,,raw_state_verified,run.py:numpy-batch
SI-pHiSD,1e-05,0.002,2000000,10,-0.7015625000000001,1.2093749999999999,completed,0.06601892890937412,0.1840409417487922,9.999874876899234e-07,-1005.1363683993749,762.7328994425515,1080866,success_index1,S_L,gradient_tolerance,,raw_state_verified,run.py:numpy-batch
SI-pHiSD,1e-05,0.002,2000000,116,-0.6078125000000001,1.265625,completed,0.06601892904375566,0.18404094175698307,9.999962356884654e-07,-1005.1363684182783,762.7328996106686,1080969,success_index1,S_L,gradient_tolerance,,raw_state_verified,run.py:numpy-batch
SI-pHiSD,1e-05,0.002,2000000,119,-0.5796875,1.265625,completed,0.06601892909587856,0.18404094175604585,9.999807464849103e-07,-1005.1363684088712,762.7328996794839,1081199,success_index1,S_L,gradient_tolerance,,raw_state_verified,run.py:numpy-batch
SI-pHiSD,1e-05,0.002,2000000,418,-0.7765625,1.453125,completed,-4.823822288020658,-1.3155773590521556,31562335227.565266,2935101072.116789,282552105165.8117,1081268,state_safeguard,U,state_safeguard,source_norm2_gt_5,raw_state_verified,run.py:numpy-batch
SI-pHiSD,1e-05,0.002,2000000,115,-0.6171875,1.265625,completed,0.06601892903344896,0.18404094175687652,9.999872079728856e-07,-1005.1363684189511,762.7328995973173,1081748,success_index1,S_L,gradient_tolerance,,raw_state_verified,run.py:numpy-batch
SI-pHiSD,1e-05,0.002,2000000,79,-0.6546875000000001,1.246875,completed,0.06601892898027693,0.18404094175497135,9.999984130741885e-07,-1005.1363684169062,762.7328995296253,1082140,success_index1,S_L,gradient_tolerance,,raw_state_verified,run.py:numpy-batch
SI-pHiSD,1e-05,0.002,2000000,44,-0.6828125,1.228125,completed,0.06601892894187104,0.1840409417521267,9.999909624062273e-07,-1005.136368409454,762.7328994820194,1082236,success_index1,S_L,gradient_tolerance,,raw_state_verified,run.py:numpy-batch
SI-pHiSD,1e-05,0.002,2000000,114,-0.6265625,1.265625,completed,0.06601892902432847,0.18404094175672162,9.999921869915236e-07,-1005.1363684192992,762.7328995855559,1082745,success_index1,S_L,gradient_tolerance,,raw_state_verified,run.py:numpy-batch
SI-pHiSD,1e-05,0.002,2000000,9,-0.7109375,1.2093749999999999,completed,0.0660189289067797,0.18404094174850066,9.999971326494057e-07,-1005.1363683984671,762.7328994394225,1082798,success_index1,S_L,gradient_tolerance,,raw_state_verified,run.py:numpy-batch
SI-pHiSD,1e-05,0.002,2000000,485,-0.7484375000000001,1.4906249999999999,completed,-4.82380677744291,-1.3156325554423725,31568867583.84512,2935686747.8440137,282612185349.74536,1083157,state_safeguard,U,state_safeguard,source_norm2_gt_5,raw_state_verified,run.py:numpy-batch
SI-pHiSD,1e-05,0.002,2000000,78,-0.6640625,1.246875,completed,0.06601892897443096,0.1840409417546142,9.9999563485174e-07,-1005.1363684160799,762.7328995223126,1083675,success_index1,S_L,gradient_tolerance,,raw_state_verified,run.py:numpy-batch
SI-pHiSD,1e-05,0.002,2000000,113,-0.6359375,1.265625,completed,0.06601892901603484,0.18404094175650398,9.999827080484781e-07,-1005.1363684193043,762.7328995749273,1083934,success_index1,S_L,gradient_tolerance,,raw_state_verified,run.py:numpy-batch
SI-pHiSD,1e-05,0.002,2000000,43,-0.6921875000000001,1.228125,completed,0.06601892893791268,0.1840409417517697,9.99993954481057e-07,-1005.1363684084258,762.732899477169,1084059,success_index1,S_L,gradient_tolerance,,raw_state_verified,run.py:numpy-batch
SI-pHiSD,1e-05,0.002,2000000,452,-0.7578125,1.4718749999999998,completed,-4.823810879073349,-1.315623185404413,31568078925.50215,2935616444.419496,282604919247.7375,1084623,state_safeguard,U,state_safeguard,source_norm2_gt_5,raw_state_verified,run.py:numpy-batch
SI-pHiSD,1e-05,0.002,2000000,385,-0.7859375000000001,1.434375,completed,-4.823852520233392,-1.315465188888253,31548783787.96986,2933885714.399225,282427480202.61755,1084673,state_safeguard,U,state_safeguard,source_norm2_gt_5,raw_state_verified,run.py:numpy-batch
SI-pHiSD,1e-05,0.002,2000000,8,-0.7203125,1.2093749999999999,completed,0.06601892890467884,0.18404094174824986,9.999952541851401e-07,-1005.1363683976722,762.7328994369018,1084900,success_index1,S_L,gradient_tolerance,,raw_state_verified,run.py:numpy-batch
SI-pHiSD,1e-05,0.002,2000000,149,-0.5984375000000001,1.284375,completed,0.06601892908364371,0.18404094175647953,9.99984370954557e-07,-1005.1363684119485,762.7328996631437,1084969,success_index1,S_L,gradient_tolerance,,raw_state_verified,run.py:numpy-batch
SI-pHiSD,1e-05,0.002,2000000,150,-0.5890625,1.284375,completed,0.06601892910256515,0.18404094175576682,9.999911540604397e-07,-1005.1363684070185,762.7328996884512,1085012,success_index1,S_L,gradient_tolerance,,raw_state_verified,run.py:numpy-batch
SI-pHiSD,1e-05,0.002,2000000,112,-0.6453125000000001,1.265625,completed,0.06601892900837499,0.18404094175626384,9.999847881248137e-07,-1005.1363684191492,762.7328995651455,1085301,success_index1,S_L,gradient_tolerance,,raw_state_verified,run.py:numpy-batch
SI-pHiSD,1e-05,0.002,2000000,77,-0.6734375,1.246875,completed,0.06601892896903597,0.18404094175425562,9.999893989328097e-07,-1005.1363684152,762.7328995155895,1085375,success_index1,S_L,gradient_tolerance,,raw_state_verified,run.py:numpy-batch
SI-pHiSD,1e-05,0.002,2000000,148,-0.6078125000000001,1.284375,completed,0.06601892906915499,0.1840409417568204,9.99986896143302e-07,-1005.1363684148903,762.7328996439444,1085454,success_index1,S_L,gradient_tolerance,,raw_state_verified,run.py:numpy-batch
SI-pHiSD,1e-05,0.002,2000000,42,-0.7015625000000001,1.228125,completed,0.06601892893439534,0.18404094175143465,9.99990124062252e-07,-1005.1363684074406,762.7328994728744,1086050,success_index1,S_L,gradient_tolerance,,raw_state_verified,run.py:numpy-batch
SI-pHiSD,1e-05,0.002,2000000,147,-0.6171875,1.284375,completed,0.06601892905696306,0.1840409417569629,9.999868699444806e-07,-1005.1363684167789,762.7328996279153,1086271,success_index1,S_L,gradient_tolerance,,raw_state_verified,run.py:numpy-batch
SI-pHiSD,1e-05,0.002,2000000,151,-0.5796875,1.284375,completed,0.06601892913408436,0.18404094175386174,9.999997169172801e-07,-1005.1363683958848,762.7328997312377,1086360,success_index1,S_L,gradient_tolerance,,raw_state_verified,run.py:numpy-batch
SI-pHiSD,1e-05,0.002,2000000,111,-0.6546875000000001,1.265625,completed,0.06601892900125832,0.18404094175601016,9.999986720611234e-07,-1005.1363684188806,762.7328995560848,1086843,success_index1,S_L,gradient_tolerance,,raw_state_verified,run.py:numpy-batch
SI-pHiSD,1e-05,0.002,2000000,7,-0.7296875,1.2093749999999999,completed,0.06601892890306131,0.18404094174804086,9.999816424325391e-07,-1005.1363683969956,762.7328994349746,1087178,success_index1,S_L,gradient_tolerance,,raw_state_verified,run.py:numpy-batch
SI-pHiSD,1e-05,0.002,2000000,76,-0.6828125,1.246875,completed,0.06601892896406053,0.1840409417539123,9.999912552256018e-07,-1005.1363684143374,762.7328995094,1087243,success_index1,S_L,gradient_tolerance,,raw_state_verified,run.py:numpy-batch
SI-pHiSD,1e-05,0.002,2000000,146,-0.6265625,1.284375,completed,0.06601892904621065,0.1840409417569892,9.999932386682865e-07,-1005.1363684180394,762.732899613866,1087344,success_index1,S_L,gradient_tolerance,,raw_state_verified,run.py:numpy-batch
SI-pHiSD,1e-05,0.002,2000000,419,-0.7671875,1.453125,completed,-4.823830704788682,-1.3155511198513536,31559457940.52679,2934843388.286935,282525633021.228,1087469,state_safeguard,U,state_safeguard,source_norm2_gt_5,raw_state_verified,run.py:numpy-batch
SI-pHiSD,1e-05,0.002,2000000,120,-0.5703125,1.265625,completed,0.06601892917681638,0.18404094174979066,9.99994131993725e-07,-1005.1363683747352,762.7328997905505,1087516,success_index1,S_L,gradient_tolerance,,raw_state_verified,run.py:numpy-batch
SI-pHiSD,1e-05,0.002,2000000,41,-0.7109375,1.228125,completed,0.06601892893131582,0.18404094175113567,9.999890763605486e-07,-1005.1363684065543,762.7328994691195,1088215,success_index1,S_L,gradient_tolerance,,raw_state_verified,run.py:numpy-batch
SI-pHiSD,1e-05,0.002,2000000,110,-0.6640625,1.265625,completed,0.06601892899462401,0.18404094175571575,9.99993809098674e-07,-1005.1363684183946,762.7328995476885,1088563,success_index1,S_L,gradient_tolerance,,raw_state_verified,run.py:numpy-batch
SI-pHiSD,1e-05,0.002,2000000,145,-0.6359375,1.284375,completed,0.06601892903648361,0.1840409417569167,9.999893256841946e-07,-1005.1363684187888,762.7328996012409,1088641,success_index1,S_L,gradient_tolerance,,raw_state_verified,run.py:numpy-batch
SI-pHiSD,1e-05,0.002,2000000,352,-0.7953125000000001,1.415625,completed,-4.8238300880068765,-1.315547018343587,31558586783.017204,2934764793.238156,282517635852.9394,1088753,state_safeguard,U,state_safeguard,source_norm2_gt_5,raw_state_verified,run.py:numpy-batch
SI-pHiSD,1e-05,0.002,2000000,486,-0.7390625000000001,1.4906249999999999,completed,-4.823808797015724,-1.3156314210749052,31569104355.861874,2935708445.9858584,282614348499.8907,1088902,state_safeguard,U,state_safeguard,source_norm2_gt_5,raw_state_verified,run.py:numpy-batch
SI-pHiSD,1e-05,0.002,2000000,75,-0.6921875000000001,1.246875,completed,0.06601892895950669,0.18404094175358718,9.999990495610598e-07,-1005.1363684135039,762.7328995037444,1089286,success_index1,S_L,gradient_tolerance,,raw_state_verified,run.py:numpy-batch
SI-pHiSD,1e-05,0.002,2000000,6,-0.7390625000000001,1.2093749999999999,completed,0.0660189289019227,0.18404094174790295,9.999814089753462e-07,-1005.1363683965565,762.7328994336106,1089638,success_index1,S_L,gradient_tolerance,,raw_state_verified,run.py:numpy-batch
SI-pHiSD,1e-05,0.002,2000000,144,-0.6453125000000001,1.284375,completed,0.06601892902756303,0.18404094175677763,9.999842380171297e-07,-1005.1363684191803,762.7328995897257,1090147,success_index1,S_L,gradient_tolerance,,raw_state_verified,run.py:numpy-batch
SI-pHiSD,1e-05,0.002,2000000,109,-0.6734375,1.265625,completed,0.06601892898845467,0.1840409417554047,9.99985277504883e-07,-1005.1363684177912,762.7328995399134,1090465,success_index1,S_L,gradient_tolerance,,raw_state_verified,run.py:numpy-batch
SI-pHiSD,1e-05,0.002,2000000,40,-0.7203125,1.228125,completed,0.06601892892867461,0.18404094175087485,9.999896590766567e-07,-1005.1363684057767,762.7328994659025,1090562,success_index1,S_L,gradient_tolerance,,raw_state_verified,run.py:numpy-batch
SI-pHiSD,1e-05,0.002,2000000,180,-0.6078125000000001,1.3031249999999999,completed,0.0660189290967732,0.184040941756017,9.999875217807248e-07,-1005.1363684086574,762.7328996806765,1090640,success_index1,S_L,gradient_tolerance,,raw_state_verified,run.py:numpy-batch
SI-pHiSD,1e-05,0.002,2000000,181,-0.5984375000000001,1.3031249999999999,completed,0.06601892911942776,0.1840409417548483,9.999857313822844e-07,-1005.1363684014713,762.7328997112536,1090705,success_index1,S_L,gradient_tolerance,,raw_state_verified,run.py:numpy-batch
SI-pHiSD,1e-05,0.002,2000000,453,-0.7484375000000001,1.4718749999999998,completed,-4.823814664831657,-1.3156064064833937,31565890384.941013,2935419968.601634,282584798448.8142,1091171,state_safeguard,U,state_safeguard,source_norm2_gt_5,raw_state_verified,run.py:numpy-batch
SI-pHiSD,1e-05,0.002,2000000,179,-0.6171875,1.3031249999999999,completed,0.06601892908014034,0.18404094175659327,9.999975866590572e-07,-1005.1363684127872,762.732899658474,1091277,success_index1,S_L,gradient_tolerance,,raw_state_verified,run.py:numpy-batch
SI-pHiSD,1e-05,0.002,2000000,74,-0.7015625000000001,1.246875,completed,0.06601892895537655,0.1840409417532529,9.999838036753254e-07,-1005.1363684125865,762.7328994986498,1091514,success_index1,S_L,gradient_tolerance,,raw_state_verified,run.py:numpy-batch
SI-pHiSD,1e-05,0.002,2000000,386,-0.7765625,1.434375,completed,-4.823856390734839,-1.3154571036737919,31548175974.73543,2933831659.7421064,282421876380.1848,1091768,state_safeguard,U,state_safeguard,source_norm2_gt_5,raw_state_verified,run.py:numpy-batch
SI-pHiSD,1e-05,0.002,2000000,143,-0.6546875000000001,1.284375,completed,0.06601892901933337,0.1840409417566026,9.99991030600382e-07,-1005.136368419351,762.732899579144,1091857,success_index1,S_L,gradient_tolerance,,raw_state_verified,run.py:numpy-batch
SI-pHiSD,1e-05,0.002,2000000,5,-0.7484375000000001,1.2093749999999999,completed,0.06601892890126917,0.18404094174783905,9.9999552716202e-07,-1005.1363683963664,762.7328994328142,1092289,success_index1,S_L,gradient_tolerance,,raw_state_verified,run.py:numpy-batch
SI-pHiSD,1e-05,0.002,2000000,178,-0.6265625,1.3031249999999999,completed,0.06601892906645894,0.18404094175687194,9.999946944173661e-07,-1005.1363684153894,762.7328996403826,1092329,success_index1,S_L,gradient_tolerance,,raw_state_verified,run.py:numpy-batch
SI-pHiSD,1e-05,0.002,2000000,108,-0.6828125,1.265625,completed,0.06601892898274651,0.1840409417551089,9.99995235862829e-07,-1005.1363684172003,762.7328995327265,1092555,success_index1,S_L,gradient_tolerance,,raw_state_verified,run.py:numpy-batch
SI-pHiSD,1e-05,0.002,2000000,39,-0.7296875,1.228125,completed,0.06601892892647652,0.18404094175066382,9.99999464405007e-07,-1005.136368405154,762.7328994632201,1093100,success_index1,S_L,gradient_tolerance,,raw_state_verified,run.py:numpy-batch
SI-pHiSD,1e-05,0.002,2000000,182,-0.5890625,1.3031249999999999,completed,0.06601892916493697,0.18404094175109345,9.999939125881398e-07,-1005.1363683813101,762.7328997739121,1093109,success_index1,S_L,gradient_tolerance,,raw_state_verified,run.py:numpy-batch
SI-pHiSD,1e-05,0.002,2000000,177,-0.6359375,1.3031249999999999,completed,0.06601892905459036,0.18404094175698218,9.999925674256e-07,-1005.136368417112,762.732899624803,1093694,success_index1,S_L,gradient_tolerance,,raw_state_verified,run.py:numpy-batch
SI-pHiSD,1e-05,0.002,2000000,142,-0.6640625,1.284375,completed,0.0660189290117043,0.18404094175638658,9.9999485920885e-07,-1005.1363684192916,762.7328995693811,1093772,success_index1,S_L,gradient_tolerance,,raw_state_verified,run.py:numpy-batch
SI-pHiSD,1e-05,0.002,2000000,73,-0.7109375,1.246875,completed,0.06601892895168487,0.18404094175297006,9.999950202972659e-07,-1005.1363684118319,762.7328994940822,1093934,success_index1,S_L,gradient_tolerance,,raw_state_verified,run.py:numpy-batch
SI-pHiSD,1e-05,0.002,2000000,107,-0.6921875000000001,1.265625,completed,0.06601892897748932,0.18404094175479055,9.999845837933764e-07,-1005.1363684164692,762.7328995261478,1094844,success_index1,S_L,gradient_tolerance,,raw_state_verified,run.py:numpy-batch
SI-pHiSD,1e-05,0.002,2000000,420,-0.7578125,1.453125,completed,-4.823839852999336,-1.3155117184773883,31554376741.05818,2934387284.7997103,282478916340.0785,1095041,state_safeguard,U,state_safeguard,source_norm2_gt_5,raw_state_verified,run.py:numpy-batch
SI-pHiSD,1e-05,0.002,2000000,4,-0.7578125,1.2093749999999999,completed,0.06601892890108554,0.18404094174780067,9.999810600074904e-07,-1005.1363683962302,762.7328994326082,1095143,success_index1,S_L,gradient_tolerance,,raw_state_verified,run.py:numpy-batch
SI-pHiSD,1e-05,0.002,2000000,176,-0.6453125000000001,1.3031249999999999,completed,0.0660189290440174,0.18404094175698515,9.999969357896212e-07,-1005.1363684182581,762.7328996110084,1095330,success_index1,S_L,gradient_tolerance,,raw_state_verified,run.py:numpy-batch
SI-pHiSD,1e-05,0.002,2000000,38,-0.7390625000000001,1.228125,completed,0.06601892892473597,0.18404094175047875,9.999934275500837e-07,-1005.1363684045881,762.7328994611119,1095842,success_index1,S_L,gradient_tolerance,,raw_state_verified,run.py:numpy-batch
SI-pHiSD,1e-05,0.002,2000000,141,-0.6734375,1.284375,completed,0.0660189290046516,0.18404094175614347,9.999983713675084e-07,-1005.1363684190592,762.7328995603942,1095898,success_index1,S_L,gradient_tolerance,,raw_state_verified,run.py:numpy-batch
SI-pHiSD,1e-05,0.002,2000000,487,-0.7296875,1.4906249999999999,completed,-4.823809739031392,-1.3156218903005095,31567597555.95821,2935572870.637933,282600504772.2138,1095902,state_safeguard,U,state_safeguard,source_norm2_gt_5,raw_state_verified,run.py:numpy-batch
SI-pHiSD,1e-05,0.002,2000000,72,-0.7203125,1.246875,completed,0.0660189289484342,0.1840409417526886,9.99984013842025e-07,-1005.1363684110355,762.7328994900887,1096560,success_index1,S_L,gradient_tolerance,,raw_state_verified,run.py:numpy-batch
SI-pHiSD,1e-05,0.002,2000000,211,-0.6171875,1.321875,completed,0.0660189291034607,0.18404094175572747,9.999934404849923e-07,-1005.1363684067619,762.7328996896543,1096851,success_index1,S_L,gradient_tolerance,,raw_state_verified,run.py:numpy-batch
SI-pHiSD,1e-05,0.002,2000000,212,-0.6078125000000001,1.321875,completed,0.06601892913079611,0.18404094175409355,9.99990854342878e-07,-1005.1363683971811,762.7328997267451,1096970,success_index1,S_L,gradient_tolerance,,raw_state_verified,run.py:numpy-batch
SI-pHiSD,1e-05,0.002,2000000,353,-0.7859375000000001,1.415625,completed,-4.82382014036277,-1.3155835348235652,31562976131.476017,2935158420.3718257,282558003271.38245,1097013,state_safeguard,U,state_safeguard,source_norm2_gt_5,raw_state_verified,run.py:numpy-batch
SI-pHiSD,1e-05,0.002,2000000,175,-0.6546875000000001,1.3031249999999999,completed,0.06601892903444652,0.18404094175688954,9.999869846705752e-07,-1005.1363684188966,762.7328995986072,1097220,success_index1,S_L,gradient_tolerance,,raw_state_verified,run.py:numpy-batch
SI-pHiSD,1e-05,0.002,2000000,106,-0.7015625000000001,1.265625,completed,0.06601892897270616,0.18404094175449096,9.999836764570626e-07,-1005.1363684157639,762.7328995201706,1097342,success_index1,S_L,gradient_tolerance,,raw_state_verified,run.py:numpy-batch
SI-pHiSD,1e-05,0.002,2000000,210,-0.6265625,1.321875,completed,0.06601892908489816,0.18404094175645083,9.999924223932266e-07,-1005.1363684116967,762.7328996648056,1097723,success_index1,S_L,gradient_tolerance,,raw_state_verified,run.py:numpy-batch
SI-pHiSD,1e-05,0.002,2000000,3,-0.7671875,1.2093749999999999,completed,0.06601892890138264,0.1840409417478478,9.999909191467658e-07,-1005.13636839639,762.7328994329545,1098209,success_index1,S_L,gradient_tolerance,,raw_state_verified,run.py:numpy-batch
SI-pHiSD,1e-05,0.002,2000000,140,-0.6828125,1.284375,completed,0.06601892899814493,0.18404094175588032,9.999997056616603e-07,-1005.1363684186863,762.7328995521373,1098243,success_index1,S_L,gradient_tolerance,,raw_state_verified,run.py:numpy-batch
SI-pHiSD,1e-05,0.002,2000000,37,-0.7484375000000001,1.228125,completed,0.06601892892346518,0.1840409417503364,9.999839540005046e-07,-1005.1363684041456,762.7328994595788,1098800,success_index1,S_L,gradient_tolerance,,raw_state_verified,run.py:numpy-batch
SI-pHiSD,1e-05,0.002,2000000,209,-0.6359375,1.321875,completed,0.0660189290701115,0.18404094175680066,9.99984143444608e-07,-1005.1363684147076,762.7328996452098,1099114,success_index1,S_L,gradient_tolerance,,raw_state_verified,run.py:numpy-batch
SI-pHiSD,1e-05,0.002,2000000,454,-0.7390625000000001,1.4718749999999998,completed,-4.823825826742989,-1.3155667011766237,31561192661.600735,2934998782.134122,282541592007.8705,1099276,state_safeguard,U,state_safeguard,source_norm2_gt_5,raw_state_verified,run.py:numpy-batch
SI-pHiSD,1e-05,0.002,2000000,174,-0.6640625,1.3031249999999999,completed,0.06601892902572264,0.18404094175674282,9.99985189299297e-07,-1005.1363684192362,762.7328995873556,1099358,success_index1,S_L,gradient_tolerance,,raw_state_verified,run.py:numpy-batch
SI-pHiSD,1e-05,0.002,2000000,71,-0.7296875,1.246875,completed,0.06601892894564966,0.18404094175244845,9.999815461882204e-07,-1005.1363684103576,762.7328994866666,1099404,success_index1,S_L,gradient_tolerance,,raw_state_verified,run.py:numpy-batch
SI-pHiSD,1e-05,0.002,2000000,105,-0.7109375,1.265625,completed,0.06601892896839646,0.1840409417542229,9.999988222515731e-07,-1005.1363684151355,762.732899514784,1100061,success_index1,S_L,gradient_tolerance,,raw_state_verified,run.py:numpy-batch
SI-pHiSD,1e-05,0.002,2000000,387,-0.7671875,1.434375,completed,-4.823856267542573,-1.3154558779433019,31547929052.66913,2933809391.803451,282419609381.5676,1100518,state_safeguard,U,state_safeguard,source_norm2_gt_5,raw_state_verified,run.py:numpy-batch
SI-pHiSD,1e-05,0.002,2000000,139,-0.6921875000000001,1.284375,completed,0.06601892899217855,0.18404094175559643,9.999906520013639e-07,-1005.1363684181721,762.732899544603,1100819,success_index1,S_L,gradient_tolerance,,raw_state_verified,run.py:numpy-batch
SI-pHiSD,1e-05,0.002,2000000,208,-0.6453125000000001,1.321875,completed,0.06601892905755154,0.1840409417569522,9.999809011548425e-07,-1005.1363684166714,762.7328996286928,1100885,success_index1,S_L,gradient_tolerance,,raw_state_verified,run.py:numpy-batch
SI-pHiSD,1e-05,0.002,2000000,2,-0.7765625,1.2093749999999999,completed,0.06601892890214912,0.18404094174794028,9.999903444841868e-07,-1005.1363683966842,762.7328994338732,1101502,success_index1,S_L,gradient_tolerance,,raw_state_verified,run.py:numpy-batch
SI-pHiSD,1e-05,0.002,2000000,173,-0.6734375,1.3031249999999999,completed,0.06601892901773491,0.1840409417565632,9.999934268442717e-07,-1005.1363684193622,762.7328995770933,1101746,success_index1,S_L,gradient_tolerance,,raw_state_verified,run.py:numpy-batch
SI-pHiSD,1e-05,0.002,2000000,36,-0.7578125,1.228125,completed,0.06601892892265754,0.18404094175025285,9.99984752353928e-07,-1005.1363684038914,762.732899458599,1101987,success_index1,S_L,gradient_tolerance,,raw_state_verified,run.py:numpy-batch
SI-pHiSD,1e-05,0.002,2000000,70,-0.7390625000000001,1.246875,completed,0.06601892894333847,0.18404094175225066,9.99985170915098e-07,-1005.1363684098006,762.7328994838252,1102481,success_index1,S_L,gradient_tolerance,,raw_state_verified,run.py:numpy-batch
SI-pHiSD,1e-05,0.002,2000000,207,-0.6546875000000001,1.321875,completed,0.0660189290465097,0.1840409417569831,9.999870996383215e-07,-1005.1363684179829,762.7328996142614,1102981,success_index1,S_L,gradient_tolerance,,raw_state_verified,run.py:numpy-batch
SI-pHiSD,1e-05,0.002,2000000,104,-0.7203125,1.265625,completed,0.06601892896457066,0.18404094175394356,9.99986677659345e-07,-1005.13636841441,762.7328995100379,1103019,success_index1,S_L,gradient_tolerance,,raw_state_verified,run.py:numpy-batch
SI-pHiSD,1e-05,0.002,2000000,243,-0.6171875,1.340625,completed,0.06601892912802487,0.18404094175429683,9.99996844432283e-07,-1005.1363683983047,762.7328997229522,1103143,success_index1,S_L,gradient_tolerance,,raw_state_verified,run.py:numpy-batch
SI-pHiSD,1e-05,0.002,2000000,242,-0.6265625,1.340625,completed,0.0660189291010603,0.184040941755843,9.999974046173122e-07,-1005.1363684074897,762.7328996864217,1103529,success_index1,S_L,gradient_tolerance,,raw_state_verified,run.py:numpy-batch
SI-pHiSD,1e-05,0.002,2000000,138,-0.7015625000000001,1.284375,completed,0.06601892898674479,0.18404094175532923,9.999974859131467e-07,-1005.1363684176678,762.7328995377491,1103638,success_index1,S_L,gradient_tolerance,,raw_state_verified,run.py:numpy-batch
SI-pHiSD,1e-05,0.002,2000000,172,-0.6828125,1.3031249999999999,completed,0.06601892901042626,0.1840409417563422,9.999924467874974e-07,-1005.1363684192474,762.7328995677531,1104394,success_index1,S_L,gradient_tolerance,,raw_state_verified,run.py:numpy-batch
SI-pHiSD,1e-05,0.002,2000000,421,-0.7484375000000001,1.453125,completed,-4.8238513957577895,-1.315470971852989,31549576936.188545,2933956965.5362225,282434770674.47437,1104556,state_safeguard,U,state_safeguard,source_norm2_gt_5,raw_state_verified,run.py:numpy-batch
SI-pHiSD,1e-05,0.002,2000000,488,-0.7203125,1.4906249999999999,completed,-4.823818799411262,-1.3155927151248548,31564332722.58792,2935280391.506005,282570469679.954,1104735,state_safeguard,U,state_safeguard,source_norm2_gt_5,raw_state_verified,run.py:numpy-batch
SI-pHiSD,1e-05,0.002,2000000,241,-0.6359375,1.340625,completed,0.06601892908255959,0.18404094175651967,9.999917853713603e-07,-1005.1363684122277,762.7328996616945,1104908,success_index1,S_L,gradient_tolerance,,raw_state_verified,run.py:numpy-batch
SI-pHiSD,1e-05,0.002,2000000,1,-0.7859375000000001,1.2093749999999999,completed,0.06601892890338407,0.18404094174808858,9.999895948130586e-07,-1005.1363683971553,762.7328994353539,1105037,success_index1,S_L,gradient_tolerance,,raw_state_verified,run.py:numpy-batch
SI-pHiSD,1e-05,0.002,2000000,206,-0.6640625,1.321875,completed,0.06601892903664244,0.18404094175692207,9.999925234346885e-07,-1005.1363684187933,762.7328996014431,1105384,success_index1,S_L,gradient_tolerance,,raw_state_verified,run.py:numpy-batch
SI-pHiSD,1e-05,0.002,2000000,35,-0.7671875,1.228125,completed,0.0660189289223306,0.1840409417502191,9.999852768873927e-07,-1005.1363684037897,762.732899458202,1105421,success_index1,S_L,gradient_tolerance,,raw_state_verified,run.py:numpy-batch
SI-pHiSD,1e-05,0.002,2000000,69,-0.7484375000000001,1.246875,completed,0.0660189289415131,0.18404094175209457,9.99990901072528e-07,-1005.1363684093616,762.7328994815808,1105809,success_index1,S_L,gradient_tolerance,,raw_state_verified,run.py:numpy-batch
SI-pHiSD,1e-05,0.002,2000000,103,-0.7296875,1.265625,completed,0.0660189289612416,0.18404094175371022,9.999934646060474e-07,-1005.136368413818,762.7328995058998,1106231,success_index1,S_L,gradient_tolerance,,raw_state_verified,run.py:numpy-batch
SI-pHiSD,1e-05,0.002,2000000,137,-0.7109375,1.284375,completed,0.0660189289818441,0.18404094175505012,9.999882817178726e-07,-1005.1363684170581,762.7328995316008,1106719,success_index1,S_L,gradient_tolerance,,raw_state_verified,run.py:numpy-batch
SI-pHiSD,1e-05,0.002,2000000,240,-0.6453125000000001,1.340625,completed,0.06601892906780822,0.1840409417568497,9.999932224017352e-07,-1005.136368415154,762.7328996421624,1106839,success_index1,S_L,gradient_tolerance,,raw_state_verified,run.py:numpy-batch
SI-pHiSD,1e-05,0.002,2000000,171,-0.6921875000000001,1.3031249999999999,completed,0.06601892900376238,0.18404094175610214,9.999918900745857e-07,-1005.136368418986,762.7328995592704,1107315,success_index1,S_L,gradient_tolerance,,raw_state_verified,run.py:numpy-batch
SI-pHiSD,1e-05,0.002,2000000,354,-0.7765625,1.415625,completed,-4.823796990901788,-1.3156691821261552,31573313430.4769,2936085489.6375074,282653071090.7324,1107624,state_safeguard,U,state_safeguard,source_norm2_gt_5,raw_state_verified,run.py:numpy-batch
SI-pHiSD,1e-05,0.002,2000000,205,-0.6734375,1.321875,completed,0.0660189290277267,0.18404094175678415,9.99987312237339e-07,-1005.1363684191894,762.7328995899333,1108091,success_index1,S_L,gradient_tolerance,,raw_state_verified,run.py:numpy-batch
SI-pHiSD,1e-05,0.002,2000000,0,-0.7953125000000001,1.2093749999999999,completed,0.06601892890506497,0.18404094174829083,9.999907226110199e-07,-1005.1363683977974,762.7328994373698,1108831,success_index1,S_L,gradient_tolerance,,raw_state_verified,run.py:numpy-batch
SI-pHiSD,1e-05,0.002,2000000,34,-0.7765625,1.228125,completed,0.06601892892247833,0.18404094175023802,9.999883601577964e-07,-1005.1363684038508,762.732899458378,1109121,success_index1,S_L,gradient_tolerance,,raw_state_verified,run.py:numpy-batch
SI-pHiSD,1e-05,0.002,2000000,239,-0.6546875000000001,1.340625,completed,0.06601892905528314,0.18404094175698457,9.999975338137244e-07,-1005.136368417047,762.7328996257049,1109194,success_index1,S_L,gradient_tolerance,,raw_state_verified,run.py:numpy-batch
SI-pHiSD,1e-05,0.002,2000000,68,-0.7578125,1.246875,completed,0.06601892894017475,0.18404094175196536,9.999833195655744e-07,-1005.1363684089797,762.7328994799484,1109409,success_index1,S_L,gradient_tolerance,,raw_state_verified,run.py:numpy-batch
SI-pHiSD,1e-05,0.002,2000000,274,-0.6265625,1.359375,completed,0.06601892911356648,0.18404094175519056,9.9998229871129e-07,-1005.1363684034928,762.7328997033076,1109680,success_index1,S_L,gradient_tolerance,,raw_state_verified,run.py:numpy-batch
SI-pHiSD,1e-05,0.002,2000000,455,-0.7296875,1.4718749999999998,completed,-4.8238427272755695,-1.3155041664887919,31553647334.966133,2934322094.9170394,282472201398.4072,1109685,state_safeguard,U,state_safeguard,source_norm2_gt_5,raw_state_verified,run.py:numpy-batch
SI-pHiSD,1e-05,0.002,2000000,102,-0.7390625000000001,1.265625,completed,0.06601892895841897,0.1840409417534905,9.999860157120432e-07,-1005.1363684132269,762.7328995024103,1109720,success_index1,S_L,gradient_tolerance,,raw_state_verified,run.py:numpy-batch
SI-pHiSD,1e-05,0.002,2000000,136,-0.7203125,1.284375,completed,0.06601892897748762,0.18404094175480137,9.999943753105153e-07,-1005.1363684165135,762.732899526136,1110081,success_index1,S_L,gradient_tolerance,,raw_state_verified,run.py:numpy-batch
SI-pHiSD,1e-05,0.002,2000000,275,-0.6171875,1.359375,completed,0.06601892915521908,0.18404094175205374,9.999889237504417e-07,-1005.1363683862603,762.7328997603931,1110354,success_index1,S_L,gradient_tolerance,,raw_state_verified,run.py:numpy-batch
SI-pHiSD,1e-05,0.002,2000000,170,-0.7015625000000001,1.3031249999999999,completed,0.06601892899771752,0.1840409417558486,9.999880737602783e-07,-1005.1363684186034,762.7328995516073,1110527,success_index1,S_L,gradient_tolerance,,raw_state_verified,run.py:numpy-batch
SI-pHiSD,1e-05,0.002,2000000,273,-0.6359375,1.359375,completed,0.06601892909102736,0.18404094175623456,9.99982950025412e-07,-1005.1363684101589,762.7328996729908,1111065,success_index1,S_L,gradient_tolerance,,raw_state_verified,run.py:numpy-batch
SI-pHiSD,1e-05,0.002,2000000,204,-0.6828125,1.321875,completed,0.06601892901964904,0.18404094175660618,9.99987103018563e-07,-1005.136368419332,762.7328995795525,1111110,success_index1,S_L,gradient_tolerance,,raw_state_verified,run.py:numpy-batch
SI-pHiSD,1e-05,0.002,2000000,320,-0.7953125000000001,1.3968749999999999,completed,-4.8237880587603605,-1.3157018204425972,31577229624.06408,2936436669.25994,282689087814.5608,1111112,state_safeguard,U,state_safeguard,source_norm2_gt_5,raw_state_verified,run.py:numpy-batch
SI-pHiSD,1e-05,0.002,2000000,388,-0.7578125,1.434375,completed,-4.823846899297538,-1.315491816826021,31552339411.09552,2934205021.862022,282460166131.8724,1111692,state_safeguard,U,state_safeguard,source_norm2_gt_5,raw_state_verified,run.py:numpy-batch
SI-pHiSD,1e-05,0.002,2000000,238,-0.6640625,1.340625,completed,0.06601892904431472,0.18404094175698005,9.999912486870225e-07,-1005.136368418206,762.7328996114007,1111930,success_index1,S_L,gradient_tolerance,,raw_state_verified,run.py:numpy-batch
SI-pHiSD,1e-05,0.002,2000000,244,-0.6078125000000001,1.340625,completed,0.06601892924877256,0.18404094173892818,9.999965638447962e-07,-1005.1363683228178,762.7328998939402,1112385,success_index1,S_L,gradient_tolerance,,raw_state_verified,run.py:numpy-batch
SI-pHiSD,1e-05,0.002,2000000,33,-0.7859375000000001,1.228125,completed,0.06601892892309777,0.18404094175030494,9.999901431430673e-07,-1005.1363684040564,762.7328994591275,1113110,success_index1,S_L,gradient_tolerance,,raw_state_verified,run.py:numpy-batch
SI-pHiSD,1e-05,0.002,2000000,272,-0.6453125000000001,1.359375,completed,0.06601892907425107,0.18404094175671928,9.99984062842325e-07,-1005.1363684139322,762.7328996506811,1113231,success_index1,S_L,gradient_tolerance,,raw_state_verified,run.py:numpy-batch
SI-pHiSD,1e-05,0.002,2000000,67,-0.7671875,1.246875,completed,0.06601892893933159,0.1840409417518914,9.999859567675449e-07,-1005.1363684087693,762.732899478913,1113304,success_index1,S_L,gradient_tolerance,,raw_state_verified,run.py:numpy-batch
SI-pHiSD,1e-05,0.002,2000000,101,-0.7484375000000001,1.265625,completed,0.06601892895611526,0.18404094175332858,9.999998777346567e-07,-1005.1363684128153,762.7328994995473,1113509,success_index1,S_L,gradient_tolerance,,raw_state_verified,run.py:numpy-batch
SI-pHiSD,1e-05,0.002,2000000,135,-0.7296875,1.284375,completed,0.06601892897367427,0.184040941754562,9.999917625985572e-07,-1005.1363684159492,762.7328995213712,1113750,success_index1,S_L,gradient_tolerance,,raw_state_verified,run.py:numpy-batch
SI-pHiSD,1e-05,0.002,2000000,169,-0.7109375,1.3031249999999999,completed,0.06601892899227202,0.18404094175559021,9.999810649961242e-07,-1005.1363684181365,762.7328995447301,1114053,success_index1,S_L,gradient_tolerance,,raw_state_verified,run.py:numpy-batch
SI-pHiSD,1e-05,0.002,2000000,203,-0.6921875000000001,1.321875,completed,0.06601892901233358,0.18404094175640592,9.999942196493222e-07,-1005.1363684193026,762.7328995701852,1114458,success_index1,S_L,gradient_tolerance,,raw_state_verified,run.py:numpy-batch
SI-pHiSD,1e-05,0.002,2000000,237,-0.6734375,1.340625,completed,0.0660189290345493,0.18404094175690275,9.999974770964519e-07,-1005.1363684189394,762.7328995987298,1115036,success_index1,S_L,gradient_tolerance,,raw_state_verified,run.py:numpy-batch
SI-pHiSD,1e-05,0.002,2000000,271,-0.6546875000000001,1.359375,completed,0.06601892906044939,0.18404094175694888,9.99998791247625e-07,-1005.1363684163474,762.7328996324756,1115934,success_index1,S_L,gradient_tolerance,,raw_state_verified,run.py:numpy-batch
SI-pHiSD,1e-05,0.002,2000000,306,-0.6265625,1.378125,completed,0.06601892912000366,0.18404094175482547,9.999968346704085e-07,-1005.1363684013163,762.7328997120252,1116020,success_index1,S_L,gradient_tolerance,,raw_state_verified,run.py:numpy-batch
SI-pHiSD,1e-05,0.002,2000000,489,-0.7109375,1.4906249999999999,completed,-4.823838633482712,-1.3155207263644553,31555728455.02209,2934508839.753466,282491337186.2655,1116375,state_safeguard,U,state_safeguard,source_norm2_gt_5,raw_state_verified,run.py:numpy-batch
SI-pHiSD,1e-05,0.002,2000000,422,-0.7390625000000001,1.453125,completed,-4.823855443091092,-1.3154545777854616,31547515892.52371,2933772019.699472,282415819624.1227,1116960,state_safeguard,U,state_safeguard,source_norm2_gt_5,raw_state_verified,run.py:numpy-batch
SI-pHiSD,1e-05,0.002,2000000,32,-0.7953125000000001,1.228125,completed,0.06601892892418167,0.18404094175042657,9.999981042545432e-07,-1005.1363684044354,762.7328994604344,1117415,success_index1,S_L,gradient_tolerance,,raw_state_verified,run.py:numpy-batch
SI-pHiSD,1e-05,0.002,2000000,66,-0.7765625,1.246875,completed,0.06601892893898194,0.1840409417518699,9.999954225918724e-07,-1005.1363684087195,762.7328994784758,1117523,success_index1,S_L,gradient_tolerance,,raw_state_verified,run.py:numpy-batch
SI-pHiSD,1e-05,0.002,2000000,305,-0.6359375,1.378125,completed,0.06601892909454186,0.1840409417561119,9.999917990414673e-07,-1005.136368409283,762.7328996776828,1117584,success_index1,S_L,gradient_tolerance,,raw_state_verified,run.py:numpy-batch
SI-pHiSD,1e-05,0.002,2000000,100,-0.7578125,1.265625,completed,0.06601892895432734,0.1840409417531801,9.99992743416256e-07,-1005.1363684124026,762.7328994973453,1117630,success_index1,S_L,gradient_tolerance,,raw_state_verified,run.py:numpy-batch
SI-pHiSD,1e-05,0.002,2000000,134,-0.7390625000000001,1.284375,completed,0.06601892897040297,0.1840409417543518,9.999937565538259e-07,-1005.1363684154447,762.7328995172882,1117755,success_index1,S_L,gradient_tolerance,,raw_state_verified,run.py:numpy-batch
SI-pHiSD,1e-05,0.002,2000000,168,-0.7203125,1.3031249999999999,completed,0.06601892898743283,0.1840409417553663,9.999982771540013e-07,-1005.136368417745,762.7328995386137,1117921,success_index1,S_L,gradient_tolerance,,raw_state_verified,run.py:numpy-batch
SI-pHiSD,1e-05,0.002,2000000,202,-0.7015625000000001,1.321875,completed,0.066018929005721,0.18404094175616742,9.999839238428844e-07,-1005.1363684190414,762.7328995617685,1118161,success_index1,S_L,gradient_tolerance,,raw_state_verified,run.py:numpy-batch
SI-pHiSD,1e-05,0.002,2000000,307,-0.6171875,1.378125,completed,0.06601892918215096,0.18404094174915372,9.999876639428258e-07,-1005.136368371571,762.7328997980678,1118293,success_index1,S_L,gradient_tolerance,,raw_state_verified,run.py:numpy-batch
SI-pHiSD,1e-05,0.002,2000000,236,-0.6828125,1.340625,completed,0.06601892902578096,0.18404094175674418,9.999853287813658e-07,-1005.1363684192356,762.7328995874303,1118524,success_index1,S_L,gradient_tolerance,,raw_state_verified,run.py:numpy-batch
SI-pHiSD,1e-05,0.002,2000000,270,-0.6640625,1.359375,completed,0.06601892904857216,0.18404094175699473,9.999942655762524e-07,-1005.1363684178085,762.732899616942,1119105,success_index1,S_L,gradient_tolerance,,raw_state_verified,run.py:numpy-batch
SI-pHiSD,1e-05,0.002,2000000,304,-0.6453125000000001,1.378125,completed,0.06601892907642465,0.18404094175667715,9.999898112132606e-07,-1005.1363684135272,762.7328996535534,1120130,success_index1,S_L,gradient_tolerance,,raw_state_verified,run.py:numpy-batch
SI-pHiSD,1e-05,0.002,2000000,65,-0.7859375000000001,1.246875,completed,0.06601892893912523,0.18404094175188765,9.999995882126942e-07,-1005.1363684087763,762.732899478647,1122102,success_index1,S_L,gradient_tolerance,,raw_state_verified,run.py:numpy-batch
SI-pHiSD,1e-05,0.002,2000000,99,-0.7671875,1.265625,completed,0.06601892895306055,0.18404094175307853,9.99992386650892e-07,-1005.1363684121256,762.7328994957816,1122118,success_index1,S_L,gradient_tolerance,,raw_state_verified,run.py:numpy-batch
SI-pHiSD,1e-05,0.002,2000000,133,-0.7484375000000001,1.284375,completed,0.06601892896768921,0.18404094175417146,9.999959719536175e-07,-1005.1363684150022,762.7328995139064,1122134,success_index1,S_L,gradient_tolerance,,raw_state_verified,run.py:numpy-batch
SI-pHiSD,1e-05,0.002,2000000,167,-0.7296875,1.3031249999999999,completed,0.06601892898317997,0.18404094175512598,9.999888328814308e-07,-1005.1363684172236,762.7328995332768,1122170,success_index1,S_L,gradient_tolerance,,raw_state_verified,run.py:numpy-batch
SI-pHiSD,1e-05,0.002,2000000,201,-0.7109375,1.321875,completed,0.06601892899979242,0.1840409417559444,9.99994135223456e-07,-1005.1363684187702,762.7328995542301,1122251,success_index1,S_L,gradient_tolerance,,raw_state_verified,run.py:numpy-batch
SI-pHiSD,1e-05,0.002,2000000,235,-0.6921875000000001,1.340625,completed,0.06601892901788729,0.18404094175656807,9.99994107680056e-07,-1005.1363684193656,762.732899577288,1122416,success_index1,S_L,gradient_tolerance,,raw_state_verified,run.py:numpy-batch
SI-pHiSD,1e-05,0.002,2000000,338,-0.6265625,1.3968749999999999,completed,0.06601892911842848,0.18404094175490995,9.999860849445687e-07,-1005.1363684018291,762.7328997098964,1122470,success_index1,S_L,gradient_tolerance,,raw_state_verified,run.py:numpy-batch
SI-pHiSD,1e-05,0.002,2000000,269,-0.6734375,1.359375,completed,0.06601892903810913,0.18404094175694474,9.99999069829037e-07,-1005.1363684187277,762.732899603337,1122729,success_index1,S_L,gradient_tolerance,,raw_state_verified,run.py:numpy-batch
SI-pHiSD,1e-05,0.002,2000000,355,-0.7671875,1.415625,completed,-4.823763291999448,-1.3157938992612712,31588375179.51236,2937436243.2969136,282791589006.3688,1123116,state_safeguard,U,state_safeguard,source_norm2_gt_5,raw_state_verified,run.py:numpy-batch
SI-pHiSD,1e-05,0.002,2000000,303,-0.6546875000000001,1.378125,completed,0.06601892906178805,0.18404094175692295,9.99987750667047e-07,-1005.1363684160981,762.732899634245,1123322,success_index1,S_L,gradient_tolerance,,raw_state_verified,run.py:numpy-batch
SI-pHiSD,1e-05,0.002,2000000,456,-0.7203125,1.4718749999999998,completed,-4.823855516427114,-1.3154537632974848,31547385651.38653,2933760299.438248,282414623099.272,1123709,state_safeguard,U,state_safeguard,source_norm2_gt_5,raw_state_verified,run.py:numpy-batch
SI-pHiSD,1e-05,0.002,2000000,339,-0.6171875,1.3968749999999999,completed,0.06601892918116943,0.18404094174926436,9.999815372507677e-07,-1005.1363683721265,762.7328997966906,1124305,success_index1,S_L,gradient_tolerance,,raw_state_verified,run.py:numpy-batch
SI-pHiSD,1e-05,0.002,2000000,321,-0.7859375000000001,1.3968749999999999,completed,-4.82378776047281,-1.3157048106881537,31577701925.734596,2936479163.9698834,282693427136.6179,1124521,state_safeguard,U,state_safeguard,source_norm2_gt_5,raw_state_verified,run.py:numpy-batch
SI-pHiSD,1e-05,0.002,2000000,337,-0.6359375,1.3968749999999999,completed,0.06601892909263751,0.18404094175617314,9.99981263062792e-07,-1005.136368409737,762.732899675145,1124551,success_index1,S_L,gradient_tolerance,,raw_state_verified,run.py:numpy-batch
SI-pHiSD,1e-05,0.002,2000000,234,-0.7015625000000001,1.340625,completed,0.06601892901079164,0.18404094175635763,9.999954456933937e-07,-1005.1363684192713,762.732899568216,1126752,success_index1,S_L,gradient_tolerance,,raw_state_verified,run.py:numpy-batch
SI-pHiSD,1e-05,0.002,2000000,200,-0.7203125,1.321875,completed,0.06601892899451896,0.1840409417557067,9.999900539819697e-07,-1005.1363684183689,762.7328995475597,1126774,success_index1,S_L,gradient_tolerance,,raw_state_verified,run.py:numpy-batch
SI-pHiSD,1e-05,0.002,2000000,268,-0.6828125,1.359375,completed,0.06601892902878122,0.184040941756817,9.99999407633076e-07,-1005.1363684192095,762.7328995912806,1126825,success_index1,S_L,gradient_tolerance,,raw_state_verified,run.py:numpy-batch
SI-pHiSD,1e-05,0.002,2000000,166,-0.7390625000000001,1.3031249999999999,completed,0.06601892897951872,0.18404094175491856,9.999908722522283e-07,-1005.1363684167723,762.7328995286827,1126844,success_index1,S_L,gradient_tolerance,,raw_state_verified,run.py:numpy-batch
SI-pHiSD,1e-05,0.002,2000000,132,-0.7578125,1.284375,completed,0.06601892896551868,0.18404094175401353,9.999893751908611e-07,-1005.1363684145929,762.7328995112131,1126933,success_index1,S_L,gradient_tolerance,,raw_state_verified,run.py:numpy-batch
SI-pHiSD,1e-05,0.002,2000000,98,-0.7765625,1.265625,completed,0.06601892895231087,0.1840409417530091,9.999844048567348e-07,-1005.1363684119239,762.7328994948645,1127019,success_index1,S_L,gradient_tolerance,,raw_state_verified,run.py:numpy-batch
SI-pHiSD,1e-05,0.002,2000000,302,-0.6640625,1.378125,completed,0.06601892904930734,0.18404094175697985,9.9998082966497e-07,-1005.1363684176696,762.7328996179137,1127077,success_index1,S_L,gradient_tolerance,,raw_state_verified,run.py:numpy-batch
SI-pHiSD,1e-05,0.002,2000000,64,-0.7953125000000001,1.246875,completed,0.0660189289397449,0.18404094175192617,9.999832474046806e-07,-1005.1363684088664,762.7328994794219,1127085,success_index1,S_L,gradient_tolerance,,raw_state_verified,run.py:numpy-batch
SI-pHiSD,1e-05,0.002,2000000,389,-0.7484375000000001,1.434375,completed,-4.82380514975802,-1.3156410754734047,31570043259.72431,2935792367.5159388,282622991906.63214,1127121,state_safeguard,U,state_safeguard,source_norm2_gt_5,raw_state_verified,run.py:numpy-batch
SI-pHiSD,1e-05,0.002,2000000,159,-0.5046875000000001,1.284375,completed,0.06601892917384052,0.18404094175013488,9.999984969423712e-07,-1005.1363683764546,762.732899786367,1127406,success_index1,S_L,gradient_tolerance,,raw_state_verified,run.py:numpy-batch
SI-pHiSD,1e-05,0.002,2000000,127,-0.5046875000000001,1.265625,completed,0.06601892917407745,0.18404094175009902,9.999907058866788e-07,-1005.1363683762831,762.7328997867075,1127564,success_index1,S_L,gradient_tolerance,,raw_state_verified,run.py:numpy-batch
SI-pHiSD,1e-05,0.002,2000000,191,-0.5046875000000001,1.3031249999999999,completed,0.06601892917331602,0.18404094175019195,9.999969382053962e-07,-1005.136368376743,762.7328997856329,1127580,success_index1,S_L,gradient_tolerance,,raw_state_verified,run.py:numpy-batch
SI-pHiSD,1e-05,0.002,2000000,336,-0.6453125000000001,1.3968749999999999,completed,0.06601892907423926,0.18404094175672658,9.999902534198205e-07,-1005.1363684139628,762.7328996506592,1127687,success_index1,S_L,gradient_tolerance,,raw_state_verified,run.py:numpy-batch
SI-pHiSD,1e-05,0.002,2000000,158,-0.5140625000000001,1.284375,completed,0.0660189291736559,0.18404094175013705,9.999827026943727e-07,-1005.1363683764837,762.7328997861241,1128062,success_index1,S_L,gradient_tolerance,,raw_state_verified,run.py:numpy-batch
SI-pHiSD,1e-05,0.002,2000000,126,-0.5140625000000001,1.265625,completed,0.06601892917429349,0.18404094175007618,9.999919693482705e-07,-1005.1363683761675,762.7328997870092,1128084,success_index1,S_L,gradient_tolerance,,raw_state_verified,run.py:numpy-batch
SI-pHiSD,1e-05,0.002,2000000,223,-0.5046875000000001,1.321875,completed,0.06601892917335925,0.1840409417501878,9.999975111852757e-07,-1005.1363683767221,762.7328997856929,1128263,success_index1,S_L,gradient_tolerance,,raw_state_verified,run.py:numpy-batch
SI-pHiSD,1e-05,0.002,2000000,94,-0.5140625000000001,1.246875,completed,0.06601892917406947,0.1840409417501038,9.999939843057104e-07,-1005.1363683763037,762.7328997866928,1128379,success_index1,S_L,gradient_tolerance,,raw_state_verified,run.py:numpy-batch
SI-pHiSD,1e-05,0.002,2000000,190,-0.5140625000000001,1.3031249999999999,completed,0.0660189291732507,0.18404094175019817,9.99996026982076e-07,-1005.1363683767754,762.7328997855421,1128448,success_index1,S_L,gradient_tolerance,,raw_state_verified,run.py:numpy-batch
SI-pHiSD,1e-05,0.002,2000000,125,-0.5234375,1.265625,completed,0.06601892917397373,0.18404094175011,9.999900805157575e-07,-1005.1363683763394,762.7328997865621,1128640,success_index1,S_L,gradient_tolerance,,raw_state_verified,run.py:numpy-batch
SI-pHiSD,1e-05,0.002,2000000,371,-0.6171875,1.415625,completed,0.06601892915469383,0.18404094175210872,9.99993458140607e-07,-1005.1363683865407,762.7328997596599,1128739,success_index1,S_L,gradient_tolerance,,raw_state_verified,run.py:numpy-batch
SI-pHiSD,1e-05,0.002,2000000,157,-0.5234375,1.284375,completed,0.06601892917346472,0.18404094175017344,9.999953868169795e-07,-1005.1363683766517,762.732899785843,1128796,success_index1,S_L,gradient_tolerance,,raw_state_verified,run.py:numpy-batch
SI-pHiSD,1e-05,0.002,2000000,93,-0.5234375,1.246875,completed,0.06601892917409696,0.1840409417501021,9.99995172939973e-07,-1005.1363683762937,762.7328997867301,1128804,success_index1,S_L,gradient_tolerance,,raw_state_verified,run.py:numpy-batch
SI-pHiSD,1e-05,0.002,2000000,370,-0.6265625,1.415625,completed,0.06601892910974741,0.1840409417554,9.999827918917816e-07,-1005.1363684047549,762.7328996981423,1129253,success_index1,S_L,gradient_tolerance,,raw_state_verified,run.py:numpy-batch
SI-pHiSD,1e-05,0.002,2000000,124,-0.5328125000000001,1.265625,completed,0.06601892917380005,0.1840409417501279,9.999886977404166e-07,-1005.1363683764306,762.7328997863204,1129275,success_index1,S_L,gradient_tolerance,,raw_state_verified,run.py:numpy-batch
SI-pHiSD,1e-05,0.002,2000000,92,-0.5328125000000001,1.246875,completed,0.06601892917430922,0.18404094175007277,9.999905839889177e-07,-1005.136368376152,762.7328997870327,1129312,success_index1,S_L,gradient_tolerance,,raw_state_verified,run.py:numpy-batch
SI-pHiSD,1e-05,0.002,2000000,222,-0.5140625000000001,1.321875,completed,0.06601892917340962,0.18404094175017427,9.999908193910232e-07,-1005.1363683766614,762.7328997857704,1129381,success_index1,S_L,gradient_tolerance,,raw_state_verified,run.py:numpy-batch
SI-pHiSD,1e-05,0.002,2000000,189,-0.5234375,1.3031249999999999,completed,0.0660189291732424,0.18404094175019506,9.99992587772831e-07,-1005.1363683767639,762.732899785534,1129423,success_index1,S_L,gradient_tolerance,,raw_state_verified,run.py:numpy-batch
SI-pHiSD,1e-05,0.002,2000000,255,-0.5046875000000001,1.340625,completed,0.06601892917382567,0.18404094175012056,9.999849200122567e-07,-1005.1363683763983,762.7328997863601,1129489,success_index1,S_L,gradient_tolerance,,raw_state_verified,run.py:numpy-batch
SI-pHiSD,1e-05,0.002,2000000,156,-0.5328125000000001,1.284375,completed,0.06601892917329266,0.18404094175017885,9.999836040870394e-07,-1005.1363683766925,762.7328997856135,1129615,success_index1,S_L,gradient_tolerance,,raw_state_verified,run.py:numpy-batch
SI-pHiSD,1e-05,0.002,2000000,91,-0.5421875,1.246875,completed,0.06601892917427228,0.18404094175008442,9.999969649315708e-07,-1005.1363683762031,762.7328997869744,1129876,success_index1,S_L,gradient_tolerance,,raw_state_verified,run.py:numpy-batch
SI-pHiSD,1e-05,0.002,2000000,123,-0.5421875,1.265625,completed,0.06601892917354704,0.18404094175016456,9.999956927664716e-07,-1005.1363683766067,762.7328997859582,1129964,success_index1,S_L,gradient_tolerance,,raw_state_verified,run.py:numpy-batch
SI-pHiSD,1e-05,0.002,2000000,59,-0.5421875,1.228125,completed,0.0660189291741019,0.18404094175009805,9.999922217665233e-07,-1005.1363683762771,762.7328997867402,1130052,success_index1,S_L,gradient_tolerance,,raw_state_verified,run.py:numpy-batch
SI-pHiSD,1e-05,0.002,2000000,90,-0.5515625000000001,1.246875,completed,0.06601892917386644,0.18404094175011163,9.999811930576984e-07,-1005.1363683763577,762.7328997864208,1130461,success_index1,S_L,gradient_tolerance,,raw_state_verified,run.py:numpy-batch
SI-pHiSD,1e-05,0.002,2000000,188,-0.5328125000000001,1.3031249999999999,completed,0.06601892917329708,0.18404094175017585,9.999814698166513e-07,-1005.1363683766798,762.732899785622,1130505,success_index1,S_L,gradient_tolerance,,raw_state_verified,run.py:numpy-batch
SI-pHiSD,1e-05,0.002,2000000,155,-0.5421875,1.284375,completed,0.06601892917324001,0.18404094175019017,9.999882116285044e-07,-1005.1363683767445,762.7328997855351,1130523,success_index1,S_L,gradient_tolerance,,raw_state_verified,run.py:numpy-batch
SI-pHiSD,1e-05,0.002,2000000,58,-0.5515625000000001,1.228125,completed,0.0660189291743307,0.1840409417500765,9.999958341912171e-07,-1005.1363683761647,762.7328997870574,1130550,success_index1,S_L,gradient_tolerance,,raw_state_verified,run.py:numpy-batch
SI-pHiSD,1e-05,0.002,2000000,221,-0.5234375,1.321875,completed,0.06601892917344422,0.1840409417501679,9.999887341402866e-07,-1005.1363683766315,762.7328997858211,1130599,success_index1,S_L,gradient_tolerance,,raw_state_verified,run.py:numpy-batch
SI-pHiSD,1e-05,0.002,2000000,122,-0.5515625000000001,1.265625,completed,0.06601892917327581,0.1840409417501983,9.999985115284994e-07,-1005.1363683767731,762.7328997855749,1130685,success_index1,S_L,gradient_tolerance,,raw_state_verified,run.py:numpy-batch
SI-pHiSD,1e-05,0.002,2000000,254,-0.5140625000000001,1.340625,completed,0.06601892917375336,0.18404094175014019,9.999946672049451e-07,-1005.136368376486,762.7328997862483,1130810,success_index1,S_L,gradient_tolerance,,raw_state_verified,run.py:numpy-batch
SI-pHiSD,1e-05,0.002,2000000,89,-0.5609375000000001,1.246875,completed,0.06601892917349327,0.18404094175016839,9.999938004081637e-07,-1005.1363683766283,762.7328997858845,1131048,success_index1,S_L,gradient_tolerance,,raw_state_verified,run.py:numpy-batch
SI-pHiSD,1e-05,0.002,2000000,57,-0.5609375000000001,1.228125,completed,0.0660189291743162,0.1840409417500737,9.999920867383366e-07,-1005.1363683761547,762.7328997870411,1131093,success_index1,S_L,gradient_tolerance,,raw_state_verified,run.py:numpy-batch
SI-pHiSD,1e-05,0.002,2000000,287,-0.5046875000000001,1.359375,completed,0.06601892917430284,0.18404094175007418,9.99991199237766e-07,-1005.1363683761582,762.7328997870235,1131161,success_index1,S_L,gradient_tolerance,,raw_state_verified,run.py:numpy-batch
SI-pHiSD,1e-05,0.002,2000000,25,-0.5609375000000001,1.2093749999999999,completed,0.06601892917409356,0.18404094175009147,9.999858353735071e-07,-1005.136368376251,762.732899786735,1131318,success_index1,S_L,gradient_tolerance,,raw_state_verified,run.py:numpy-batch
SI-pHiSD,1e-05,0.002,2000000,301,-0.6734375,1.378125,completed,0.06601892903837722,0.18404094175694571,9.999976638105625e-07,-1005.1363684187036,762.7328996036855,1131390,success_index1,S_L,gradient_tolerance,,raw_state_verified,run.py:numpy-batch
SI-pHiSD,1e-05,0.002,2000000,267,-0.6921875000000001,1.359375,completed,0.06601892902042168,0.18404094175662902,9.999901264544788e-07,-1005.1363684193417,762.7328995805404,1131434,success_index1,S_L,gradient_tolerance,,raw_state_verified,run.py:numpy-batch
SI-pHiSD,1e-05,0.002,2000000,121,-0.5609375000000001,1.265625,completed,0.06601892917362494,0.18404094175015798,9.999975183007897e-07,-1005.136368376572,762.7328997860654,1131461,success_index1,S_L,gradient_tolerance,,raw_state_verified,run.py:numpy-batch
SI-pHiSD,1e-05,0.002,2000000,88,-0.5703125,1.246875,completed,0.06601892917364333,0.1840409417501524,9.999945315991847e-07,-1005.1363683765471,762.7328997860948,1131519,success_index1,S_L,gradient_tolerance,,raw_state_verified,run.py:numpy-batch
SI-pHiSD,1e-05,0.002,2000000,154,-0.5515625000000001,1.284375,completed,0.06601892917345371,0.18404094175016797,9.999896757869532e-07,-1005.1363683766308,762.7328997858335,1131536,success_index1,S_L,gradient_tolerance,,raw_state_verified,run.py:numpy-batch
SI-pHiSD,1e-05,0.002,2000000,335,-0.6546875000000001,1.3968749999999999,completed,0.06601892905934605,0.1840409417569595,9.999994614827141e-07,-1005.1363684165088,762.7328996310272,1131559,success_index1,S_L,gradient_tolerance,,raw_state_verified,run.py:numpy-batch
SI-pHiSD,1e-05,0.002,2000000,233,-0.7109375,1.340625,completed,0.06601892900443702,0.18404094175612246,9.999869069638967e-07,-1005.1363684189967,762.7328995601324,1131585,success_index1,S_L,gradient_tolerance,,raw_state_verified,run.py:numpy-batch
SI-pHiSD,1e-05,0.002,2000000,56,-0.5703125,1.228125,completed,0.06601892917384668,0.18404094175011532,9.99982440112372e-07,-1005.1363683763749,762.732899786392,1131603,success_index1,S_L,gradient_tolerance,,raw_state_verified,run.py:numpy-batch
SI-pHiSD,1e-05,0.002,2000000,187,-0.5421875,1.3031249999999999,completed,0.0660189291734113,0.18404094175017008,9.999874142159693e-07,-1005.136368376644,762.7328997857765,1131690,success_index1,S_L,gradient_tolerance,,raw_state_verified,run.py:numpy-batch
SI-pHiSD,1e-05,0.002,2000000,199,-0.7296875,1.321875,completed,0.06601892898988859,0.18404094175548846,9.99994989253737e-07,-1005.1363684179785,762.7328995417104,1131786,success_index1,S_L,gradient_tolerance,,raw_state_verified,run.py:numpy-batch
SI-pHiSD,1e-05,0.002,2000000,24,-0.5703125,1.2093749999999999,completed,0.06601892917435404,0.18404094175007096,9.999934056096836e-07,-1005.1363683761397,762.732899787093,1131805,success_index1,S_L,gradient_tolerance,,raw_state_verified,run.py:numpy-batch
SI-pHiSD,1e-05,0.002,2000000,55,-0.5796875,1.228125,completed,0.06601892917324041,0.18404094175019697,9.99994005183385e-07,-1005.1363683767717,762.7328997855298,1131901,success_index1,S_L,gradient_tolerance,,raw_state_verified,run.py:numpy-batch
SI-pHiSD,1e-05,0.002,2000000,220,-0.5328125000000001,1.321875,completed,0.06601892917348305,0.18404094175017174,9.999956893095356e-07,-1005.1363683766434,762.7328997858681,1131916,success_index1,S_L,gradient_tolerance,,raw_state_verified,run.py:numpy-batch
SI-pHiSD,1e-05,0.002,2000000,165,-0.7484375000000001,1.3031249999999999,completed,0.06601892897644353,0.18404094175472704,9.999847400199322e-07,-1005.136368416323,762.7328995248394,1132003,success_index1,S_L,gradient_tolerance,,raw_state_verified,run.py:numpy-batch
SI-pHiSD,1e-05,0.002,2000000,369,-0.6359375,1.415625,completed,0.06601892908589797,0.18404094175641492,9.999883708131469e-07,-1005.1363684114438,762.7328996661412,1132193,success_index1,S_L,gradient_tolerance,,raw_state_verified,run.py:numpy-batch
SI-pHiSD,1e-05,0.002,2000000,131,-0.7671875,1.284375,completed,0.06601892896389375,0.18404094175389374,9.9998527324044e-07,-1005.1363684142794,762.7328995091989,1132210,success_index1,S_L,gradient_tolerance,,raw_state_verified,run.py:numpy-batch
SI-pHiSD,1e-05,0.002,2000000,253,-0.5234375,1.340625,completed,0.06601892917368062,0.1840409417501446,9.999914863119794e-07,-1005.1363683765114,762.7328997861496,1132233,success_index1,S_L,gradient_tolerance,,raw_state_verified,run.py:numpy-batch
SI-pHiSD,1e-05,0.002,2000000,23,-0.5796875,1.2093749999999999,completed,0.06601892917433534,0.18404094175007363,9.999938362942237e-07,-1005.1363683761526,762.7328997870659,1132307,success_index1,S_L,gradient_tolerance,,raw_state_verified,run.py:numpy-batch
SI-pHiSD,1e-05,0.002,2000000,97,-0.7859375000000001,1.265625,completed,0.0660189289520724,0.18404094175299357,9.999878263188154e-07,-1005.1363684118862,762.7328994945668,1132389,success_index1,S_L,gradient_tolerance,,raw_state_verified,run.py:numpy-batch
SI-pHiSD,1e-05,0.002,2000000,286,-0.5140625000000001,1.359375,completed,0.06601892917406799,0.18404094175010124,9.999916608560418e-07,-1005.1363683762934,762.7328997866932,1132666,success_index1,S_L,gradient_tolerance,,raw_state_verified,run.py:numpy-batch
SI-pHiSD,1e-05,0.002,2000000,22,-0.5890625,1.2093749999999999,completed,0.06601892917375107,0.18404094175014285,9.999966980679029e-07,-1005.1363683764971,762.7328997862429,1132683,success_index1,S_L,gradient_tolerance,,raw_state_verified,run.py:numpy-batch
SI-pHiSD,1e-05,0.002,2000000,490,-0.7015625000000001,1.4906249999999999,completed,-4.823856931736,-1.3154551500822944,31547943173.288326,2933810784.757417,282419735328.1666,1132716,state_safeguard,U,state_safeguard,source_norm2_gt_5,raw_state_verified,run.py:numpy-batch
SI-pHiSD,1e-05,0.002,2000000,153,-0.5609375000000001,1.284375,completed,0.06601892917444324,0.1840409417500605,9.99993081725113e-07,-1005.1363683760873,762.7328997872185,1132730,success_index1,S_L,gradient_tolerance,,raw_state_verified,run.py:numpy-batch
SI-pHiSD,1e-05,0.002,2000000,186,-0.5515625000000001,1.3031249999999999,completed,0.06601892917362641,0.1840409417501557,9.999957418645492e-07,-1005.1363683765625,762.7328997860693,1132981,success_index1,S_L,gradient_tolerance,,raw_state_verified,run.py:numpy-batch
SI-pHiSD,1e-05,0.002,2000000,319,-0.5046875000000001,1.378125,completed,0.06601892917471422,0.1840409417500355,9.999978713627535e-07,-1005.136368375957,762.7328997875937,1133244,success_index1,S_L,gradient_tolerance,,raw_state_verified,run.py:numpy-batch
SI-pHiSD,1e-05,0.002,2000000,219,-0.5421875,1.321875,completed,0.06601892917353605,0.18404094175016522,9.999952202660168e-07,-1005.1363683766109,762.7328997859432,1133333,success_index1,S_L,gradient_tolerance,,raw_state_verified,run.py:numpy-batch
SI-pHiSD,1e-05,0.002,2000000,252,-0.5328125000000001,1.340625,completed,0.06601892917363317,0.18404094175015603,9.999966713365978e-07,-1005.1363683765634,762.7328997860778,1133759,success_index1,S_L,gradient_tolerance,,raw_state_verified,run.py:numpy-batch
SI-pHiSD,1e-05,0.002,2000000,285,-0.5234375,1.359375,completed,0.06601892917388279,0.18404094175012023,9.999900886781104e-07,-1005.1363683763907,762.7328997864348,1134285,success_index1,S_L,gradient_tolerance,,raw_state_verified,run.py:numpy-batch
SI-pHiSD,1e-05,0.002,2000000,423,-0.7296875,1.453125,completed,-4.823827132504896,-1.3155603915231966,31560344138.262917,2934922576.116713,282533791885.2566,1134297,state_safeguard,U,state_safeguard,source_norm2_gt_5,raw_state_verified,run.py:numpy-batch
SI-pHiSD,1e-05,0.002,2000000,403,-0.6171875,1.434375,completed,0.06601892912901591,0.184040941754228,9.99997345533817e-07,-1005.1363683979187,762.7328997243053,1134349,success_index1,S_L,gradient_tolerance,,raw_state_verified,run.py:numpy-batch
SI-pHiSD,1e-05,0.002,2000000,185,-0.5609375000000001,1.3031249999999999,completed,0.06601892917404768,0.18404094175011007,9.999972318074055e-07,-1005.1363683763318,762.7328997866589,1134391,success_index1,S_L,gradient_tolerance,,raw_state_verified,run.py:numpy-batch
SI-pHiSD,1e-05,0.002,2000000,152,-0.5703125,1.284375,completed,0.0660189291777039,0.18404094174969185,9.999975210774116e-07,-1005.136368374238,762.7328997917948,1134652,success_index1,S_L,gradient_tolerance,,raw_state_verified,run.py:numpy-batch
SI-pHiSD,1e-05,0.002,2000000,218,-0.5515625000000001,1.321875,completed,0.06601892917361424,0.18404094175015903,9.999974083482462e-07,-1005.1363683765776,762.7328997860506,1134850,success_index1,S_L,gradient_tolerance,,raw_state_verified,run.py:numpy-batch
SI-pHiSD,1e-05,0.002,2000000,318,-0.5140625000000001,1.378125,completed,0.06601892917433454,0.18404094175006494,9.999864295313325e-07,-1005.1363683761175,762.7328997870726,1134937,success_index1,S_L,gradient_tolerance,,raw_state_verified,run.py:numpy-batch
SI-pHiSD,1e-05,0.002,2000000,251,-0.5421875,1.340625,completed,0.06601892917360411,0.18404094175015914,9.999965182168616e-07,-1005.1363683765788,762.7328997860374,1135390,success_index1,S_L,gradient_tolerance,,raw_state_verified,run.py:numpy-batch
SI-pHiSD,1e-05,0.002,2000000,351,-0.5046875000000001,1.3968749999999999,completed,0.06601892917504731,0.18404094174998975,9.99991158070496e-07,-1005.1363683757348,762.7328997880685,1135739,success_index1,S_L,gradient_tolerance,,raw_state_verified,run.py:numpy-batch
SI-pHiSD,1e-05,0.002,2000000,184,-0.5703125,1.3031249999999999,completed,0.06601892917503184,0.18404094174998023,9.999815860244103e-07,-1005.1363683756982,762.7328997880561,1135978,success_index1,S_L,gradient_tolerance,,raw_state_verified,run.py:numpy-batch
SI-pHiSD,1e-05,0.002,2000000,284,-0.5328125000000001,1.359375,completed,0.06601892917375217,0.18404094175013433,9.999895497261707e-07,-1005.1363683764623,762.7328997862519,1136019,success_index1,S_L,gradient_tolerance,,raw_state_verified,run.py:numpy-batch
SI-pHiSD,1e-05,0.002,2000000,334,-0.6640625,1.3968749999999999,completed,0.06601892904662232,0.18404094175697774,9.999821359104438e-07,-1005.1363684179488,762.7328996144128,1136109,success_index1,S_L,gradient_tolerance,,raw_state_verified,run.py:numpy-batch
SI-pHiSD,1e-05,0.002,2000000,368,-0.6453125000000001,1.415625,completed,0.06601892906811375,0.18404094175683455,9.999841786860932e-07,-1005.1363684150598,762.7328996425739,1136166,success_index1,S_L,gradient_tolerance,,raw_state_verified,run.py:numpy-batch
SI-pHiSD,1e-05,0.002,2000000,300,-0.6828125,1.378125,completed,0.06601892902866133,0.18404094175679678,9.999834136956983e-07,-1005.13636841914,762.732899591142,1136304,success_index1,S_L,gradient_tolerance,,raw_state_verified,run.py:numpy-batch
SI-pHiSD,1e-05,0.002,2000000,217,-0.5609375000000001,1.321875,completed,0.06601892917376143,0.1840409417501397,9.999950215582117e-07,-1005.1363683764828,762.7328997862595,1136472,success_index1,S_L,gradient_tolerance,,raw_state_verified,run.py:numpy-batch
SI-pHiSD,1e-05,0.002,2000000,288,-0.7953125000000001,1.378125,completed,-4.8237614399994415,-1.3157992491515735,31588932720.760044,2937486133.696213,282796719964.7914,1136573,state_safeguard,U,state_safeguard,source_norm2_gt_5,raw_state_verified,run.py:numpy-batch
SI-pHiSD,1e-05,0.002,2000000,266,-0.7015625000000001,1.359375,completed,0.06601892901293739,0.18404094175642505,9.999944110165124e-07,-1005.1363684193154,762.732899570956,1136619,success_index1,S_L,gradient_tolerance,,raw_state_verified,run.py:numpy-batch
SI-pHiSD,1e-05,0.002,2000000,213,-0.5984375000000001,1.321875,completed,0.06601892918426913,0.184040941748907,9.999967987478128e-07,-1005.1363683703397,762.7328998010474,1136721,success_index1,S_L,gradient_tolerance,,raw_state_verified,run.py:numpy-batch
SI-pHiSD,1e-05,0.002,2000000,317,-0.5234375,1.378125,completed,0.06601892917406148,0.18404094175010974,9.999982760815403e-07,-1005.1363683763288,762.7328997866773,1136759,success_index1,S_L,gradient_tolerance,,raw_state_verified,run.py:numpy-batch
SI-pHiSD,1e-05,0.002,2000000,402,-0.6265625,1.434375,completed,0.06601892909668933,0.18404094175602476,9.999912683174818e-07,-1005.1363684086984,762.7328996805603,1136822,success_index1,S_L,gradient_tolerance,,raw_state_verified,run.py:numpy-batch
SI-pHiSD,1e-05,0.002,2000000,232,-0.7203125,1.340625,completed,0.06601892899880193,0.1840409417558919,9.999848143138093e-07,-1005.1363684186626,762.7328995529841,1136987,success_index1,S_L,gradient_tolerance,,raw_state_verified,run.py:numpy-batch
SI-pHiSD,1e-05,0.002,2000000,250,-0.5515625000000001,1.340625,completed,0.06601892917360518,0.18404094175015842,9.999959902751818e-07,-1005.1363683765759,762.7328997860394,1137128,success_index1,S_L,gradient_tolerance,,raw_state_verified,run.py:numpy-batch
SI-pHiSD,1e-05,0.002,2000000,198,-0.7390625000000001,1.321875,completed,0.06601892898588879,0.18404094175527652,9.999910846117276e-07,-1005.1363684175454,762.732899536678,1137364,success_index1,S_L,gradient_tolerance,,raw_state_verified,run.py:numpy-batch
SI-pHiSD,1e-05,0.002,2000000,350,-0.5140625000000001,1.3968749999999999,completed,0.06601892917454127,0.18404094175003907,9.999842921775912e-07,-1005.1363683759896,762.732899787365,1137632,success_index1,S_L,gradient_tolerance,,raw_state_verified,run.py:numpy-batch
SI-pHiSD,1e-05,0.002,2000000,164,-0.7578125,1.3031249999999999,completed,0.06601892897395552,0.18404094175457392,9.999864572574072e-07,-1005.1363684159671,762.7328995217279,1137723,success_index1,S_L,gradient_tolerance,,raw_state_verified,run.py:numpy-batch
SI-pHiSD,1e-05,0.002,2000000,283,-0.5421875,1.359375,completed,0.0660189291736573,0.1840409417501366,9.99982459478372e-07,-1005.1363683764815,762.7328997861262,1137869,success_index1,S_L,gradient_tolerance,,raw_state_verified,run.py:numpy-batch
SI-pHiSD,1e-05,0.002,2000000,130,-0.7765625,1.284375,completed,0.06601892896282026,0.1840409417538277,9.999953983051307e-07,-1005.1363684141263,762.7328995078562,1138041,success_index1,S_L,gradient_tolerance,,raw_state_verified,run.py:numpy-batch
SI-pHiSD,1e-05,0.002,2000000,183,-0.5796875,1.3031249999999999,completed,0.06601892917860266,0.18404094174956825,9.999816359989874e-07,-1005.1363683736386,762.7328997930757,1138065,success_index1,S_L,gradient_tolerance,,raw_state_verified,run.py:numpy-batch
SI-pHiSD,1e-05,0.002,2000000,216,-0.5703125,1.321875,completed,0.06601892917405457,0.1840409417501088,9.999968124905973e-07,-1005.1363683763258,762.7328997866691,1138209,success_index1,S_L,gradient_tolerance,,raw_state_verified,run.py:numpy-batch
SI-pHiSD,1e-05,0.002,2000000,96,-0.7953125000000001,1.265625,completed,0.06601892895234772,0.18404094175302665,9.999974925585024e-07,-1005.1363684119912,762.7328994948973,1138303,success_index1,S_L,gradient_tolerance,,raw_state_verified,run.py:numpy-batch
SI-pHiSD,1e-05,0.002,2000000,383,-0.5046875000000001,1.415625,completed,0.06601892917526835,0.18404094174996402,9.999906754745713e-07,-1005.136368375606,762.7328997883794,1138653,success_index1,S_L,gradient_tolerance,,raw_state_verified,run.py:numpy-batch
SI-pHiSD,1e-05,0.002,2000000,316,-0.5328125000000001,1.378125,completed,0.0660189291738527,0.18404094175012187,9.999886209937528e-07,-1005.1363683764005,762.7328997863943,1138711,success_index1,S_L,gradient_tolerance,,raw_state_verified,run.py:numpy-batch
SI-pHiSD,1e-05,0.002,2000000,249,-0.5609375000000001,1.340625,completed,0.06601892917365468,0.1840409417501572,9.999997076548798e-07,-1005.1363683765654,762.7328997861051,1138976,success_index1,S_L,gradient_tolerance,,raw_state_verified,run.py:numpy-batch
SI-pHiSD,1e-05,0.002,2000000,349,-0.5234375,1.3968749999999999,completed,0.06601892917418853,0.18404094175007965,9.999849220183922e-07,-1005.1363683761926,762.7328997868692,1139673,success_index1,S_L,gradient_tolerance,,raw_state_verified,run.py:numpy-batch
SI-pHiSD,1e-05,0.002,2000000,282,-0.5515625000000001,1.359375,completed,0.06601892917361647,0.1840409417501418,9.9998298719924e-07,-1005.1363683765071,762.7328997860686,1139837,success_index1,S_L,gradient_tolerance,,raw_state_verified,run.py:numpy-batch
SI-pHiSD,1e-05,0.002,2000000,215,-0.5796875,1.321875,completed,0.06601892917472411,0.18404094175002703,9.99991663637313e-07,-1005.1363683759214,762.7328997876139,1140098,success_index1,S_L,gradient_tolerance,,raw_state_verified,run.py:numpy-batch
SI-pHiSD,1e-05,0.002,2000000,436,-0.6078125000000001,1.453125,completed,0.06601892915384376,0.18404094175219618,9.999999519039022e-07,-1005.1363683869873,762.7328997584741,1140163,success_index1,S_L,gradient_tolerance,,raw_state_verified,run.py:numpy-batch
SI-pHiSD,1e-05,0.002,2000000,382,-0.5140625000000001,1.415625,completed,0.06601892917467479,0.184040941750032,9.999911194888636e-07,-1005.1363683759472,762.7328997875453,1140766,success_index1,S_L,gradient_tolerance,,raw_state_verified,run.py:numpy-batch
SI-pHiSD,1e-05,0.002,2000000,315,-0.5421875,1.378125,completed,0.06601892917372569,0.18404094175014826,9.999988843867268e-07,-1005.1363683765219,762.732899786205,1140792,success_index1,S_L,gradient_tolerance,,raw_state_verified,run.py:numpy-batch
SI-pHiSD,1e-05,0.002,2000000,401,-0.6359375,1.434375,completed,0.06601892907550999,0.18404094175669966,9.999911381400635e-07,-1005.1363684137166,762.7328996523407,1140875,success_index1,S_L,gradient_tolerance,,raw_state_verified,run.py:numpy-batch
SI-pHiSD,1e-05,0.002,2000000,248,-0.5703125,1.340625,completed,0.06601892917377417,0.1840409417501377,9.999945170957057e-07,-1005.1363683764732,762.7328997862779,1140940,success_index1,S_L,gradient_tolerance,,raw_state_verified,run.py:numpy-batch
SI-pHiSD,1e-05,0.002,2000000,367,-0.6546875000000001,1.415625,completed,0.06601892905344632,0.18404094175698205,9.999885660362915e-07,-1005.1363684172343,762.732899623311,1140972,success_index1,S_L,gradient_tolerance,,raw_state_verified,run.py:numpy-batch
SI-pHiSD,1e-05,0.002,2000000,333,-0.6734375,1.3968749999999999,completed,0.06601892903546247,0.18404094175690086,9.999857908949493e-07,-1005.1363684188339,762.7328995999227,1141365,success_index1,S_L,gradient_tolerance,,raw_state_verified,run.py:numpy-batch
SI-pHiSD,1e-05,0.002,2000000,435,-0.6171875,1.453125,completed,0.06601892910641474,0.18404094175557137,9.999826456291653e-07,-1005.1363684058097,762.7328996936448,1141541,success_index1,S_L,gradient_tolerance,,raw_state_verified,run.py:numpy-batch
SI-pHiSD,1e-05,0.002,2000000,348,-0.5328125000000001,1.3968749999999999,completed,0.06601892917393484,0.1840409417501057,9.99982752095107e-07,-1005.1363683763262,762.7328997865153,1141859,success_index1,S_L,gradient_tolerance,,raw_state_verified,run.py:numpy-batch
SI-pHiSD,1e-05,0.002,2000000,299,-0.6921875000000001,1.378125,completed,0.06601892901997417,0.18404094175661134,9.999843441702017e-07,-1005.136368419318,762.732899579972,1141892,success_index1,S_L,gradient_tolerance,,raw_state_verified,run.py:numpy-batch
SI-pHiSD,1e-05,0.002,2000000,281,-0.5609375000000001,1.359375,completed,0.0660189291736194,0.18404094175015537,9.999947553680846e-07,-1005.1363683765619,762.7328997860607,1141925,success_index1,S_L,gradient_tolerance,,raw_state_verified,run.py:numpy-batch
SI-pHiSD,1e-05,0.002,2000000,415,-0.5046875000000001,1.434375,completed,0.06601892917535487,0.18404094174996338,9.99998487050386e-07,-1005.1363683755943,762.7328997884927,1142000,success_index1,S_L,gradient_tolerance,,raw_state_verified,run.py:numpy-batch
SI-pHiSD,1e-05,0.002,2000000,214,-0.5890625,1.321875,completed,0.0660189291768713,0.18404094174977073,9.999826267679917e-07,-1005.1363683746479,762.7328997906397,1142316,success_index1,S_L,gradient_tolerance,,raw_state_verified,run.py:numpy-batch
SI-pHiSD,1e-05,0.002,2000000,265,-0.7109375,1.359375,completed,0.06601892900624678,0.18404094175619343,9.999898525483363e-07,-1005.136368419091,762.7328995624313,1142472,success_index1,S_L,gradient_tolerance,,raw_state_verified,run.py:numpy-batch
SI-pHiSD,1e-05,0.002,2000000,314,-0.5515625000000001,1.378125,completed,0.06601892917364623,0.18404094175014973,9.999925297681467e-07,-1005.1363683765359,762.7328997861003,1143005,success_index1,S_L,gradient_tolerance,,raw_state_verified,run.py:numpy-batch
SI-pHiSD,1e-05,0.002,2000000,322,-0.7765625,1.3968749999999999,completed,-4.823779737588945,-1.3157339563877501,31581189385.126347,2936791883.467839,282725501345.8993,1143021,state_safeguard,U,state_safeguard,source_norm2_gt_5,raw_state_verified,run.py:numpy-batch
SI-pHiSD,1e-05,0.002,2000000,247,-0.5796875,1.340625,completed,0.06601892917404222,0.18404094175009644,9.999851288928744e-07,-1005.1363683762768,762.7328997866637,1143032,success_index1,S_L,gradient_tolerance,,raw_state_verified,run.py:numpy-batch
SI-pHiSD,1e-05,0.002,2000000,381,-0.5234375,1.415625,completed,0.06601892917426737,0.18404094175008548,9.999974085172916e-07,-1005.1363683762078,762.7328997869668,1143045,success_index1,S_L,gradient_tolerance,,raw_state_verified,run.py:numpy-batch
SI-pHiSD,1e-05,0.002,2000000,231,-0.7296875,1.340625,completed,0.06601892899384539,0.184040941755667,9.999826951202795e-07,-1005.1363684182799,762.7328995467155,1143056,success_index1,S_L,gradient_tolerance,,raw_state_verified,run.py:numpy-batch
SI-pHiSD,1e-05,0.002,2000000,197,-0.7484375000000001,1.321875,completed,0.06601892898251774,0.1840409417550949,9.999942046218045e-07,-1005.1363684171681,762.7328995324401,1143609,success_index1,S_L,gradient_tolerance,,raw_state_verified,run.py:numpy-batch
SI-pHiSD,1e-05,0.002,2000000,163,-0.7671875,1.3031249999999999,completed,0.06601892897204346,0.18404094175444743,9.99983030199839e-07,-1005.1363684156577,762.7328995193443,1144107,success_index1,S_L,gradient_tolerance,,raw_state_verified,run.py:numpy-batch
SI-pHiSD,1e-05,0.002,2000000,280,-0.5703125,1.359375,completed,0.0660189291736676,0.18404094175013347,9.999807942903595e-07,-1005.1363683764673,762.7328997861426,1144140,success_index1,S_L,gradient_tolerance,,raw_state_verified,run.py:numpy-batch
SI-pHiSD,1e-05,0.002,2000000,457,-0.7109375,1.4718749999999998,completed,-4.823829046703155,-1.3155551703442792,31559823830.823288,2934876049.7733006,282529002654.6627,1144181,state_safeguard,U,state_safeguard,source_norm2_gt_5,raw_state_verified,run.py:numpy-batch
SI-pHiSD,1e-05,0.002,2000000,347,-0.5421875,1.3968749999999999,completed,0.06601892917376961,0.1840409417501381,9.999944268098622e-07,-1005.1363683764754,762.7328997862717,1144189,success_index1,S_L,gradient_tolerance,,raw_state_verified,run.py:numpy-batch
SI-pHiSD,1e-05,0.002,2000000,414,-0.5140625000000001,1.434375,completed,0.06601892917470996,0.18404094175002575,9.999892128426214e-07,-1005.1363683759178,762.7328997875968,1144359,success_index1,S_L,gradient_tolerance,,raw_state_verified,run.py:numpy-batch
SI-pHiSD,1e-05,0.002,2000000,129,-0.7859375000000001,1.284375,completed,0.06601892896228773,0.18404094175378172,9.999888392132558e-07,-1005.1363684139968,762.7328995072014,1144529,success_index1,S_L,gradient_tolerance,,raw_state_verified,run.py:numpy-batch
SI-pHiSD,1e-05,0.002,2000000,246,-0.5890625,1.340625,completed,0.06601892917470699,0.18404094175003818,9.99999489616273e-07,-1005.1363683759682,762.732899787582,1145289,success_index1,S_L,gradient_tolerance,,raw_state_verified,run.py:numpy-batch
SI-pHiSD,1e-05,0.002,2000000,313,-0.5609375000000001,1.378125,completed,0.06601892917361618,0.1840409417501545,9.999937386506472e-07,-1005.1363683765585,762.7328997860571,1145352,success_index1,S_L,gradient_tolerance,,raw_state_verified,run.py:numpy-batch
SI-pHiSD,1e-05,0.002,2000000,380,-0.5328125000000001,1.415625,completed,0.06601892917397899,0.1840409417501194,9.999985820901032e-07,-1005.1363683763772,762.7328997865609,1145486,success_index1,S_L,gradient_tolerance,,raw_state_verified,run.py:numpy-batch
SI-pHiSD,1e-05,0.002,2000000,434,-0.6265625,1.453125,completed,0.06601892908140046,0.18404094175656183,9.999999882710316e-07,-1005.1363684125239,762.7328996601456,1145659,success_index1,S_L,gradient_tolerance,,raw_state_verified,run.py:numpy-batch
SI-pHiSD,1e-05,0.002,2000000,447,-0.5046875000000001,1.453125,completed,0.06601892917527938,0.18404094174995353,9.999828228924842e-07,-1005.1363683755627,762.7328997884027,1145801,success_index1,S_L,gradient_tolerance,,raw_state_verified,run.py:numpy-batch
SI-pHiSD,1e-05,0.002,2000000,400,-0.6453125000000001,1.434375,completed,0.06601892905878114,0.18404094175695834,9.999943722799049e-07,-1005.136368416565,762.7328996302911,1145968,success_index1,S_L,gradient_tolerance,,raw_state_verified,run.py:numpy-batch
SI-pHiSD,1e-05,0.002,2000000,468,-0.6078125000000001,1.4718749999999998,completed,0.06601892911481383,0.18404094175512184,9.99984310899446e-07,-1005.1363684030791,762.7328997049955,1146299,success_index1,S_L,gradient_tolerance,,raw_state_verified,run.py:numpy-batch
SI-pHiSD,1e-05,0.002,2000000,279,-0.5796875,1.359375,completed,0.0660189291738239,0.1840409417501298,9.99992569120731e-07,-1005.1363683764362,762.7328997863498,1146488,success_index1,S_L,gradient_tolerance,,raw_state_verified,run.py:numpy-batch
SI-pHiSD,1e-05,0.002,2000000,366,-0.6640625,1.415625,completed,0.06601892904078388,0.18404094175695354,9.999864790859846e-07,-1005.1363684184765,762.7328996068181,1146619,success_index1,S_L,gradient_tolerance,,raw_state_verified,run.py:numpy-batch
SI-pHiSD,1e-05,0.002,2000000,346,-0.5515625000000001,1.3968749999999999,completed,0.06601892917366241,0.18404094175013636,9.99982770939906e-07,-1005.1363683764798,762.732899786133,1146667,success_index1,S_L,gradient_tolerance,,raw_state_verified,run.py:numpy-batch
SI-pHiSD,1e-05,0.002,2000000,413,-0.5234375,1.434375,completed,0.06601892917426838,0.18404094175008287,9.9999529828572e-07,-1005.1363683761975,762.7328997869706,1146901,success_index1,S_L,gradient_tolerance,,raw_state_verified,run.py:numpy-batch
SI-pHiSD,1e-05,0.002,2000000,332,-0.6828125,1.3968749999999999,completed,0.06601892902553617,0.18404094175674535,9.999907805260798e-07,-1005.1363684192661,762.7328995871105,1147418,success_index1,S_L,gradient_tolerance,,raw_state_verified,run.py:numpy-batch
SI-pHiSD,1e-05,0.002,2000000,312,-0.5703125,1.378125,completed,0.06601892917363593,0.1840409417501481,9.999901987353908e-07,-1005.1363683765306,762.7328997860883,1147839,success_index1,S_L,gradient_tolerance,,raw_state_verified,run.py:numpy-batch
SI-pHiSD,1e-05,0.002,2000000,245,-0.5984375000000001,1.340625,completed,0.06601892917688998,0.1840409417497789,9.999913825355415e-07,-1005.136368374679,762.7328997906569,1147900,success_index1,S_L,gradient_tolerance,,raw_state_verified,run.py:numpy-batch
SI-pHiSD,1e-05,0.002,2000000,379,-0.5421875,1.415625,completed,0.06601892917378833,0.18404094175013905,9.999970205923343e-07,-1005.1363683764775,762.732899786295,1148089,success_index1,S_L,gradient_tolerance,,raw_state_verified,run.py:numpy-batch
SI-pHiSD,1e-05,0.002,2000000,298,-0.7015625000000001,1.378125,completed,0.06601892901220685,0.18404094175640354,9.999956761638362e-07,-1005.1363684193062,762.7328995700219,1148272,success_index1,S_L,gradient_tolerance,,raw_state_verified,run.py:numpy-batch
SI-pHiSD,1e-05,0.002,2000000,446,-0.5140625000000001,1.453125,completed,0.06601892917463938,0.18404094175003294,9.999885110073994e-07,-1005.1363683759544,762.7328997874982,1148434,success_index1,S_L,gradient_tolerance,,raw_state_verified,run.py:numpy-batch
SI-pHiSD,1e-05,0.002,2000000,278,-0.5890625,1.359375,completed,0.06601892917418528,0.18404094175008143,9.99986088129151e-07,-1005.1363683762006,762.7328997868635,1148991,success_index1,S_L,gradient_tolerance,,raw_state_verified,run.py:numpy-batch
SI-pHiSD,1e-05,0.002,2000000,469,-0.5984375000000001,1.4718749999999998,completed,0.0660189292078962,0.18404094174572277,9.9998470552827e-07,-1005.1363683548494,762.7328998346602,1149071,success_index1,S_L,gradient_tolerance,,raw_state_verified,run.py:numpy-batch
SI-pHiSD,1e-05,0.002,2000000,264,-0.7203125,1.359375,completed,0.06601892900031156,0.18404094175595645,9.999855477697668e-07,-1005.1363684187636,762.7328995548966,1149123,success_index1,S_L,gradient_tolerance,,raw_state_verified,run.py:numpy-batch
SI-pHiSD,1e-05,0.002,2000000,345,-0.5609375000000001,1.3968749999999999,completed,0.06601892917361414,0.184040941750143,9.999837590208574e-07,-1005.1363683765121,762.7328997860645,1149295,success_index1,S_L,gradient_tolerance,,raw_state_verified,run.py:numpy-batch
SI-pHiSD,1e-05,0.002,2000000,412,-0.5328125000000001,1.434375,completed,0.06601892917396715,0.1840409417501092,9.999887867539363e-07,-1005.1363683763367,762.7328997865545,1149624,success_index1,S_L,gradient_tolerance,,raw_state_verified,run.py:numpy-batch
SI-pHiSD,1e-05,0.002,2000000,356,-0.7578125,1.415625,completed,-4.82378911535988,-1.3157029646057408,31577665810.248947,2936476156.9673166,282693087826.18896,1149747,state_safeguard,U,state_safeguard,source_norm2_gt_5,raw_state_verified,run.py:numpy-batch
SI-pHiSD,1e-05,0.002,2000000,230,-0.7390625000000001,1.340625,completed,0.06601892898956589,0.18404094175545663,9.999811002347535e-07,-1005.1363684178832,762.7328995413174,1149930,success_index1,S_L,gradient_tolerance,,raw_state_verified,run.py:numpy-batch
SI-pHiSD,1e-05,0.002,2000000,479,-0.5046875000000001,1.4718749999999998,completed,0.0660189291750959,0.18404094174997457,9.999829757492501e-07,-1005.1363683756676,762.7328997881451,1150081,success_index1,S_L,gradient_tolerance,,raw_state_verified,run.py:numpy-batch
SI-pHiSD,1e-05,0.002,2000000,311,-0.5796875,1.378125,completed,0.06601892917374041,0.18404094175012778,9.99982899631032e-07,-1005.1363683764366,762.7328997862427,1150475,success_index1,S_L,gradient_tolerance,,raw_state_verified,run.py:numpy-batch
SI-pHiSD,1e-05,0.002,2000000,467,-0.6171875,1.4718749999999998,completed,0.06601892908569859,0.1840409417564274,9.999937587713975e-07,-1005.1363684115157,762.7328996658701,1150485,success_index1,S_L,gradient_tolerance,,raw_state_verified,run.py:numpy-batch
SI-pHiSD,1e-05,0.002,2000000,196,-0.7578125,1.321875,completed,0.06601892897975746,0.18404094175493024,9.999887695357434e-07,-1005.1363684167943,762.7328995289837,1150662,success_index1,S_L,gradient_tolerance,,raw_state_verified,run.py:numpy-batch
SI-pHiSD,1e-05,0.002,2000000,378,-0.5515625000000001,1.415625,completed,0.06601892917366922,0.18404094175013777,9.999845707609806e-07,-1005.1363683764853,762.7328997861407,1150857,success_index1,S_L,gradient_tolerance,,raw_state_verified,run.py:numpy-batch
SI-pHiSD,1e-05,0.002,2000000,501,-0.5984375000000001,1.4906249999999999,completed,0.06601892912154937,0.18404094175472496,9.999940744304129e-07,-1005.1363684007417,762.7328997141296,1151029,success_index1,S_L,gradient_tolerance,,raw_state_verified,run.py:numpy-batch
SI-pHiSD,1e-05,0.002,2000000,433,-0.6359375,1.453125,completed,0.06601892906260638,0.18404094175691646,9.999899210742845e-07,-1005.1363684159838,762.7328996353177,1151081,success_index1,S_L,gradient_tolerance,,raw_state_verified,run.py:numpy-batch
SI-pHiSD,1e-05,0.002,2000000,445,-0.5234375,1.453125,completed,0.06601892917420628,0.18404094175009045,9.999957568472085e-07,-1005.136368376235,762.732899786883,1151269,success_index1,S_L,gradient_tolerance,,raw_state_verified,run.py:numpy-batch
SI-pHiSD,1e-05,0.002,2000000,162,-0.7765625,1.3031249999999999,completed,0.06601892897070816,0.18404094175437744,9.999986425032018e-07,-1005.1363684155164,762.7328995176636,1151295,success_index1,S_L,gradient_tolerance,,raw_state_verified,run.py:numpy-batch
SI-pHiSD,1e-05,0.002,2000000,277,-0.5984375000000001,1.359375,completed,0.06601892917515156,0.18404094174996788,9.999826273928517e-07,-1005.1363683756348,762.7328997882236,1151716,success_index1,S_L,gradient_tolerance,,raw_state_verified,run.py:numpy-batch
SI-pHiSD,1e-05,0.002,2000000,128,-0.7953125000000001,1.284375,completed,0.06601892896227701,0.18404094175378347,9.99991090046055e-07,-1005.1363684140047,762.7328995071863,1151811,success_index1,S_L,gradient_tolerance,,raw_state_verified,run.py:numpy-batch
SI-pHiSD,1e-05,0.002,2000000,399,-0.6546875000000001,1.434375,completed,0.06601892904461525,0.1840409417569818,9.99991621746706e-07,-1005.1363684181806,762.7328996117913,1152064,success_index1,S_L,gradient_tolerance,,raw_state_verified,run.py:numpy-batch
SI-pHiSD,1e-05,0.002,2000000,344,-0.5703125,1.3968749999999999,completed,0.06601892917362934,0.18404094175015576,9.99996073640182e-07,-1005.1363683765624,762.7328997860728,1152080,success_index1,S_L,gradient_tolerance,,raw_state_verified,run.py:numpy-batch
SI-pHiSD,1e-05,0.002,2000000,411,-0.5421875,1.434375,completed,0.06601892917377368,0.18404094175013339,9.999908425923344e-07,-1005.1363683764557,762.7328997862812,1152527,success_index1,S_L,gradient_tolerance,,raw_state_verified,run.py:numpy-batch
SI-pHiSD,1e-05,0.002,2000000,478,-0.5140625000000001,1.4718749999999998,completed,0.06601892917449664,0.18404094175005387,9.999925612595662e-07,-1005.136368376055,762.7328997872936,1153021,success_index1,S_L,gradient_tolerance,,raw_state_verified,run.py:numpy-batch
SI-pHiSD,1e-05,0.002,2000000,365,-0.6734375,1.415625,completed,0.06601892902960459,0.18404094175681984,9.99989333649612e-07,-1005.1363684191326,762.7328995923519,1153213,success_index1,S_L,gradient_tolerance,,raw_state_verified,run.py:numpy-batch
SI-pHiSD,1e-05,0.002,2000000,310,-0.5890625,1.378125,completed,0.06601892917401117,0.18404094175011163,9.99995046087322e-07,-1005.1363683763419,762.7328997866099,1153275,success_index1,S_L,gradient_tolerance,,raw_state_verified,run.py:numpy-batch
SI-pHiSD,1e-05,0.002,2000000,377,-0.5609375000000001,1.415625,completed,0.0660189291736171,0.18404094175015134,9.999911524860517e-07,-1005.1363683765458,762.7328997860609,1153794,success_index1,S_L,gradient_tolerance,,raw_state_verified,run.py:numpy-batch
SI-pHiSD,1e-05,0.002,2000000,444,-0.5328125000000001,1.453125,completed,0.06601892917391984,0.18404094175012253,9.999955736640572e-07,-1005.136368376396,762.7328997864812,1154304,success_index1,S_L,gradient_tolerance,,raw_state_verified,run.py:numpy-batch
SI-pHiSD,1e-05,0.002,2000000,331,-0.6921875000000001,1.3968749999999999,completed,0.06601892901665969,0.18404094175653843,9.99997689131455e-07,-1005.1363684193772,762.7328995757123,1154420,success_index1,S_L,gradient_tolerance,,raw_state_verified,run.py:numpy-batch
SI-pHiSD,1e-05,0.002,2000000,511,-0.5046875000000001,1.4906249999999999,completed,0.06601892917482946,0.1840409417500183,9.999944164120483e-07,-1005.1363683758744,762.732899787759,1154870,success_index1,S_L,gradient_tolerance,,raw_state_verified,run.py:numpy-batch
SI-pHiSD,1e-05,0.002,2000000,276,-0.6078125000000001,1.359375,completed,0.06601892917873667,0.18404094174956515,9.999923163468897e-07,-1005.1363683736112,762.7328997932538,1155030,success_index1,S_L,gradient_tolerance,,raw_state_verified,run.py:numpy-batch
SI-pHiSD,1e-05,0.002,2000000,343,-0.5796875,1.3968749999999999,completed,0.06601892917371721,0.1840409417501387,9.999899616953315e-07,-1005.1363683764835,762.7328997862029,1155034,success_index1,S_L,gradient_tolerance,,raw_state_verified,run.py:numpy-batch
SI-pHiSD,1e-05,0.002,2000000,500,-0.6078125000000001,1.4906249999999999,completed,0.06601892908842799,0.18404094175633035,9.999869652258912e-07,-1005.1363684108283,762.7328996695156,1155314,success_index1,S_L,gradient_tolerance,,raw_state_verified,run.py:numpy-batch
SI-pHiSD,1e-05,0.002,2000000,410,-0.5515625000000001,1.434375,completed,0.06601892917366428,0.18404094175015337,9.999973970894534e-07,-1005.1363683765488,762.7328997861208,1155615,success_index1,S_L,gradient_tolerance,,raw_state_verified,run.py:numpy-batch
SI-pHiSD,1e-05,0.002,2000000,297,-0.7109375,1.378125,completed,0.06601892900526687,0.18404094175615687,9.999896258041588e-07,-1005.1363684190475,762.7328995611847,1155619,success_index1,S_L,gradient_tolerance,,raw_state_verified,run.py:numpy-batch
SI-pHiSD,1e-05,0.002,2000000,477,-0.5234375,1.4718749999999998,completed,0.06601892917409304,0.18404094175009042,9.99984900598404e-07,-1005.1363683762468,762.7328997867352,1156183,success_index1,S_L,gradient_tolerance,,raw_state_verified,run.py:numpy-batch
SI-pHiSD,1e-05,0.002,2000000,466,-0.6265625,1.4718749999999998,completed,0.06601892906495258,0.18404094175689217,9.999939708073851e-07,-1005.1363684156336,762.7328996383995,1156286,success_index1,S_L,gradient_tolerance,,raw_state_verified,run.py:numpy-batch
SI-pHiSD,1e-05,0.002,2000000,309,-0.5984375000000001,1.378125,completed,0.06601892917469494,0.18404094175003127,9.99992430780021e-07,-1005.1363683759414,762.7328997875725,1156288,success_index1,S_L,gradient_tolerance,,raw_state_verified,run.py:numpy-batch
SI-pHiSD,1e-05,0.002,2000000,263,-0.7296875,1.359375,completed,0.06601892899511007,0.18404094175573463,9.999906835252635e-07,-1005.1363684184194,762.7328995483058,1156760,success_index1,S_L,gradient_tolerance,,raw_state_verified,run.py:numpy-batch
SI-pHiSD,1e-05,0.002,2000000,376,-0.5703125,1.415625,completed,0.06601892917362916,0.18404094175015004,9.999911705844456e-07,-1005.1363683765398,762.7328997860777,1156911,success_index1,S_L,gradient_tolerance,,raw_state_verified,run.py:numpy-batch
SI-pHiSD,1e-05,0.002,2000000,390,-0.7390625000000001,1.434375,completed,-4.823786524962697,-1.315712988663539,31578902059.743702,2936587057.414905,282704456190.5676,1157460,state_safeguard,U,state_safeguard,source_norm2_gt_5,raw_state_verified,run.py:numpy-batch
SI-pHiSD,1e-05,0.002,2000000,443,-0.5421875,1.453125,completed,0.06601892917373875,0.1840409417501423,9.99995054899223e-07,-1005.1363683764959,762.7328997862276,1157541,success_index1,S_L,gradient_tolerance,,raw_state_verified,run.py:numpy-batch
SI-pHiSD,1e-05,0.002,2000000,432,-0.6453125000000001,1.453125,completed,0.06601892904698131,0.18404094175698024,9.999835940216393e-07,-1005.1363684179206,762.732899614879,1157694,success_index1,S_L,gradient_tolerance,,raw_state_verified,run.py:numpy-batch
SI-pHiSD,1e-05,0.002,2000000,229,-0.7484375000000001,1.340625,completed,0.06601892898594945,0.1840409417552811,9.999922663392694e-07,-1005.1363684175572,762.7328995367536,1157805,success_index1,S_L,gradient_tolerance,,raw_state_verified,run.py:numpy-batch
SI-pHiSD,1e-05,0.002,2000000,510,-0.5140625000000001,1.4906249999999999,completed,0.06601892917429442,0.18404094175006896,9.999859630695359e-07,-1005.1363683761376,762.7328997870168,1158153,success_index1,S_L,gradient_tolerance,,raw_state_verified,run.py:numpy-batch
SI-pHiSD,1e-05,0.002,2000000,342,-0.5890625,1.3968749999999999,completed,0.06601892917396468,0.18404094175011862,9.999965339997036e-07,-1005.1363683763757,762.7328997865428,1158174,success_index1,S_L,gradient_tolerance,,raw_state_verified,run.py:numpy-batch
SI-pHiSD,1e-05,0.002,2000000,491,-0.6921875000000001,1.4906249999999999,completed,-4.823807905338952,-1.3156344735543513,31569458257.25908,2935740166.4792843,282617603743.9359,1158498,state_safeguard,U,state_safeguard,source_norm2_gt_5,raw_state_verified,run.py:numpy-batch
SI-pHiSD,1e-05,0.002,2000000,195,-0.7671875,1.321875,completed,0.06601892897760284,0.18404094175479488,9.999822772951716e-07,-1005.1363684164747,762.732899526292,1158724,success_index1,S_L,gradient_tolerance,,raw_state_verified,run.py:numpy-batch
SI-pHiSD,1e-05,0.002,2000000,409,-0.5609375000000001,1.434375,completed,0.06601892917361948,0.18404094175015925,9.999980740399354e-07,-1005.1363683765779,762.732899786057,1158897,success_index1,S_L,gradient_tolerance,,raw_state_verified,run.py:numpy-batch
SI-pHiSD,1e-05,0.002,2000000,398,-0.6640625,1.434375,completed,0.06601892903220048,0.184040941756858,9.999866004009425e-07,-1005.1363684190096,762.7328995957047,1159290,success_index1,S_L,gradient_tolerance,,raw_state_verified,run.py:numpy-batch
SI-pHiSD,1e-05,0.002,2000000,161,-0.7859375000000001,1.3031249999999999,completed,0.06601892896992796,0.18404094175431351,9.999877095354794e-07,-1005.1363684153403,762.732899516702,1159491,success_index1,S_L,gradient_tolerance,,raw_state_verified,run.py:numpy-batch
SI-pHiSD,1e-05,0.002,2000000,476,-0.5328125000000001,1.4718749999999998,completed,0.06601892917383527,0.184040941750116,9.999819643522295e-07,-1005.1363683763785,762.732899786377,1159566,success_index1,S_L,gradient_tolerance,,raw_state_verified,run.py:numpy-batch
SI-pHiSD,1e-05,0.002,2000000,308,-0.6078125000000001,1.378125,completed,0.06601892917728179,0.18404094174973643,9.999937915838232e-07,-1005.1363683744644,762.7328997912052,1159757,success_index1,S_L,gradient_tolerance,,raw_state_verified,run.py:numpy-batch
SI-pHiSD,1e-05,0.002,2000000,375,-0.5796875,1.415625,completed,0.06601892917372937,0.18404094175014432,9.99995907617062e-07,-1005.1363683765053,762.7328997862138,1160221,success_index1,S_L,gradient_tolerance,,raw_state_verified,run.py:numpy-batch
SI-pHiSD,1e-05,0.002,2000000,364,-0.6828125,1.415625,completed,0.06601892901962371,0.18404094175660093,9.99982976722822e-07,-1005.1363684193129,762.7328995795243,1160955,success_index1,S_L,gradient_tolerance,,raw_state_verified,run.py:numpy-batch
SI-pHiSD,1e-05,0.002,2000000,442,-0.5515625000000001,1.453125,completed,0.0660189291736367,0.1840409417501498,9.9999166923335e-07,-1005.1363683765372,762.7328997860883,1160988,success_index1,S_L,gradient_tolerance,,raw_state_verified,run.py:numpy-batch
SI-pHiSD,1e-05,0.002,2000000,341,-0.5984375000000001,1.3968749999999999,completed,0.06601892917460679,0.1840409417500285,9.99981625670418e-07,-1005.1363683759398,762.7328997874597,1161550,success_index1,S_L,gradient_tolerance,,raw_state_verified,run.py:numpy-batch
SI-pHiSD,1e-05,0.002,2000000,499,-0.6171875,1.4906249999999999,completed,0.06601892906595584,0.18404094175687963,9.999950614281416e-07,-1005.1363684154745,762.7328996397193,1161552,success_index1,S_L,gradient_tolerance,,raw_state_verified,run.py:numpy-batch
SI-pHiSD,1e-05,0.002,2000000,509,-0.5234375,1.4906249999999999,completed,0.06601892917395359,0.18404094175010566,9.999845075430118e-07,-1005.1363683763235,762.7328997865401,1161678,success_index1,S_L,gradient_tolerance,,raw_state_verified,run.py:numpy-batch
SI-pHiSD,1e-05,0.002,2000000,408,-0.5703125,1.434375,completed,0.06601892917364018,0.18404094175015043,9.99992584620754e-07,-1005.1363683765394,762.732899786092,1162386,success_index1,S_L,gradient_tolerance,,raw_state_verified,run.py:numpy-batch
SI-pHiSD,1e-05,0.002,2000000,330,-0.7015625000000001,1.3968749999999999,completed,0.06601892900871215,0.18404094175627767,9.999866533896914e-07,-1005.1363684191691,762.7328995655736,1162610,success_index1,S_L,gradient_tolerance,,raw_state_verified,run.py:numpy-batch
SI-pHiSD,1e-05,0.002,2000000,475,-0.5421875,1.4718749999999998,completed,0.06601892917368385,0.1840409417501443,9.999915073281378e-07,-1005.1363683765101,762.7328997861542,1163176,success_index1,S_L,gradient_tolerance,,raw_state_verified,run.py:numpy-batch
SI-pHiSD,1e-05,0.002,2000000,465,-0.6359375,1.4718749999999998,completed,0.06601892904799223,0.1840409417569849,9.999861334042759e-07,-1005.1363684178308,762.7328996161939,1163493,success_index1,S_L,gradient_tolerance,,raw_state_verified,run.py:numpy-batch
SI-pHiSD,1e-05,0.002,2000000,374,-0.5890625,1.415625,completed,0.06601892917400258,0.18404094175011493,9.99997040234021e-07,-1005.1363683763564,762.7328997865958,1163749,success_index1,S_L,gradient_tolerance,,raw_state_verified,run.py:numpy-batch
SI-pHiSD,1e-05,0.002,2000000,296,-0.7203125,1.378125,completed,0.0660189289991251,0.18404094175592023,9.999977657475862e-07,-1005.1363684187434,762.7328995533809,1164196,success_index1,S_L,gradient_tolerance,,raw_state_verified,run.py:numpy-batch
SI-pHiSD,1e-05,0.002,2000000,441,-0.5609375000000001,1.453125,completed,0.06601892917361947,0.18404094175016023,9.999988956974476e-07,-1005.1363683765819,762.7328997860561,1164658,success_index1,S_L,gradient_tolerance,,raw_state_verified,run.py:numpy-batch
SI-pHiSD,1e-05,0.002,2000000,340,-0.6078125000000001,1.3968749999999999,completed,0.0660189291770764,0.1840409417497462,9.999819296346008e-07,-1005.1363683745261,762.7328997909289,1165400,success_index1,S_L,gradient_tolerance,,raw_state_verified,run.py:numpy-batch
SI-pHiSD,1e-05,0.002,2000000,508,-0.5328125000000001,1.4906249999999999,completed,0.06601892917374727,0.18404094175013058,9.999859173108323e-07,-1005.1363683764478,762.732899786249,1165450,success_index1,S_L,gradient_tolerance,,raw_state_verified,run.py:numpy-batch
SI-pHiSD,1e-05,0.002,2000000,431,-0.6546875000000001,1.453125,completed,0.06601892903339704,0.18404094175687197,9.999838539204992e-07,-1005.1363684189381,762.7328995972534,1165658,success_index1,S_L,gradient_tolerance,,raw_state_verified,run.py:numpy-batch
SI-pHiSD,1e-05,0.002,2000000,262,-0.7390625000000001,1.359375,completed,0.06601892899061074,0.18404094175552138,9.999921709594835e-07,-1005.1363684180349,762.7328995426234,1165666,success_index1,S_L,gradient_tolerance,,raw_state_verified,run.py:numpy-batch
SI-pHiSD,1e-05,0.002,2000000,407,-0.5796875,1.434375,completed,0.06601892917377296,0.18404094175013255,9.999900642309697e-07,-1005.1363683764525,762.7328997862808,1166102,success_index1,S_L,gradient_tolerance,,raw_state_verified,run.py:numpy-batch
SI-pHiSD,1e-05,0.002,2000000,289,-0.7859375000000001,1.378125,completed,-4.82376494437626,-1.3157881218146268,31587697209.849316,2937375467.410323,282785353143.78906,1166398,state_safeguard,U,state_safeguard,source_norm2_gt_5,raw_state_verified,run.py:numpy-batch
SI-pHiSD,1e-05,0.002,2000000,228,-0.7578125,1.340625,completed,0.06601892898297362,0.18404094175511032,9.999851045566151e-07,-1005.1363684171822,762.7328995330212,1166978,success_index1,S_L,gradient_tolerance,,raw_state_verified,run.py:numpy-batch
SI-pHiSD,1e-05,0.002,2000000,474,-0.5515625000000001,1.4718749999999998,completed,0.06601892917361286,0.18404094175014626,9.999863981987348e-07,-1005.1363683765256,762.7328997860598,1167028,success_index1,S_L,gradient_tolerance,,raw_state_verified,run.py:numpy-batch
SI-pHiSD,1e-05,0.002,2000000,373,-0.5984375000000001,1.415625,completed,0.06601892917478257,0.18404094175000899,9.999819846151626e-07,-1005.1363683758414,762.7328997877063,1167562,success_index1,S_L,gradient_tolerance,,raw_state_verified,run.py:numpy-batch
SI-pHiSD,1e-05,0.002,2000000,397,-0.6734375,1.434375,completed,0.06601892902114101,0.1840409417566435,9.999873690256704e-07,-1005.1363684193235,762.7328995814662,1167915,success_index1,S_L,gradient_tolerance,,raw_state_verified,run.py:numpy-batch
SI-pHiSD,1e-05,0.002,2000000,194,-0.7765625,1.321875,completed,0.06601892897605754,0.18404094175471486,9.99995087794084e-07,-1005.1363684163153,762.732899524346,1168097,success_index1,S_L,gradient_tolerance,,raw_state_verified,run.py:numpy-batch
SI-pHiSD,1e-05,0.002,2000000,440,-0.5703125,1.453125,completed,0.06601892917367948,0.18404094175015084,9.99996650665077e-07,-1005.1363683765371,762.7328997861428,1168571,success_index1,S_L,gradient_tolerance,,raw_state_verified,run.py:numpy-batch
SI-pHiSD,1e-05,0.002,2000000,160,-0.7953125000000001,1.3031249999999999,completed,0.0660189289697036,0.18404094175429078,9.999807292669929e-07,-1005.1363684152715,762.7328995164295,1168997,success_index1,S_L,gradient_tolerance,,raw_state_verified,run.py:numpy-batch
SI-pHiSD,1e-05,0.002,2000000,498,-0.6265625,1.4906249999999999,completed,0.06601892904781965,0.18404094175698305,9.999847238494998e-07,-1005.1363684178418,762.7328996159703,1169431,success_index1,S_L,gradient_tolerance,,raw_state_verified,run.py:numpy-batch
SI-pHiSD,1e-05,0.002,2000000,507,-0.5421875,1.4906249999999999,completed,0.066018929173639,0.18404094175014363,9.999866574011465e-07,-1005.1363683765121,762.7328997860966,1169482,success_index1,S_L,gradient_tolerance,,raw_state_verified,run.py:numpy-batch
SI-pHiSD,1e-05,0.002,2000000,424,-0.7203125,1.453125,completed,-4.823785343658633,-1.3157110609881115,31578297829.89577,2936532408.2502236,282698913553.74915,1169862,state_safeguard,U,state_safeguard,source_norm2_gt_5,raw_state_verified,run.py:numpy-batch
SI-pHiSD,1e-05,0.002,2000000,406,-0.5890625,1.434375,completed,0.06601892917415735,0.18404094175009486,9.999948139117188e-07,-1005.1363683762584,762.7328997868152,1170082,success_index1,S_L,gradient_tolerance,,raw_state_verified,run.py:numpy-batch
SI-pHiSD,1e-05,0.002,2000000,363,-0.6921875000000001,1.415625,completed,0.06601892901066464,0.1840409417563403,9.999837749260763e-07,-1005.1363684192146,762.7328995680651,1170175,success_index1,S_L,gradient_tolerance,,raw_state_verified,run.py:numpy-batch
SI-pHiSD,1e-05,0.002,2000000,473,-0.5609375000000001,1.4718749999999998,completed,0.066018929173633,0.1840409417501506,9.99991997947141e-07,-1005.136368376541,762.7328997860824,1171141,success_index1,S_L,gradient_tolerance,,raw_state_verified,run.py:numpy-batch
SI-pHiSD,1e-05,0.002,2000000,372,-0.6078125000000001,1.415625,completed,0.06601892917833024,0.18404094174960464,9.99985489568409e-07,-1005.1363683738157,762.7328997926886,1172025,success_index1,S_L,gradient_tolerance,,raw_state_verified,run.py:numpy-batch
SI-pHiSD,1e-05,0.002,2000000,464,-0.6453125000000001,1.4718749999999998,completed,0.06601892903332966,0.18404094175687336,9.999859109865965e-07,-1005.1363684189508,762.7328995971643,1172315,success_index1,S_L,gradient_tolerance,,raw_state_verified,run.py:numpy-batch
SI-pHiSD,1e-05,0.002,2000000,329,-0.7109375,1.3968749999999999,completed,0.06601892900161486,0.18404094175601418,9.999893228779992e-07,-1005.1363684188585,762.7328995565462,1172365,success_index1,S_L,gradient_tolerance,,raw_state_verified,run.py:numpy-batch
SI-pHiSD,1e-05,0.002,2000000,439,-0.5796875,1.453125,completed,0.06601892917389658,0.1840409417501183,9.999897757691098e-07,-1005.1363683763811,762.7328997864547,1172758,success_index1,S_L,gradient_tolerance,,raw_state_verified,run.py:numpy-batch
SI-pHiSD,1e-05,0.002,2000000,506,-0.5515625000000001,1.4906249999999999,completed,0.06601892917361749,0.18404094175015323,9.999927765508308e-07,-1005.1363683765537,762.7328997860595,1173795,success_index1,S_L,gradient_tolerance,,raw_state_verified,run.py:numpy-batch
SI-pHiSD,1e-05,0.002,2000000,295,-0.7296875,1.378125,completed,0.0660189289937281,0.18404094175566343,9.999844698181947e-07,-1005.1363684182778,762.7328995465656,1174423,success_index1,S_L,gradient_tolerance,,raw_state_verified,run.py:numpy-batch
SI-pHiSD,1e-05,0.002,2000000,405,-0.5984375000000001,1.434375,completed,0.06601892917539937,0.18404094174993882,9.999819579576703e-07,-1005.1363683754895,762.7328997885727,1174448,success_index1,S_L,gradient_tolerance,,raw_state_verified,run.py:numpy-batch
SI-pHiSD,1e-05,0.002,2000000,323,-0.7671875,1.3968749999999999,completed,-4.8237612641491,-1.315799814464787,31588995968.257175,2937491799.4958887,282797301828.3186,1175042,state_safeguard,U,state_safeguard,source_norm2_gt_5,raw_state_verified,run.py:numpy-batch
SI-pHiSD,1e-05,0.002,2000000,430,-0.6640625,1.453125,completed,0.06601892902130918,0.1840409417566475,9.99987330541928e-07,-1005.1363684193221,762.7328995816819,1175342,success_index1,S_L,gradient_tolerance,,raw_state_verified,run.py:numpy-batch
SI-pHiSD,1e-05,0.002,2000000,472,-0.5703125,1.4718749999999998,completed,0.06601892917376917,0.18404094175013294,9.999900031919464e-07,-1005.1363683764544,762.7328997862758,1175546,success_index1,S_L,gradient_tolerance,,raw_state_verified,run.py:numpy-batch
SI-pHiSD,1e-05,0.002,2000000,261,-0.7484375000000001,1.359375,completed,0.06601892898679566,0.18404094175532673,9.99992829022633e-07,-1005.1363684176522,762.7328995378176,1176291,success_index1,S_L,gradient_tolerance,,raw_state_verified,run.py:numpy-batch
SI-pHiSD,1e-05,0.002,2000000,438,-0.5890625,1.453125,completed,0.06601892917456512,0.1840409417500503,9.999961476728485e-07,-1005.1363683760328,762.7328997873864,1177287,success_index1,S_L,gradient_tolerance,,raw_state_verified,run.py:numpy-batch
SI-pHiSD,1e-05,0.002,2000000,227,-0.7671875,1.340625,completed,0.06601892898063821,0.1840409417549906,9.999969037895557e-07,-1005.1363684169456,762.73289953008,1177920,success_index1,S_L,gradient_tolerance,,raw_state_verified,run.py:numpy-batch
SI-pHiSD,1e-05,0.002,2000000,404,-0.6078125000000001,1.434375,completed,0.06601892916687928,0.18404094175089433,9.999979385788307e-07,-1005.136368380292,762.7328997766203,1178081,success_index1,S_L,gradient_tolerance,,raw_state_verified,run.py:numpy-batch
SI-pHiSD,1e-05,0.002,2000000,396,-0.6828125,1.434375,completed,0.06601892901119985,0.18404094175636848,9.99993231602381e-07,-1005.1363684192719,762.7328995687387,1178411,success_index1,S_L,gradient_tolerance,,raw_state_verified,run.py:numpy-batch
SI-pHiSD,1e-05,0.002,2000000,505,-0.5609375000000001,1.4906249999999999,completed,0.06601892917369857,0.1840409417501338,9.999840039808451e-07,-1005.1363683764656,762.7328997861828,1178422,success_index1,S_L,gradient_tolerance,,raw_state_verified,run.py:numpy-batch
SI-pHiSD,1e-05,0.002,2000000,497,-0.6359375,1.4906249999999999,completed,0.06601892903218874,0.1840409417568673,9.999949803889998e-07,-1005.1363684190485,762.7328995956815,1179236,success_index1,S_L,gradient_tolerance,,raw_state_verified,run.py:numpy-batch
SI-pHiSD,1e-05,0.002,2000000,193,-0.7859375000000001,1.321875,completed,0.06601892897509241,0.18404094175465846,9.99998179949355e-07,-1005.1363684161892,762.7328995231367,1179267,success_index1,S_L,gradient_tolerance,,raw_state_verified,run.py:numpy-batch
SI-pHiSD,1e-05,0.002,2000000,471,-0.5796875,1.4718749999999998,completed,0.06601892917420052,0.18404094175009242,9.99996888818497e-07,-1005.1363683762437,762.7328997868736,1180297,success_index1,S_L,gradient_tolerance,,raw_state_verified,run.py:numpy-batch
SI-pHiSD,1e-05,0.002,2000000,362,-0.7015625000000001,1.415625,completed,0.06601892900263032,0.18404094175605384,9.999883901311853e-07,-1005.1363684189112,762.7328995578362,1181435,success_index1,S_L,gradient_tolerance,,raw_state_verified,run.py:numpy-batch
SI-pHiSD,1e-05,0.002,2000000,437,-0.5984375000000001,1.453125,completed,0.06601892917780174,0.18404094174966096,9.999809538434483e-07,-1005.1363683741017,762.7328997919496,1182516,success_index1,S_L,gradient_tolerance,,raw_state_verified,run.py:numpy-batch
SI-pHiSD,1e-05,0.002,2000000,463,-0.6546875000000001,1.4718749999999998,completed,0.06601892902028982,0.1840409417566325,9.99996125158163e-07,-1005.1363684193703,762.7328995803651,1183267,success_index1,S_L,gradient_tolerance,,raw_state_verified,run.py:numpy-batch
SI-pHiSD,1e-05,0.002,2000000,504,-0.5703125,1.4906249999999999,completed,0.06601892917400586,0.1840409417501039,9.999879989950001e-07,-1005.1363683763107,762.7328997866098,1183413,success_index1,S_L,gradient_tolerance,,raw_state_verified,run.py:numpy-batch
SI-pHiSD,1e-05,0.002,2000000,328,-0.7203125,1.3968749999999999,completed,0.06601892899532491,0.18404094175573898,9.999857731935823e-07,-1005.1363684184145,762.7328995485822,1184330,success_index1,S_L,gradient_tolerance,,raw_state_verified,run.py:numpy-batch
SI-pHiSD,1e-05,0.002,2000000,470,-0.5890625,1.4718749999999998,completed,0.06601892917583153,0.18404094174989266,9.999846677250377e-07,-1005.1363683752555,762.7328997891765,1185582,success_index1,S_L,gradient_tolerance,,raw_state_verified,run.py:numpy-batch
SI-pHiSD,1e-05,0.002,2000000,294,-0.7390625000000001,1.378125,completed,0.06601892898906854,0.18404094175545235,9.999997653048756e-07,-1005.136368417919,762.7328995406725,1187015,success_index1,S_L,gradient_tolerance,,raw_state_verified,run.py:numpy-batch
SI-pHiSD,1e-05,0.002,2000000,429,-0.6734375,1.453125,completed,0.06601892901042945,0.18404094175634855,9.999979916863944e-07,-1005.1363684192735,762.7328995677515,1187434,success_index1,S_L,gradient_tolerance,,raw_state_verified,run.py:numpy-batch
SI-pHiSD,1e-05,0.002,2000000,357,-0.7484375000000001,1.415625,completed,-4.823763540244902,-1.3157930946573873,31588284716.66993,2937428138.9064627,282790756786.32666,1188233,state_safeguard,U,state_safeguard,source_norm2_gt_5,raw_state_verified,run.py:numpy-batch
SI-pHiSD,1e-05,0.002,2000000,503,-0.5796875,1.4906249999999999,completed,0.06601892917510424,0.18404094174997135,9.99981057230321e-07,-1005.1363683756541,762.7328997881586,1188904,success_index1,S_L,gradient_tolerance,,raw_state_verified,run.py:numpy-batch
SI-pHiSD,1e-05,0.002,2000000,260,-0.7578125,1.359375,completed,0.06601892898365955,0.18404094175516258,9.999977279715102e-07,-1005.1363684173211,762.7328995338703,1189415,success_index1,S_L,gradient_tolerance,,raw_state_verified,run.py:numpy-batch
SI-pHiSD,1e-05,0.002,2000000,458,-0.7015625000000001,1.4718749999999998,completed,-4.823787579936082,-1.3157026307693582,31577270766.107006,2936440288.544446,282689468359.4767,1190404,state_safeguard,U,state_safeguard,source_norm2_gt_5,raw_state_verified,run.py:numpy-batch
SI-pHiSD,1e-05,0.002,2000000,226,-0.7765625,1.340625,completed,0.06601892897892313,0.18404094175488256,9.999901089438046e-07,-1005.1363684166902,762.7328995279371,1191459,success_index1,S_L,gradient_tolerance,,raw_state_verified,run.py:numpy-batch
SI-pHiSD,1e-05,0.002,2000000,395,-0.6921875000000001,1.434375,completed,0.06601892900224349,0.18404094175603894,9.999888261971713e-07,-1005.1363684188923,762.7328995573446,1191637,success_index1,S_L,gradient_tolerance,,raw_state_verified,run.py:numpy-batch
SI-pHiSD,1e-05,0.002,2000000,496,-0.6453125000000001,1.4906249999999999,completed,0.06601892901828275,0.1840409417565735,9.999895873324109e-07,-1005.1363684193456,762.7328995777988,1191697,success_index1,S_L,gradient_tolerance,,raw_state_verified,run.py:numpy-batch
SI-pHiSD,1e-05,0.002,2000000,192,-0.7953125000000001,1.321875,completed,0.06601892897470604,0.18404094175463198,9.999960843095238e-07,-1005.1363684161229,762.7328995226559,1193086,success_index1,S_L,gradient_tolerance,,raw_state_verified,run.py:numpy-batch
SI-pHiSD,1e-05,0.002,2000000,502,-0.5890625,1.4906249999999999,completed,0.06601892916503088,0.18404094175107613,9.999875091611815e-07,-1005.1363683812301,762.7328997740493,1193347,success_index1,S_L,gradient_tolerance,,raw_state_verified,run.py:numpy-batch
SI-pHiSD,1e-05,0.002,2000000,361,-0.7109375,1.415625,completed,0.0660189289954481,0.18404094175574331,9.999846054660199e-07,-1005.1363684184183,762.7328995487393,1195769,success_index1,S_L,gradient_tolerance,,raw_state_verified,run.py:numpy-batch
SI-pHiSD,1e-05,0.002,2000000,462,-0.6640625,1.4718749999999998,completed,0.06601892900852091,0.18404094175627606,9.99991114230204e-07,-1005.1363684191829,762.7328995653257,1197374,success_index1,S_L,gradient_tolerance,,raw_state_verified,run.py:numpy-batch
SI-pHiSD,1e-05,0.002,2000000,327,-0.7296875,1.3968749999999999,completed,0.0660189289898071,0.18404094175547728,9.999886821358325e-07,-1005.1363684179416,762.732899541614,1199716,success_index1,S_L,gradient_tolerance,,raw_state_verified,run.py:numpy-batch
SI-pHiSD,1e-05,0.002,2000000,428,-0.6828125,1.453125,completed,0.0660189290005889,0.18404094175598132,9.999974240997694e-07,-1005.1363684188351,762.7328995552366,1203295,success_index1,S_L,gradient_tolerance,,raw_state_verified,run.py:numpy-batch
SI-pHiSD,1e-05,0.002,2000000,293,-0.7484375000000001,1.378125,completed,0.06601892898511544,0.18404094175524024,9.999958383764251e-07,-1005.1363684174804,762.7328995357013,1203358,success_index1,S_L,gradient_tolerance,,raw_state_verified,run.py:numpy-batch
SI-pHiSD,1e-05,0.002,2000000,259,-0.7671875,1.359375,completed,0.06601892898118294,0.18404094175502103,9.999960243648113e-07,-1005.1363684170107,762.7328995307639,1206573,success_index1,S_L,gradient_tolerance,,raw_state_verified,run.py:numpy-batch
SI-pHiSD,1e-05,0.002,2000000,495,-0.6546875000000001,1.4906249999999999,completed,0.0660189290057113,0.18404094175617622,9.99992111087128e-07,-1005.1363684190783,762.7328995617477,1208361,success_index1,S_L,gradient_tolerance,,raw_state_verified,run.py:numpy-batch
SI-pHiSD,1e-05,0.002,2000000,225,-0.7859375000000001,1.340625,completed,0.06601892897781968,0.1840409417548266,9.999990075006063e-07,-1005.1363684165806,762.732899526547,1209243,success_index1,S_L,gradient_tolerance,,raw_state_verified,run.py:numpy-batch
SI-pHiSD,1e-05,0.002,2000000,394,-0.7015625000000001,1.434375,completed,0.06601892899418531,0.1840409417556942,9.99992788777813e-07,-1005.1363684183544,762.7328995471348,1209348,success_index1,S_L,gradient_tolerance,,raw_state_verified,run.py:numpy-batch
SI-pHiSD,1e-05,0.002,2000000,391,-0.7296875,1.434375,completed,-4.823761605553548,-1.315799907136379,31589087155.41844,2937500076.4737444,282798137382.34204,1210093,state_safeguard,U,state_safeguard,source_norm2_gt_5,raw_state_verified,run.py:numpy-batch
SI-pHiSD,1e-05,0.002,2000000,360,-0.7203125,1.415625,completed,0.06601892898907526,0.18404094175543573,9.999846472221793e-07,-1005.1363684178509,762.7328995406957,1215392,success_index1,S_L,gradient_tolerance,,raw_state_verified,run.py:numpy-batch
SI-pHiSD,1e-05,0.002,2000000,461,-0.6734375,1.4718749999999998,completed,0.06601892899784868,0.1840409417558667,9.999991371236504e-07,-1005.1363684186628,762.7328995517626,1216882,success_index1,S_L,gradient_tolerance,,raw_state_verified,run.py:numpy-batch
SI-pHiSD,1e-05,0.002,2000000,326,-0.7390625000000001,1.3968749999999999,completed,0.06601892898503814,0.18404094175522237,9.999836643766372e-07,-1005.1363684174164,762.7328995356162,1221249,success_index1,S_L,gradient_tolerance,,raw_state_verified,run.py:numpy-batch
SI-pHiSD,1e-05,0.002,2000000,427,-0.6921875000000001,1.453125,completed,0.06601892899168291,0.18404094175558164,9.99998896762697e-07,-1005.1363684181644,762.7328995439697,1226137,success_index1,S_L,gradient_tolerance,,raw_state_verified,run.py:numpy-batch
SI-pHiSD,1e-05,0.002,2000000,292,-0.7578125,1.378125,completed,0.06601892898185834,0.18404094175504318,9.999813271630025e-07,-1005.1363684170285,762.7328995316255,1226704,success_index1,S_L,gradient_tolerance,,raw_state_verified,run.py:numpy-batch
SI-pHiSD,1e-05,0.002,2000000,492,-0.6828125,1.4906249999999999,completed,-4.8237657643446,-1.3157892356051548,31588076431.26345,2937409779.8449273,282788831347.7118,1228703,state_safeguard,U,state_safeguard,source_norm2_gt_5,raw_state_verified,run.py:numpy-batch
SI-pHiSD,1e-05,0.002,2000000,258,-0.7765625,1.359375,completed,0.06601892897934739,0.18404094175491556,9.999972001198708e-07,-1005.1363684167789,762.7328995284618,1231511,success_index1,S_L,gradient_tolerance,,raw_state_verified,run.py:numpy-batch
SI-pHiSD,1e-05,0.002,2000000,494,-0.6640625,1.4906249999999999,completed,0.06601892899426773,0.18404094175569496,9.999900182746387e-07,-1005.1363684183485,762.7328995472418,1233124,success_index1,S_L,gradient_tolerance,,raw_state_verified,run.py:numpy-batch
SI-pHiSD,1e-05,0.002,2000000,256,-0.7953125000000001,1.359375,completed,-4.82378018887832,-1.3157336858773225,31581239253.05408,2936796458.1238494,282725956797.40906,1233147,state_safeguard,U,state_safeguard,source_norm2_gt_5,raw_state_verified,run.py:numpy-batch
SI-pHiSD,1e-05,0.002,2000000,224,-0.7953125000000001,1.340625,completed,0.0660189289773128,0.18404094175479283,9.999961478771726e-07,-1005.1363684164977,762.7328995259154,1235417,success_index1,S_L,gradient_tolerance,,raw_state_verified,run.py:numpy-batch
SI-pHiSD,1e-05,0.002,2000000,393,-0.7109375,1.434375,completed,0.06601892898697646,0.18404094175533411,9.999909003875428e-07,-1005.1363684176628,762.732899538047,1236092,success_index1,S_L,gradient_tolerance,,raw_state_verified,run.py:numpy-batch
SI-pHiSD,1e-05,0.002,2000000,359,-0.7296875,1.415625,completed,0.06601892898349183,0.18404094175515298,9.999974337431326e-07,-1005.1363684172998,762.73289953366,1246652,success_index1,S_L,gradient_tolerance,,raw_state_verified,run.py:numpy-batch
SI-pHiSD,1e-05,0.002,2000000,460,-0.6828125,1.4718749999999998,completed,0.06601892898814457,0.18404094175539254,9.999886881331796e-07,-1005.1363684177754,762.7328995395194,1248322,success_index1,S_L,gradient_tolerance,,raw_state_verified,run.py:numpy-batch
SI-pHiSD,1e-05,0.002,2000000,325,-0.7484375000000001,1.3968749999999999,completed,0.06601892898100108,0.184040941755002,9.999883808102515e-07,-1005.1363684169529,762.732899530543,1257616,success_index1,S_L,gradient_tolerance,,raw_state_verified,run.py:numpy-batch
SI-pHiSD,1e-05,0.002,2000000,290,-0.7765625,1.378125,completed,-4.823778012981007,-1.315742389731429,31582328817.727745,2936894219.0095315,282735975696.7733,1261500,state_safeguard,U,state_safeguard,source_norm2_gt_5,raw_state_verified,run.py:numpy-batch
SI-pHiSD,1e-05,0.002,2000000,425,-0.7109375,1.453125,completed,-4.823768091590207,-1.315775712219903,31586153283.374996,2937236951.4709387,282771155819.7582,1263857,state_safeguard,U,state_safeguard,source_norm2_gt_5,raw_state_verified,run.py:numpy-batch
SI-pHiSD,1e-05,0.002,2000000,426,-0.7015625000000001,1.453125,completed,0.06601892898366447,0.18404094175516073,9.999958392595356e-07,-1005.1363684173128,762.7328995338784,1267312,success_index1,S_L,gradient_tolerance,,raw_state_verified,run.py:numpy-batch
SI-pHiSD,1e-05,0.002,2000000,291,-0.7671875,1.378125,completed,0.06601892897928693,0.18404094175490787,9.999934920290027e-07,-1005.1363684167538,762.7328995283898,1268592,success_index1,S_L,gradient_tolerance,,raw_state_verified,run.py:numpy-batch
SI-pHiSD,1e-05,0.002,2000000,257,-0.7859375000000001,1.359375,completed,0.06601892897814463,0.18404094175482621,9.999812232363443e-07,-1005.1363684165444,762.7328995269706,1278909,success_index1,S_L,gradient_tolerance,,raw_state_verified,run.py:numpy-batch
SI-pHiSD,1e-05,0.002,2000000,493,-0.6734375,1.4906249999999999,completed,0.06601892898383903,0.18404094175515903,9.99985669393617e-07,-1005.1363684172875,762.7328995341074,1281811,success_index1,S_L,gradient_tolerance,,raw_state_verified,run.py:numpy-batch
SI-pHiSD,1e-05,0.002,2000000,392,-0.7203125,1.434375,completed,0.0660189289805894,0.18404094175497396,9.99984550893014e-07,-1005.1363684168832,762.7328995300307,1292827,success_index1,S_L,gradient_tolerance,,raw_state_verified,run.py:numpy-batch
SI-pHiSD,1e-05,0.002,2000000,358,-0.7390625000000001,1.415625,completed,0.06601892897868074,0.18404094175487576,9.999968973773625e-07,-1005.1363684166882,762.732899527627,1333448,success_index1,S_L,gradient_tolerance,,raw_state_verified,run.py:numpy-batch
SI-pHiSD,1e-05,0.002,2000000,459,-0.6921875000000001,1.4718749999999998,completed,0.0660189289793747,0.18404094175490085,9.999826072549904e-07,-1005.1363684167158,762.7328995285104,1339183,success_index1,S_L,gradient_tolerance,,raw_state_verified,run.py:numpy-batch
SI-pHiSD,1e-05,0.002,2000000,324,-0.7578125,1.3968749999999999,completed,0.06601892897769403,0.18404094175480015,9.999821174143982e-07,-1005.1363684164863,762.7328995264063,1554108,success_index1,S_L,gradient_tolerance,,raw_state_verified,run.py:numpy-batch
