method,eta,tau,budget,start_id,x0,y0,execution_status,raw_x,raw_y,grad_norm,lambda1,lambda2,n_outer_updates,terminal_category,endpoint,stop_reason,failure_reason,certification_reason,source
SI-pHiSD,0.00012589254117941674,0.002,2000000,448,-0.7953125000000001,1.4718749999999998,completed,1.218847321161781,4.84918424783966,21807138380.59,2055383138.2399602,193234592275.0666,80609,state_safeguard,U,state_safeguard,source_norm2_gt_5,raw_state_verified,run.py:numpy-batch
SI-pHiSD,0.00012589254117941674,0.002,2000000,416,-0.7953125000000001,1.453125,completed,1.2188489595244925,4.849171273069775,21805388023.875763,2055221688.2531164,193218725657.75128,80785,state_safeguard,U,state_safeguard,source_norm2_gt_5,raw_state_verified,run.py:numpy-batch
SI-pHiSD,0.00012589254117941674,0.002,2000000,449,-0.7859375000000001,1.4718749999999998,completed,1.2188510608339456,4.849183532912311,21807485353.215397,2055414675.38068,193237751602.8144,80821,state_safeguard,U,state_safeguard,source_norm2_gt_5,raw_state_verified,run.py:numpy-batch
SI-pHiSD,0.00012589254117941674,0.002,2000000,450,-0.7765625,1.4718749999999998,completed,1.2188462583112853,4.849176375879647,21805826493.127064,2055262395.143562,193222692346.2727,81098,state_safeguard,U,state_safeguard,source_norm2_gt_5,raw_state_verified,run.py:numpy-batch
SI-pHiSD,0.00012589254117941674,0.002,2000000,417,-0.7859375000000001,1.453125,completed,1.2188574774155856,4.849178355600228,21807487095.58866,2055414098.6417158,193237789647.06598,81131,state_safeguard,U,state_safeguard,source_norm2_gt_5,raw_state_verified,run.py:numpy-batch
SI-pHiSD,0.00012589254117941674,0.002,2000000,481,-0.7859375000000001,1.4906249999999999,completed,1.2188249861881089,4.849192408560597,21805650794.914047,2055248651.9258654,193221025370.7843,81146,state_safeguard,U,state_safeguard,source_norm2_gt_5,raw_state_verified,run.py:numpy-batch
SI-pHiSD,0.00012589254117941674,0.002,2000000,480,-0.7953125000000001,1.4906249999999999,completed,1.2188111609477652,4.84918783509745,21803284081.111076,2055032192.3103037,193199516054.81934,81166,state_safeguard,U,state_safeguard,source_norm2_gt_5,raw_state_verified,run.py:numpy-batch
SI-pHiSD,0.00012589254117941674,0.002,2000000,482,-0.7765625,1.4906249999999999,completed,1.2188355197280112,4.849192049293489,21806876640.496483,2055360379.8994036,193232177893.5691,81179,state_safeguard,U,state_safeguard,source_norm2_gt_5,raw_state_verified,run.py:numpy-batch
SI-pHiSD,0.00012589254117941674,0.002,2000000,483,-0.7671875,1.4906249999999999,completed,1.2188407121548461,4.849188877519006,21807030976.08123,2055374002.35215,193233595415.2338,81321,state_safeguard,U,state_safeguard,source_norm2_gt_5,raw_state_verified,run.py:numpy-batch
SI-pHiSD,0.00012589254117941674,0.002,2000000,384,-0.7953125000000001,1.434375,completed,1.2188662008913698,4.849183428577949,21809309383.025547,2055580984.58116,193254344497.04126,81327,state_safeguard,U,state_safeguard,source_norm2_gt_5,raw_state_verified,run.py:numpy-batch
SI-pHiSD,0.00012589254117941674,0.002,2000000,451,-0.7671875,1.4718749999999998,completed,1.2188538612452595,4.8491812914560155,21807488832.55495,2055414674.1667473,193237792861.81918,81445,state_safeguard,U,state_safeguard,source_norm2_gt_5,raw_state_verified,run.py:numpy-batch
SI-pHiSD,0.00012589254117941674,0.002,2000000,418,-0.7765625,1.453125,completed,1.218864793360835,4.849184803314322,21809344922.16378,2055584420.5540407,193254661888.4583,81547,state_safeguard,U,state_safeguard,source_norm2_gt_5,raw_state_verified,run.py:numpy-batch
SI-pHiSD,0.00012589254117941674,0.002,2000000,484,-0.7578125,1.4906249999999999,completed,1.2188426319641368,4.849184621657429,21806624792.205585,2055336359.7347245,193229918779.04053,81557,state_safeguard,U,state_safeguard,source_norm2_gt_5,raw_state_verified,run.py:numpy-batch
SI-pHiSD,0.00012589254117941674,0.002,2000000,385,-0.7859375000000001,1.434375,completed,1.218853342231078,4.849172359911724,21806083801.6751,2055285287.3002257,193225050184.7138,81804,state_safeguard,U,state_safeguard,source_norm2_gt_5,raw_state_verified,run.py:numpy-batch
SI-pHiSD,0.00012589254117941674,0.002,2000000,452,-0.7578125,1.4718749999999998,completed,1.218841478459968,4.849168833273458,21804112591.17442,2055105040.9098606,193207134075.93335,81871,state_safeguard,U,state_safeguard,source_norm2_gt_5,raw_state_verified,run.py:numpy-batch
SI-pHiSD,0.00012589254117941674,0.002,2000000,485,-0.7484375000000001,1.4906249999999999,completed,1.2188427332314042,4.849180171183246,21805968425.163124,2055275876.467718,193223967170.8855,81884,state_safeguard,U,state_safeguard,source_norm2_gt_5,raw_state_verified,run.py:numpy-batch
SI-pHiSD,0.00012589254117941674,0.002,2000000,419,-0.7671875,1.453125,completed,1.2188552656783844,4.849176440958348,21806930675.12591,2055363089.3806798,193232736333.65552,82050,state_safeguard,U,state_safeguard,source_norm2_gt_5,raw_state_verified,run.py:numpy-batch
SI-pHiSD,0.00012589254117941674,0.002,2000000,352,-0.7953125000000001,1.415625,completed,1.2188470211950535,4.84916663183303,21804455243.94243,2055135973.0760214,193210260469.05478,82195,state_safeguard,U,state_safeguard,source_norm2_gt_5,raw_state_verified,run.py:numpy-batch
SI-pHiSD,0.00012589254117941674,0.002,2000000,486,-0.7390625000000001,1.4906249999999999,completed,1.2188475092060398,4.849181014365231,21806675394.583984,2055340461.3921447,193230394550.73474,82311,state_safeguard,U,state_safeguard,source_norm2_gt_5,raw_state_verified,run.py:numpy-batch
SI-pHiSD,0.00012589254117941674,0.002,2000000,386,-0.7765625,1.434375,completed,1.2188546372993814,4.849174295325872,21806531943.682865,2055326426.1668537,193229118442.299,82386,state_safeguard,U,state_safeguard,source_norm2_gt_5,raw_state_verified,run.py:numpy-batch
SI-pHiSD,0.00012589254117941674,0.002,2000000,453,-0.7484375000000001,1.4718749999999998,completed,1.218842251596877,4.849168735121293,21804191772.616344,2055112247.1555483,193207854774.2542,82398,state_safeguard,U,state_safeguard,source_norm2_gt_5,raw_state_verified,run.py:numpy-batch
SI-pHiSD,0.00012589254117941674,0.002,2000000,420,-0.7578125,1.453125,completed,1.218852268271133,4.8491742140032486,21806231885.686127,2055299053.7855384,193226389292.88968,82669,state_safeguard,U,state_safeguard,source_norm2_gt_5,raw_state_verified,run.py:numpy-batch
SI-pHiSD,0.00012589254117941674,0.002,2000000,487,-0.7296875,1.4906249999999999,completed,1.2188371163911655,4.849169103037311,21803623185.01565,2055060452.5306628,193202681015.58148,82860,state_safeguard,U,state_safeguard,source_norm2_gt_5,raw_state_verified,run.py:numpy-batch
SI-pHiSD,0.00012589254117941674,0.002,2000000,353,-0.7859375000000001,1.415625,completed,1.2188526485738995,4.8491725406040205,21806026671.04492,2055280103.5065057,193224529717.66443,82874,state_safeguard,U,state_safeguard,source_norm2_gt_5,raw_state_verified,run.py:numpy-batch
SI-pHiSD,0.00012589254117941674,0.002,2000000,454,-0.7390625000000001,1.4718749999999998,completed,1.2188619092506798,4.849186034436198,21809179450.283455,2055569506.964944,193253151379.4713,83060,state_safeguard,U,state_safeguard,source_norm2_gt_5,raw_state_verified,run.py:numpy-batch
SI-pHiSD,0.00012589254117941674,0.002,2000000,387,-0.7671875,1.434375,completed,1.2188452742669569,4.849166794691193,21804267477.259514,2055118874.6435854,193208551742.28918,83111,state_safeguard,U,state_safeguard,source_norm2_gt_5,raw_state_verified,run.py:numpy-batch
SI-pHiSD,0.00012589254117941674,0.002,2000000,26,-0.5515625000000001,1.2093749999999999,completed,0.06601892861468191,0.18404094168090052,9.999653304170208e-07,-1005.1363681547792,762.732899117652,83114,success_index1,S_L,gradient_tolerance,,raw_state_verified,run.py:numpy-batch
SI-pHiSD,0.00012589254117941674,0.002,2000000,60,-0.5328125000000001,1.228125,completed,0.066018928627279,0.18404094168497534,9.997813415189272e-07,-1005.136368170006,762.732899130512,83206,success_index1,S_L,gradient_tolerance,,raw_state_verified,run.py:numpy-batch
SI-pHiSD,0.00012589254117941674,0.002,2000000,27,-0.5421875,1.2093749999999999,completed,0.0660189287048904,0.18404094170859722,9.997715022973127e-07,-1005.1363682577839,762.7328992110452,83296,success_index1,S_L,gradient_tolerance,,raw_state_verified,run.py:numpy-batch
SI-pHiSD,0.00012589254117941674,0.002,2000000,61,-0.5234375,1.228125,completed,0.0660189287283795,0.18404094171499208,9.99917553218533e-07,-1005.1363682812805,762.7328992360798,83395,success_index1,S_L,gradient_tolerance,,raw_state_verified,run.py:numpy-batch
SI-pHiSD,0.00012589254117941674,0.002,2000000,421,-0.7484375000000001,1.453125,completed,1.218857421300668,4.849179538763065,21807658054.522224,2055429855.6424785,193239339716.539,83452,state_safeguard,U,state_safeguard,source_norm2_gt_5,raw_state_verified,run.py:numpy-batch
SI-pHiSD,0.00012589254117941674,0.002,2000000,28,-0.5328125000000001,1.2093749999999999,completed,0.06601892877398748,0.18404094172577154,9.998145374385414e-07,-1005.1363683202433,762.732899286124,83476,success_index1,S_L,gradient_tolerance,,raw_state_verified,run.py:numpy-batch
SI-pHiSD,0.00012589254117941674,0.002,2000000,95,-0.5046875000000001,1.246875,completed,0.06601892875245152,0.18404094172101448,9.999848314169855e-07,-1005.1363683032,762.7328992622015,83498,success_index1,S_L,gradient_tolerance,,raw_state_verified,run.py:numpy-batch
SI-pHiSD,0.00012589254117941674,0.002,2000000,320,-0.7953125000000001,1.3968749999999999,completed,1.2188486808355616,4.849169630755605,21805107423.996902,2055195868.357985,193216180204.6792,83536,state_safeguard,U,state_safeguard,source_norm2_gt_5,raw_state_verified,run.py:numpy-batch
SI-pHiSD,0.00012589254117941674,0.002,2000000,29,-0.5234375,1.2093749999999999,completed,0.06601892880601452,0.18404094173242277,9.99779714176787e-07,-1005.1363683438669,762.7328993220718,83569,success_index1,S_L,gradient_tolerance,,raw_state_verified,run.py:numpy-batch
SI-pHiSD,0.00012589254117941674,0.002,2000000,488,-0.7203125,1.4906249999999999,completed,1.2188591772702095,4.849187146607124,21809014591.757927,2055554632.397128,193251646960.23248,83575,state_safeguard,U,state_safeguard,source_norm2_gt_5,raw_state_verified,run.py:numpy-batch
SI-pHiSD,0.00012589254117941674,0.002,2000000,62,-0.5140625000000001,1.228125,completed,0.06601892880600581,0.18404094173249458,9.99846764338801e-07,-1005.1363683441604,762.7328993219974,83595,success_index1,S_L,gradient_tolerance,,raw_state_verified,run.py:numpy-batch
SI-pHiSD,0.00012589254117941674,0.002,2000000,30,-0.5140625000000001,1.2093749999999999,completed,0.06601892882757207,0.18404094173646757,9.997701148452207e-07,-1005.1363683580105,762.7328993466468,83638,success_index1,S_L,gradient_tolerance,,raw_state_verified,run.py:numpy-batch
SI-pHiSD,0.00012589254117941674,0.002,2000000,31,-0.5046875000000001,1.2093749999999999,completed,0.06601892884548476,0.18404094173962415,9.998263221991158e-07,-1005.1363683689304,762.7328993672462,83696,success_index1,S_L,gradient_tolerance,,raw_state_verified,run.py:numpy-batch
SI-pHiSD,0.00012589254117941674,0.002,2000000,63,-0.5046875000000001,1.228125,completed,0.0660189288418201,0.18404094173902838,9.998418346644974e-07,-1005.1363683668999,762.7328993629882,83700,success_index1,S_L,gradient_tolerance,,raw_state_verified,run.py:numpy-batch
SI-pHiSD,0.00012589254117941674,0.002,2000000,354,-0.7765625,1.415625,completed,1.2188628098109613,4.8491827075483105,21808788964.70036,2055533427.8636444,193249613553.77283,83743,state_safeguard,U,state_safeguard,source_norm2_gt_5,raw_state_verified,run.py:numpy-batch
SI-pHiSD,0.00012589254117941674,0.002,2000000,455,-0.7296875,1.4718749999999998,completed,1.2188531435486372,4.849178058499374,21806915865.456306,2055361968.7817624,193232594682.3666,83915,state_safeguard,U,state_safeguard,source_norm2_gt_5,raw_state_verified,run.py:numpy-batch
SI-pHiSD,0.00012589254117941674,0.002,2000000,388,-0.7578125,1.434375,completed,1.218864975726593,4.849185617326995,21809489403.847847,2055597710.756622,193255972690.37018,84052,state_safeguard,U,state_safeguard,source_norm2_gt_5,raw_state_verified,run.py:numpy-batch
SI-pHiSD,0.00012589254117941674,0.002,2000000,422,-0.7390625000000001,1.453125,completed,1.2188499248116438,4.849173555501112,21805848220.688213,2055263975.6704428,193222902082.17935,84486,state_safeguard,U,state_safeguard,source_norm2_gt_5,raw_state_verified,run.py:numpy-batch
SI-pHiSD,0.00012589254117941674,0.002,2000000,489,-0.7109375,1.4906249999999999,completed,1.2188555059123114,4.849182677746149,21807896973.258343,2055452087.452028,193241499603.64093,84534,state_safeguard,U,state_safeguard,source_norm2_gt_5,raw_state_verified,run.py:numpy-batch
SI-pHiSD,0.00012589254117941674,0.002,2000000,321,-0.7859375000000001,1.3968749999999999,completed,1.21885117086609,4.849172672163655,21805866897.766644,2055265553.2435255,193223075765.89038,84618,state_safeguard,U,state_safeguard,source_norm2_gt_5,raw_state_verified,run.py:numpy-batch
SI-pHiSD,0.00012589254117941674,0.002,2000000,355,-0.7671875,1.415625,completed,1.2188471170615056,4.849169620226675,21804915854.222668,2055178398.519611,193214437624.8925,84915,state_safeguard,U,state_safeguard,source_norm2_gt_5,raw_state_verified,run.py:numpy-batch
SI-pHiSD,0.00012589254117941674,0.002,2000000,456,-0.7203125,1.4718749999999998,completed,1.2188436944312955,4.849169711105243,21804513687.033745,2055141739.6899467,193210778900.79327,85083,state_safeguard,U,state_safeguard,source_norm2_gt_5,raw_state_verified,run.py:numpy-batch
SI-pHiSD,0.00012589254117941674,0.002,2000000,389,-0.7484375000000001,1.434375,completed,1.2188558719975024,4.849178486971221,21807311765.356297,2055398129.815871,193236194178.75412,85350,state_safeguard,U,state_safeguard,source_norm2_gt_5,raw_state_verified,run.py:numpy-batch
SI-pHiSD,0.00012589254117941674,0.002,2000000,222,-0.5140625000000001,1.321875,completed,0.06601892913049098,0.1840409417540776,9.999581635348836e-07,-1005.1363683971485,762.7328997263612,85597,success_index1,S_L,gradient_tolerance,,raw_state_verified,run.py:numpy-batch
SI-pHiSD,0.00012589254117941674,0.002,2000000,223,-0.5046875000000001,1.321875,completed,0.06601892914341419,0.18404094175303712,9.999282057698677e-07,-1005.1363683915283,762.7328997441316,85601,success_index1,S_L,gradient_tolerance,,raw_state_verified,run.py:numpy-batch
SI-pHiSD,0.00012589254117941674,0.002,2000000,255,-0.5046875000000001,1.340625,completed,0.06601892912775291,0.18404094175407093,9.99785731827619e-07,-1005.136368397415,762.7328997227954,85608,success_index1,S_L,gradient_tolerance,,raw_state_verified,run.py:numpy-batch
SI-pHiSD,0.00012589254117941674,0.002,2000000,188,-0.5328125000000001,1.3031249999999999,completed,0.06601892912275494,0.1840409417544094,9.997883791335955e-07,-1005.1363683993286,762.7328997159786,85612,success_index1,S_L,gradient_tolerance,,raw_state_verified,run.py:numpy-batch
SI-pHiSD,0.00012589254117941674,0.002,2000000,221,-0.5234375,1.321875,completed,0.06601892911927416,0.1840409417547326,9.998774211639334e-07,-1005.1363684010171,762.7328997111548,85614,success_index1,S_L,gradient_tolerance,,raw_state_verified,run.py:numpy-batch
SI-pHiSD,0.00012589254117941674,0.002,2000000,189,-0.5234375,1.3031249999999999,completed,0.06601892913669843,0.1840409417534156,9.997876691501357e-07,-1005.1363683937883,762.7328997350394,85622,success_index1,S_L,gradient_tolerance,,raw_state_verified,run.py:numpy-batch
SI-pHiSD,0.00012589254117941674,0.002,2000000,187,-0.5421875,1.3031249999999999,completed,0.06601892911124141,0.18404094175525118,9.99923237680408e-07,-1005.1363684039891,762.7328997002214,85626,success_index1,S_L,gradient_tolerance,,raw_state_verified,run.py:numpy-batch
SI-pHiSD,0.00012589254117941674,0.002,2000000,154,-0.5515625000000001,1.284375,completed,0.06601892911562787,0.18404094175482635,9.997693387344742e-07,-1005.13636840179,762.7328997063162,85633,success_index1,S_L,gradient_tolerance,,raw_state_verified,run.py:numpy-batch
SI-pHiSD,0.00012589254117941674,0.002,2000000,153,-0.5609375000000001,1.284375,completed,0.06601892910311874,0.18404094175550534,9.997864272724837e-07,-1005.1363684058949,762.7328996894029,85642,success_index1,S_L,gradient_tolerance,,raw_state_verified,run.py:numpy-batch
SI-pHiSD,0.00012589254117941674,0.002,2000000,254,-0.5140625000000001,1.340625,completed,0.06601892911840418,0.18404094175472602,9.998257153064e-07,-1005.1363684010839,762.7328997100255,85644,success_index1,S_L,gradient_tolerance,,raw_state_verified,run.py:numpy-batch
SI-pHiSD,0.00012589254117941674,0.002,2000000,220,-0.5328125000000001,1.321875,completed,0.06601892910938985,0.1840409417552646,9.998489767814797e-07,-1005.1363684042421,762.7328996977946,85648,success_index1,S_L,gradient_tolerance,,raw_state_verified,run.py:numpy-batch
SI-pHiSD,0.00012589254117941674,0.002,2000000,155,-0.5421875,1.284375,completed,0.06601892913055352,0.18404094175389496,9.99804655130912e-07,-1005.1363683963986,762.732899726603,85649,success_index1,S_L,gradient_tolerance,,raw_state_verified,run.py:numpy-batch
SI-pHiSD,0.00012589254117941674,0.002,2000000,186,-0.5515625000000001,1.3031249999999999,completed,0.06601892910062944,0.18404094175561975,9.997864656746311e-07,-1005.1363684066273,762.7328996860552,85657,success_index1,S_L,gradient_tolerance,,raw_state_verified,run.py:numpy-batch
SI-pHiSD,0.00012589254117941674,0.002,2000000,190,-0.5140625000000001,1.3031249999999999,completed,0.06601892915291413,0.18404094175203742,9.997901164035895e-07,-1005.1363683864416,762.7328997574003,85658,success_index1,S_L,gradient_tolerance,,raw_state_verified,run.py:numpy-batch
SI-pHiSD,0.00012589254117941674,0.002,2000000,120,-0.5703125,1.265625,completed,0.06601892910918127,0.1840409417554402,9.999917860607115e-07,-1005.1363684049792,762.7328996973685,85660,success_index1,S_L,gradient_tolerance,,raw_state_verified,run.py:numpy-batch
SI-pHiSD,0.00012589254117941674,0.002,2000000,119,-0.5796875,1.265625,completed,0.06601892909601381,0.184040941756045,9.999847615179092e-07,-1005.136368408853,762.7328996796614,85665,success_index1,S_L,gradient_tolerance,,raw_state_verified,run.py:numpy-batch
SI-pHiSD,0.00012589254117941674,0.002,2000000,152,-0.5703125,1.284375,completed,0.06601892909227326,0.1840409417561598,9.999577243964573e-07,-1005.1363684097213,762.7328996746812,85670,success_index1,S_L,gradient_tolerance,,raw_state_verified,run.py:numpy-batch
SI-pHiSD,0.00012589254117941674,0.002,2000000,121,-0.5609375000000001,1.265625,completed,0.06601892912491897,0.18404094175427407,9.997945119463343e-07,-1005.1363683985455,762.7328997189204,85683,success_index1,S_L,gradient_tolerance,,raw_state_verified,run.py:numpy-batch
SI-pHiSD,0.00012589254117941674,0.002,2000000,118,-0.5890625,1.265625,completed,0.06601892908410575,0.18404094175630395,9.99843078428577e-07,-1005.1363684111843,762.7328996639008,85689,success_index1,S_L,gradient_tolerance,,raw_state_verified,run.py:numpy-batch
SI-pHiSD,0.00012589254117941674,0.002,2000000,156,-0.5328125000000001,1.284375,completed,0.06601892914796306,0.18404094175255264,9.998480106577861e-07,-1005.1363683890688,762.7328997504904,85693,success_index1,S_L,gradient_tolerance,,raw_state_verified,run.py:numpy-batch
SI-pHiSD,0.00012589254117941674,0.002,2000000,85,-0.5984375000000001,1.246875,completed,0.06601892908915516,0.18404094175614572,9.99847644510769e-07,-1005.136368409999,762.732899670626,85695,success_index1,S_L,gradient_tolerance,,raw_state_verified,run.py:numpy-batch
SI-pHiSD,0.00012589254117941674,0.002,2000000,86,-0.5890625,1.246875,completed,0.06601892910322264,0.1840409417557248,9.999813977949037e-07,-1005.1363684067767,762.7328996893459,85695,success_index1,S_L,gradient_tolerance,,raw_state_verified,run.py:numpy-batch
SI-pHiSD,0.00012589254117941674,0.002,2000000,253,-0.5234375,1.340625,completed,0.0660189291100282,0.1840409417551793,9.998043527844523e-07,-1005.1363684038265,762.732899698702,85695,success_index1,S_L,gradient_tolerance,,raw_state_verified,run.py:numpy-batch
SI-pHiSD,0.00012589254117941674,0.002,2000000,287,-0.5046875000000001,1.359375,completed,0.06601892911944528,0.1840409417546764,9.998380094154077e-07,-1005.1363684007699,762.7328997114273,85695,success_index1,S_L,gradient_tolerance,,raw_state_verified,run.py:numpy-batch
SI-pHiSD,0.00012589254117941674,0.002,2000000,219,-0.5421875,1.321875,completed,0.06601892910065374,0.18404094175581936,9.999609746026881e-07,-1005.1363684074372,762.7328996859119,85697,success_index1,S_L,gradient_tolerance,,raw_state_verified,run.py:numpy-batch
SI-pHiSD,0.00012589254117941674,0.002,2000000,185,-0.5609375000000001,1.3031249999999999,completed,0.06601892909146648,0.18404094175597963,9.997746575569341e-07,-1005.1363684090754,762.7328996737867,85705,success_index1,S_L,gradient_tolerance,,raw_state_verified,run.py:numpy-batch
SI-pHiSD,0.00012589254117941674,0.002,2000000,84,-0.6078125000000001,1.246875,completed,0.06601892907671536,0.18404094175648306,9.998259087121249e-07,-1005.1363684127065,762.7328996541027,85715,success_index1,S_L,gradient_tolerance,,raw_state_verified,run.py:numpy-batch
SI-pHiSD,0.00012589254117941674,0.002,2000000,151,-0.5796875,1.284375,completed,0.06601892908237614,0.18404094175636437,9.99851476544724e-07,-1005.1363684116159,762.7328996615912,85715,success_index1,S_L,gradient_tolerance,,raw_state_verified,run.py:numpy-batch
SI-pHiSD,0.00012589254117941674,0.002,2000000,87,-0.5796875,1.246875,completed,0.06601892912001796,0.18404094175482144,9.99994097950853e-07,-1005.1363684012987,762.7328997120475,85724,success_index1,S_L,gradient_tolerance,,raw_state_verified,run.py:numpy-batch
SI-pHiSD,0.00012589254117941674,0.002,2000000,51,-0.6171875,1.228125,completed,0.06601892908281566,0.18404094175632332,9.998266816922752e-07,-1005.1363684114017,762.7328996622006,85731,success_index1,S_L,gradient_tolerance,,raw_state_verified,run.py:numpy-batch
SI-pHiSD,0.00012589254117941674,0.002,2000000,117,-0.5984375000000001,1.265625,completed,0.0660189290740546,0.18404094175669466,9.9995883783105e-07,-1005.1363684138535,762.7328996504463,85732,success_index1,S_L,gradient_tolerance,,raw_state_verified,run.py:numpy-batch
SI-pHiSD,0.00012589254117941674,0.002,2000000,122,-0.5515625000000001,1.265625,completed,0.06601892914376525,0.18404094175308008,9.999903469688834e-07,-1005.1363683916655,762.732899744552,85736,success_index1,S_L,gradient_tolerance,,raw_state_verified,run.py:numpy-batch
SI-pHiSD,0.00012589254117941674,0.002,2000000,191,-0.5046875000000001,1.3031249999999999,completed,0.06601892917363972,0.1840409417499929,9.998587250670251e-07,-1005.1363683758983,762.7328997862295,85736,success_index1,S_L,gradient_tolerance,,raw_state_verified,run.py:numpy-batch
SI-pHiSD,0.00012589254117941674,0.002,2000000,52,-0.6078125000000001,1.228125,completed,0.06601892909818163,0.1840409417559678,9.999961158166435e-07,-1005.1363684083063,762.732899682557,85739,success_index1,S_L,gradient_tolerance,,raw_state_verified,run.py:numpy-batch
SI-pHiSD,0.00012589254117941674,0.002,2000000,50,-0.6265625,1.228125,completed,0.06601892906955756,0.18404094175678717,9.999637846175288e-07,-1005.136368414712,762.7328996444988,85745,success_index1,S_L,gradient_tolerance,,raw_state_verified,run.py:numpy-batch
SI-pHiSD,0.00012589254117941674,0.002,2000000,83,-0.6171875,1.246875,completed,0.06601892906559541,0.18404094175667565,9.99811613678631e-07,-1005.1363684146838,762.7328996394282,85753,success_index1,S_L,gradient_tolerance,,raw_state_verified,run.py:numpy-batch
SI-pHiSD,0.00012589254117941674,0.002,2000000,252,-0.5328125000000001,1.340625,completed,0.0660189291021998,0.18404094175558253,9.99816277896141e-07,-1005.1363684063074,762.7328996881365,85758,success_index1,S_L,gradient_tolerance,,raw_state_verified,run.py:numpy-batch
SI-pHiSD,0.00012589254117941674,0.002,2000000,218,-0.5515625000000001,1.321875,completed,0.06601892909229133,0.18404094175600322,9.998218523090616e-07,-1005.1363684090824,762.7328996748423,85759,success_index1,S_L,gradient_tolerance,,raw_state_verified,run.py:numpy-batch
SI-pHiSD,0.00012589254117941674,0.002,2000000,286,-0.5140625000000001,1.359375,completed,0.06601892911207487,0.18404094175519237,9.999118472731559e-07,-1005.1363684036601,762.7328997013601,85759,success_index1,S_L,gradient_tolerance,,raw_state_verified,run.py:numpy-batch
SI-pHiSD,0.00012589254117941674,0.002,2000000,184,-0.5703125,1.3031249999999999,completed,0.0660189290828192,0.18404094175634758,9.998479446130875e-07,-1005.1363684115004,762.7328996621841,85765,success_index1,S_L,gradient_tolerance,,raw_state_verified,run.py:numpy-batch
SI-pHiSD,0.00012589254117941674,0.002,2000000,150,-0.5890625,1.284375,completed,0.06601892907352819,0.18404094175656932,9.998393577968084e-07,-1005.1363684133999,762.7328996498698,85775,success_index1,S_L,gradient_tolerance,,raw_state_verified,run.py:numpy-batch
SI-pHiSD,0.00012589254117941674,0.002,2000000,53,-0.5984375000000001,1.228125,completed,0.06601892911589738,0.18404094175488955,9.998376728684233e-07,-1005.1363684020181,762.7328997066124,85776,success_index1,S_L,gradient_tolerance,,raw_state_verified,run.py:numpy-batch
SI-pHiSD,0.00012589254117941674,0.002,2000000,17,-0.6359375,1.2093749999999999,completed,0.06601892907753384,0.18404094175640553,9.997752958215783e-07,-1005.1363684123029,762.7328996552388,85777,success_index1,S_L,gradient_tolerance,,raw_state_verified,run.py:numpy-batch
SI-pHiSD,0.00012589254117941674,0.002,2000000,49,-0.6359375,1.228125,completed,0.06601892905811364,0.18404094175688884,9.999287016791817e-07,-1005.1363684163541,762.7328996294812,85781,success_index1,S_L,gradient_tolerance,,raw_state_verified,run.py:numpy-batch
SI-pHiSD,0.00012589254117941674,0.002,2000000,157,-0.5234375,1.284375,completed,0.06601892917011225,0.18404094175041255,9.998835462684688e-07,-1005.1363683779845,762.73289978126,85782,success_index1,S_L,gradient_tolerance,,raw_state_verified,run.py:numpy-batch
SI-pHiSD,0.00012589254117941674,0.002,2000000,16,-0.6453125000000001,1.2093749999999999,completed,0.06601892906340377,0.18404094175687175,9.999588120955805e-07,-1005.1363684157166,762.7328996363973,85785,success_index1,S_L,gradient_tolerance,,raw_state_verified,run.py:numpy-batch
SI-pHiSD,0.00012589254117941674,0.002,2000000,88,-0.5703125,1.246875,completed,0.06601892914016573,0.1840409417531617,9.99805571553369e-07,-1005.1363683923836,762.732899739785,85789,success_index1,S_L,gradient_tolerance,,raw_state_verified,run.py:numpy-batch
SI-pHiSD,0.00012589254117941674,0.002,2000000,18,-0.6265625,1.2093749999999999,completed,0.06601892909364956,0.18404094175603397,9.998935853766257e-07,-1005.1363684090617,762.732899676587,85791,success_index1,S_L,gradient_tolerance,,raw_state_verified,run.py:numpy-batch
SI-pHiSD,0.00012589254117941674,0.002,2000000,116,-0.6078125000000001,1.265625,completed,0.06601892906474516,0.18404094175662458,9.997566472267904e-07,-1005.136368414567,762.7328996383638,85791,success_index1,S_L,gradient_tolerance,,raw_state_verified,run.py:numpy-batch
SI-pHiSD,0.00012589254117941674,0.002,2000000,82,-0.6265625,1.246875,completed,0.06601892905604664,0.1840409417567058,9.997558268262711e-07,-1005.1363684158309,762.7328996269455,85810,success_index1,S_L,gradient_tolerance,,raw_state_verified,run.py:numpy-batch
SI-pHiSD,0.00012589254117941674,0.002,2000000,15,-0.6546875000000001,1.2093749999999999,completed,0.06601892905121476,0.18404094175698668,9.999878931848446e-07,-1005.1363684174927,762.7328996203958,85816,success_index1,S_L,gradient_tolerance,,raw_state_verified,run.py:numpy-batch
SI-pHiSD,0.00012589254117941674,0.002,2000000,251,-0.5421875,1.340625,completed,0.06601892909462112,0.18404094175586014,9.997752270048984e-07,-1005.1363684082503,762.7328996780068,85832,success_index1,S_L,gradient_tolerance,,raw_state_verified,run.py:numpy-batch
SI-pHiSD,0.00012589254117941674,0.002,2000000,285,-0.5234375,1.359375,completed,0.06601892910465756,0.18404094175563984,9.999670750223825e-07,-1005.1363684062765,762.7328996912928,85832,success_index1,S_L,gradient_tolerance,,raw_state_verified,run.py:numpy-batch
SI-pHiSD,0.00012589254117941674,0.002,2000000,48,-0.6453125000000001,1.228125,completed,0.06601892904773154,0.18404094175675953,9.997878418138635e-07,-1005.1363684169422,762.7328996160509,85834,success_index1,S_L,gradient_tolerance,,raw_state_verified,run.py:numpy-batch
SI-pHiSD,0.00012589254117941674,0.002,2000000,217,-0.5609375000000001,1.321875,completed,0.0660189290846968,0.18404094175622043,9.997858430585795e-07,-1005.1363684107816,762.7328996647448,85834,success_index1,S_L,gradient_tolerance,,raw_state_verified,run.py:numpy-batch
SI-pHiSD,0.00012589254117941674,0.002,2000000,123,-0.5421875,1.265625,completed,0.0660189291672532,0.1840409417506595,9.998318142079323e-07,-1005.1363683792963,762.732899777314,85837,success_index1,S_L,gradient_tolerance,,raw_state_verified,run.py:numpy-batch
SI-pHiSD,0.00012589254117941674,0.002,2000000,319,-0.5046875000000001,1.378125,completed,0.06601892911483451,0.18404094175500346,9.998828354311955e-07,-1005.1363684025955,762.732899705126,85837,success_index1,S_L,gradient_tolerance,,raw_state_verified,run.py:numpy-batch
SI-pHiSD,0.00012589254117941674,0.002,2000000,183,-0.5796875,1.3031249999999999,completed,0.0660189290748826,0.1840409417565326,9.998326261624392e-07,-1005.1363684131048,762.7328996516685,85839,success_index1,S_L,gradient_tolerance,,raw_state_verified,run.py:numpy-batch
SI-pHiSD,0.00012589254117941674,0.002,2000000,19,-0.6171875,1.2093749999999999,completed,0.0660189291131845,0.1840409417549806,9.99781819381296e-07,-1005.1363684026793,762.7328997029936,85840,success_index1,S_L,gradient_tolerance,,raw_state_verified,run.py:numpy-batch
SI-pHiSD,0.00012589254117941674,0.002,2000000,149,-0.5984375000000001,1.284375,completed,0.06601892906540423,0.18404094175664265,9.997803317702886e-07,-1005.1363684145698,762.7328996392076,85849,success_index1,S_L,gradient_tolerance,,raw_state_verified,run.py:numpy-batch
SI-pHiSD,0.00012589254117941674,0.002,2000000,54,-0.5890625,1.228125,completed,0.06601892913768606,0.18404094175355287,9.999720040689026e-07,-1005.1363683942412,762.7328997362072,85851,success_index1,S_L,gradient_tolerance,,raw_state_verified,run.py:numpy-batch
SI-pHiSD,0.00012589254117941674,0.002,2000000,115,-0.6171875,1.265625,completed,0.06601892905604075,0.18404094175673688,9.99783126465992e-07,-1005.1363684159583,762.7328996269102,85862,success_index1,S_L,gradient_tolerance,,raw_state_verified,run.py:numpy-batch
SI-pHiSD,0.00012589254117941674,0.002,2000000,14,-0.6640625,1.2093749999999999,completed,0.06601892904030947,0.18404094175696079,9.999960801257659e-07,-1005.1363684185573,762.732899606193,85865,success_index1,S_L,gradient_tolerance,,raw_state_verified,run.py:numpy-batch
SI-pHiSD,0.00012589254117941674,0.002,2000000,288,-0.7953125000000001,1.378125,completed,1.2188592877279751,4.849180285755054,21807997084.262337,2055460876.199678,193242420526.13898,85877,state_safeguard,U,state_safeguard,source_norm2_gt_5,raw_state_verified,run.py:numpy-batch
SI-pHiSD,0.00012589254117941674,0.002,2000000,81,-0.6359375,1.246875,completed,0.06601892904722269,0.18404094175688443,9.998986794733122e-07,-1005.1363684175046,762.7328996152781,85880,success_index1,S_L,gradient_tolerance,,raw_state_verified,run.py:numpy-batch
SI-pHiSD,0.00012589254117941674,0.002,2000000,47,-0.6546875000000001,1.228125,completed,0.06601892903856733,0.1840409417569268,9.999793863635645e-07,-1005.1363684186058,762.73289960395,85902,success_index1,S_L,gradient_tolerance,,raw_state_verified,run.py:numpy-batch
SI-pHiSD,0.00012589254117941674,0.002,2000000,89,-0.5609375000000001,1.246875,completed,0.06601892916564796,0.18404094175098135,9.999616195554604e-07,-1005.1363683807781,762.732899774938,85903,success_index1,S_L,gradient_tolerance,,raw_state_verified,run.py:numpy-batch
SI-pHiSD,0.00012589254117941674,0.002,2000000,490,-0.7015625000000001,1.4906249999999999,completed,1.2188536762246944,4.849180368605731,21807327688.50815,2055399849.118453,193236330958.62506,85911,state_safeguard,U,state_safeguard,source_norm2_gt_5,raw_state_verified,run.py:numpy-batch
SI-pHiSD,0.00012589254117941674,0.002,2000000,250,-0.5515625000000001,1.340625,completed,0.06601892908779342,0.18404094175635757,9.99992088622255e-07,-1005.136368411007,762.7328996686638,85918,success_index1,S_L,gradient_tolerance,,raw_state_verified,run.py:numpy-batch
SI-pHiSD,0.00012589254117941674,0.002,2000000,284,-0.5328125000000001,1.359375,completed,0.06601892909785069,0.1840409417559417,9.999611584608487e-07,-1005.1363684082356,762.7328996821484,85918,success_index1,S_L,gradient_tolerance,,raw_state_verified,run.py:numpy-batch
SI-pHiSD,0.00012589254117941674,0.002,2000000,318,-0.5140625000000001,1.378125,completed,0.06601892910799816,0.1840409417554168,9.999181732975099e-07,-1005.136368405011,762.7328996958457,85921,success_index1,S_L,gradient_tolerance,,raw_state_verified,run.py:numpy-batch
SI-pHiSD,0.00012589254117941674,0.002,2000000,216,-0.5703125,1.321875,completed,0.06601892907777944,0.18404094175641783,9.997912923398092e-07,-1005.136368412327,762.7328996555481,85922,success_index1,S_L,gradient_tolerance,,raw_state_verified,run.py:numpy-batch
SI-pHiSD,0.00012589254117941674,0.002,2000000,20,-0.6078125000000001,1.2093749999999999,completed,0.0660189291363063,0.18404094175357874,9.999018531175836e-07,-1005.1363683944948,762.7328997343849,85926,success_index1,S_L,gradient_tolerance,,raw_state_verified,run.py:numpy-batch
SI-pHiSD,0.00012589254117941674,0.002,2000000,182,-0.5890625,1.3031249999999999,completed,0.06601892906769247,0.1840409417568017,9.999494885089456e-07,-1005.1363684149712,762.7328996420531,85926,success_index1,S_L,gradient_tolerance,,raw_state_verified,run.py:numpy-batch
SI-pHiSD,0.00012589254117941674,0.002,2000000,13,-0.6734375,1.2093749999999999,completed,0.06601892903038081,0.18404094175661256,9.997944502294984e-07,-1005.1363684182061,762.7328995935462,85931,success_index1,S_L,gradient_tolerance,,raw_state_verified,run.py:numpy-batch
SI-pHiSD,0.00012589254117941674,0.002,2000000,148,-0.6078125000000001,1.284375,completed,0.0660189290579084,0.184040941756906,9.999424635529778e-07,-1005.1363684164457,762.7328996291985,85935,success_index1,S_L,gradient_tolerance,,raw_state_verified,run.py:numpy-batch
SI-pHiSD,0.00012589254117941674,0.002,2000000,158,-0.5140625000000001,1.284375,completed,0.06601892919869033,0.18404094174678243,9.997820705150976e-07,-1005.1363683601485,762.7328998217221,85935,success_index1,S_L,gradient_tolerance,,raw_state_verified,run.py:numpy-batch
SI-pHiSD,0.00012589254117941674,0.002,2000000,114,-0.6265625,1.265625,completed,0.06601892904847718,0.18404094175699912,9.999982038790185e-07,-1005.1363684178369,762.7328996168135,85948,success_index1,S_L,gradient_tolerance,,raw_state_verified,run.py:numpy-batch
SI-pHiSD,0.00012589254117941674,0.002,2000000,80,-0.6453125000000001,1.246875,completed,0.0660189290390154,0.18404094175690297,9.99954681592304e-07,-1005.1363684184612,762.7328996045553,85964,success_index1,S_L,gradient_tolerance,,raw_state_verified,run.py:numpy-batch
SI-pHiSD,0.00012589254117941674,0.002,2000000,423,-0.7296875,1.453125,completed,1.218855368781407,4.849179242904689,21807364203.633312,2055403018.8076165,193236667947.01434,85967,state_safeguard,U,state_safeguard,source_norm2_gt_5,raw_state_verified,run.py:numpy-batch
SI-pHiSD,0.00012589254117941674,0.002,2000000,55,-0.5796875,1.228125,completed,0.06601892916468569,0.18404094175106728,9.99949386248969e-07,-1005.136368381231,762.7328997736073,85979,success_index1,S_L,gradient_tolerance,,raw_state_verified,run.py:numpy-batch
SI-pHiSD,0.00012589254117941674,0.002,2000000,46,-0.6640625,1.228125,completed,0.0660189290303666,0.18404094175671068,9.998814919222148e-07,-1005.1363684186072,762.7328995934416,85987,success_index1,S_L,gradient_tolerance,,raw_state_verified,run.py:numpy-batch
SI-pHiSD,0.00012589254117941674,0.002,2000000,124,-0.5328125000000001,1.265625,completed,0.06601892919753052,0.18404094174701993,9.998489988540487e-07,-1005.1363683612392,762.732899820001,86004,success_index1,S_L,gradient_tolerance,,raw_state_verified,run.py:numpy-batch
SI-pHiSD,0.00012589254117941674,0.002,2000000,12,-0.6828125,1.2093749999999999,completed,0.06601892902183157,0.1840409417565564,9.99895511153229e-07,-1005.1363684188952,762.732899582443,86013,success_index1,S_L,gradient_tolerance,,raw_state_verified,run.py:numpy-batch
SI-pHiSD,0.00012589254117941674,0.002,2000000,283,-0.5421875,1.359375,completed,0.06601892909126783,0.18404094175616031,9.999258625228122e-07,-1005.1363684098314,762.7328996733693,86015,success_index1,S_L,gradient_tolerance,,raw_state_verified,run.py:numpy-batch
SI-pHiSD,0.00012589254117941674,0.002,2000000,249,-0.5609375000000001,1.340625,completed,0.06601892908095315,0.18404094175636626,9.998183050685973e-07,-1005.1363684117765,762.7328996597333,86016,success_index1,S_L,gradient_tolerance,,raw_state_verified,run.py:numpy-batch
SI-pHiSD,0.00012589254117941674,0.002,2000000,317,-0.5234375,1.378125,completed,0.06601892910146358,0.18404094175560035,9.998023862225138e-07,-1005.136368406459,762.7328996871605,86017,success_index1,S_L,gradient_tolerance,,raw_state_verified,run.py:numpy-batch
SI-pHiSD,0.00012589254117941674,0.002,2000000,215,-0.5796875,1.321875,completed,0.0660189290707195,0.1840409417566152,9.99831275313535e-07,-1005.1363684138876,762.7328996461654,86019,success_index1,S_L,gradient_tolerance,,raw_state_verified,run.py:numpy-batch
SI-pHiSD,0.00012589254117941674,0.002,2000000,351,-0.5046875000000001,1.3968749999999999,completed,0.06601892911189332,0.1840409417550466,9.99776825861249e-07,-1005.1363684030866,762.7328997012513,86022,success_index1,S_L,gradient_tolerance,,raw_state_verified,run.py:numpy-batch
SI-pHiSD,0.00012589254117941674,0.002,2000000,181,-0.5984375000000001,1.3031249999999999,completed,0.0660189290607842,0.18404094175672833,9.998078142667183e-07,-1005.1363684154143,762.7328996331057,86026,success_index1,S_L,gradient_tolerance,,raw_state_verified,run.py:numpy-batch
SI-pHiSD,0.00012589254117941674,0.002,2000000,147,-0.6171875,1.284375,completed,0.06601892905076963,0.18404094175693153,9.999388226112918e-07,-1005.1363684173159,762.7328996198635,86034,success_index1,S_L,gradient_tolerance,,raw_state_verified,run.py:numpy-batch
SI-pHiSD,0.00012589254117941674,0.002,2000000,113,-0.6359375,1.265625,completed,0.06601892904111889,0.18404094175688418,9.99923080268529e-07,-1005.1363684181589,762.7328996073159,86047,success_index1,S_L,gradient_tolerance,,raw_state_verified,run.py:numpy-batch
SI-pHiSD,0.00012589254117941674,0.002,2000000,79,-0.6546875000000001,1.246875,completed,0.06601892903188113,0.184040941756858,9.99990792575527e-07,-1005.1363684190436,762.7328995952882,86064,success_index1,S_L,gradient_tolerance,,raw_state_verified,run.py:numpy-batch
SI-pHiSD,0.00012589254117941674,0.002,2000000,21,-0.5984375000000001,1.2093749999999999,completed,0.06601892916495022,0.18404094175083316,9.997733599467014e-07,-1005.1363683802502,762.7328997741572,86069,success_index1,S_L,gradient_tolerance,,raw_state_verified,run.py:numpy-batch
SI-pHiSD,0.00012589254117941674,0.002,2000000,45,-0.6734375,1.228125,completed,0.06601892902270104,0.18404094175650557,9.998325958048252e-07,-1005.1363684185952,762.7328995836222,86085,success_index1,S_L,gradient_tolerance,,raw_state_verified,run.py:numpy-batch
SI-pHiSD,0.00012589254117941674,0.002,2000000,90,-0.5515625000000001,1.246875,completed,0.06601892919769614,0.18404094174712454,9.99955972302218e-07,-1005.1363683616469,762.7328998201253,86086,success_index1,S_L,gradient_tolerance,,raw_state_verified,run.py:numpy-batch
SI-pHiSD,0.00012589254117941674,0.002,2000000,11,-0.6921875000000001,1.2093749999999999,completed,0.06601892901367733,0.18404094175638863,9.999418697964116e-07,-1005.1363684190876,762.7328995719535,86108,success_index1,S_L,gradient_tolerance,,raw_state_verified,run.py:numpy-batch
SI-pHiSD,0.00012589254117941674,0.002,2000000,316,-0.5328125000000001,1.378125,completed,0.06601892909524584,0.1840409417560327,9.999471086920083e-07,-1005.1363684088853,762.7328996786705,86123,success_index1,S_L,gradient_tolerance,,raw_state_verified,run.py:numpy-batch
SI-pHiSD,0.00012589254117941674,0.002,2000000,282,-0.5515625000000001,1.359375,completed,0.0660189290850014,0.1840409417562672,9.99834885806584e-07,-1005.1363684109386,762.7328996651011,86124,success_index1,S_L,gradient_tolerance,,raw_state_verified,run.py:numpy-batch
SI-pHiSD,0.00012589254117941674,0.002,2000000,248,-0.5703125,1.340625,completed,0.06601892907455821,0.1840409417566193,9.99902339141977e-07,-1005.1363684134922,762.7328996511694,86125,success_index1,S_L,gradient_tolerance,,raw_state_verified,run.py:numpy-batch
SI-pHiSD,0.00012589254117941674,0.002,2000000,350,-0.5140625000000001,1.3968749999999999,completed,0.06601892910558758,0.18404094175543903,9.998321573952688e-07,-1005.1363684053601,762.7328996926816,86126,success_index1,S_L,gradient_tolerance,,raw_state_verified,run.py:numpy-batch
SI-pHiSD,0.00012589254117941674,0.002,2000000,214,-0.5890625,1.321875,completed,0.0660189290642999,0.18404094175668204,9.998019995553954e-07,-1005.1363684148487,762.7328996377322,86130,success_index1,S_L,gradient_tolerance,,raw_state_verified,run.py:numpy-batch
SI-pHiSD,0.00012589254117941674,0.002,2000000,180,-0.6078125000000001,1.3031249999999999,completed,0.06601892905444881,0.18404094175688065,9.999026840112312e-07,-1005.1363684167142,762.7328996247073,86138,success_index1,S_L,gradient_tolerance,,raw_state_verified,run.py:numpy-batch
SI-pHiSD,0.00012589254117941674,0.002,2000000,146,-0.6265625,1.284375,completed,0.0660189290442766,0.18404094175687385,9.998976729692803e-07,-1005.1363684177778,762.732899611444,86147,success_index1,S_L,gradient_tolerance,,raw_state_verified,run.py:numpy-batch
SI-pHiSD,0.00012589254117941674,0.002,2000000,112,-0.6453125000000001,1.265625,completed,0.06601892903444032,0.18404094175673932,9.998542307450626e-07,-1005.1363684182866,762.7328995987305,86160,success_index1,S_L,gradient_tolerance,,raw_state_verified,run.py:numpy-batch
SI-pHiSD,0.00012589254117941674,0.002,2000000,78,-0.6640625,1.246875,completed,0.06601892902497855,0.18404094175674246,9.999984635346817e-07,-1005.1363684193143,762.7328995863854,86176,success_index1,S_L,gradient_tolerance,,raw_state_verified,run.py:numpy-batch
SI-pHiSD,0.00012589254117941674,0.002,2000000,56,-0.5703125,1.228125,completed,0.06601892919899077,0.18404094174699492,9.99995467625361e-07,-1005.1363683609803,762.7328998219283,86181,success_index1,S_L,gradient_tolerance,,raw_state_verified,run.py:numpy-batch
SI-pHiSD,0.00012589254117941674,0.002,2000000,322,-0.7765625,1.3968749999999999,completed,1.218857277792858,4.849179037740518,21807565335.36753,2055421329.8582945,193238498437.15897,86189,state_safeguard,U,state_safeguard,source_norm2_gt_5,raw_state_verified,run.py:numpy-batch
SI-pHiSD,0.00012589254117941674,0.002,2000000,159,-0.5046875000000001,1.284375,completed,0.06601892923762441,0.1840409417406745,9.997640248806473e-07,-1005.1363683311198,762.732899877866,86191,success_index1,S_L,gradient_tolerance,,raw_state_verified,run.py:numpy-batch
SI-pHiSD,0.00012589254117941674,0.002,2000000,44,-0.6828125,1.228125,completed,0.06601892901548442,0.18404094175626806,9.997872448187935e-07,-1005.1363684184031,762.7328995744163,86196,success_index1,S_L,gradient_tolerance,,raw_state_verified,run.py:numpy-batch
SI-pHiSD,0.00012589254117941674,0.002,2000000,10,-0.7015625000000001,1.2093749999999999,completed,0.06601892900664115,0.18404094175607705,9.998735386013096e-07,-1005.1363684185748,762.7328995630479,86220,success_index1,S_L,gradient_tolerance,,raw_state_verified,run.py:numpy-batch
SI-pHiSD,0.00012589254117941674,0.002,2000000,315,-0.5421875,1.378125,completed,0.06601892908907672,0.18404094175614424,9.998440209313281e-07,-1005.1363684100015,762.7328996705248,86241,success_index1,S_L,gradient_tolerance,,raw_state_verified,run.py:numpy-batch
SI-pHiSD,0.00012589254117941674,0.002,2000000,349,-0.5234375,1.3968749999999999,completed,0.06601892909944371,0.18404094175578675,9.998859976670027e-07,-1005.1363684074342,762.7328996843622,86241,success_index1,S_L,gradient_tolerance,,raw_state_verified,run.py:numpy-batch
SI-pHiSD,0.00012589254117941674,0.002,2000000,281,-0.5609375000000001,1.359375,completed,0.06601892907894764,0.18404094175643904,9.998355045184775e-07,-1005.1363684122878,762.7328996570533,86244,success_index1,S_L,gradient_tolerance,,raw_state_verified,run.py:numpy-batch
SI-pHiSD,0.00012589254117941674,0.002,2000000,383,-0.5046875000000001,1.415625,completed,0.06601892911006983,0.18404094175539956,9.99997235818949e-07,-1005.1363684047185,762.7328996985632,86244,success_index1,S_L,gradient_tolerance,,raw_state_verified,run.py:numpy-batch
SI-pHiSD,0.00012589254117941674,0.002,2000000,247,-0.5796875,1.340625,completed,0.06601892906838373,0.18404094175657285,9.997585237913784e-07,-1005.1363684139664,762.7328996431551,86247,success_index1,S_L,gradient_tolerance,,raw_state_verified,run.py:numpy-batch
SI-pHiSD,0.00012589254117941674,0.002,2000000,213,-0.5984375000000001,1.321875,completed,0.06601892905835857,0.18404094175673621,9.997961276961524e-07,-1005.1363684157067,762.7328996299345,86254,success_index1,S_L,gradient_tolerance,,raw_state_verified,run.py:numpy-batch
SI-pHiSD,0.00012589254117941674,0.002,2000000,179,-0.6171875,1.3031249999999999,completed,0.06601892904791233,0.18404094175674338,9.997733538799342e-07,-1005.1363684168567,762.7328996163014,86261,success_index1,S_L,gradient_tolerance,,raw_state_verified,run.py:numpy-batch
SI-pHiSD,0.00012589254117941674,0.002,2000000,145,-0.6359375,1.284375,completed,0.06601892903788839,0.18404094175686178,9.99927730803322e-07,-1005.1363684184145,762.7328996031212,86271,success_index1,S_L,gradient_tolerance,,raw_state_verified,run.py:numpy-batch
SI-pHiSD,0.00012589254117941674,0.002,2000000,125,-0.5234375,1.265625,completed,0.06601892923851367,0.18404094174052105,9.997670219263627e-07,-1005.1363683303995,762.7328998791609,86280,success_index1,S_L,gradient_tolerance,,raw_state_verified,run.py:numpy-batch
SI-pHiSD,0.00012589254117941674,0.002,2000000,111,-0.6546875000000001,1.265625,completed,0.06601892902817669,0.18404094175656935,9.997897714925996e-07,-1005.136368418267,762.7328995907089,86286,success_index1,S_L,gradient_tolerance,,raw_state_verified,run.py:numpy-batch
SI-pHiSD,0.00012589254117941674,0.002,2000000,22,-0.5890625,1.2093749999999999,completed,0.06601892920116177,0.18404094174650285,9.998337853489896e-07,-1005.1363683587456,762.7328998251912,86289,success_index1,S_L,gradient_tolerance,,raw_state_verified,run.py:numpy-batch
SI-pHiSD,0.00012589254117941674,0.002,2000000,77,-0.6734375,1.246875,completed,0.06601892901844877,0.18404094175657157,9.999839342797884e-07,-1005.13636841932,762.7328995780173,86301,success_index1,S_L,gradient_tolerance,,raw_state_verified,run.py:numpy-batch
SI-pHiSD,0.00012589254117941674,0.002,2000000,43,-0.6921875000000001,1.228125,completed,0.06601892900910442,0.18404094175627134,9.999690507441745e-07,-1005.1363684191012,762.7328995660907,86321,success_index1,S_L,gradient_tolerance,,raw_state_verified,run.py:numpy-batch
SI-pHiSD,0.00012589254117941674,0.002,2000000,9,-0.7109375,1.2093749999999999,completed,0.06601892899977684,0.18404094175571986,9.997947332934266e-07,-1005.1363684178583,762.7328995544068,86344,success_index1,S_L,gradient_tolerance,,raw_state_verified,run.py:numpy-batch
SI-pHiSD,0.00012589254117941674,0.002,2000000,382,-0.5140625000000001,1.415625,completed,0.06601892910381695,0.18404094175567362,9.99961378979468e-07,-1005.1363684065051,762.732899690166,86367,success_index1,S_L,gradient_tolerance,,raw_state_verified,run.py:numpy-batch
SI-pHiSD,0.00012589254117941674,0.002,2000000,348,-0.5328125000000001,1.3968749999999999,completed,0.0660189290936208,0.18404094175615338,9.99996655990999e-07,-1005.1363684095506,762.7328996764452,86368,success_index1,S_L,gradient_tolerance,,raw_state_verified,run.py:numpy-batch
SI-pHiSD,0.00012589254117941674,0.002,2000000,314,-0.5515625000000001,1.378125,completed,0.0660189290831845,0.1840409417562602,9.9978092070539e-07,-1005.136368411105,762.7328996627374,86371,success_index1,S_L,gradient_tolerance,,raw_state_verified,run.py:numpy-batch
SI-pHiSD,0.00012589254117941674,0.002,2000000,280,-0.5703125,1.359375,completed,0.06601892907278846,0.1840409417566557,9.999017203861852e-07,-1005.1363684138304,762.7328996488287,86374,success_index1,S_L,gradient_tolerance,,raw_state_verified,run.py:numpy-batch
SI-pHiSD,0.00012589254117941674,0.002,2000000,246,-0.5890625,1.340625,completed,0.0660189290627818,0.1840409417568922,9.999703657073633e-07,-1005.1363684158669,762.7328996355678,86381,success_index1,S_L,gradient_tolerance,,raw_state_verified,run.py:numpy-batch
SI-pHiSD,0.00012589254117941674,0.002,2000000,91,-0.5421875,1.246875,completed,0.06601892924068097,0.18404094174024926,9.998616263679855e-07,-1005.1363683290613,762.7328998822262,86382,success_index1,S_L,gradient_tolerance,,raw_state_verified,run.py:numpy-batch
SI-pHiSD,0.00012589254117941674,0.002,2000000,212,-0.6078125000000001,1.321875,completed,0.06601892905219175,0.1840409417567606,9.99790456239649e-07,-1005.1363684164678,762.7328996218683,86388,success_index1,S_L,gradient_tolerance,,raw_state_verified,run.py:numpy-batch
SI-pHiSD,0.00012589254117941674,0.002,2000000,178,-0.6265625,1.3031249999999999,completed,0.06601892904206329,0.1840409417567285,9.99779990467061e-07,-1005.1363684174241,762.7328996086844,86398,success_index1,S_L,gradient_tolerance,,raw_state_verified,run.py:numpy-batch
SI-pHiSD,0.00012589254117941674,0.002,2000000,144,-0.6453125000000001,1.284375,completed,0.0660189290320256,0.18404094175661156,9.997708558610738e-07,-1005.1363684180257,762.7328995956929,86410,success_index1,S_L,gradient_tolerance,,raw_state_verified,run.py:numpy-batch
SI-pHiSD,0.00012589254117941674,0.002,2000000,110,-0.6640625,1.265625,completed,0.06601892902209089,0.18404094175663652,9.999611875047303e-07,-1005.1363684191936,762.7328995827112,86423,success_index1,S_L,gradient_tolerance,,raw_state_verified,run.py:numpy-batch
SI-pHiSD,0.00012589254117941674,0.002,2000000,76,-0.6828125,1.246875,completed,0.06601892901249401,0.18404094175622865,9.998322362331024e-07,-1005.136368418564,762.7328995705496,86441,success_index1,S_L,gradient_tolerance,,raw_state_verified,run.py:numpy-batch
SI-pHiSD,0.00012589254117941674,0.002,2000000,42,-0.7015625000000001,1.228125,completed,0.06601892900286879,0.18404094175606608,9.999908901705583e-07,-1005.1363684189354,762.7328995581365,86459,success_index1,S_L,gradient_tolerance,,raw_state_verified,run.py:numpy-batch
SI-pHiSD,0.00012589254117941674,0.002,2000000,8,-0.7203125,1.2093749999999999,completed,0.0660189289936904,0.18404094175563127,9.99957326855951e-07,-1005.1363684181515,762.7328995465443,86482,success_index1,S_L,gradient_tolerance,,raw_state_verified,run.py:numpy-batch
SI-pHiSD,0.00012589254117941674,0.002,2000000,57,-0.5609375000000001,1.228125,completed,0.06601892924352813,0.18404094173974414,9.99869512794994e-07,-1005.1363683267004,762.7328998863833,86495,success_index1,S_L,gradient_tolerance,,raw_state_verified,run.py:numpy-batch
SI-pHiSD,0.00012589254117941674,0.002,2000000,415,-0.5046875000000001,1.434375,completed,0.06601892910806303,0.18404094175529823,9.998182182928258e-07,-1005.1363684045216,762.732899696034,86501,success_index1,S_L,gradient_tolerance,,raw_state_verified,run.py:numpy-batch
SI-pHiSD,0.00012589254117941674,0.002,2000000,381,-0.5234375,1.415625,completed,0.06601892909787262,0.18404094175583047,9.998652131642262e-07,-1005.1363684077809,762.7328996822741,86503,success_index1,S_L,gradient_tolerance,,raw_state_verified,run.py:numpy-batch
SI-pHiSD,0.00012589254117941674,0.002,2000000,347,-0.5421875,1.3968749999999999,completed,0.06601892908786333,0.18404094175619534,9.998525963009097e-07,-1005.1363684103396,762.7328996688974,86508,success_index1,S_L,gradient_tolerance,,raw_state_verified,run.py:numpy-batch
SI-pHiSD,0.00012589254117941674,0.002,2000000,313,-0.5609375000000001,1.378125,completed,0.06601892907736644,0.1840409417564868,9.998428290987176e-07,-1005.1363684126514,762.7328996549489,86512,success_index1,S_L,gradient_tolerance,,raw_state_verified,run.py:numpy-batch
SI-pHiSD,0.00012589254117941674,0.002,2000000,279,-0.5796875,1.359375,completed,0.06601892906700126,0.18404094175672014,9.998685923783986e-07,-1005.1363684147134,762.7328996412231,86518,success_index1,S_L,gradient_tolerance,,raw_state_verified,run.py:numpy-batch
SI-pHiSD,0.00012589254117941674,0.002,2000000,245,-0.5984375000000001,1.340625,completed,0.06601892905688292,0.18404094175679722,9.998406881030633e-07,-1005.1363684161129,762.7328996279562,86527,success_index1,S_L,gradient_tolerance,,raw_state_verified,run.py:numpy-batch
SI-pHiSD,0.00012589254117941674,0.002,2000000,211,-0.6171875,1.321875,completed,0.06601892904683165,0.18404094175692803,9.999378535063492e-07,-1005.1363684177239,762.7328996147296,86537,success_index1,S_L,gradient_tolerance,,raw_state_verified,run.py:numpy-batch
SI-pHiSD,0.00012589254117941674,0.002,2000000,177,-0.6359375,1.3031249999999999,completed,0.06601892903661868,0.18404094175665678,9.997583289720431e-07,-1005.1363684177168,762.7328996016447,86549,success_index1,S_L,gradient_tolerance,,raw_state_verified,run.py:numpy-batch
SI-pHiSD,0.00012589254117941674,0.002,2000000,143,-0.6546875000000001,1.284375,completed,0.06601892902667297,0.18404094175663555,9.99873436199622e-07,-1005.1363684186975,762.7328995886895,86562,success_index1,S_L,gradient_tolerance,,raw_state_verified,run.py:numpy-batch
SI-pHiSD,0.00012589254117941674,0.002,2000000,109,-0.6734375,1.265625,completed,0.06601892901660134,0.184040941756453,9.999232760135905e-07,-1005.1363684190362,762.7328995757114,86576,success_index1,S_L,gradient_tolerance,,raw_state_verified,run.py:numpy-batch
SI-pHiSD,0.00012589254117941674,0.002,2000000,75,-0.6921875000000001,1.246875,completed,0.06601892900673008,0.18404094175604582,9.998428666710504e-07,-1005.1363684184381,762.7328995631915,86593,success_index1,S_L,gradient_tolerance,,raw_state_verified,run.py:numpy-batch
SI-pHiSD,0.00012589254117941674,0.002,2000000,41,-0.7109375,1.228125,completed,0.0660189289972134,0.18404094175580568,9.999695566704188e-07,-1005.1363684184827,762.7328995509877,86612,success_index1,S_L,gradient_tolerance,,raw_state_verified,run.py:numpy-batch
SI-pHiSD,0.00012589254117941674,0.002,2000000,23,-0.5796875,1.2093749999999999,completed,0.06601892924768286,0.18404094173912497,9.999907320751342e-07,-1005.136368323736,762.7328998923457,86622,success_index1,S_L,gradient_tolerance,,raw_state_verified,run.py:numpy-batch
SI-pHiSD,0.00012589254117941674,0.002,2000000,7,-0.7296875,1.2093749999999999,completed,0.06601892898794871,0.1840409417552211,9.998447152850624e-07,-1005.1363684170985,762.7328995394142,86635,success_index1,S_L,gradient_tolerance,,raw_state_verified,run.py:numpy-batch
SI-pHiSD,0.00012589254117941674,0.002,2000000,414,-0.5140625000000001,1.434375,completed,0.06601892910219448,0.184040941755639,9.998651583140542e-07,-1005.136368406538,762.7328996880799,86645,success_index1,S_L,gradient_tolerance,,raw_state_verified,run.py:numpy-batch
SI-pHiSD,0.00012589254117941674,0.002,2000000,380,-0.5328125000000001,1.415625,completed,0.06601892909205394,0.18404094175620084,9.99986351135799e-07,-1005.1363684099122,762.7328996743594,86650,success_index1,S_L,gradient_tolerance,,raw_state_verified,run.py:numpy-batch
SI-pHiSD,0.00012589254117941674,0.002,2000000,346,-0.5515625000000001,1.3968749999999999,completed,0.06601892908185479,0.18404094175650815,9.999641701420229e-07,-1005.1363684122571,762.732899660785,86657,success_index1,S_L,gradient_tolerance,,raw_state_verified,run.py:numpy-batch
SI-pHiSD,0.00012589254117941674,0.002,2000000,312,-0.5703125,1.378125,completed,0.06601892907171983,0.18404094175665806,9.99885319467265e-07,-1005.1363684139545,762.7328996474328,86666,success_index1,S_L,gradient_tolerance,,raw_state_verified,run.py:numpy-batch
SI-pHiSD,0.00012589254117941674,0.002,2000000,356,-0.7578125,1.415625,completed,1.2188447767462973,4.849168516256155,21804465670.343266,2055137191.5236204,193210347236.10895,86669,state_safeguard,U,state_safeguard,source_norm2_gt_5,raw_state_verified,run.py:numpy-batch
SI-pHiSD,0.00012589254117941674,0.002,2000000,278,-0.5890625,1.359375,completed,0.06601892906144022,0.1840409417568158,9.998904312339705e-07,-1005.1363684156998,762.7328996338846,86675,success_index1,S_L,gradient_tolerance,,raw_state_verified,run.py:numpy-batch
SI-pHiSD,0.00012589254117941674,0.002,2000000,244,-0.6078125000000001,1.340625,completed,0.06601892905153602,0.1840409417568984,9.999105857919105e-07,-1005.1363684170987,762.7328996208925,86687,success_index1,S_L,gradient_tolerance,,raw_state_verified,run.py:numpy-batch
SI-pHiSD,0.00012589254117941674,0.002,2000000,210,-0.6265625,1.321875,completed,0.06601892904120046,0.18404094175686259,9.999035113815497e-07,-1005.1363684180623,762.7328996074413,86698,success_index1,S_L,gradient_tolerance,,raw_state_verified,run.py:numpy-batch
SI-pHiSD,0.00012589254117941674,0.002,2000000,176,-0.6453125000000001,1.3031249999999999,completed,0.06601892903114541,0.1840409417566233,9.997931260825338e-07,-1005.1363684181679,762.7328995945346,86712,success_index1,S_L,gradient_tolerance,,raw_state_verified,run.py:numpy-batch
SI-pHiSD,0.00012589254117941674,0.002,2000000,142,-0.6640625,1.284375,completed,0.06601892902123332,0.18404094175664795,9.999893410334156e-07,-1005.136368419332,762.7328995815825,86726,success_index1,S_L,gradient_tolerance,,raw_state_verified,run.py:numpy-batch
SI-pHiSD,0.00012589254117941674,0.002,2000000,126,-0.5140625000000001,1.265625,completed,0.06601892929606154,0.18404094172870947,9.998805411361468e-07,-1005.1363682761674,762.7328999645866,86737,success_index1,S_L,gradient_tolerance,,raw_state_verified,run.py:numpy-batch
SI-pHiSD,0.00012589254117941674,0.002,2000000,108,-0.6828125,1.265625,completed,0.06601892901131817,0.18404094175615487,9.998000044843114e-07,-1005.1363684183898,762.7328995690807,86743,success_index1,S_L,gradient_tolerance,,raw_state_verified,run.py:numpy-batch
SI-pHiSD,0.00012589254117941674,0.002,2000000,74,-0.7015625000000001,1.246875,completed,0.06601892900178707,0.18404094175598623,9.999582268838762e-07,-1005.1363684187262,762.7328995567958,86761,success_index1,S_L,gradient_tolerance,,raw_state_verified,run.py:numpy-batch
SI-pHiSD,0.00012589254117941674,0.002,2000000,40,-0.7203125,1.228125,completed,0.06601892899228515,0.18404094175556004,9.999536085959584e-07,-1005.1363684180124,762.7328995447739,86781,success_index1,S_L,gradient_tolerance,,raw_state_verified,run.py:numpy-batch
SI-pHiSD,0.00012589254117941674,0.002,2000000,447,-0.5046875000000001,1.453125,completed,0.06601892910671645,0.18404094175540212,9.998488743194991e-07,-1005.1363684050885,762.7328996941867,86795,success_index1,S_L,gradient_tolerance,,raw_state_verified,run.py:numpy-batch
SI-pHiSD,0.00012589254117941674,0.002,2000000,413,-0.5234375,1.434375,completed,0.06601892909641129,0.1840409417558522,9.998310918002786e-07,-1005.1363684080259,762.732899680349,86802,success_index1,S_L,gradient_tolerance,,raw_state_verified,run.py:numpy-batch
SI-pHiSD,0.00012589254117941674,0.002,2000000,6,-0.7390625000000001,1.2093749999999999,completed,0.06601892898284233,0.1840409417549273,9.998281807208264e-07,-1005.1363684164512,762.7328995330107,86803,success_index1,S_L,gradient_tolerance,,raw_state_verified,run.py:numpy-batch
SI-pHiSD,0.00012589254117941674,0.002,2000000,379,-0.5421875,1.415625,completed,0.06601892908624704,0.18404094175622301,9.998305503850351e-07,-1005.1363684106251,762.732899666765,86811,success_index1,S_L,gradient_tolerance,,raw_state_verified,run.py:numpy-batch
SI-pHiSD,0.00012589254117941674,0.002,2000000,345,-0.5609375000000001,1.3968749999999999,completed,0.06601892907622572,0.1840409417566887,9.99995832842373e-07,-1005.1363684135962,762.7328996532837,86821,success_index1,S_L,gradient_tolerance,,raw_state_verified,run.py:numpy-batch
SI-pHiSD,0.00012589254117941674,0.002,2000000,311,-0.5796875,1.378125,completed,0.06601892906615069,0.18404094175682661,9.999510040087322e-07,-1005.1363684152382,762.7328996400199,86833,success_index1,S_L,gradient_tolerance,,raw_state_verified,run.py:numpy-batch
SI-pHiSD,0.00012589254117941674,0.002,2000000,277,-0.5984375000000001,1.359375,completed,0.06601892905595967,0.18404094175674504,9.997899172271032e-07,-1005.1363684160003,762.7328996267973,86846,success_index1,S_L,gradient_tolerance,,raw_state_verified,run.py:numpy-batch
SI-pHiSD,0.00012589254117941674,0.002,2000000,457,-0.7109375,1.4718749999999998,completed,1.2188591529530135,4.849183900015731,21808523789.485687,2055509417.3290467,193247196251.2431,86853,state_safeguard,U,state_safeguard,source_norm2_gt_5,raw_state_verified,run.py:numpy-batch
SI-pHiSD,0.00012589254117941674,0.002,2000000,92,-0.5328125000000001,1.246875,completed,0.06601892929889737,0.1840409417279984,9.99857571445819e-07,-1005.1363682729698,762.7328999689095,86853,success_index1,S_L,gradient_tolerance,,raw_state_verified,run.py:numpy-batch
SI-pHiSD,0.00012589254117941674,0.002,2000000,243,-0.6171875,1.340625,completed,0.06601892904608954,0.18404094175687422,9.998921081317593e-07,-1005.1363684175849,762.7328996138089,86860,success_index1,S_L,gradient_tolerance,,raw_state_verified,run.py:numpy-batch
SI-pHiSD,0.00012589254117941674,0.002,2000000,209,-0.6359375,1.321875,completed,0.06601892903589501,0.1840409417567306,9.998307988062297e-07,-1005.1363684180942,762.7328996006362,86874,success_index1,S_L,gradient_tolerance,,raw_state_verified,run.py:numpy-batch
SI-pHiSD,0.00012589254117941674,0.002,2000000,175,-0.6546875000000001,1.3031249999999999,completed,0.06601892902594388,0.18404094175668836,9.999329875372964e-07,-1005.1363684189913,762.7328995876918,86889,success_index1,S_L,gradient_tolerance,,raw_state_verified,run.py:numpy-batch
SI-pHiSD,0.00012589254117941674,0.002,2000000,141,-0.6734375,1.284375,completed,0.06601892901613929,0.1840409417564286,9.999131618809602e-07,-1005.1363684189862,762.7328995751297,86906,success_index1,S_L,gradient_tolerance,,raw_state_verified,run.py:numpy-batch
SI-pHiSD,0.00012589254117941674,0.002,2000000,107,-0.6921875000000001,1.265625,completed,0.06601892900648336,0.18404094175615907,9.999515701969153e-07,-1005.1363684189256,762.7328995627703,86924,success_index1,S_L,gradient_tolerance,,raw_state_verified,run.py:numpy-batch
SI-pHiSD,0.00012589254117941674,0.002,2000000,73,-0.7109375,1.246875,completed,0.06601892899671485,0.18404094175559688,9.998031815711481e-07,-1005.1363684176872,762.73289955052,86943,success_index1,S_L,gradient_tolerance,,raw_state_verified,run.py:numpy-batch
SI-pHiSD,0.00012589254117941674,0.002,2000000,446,-0.5140625000000001,1.453125,completed,0.06601892910062165,0.18404094175569646,9.998528422706698e-07,-1005.1363684069403,762.7328996859779,86959,success_index1,S_L,gradient_tolerance,,raw_state_verified,run.py:numpy-batch
SI-pHiSD,0.00012589254117941674,0.002,2000000,39,-0.7296875,1.228125,completed,0.06601892898723304,0.18404094175518937,9.998496778437022e-07,-1005.1363684170465,762.7328995385085,86963,success_index1,S_L,gradient_tolerance,,raw_state_verified,run.py:numpy-batch
SI-pHiSD,0.00012589254117941674,0.002,2000000,412,-0.5328125000000001,1.434375,completed,0.06601892909070359,0.18404094175608054,9.998384648030814e-07,-1005.1363684095674,762.7328996727035,86972,success_index1,S_L,gradient_tolerance,,raw_state_verified,run.py:numpy-batch
SI-pHiSD,0.00012589254117941674,0.002,2000000,58,-0.5515625000000001,1.228125,completed,0.06601892930263795,0.18404094172716476,9.99922253158053e-07,-1005.1363682691771,762.7328999745197,86980,success_index1,S_L,gradient_tolerance,,raw_state_verified,run.py:numpy-batch
SI-pHiSD,0.00012589254117941674,0.002,2000000,5,-0.7484375000000001,1.2093749999999999,completed,0.06601892897805815,0.18404094175476535,9.999314268239191e-07,-1005.1363684163061,762.7328995269115,86985,success_index1,S_L,gradient_tolerance,,raw_state_verified,run.py:numpy-batch
SI-pHiSD,0.00012589254117941674,0.002,2000000,378,-0.5515625000000001,1.415625,completed,0.06601892908055634,0.18404094175635596,9.997999298340776e-07,-1005.136368411777,762.7328996592249,86985,success_index1,S_L,gradient_tolerance,,raw_state_verified,run.py:numpy-batch
SI-pHiSD,0.00012589254117941674,0.002,2000000,344,-0.5703125,1.3968749999999999,completed,0.06601892907057731,0.18404094175669639,9.99900151962004e-07,-1005.1363684142333,762.7328996459087,86999,success_index1,S_L,gradient_tolerance,,raw_state_verified,run.py:numpy-batch
SI-pHiSD,0.00012589254117941674,0.002,2000000,310,-0.5890625,1.378125,completed,0.06601892906090726,0.18404094175681796,9.998876254963387e-07,-1005.1363684157658,762.7328996331878,87016,success_index1,S_L,gradient_tolerance,,raw_state_verified,run.py:numpy-batch
SI-pHiSD,0.00012589254117941674,0.002,2000000,276,-0.6078125000000001,1.359375,completed,0.06601892905060171,0.18404094175672642,9.997580005359684e-07,-1005.1363684164993,762.7328996198245,87031,success_index1,S_L,gradient_tolerance,,raw_state_verified,run.py:numpy-batch
SI-pHiSD,0.00012589254117941674,0.002,2000000,242,-0.6265625,1.340625,completed,0.06601892904091583,0.18404094175688754,9.999273201374946e-07,-1005.136368418194,762.7328996070484,87048,success_index1,S_L,gradient_tolerance,,raw_state_verified,run.py:numpy-batch
SI-pHiSD,0.00012589254117941674,0.002,2000000,208,-0.6453125000000001,1.321875,completed,0.06601892903083866,0.18404094175663188,9.998049838268557e-07,-1005.1363684182359,762.7328995941266,87065,success_index1,S_L,gradient_tolerance,,raw_state_verified,run.py:numpy-batch
SI-pHiSD,0.00012589254117941674,0.002,2000000,174,-0.6640625,1.3031249999999999,completed,0.06601892902119753,0.18404094175660762,9.999543455589831e-07,-1005.1363684191716,762.7328995815711,87083,success_index1,S_L,gradient_tolerance,,raw_state_verified,run.py:numpy-batch
SI-pHiSD,0.00012589254117941674,0.002,2000000,140,-0.6828125,1.284375,completed,0.06601892901131136,0.18404094175628602,9.9991673857587e-07,-1005.1363684189246,762.7328995689567,87101,success_index1,S_L,gradient_tolerance,,raw_state_verified,run.py:numpy-batch
SI-pHiSD,0.00012589254117941674,0.002,2000000,24,-0.5703125,1.2093749999999999,completed,0.06601892930717188,0.18404094172601412,9.999051130162069e-07,-1005.1363682640091,762.7328999814429,87119,success_index1,S_L,gradient_tolerance,,raw_state_verified,run.py:numpy-batch
SI-pHiSD,0.00012589254117941674,0.002,2000000,106,-0.7015625000000001,1.265625,completed,0.0660189290016856,0.1840409417559921,9.99967128453642e-07,-1005.1363684187614,762.7328995566576,87120,success_index1,S_L,gradient_tolerance,,raw_state_verified,run.py:numpy-batch
SI-pHiSD,0.00012589254117941674,0.002,2000000,479,-0.5046875000000001,1.4718749999999998,completed,0.06601892910473921,0.18404094175545987,9.998142520537883e-07,-1005.1363684055359,762.7328996915567,87122,success_index1,S_L,gradient_tolerance,,raw_state_verified,run.py:numpy-batch
SI-pHiSD,0.00012589254117941674,0.002,2000000,445,-0.5234375,1.453125,completed,0.06601892909490668,0.18404094175603067,9.999335918904992e-07,-1005.1363684089135,762.7328996782298,87138,success_index1,S_L,gradient_tolerance,,raw_state_verified,run.py:numpy-batch
SI-pHiSD,0.00012589254117941674,0.002,2000000,72,-0.7203125,1.246875,completed,0.0660189289921521,0.1840409417555403,9.999416882052422e-07,-1005.1363684179462,762.7328995446177,87140,success_index1,S_L,gradient_tolerance,,raw_state_verified,run.py:numpy-batch
SI-pHiSD,0.00012589254117941674,0.002,2000000,411,-0.5421875,1.434375,completed,0.06601892908513628,0.18404094175637337,9.99931212125542e-07,-1005.1363684113567,762.7328996651837,87156,success_index1,S_L,gradient_tolerance,,raw_state_verified,run.py:numpy-batch
SI-pHiSD,0.00012589254117941674,0.002,2000000,38,-0.7390625000000001,1.228125,completed,0.06601892898272703,0.18404094175495828,9.99861635387425e-07,-1005.1363684165897,762.7328995328331,87161,success_index1,S_L,gradient_tolerance,,raw_state_verified,run.py:numpy-batch
SI-pHiSD,0.00012589254117941674,0.002,2000000,377,-0.5609375000000001,1.415625,completed,0.06601892907499861,0.1840409417566072,9.999001909017568e-07,-1005.1363684133958,762.7328996517545,87173,success_index1,S_L,gradient_tolerance,,raw_state_verified,run.py:numpy-batch
SI-pHiSD,0.00012589254117941674,0.002,2000000,4,-0.7578125,1.2093749999999999,completed,0.0660189289734985,0.18404094175435753,9.99818783068389e-07,-1005.1363684151362,762.7328995213211,87183,success_index1,S_L,gradient_tolerance,,raw_state_verified,run.py:numpy-batch
SI-pHiSD,0.00012589254117941674,0.002,2000000,343,-0.5796875,1.3968749999999999,completed,0.06601892906537461,0.1840409417567972,9.999156112708044e-07,-1005.1363684152019,762.7328996390333,87193,success_index1,S_L,gradient_tolerance,,raw_state_verified,run.py:numpy-batch
SI-pHiSD,0.00012589254117941674,0.002,2000000,309,-0.5984375000000001,1.378125,completed,0.06601892905528568,0.18404094175691155,9.999332976126686e-07,-1005.1363684167494,762.7328996257725,87211,success_index1,S_L,gradient_tolerance,,raw_state_verified,run.py:numpy-batch
SI-pHiSD,0.00012589254117941674,0.002,2000000,275,-0.6171875,1.359375,completed,0.06601892904574776,0.18404094175675123,9.99784589301714e-07,-1005.1363684171212,762.7328996134709,87233,success_index1,S_L,gradient_tolerance,,raw_state_verified,run.py:numpy-batch
SI-pHiSD,0.00012589254117941674,0.002,2000000,241,-0.6359375,1.340625,completed,0.06601892903598511,0.18404094175690985,9.999882565236744e-07,-1005.1363684188141,762.7328996005967,87252,success_index1,S_L,gradient_tolerance,,raw_state_verified,run.py:numpy-batch
SI-pHiSD,0.00012589254117941674,0.002,2000000,207,-0.6546875000000001,1.321875,completed,0.06601892902601615,0.1840409417565581,9.99816300342311e-07,-1005.1363684184533,762.7328995879005,87272,success_index1,S_L,gradient_tolerance,,raw_state_verified,run.py:numpy-batch
SI-pHiSD,0.00012589254117941674,0.002,2000000,173,-0.6734375,1.3031249999999999,completed,0.06601892901651185,0.1840409417563802,9.998608741976324e-07,-1005.1363684187493,762.7328995756582,87293,success_index1,S_L,gradient_tolerance,,raw_state_verified,run.py:numpy-batch
SI-pHiSD,0.00012589254117941674,0.002,2000000,478,-0.5140625000000001,1.4718749999999998,completed,0.06601892909876007,0.18404094175582608,9.998944123940963e-07,-1005.1363684076674,762.7328996834359,87309,success_index1,S_L,gradient_tolerance,,raw_state_verified,run.py:numpy-batch
SI-pHiSD,0.00012589254117941674,0.002,2000000,139,-0.6921875000000001,1.284375,completed,0.06601892900681221,0.18404094175607932,9.998700384241294e-07,-1005.1363684185663,762.7328995632687,87313,success_index1,S_L,gradient_tolerance,,raw_state_verified,run.py:numpy-batch
SI-pHiSD,0.00012589254117941674,0.002,2000000,444,-0.5328125000000001,1.453125,completed,0.06601892908905845,0.18404094175608346,9.997904407850358e-07,-1005.1363684097561,762.7328996705544,87332,success_index1,S_L,gradient_tolerance,,raw_state_verified,run.py:numpy-batch
SI-pHiSD,0.00012589254117941674,0.002,2000000,105,-0.7109375,1.265625,completed,0.06601892899732843,0.18404094175566094,9.99836079053405e-07,-1005.1363684178809,762.7328995512646,87334,success_index1,S_L,gradient_tolerance,,raw_state_verified,run.py:numpy-batch
SI-pHiSD,0.00012589254117941674,0.002,2000000,410,-0.5515625000000001,1.434375,completed,0.06601892907929957,0.18404094175651792,9.999124124835725e-07,-1005.1363684125712,762.7328996574431,87354,success_index1,S_L,gradient_tolerance,,raw_state_verified,run.py:numpy-batch
SI-pHiSD,0.00012589254117941674,0.002,2000000,71,-0.7296875,1.246875,completed,0.06601892898790222,0.18404094175516372,9.997956083250638e-07,-1005.1363684168705,762.7328995394035,87355,success_index1,S_L,gradient_tolerance,,raw_state_verified,run.py:numpy-batch
SI-pHiSD,0.00012589254117941674,0.002,2000000,37,-0.7484375000000001,1.228125,completed,0.06601892897861976,0.18404094175468896,9.998331120361065e-07,-1005.1363684159351,762.7328995277109,87376,success_index1,S_L,gradient_tolerance,,raw_state_verified,run.py:numpy-batch
SI-pHiSD,0.00012589254117941674,0.002,2000000,376,-0.5703125,1.415625,completed,0.06601892906947564,0.1840409417566924,9.998794791330472e-07,-1005.1363684143353,762.7328996444749,87377,success_index1,S_L,gradient_tolerance,,raw_state_verified,run.py:numpy-batch
SI-pHiSD,0.00012589254117941674,0.002,2000000,390,-0.7390625000000001,1.434375,completed,1.2188498927653086,4.8491740012832,21805911303.249466,2055269791.200144,193223474005.78876,87386,state_safeguard,U,state_safeguard,source_norm2_gt_5,raw_state_verified,run.py:numpy-batch
SI-pHiSD,0.00012589254117941674,0.002,2000000,3,-0.7671875,1.2093749999999999,completed,0.06601892896949803,0.1840409417540492,9.997766990332046e-07,-1005.1363684143104,762.7328995163732,87398,success_index1,S_L,gradient_tolerance,,raw_state_verified,run.py:numpy-batch
SI-pHiSD,0.00012589254117941674,0.002,2000000,342,-0.5890625,1.3968749999999999,completed,0.06601892905989752,0.18404094175687866,9.99932619962485e-07,-1005.1363684161208,762.7328996318174,87401,success_index1,S_L,gradient_tolerance,,raw_state_verified,run.py:numpy-batch
SI-pHiSD,0.00012589254117941674,0.002,2000000,308,-0.6078125000000001,1.378125,completed,0.06601892905027568,0.18404094175694524,9.999505113714874e-07,-1005.1363684174243,762.7328996192074,87425,success_index1,S_L,gradient_tolerance,,raw_state_verified,run.py:numpy-batch
SI-pHiSD,0.00012589254117941674,0.002,2000000,274,-0.6265625,1.359375,completed,0.06601892904050172,0.18404094175673896,9.997988941941765e-07,-1005.1363684176338,762.7328996066384,87449,success_index1,S_L,gradient_tolerance,,raw_state_verified,run.py:numpy-batch
SI-pHiSD,0.00012589254117941674,0.002,2000000,240,-0.6453125000000001,1.340625,completed,0.0660189290311255,0.1840409417568007,9.999503613755316e-07,-1005.1363684188914,762.732899594353,87473,success_index1,S_L,gradient_tolerance,,raw_state_verified,run.py:numpy-batch
SI-pHiSD,0.00012589254117941674,0.002,2000000,511,-0.5046875000000001,1.4906249999999999,completed,0.06601892910255114,0.18404094175576885,9.99992322715911e-07,-1005.1363684070277,762.7328996884318,87484,success_index1,S_L,gradient_tolerance,,raw_state_verified,run.py:numpy-batch
SI-pHiSD,0.00012589254117941674,0.002,2000000,206,-0.6640625,1.321875,completed,0.06601892902170166,0.18404094175663313,9.99966283102268e-07,-1005.1363684192214,762.7328995822062,87497,success_index1,S_L,gradient_tolerance,,raw_state_verified,run.py:numpy-batch
SI-pHiSD,0.00012589254117941674,0.002,2000000,127,-0.5046875000000001,1.265625,completed,0.0660189293778883,0.18404094170511004,9.998029920353803e-07,-1005.1363681713694,762.7329000920189,87507,success_index1,S_L,gradient_tolerance,,raw_state_verified,run.py:numpy-batch
SI-pHiSD,0.00012589254117941674,0.002,2000000,477,-0.5234375,1.4718749999999998,completed,0.06601892909295459,0.18404094175595484,9.998014822336886e-07,-1005.1363684088144,762.7328996757499,87513,success_index1,S_L,gradient_tolerance,,raw_state_verified,run.py:numpy-batch
SI-pHiSD,0.00012589254117941674,0.002,2000000,172,-0.6828125,1.3031249999999999,completed,0.06601892901210007,0.18404094175627772,9.998868977957713e-07,-1005.1363684188057,762.7328995699929,87520,success_index1,S_L,gradient_tolerance,,raw_state_verified,run.py:numpy-batch
SI-pHiSD,0.00012589254117941674,0.002,2000000,138,-0.7015625000000001,1.284375,completed,0.06601892900256616,0.18404094175597718,9.999224065127077e-07,-1005.136368418606,762.7328995578197,87542,success_index1,S_L,gradient_tolerance,,raw_state_verified,run.py:numpy-batch
SI-pHiSD,0.00012589254117941674,0.002,2000000,443,-0.5421875,1.453125,completed,0.06601892908342405,0.18404094175622643,9.99757615895399e-07,-1005.1363684109424,762.732899663079,87542,success_index1,S_L,gradient_tolerance,,raw_state_verified,run.py:numpy-batch
SI-pHiSD,0.00012589254117941674,0.002,2000000,104,-0.7203125,1.265625,completed,0.06601892899321657,0.18404094175541763,9.997867703036546e-07,-1005.136368417333,762.7328995461139,87565,success_index1,S_L,gradient_tolerance,,raw_state_verified,run.py:numpy-batch
SI-pHiSD,0.00012589254117941674,0.002,2000000,409,-0.5609375000000001,1.434375,completed,0.06601892907357633,0.1840409417565473,9.99820976453685e-07,-1005.1363684133053,762.7328996499515,87569,success_index1,S_L,gradient_tolerance,,raw_state_verified,run.py:numpy-batch
SI-pHiSD,0.00012589254117941674,0.002,2000000,70,-0.7390625000000001,1.246875,completed,0.06601892898424182,0.1840409417550148,9.998370002341986e-07,-1005.1363684166571,762.7328995347594,87588,success_index1,S_L,gradient_tolerance,,raw_state_verified,run.py:numpy-batch
SI-pHiSD,0.00012589254117941674,0.002,2000000,375,-0.5796875,1.415625,completed,0.0660189290640203,0.1840409417566965,9.998115904162284e-07,-1005.1363684149371,762.732899637355,87598,success_index1,S_L,gradient_tolerance,,raw_state_verified,run.py:numpy-batch
SI-pHiSD,0.00012589254117941674,0.002,2000000,93,-0.5234375,1.246875,completed,0.06601892937845862,0.18404094170496132,9.998368210531621e-07,-1005.1363681707033,762.7329000928935,87607,success_index1,S_L,gradient_tolerance,,raw_state_verified,run.py:numpy-batch
SI-pHiSD,0.00012589254117941674,0.002,2000000,36,-0.7578125,1.228125,completed,0.0660189289748609,0.18404094175456395,9.999265111299315e-07,-1005.1363684158298,762.7328995229174,87608,success_index1,S_L,gradient_tolerance,,raw_state_verified,run.py:numpy-batch
SI-pHiSD,0.00012589254117941674,0.002,2000000,341,-0.5984375000000001,1.3968749999999999,completed,0.06601892905453495,0.1840409417568019,9.99833704774427e-07,-1005.1363684163844,762.7328996248891,87627,success_index1,S_L,gradient_tolerance,,raw_state_verified,run.py:numpy-batch
SI-pHiSD,0.00012589254117941674,0.002,2000000,2,-0.7765625,1.2093749999999999,completed,0.06601892896596132,0.184040941753969,9.999216669758213e-07,-1005.1363684143639,762.7328995118296,87630,success_index1,S_L,gradient_tolerance,,raw_state_verified,run.py:numpy-batch
SI-pHiSD,0.00012589254117941674,0.002,2000000,307,-0.6171875,1.378125,completed,0.06601892904517437,0.1840409417568716,9.998925056306541e-07,-1005.1363684176722,762.7328996126171,87656,success_index1,S_L,gradient_tolerance,,raw_state_verified,run.py:numpy-batch
SI-pHiSD,0.00012589254117941674,0.002,2000000,273,-0.6359375,1.359375,completed,0.06601892903588695,0.18404094175681257,9.999032947494902e-07,-1005.1363684184288,762.7328996005541,87685,success_index1,S_L,gradient_tolerance,,raw_state_verified,run.py:numpy-batch
SI-pHiSD,0.00012589254117941674,0.002,2000000,510,-0.5140625000000001,1.4906249999999999,completed,0.06601892909684184,0.1840409417560021,9.999770100262362e-07,-1005.1363684085895,762.7328996807792,87698,success_index1,S_L,gradient_tolerance,,raw_state_verified,run.py:numpy-batch
SI-pHiSD,0.00012589254117941674,0.002,2000000,239,-0.6546875000000001,1.340625,completed,0.06601892902622143,0.184040941756517,9.997762753067629e-07,-1005.1363684182634,762.7328995882045,87712,success_index1,S_L,gradient_tolerance,,raw_state_verified,run.py:numpy-batch
SI-pHiSD,0.00012589254117941674,0.002,2000000,59,-0.5421875,1.228125,completed,0.06601892937958587,0.18404094170470703,9.999350812677669e-07,-1005.1363681695475,762.7329000945871,87715,success_index1,S_L,gradient_tolerance,,raw_state_verified,run.py:numpy-batch
SI-pHiSD,0.00012589254117941674,0.002,2000000,476,-0.5328125000000001,1.4718749999999998,completed,0.06601892908710162,0.18404094175626054,9.998874543823631e-07,-1005.136368410686,762.7328996678467,87732,success_index1,S_L,gradient_tolerance,,raw_state_verified,run.py:numpy-batch
SI-pHiSD,0.00012589254117941674,0.002,2000000,205,-0.6734375,1.321875,completed,0.06601892901712504,0.18404094175633062,9.998017862465752e-07,-1005.1363684184818,762.7328995765015,87740,success_index1,S_L,gradient_tolerance,,raw_state_verified,run.py:numpy-batch
SI-pHiSD,0.00012589254117941674,0.002,2000000,171,-0.6921875000000001,1.3031249999999999,completed,0.06601892900770556,0.1840409417561101,9.998689539102924e-07,-1005.1363684185956,762.7328995644073,87765,success_index1,S_L,gradient_tolerance,,raw_state_verified,run.py:numpy-batch
SI-pHiSD,0.00012589254117941674,0.002,2000000,442,-0.5515625000000001,1.453125,completed,0.0660189290775157,0.18404094175643332,9.99799200090637e-07,-1005.1363684124183,762.7328996551902,87767,success_index1,S_L,gradient_tolerance,,raw_state_verified,run.py:numpy-batch
SI-pHiSD,0.00012589254117941674,0.002,2000000,137,-0.7109375,1.284375,completed,0.06601892899860483,0.18404094175588684,9.999878484798803e-07,-1005.1363684186636,762.7328995527313,87790,success_index1,S_L,gradient_tolerance,,raw_state_verified,run.py:numpy-batch
SI-pHiSD,0.00012589254117941674,0.002,2000000,408,-0.5703125,1.434375,completed,0.06601892906804278,0.18404094175661959,9.997946934088917e-07,-1005.1363684141926,762.7328996426698,87802,success_index1,S_L,gradient_tolerance,,raw_state_verified,run.py:numpy-batch
SI-pHiSD,0.00012589254117941674,0.002,2000000,103,-0.7296875,1.265625,completed,0.06601892898954528,0.18404094175534177,9.998795156596528e-07,-1005.1363684174182,762.732899541391,87815,success_index1,S_L,gradient_tolerance,,raw_state_verified,run.py:numpy-batch
SI-pHiSD,0.00012589254117941674,0.002,2000000,25,-0.5609375000000001,1.2093749999999999,completed,0.06601892938089057,0.18404094170413812,9.9983951241091e-07,-1005.1363681670931,762.7329000967876,87831,success_index1,S_L,gradient_tolerance,,raw_state_verified,run.py:numpy-batch
SI-pHiSD,0.00012589254117941674,0.002,2000000,374,-0.5890625,1.415625,completed,0.0660189290587232,0.18404094175680824,9.99861981212073e-07,-1005.1363684159605,762.7328996303471,87837,success_index1,S_L,gradient_tolerance,,raw_state_verified,run.py:numpy-batch
SI-pHiSD,0.00012589254117941674,0.002,2000000,69,-0.7484375000000001,1.246875,completed,0.06601892898054805,0.18404094175491487,9.999338421989353e-07,-1005.1363684166466,762.7328995300289,87838,success_index1,S_L,gradient_tolerance,,raw_state_verified,run.py:numpy-batch
SI-pHiSD,0.00012589254117941674,0.002,2000000,35,-0.7671875,1.228125,completed,0.06601892897148401,0.18404094175424804,9.998371676895915e-07,-1005.1363684149069,762.7328995187892,87860,success_index1,S_L,gradient_tolerance,,raw_state_verified,run.py:numpy-batch
SI-pHiSD,0.00012589254117941674,0.002,2000000,340,-0.6078125000000001,1.3968749999999999,completed,0.06601892904960178,0.18404094175699556,9.999946358675941e-07,-1005.1363684177012,762.732899618284,87872,success_index1,S_L,gradient_tolerance,,raw_state_verified,run.py:numpy-batch
SI-pHiSD,0.00012589254117941674,0.002,2000000,1,-0.7859375000000001,1.2093749999999999,completed,0.06601892896267729,0.1840409417537096,9.99898786927252e-07,-1005.1363684136611,762.7328995077733,87881,success_index1,S_L,gradient_tolerance,,raw_state_verified,run.py:numpy-batch
SI-pHiSD,0.00012589254117941674,0.002,2000000,306,-0.6265625,1.378125,completed,0.06601892904027164,0.1840409417567015,9.997674048559711e-07,-1005.1363684175067,762.7328996063706,87907,success_index1,S_L,gradient_tolerance,,raw_state_verified,run.py:numpy-batch
SI-pHiSD,0.00012589254117941674,0.002,2000000,509,-0.5234375,1.4906249999999999,completed,0.0660189290906468,0.1840409417561224,9.998731802797628e-07,-1005.1363684097439,762.7328996725925,87927,success_index1,S_L,gradient_tolerance,,raw_state_verified,run.py:numpy-batch
SI-pHiSD,0.00012589254117941674,0.002,2000000,272,-0.6453125000000001,1.359375,completed,0.06601892903088522,0.1840409417566486,9.998191372695704e-07,-1005.1363684182987,762.7328995941726,87939,success_index1,S_L,gradient_tolerance,,raw_state_verified,run.py:numpy-batch
SI-pHiSD,0.00012589254117941674,0.002,2000000,475,-0.5421875,1.4718749999999998,completed,0.06601892908143252,0.18404094175648159,9.99930658459541e-07,-1005.1363684121942,762.7328996602575,87970,success_index1,S_L,gradient_tolerance,,raw_state_verified,run.py:numpy-batch
SI-pHiSD,0.00012589254117941674,0.002,2000000,238,-0.6640625,1.340625,completed,0.06601892902186052,0.18404094175661437,9.999463397330679e-07,-1005.1363684191281,762.7328995824302,87971,success_index1,S_L,gradient_tolerance,,raw_state_verified,run.py:numpy-batch
SI-pHiSD,0.00012589254117941674,0.002,2000000,204,-0.6828125,1.321875,completed,0.0660189290128743,0.18404094175621058,9.998056556036757e-07,-1005.1363684184488,762.7328995710623,88003,success_index1,S_L,gradient_tolerance,,raw_state_verified,run.py:numpy-batch
SI-pHiSD,0.00012589254117941674,0.002,2000000,441,-0.5609375000000001,1.453125,completed,0.06601892907202649,0.18404094175672736,9.999512508701706e-07,-1005.1363684142037,762.732899647772,88012,success_index1,S_L,gradient_tolerance,,raw_state_verified,run.py:numpy-batch
SI-pHiSD,0.00012589254117941674,0.002,2000000,170,-0.7015625000000001,1.3031249999999999,completed,0.06601892900380246,0.18404094175589314,9.998044913232759e-07,-1005.1363684181315,762.732899559506,88032,success_index1,S_L,gradient_tolerance,,raw_state_verified,run.py:numpy-batch
SI-pHiSD,0.00012589254117941674,0.002,2000000,407,-0.5796875,1.434375,completed,0.06601892906263655,0.1840409417568056,9.998928843438805e-07,-1005.1363684155301,762.7328996354541,88054,success_index1,S_L,gradient_tolerance,,raw_state_verified,run.py:numpy-batch
SI-pHiSD,0.00012589254117941674,0.002,2000000,136,-0.7203125,1.284375,completed,0.06601892899489849,0.18404094175570357,9.999716606947632e-07,-1005.136368418316,762.7328995480569,88059,success_index1,S_L,gradient_tolerance,,raw_state_verified,run.py:numpy-batch
SI-pHiSD,0.00012589254117941674,0.002,2000000,102,-0.7390625000000001,1.265625,completed,0.06601892898595237,0.18404094175517305,9.998955770340366e-07,-1005.1363684171174,762.7328995368523,88085,success_index1,S_L,gradient_tolerance,,raw_state_verified,run.py:numpy-batch
SI-pHiSD,0.00012589254117941674,0.002,2000000,373,-0.5984375000000001,1.415625,completed,0.06601892905345072,0.1840409417568444,9.998674326697178e-07,-1005.1363684166735,762.7328996234373,88096,success_index1,S_L,gradient_tolerance,,raw_state_verified,run.py:numpy-batch
SI-pHiSD,0.00012589254117941674,0.002,2000000,68,-0.7578125,1.246875,completed,0.0660189289773298,0.1840409417546844,9.998982712178644e-07,-1005.1363684160547,762.7328995260326,88110,success_index1,S_L,gradient_tolerance,,raw_state_verified,run.py:numpy-batch
SI-pHiSD,0.00012589254117941674,0.002,2000000,34,-0.7765625,1.228125,completed,0.0660189289683798,0.18404094175395266,9.997577558203028e-07,-1005.1363684140382,762.7328995149988,88132,success_index1,S_L,gradient_tolerance,,raw_state_verified,run.py:numpy-batch
SI-pHiSD,0.00012589254117941674,0.002,2000000,339,-0.6171875,1.3968749999999999,completed,0.06601892904441431,0.18404094175671995,9.99761389109316e-07,-1005.1363684171369,762.7328996117587,88138,success_index1,S_L,gradient_tolerance,,raw_state_verified,run.py:numpy-batch
SI-pHiSD,0.00012589254117941674,0.002,2000000,0,-0.7953125000000001,1.2093749999999999,completed,0.06601892895977082,0.18404094175350677,9.999090672525576e-07,-1005.1363684131479,762.7328995041594,88152,success_index1,S_L,gradient_tolerance,,raw_state_verified,run.py:numpy-batch
SI-pHiSD,0.00012589254117941674,0.002,2000000,508,-0.5328125000000001,1.4906249999999999,completed,0.06601892908475604,0.1840409417562583,9.998205038557835e-07,-1005.1363684109289,762.7328996647888,88176,success_index1,S_L,gradient_tolerance,,raw_state_verified,run.py:numpy-batch
SI-pHiSD,0.00012589254117941674,0.002,2000000,305,-0.6359375,1.378125,completed,0.06601892903529645,0.18404094175674848,9.99852849040382e-07,-1005.1363684182318,762.7328995998395,88177,success_index1,S_L,gradient_tolerance,,raw_state_verified,run.py:numpy-batch
SI-pHiSD,0.00012589254117941674,0.002,2000000,491,-0.6921875000000001,1.4906249999999999,completed,1.2188470643537244,4.849173943290388,21805558945.82463,2055237653.1758652,193220269013.4118,88200,state_safeguard,U,state_safeguard,source_norm2_gt_5,raw_state_verified,run.py:numpy-batch
SI-pHiSD,0.00012589254117941674,0.002,2000000,271,-0.6546875000000001,1.359375,completed,0.06601892902658872,0.18404094175656063,9.99808566865549e-07,-1005.1363684184022,762.7328995886451,88217,success_index1,S_L,gradient_tolerance,,raw_state_verified,run.py:numpy-batch
SI-pHiSD,0.00012589254117941674,0.002,2000000,474,-0.5515625000000001,1.4718749999999998,completed,0.06601892907544432,0.1840409417566521,9.99948183390067e-07,-1005.1363684135304,762.7328996522966,88226,success_index1,S_L,gradient_tolerance,,raw_state_verified,run.py:numpy-batch
SI-pHiSD,0.00012589254117941674,0.002,2000000,237,-0.6734375,1.340625,completed,0.06601892901763713,0.18404094175644656,9.99892279075167e-07,-1005.1363684188982,762.7328995770681,88253,success_index1,S_L,gradient_tolerance,,raw_state_verified,run.py:numpy-batch
SI-pHiSD,0.00012589254117941674,0.002,2000000,440,-0.5703125,1.453125,completed,0.06601892906641908,0.18404094175673705,9.99875855075336e-07,-1005.1363684148452,762.7328996404486,88278,success_index1,S_L,gradient_tolerance,,raw_state_verified,run.py:numpy-batch
SI-pHiSD,0.00012589254117941674,0.002,2000000,203,-0.6921875000000001,1.321875,completed,0.06601892900875127,0.18404094175626917,9.999778976367366e-07,-1005.1363684191301,762.732899565632,88287,success_index1,S_L,gradient_tolerance,,raw_state_verified,run.py:numpy-batch
SI-pHiSD,0.00012589254117941674,0.002,2000000,289,-0.7859375000000001,1.378125,completed,1.2188483162141999,4.849170934557412,21805259006.741535,2055209875.7013068,193217553496.97772,88294,state_safeguard,U,state_safeguard,source_norm2_gt_5,raw_state_verified,run.py:numpy-batch
SI-pHiSD,0.00012589254117941674,0.002,2000000,169,-0.7109375,1.3031249999999999,completed,0.06601892899997706,0.18404094175582203,9.998782622380403e-07,-1005.1363684182528,762.732899554578,88320,success_index1,S_L,gradient_tolerance,,raw_state_verified,run.py:numpy-batch
SI-pHiSD,0.00012589254117941674,0.002,2000000,406,-0.5890625,1.434375,completed,0.06601892905730676,0.18404094175685326,9.998924338846748e-07,-1005.1363684162956,762.7328996284597,88328,success_index1,S_L,gradient_tolerance,,raw_state_verified,run.py:numpy-batch
SI-pHiSD,0.00012589254117941674,0.002,2000000,135,-0.7296875,1.284375,completed,0.06601892899143369,0.18404094175540675,9.998537151481167e-07,-1005.1363684174802,762.7328995437975,88351,success_index1,S_L,gradient_tolerance,,raw_state_verified,run.py:numpy-batch
SI-pHiSD,0.00012589254117941674,0.002,2000000,372,-0.6078125000000001,1.415625,completed,0.0660189290482458,0.1840409417568667,9.998817062642805e-07,-1005.1363684173228,762.7328996166282,88377,success_index1,S_L,gradient_tolerance,,raw_state_verified,run.py:numpy-batch
SI-pHiSD,0.00012589254117941674,0.002,2000000,101,-0.7484375000000001,1.265625,completed,0.06601892898261645,0.18404094175487629,9.99793932580078e-07,-1005.1363684162679,762.7328995327608,88378,success_index1,S_L,gradient_tolerance,,raw_state_verified,run.py:numpy-batch
SI-pHiSD,0.00012589254117941674,0.002,2000000,67,-0.7671875,1.246875,completed,0.06601892897424085,0.18404094175456992,9.999667312266996e-07,-1005.1363684159203,762.7328995221036,88403,success_index1,S_L,gradient_tolerance,,raw_state_verified,run.py:numpy-batch
SI-pHiSD,0.00012589254117941674,0.002,2000000,33,-0.7859375000000001,1.228125,completed,0.06601892896554439,0.18404094175385313,9.998439544395715e-07,-1005.1363684139378,762.7328995113872,88425,success_index1,S_L,gradient_tolerance,,raw_state_verified,run.py:numpy-batch
SI-pHiSD,0.00012589254117941674,0.002,2000000,338,-0.6265625,1.3968749999999999,completed,0.06601892903962775,0.1840409417569049,9.999516787120945e-07,-1005.1363684184031,762.7328996053526,88426,success_index1,S_L,gradient_tolerance,,raw_state_verified,run.py:numpy-batch
SI-pHiSD,0.00012589254117941674,0.002,2000000,507,-0.5421875,1.4906249999999999,completed,0.06601892907877234,0.18404094175658728,9.999612324035351e-07,-1005.1363684129092,762.7328996566953,88444,success_index1,S_L,gradient_tolerance,,raw_state_verified,run.py:numpy-batch
SI-pHiSD,0.00012589254117941674,0.002,2000000,304,-0.6453125000000001,1.378125,completed,0.066018929030654,0.18404094175667401,9.998449084970163e-07,-1005.1363684184267,762.732899593849,88472,success_index1,S_L,gradient_tolerance,,raw_state_verified,run.py:numpy-batch
SI-pHiSD,0.00012589254117941674,0.002,2000000,424,-0.7203125,1.453125,completed,1.21885886146902,4.849182924940158,21808341853.552773,2055492688.9664571,193245545435.24475,88480,state_safeguard,U,state_safeguard,source_norm2_gt_5,raw_state_verified,run.py:numpy-batch
SI-pHiSD,0.00012589254117941674,0.002,2000000,473,-0.5609375000000001,1.4718749999999998,completed,0.06601892906971524,0.18404094175658056,9.997850741872858e-07,-1005.1363684138546,762.7328996448857,88506,success_index1,S_L,gradient_tolerance,,raw_state_verified,run.py:numpy-batch
SI-pHiSD,0.00012589254117941674,0.002,2000000,270,-0.6640625,1.359375,completed,0.06601892902202658,0.18404094175663535,9.999614706900817e-07,-1005.1363684191955,762.7328995826283,88516,success_index1,S_L,gradient_tolerance,,raw_state_verified,run.py:numpy-batch
SI-pHiSD,0.00012589254117941674,0.002,2000000,236,-0.6828125,1.340625,completed,0.0660189290134051,0.18404094175636215,9.999257500761277e-07,-1005.1363684190088,762.7328995716214,88558,success_index1,S_L,gradient_tolerance,,raw_state_verified,run.py:numpy-batch
SI-pHiSD,0.00012589254117941674,0.002,2000000,439,-0.5796875,1.453125,completed,0.06601892906067851,0.18404094175669747,9.997797689857412e-07,-1005.1363684153001,762.7328996329949,88566,success_index1,S_L,gradient_tolerance,,raw_state_verified,run.py:numpy-batch
SI-pHiSD,0.00012589254117941674,0.002,2000000,202,-0.7015625000000001,1.321875,completed,0.06601892900511526,0.18404094175614227,9.999817040002406e-07,-1005.1363684190039,762.7328995610002,88598,success_index1,S_L,gradient_tolerance,,raw_state_verified,run.py:numpy-batch
SI-pHiSD,0.00012589254117941674,0.002,2000000,405,-0.5984375000000001,1.434375,completed,0.0660189290518938,0.18404094175688404,9.998985389702103e-07,-1005.136368417002,762.7328996213718,88625,success_index1,S_L,gradient_tolerance,,raw_state_verified,run.py:numpy-batch
SI-pHiSD,0.00012589254117941674,0.002,2000000,168,-0.7203125,1.3031249999999999,completed,0.0660189289966338,0.18404094175557031,9.99782753613692e-07,-1005.1363684175874,762.7328995504375,88635,success_index1,S_L,gradient_tolerance,,raw_state_verified,run.py:numpy-batch
SI-pHiSD,0.00012589254117941674,0.002,2000000,134,-0.7390625000000001,1.284375,completed,0.0660189289881489,0.18404094175523142,9.99844660050347e-07,-1005.1363684171192,762.7328995396663,88667,success_index1,S_L,gradient_tolerance,,raw_state_verified,run.py:numpy-batch
SI-pHiSD,0.00012589254117941674,0.002,2000000,371,-0.6171875,1.415625,completed,0.06601892904339243,0.18404094175688174,9.999084486420178e-07,-1005.1363684179045,762.7328996102842,88684,success_index1,S_L,gradient_tolerance,,raw_state_verified,run.py:numpy-batch
SI-pHiSD,0.00012589254117941674,0.002,2000000,100,-0.7578125,1.265625,completed,0.06601892897966657,0.18404094175467348,9.997639588966137e-07,-1005.1363684157593,762.7328995290904,88696,success_index1,S_L,gradient_tolerance,,raw_state_verified,run.py:numpy-batch
SI-pHiSD,0.00012589254117941674,0.002,2000000,66,-0.7765625,1.246875,completed,0.06601892897124147,0.18404094175415234,9.99765633887944e-07,-1005.1363684145431,762.7328995185568,88721,success_index1,S_L,gradient_tolerance,,raw_state_verified,run.py:numpy-batch
SI-pHiSD,0.00012589254117941674,0.002,2000000,506,-0.5515625000000001,1.4906249999999999,completed,0.06601892907283287,0.18404094175652108,9.997845613752713e-07,-1005.1363684132781,762.7328996490047,88737,success_index1,S_L,gradient_tolerance,,raw_state_verified,run.py:numpy-batch
SI-pHiSD,0.00012589254117941674,0.002,2000000,337,-0.6359375,1.3968749999999999,completed,0.06601892903488217,0.18404094175690738,9.999978663256404e-07,-1005.1363684189225,762.7328995991599,88740,success_index1,S_L,gradient_tolerance,,raw_state_verified,run.py:numpy-batch
SI-pHiSD,0.00012589254117941674,0.002,2000000,32,-0.7953125000000001,1.228125,completed,0.06601892896304055,0.1840409417536239,9.997983418030444e-07,-1005.1363684132732,762.7328995083224,88743,success_index1,S_L,gradient_tolerance,,raw_state_verified,run.py:numpy-batch
SI-pHiSD,0.00012589254117941674,0.002,2000000,303,-0.6546875000000001,1.378125,completed,0.06601892902612837,0.18404094175662475,9.998733402510343e-07,-1005.1363684187124,762.7328995879882,88793,success_index1,S_L,gradient_tolerance,,raw_state_verified,run.py:numpy-batch
SI-pHiSD,0.00012589254117941674,0.002,2000000,94,-0.5140625000000001,1.246875,completed,0.06601892948575304,0.18404094166074378,9.999287949838372e-07,-1005.1363679792864,762.7329002716241,88797,success_index1,S_L,gradient_tolerance,,raw_state_verified,run.py:numpy-batch
SI-pHiSD,0.00012589254117941674,0.002,2000000,472,-0.5703125,1.4718749999999998,completed,0.06601892906429513,0.18404094175682958,9.999314621280573e-07,-1005.1363684154493,762.7328996375973,88810,success_index1,S_L,gradient_tolerance,,raw_state_verified,run.py:numpy-batch
SI-pHiSD,0.00012589254117941674,0.002,2000000,269,-0.6734375,1.359375,completed,0.0660189290177547,0.1840409417563984,9.998466923870063e-07,-1005.1363684186899,762.7328995772637,88844,success_index1,S_L,gradient_tolerance,,raw_state_verified,run.py:numpy-batch
SI-pHiSD,0.00012589254117941674,0.002,2000000,438,-0.5890625,1.453125,completed,0.06601892905533947,0.18404094175691058,9.999326678061502e-07,-1005.1363684167399,762.7328996258434,88880,success_index1,S_L,gradient_tolerance,,raw_state_verified,run.py:numpy-batch
SI-pHiSD,0.00012589254117941674,0.002,2000000,235,-0.6921875000000001,1.340625,completed,0.06601892900951305,0.18404094175630603,9.99987537989223e-07,-1005.1363684191986,762.7328995665933,88891,success_index1,S_L,gradient_tolerance,,raw_state_verified,run.py:numpy-batch
SI-pHiSD,0.00012589254117941674,0.002,2000000,201,-0.7109375,1.321875,completed,0.0660189290014057,0.18404094175585659,9.998565434432322e-07,-1005.1363684182404,762.7328995564114,88936,success_index1,S_L,gradient_tolerance,,raw_state_verified,run.py:numpy-batch
SI-pHiSD,0.00012589254117941674,0.002,2000000,404,-0.6078125000000001,1.434375,completed,0.06601892904685935,0.18404094175696595,9.999712647288216e-07,-1005.136368417875,762.7328996147327,88950,success_index1,S_L,gradient_tolerance,,raw_state_verified,run.py:numpy-batch
SI-pHiSD,0.00012589254117941674,0.002,2000000,323,-0.7671875,1.3968749999999999,completed,1.2188629617504494,4.849184794085884,21809120962.895515,2055563997.5548005,193252624661.0221,88952,state_safeguard,U,state_safeguard,source_norm2_gt_5,raw_state_verified,run.py:numpy-batch
SI-pHiSD,0.00012589254117941674,0.002,2000000,167,-0.7296875,1.3031249999999999,completed,0.06601892899323086,0.18404094175540212,9.997723470530608e-07,-1005.1363684172687,762.7328995461455,88976,success_index1,S_L,gradient_tolerance,,raw_state_verified,run.py:numpy-batch
SI-pHiSD,0.00012589254117941674,0.002,2000000,133,-0.7484375000000001,1.284375,completed,0.0660189289850571,0.18404094175497004,9.997572890476123e-07,-1005.1363684163873,762.7328995358624,89011,success_index1,S_L,gradient_tolerance,,raw_state_verified,run.py:numpy-batch
SI-pHiSD,0.00012589254117941674,0.002,2000000,370,-0.6265625,1.415625,completed,0.06601892903849726,0.1840409417567167,9.997943769287628e-07,-1005.1363684177588,762.7328996040428,89019,success_index1,S_L,gradient_tolerance,,raw_state_verified,run.py:numpy-batch
SI-pHiSD,0.00012589254117941674,0.002,2000000,99,-0.7671875,1.265625,completed,0.06601892897697298,0.184040941754619,9.998591367257174e-07,-1005.1363684158267,762.7328995256244,89041,success_index1,S_L,gradient_tolerance,,raw_state_verified,run.py:numpy-batch
SI-pHiSD,0.00012589254117941674,0.002,2000000,505,-0.5609375000000001,1.4906249999999999,completed,0.0660189290669909,0.1840409417566795,9.998327962256757e-07,-1005.1363684145495,762.7328996412449,89055,success_index1,S_L,gradient_tolerance,,raw_state_verified,run.py:numpy-batch
SI-pHiSD,0.00012589254117941674,0.002,2000000,65,-0.7859375000000001,1.246875,completed,0.0660189289689589,0.18404094175408575,9.998419434389966e-07,-1005.136368414517,762.7328995156377,89067,success_index1,S_L,gradient_tolerance,,raw_state_verified,run.py:numpy-batch
SI-pHiSD,0.00012589254117941674,0.002,2000000,336,-0.6453125000000001,1.3968749999999999,completed,0.06601892903001319,0.18404094175662183,9.998079628812057e-07,-1005.1363684182833,762.7328995930587,89083,success_index1,S_L,gradient_tolerance,,raw_state_verified,run.py:numpy-batch
SI-pHiSD,0.00012589254117941674,0.002,2000000,471,-0.5796875,1.4718749999999998,completed,0.06601892905839105,0.18404094175681768,9.998679934594965e-07,-1005.1363684160344,762.7328996299055,89140,success_index1,S_L,gradient_tolerance,,raw_state_verified,run.py:numpy-batch
SI-pHiSD,0.00012589254117941674,0.002,2000000,302,-0.6640625,1.378125,completed,0.06601892902178869,0.18404094175656588,9.99904806770905e-07,-1005.1363684189382,762.7328995823793,89144,success_index1,S_L,gradient_tolerance,,raw_state_verified,run.py:numpy-batch
SI-pHiSD,0.00012589254117941674,0.002,2000000,268,-0.6828125,1.359375,completed,0.06601892901393065,0.18404094175635102,9.999016622085207e-07,-1005.1363684189075,762.7328995723168,89203,success_index1,S_L,gradient_tolerance,,raw_state_verified,run.py:numpy-batch
SI-pHiSD,0.00012589254117941674,0.002,2000000,437,-0.5984375000000001,1.453125,completed,0.06601892904979917,0.18404094175684343,9.998606453578337e-07,-1005.1363684170614,762.7328996186749,89223,success_index1,S_L,gradient_tolerance,,raw_state_verified,run.py:numpy-batch
SI-pHiSD,0.00012589254117941674,0.002,2000000,234,-0.7015625000000001,1.340625,completed,0.06601892900578957,0.18404094175602362,9.998537575969871e-07,-1005.1363684184487,762.7328995619838,89256,success_index1,S_L,gradient_tolerance,,raw_state_verified,run.py:numpy-batch
SI-pHiSD,0.00012589254117941674,0.002,2000000,200,-0.7203125,1.321875,completed,0.06601892899804242,0.18404094175580446,9.999361197779652e-07,-1005.1363684183891,762.7328995520699,89305,success_index1,S_L,gradient_tolerance,,raw_state_verified,run.py:numpy-batch
SI-pHiSD,0.00012589254117941674,0.002,2000000,403,-0.6171875,1.434375,completed,0.06601892904158488,0.1840409417568032,9.99848684956005e-07,-1005.1363684177791,762.7328996079948,89305,success_index1,S_L,gradient_tolerance,,raw_state_verified,run.py:numpy-batch
SI-pHiSD,0.00012589254117941674,0.002,2000000,166,-0.7390625000000001,1.3031249999999999,completed,0.06601892899027097,0.1840409417553803,9.99881384675421e-07,-1005.1363684174971,762.7328995423038,89349,success_index1,S_L,gradient_tolerance,,raw_state_verified,run.py:numpy-batch
SI-pHiSD,0.00012589254117941674,0.002,2000000,369,-0.6359375,1.415625,completed,0.06601892903347567,0.1840409417566886,9.998206715084646e-07,-1005.1363684181832,762.7328995975172,89384,success_index1,S_L,gradient_tolerance,,raw_state_verified,run.py:numpy-batch
SI-pHiSD,0.00012589254117941674,0.002,2000000,132,-0.7578125,1.284375,completed,0.0660189289823921,0.18404094175502464,9.999377112565517e-07,-1005.1363684168962,762.7328995323377,89386,success_index1,S_L,gradient_tolerance,,raw_state_verified,run.py:numpy-batch
SI-pHiSD,0.00012589254117941674,0.002,2000000,504,-0.5703125,1.4906249999999999,completed,0.06601892906115085,0.1840409417566728,9.997622074077167e-07,-1005.1363684151486,762.7328996336328,89403,success_index1,S_L,gradient_tolerance,,raw_state_verified,run.py:numpy-batch
SI-pHiSD,0.00012589254117941674,0.002,2000000,98,-0.7765625,1.265625,completed,0.06601892897469966,0.18404094175458888,9.999579031883592e-07,-1005.1363684159484,762.7328995226851,89418,success_index1,S_L,gradient_tolerance,,raw_state_verified,run.py:numpy-batch
SI-pHiSD,0.00012589254117941674,0.002,2000000,64,-0.7953125000000001,1.246875,completed,0.06601892896672194,0.184040941753949,9.998563168856076e-07,-1005.1363684142012,762.7328995128395,89443,success_index1,S_L,gradient_tolerance,,raw_state_verified,run.py:numpy-batch
SI-pHiSD,0.00012589254117941674,0.002,2000000,335,-0.6546875000000001,1.3968749999999999,completed,0.06601892902559447,0.18404094175669786,9.999476546332372e-07,-1005.1363684190665,762.7328995872282,89459,success_index1,S_L,gradient_tolerance,,raw_state_verified,run.py:numpy-batch
SI-pHiSD,0.00012589254117941674,0.002,2000000,470,-0.5890625,1.4718749999999998,completed,0.06601892905269212,0.18404094175683483,9.998568936444828e-07,-1005.136368416716,762.7328996224562,89502,success_index1,S_L,gradient_tolerance,,raw_state_verified,run.py:numpy-batch
SI-pHiSD,0.00012589254117941674,0.002,2000000,301,-0.6734375,1.378125,completed,0.06601892901776397,0.18404094175630148,9.997604774011775e-07,-1005.1363684182949,762.7328995773607,89531,success_index1,S_L,gradient_tolerance,,raw_state_verified,run.py:numpy-batch
SI-pHiSD,0.00012589254117941674,0.002,2000000,267,-0.6921875000000001,1.359375,completed,0.06601892901015971,0.18404094175619162,9.998664478279037e-07,-1005.1363684186636,762.7328995675374,89597,success_index1,S_L,gradient_tolerance,,raw_state_verified,run.py:numpy-batch
SI-pHiSD,0.00012589254117941674,0.002,2000000,436,-0.6078125000000001,1.453125,completed,0.06601892904473317,0.18404094175685873,9.998826333212228e-07,-1005.1363684176674,762.7328996120527,89601,success_index1,S_L,gradient_tolerance,,raw_state_verified,run.py:numpy-batch
SI-pHiSD,0.00012589254117941674,0.002,2000000,233,-0.7109375,1.340625,completed,0.06601892900232507,0.18404094175596983,9.999244244014166e-07,-1005.1363684186022,762.7328995575116,89656,success_index1,S_L,gradient_tolerance,,raw_state_verified,run.py:numpy-batch
SI-pHiSD,0.00012589254117941674,0.002,2000000,402,-0.6265625,1.434375,completed,0.06601892903649305,0.18404094175678376,9.998717187238458e-07,-1005.1363684182469,762.7328996013696,89695,success_index1,S_L,gradient_tolerance,,raw_state_verified,run.py:numpy-batch
SI-pHiSD,0.00012589254117941674,0.002,2000000,199,-0.7296875,1.321875,completed,0.06601892899481063,0.18404094175570312,9.999748832360626e-07,-1005.1363684183236,762.7328995479427,89710,success_index1,S_L,gradient_tolerance,,raw_state_verified,run.py:numpy-batch
SI-pHiSD,0.00012589254117941674,0.002,2000000,165,-0.7484375000000001,1.3031249999999999,completed,0.06601892898735505,0.18404094175522795,9.998783745434223e-07,-1005.1363684171905,762.7328995386337,89758,success_index1,S_L,gradient_tolerance,,raw_state_verified,run.py:numpy-batch
SI-pHiSD,0.00012589254117941674,0.002,2000000,503,-0.5796875,1.4906249999999999,completed,0.06601892905548358,0.18404094175677296,9.998122504003138e-07,-1005.1363684161645,762.7328996261517,89785,success_index1,S_L,gradient_tolerance,,raw_state_verified,run.py:numpy-batch
SI-pHiSD,0.00012589254117941674,0.002,2000000,368,-0.6453125000000001,1.415625,completed,0.06601892902884918,0.1840409417567457,9.99935261050359e-07,-1005.136368418912,762.7328995914316,89787,success_index1,S_L,gradient_tolerance,,raw_state_verified,run.py:numpy-batch
SI-pHiSD,0.00012589254117941674,0.002,2000000,131,-0.7671875,1.284375,completed,0.06601892897989713,0.18404094175483332,9.998948269141226e-07,-1005.1363684163852,762.732899529251,89798,success_index1,S_L,gradient_tolerance,,raw_state_verified,run.py:numpy-batch
SI-pHiSD,0.00012589254117941674,0.002,2000000,97,-0.7859375000000001,1.265625,completed,0.06601892897244777,0.18404094175426286,9.997943999111549e-07,-1005.1363684148637,762.7328995200334,89831,success_index1,S_L,gradient_tolerance,,raw_state_verified,run.py:numpy-batch
SI-pHiSD,0.00012589254117941674,0.002,2000000,334,-0.6640625,1.3968749999999999,completed,0.06601892902126283,0.1840409417566302,9.999729744445828e-07,-1005.1363684192568,762.7328995816364,89874,success_index1,S_L,gradient_tolerance,,raw_state_verified,run.py:numpy-batch
SI-pHiSD,0.00012589254117941674,0.002,2000000,469,-0.5984375000000001,1.4718749999999998,completed,0.06601892904715026,0.18404094175684257,9.998619376276714e-07,-1005.1363684173422,762.7328996152202,89901,success_index1,S_L,gradient_tolerance,,raw_state_verified,run.py:numpy-batch
SI-pHiSD,0.00012589254117941674,0.002,2000000,300,-0.6828125,1.378125,completed,0.06601892901349035,0.18404094175621707,9.997945666170454e-07,-1005.1363684184099,762.7328995718597,89955,success_index1,S_L,gradient_tolerance,,raw_state_verified,run.py:numpy-batch
SI-pHiSD,0.00012589254117941674,0.002,2000000,435,-0.6171875,1.453125,completed,0.06601892903944065,0.18404094175675392,9.99819730129455e-07,-1005.1363684178089,762.7328996052408,90017,success_index1,S_L,gradient_tolerance,,raw_state_verified,run.py:numpy-batch
SI-pHiSD,0.00012589254117941674,0.002,2000000,266,-0.7015625000000001,1.359375,completed,0.06601892900641315,0.18404094175608296,9.998861501181294e-07,-1005.1363684186238,762.7328995627453,90031,success_index1,S_L,gradient_tolerance,,raw_state_verified,run.py:numpy-batch
SI-pHiSD,0.00012589254117941674,0.002,2000000,357,-0.7484375000000001,1.415625,completed,1.218843611495544,4.849167980171065,21804243566.839355,2055116862.7786767,193208329158.73755,90035,state_safeguard,U,state_safeguard,source_norm2_gt_5,raw_state_verified,run.py:numpy-batch
SI-pHiSD,0.00012589254117941674,0.002,2000000,232,-0.7203125,1.340625,completed,0.06601892899906031,0.18404094175588406,9.999679884328924e-07,-1005.1363684186036,762.7328995533277,90098,success_index1,S_L,gradient_tolerance,,raw_state_verified,run.py:numpy-batch
SI-pHiSD,0.00012589254117941674,0.002,2000000,401,-0.6359375,1.434375,completed,0.06601892903145505,0.18404094175659103,9.99760296454495e-07,-1005.1363684180034,762.7328995949666,90127,success_index1,S_L,gradient_tolerance,,raw_state_verified,run.py:numpy-batch
SI-pHiSD,0.00012589254117941674,0.002,2000000,198,-0.7390625000000001,1.321875,completed,0.0660189289921856,0.18404094175545677,9.998657397552826e-07,-1005.1363684176029,762.7328995447344,90160,success_index1,S_L,gradient_tolerance,,raw_state_verified,run.py:numpy-batch
SI-pHiSD,0.00012589254117941674,0.002,2000000,502,-0.5890625,1.4906249999999999,completed,0.06601892904967982,0.18404094175682226,9.998419670092746e-07,-1005.1363684169881,762.7328996185377,90206,success_index1,S_L,gradient_tolerance,,raw_state_verified,run.py:numpy-batch
SI-pHiSD,0.00012589254117941674,0.002,2000000,164,-0.7578125,1.3031249999999999,completed,0.06601892898497035,0.18404094175507943,9.998592399384797e-07,-1005.1363684168421,762.7328995356529,90211,success_index1,S_L,gradient_tolerance,,raw_state_verified,run.py:numpy-batch
SI-pHiSD,0.00012589254117941674,0.002,2000000,367,-0.6546875000000001,1.415625,completed,0.06601892902398886,0.184040941756566,9.99860748804204e-07,-1005.1363684187027,762.7328995852491,90233,success_index1,S_L,gradient_tolerance,,raw_state_verified,run.py:numpy-batch
SI-pHiSD,0.00012589254117941674,0.002,2000000,130,-0.7765625,1.284375,completed,0.06601892897798647,0.18404094175464647,9.998289561264704e-07,-1005.1363684158301,762.7328995269222,90254,success_index1,S_L,gradient_tolerance,,raw_state_verified,run.py:numpy-batch
SI-pHiSD,0.00012589254117941674,0.002,2000000,96,-0.7953125000000001,1.265625,completed,0.06601892897093872,0.18404094175420707,9.998324437621465e-07,-1005.1363684147985,762.7328995181141,90287,success_index1,S_L,gradient_tolerance,,raw_state_verified,run.py:numpy-batch
SI-pHiSD,0.00012589254117941674,0.002,2000000,458,-0.7015625000000001,1.4718749999999998,completed,1.2188478462365584,4.849173529378238,21805591754.784416,2055240586.0623991,193220569236.32532,90325,state_safeguard,U,state_safeguard,source_norm2_gt_5,raw_state_verified,run.py:numpy-batch
SI-pHiSD,0.00012589254117941674,0.002,2000000,333,-0.6734375,1.3968749999999999,completed,0.06601892901678191,0.18404094175639782,9.998698574841646e-07,-1005.1363684187921,762.7328995759949,90334,success_index1,S_L,gradient_tolerance,,raw_state_verified,run.py:numpy-batch
SI-pHiSD,0.00012589254117941674,0.002,2000000,468,-0.6078125000000001,1.4718749999999998,completed,0.06601892904157493,0.18404094175696217,9.99989114889889e-07,-1005.1363684184275,762.7328996078423,90342,success_index1,S_L,gradient_tolerance,,raw_state_verified,run.py:numpy-batch
SI-pHiSD,0.00012589254117941674,0.002,2000000,299,-0.6921875000000001,1.378125,completed,0.06601892900993289,0.18404094175619115,9.99872791843016e-07,-1005.136368418686,762.732899567242,90429,success_index1,S_L,gradient_tolerance,,raw_state_verified,run.py:numpy-batch
SI-pHiSD,0.00012589254117941674,0.002,2000000,434,-0.6265625,1.453125,completed,0.06601892903413359,0.18404094175683156,9.99939328195829e-07,-1005.136368418694,762.73289959825,90478,success_index1,S_L,gradient_tolerance,,raw_state_verified,run.py:numpy-batch
SI-pHiSD,0.00012589254117941674,0.002,2000000,265,-0.7109375,1.359375,completed,0.0660189290028059,0.1840409417559046,9.99849340447905e-07,-1005.1363684182852,762.7328995581963,90514,success_index1,S_L,gradient_tolerance,,raw_state_verified,run.py:numpy-batch
SI-pHiSD,0.00012589254117941674,0.002,2000000,231,-0.7296875,1.340625,completed,0.0660189289960424,0.1840409417556207,9.99851246201267e-07,-1005.1363684178559,762.7328995496218,90591,success_index1,S_L,gradient_tolerance,,raw_state_verified,run.py:numpy-batch
SI-pHiSD,0.00012589254117941674,0.002,2000000,400,-0.6453125000000001,1.434375,completed,0.06601892902660086,0.18404094175660643,9.99848848274475e-07,-1005.1363684185868,762.7328995886211,90608,success_index1,S_L,gradient_tolerance,,raw_state_verified,run.py:numpy-batch
SI-pHiSD,0.00012589254117941674,0.002,2000000,197,-0.7484375000000001,1.321875,completed,0.06601892898934213,0.18404094175528082,9.998342744658295e-07,-1005.1363684171919,762.7328995411794,90658,success_index1,S_L,gradient_tolerance,,raw_state_verified,run.py:numpy-batch
SI-pHiSD,0.00012589254117941674,0.002,2000000,501,-0.5984375000000001,1.4906249999999999,completed,0.06601892904395451,0.1840409417569771,9.999901201880662e-07,-1005.1363684182327,762.7328996109334,90674,success_index1,S_L,gradient_tolerance,,raw_state_verified,run.py:numpy-batch
SI-pHiSD,0.00012589254117941674,0.002,2000000,163,-0.7671875,1.3031249999999999,completed,0.06601892898260213,0.1840409417550647,9.999630019803012e-07,-1005.1363684170364,762.7328995325764,90713,success_index1,S_L,gradient_tolerance,,raw_state_verified,run.py:numpy-batch
SI-pHiSD,0.00012589254117941674,0.002,2000000,366,-0.6640625,1.415625,completed,0.06601892901944399,0.18404094175650926,9.99905705544975e-07,-1005.1363684189599,762.7328995793698,90732,success_index1,S_L,gradient_tolerance,,raw_state_verified,run.py:numpy-batch
SI-pHiSD,0.00012589254117941674,0.002,2000000,129,-0.7859375000000001,1.284375,completed,0.06601892897593861,0.18404094175455993,9.998629794806774e-07,-1005.1363684156977,762.7328995243269,90758,success_index1,S_L,gradient_tolerance,,raw_state_verified,run.py:numpy-batch
SI-pHiSD,0.00012589254117941674,0.002,2000000,467,-0.6171875,1.4718749999999998,completed,0.06601892903601586,0.18404094175680347,9.998939393453051e-07,-1005.1363684183785,762.7328996007296,90836,success_index1,S_L,gradient_tolerance,,raw_state_verified,run.py:numpy-batch
SI-pHiSD,0.00012589254117941674,0.002,2000000,332,-0.6828125,1.3968749999999999,completed,0.06601892901260531,0.18404094175620203,9.998054917679146e-07,-1005.1363684184433,762.7328995707185,90850,success_index1,S_L,gradient_tolerance,,raw_state_verified,run.py:numpy-batch
SI-pHiSD,0.00012589254117941674,0.002,2000000,298,-0.7015625000000001,1.378125,completed,0.06601892900599897,0.18404094175615981,9.99968050230069e-07,-1005.136368418981,762.7328995621372,90958,success_index1,S_L,gradient_tolerance,,raw_state_verified,run.py:numpy-batch
SI-pHiSD,0.00012589254117941674,0.002,2000000,433,-0.6359375,1.453125,completed,0.06601892902888706,0.1840409417567636,9.99950492393039e-07,-1005.1363684189812,762.7328995914653,90996,success_index1,S_L,gradient_tolerance,,raw_state_verified,run.py:numpy-batch
SI-pHiSD,0.00012589254117941674,0.002,2000000,264,-0.7203125,1.359375,completed,0.06601892899952964,0.18404094175580846,9.998829413981116e-07,-1005.1363684182453,762.7328995540065,91057,success_index1,S_L,gradient_tolerance,,raw_state_verified,run.py:numpy-batch
SI-pHiSD,0.00012589254117941674,0.002,2000000,230,-0.7390625000000001,1.340625,completed,0.06601892899334133,0.18404094175548896,9.998451241382272e-07,-1005.1363684176099,762.7328995462141,91145,success_index1,S_L,gradient_tolerance,,raw_state_verified,run.py:numpy-batch
SI-pHiSD,0.00012589254117941674,0.002,2000000,399,-0.6546875000000001,1.434375,completed,0.06601892902184671,0.18404094175658536,9.999209176708343e-07,-1005.1363684190115,762.7328995824375,91150,success_index1,S_L,gradient_tolerance,,raw_state_verified,run.py:numpy-batch
SI-pHiSD,0.00012589254117941674,0.002,2000000,500,-0.6078125000000001,1.4906249999999999,completed,0.0660189290378587,0.1840409417568611,9.999273688957135e-07,-1005.1363684184146,762.7328996030833,91199,success_index1,S_L,gradient_tolerance,,raw_state_verified,run.py:numpy-batch
SI-pHiSD,0.00012589254117941674,0.002,2000000,196,-0.7578125,1.321875,completed,0.06601892898687815,0.18404094175524327,9.999144122400325e-07,-1005.1363684173037,762.7328995379984,91218,success_index1,S_L,gradient_tolerance,,raw_state_verified,run.py:numpy-batch
SI-pHiSD,0.00012589254117941674,0.002,2000000,162,-0.7765625,1.3031249999999999,completed,0.06601892898086001,0.18404094175482574,9.998381087553475e-07,-1005.1363684162508,762.7328995305135,91280,success_index1,S_L,gradient_tolerance,,raw_state_verified,run.py:numpy-batch
SI-pHiSD,0.00012589254117941674,0.002,2000000,365,-0.6734375,1.415625,completed,0.06601892901526674,0.1840409417562988,9.99820150841147e-07,-1005.1363684185513,762.7328995741054,91298,success_index1,S_L,gradient_tolerance,,raw_state_verified,run.py:numpy-batch
SI-pHiSD,0.00012589254117941674,0.002,2000000,128,-0.7953125000000001,1.284375,completed,0.06601892897471531,0.18404094175456298,9.999338046637979e-07,-1005.1363684158413,762.7328995227284,91326,success_index1,S_L,gradient_tolerance,,raw_state_verified,run.py:numpy-batch
SI-pHiSD,0.00012589254117941674,0.002,2000000,466,-0.6265625,1.4718749999999998,completed,0.06601892903061592,0.1840409417567693,9.999297632849699e-07,-1005.1363684188182,762.7328995937156,91394,success_index1,S_L,gradient_tolerance,,raw_state_verified,run.py:numpy-batch
SI-pHiSD,0.00012589254117941674,0.002,2000000,331,-0.6921875000000001,1.3968749999999999,completed,0.06601892900875374,0.18404094175616809,9.998879776172747e-07,-1005.1363684187189,762.7328995657236,91435,success_index1,S_L,gradient_tolerance,,raw_state_verified,run.py:numpy-batch
SI-pHiSD,0.00012589254117941674,0.002,2000000,297,-0.7109375,1.378125,completed,0.06601892900249706,0.1840409417558201,9.997850175610438e-07,-1005.1363684179745,762.732899557867,91562,success_index1,S_L,gradient_tolerance,,raw_state_verified,run.py:numpy-batch
SI-pHiSD,0.00012589254117941674,0.002,2000000,432,-0.6453125000000001,1.453125,completed,0.06601892902384814,0.18404094175652452,9.99826701906432e-07,-1005.136368418549,762.7328995851019,91586,success_index1,S_L,gradient_tolerance,,raw_state_verified,run.py:numpy-batch
SI-pHiSD,0.00012589254117941674,0.002,2000000,263,-0.7296875,1.359375,completed,0.0660189289964324,0.1840409417556831,9.998912959686574e-07,-1005.136368418068,762.7328995500759,91675,success_index1,S_L,gradient_tolerance,,raw_state_verified,run.py:numpy-batch
SI-pHiSD,0.00012589254117941674,0.002,2000000,398,-0.6640625,1.434375,completed,0.06601892901699993,0.18404094175654198,9.99992414045085e-07,-1005.1363684193549,762.7328995761532,91768,success_index1,S_L,gradient_tolerance,,raw_state_verified,run.py:numpy-batch
SI-pHiSD,0.00012589254117941674,0.002,2000000,229,-0.7484375000000001,1.340625,completed,0.0660189289906411,0.18404094175531427,9.998060432890396e-07,-1005.1363684171889,762.7328995428444,91775,success_index1,S_L,gradient_tolerance,,raw_state_verified,run.py:numpy-batch
SI-pHiSD,0.00012589254117941674,0.002,2000000,499,-0.6171875,1.4906249999999999,completed,0.06601892903198922,0.18404094175664443,9.998004207616382e-07,-1005.136368418163,762.7328995956167,91798,success_index1,S_L,gradient_tolerance,,raw_state_verified,run.py:numpy-batch
SI-pHiSD,0.00012589254117941674,0.002,2000000,195,-0.7671875,1.321875,completed,0.06601892898482525,0.18404094175496546,9.997644683368665e-07,-1005.1363684163937,762.7328995355639,91858,success_index1,S_L,gradient_tolerance,,raw_state_verified,run.py:numpy-batch
SI-pHiSD,0.00012589254117941674,0.002,2000000,161,-0.7859375000000001,1.3031249999999999,completed,0.06601892897907165,0.1840409417547285,9.998444641035937e-07,-1005.136368416047,762.7328995282659,91923,success_index1,S_L,gradient_tolerance,,raw_state_verified,run.py:numpy-batch
SI-pHiSD,0.00012589254117941674,0.002,2000000,364,-0.6828125,1.415625,completed,0.06601892901071914,0.18404094175618738,9.998462404926585e-07,-1005.1363684185865,762.7328995682708,91944,success_index1,S_L,gradient_tolerance,,raw_state_verified,run.py:numpy-batch
SI-pHiSD,0.00012589254117941674,0.002,2000000,391,-0.7296875,1.434375,completed,1.2188441782866697,4.849168858871919,21804444436.04802,2055135303.9413521,193210152608.74362,92000,state_safeguard,U,state_safeguard,source_norm2_gt_5,raw_state_verified,run.py:numpy-batch
SI-pHiSD,0.00012589254117941674,0.002,2000000,465,-0.6359375,1.4718749999999998,completed,0.0660189290250341,0.18404094175664276,9.999090997938588e-07,-1005.1363684189026,762.7328995865453,92033,success_index1,S_L,gradient_tolerance,,raw_state_verified,run.py:numpy-batch
SI-pHiSD,0.00012589254117941674,0.002,2000000,330,-0.7015625000000001,1.3968749999999999,completed,0.06601892900510099,0.18404094175611344,9.999565165585483e-07,-1005.1363684188882,762.7328995610069,92109,success_index1,S_L,gradient_tolerance,,raw_state_verified,run.py:numpy-batch
SI-pHiSD,0.00012589254117941674,0.002,2000000,296,-0.7203125,1.378125,completed,0.06601892899940119,0.18404094175585842,9.999322892680915e-07,-1005.1363684184622,762.7328995537954,92259,success_index1,S_L,gradient_tolerance,,raw_state_verified,run.py:numpy-batch
SI-pHiSD,0.00012589254117941674,0.002,2000000,431,-0.6546875000000001,1.453125,completed,0.066018929018693,0.1840409417563533,9.997845792786624e-07,-1005.1363684184055,762.7328995785274,92266,success_index1,S_L,gradient_tolerance,,raw_state_verified,run.py:numpy-batch
SI-pHiSD,0.00012589254117941674,0.002,2000000,262,-0.7390625000000001,1.359375,completed,0.06601892899365767,0.18404094175561658,9.999456250656105e-07,-1005.1363684180952,762.7328995465148,92391,success_index1,S_L,gradient_tolerance,,raw_state_verified,run.py:numpy-batch
SI-pHiSD,0.00012589254117941674,0.002,2000000,397,-0.6734375,1.434375,completed,0.06601892901237415,0.1840409417564105,9.999971739009104e-07,-1005.1363684193162,762.7328995702339,92488,success_index1,S_L,gradient_tolerance,,raw_state_verified,run.py:numpy-batch
SI-pHiSD,0.00012589254117941674,0.002,2000000,498,-0.6265625,1.4906249999999999,completed,0.06601892902640992,0.18404094175659072,9.998382792028892e-07,-1005.1363684185434,762.7328995883856,92492,success_index1,S_L,gradient_tolerance,,raw_state_verified,run.py:numpy-batch
SI-pHiSD,0.00012589254117941674,0.002,2000000,228,-0.7578125,1.340625,completed,0.06601892898846831,0.18404094175516067,9.997668312637796e-07,-1005.1363684167972,762.732899540145,92507,success_index1,S_L,gradient_tolerance,,raw_state_verified,run.py:numpy-batch
SI-pHiSD,0.00012589254117941674,0.002,2000000,194,-0.7765625,1.321875,completed,0.06601892898317142,0.1840409417551094,9.999744344483224e-07,-1005.1363684171566,762.7328995332805,92599,success_index1,S_L,gradient_tolerance,,raw_state_verified,run.py:numpy-batch
SI-pHiSD,0.00012589254117941674,0.002,2000000,160,-0.7953125000000001,1.3031249999999999,completed,0.06601892897783204,0.18404094175458488,9.997821498866644e-07,-1005.1363684155958,762.732899526775,92670,success_index1,S_L,gradient_tolerance,,raw_state_verified,run.py:numpy-batch
SI-pHiSD,0.00012589254117941674,0.002,2000000,363,-0.6921875000000001,1.415625,completed,0.06601892900661156,0.18404094175607863,9.99875875840466e-07,-1005.136368418585,762.7328995630079,92702,success_index1,S_L,gradient_tolerance,,raw_state_verified,run.py:numpy-batch
SI-pHiSD,0.00012589254117941674,0.002,2000000,464,-0.6453125000000001,1.4718749999999998,completed,0.06601892901975005,0.1840409417565004,9.998909589595775e-07,-1005.1363684188905,762.732899579777,92782,success_index1,S_L,gradient_tolerance,,raw_state_verified,run.py:numpy-batch
SI-pHiSD,0.00012589254117941674,0.002,2000000,329,-0.7109375,1.3968749999999999,completed,0.06601892900113679,0.184040941755829,9.998417155937074e-07,-1005.1363684181564,762.7328995560853,92901,success_index1,S_L,gradient_tolerance,,raw_state_verified,run.py:numpy-batch
SI-pHiSD,0.00012589254117941674,0.002,2000000,430,-0.6640625,1.453125,completed,0.0660189290133398,0.18404094175627195,9.998474005024573e-07,-1005.1363684186488,762.7328995716155,93068,success_index1,S_L,gradient_tolerance,,raw_state_verified,run.py:numpy-batch
SI-pHiSD,0.00012589254117941674,0.002,2000000,295,-0.7296875,1.378125,completed,0.0660189289961602,0.1840409417555821,9.998121457322448e-07,-1005.1363684176863,762.7328995498094,93083,success_index1,S_L,gradient_tolerance,,raw_state_verified,run.py:numpy-batch
SI-pHiSD,0.00012589254117941674,0.002,2000000,261,-0.7484375000000001,1.359375,completed,0.06601892899127366,0.18404094175546032,9.999084844568076e-07,-1005.1363684177152,762.7328995435417,93242,success_index1,S_L,gradient_tolerance,,raw_state_verified,run.py:numpy-batch
SI-pHiSD,0.00012589254117941674,0.002,2000000,497,-0.6359375,1.4906249999999999,completed,0.06601892902041229,0.18404094175648597,9.998634492602287e-07,-1005.136368418761,762.7328995806537,93313,success_index1,S_L,gradient_tolerance,,raw_state_verified,run.py:numpy-batch
SI-pHiSD,0.00012589254117941674,0.002,2000000,396,-0.6828125,1.434375,completed,0.06601892900777062,0.18404094175609895,9.998570050811667e-07,-1005.1363684185426,762.7328995645021,93348,success_index1,S_L,gradient_tolerance,,raw_state_verified,run.py:numpy-batch
SI-pHiSD,0.00012589254117941674,0.002,2000000,227,-0.7671875,1.340625,completed,0.0660189289864088,0.1840409417551613,9.998633842941725e-07,-1005.1363684170204,762.7328995374579,93376,success_index1,S_L,gradient_tolerance,,raw_state_verified,run.py:numpy-batch
SI-pHiSD,0.00012589254117941674,0.002,2000000,193,-0.7859375000000001,1.321875,completed,0.06601892898186641,0.1840409417548852,9.998397041321881e-07,-1005.1363684163847,762.7328995317746,93483,success_index1,S_L,gradient_tolerance,,raw_state_verified,run.py:numpy-batch
SI-pHiSD,0.00012589254117941674,0.002,2000000,362,-0.7015625000000001,1.415625,completed,0.06601892900241794,0.1840409417560257,9.999708656108143e-07,-1005.1363684188198,762.7328995575836,93614,success_index1,S_L,gradient_tolerance,,raw_state_verified,run.py:numpy-batch
SI-pHiSD,0.00012589254117941674,0.002,2000000,256,-0.7953125000000001,1.359375,completed,1.2188466283440884,4.849169000820317,21804763421.250378,2055164410.8759518,193213053665.3083,93629,state_safeguard,U,state_safeguard,source_norm2_gt_5,raw_state_verified,run.py:numpy-batch
SI-pHiSD,0.00012589254117941674,0.002,2000000,463,-0.6546875000000001,1.4718749999999998,completed,0.06601892901418553,0.18404094175635316,9.998967673198712e-07,-1005.1363684188889,762.7328995726473,93682,success_index1,S_L,gradient_tolerance,,raw_state_verified,run.py:numpy-batch
SI-pHiSD,0.00012589254117941674,0.002,2000000,328,-0.7203125,1.3968749999999999,completed,0.06601892899751688,0.18404094175565014,9.998190549019412e-07,-1005.1363684178173,762.7328995515195,93864,success_index1,S_L,gradient_tolerance,,raw_state_verified,run.py:numpy-batch
SI-pHiSD,0.00012589254117941674,0.002,2000000,429,-0.6734375,1.453125,completed,0.06601892900821613,0.18404094175612293,9.998643986016663e-07,-1005.1363684185925,762.7328995650621,94050,success_index1,S_L,gradient_tolerance,,raw_state_verified,run.py:numpy-batch
SI-pHiSD,0.00012589254117941674,0.002,2000000,294,-0.7390625000000001,1.378125,completed,0.06601892899297848,0.18404094175544897,9.99824854896916e-07,-1005.1363684174856,762.7328995457757,94090,success_index1,S_L,gradient_tolerance,,raw_state_verified,run.py:numpy-batch
SI-pHiSD,0.00012589254117941674,0.002,2000000,260,-0.7578125,1.359375,completed,0.06601892898870321,0.1840409417552539,9.99839284404906e-07,-1005.1363684171511,762.7328995403697,94287,success_index1,S_L,gradient_tolerance,,raw_state_verified,run.py:numpy-batch
SI-pHiSD,0.00012589254117941674,0.002,2000000,496,-0.6453125000000001,1.4906249999999999,completed,0.06601892901422513,0.18404094175642338,9.999580791889746e-07,-1005.1363684191704,762.7328995726373,94321,success_index1,S_L,gradient_tolerance,,raw_state_verified,run.py:numpy-batch
SI-pHiSD,0.00012589254117941674,0.002,2000000,395,-0.6921875000000001,1.434375,completed,0.06601892900312024,0.18404094175589256,9.998276712024733e-07,-1005.1363684182024,762.7328995586166,94414,success_index1,S_L,gradient_tolerance,,raw_state_verified,run.py:numpy-batch
SI-pHiSD,0.00012589254117941674,0.002,2000000,226,-0.7765625,1.340625,completed,0.06601892898462788,0.18404094175501326,9.998167532232383e-07,-1005.1363684166093,762.7328995352644,94450,success_index1,S_L,gradient_tolerance,,raw_state_verified,run.py:numpy-batch
SI-pHiSD,0.00012589254117941674,0.002,2000000,192,-0.7953125000000001,1.321875,completed,0.06601892898087894,0.18404094175483895,9.998489372878367e-07,-1005.1363684163025,762.7328995305269,94575,success_index1,S_L,gradient_tolerance,,raw_state_verified,run.py:numpy-batch
SI-pHiSD,0.00012589254117941674,0.002,2000000,492,-0.6828125,1.4906249999999999,completed,1.2188530016122414,4.84917745765769,21806808342.563515,2055352078.9292269,193231619168.24353,94757,state_safeguard,U,state_safeguard,source_norm2_gt_5,raw_state_verified,run.py:numpy-batch
SI-pHiSD,0.00012589254117941674,0.002,2000000,361,-0.7109375,1.415625,completed,0.06601892899844944,0.18404094175562374,9.997593899046372e-07,-1005.1363684176098,762.7328995527594,94765,success_index1,S_L,gradient_tolerance,,raw_state_verified,run.py:numpy-batch
SI-pHiSD,0.00012589254117941674,0.002,2000000,462,-0.6640625,1.4718749999999998,completed,0.06601892900816544,0.1840409417561073,9.998520903779167e-07,-1005.1363684185345,762.7328995650097,94812,success_index1,S_L,gradient_tolerance,,raw_state_verified,run.py:numpy-batch
SI-pHiSD,0.00012589254117941674,0.002,2000000,327,-0.7296875,1.3968749999999999,completed,0.0660189289941468,0.184040941755667,9.999700989300436e-07,-1005.1363684182472,762.7328995471087,95093,success_index1,S_L,gradient_tolerance,,raw_state_verified,run.py:numpy-batch
SI-pHiSD,0.00012589254117941674,0.002,2000000,428,-0.6828125,1.453125,completed,0.06601892900302021,0.18404094175599736,9.999244383768292e-07,-1005.1363684186396,762.7328995583943,95315,success_index1,S_L,gradient_tolerance,,raw_state_verified,run.py:numpy-batch
SI-pHiSD,0.00012589254117941674,0.002,2000000,293,-0.7484375000000001,1.378125,completed,0.06601892899026081,0.184040941755437,9.99932424827475e-07,-1005.1363684177294,762.732899542241,95392,success_index1,S_L,gradient_tolerance,,raw_state_verified,run.py:numpy-batch
SI-pHiSD,0.00012589254117941674,0.002,2000000,495,-0.6546875000000001,1.4906249999999999,completed,0.06601892900768538,0.18404094175604077,9.99807967973325e-07,-1005.1363684183156,762.7328995644417,95632,success_index1,S_L,gradient_tolerance,,raw_state_verified,run.py:numpy-batch
SI-pHiSD,0.00012589254117941674,0.002,2000000,259,-0.7671875,1.359375,completed,0.06601892898688062,0.1840409417551669,9.998461195704556e-07,-1005.1363684169926,762.7328995380686,95652,success_index1,S_L,gradient_tolerance,,raw_state_verified,run.py:numpy-batch
SI-pHiSD,0.00012589254117941674,0.002,2000000,394,-0.7015625000000001,1.434375,completed,0.0660189289983679,0.18404094175579924,9.999188872604944e-07,-1005.136368418333,762.7328995524988,95822,success_index1,S_L,gradient_tolerance,,raw_state_verified,run.py:numpy-batch
SI-pHiSD,0.00012589254117941674,0.002,2000000,225,-0.7859375000000001,1.340625,completed,0.06601892898357319,0.18404094175503607,9.998889666964457e-07,-1005.1363684168152,762.7328995338688,95861,success_index1,S_L,gradient_tolerance,,raw_state_verified,run.py:numpy-batch
SI-pHiSD,0.00012589254117941674,0.002,2000000,290,-0.7765625,1.378125,completed,1.2188619433205268,4.849183132750275,21808747566.072605,2055529713.3525403,193249235144.471,95954,state_safeguard,U,state_safeguard,source_norm2_gt_5,raw_state_verified,run.py:numpy-batch
SI-pHiSD,0.00012589254117941674,0.002,2000000,360,-0.7203125,1.415625,completed,0.06601892899437935,0.18404094175565006,9.999453694364402e-07,-1005.1363684181536,762.732899547427,96323,success_index1,S_L,gradient_tolerance,,raw_state_verified,run.py:numpy-batch
SI-pHiSD,0.00012589254117941674,0.002,2000000,461,-0.6734375,1.4718749999999998,completed,0.06601892900221248,0.18404094175602667,9.99978988158102e-07,-1005.1363684188457,762.732899557315,96341,success_index1,S_L,gradient_tolerance,,raw_state_verified,run.py:numpy-batch
SI-pHiSD,0.00012589254117941674,0.002,2000000,326,-0.7390625000000001,1.3968749999999999,completed,0.06601892899081503,0.18404094175536395,9.998426708027407e-07,-1005.1363684173725,762.732899543028,96804,success_index1,S_L,gradient_tolerance,,raw_state_verified,run.py:numpy-batch
SI-pHiSD,0.00012589254117941674,0.002,2000000,427,-0.6921875000000001,1.453125,completed,0.06601892899759564,0.18404094175560867,9.997790371442447e-07,-1005.1363684176404,762.7328995516585,97106,success_index1,S_L,gradient_tolerance,,raw_state_verified,run.py:numpy-batch
SI-pHiSD,0.00012589254117941674,0.002,2000000,292,-0.7578125,1.378125,completed,0.06601892898768981,0.18404094175512567,9.99771498554387e-07,-1005.1363684167382,762.7328995391601,97247,success_index1,S_L,gradient_tolerance,,raw_state_verified,run.py:numpy-batch
SI-pHiSD,0.00012589254117941674,0.002,2000000,494,-0.6640625,1.4906249999999999,completed,0.06601892900077481,0.18404094175571806,9.997561955015883e-07,-1005.136368417744,762.7328995557098,97519,success_index1,S_L,gradient_tolerance,,raw_state_verified,run.py:numpy-batch
SI-pHiSD,0.00012589254117941674,0.002,2000000,425,-0.7109375,1.453125,completed,1.218861625139466,4.849183873822309,21808820259.218857,2055536447.1687875,193249893227.2614,97627,state_safeguard,U,state_safeguard,source_norm2_gt_5,raw_state_verified,run.py:numpy-batch
SI-pHiSD,0.00012589254117941674,0.002,2000000,258,-0.7765625,1.359375,completed,0.06601892898506677,0.18404094175520191,9.999639731422234e-07,-1005.1363684173301,762.7328995356714,97631,success_index1,S_L,gradient_tolerance,,raw_state_verified,run.py:numpy-batch
SI-pHiSD,0.00012589254117941674,0.002,2000000,393,-0.7109375,1.434375,completed,0.06601892899339895,0.18404094175539779,9.997614360520987e-07,-1005.1363684172326,762.7328995463689,97921,success_index1,S_L,gradient_tolerance,,raw_state_verified,run.py:numpy-batch
SI-pHiSD,0.00012589254117941674,0.002,2000000,224,-0.7953125000000001,1.340625,completed,0.06601892898262353,0.18404094175502597,9.999273087494182e-07,-1005.1363684168762,762.7328995326388,97936,success_index1,S_L,gradient_tolerance,,raw_state_verified,run.py:numpy-batch
SI-pHiSD,0.00012589254117941674,0.002,2000000,460,-0.6828125,1.4718749999999998,completed,0.0660189289956137,0.1840409417555585,9.998131230050123e-07,-1005.1363684176488,762.7328995491173,98736,success_index1,S_L,gradient_tolerance,,raw_state_verified,run.py:numpy-batch
SI-pHiSD,0.00012589254117941674,0.002,2000000,359,-0.7296875,1.415625,completed,0.06601892899008917,0.18404094175524793,9.997713439526176e-07,-1005.1363684169778,762.732899542183,98783,success_index1,S_L,gradient_tolerance,,raw_state_verified,run.py:numpy-batch
SI-pHiSD,0.00012589254117941674,0.002,2000000,325,-0.7484375000000001,1.3968749999999999,completed,0.06601892898756524,0.18404094175532645,9.999565303979713e-07,-1005.1363684175687,762.7328995388215,99675,success_index1,S_L,gradient_tolerance,,raw_state_verified,run.py:numpy-batch
SI-pHiSD,0.00012589254117941674,0.002,2000000,426,-0.7015625000000001,1.453125,completed,0.06601892899127593,0.18404094175532873,9.997909916448362e-07,-1005.1363684171796,762.7328995436602,100244,success_index1,S_L,gradient_tolerance,,raw_state_verified,run.py:numpy-batch
SI-pHiSD,0.00012589254117941674,0.002,2000000,291,-0.7671875,1.378125,completed,0.06601892898533851,0.18404094175501834,9.997868784644298e-07,-1005.1363684165535,762.7328995361873,100565,success_index1,S_L,gradient_tolerance,,raw_state_verified,run.py:numpy-batch
SI-pHiSD,0.00012589254117941674,0.002,2000000,493,-0.6734375,1.4906249999999999,completed,0.06601892899295428,0.18404094175556426,9.99928696587864e-07,-1005.1363684179576,762.7328995456429,100996,success_index1,S_L,gradient_tolerance,,raw_state_verified,run.py:numpy-batch
SI-pHiSD,0.00012589254117941674,0.002,2000000,257,-0.7859375000000001,1.359375,completed,0.06601892898391906,0.1840409417551477,9.999716294012017e-07,-1005.1363684172327,762.7328995342218,101394,success_index1,S_L,gradient_tolerance,,raw_state_verified,run.py:numpy-batch
SI-pHiSD,0.00012589254117941674,0.002,2000000,392,-0.7203125,1.434375,completed,0.06601892898802504,0.1840409417553522,9.99958181568836e-07,-1005.1363684176238,762.7328995393989,102253,success_index1,S_L,gradient_tolerance,,raw_state_verified,run.py:numpy-batch
SI-pHiSD,0.00012589254117941674,0.002,2000000,459,-0.6921875000000001,1.4718749999999998,completed,0.06601892898761315,0.18404094175520092,9.998422589294147e-07,-1005.1363684170526,762.7328995389939,104883,success_index1,S_L,gradient_tolerance,,raw_state_verified,run.py:numpy-batch
SI-pHiSD,0.00012589254117941674,0.002,2000000,358,-0.7390625000000001,1.415625,completed,0.06601892898538124,0.18404094175501626,9.997829826661586e-07,-1005.1363684165406,762.7328995362443,105405,success_index1,S_L,gradient_tolerance,,raw_state_verified,run.py:numpy-batch
SI-pHiSD,0.00012589254117941674,0.002,2000000,324,-0.7578125,1.3968749999999999,completed,0.06601892898326472,0.18404094175495483,9.998316628085438e-07,-1005.136368416518,762.7328995335375,117596,success_index1,S_L,gradient_tolerance,,raw_state_verified,run.py:numpy-batch
