method,eta,tau,budget,start_id,x0,y0,execution_status,raw_x,raw_y,grad_norm,lambda1,lambda2,n_outer_updates,terminal_category,endpoint,stop_reason,failure_reason,certification_reason,source
SI-pHiSD,0.01995262314968881,0.002,2000000,480,-0.7953125000000001,1.4906249999999999,completed,-4.864354168083307,1.1855835084491375,1968738.7986228555,341700.4222054817,11818693.343176091,247,state_safeguard,U,state_safeguard,source_norm2_gt_5,raw_state_verified,run.py:numpy-batch
SI-pHiSD,0.01995262314968881,0.002,2000000,486,-0.7390625000000001,1.4906249999999999,completed,-4.90782890529983,0.9861026139625745,4060785.971966897,650745.1041605825,25486155.972002283,286,state_safeguard,U,state_safeguard,source_norm2_gt_5,raw_state_verified,run.py:numpy-batch
SI-pHiSD,0.01995262314968881,0.002,2000000,481,-0.7859375000000001,1.4906249999999999,completed,-4.927517862643615,0.8564532129097012,6412253.125878153,981606.7115649693,41327076.9400647,290,state_safeguard,U,state_safeguard,source_norm2_gt_5,raw_state_verified,run.py:numpy-batch
SI-pHiSD,0.01995262314968881,0.002,2000000,483,-0.7671875,1.4906249999999999,completed,-4.934468404127782,0.8357639377104693,7070097.018619659,1073690.5201656318,45798159.85950411,294,state_safeguard,U,state_safeguard,source_norm2_gt_5,raw_state_verified,run.py:numpy-batch
SI-pHiSD,0.01995262314968881,0.002,2000000,419,-0.7671875,1.453125,completed,-4.913137021025159,0.9322352987323005,4813123.587225739,757082.2258763307,30524001.98401217,299,state_safeguard,U,state_safeguard,source_norm2_gt_5,raw_state_verified,run.py:numpy-batch
SI-pHiSD,0.01995262314968881,0.002,2000000,354,-0.7765625,1.415625,completed,-4.898142431706919,1.019324307590159,3532995.1138804723,573708.6611231051,21998764.528330736,302,state_safeguard,U,state_safeguard,source_norm2_gt_5,raw_state_verified,run.py:numpy-batch
SI-pHiSD,0.01995262314968881,0.002,2000000,482,-0.7765625,1.4906249999999999,completed,-4.955031830870284,0.713925356826166,11315998.756712211,1648520.1941525557,75164023.96083826,309,state_safeguard,U,state_safeguard,source_norm2_gt_5,raw_state_verified,run.py:numpy-batch
SI-pHiSD,0.01995262314968881,0.002,2000000,487,-0.7296875,1.4906249999999999,completed,-4.9536557774595735,0.6958289325566162,11842823.161339317,1716552.1455308879,78879081.49193169,336,state_safeguard,U,state_safeguard,source_norm2_gt_5,raw_state_verified,run.py:numpy-batch
SI-pHiSD,0.01995262314968881,0.002,2000000,421,-0.7484375000000001,1.453125,completed,-4.977267174881174,0.5276664292491532,23003233.57286741,3158464.9254242,158372565.58560336,363,state_safeguard,U,state_safeguard,source_norm2_gt_5,raw_state_verified,run.py:numpy-batch
SI-pHiSD,0.01995262314968881,0.002,2000000,113,-0.6359375,1.265625,completed,-0.31845819993514224,4.99356049286213,51530314.39760722,6655259.353284006,368456510.97685295,385,state_safeguard,U,state_safeguard,source_norm2_gt_5,raw_state_verified,run.py:numpy-batch
SI-pHiSD,0.01995262314968881,0.002,2000000,16,-0.6453125000000001,1.2093749999999999,completed,-0.3146436062079202,4.990983040748867,51397858.78243624,6634841.473301311,367546469.37160796,387,state_safeguard,U,state_safeguard,source_norm2_gt_5,raw_state_verified,run.py:numpy-batch
SI-pHiSD,0.01995262314968881,0.002,2000000,451,-0.7671875,1.4718749999999998,completed,-4.996481466437243,0.23886312830792122,69791342.30025394,8817300.166706787,505847490.5175073,389,state_safeguard,U,state_safeguard,source_norm2_gt_5,raw_state_verified,run.py:numpy-batch
SI-pHiSD,0.01995262314968881,0.002,2000000,39,-0.7296875,1.228125,completed,-0.31243593014689813,4.991144151662688,51852054.26207534,6689263.526856569,370940477.0274927,391,state_safeguard,U,state_safeguard,source_norm2_gt_5,raw_state_verified,run.py:numpy-batch
SI-pHiSD,0.01995262314968881,0.002,2000000,83,-0.6171875,1.246875,completed,-0.28399727794306084,4.992775107050716,57951055.98637148,7416671.989367635,416640135.49037826,391,state_safeguard,U,state_safeguard,source_norm2_gt_5,raw_state_verified,run.py:numpy-batch
SI-pHiSD,0.01995262314968881,0.002,2000000,485,-0.7484375000000001,1.4906249999999999,completed,-4.99949060432324,0.20181468542423708,81464885.79459973,10186664.603248576,594378811.5684757,391,state_safeguard,U,state_safeguard,source_norm2_gt_5,raw_state_verified,run.py:numpy-batch
SI-pHiSD,0.01995262314968881,0.002,2000000,455,-0.7296875,1.4718749999999998,completed,-4.992968196779435,0.26571035346200406,61953219.28347597,7888366.500921171,446762241.0437824,404,state_safeguard,U,state_safeguard,source_norm2_gt_5,raw_state_verified,run.py:numpy-batch
SI-pHiSD,0.01995262314968881,0.002,2000000,420,-0.7578125,1.453125,completed,-4.998221643842429,0.1593890075151529,94632014.63208601,11706847.820381075,695035879.5846323,414,state_safeguard,U,state_safeguard,source_norm2_gt_5,raw_state_verified,run.py:numpy-batch
SI-pHiSD,0.01995262314968881,0.002,2000000,301,-0.6734375,1.378125,completed,-0.27824082772409725,4.995093572901357,60019278.00707987,7665927.976619549,432117212.56873566,415,state_safeguard,U,state_safeguard,source_norm2_gt_5,raw_state_verified,run.py:numpy-batch
SI-pHiSD,0.01995262314968881,0.002,2000000,56,-0.5703125,1.228125,completed,-5.0021860107838,-0.033449866360493366,205245416.53835228,24177273.01418006,1556104198.3483515,416,state_safeguard,U,state_safeguard,source_norm2_gt_5,raw_state_verified,run.py:numpy-batch
SI-pHiSD,0.01995262314968881,0.002,2000000,292,-0.7578125,1.378125,completed,-0.2306107370272458,4.997921383118107,72574567.15796492,9147916.71243834,526878071.86233974,489,state_safeguard,U,state_safeguard,source_norm2_gt_5,raw_state_verified,run.py:numpy-batch
SI-pHiSD,0.01995262314968881,0.002,2000000,488,-0.7203125,1.4906249999999999,completed,-4.986196768395419,-0.40596922349008485,908043816.9925351,98429041.19102262,7279190144.679838,519,state_safeguard,U,state_safeguard,source_norm2_gt_5,raw_state_verified,run.py:numpy-batch
SI-pHiSD,0.01995262314968881,0.002,2000000,30,-0.5140625000000001,1.2093749999999999,completed,0.06601892758022747,0.18404094034964735,9.678572031491417e-07,-1005.1363628494986,762.7328989353681,532,success_index1,S_L,gradient_tolerance,,raw_state_verified,run.py:numpy-batch
SI-pHiSD,0.01995262314968881,0.002,2000000,57,-0.5609375000000001,1.228125,completed,0.06601892862510403,0.18404094165624799,9.74306300130318e-07,-1005.1363680533598,762.732899152861,541,success_index1,S_L,gradient_tolerance,,raw_state_verified,run.py:numpy-batch
SI-pHiSD,0.01995262314968881,0.002,2000000,29,-0.5234375,1.2093749999999999,completed,0.06601892756458079,0.18404094025033182,9.833415244790114e-07,-1005.1363624471053,762.7328990020299,542,success_index1,S_L,gradient_tolerance,,raw_state_verified,run.py:numpy-batch
SI-pHiSD,0.01995262314968881,0.002,2000000,31,-0.5046875000000001,1.2093749999999999,completed,0.06601892758892884,0.18404094038739363,9.616812385291404e-07,-1005.1363630021386,762.7328989136254,543,success_index1,S_L,gradient_tolerance,,raw_state_verified,run.py:numpy-batch
SI-pHiSD,0.01995262314968881,0.002,2000000,58,-0.5515625000000001,1.228125,completed,0.06601892845083912,0.18404094160122444,9.888316076743267e-07,-1005.1363678481948,762.7328989737753,544,success_index1,S_L,gradient_tolerance,,raw_state_verified,run.py:numpy-batch
SI-pHiSD,0.01995262314968881,0.002,2000000,63,-0.5046875000000001,1.228125,completed,0.06601892755558787,0.1840409402683842,9.897257115128177e-07,-1005.1363625215178,762.7328989744718,544,success_index1,S_L,gradient_tolerance,,raw_state_verified,run.py:numpy-batch
SI-pHiSD,0.01995262314968881,0.002,2000000,93,-0.5234375,1.246875,completed,0.06601892878298032,0.18404094169133875,9.665899228473712e-07,-1005.1363681791858,762.7328993280431,544,success_index1,S_L,gradient_tolerance,,raw_state_verified,run.py:numpy-batch
SI-pHiSD,0.01995262314968881,0.002,2000000,123,-0.5421875,1.265625,completed,0.06601892792585562,0.18404094121825987,9.96860445834127e-07,-1005.1363663464181,762.7328986246974,544,success_index1,S_L,gradient_tolerance,,raw_state_verified,run.py:numpy-batch
SI-pHiSD,0.01995262314968881,0.002,2000000,127,-0.5046875000000001,1.265625,completed,0.06601892884109381,0.18404094169744287,9.621135333124265e-07,-1005.1363681977843,762.7328993984999,544,success_index1,S_L,gradient_tolerance,,raw_state_verified,run.py:numpy-batch
SI-pHiSD,0.01995262314968881,0.002,2000000,223,-0.5046875000000001,1.321875,completed,0.06601892783570724,0.1840409410786141,9.783648016312019e-07,-1005.1363657879336,762.732898629532,544,success_index1,S_L,gradient_tolerance,,raw_state_verified,run.py:numpy-batch
SI-pHiSD,0.01995262314968881,0.002,2000000,24,-0.5703125,1.2093749999999999,completed,0.0660189284291598,0.18404094157273557,9.730412511923663e-07,-1005.1363677346118,762.7328989704725,545,success_index1,S_L,gradient_tolerance,,raw_state_verified,run.py:numpy-batch
SI-pHiSD,0.01995262314968881,0.002,2000000,125,-0.5234375,1.265625,completed,0.06601892816490448,0.18404094143929753,9.992017668953775e-07,-1005.1363672200707,762.7328987427435,545,success_index1,S_L,gradient_tolerance,,raw_state_verified,run.py:numpy-batch
SI-pHiSD,0.01995262314968881,0.002,2000000,159,-0.5046875000000001,1.284375,completed,0.06601892816889472,0.18404094140868993,9.722817074735581e-07,-1005.136367095113,762.7328987747832,545,success_index1,S_L,gradient_tolerance,,raw_state_verified,run.py:numpy-batch
SI-pHiSD,0.01995262314968881,0.002,2000000,221,-0.5234375,1.321875,completed,0.06601892778939293,0.1840409410269232,9.863835800238145e-07,-1005.1363655825958,762.7328986144344,545,success_index1,S_L,gradient_tolerance,,raw_state_verified,run.py:numpy-batch
SI-pHiSD,0.01995262314968881,0.002,2000000,255,-0.5046875000000001,1.340625,completed,0.06601892779991995,0.18404094102679727,9.777808906503431e-07,-1005.1363655809539,762.7328986282769,545,success_index1,S_L,gradient_tolerance,,raw_state_verified,run.py:numpy-batch
SI-pHiSD,0.01995262314968881,0.002,2000000,25,-0.5609375000000001,1.2093749999999999,completed,0.06601892903921792,0.18404094174142335,9.862872519722492e-07,-1005.1363683554596,762.7328996183909,546,success_index1,S_L,gradient_tolerance,,raw_state_verified,run.py:numpy-batch
SI-pHiSD,0.01995262314968881,0.002,2000000,26,-0.5515625000000001,1.2093749999999999,completed,0.06601892769204634,0.18404093985654618,9.87285807311204e-07,-1005.1363608312809,762.73289951355,546,success_index1,S_L,gradient_tolerance,,raw_state_verified,run.py:numpy-batch
SI-pHiSD,0.01995262314968881,0.002,2000000,27,-0.5421875,1.2093749999999999,completed,0.06601892764890206,0.18404093997370147,9.723665876110473e-07,-1005.1363613125654,762.7328993545557,546,success_index1,S_L,gradient_tolerance,,raw_state_verified,run.py:numpy-batch
SI-pHiSD,0.01995262314968881,0.002,2000000,28,-0.5328125000000001,1.2093749999999999,completed,0.06601892757263145,0.184040940104227,9.95527843095842e-07,-1005.1363618518036,762.732899140626,546,success_index1,S_L,gradient_tolerance,,raw_state_verified,run.py:numpy-batch
SI-pHiSD,0.01995262314968881,0.002,2000000,55,-0.5796875,1.228125,completed,0.06601892797828551,0.18404094124534717,9.770965801172484e-07,-1005.136366450998,762.7328986693432,546,success_index1,S_L,gradient_tolerance,,raw_state_verified,run.py:numpy-batch
SI-pHiSD,0.01995262314968881,0.002,2000000,59,-0.5421875,1.228125,completed,0.0660189290518022,0.18404094172463462,9.715301056789666e-07,-1005.1363682858024,762.7328996495265,546,success_index1,S_L,gradient_tolerance,,raw_state_verified,run.py:numpy-batch
SI-pHiSD,0.01995262314968881,0.002,2000000,61,-0.5234375,1.228125,completed,0.06601892761716929,0.18404093998250656,9.92159437564848e-07,-1005.1363613517957,762.7328993054408,546,success_index1,S_L,gradient_tolerance,,raw_state_verified,run.py:numpy-batch
SI-pHiSD,0.01995262314968881,0.002,2000000,87,-0.5796875,1.246875,completed,0.06601892786562216,0.18404094111128963,9.742712462633644e-07,-1005.1363659176659,762.732898639908,546,success_index1,S_L,gradient_tolerance,,raw_state_verified,run.py:numpy-batch
SI-pHiSD,0.01995262314968881,0.002,2000000,89,-0.5609375000000001,1.246875,completed,0.06601892796358873,0.18404094124110265,9.847686995632214e-07,-1005.1363664353058,762.7328986538932,546,success_index1,S_L,gradient_tolerance,,raw_state_verified,run.py:numpy-batch
SI-pHiSD,0.01995262314968881,0.002,2000000,188,-0.5328125000000001,1.3031249999999999,completed,0.06601892784253846,0.18404094106772073,9.66609842715285e-07,-1005.1363657428801,762.7328986479935,546,success_index1,S_L,gradient_tolerance,,raw_state_verified,run.py:numpy-batch
SI-pHiSD,0.01995262314968881,0.002,2000000,189,-0.5234375,1.3031249999999999,completed,0.06601892784735255,0.1840409411055449,9.851007927652737e-07,-1005.1363658962539,762.7328986211119,546,success_index1,S_L,gradient_tolerance,,raw_state_verified,run.py:numpy-batch
SI-pHiSD,0.01995262314968881,0.002,2000000,253,-0.5234375,1.340625,completed,0.06601892775737568,0.18404094099083448,9.933817369982998e-07,-1005.1363654392025,762.7328986043084,546,success_index1,S_L,gradient_tolerance,,raw_state_verified,run.py:numpy-batch
SI-pHiSD,0.01995262314968881,0.002,2000000,287,-0.5046875000000001,1.359375,completed,0.0660189277701302,0.18404094099240556,9.837187849742342e-07,-1005.1363654442256,762.732898619569,546,success_index1,S_L,gradient_tolerance,,raw_state_verified,run.py:numpy-batch
SI-pHiSD,0.01995262314968881,0.002,2000000,19,-0.6171875,1.2093749999999999,completed,0.06601892788041969,0.18404094115394576,9.89230525289831e-07,-1005.1363660896275,762.7328986218132,547,success_index1,S_L,gradient_tolerance,,raw_state_verified,run.py:numpy-batch
SI-pHiSD,0.01995262314968881,0.002,2000000,62,-0.5140625000000001,1.228125,completed,0.06601892758140367,0.18404094013085598,9.83930303165709e-07,-1005.136361959204,762.7328991287233,547,success_index1,S_L,gradient_tolerance,,raw_state_verified,run.py:numpy-batch
SI-pHiSD,0.01995262314968881,0.002,2000000,85,-0.5984375000000001,1.246875,completed,0.06601892782099349,0.1840409410500658,9.737208345125024e-07,-1005.1363656733619,762.7328986353671,547,success_index1,S_L,gradient_tolerance,,raw_state_verified,run.py:numpy-batch
SI-pHiSD,0.01995262314968881,0.002,2000000,95,-0.5046875000000001,1.246875,completed,0.06601892762577594,0.18404094002748883,9.730615494153661e-07,-1005.1363615338857,762.7328992772304,547,success_index1,S_L,gradient_tolerance,,raw_state_verified,run.py:numpy-batch
SI-pHiSD,0.01995262314968881,0.002,2000000,219,-0.5421875,1.321875,completed,0.06601892775471346,0.18404094098758897,9.938977951759782e-07,-1005.1363654262836,762.732898603681,547,success_index1,S_L,gradient_tolerance,,raw_state_verified,run.py:numpy-batch
SI-pHiSD,0.01995262314968881,0.002,2000000,60,-0.5328125000000001,1.228125,completed,0.066018927727338,0.18404093985974182,9.636805984228375e-07,-1005.1363608404947,762.732899556786,548,success_index1,S_L,gradient_tolerance,,raw_state_verified,run.py:numpy-batch
SI-pHiSD,0.01995262314968881,0.002,2000000,92,-0.5328125000000001,1.246875,completed,0.06601892869976597,0.18404094170141633,9.945063991567273e-07,-1005.1363682291177,762.7328992106562,548,success_index1,S_L,gradient_tolerance,,raw_state_verified,run.py:numpy-batch
SI-pHiSD,0.01995262314968881,0.002,2000000,157,-0.5234375,1.284375,completed,0.06601892796662763,0.18404094121420742,9.641305967446333e-07,-1005.1363663255543,762.732898681437,548,success_index1,S_L,gradient_tolerance,,raw_state_verified,run.py:numpy-batch
SI-pHiSD,0.01995262314968881,0.002,2000000,184,-0.5703125,1.3031249999999999,completed,0.06601892776556913,0.18404094096324558,9.725558486267524e-07,-1005.136365326076,762.7328986391847,548,success_index1,S_L,gradient_tolerance,,raw_state_verified,run.py:numpy-batch
SI-pHiSD,0.01995262314968881,0.002,2000000,187,-0.5421875,1.3031249999999999,completed,0.06601892779398709,0.18404094102040225,9.791125345078617e-07,-1005.136365555572,762.7328986261444,548,success_index1,S_L,gradient_tolerance,,raw_state_verified,run.py:numpy-batch
SI-pHiSD,0.01995262314968881,0.002,2000000,190,-0.5140625000000001,1.3031249999999999,completed,0.06601892793171509,0.1840409411910944,9.744267448848885e-07,-1005.1363662352647,762.7328986561578,548,success_index1,S_L,gradient_tolerance,,raw_state_verified,run.py:numpy-batch
SI-pHiSD,0.01995262314968881,0.002,2000000,218,-0.5515625000000001,1.321875,completed,0.06601892777969304,0.1840409409645313,9.615268857045593e-07,-1005.1363653297913,762.7328986564814,548,success_index1,S_L,gradient_tolerance,,raw_state_verified,run.py:numpy-batch
SI-pHiSD,0.01995262314968881,0.002,2000000,284,-0.5328125000000001,1.359375,completed,0.06601892773147328,0.18404094095540915,9.969455392858453e-07,-1005.1363652978521,762.7328986015774,548,success_index1,S_L,gradient_tolerance,,raw_state_verified,run.py:numpy-batch
SI-pHiSD,0.01995262314968881,0.002,2000000,318,-0.5140625000000001,1.378125,completed,0.06601892773836625,0.18404094096053958,9.937497548863306e-07,-1005.1363653179856,762.7328986060714,548,success_index1,S_L,gradient_tolerance,,raw_state_verified,run.py:numpy-batch
SI-pHiSD,0.01995262314968881,0.002,2000000,319,-0.5046875000000001,1.378125,completed,0.06601892776322955,0.18404094095599097,9.708650561627338e-07,-1005.1363652968109,762.7328986424932,548,success_index1,S_L,gradient_tolerance,,raw_state_verified,run.py:numpy-batch
SI-pHiSD,0.01995262314968881,0.002,2000000,18,-0.6265625,1.2093749999999999,completed,0.06601892785741219,0.18404094112177996,9.870530946614566e-07,-1005.136365961228,762.7328986200007,549,success_index1,S_L,gradient_tolerance,,raw_state_verified,run.py:numpy-batch
SI-pHiSD,0.01995262314968881,0.002,2000000,50,-0.6265625,1.228125,completed,0.06601892780634483,0.18404094103894816,9.792811943245704e-07,-1005.1363656297015,762.732898626005,549,success_index1,S_L,gradient_tolerance,,raw_state_verified,run.py:numpy-batch
SI-pHiSD,0.01995262314968881,0.002,2000000,54,-0.5890625,1.228125,completed,0.06601892794176233,0.18404094119389997,9.688054618968384e-07,-1005.1363662456006,762.7328986668048,549,success_index1,S_L,gradient_tolerance,,raw_state_verified,run.py:numpy-batch
SI-pHiSD,0.01995262314968881,0.002,2000000,152,-0.5703125,1.284375,completed,0.06601892780055083,0.18404094101960475,9.733499736302505e-07,-1005.1363655516227,762.7328986354062,549,success_index1,S_L,gradient_tolerance,,raw_state_verified,run.py:numpy-batch
SI-pHiSD,0.01995262314968881,0.002,2000000,250,-0.5515625000000001,1.340625,completed,0.06601892772847179,0.18404094094414106,9.939537240636452e-07,-1005.1363652523287,762.7328986075414,549,success_index1,S_L,gradient_tolerance,,raw_state_verified,run.py:numpy-batch
SI-pHiSD,0.01995262314968881,0.002,2000000,252,-0.5328125000000001,1.340625,completed,0.06601892775738999,0.1840409409766195,9.860787616392722e-07,-1005.1363653813662,762.7328986167897,549,success_index1,S_L,gradient_tolerance,,raw_state_verified,run.py:numpy-batch
SI-pHiSD,0.01995262314968881,0.002,2000000,283,-0.5421875,1.359375,completed,0.0660189277266895,0.18404094094893356,9.97763084989037e-07,-1005.136365272019,762.7328986010144,549,success_index1,S_L,gradient_tolerance,,raw_state_verified,run.py:numpy-batch
SI-pHiSD,0.01995262314968881,0.002,2000000,285,-0.5234375,1.359375,completed,0.06601892775561165,0.18404094095261492,9.755118849795198e-07,-1005.1363652838929,762.7328986355152,549,success_index1,S_L,gradient_tolerance,,raw_state_verified,run.py:numpy-batch
SI-pHiSD,0.01995262314968881,0.002,2000000,51,-0.6171875,1.228125,completed,0.06601892783392731,0.18404094108849173,9.855555640524173e-07,-1005.1363658283126,762.7328986185499,550,success_index1,S_L,gradient_tolerance,,raw_state_verified,run.py:numpy-batch
SI-pHiSD,0.01995262314968881,0.002,2000000,82,-0.6265625,1.246875,completed,0.06601892775988413,0.1840409409835478,9.875635105466794e-07,-1005.136365409287,762.7328986139689,550,success_index1,S_L,gradient_tolerance,,raw_state_verified,run.py:numpy-batch
SI-pHiSD,0.01995262314968881,0.002,2000000,121,-0.5609375000000001,1.265625,completed,0.06601892787064109,0.1840409411316125,9.828181674890096e-07,-1005.1363659998125,762.7328986286371,550,success_index1,S_L,gradient_tolerance,,raw_state_verified,run.py:numpy-batch
SI-pHiSD,0.01995262314968881,0.002,2000000,149,-0.5984375000000001,1.284375,completed,0.06601892773221689,0.18404094096064777,9.989083716535285e-07,-1005.1363653190857,762.7328985979547,550,success_index1,S_L,gradient_tolerance,,raw_state_verified,run.py:numpy-batch
SI-pHiSD,0.01995262314968881,0.002,2000000,249,-0.5609375000000001,1.340625,completed,0.06601892775770735,0.1840409409288345,9.62183602017597e-07,-1005.1363651869157,762.7328986590982,550,success_index1,S_L,gradient_tolerance,,raw_state_verified,run.py:numpy-batch
SI-pHiSD,0.01995262314968881,0.002,2000000,17,-0.6359375,1.2093749999999999,completed,0.06601892783479367,0.18404094107502875,9.770032674536808e-07,-1005.1363657734445,762.7328986314833,551,success_index1,S_L,gradient_tolerance,,raw_state_verified,run.py:numpy-batch
SI-pHiSD,0.01995262314968881,0.002,2000000,47,-0.6546875000000001,1.228125,completed,0.06601892775515505,0.18404094096581697,9.82466184321831e-07,-1005.1363653376552,762.7328986233451,551,success_index1,S_L,gradient_tolerance,,raw_state_verified,run.py:numpy-batch
SI-pHiSD,0.01995262314968881,0.002,2000000,118,-0.5890625,1.265625,completed,0.0660189278114604,0.18404094102619215,9.681057798074564e-07,-1005.1363655772534,762.7328986438622,551,success_index1,S_L,gradient_tolerance,,raw_state_verified,run.py:numpy-batch
SI-pHiSD,0.01995262314968881,0.002,2000000,119,-0.5796875,1.265625,completed,0.06601892784329765,0.18404094106179167,9.625801482221777e-07,-1005.1363657186757,762.7328986541822,551,success_index1,S_L,gradient_tolerance,,raw_state_verified,run.py:numpy-batch
SI-pHiSD,0.01995262314968881,0.002,2000000,150,-0.5890625,1.284375,completed,0.06601892777151189,0.1840409409792505,9.757808412457765e-07,-1005.136365390555,762.7328986329048,551,success_index1,S_L,gradient_tolerance,,raw_state_verified,run.py:numpy-batch
SI-pHiSD,0.01995262314968881,0.002,2000000,151,-0.5796875,1.284375,completed,0.06601892777578972,0.18404094101993523,9.936585607198716e-07,-1005.1363655556247,762.732898602816,551,success_index1,S_L,gradient_tolerance,,raw_state_verified,run.py:numpy-batch
SI-pHiSD,0.01995262314968881,0.002,2000000,214,-0.5890625,1.321875,completed,0.06601892772456483,0.18404094091869963,9.851248582503085e-07,-1005.1363651492379,762.7328986247499,551,success_index1,S_L,gradient_tolerance,,raw_state_verified,run.py:numpy-batch
SI-pHiSD,0.01995262314968881,0.002,2000000,215,-0.5796875,1.321875,completed,0.06601892773770032,0.18404094093001272,9.794639429193973e-07,-1005.1363651938562,762.7328986319663,551,success_index1,S_L,gradient_tolerance,,raw_state_verified,run.py:numpy-batch
SI-pHiSD,0.01995262314968881,0.002,2000000,248,-0.5703125,1.340625,completed,0.06601892775316574,0.18404094092144216,9.624528336272802e-07,-1005.1363651573265,762.732898659655,551,success_index1,S_L,gradient_tolerance,,raw_state_verified,run.py:numpy-batch
SI-pHiSD,0.01995262314968881,0.002,2000000,286,-0.5140625000000001,1.359375,completed,0.06601892778798292,0.1840409410029477,9.746419833740136e-07,-1005.136365485201,762.7328986336148,551,success_index1,S_L,gradient_tolerance,,raw_state_verified,run.py:numpy-batch
SI-pHiSD,0.01995262314968881,0.002,2000000,383,-0.5046875000000001,1.415625,completed,0.0660189277473615,0.1840409409290743,9.709407411689483e-07,-1005.1363651890018,762.7328986453921,551,success_index1,S_L,gradient_tolerance,,raw_state_verified,run.py:numpy-batch
SI-pHiSD,0.01995262314968881,0.002,2000000,13,-0.6734375,1.2093749999999999,completed,0.06601892776308892,0.18404094099750887,9.92157444440721e-07,-1005.1363654657448,762.7328986059093,552,success_index1,S_L,gradient_tolerance,,raw_state_verified,run.py:numpy-batch
SI-pHiSD,0.01995262314968881,0.002,2000000,15,-0.6546875000000001,1.2093749999999999,completed,0.06601892780608323,0.18404094100664303,9.618521305029276e-07,-1005.1363654982936,762.7328986539868,552,success_index1,S_L,gradient_tolerance,,raw_state_verified,run.py:numpy-batch
SI-pHiSD,0.01995262314968881,0.002,2000000,117,-0.5984375000000001,1.265625,completed,0.06601892781309777,0.18404094103503416,9.716626079668825e-07,-1005.136365613052,762.732898638246,552,success_index1,S_L,gradient_tolerance,,raw_state_verified,run.py:numpy-batch
SI-pHiSD,0.01995262314968881,0.002,2000000,213,-0.5984375000000001,1.321875,completed,0.06601892772185959,0.18404094090908577,9.829363822893634e-07,-1005.1363651104135,762.7328986296493,552,success_index1,S_L,gradient_tolerance,,raw_state_verified,run.py:numpy-batch
SI-pHiSD,0.01995262314968881,0.002,2000000,217,-0.5609375000000001,1.321875,completed,0.06601892776896735,0.18404094097283272,9.745976060713447e-07,-1005.1363653647173,762.7328986352118,552,success_index1,S_L,gradient_tolerance,,raw_state_verified,run.py:numpy-batch
SI-pHiSD,0.01995262314968881,0.002,2000000,247,-0.5796875,1.340625,completed,0.06601892773726817,0.18404094091554568,9.729945445355693e-07,-1005.1363651350425,762.7328986440864,552,success_index1,S_L,gradient_tolerance,,raw_state_verified,run.py:numpy-batch
SI-pHiSD,0.01995262314968881,0.002,2000000,282,-0.5515625000000001,1.359375,completed,0.0660189277263009,0.18404094093342,9.906185098334834e-07,-1005.1363652089426,762.7328986141089,552,success_index1,S_L,gradient_tolerance,,raw_state_verified,run.py:numpy-batch
SI-pHiSD,0.01995262314968881,0.002,2000000,317,-0.5234375,1.378125,completed,0.06601892774975167,0.18404094094958323,9.788873648946101e-07,-1005.1363652721872,762.7328986305289,552,success_index1,S_L,gradient_tolerance,,raw_state_verified,run.py:numpy-batch
SI-pHiSD,0.01995262314968881,0.002,2000000,349,-0.5234375,1.3968749999999999,completed,0.0660189277339261,0.18404094091821657,9.77047606497033e-07,-1005.1363651462678,762.7328986373849,552,success_index1,S_L,gradient_tolerance,,raw_state_verified,run.py:numpy-batch
SI-pHiSD,0.01995262314968881,0.002,2000000,382,-0.5140625000000001,1.415625,completed,0.06601892774912399,0.1840409409218924,9.66048521298233e-07,-1005.1363651595925,762.7328986539876,552,success_index1,S_L,gradient_tolerance,,raw_state_verified,run.py:numpy-batch
SI-pHiSD,0.01995262314968881,0.002,2000000,11,-0.6921875000000001,1.2093749999999999,completed,0.06601892773503608,0.1840409409373117,9.851841390898228e-07,-1005.1363652238388,762.7328986220914,553,success_index1,S_L,gradient_tolerance,,raw_state_verified,run.py:numpy-batch
SI-pHiSD,0.01995262314968881,0.002,2000000,12,-0.6828125,1.2093749999999999,completed,0.06601892776663323,0.1840409409488906,9.645190843734403e-07,-1005.1363652675572,762.7328986531584,553,success_index1,S_L,gradient_tolerance,,raw_state_verified,run.py:numpy-batch
SI-pHiSD,0.01995262314968881,0.002,2000000,48,-0.6453125000000001,1.228125,completed,0.0660189278055778,0.18404094101480045,9.666622797058625e-07,-1005.1363655315367,762.7328986461758,553,success_index1,S_L,gradient_tolerance,,raw_state_verified,run.py:numpy-batch
SI-pHiSD,0.01995262314968881,0.002,2000000,88,-0.5703125,1.246875,completed,0.06601892793579232,0.18404094122648365,9.950702190538474e-07,-1005.1363663788103,762.7328986304498,553,success_index1,S_L,gradient_tolerance,,raw_state_verified,run.py:numpy-batch
SI-pHiSD,0.01995262314968881,0.002,2000000,147,-0.6171875,1.284375,completed,0.06601892773299796,0.1840409409410578,9.88689278839991e-07,-1005.1363652392987,762.7328986161488,553,success_index1,S_L,gradient_tolerance,,raw_state_verified,run.py:numpy-batch
SI-pHiSD,0.01995262314968881,0.002,2000000,212,-0.6078125000000001,1.321875,completed,0.0660189277083449,0.18404094090206752,9.911032655183029e-07,-1005.1363650833098,762.7328986181728,553,success_index1,S_L,gradient_tolerance,,raw_state_verified,run.py:numpy-batch
SI-pHiSD,0.01995262314968881,0.002,2000000,246,-0.5890625,1.340625,completed,0.06601892773003332,0.18404094090702283,9.751136226649254e-07,-1005.1363651011434,762.7328986421209,553,success_index1,S_L,gradient_tolerance,,raw_state_verified,run.py:numpy-batch
SI-pHiSD,0.01995262314968881,0.002,2000000,348,-0.5328125000000001,1.3968749999999999,completed,0.0660189277403835,0.1840409409086734,9.671791624670057e-07,-1005.1363651067478,762.7328986541754,553,success_index1,S_L,gradient_tolerance,,raw_state_verified,run.py:numpy-batch
SI-pHiSD,0.01995262314968881,0.002,2000000,350,-0.5140625000000001,1.3968749999999999,completed,0.0660189277460609,0.18404094094132437,9.77927084156861e-07,-1005.1363652389815,762.7328986329552,553,success_index1,S_L,gradient_tolerance,,raw_state_verified,run.py:numpy-batch
SI-pHiSD,0.01995262314968881,0.002,2000000,381,-0.5234375,1.415625,completed,0.0660189277438086,0.18404094091542428,9.674528206329303e-07,-1005.1363651338471,762.7328986527243,553,success_index1,S_L,gradient_tolerance,,raw_state_verified,run.py:numpy-batch
SI-pHiSD,0.01995262314968881,0.002,2000000,415,-0.5046875000000001,1.434375,completed,0.0660189277467172,0.18404094092415035,9.69133669122889e-07,-1005.1363651690375,762.7328986488683,553,success_index1,S_L,gradient_tolerance,,raw_state_verified,run.py:numpy-batch
SI-pHiSD,0.01995262314968881,0.002,2000000,115,-0.6171875,1.265625,completed,0.06601892776495033,0.1840409409830613,9.831417996856415e-07,-1005.1363654067641,762.7328986210043,554,success_index1,S_L,gradient_tolerance,,raw_state_verified,run.py:numpy-batch
SI-pHiSD,0.01995262314968881,0.002,2000000,245,-0.5984375000000001,1.340625,completed,0.06601892772722331,0.18404094089659453,9.727106634956954e-07,-1005.1363650590164,762.7328986475978,554,success_index1,S_L,gradient_tolerance,,raw_state_verified,run.py:numpy-batch
SI-pHiSD,0.01995262314968881,0.002,2000000,280,-0.5703125,1.359375,completed,0.06601892772369318,0.18404094094379053,9.97770124992678e-07,-1005.1363652514158,762.7328986016148,554,success_index1,S_L,gradient_tolerance,,raw_state_verified,run.py:numpy-batch
SI-pHiSD,0.01995262314968881,0.002,2000000,281,-0.5609375000000001,1.359375,completed,0.06601892776769551,0.18404094094664614,9.625289300784956e-07,-1005.1363652583117,762.7328986565117,554,success_index1,S_L,gradient_tolerance,,raw_state_verified,run.py:numpy-batch
SI-pHiSD,0.01995262314968881,0.002,2000000,347,-0.5421875,1.3968749999999999,completed,0.06601892772174428,0.18404094090619702,9.817053495130897e-07,-1005.1363650986729,762.7328986320316,554,success_index1,S_L,gradient_tolerance,,raw_state_verified,run.py:numpy-batch
SI-pHiSD,0.01995262314968881,0.002,2000000,380,-0.5328125000000001,1.415625,completed,0.06601892772444501,0.18404094091025133,9.813008174837322e-07,-1005.1363651148781,762.7328986320003,554,success_index1,S_L,gradient_tolerance,,raw_state_verified,run.py:numpy-batch
SI-pHiSD,0.01995262314968881,0.002,2000000,414,-0.5140625000000001,1.434375,completed,0.06601892774762169,0.18404094091633946,9.646860269452782e-07,-1005.1363651371609,762.7328986568963,554,success_index1,S_L,gradient_tolerance,,raw_state_verified,run.py:numpy-batch
SI-pHiSD,0.01995262314968881,0.002,2000000,14,-0.6640625,1.2093749999999999,completed,0.0660189277841689,0.18404094103835505,9.968677006706615e-07,-1005.136365629668,762.7328985975971,555,success_index1,S_L,gradient_tolerance,,raw_state_verified,run.py:numpy-batch
SI-pHiSD,0.01995262314968881,0.002,2000000,23,-0.5796875,1.2093749999999999,completed,0.06601892834064615,0.1840409415180139,9.672473828237092e-07,-1005.136367521473,762.7328989029835,555,success_index1,S_L,gradient_tolerance,,raw_state_verified,run.py:numpy-batch
SI-pHiSD,0.01995262314968881,0.002,2000000,46,-0.6640625,1.228125,completed,0.0660189277582651,0.1840409409622836,9.781200586172483e-07,-1005.1363653229456,762.7328986305,555,success_index1,S_L,gradient_tolerance,,raw_state_verified,run.py:numpy-batch
SI-pHiSD,0.01995262314968881,0.002,2000000,112,-0.6453125000000001,1.265625,completed,0.06601892774220498,0.1840409409559751,9.883056496872743e-07,-1005.1363652990029,762.7328986150808,555,success_index1,S_L,gradient_tolerance,,raw_state_verified,run.py:numpy-batch
SI-pHiSD,0.01995262314968881,0.002,2000000,114,-0.6265625,1.265625,completed,0.06601892775596559,0.18404094097074733,9.84278208812787e-07,-1005.1363653576279,762.7328986200799,555,success_index1,S_L,gradient_tolerance,,raw_state_verified,run.py:numpy-batch
SI-pHiSD,0.01995262314968881,0.002,2000000,146,-0.6265625,1.284375,completed,0.06601892773026351,0.18404094095121384,9.95897957104921e-07,-1005.1363652809127,762.7328986036775,555,success_index1,S_L,gradient_tolerance,,raw_state_verified,run.py:numpy-batch
SI-pHiSD,0.01995262314968881,0.002,2000000,182,-0.5890625,1.3031249999999999,completed,0.06601892774860046,0.18404094097997506,9.950396746321887e-07,-1005.1363653959615,762.7328986023819,555,success_index1,S_L,gradient_tolerance,,raw_state_verified,run.py:numpy-batch
SI-pHiSD,0.01995262314968881,0.002,2000000,244,-0.6078125000000001,1.340625,completed,0.06601892769918331,0.18404094089047407,9.936249058377977e-07,-1005.1363650371244,762.7328986163857,555,success_index1,S_L,gradient_tolerance,,raw_state_verified,run.py:numpy-batch
SI-pHiSD,0.01995262314968881,0.002,2000000,278,-0.5890625,1.359375,completed,0.06601892772741848,0.18404094089654036,9.725215670227958e-07,-1005.1363650587755,762.7328986478999,555,success_index1,S_L,gradient_tolerance,,raw_state_verified,run.py:numpy-batch
SI-pHiSD,0.01995262314968881,0.002,2000000,413,-0.5234375,1.434375,completed,0.0660189277395058,0.1840409409096673,9.683774838836564e-07,-1005.1363651108855,762.7328986521593,555,success_index1,S_L,gradient_tolerance,,raw_state_verified,run.py:numpy-batch
SI-pHiSD,0.01995262314968881,0.002,2000000,447,-0.5046875000000001,1.453125,completed,0.06601892773821273,0.18404094092138104,9.749426982509401e-07,-1005.1363651586827,762.732898640202,555,success_index1,S_L,gradient_tolerance,,raw_state_verified,run.py:numpy-batch
SI-pHiSD,0.01995262314968881,0.002,2000000,8,-0.7203125,1.2093749999999999,completed,0.06601892773749259,0.1840409408995707,9.654171302811736e-07,-1005.1363650700234,762.7328986583846,556,success_index1,S_L,gradient_tolerance,,raw_state_verified,run.py:numpy-batch
SI-pHiSD,0.01995262314968881,0.002,2000000,9,-0.7109375,1.2093749999999999,completed,0.06601892772735964,0.18404094091448436,9.808144716856743e-07,-1005.1363651317879,762.7328986320911,556,success_index1,S_L,gradient_tolerance,,raw_state_verified,run.py:numpy-batch
SI-pHiSD,0.01995262314968881,0.002,2000000,143,-0.6546875000000001,1.284375,completed,0.0660189277295413,0.18404094090932754,9.765909176595103e-07,-1005.1363651105728,762.7328986394584,556,success_index1,S_L,gradient_tolerance,,raw_state_verified,run.py:numpy-batch
SI-pHiSD,0.01995262314968881,0.002,2000000,144,-0.6453125000000001,1.284375,completed,0.0660189277358804,0.18404094091921178,9.758762327589902e-07,-1005.1363651501076,762.7328986390615,556,success_index1,S_L,gradient_tolerance,,raw_state_verified,run.py:numpy-batch
SI-pHiSD,0.01995262314968881,0.002,2000000,183,-0.5796875,1.3031249999999999,completed,0.06601892779185933,0.1840409410019614,9.709519627175207e-07,-1005.1363654807724,762.7328986395363,556,success_index1,S_L,gradient_tolerance,,raw_state_verified,run.py:numpy-batch
SI-pHiSD,0.01995262314968881,0.002,2000000,222,-0.5140625000000001,1.321875,completed,0.06601892786473594,0.18404094108792557,9.609190411343048e-07,-1005.1363658227024,762.732898659236,556,success_index1,S_L,gradient_tolerance,,raw_state_verified,run.py:numpy-batch
SI-pHiSD,0.01995262314968881,0.002,2000000,277,-0.5984375000000001,1.359375,completed,0.06601892770791178,0.18404094088701042,9.847081030938196e-07,-1005.1363650220953,762.7328986308088,556,success_index1,S_L,gradient_tolerance,,raw_state_verified,run.py:numpy-batch
SI-pHiSD,0.01995262314968881,0.002,2000000,279,-0.5796875,1.359375,completed,0.06601892773540924,0.18404094092374734,9.784072985597202e-07,-1005.1363651686112,762.7328986344708,556,success_index1,S_L,gradient_tolerance,,raw_state_verified,run.py:numpy-batch
SI-pHiSD,0.01995262314968881,0.002,2000000,311,-0.5796875,1.378125,completed,0.06601892772563726,0.1840409408969447,9.742061699745016e-07,-1005.1363650606116,762.7328986452218,556,success_index1,S_L,gradient_tolerance,,raw_state_verified,run.py:numpy-batch
SI-pHiSD,0.01995262314968881,0.002,2000000,312,-0.5703125,1.378125,completed,0.0660189277217343,0.1840409409197809,9.880046608169568e-07,-1005.1363651539409,762.7328986201096,556,success_index1,S_L,gradient_tolerance,,raw_state_verified,run.py:numpy-batch
SI-pHiSD,0.01995262314968881,0.002,2000000,379,-0.5421875,1.415625,completed,0.06601892770566205,0.18404094090775724,9.9595411862462e-07,-1005.1363651067464,762.732898609685,556,success_index1,S_L,gradient_tolerance,,raw_state_verified,run.py:numpy-batch
SI-pHiSD,0.01995262314968881,0.002,2000000,446,-0.5140625000000001,1.453125,completed,0.06601892774307175,0.18404094091114426,9.660707307082712e-07,-1005.1363651165123,762.7328986555157,556,success_index1,S_L,gradient_tolerance,,raw_state_verified,run.py:numpy-batch
SI-pHiSD,0.01995262314968881,0.002,2000000,145,-0.6359375,1.284375,completed,0.06601892773365442,0.18404094094617476,9.906198459166542e-07,-1005.1363652600472,762.7328986125189,557,success_index1,S_L,gradient_tolerance,,raw_state_verified,run.py:numpy-batch
SI-pHiSD,0.01995262314968881,0.002,2000000,176,-0.6453125000000001,1.3031249999999999,completed,0.06601892773309115,0.1840409408967177,9.67822347941772e-07,-1005.1363650588883,762.7328986551443,557,success_index1,S_L,gradient_tolerance,,raw_state_verified,run.py:numpy-batch
SI-pHiSD,0.01995262314968881,0.002,2000000,179,-0.6171875,1.3031249999999999,completed,0.06601892774543987,0.18404094092357956,9.69931554424647e-07,-1005.1363651668523,762.7328986477022,557,success_index1,S_L,gradient_tolerance,,raw_state_verified,run.py:numpy-batch
SI-pHiSD,0.01995262314968881,0.002,2000000,310,-0.5890625,1.378125,completed,0.06601892770521178,0.1840409408864923,9.867607681278457e-07,-1005.136365020277,762.732898627741,557,success_index1,S_L,gradient_tolerance,,raw_state_verified,run.py:numpy-batch
SI-pHiSD,0.01995262314968881,0.002,2000000,344,-0.5703125,1.3968749999999999,completed,0.06601892773055004,0.18404094089593787,9.696091024138275e-07,-1005.1363650559878,762.7328986525132,557,success_index1,S_L,gradient_tolerance,,raw_state_verified,run.py:numpy-batch
SI-pHiSD,0.01995262314968881,0.002,2000000,412,-0.5328125000000001,1.434375,completed,0.06601892771803859,0.18404094089895376,9.81521339330979e-07,-1005.136365069601,762.7328986335481,557,success_index1,S_L,gradient_tolerance,,raw_state_verified,run.py:numpy-batch
SI-pHiSD,0.01995262314968881,0.002,2000000,479,-0.5046875000000001,1.4718749999999998,completed,0.0660189277436057,0.18404094091376436,9.668456829219688e-07,-1005.1363651271149,762.7328986539151,557,success_index1,S_L,gradient_tolerance,,raw_state_verified,run.py:numpy-batch
SI-pHiSD,0.01995262314968881,0.002,2000000,41,-0.7109375,1.228125,completed,0.06601892773642856,0.18404094090169515,9.672855791731443e-07,-1005.1363650787805,762.7328986551342,558,success_index1,S_L,gradient_tolerance,,raw_state_verified,run.py:numpy-batch
SI-pHiSD,0.01995262314968881,0.002,2000000,53,-0.5984375000000001,1.228125,completed,0.06601892795652185,0.18404094120723896,9.668250777567166e-07,-1005.1363662982874,762.7328986743636,558,success_index1,S_L,gradient_tolerance,,raw_state_verified,run.py:numpy-batch
SI-pHiSD,0.01995262314968881,0.002,2000000,126,-0.5140625000000001,1.265625,completed,0.0660189286924496,0.18404094168778523,9.83938294139742e-07,-1005.1363681744436,762.7328992130628,558,success_index1,S_L,gradient_tolerance,,raw_state_verified,run.py:numpy-batch
SI-pHiSD,0.01995262314968881,0.002,2000000,180,-0.6078125000000001,1.3031249999999999,completed,0.06601892775810088,0.18404094094659326,9.70477301934393e-07,-1005.1363652591263,762.7328986440417,558,success_index1,S_L,gradient_tolerance,,raw_state_verified,run.py:numpy-batch
SI-pHiSD,0.01995262314968881,0.002,2000000,209,-0.6359375,1.321875,completed,0.06601892772856308,0.1840409408940659,9.704359672081444e-07,-1005.136365048585,762.7328986515623,558,success_index1,S_L,gradient_tolerance,,raw_state_verified,run.py:numpy-batch
SI-pHiSD,0.01995262314968881,0.002,2000000,377,-0.5609375000000001,1.415625,completed,0.06601892773687416,0.1840409408946163,9.636801227338362e-07,-1005.1363650499319,762.7328986619218,558,success_index1,S_L,gradient_tolerance,,raw_state_verified,run.py:numpy-batch
SI-pHiSD,0.01995262314968881,0.002,2000000,445,-0.5234375,1.453125,completed,0.06601892772146639,0.18404094089992545,9.790743281034855e-07,-1005.1363650731863,762.7328986371678,558,success_index1,S_L,gradient_tolerance,,raw_state_verified,run.py:numpy-batch
SI-pHiSD,0.01995262314968881,0.002,2000000,90,-0.5515625000000001,1.246875,completed,0.06601892812109594,0.18404094138159108,9.807128325540607e-07,-1005.1363669899894,762.7328987361885,559,success_index1,S_L,gradient_tolerance,,raw_state_verified,run.py:numpy-batch
SI-pHiSD,0.01995262314968881,0.002,2000000,175,-0.6546875000000001,1.3031249999999999,completed,0.06601892768837592,0.18404094088411527,9.99955721225061e-07,-1005.1363650124129,762.7328986078628,559,success_index1,S_L,gradient_tolerance,,raw_state_verified,run.py:numpy-batch
SI-pHiSD,0.01995262314968881,0.002,2000000,208,-0.6453125000000001,1.321875,completed,0.06601892772373007,0.18404094086445438,9.614328012823867e-07,-1005.1363649286269,762.7328986712191,559,success_index1,S_L,gradient_tolerance,,raw_state_verified,run.py:numpy-batch
SI-pHiSD,0.01995262314968881,0.002,2000000,216,-0.5703125,1.321875,completed,0.06601892777482891,0.18404094097557358,9.711630925856386e-07,-1005.1363653752394,762.7328986404555,559,success_index1,S_L,gradient_tolerance,,raw_state_verified,run.py:numpy-batch
SI-pHiSD,0.01995262314968881,0.002,2000000,343,-0.5796875,1.3968749999999999,completed,0.06601892772727704,0.18404094087784406,9.642739561775917e-07,-1005.1363649827231,762.7328986641071,559,success_index1,S_L,gradient_tolerance,,raw_state_verified,run.py:numpy-batch
SI-pHiSD,0.01995262314968881,0.002,2000000,345,-0.5609375000000001,1.3968749999999999,completed,0.06601892773851606,0.1840409409211113,9.745615387346818e-07,-1005.1363651575527,762.7328986408344,559,success_index1,S_L,gradient_tolerance,,raw_state_verified,run.py:numpy-batch
SI-pHiSD,0.01995262314968881,0.002,2000000,346,-0.5515625000000001,1.3968749999999999,completed,0.0660189277219778,0.1840409409198969,9.878546161952917e-07,-1005.1363651543867,762.7328986203255,559,success_index1,S_L,gradient_tolerance,,raw_state_verified,run.py:numpy-batch
SI-pHiSD,0.01995262314968881,0.002,2000000,410,-0.5515625000000001,1.434375,completed,0.0660189277375692,0.184040940894713,9.631383690924247e-07,-1005.1363650502512,762.7328986627434,559,success_index1,S_L,gradient_tolerance,,raw_state_verified,run.py:numpy-batch
SI-pHiSD,0.01995262314968881,0.002,2000000,478,-0.5140625000000001,1.4718749999999998,completed,0.06601892771392386,0.1840409409045685,9.87542109063968e-07,-1005.1363650928865,762.7328986232578,559,success_index1,S_L,gradient_tolerance,,raw_state_verified,run.py:numpy-batch
SI-pHiSD,0.01995262314968881,0.002,2000000,10,-0.7015625000000001,1.2093749999999999,completed,0.06601892774846814,0.18404094096774018,9.889663424971891e-07,-1005.1363653461977,762.7328986129361,560,success_index1,S_L,gradient_tolerance,,raw_state_verified,run.py:numpy-batch
SI-pHiSD,0.01995262314968881,0.002,2000000,40,-0.7203125,1.228125,completed,0.06601892774843311,0.184040940909374,9.607462483756087e-07,-1005.1363651087343,762.7328986640618,560,success_index1,S_L,gradient_tolerance,,raw_state_verified,run.py:numpy-batch
SI-pHiSD,0.01995262314968881,0.002,2000000,73,-0.7109375,1.246875,completed,0.06601892770273105,0.1840409408992958,9.945819277518423e-07,-1005.136365072635,762.7328986132799,560,success_index1,S_L,gradient_tolerance,,raw_state_verified,run.py:numpy-batch
SI-pHiSD,0.01995262314968881,0.002,2000000,120,-0.5703125,1.265625,completed,0.06601892786929311,0.18404094114490174,9.92108767073527e-07,-1005.1363660540255,762.7328986152274,560,success_index1,S_L,gradient_tolerance,,raw_state_verified,run.py:numpy-batch
SI-pHiSD,0.01995262314968881,0.002,2000000,142,-0.6640625,1.284375,completed,0.06601892771165238,0.1840409409048037,9.895621778168923e-07,-1005.1363650940873,762.7328986200883,560,success_index1,S_L,gradient_tolerance,,raw_state_verified,run.py:numpy-batch
SI-pHiSD,0.01995262314968881,0.002,2000000,185,-0.5609375000000001,1.3031249999999999,completed,0.06601892779697864,0.18404094102399496,9.786359971454964e-07,-1005.1363655698678,762.7328986268972,560,success_index1,S_L,gradient_tolerance,,raw_state_verified,run.py:numpy-batch
SI-pHiSD,0.01995262314968881,0.002,2000000,241,-0.6359375,1.340625,completed,0.06601892771771367,0.18404094086392478,9.663093331910297e-07,-1005.1363649271179,762.7328986638352,560,success_index1,S_L,gradient_tolerance,,raw_state_verified,run.py:numpy-batch
SI-pHiSD,0.01995262314968881,0.002,2000000,275,-0.6171875,1.359375,completed,0.06601892771798624,0.1840409408734912,9.702274161484474e-07,-1005.1363649660109,762.7328986558034,560,success_index1,S_L,gradient_tolerance,,raw_state_verified,run.py:numpy-batch
SI-pHiSD,0.01995262314968881,0.002,2000000,308,-0.6078125000000001,1.378125,completed,0.06601892771264925,0.1840409408752476,9.755158648412754e-07,-1005.1363649737292,762.7328986473016,560,success_index1,S_L,gradient_tolerance,,raw_state_verified,run.py:numpy-batch
SI-pHiSD,0.01995262314968881,0.002,2000000,443,-0.5421875,1.453125,completed,0.06601892772576609,0.18404094089740966,9.743085130894422e-07,-1005.1363650624897,762.7328986449822,560,success_index1,S_L,gradient_tolerance,,raw_state_verified,run.py:numpy-batch
SI-pHiSD,0.01995262314968881,0.002,2000000,477,-0.5234375,1.4718749999999998,completed,0.06601892770800312,0.1840409409202911,9.997654961699543e-07,-1005.1363651574904,762.7328986017499,560,success_index1,S_L,gradient_tolerance,,raw_state_verified,run.py:numpy-batch
SI-pHiSD,0.01995262314968881,0.002,2000000,74,-0.7015625000000001,1.246875,completed,0.06601892771265935,0.18404094091366338,9.92781956497691e-07,-1005.1363651300251,762.7328986136348,561,success_index1,S_L,gradient_tolerance,,raw_state_verified,run.py:numpy-batch
SI-pHiSD,0.01995262314968881,0.002,2000000,109,-0.6734375,1.265625,completed,0.06601892774117184,0.18404094091105302,9.676230707177326e-07,-1005.136365116345,762.7328986531173,561,success_index1,S_L,gradient_tolerance,,raw_state_verified,run.py:numpy-batch
SI-pHiSD,0.01995262314968881,0.002,2000000,140,-0.6828125,1.284375,completed,0.06601892770671319,0.1840409408905937,9.873161444335055e-07,-1005.1363650368025,762.7328986261041,561,success_index1,S_L,gradient_tolerance,,raw_state_verified,run.py:numpy-batch
SI-pHiSD,0.01995262314968881,0.002,2000000,153,-0.5609375000000001,1.284375,completed,0.0660189278139939,0.18404094107517938,9.936360735304031e-07,-1005.1363657762898,762.7328986042185,561,success_index1,S_L,gradient_tolerance,,raw_state_verified,run.py:numpy-batch
SI-pHiSD,0.01995262314968881,0.002,2000000,242,-0.6265625,1.340625,completed,0.06601892773165523,0.18404094091317216,9.765978711399374e-07,-1005.1363651259882,762.7328986388452,561,success_index1,S_L,gradient_tolerance,,raw_state_verified,run.py:numpy-batch
SI-pHiSD,0.01995262314968881,0.002,2000000,375,-0.5796875,1.415625,completed,0.06601892772265146,0.1840409408869749,9.722378113926466e-07,-1005.1363650203693,762.7328986500678,561,success_index1,S_L,gradient_tolerance,,raw_state_verified,run.py:numpy-batch
SI-pHiSD,0.01995262314968881,0.002,2000000,378,-0.5515625000000001,1.415625,completed,0.06601892773262778,0.184040940929533,9.834773359732972e-07,-1005.1363651924488,762.7328986257696,561,success_index1,S_L,gradient_tolerance,,raw_state_verified,run.py:numpy-batch
SI-pHiSD,0.01995262314968881,0.002,2000000,411,-0.5421875,1.434375,completed,0.06601892773279192,0.18404094092459977,9.810017380064906e-07,-1005.1363651723603,762.7328986303089,561,success_index1,S_L,gradient_tolerance,,raw_state_verified,run.py:numpy-batch
SI-pHiSD,0.01995262314968881,0.002,2000000,444,-0.5328125000000001,1.453125,completed,0.06601892773949805,0.18404094092183826,9.74081869599598e-07,-1005.136365160405,762.732898641478,561,success_index1,S_L,gradient_tolerance,,raw_state_verified,run.py:numpy-batch
SI-pHiSD,0.01995262314968881,0.002,2000000,510,-0.5140625000000001,1.4906249999999999,completed,0.06601892774048258,0.18404094091316725,9.69186857592071e-07,-1005.1363651250205,762.7328986503649,561,success_index1,S_L,gradient_tolerance,,raw_state_verified,run.py:numpy-batch
SI-pHiSD,0.01995262314968881,0.002,2000000,511,-0.5046875000000001,1.4906249999999999,completed,0.06601892774119429,0.1840409409039849,9.64330148319682e-07,-1005.1363650875852,762.7328986593436,561,success_index1,S_L,gradient_tolerance,,raw_state_verified,run.py:numpy-batch
SI-pHiSD,0.01995262314968881,0.002,2000000,4,-0.7578125,1.2093749999999999,completed,0.06601892770754168,0.18404094087914594,9.81548728747895e-07,-1005.1363649901377,762.7328986372212,562,success_index1,S_L,gradient_tolerance,,raw_state_verified,run.py:numpy-batch
SI-pHiSD,0.01995262314968881,0.002,2000000,7,-0.7296875,1.2093749999999999,completed,0.06601892772608678,0.18404094094746487,9.975521957552346e-07,-1005.1363652661086,762.7328986015154,562,success_index1,S_L,gradient_tolerance,,raw_state_verified,run.py:numpy-batch
SI-pHiSD,0.01995262314968881,0.002,2000000,71,-0.7296875,1.246875,completed,0.06601892772137344,0.18404094086127615,9.620643740429166e-07,-1005.1363649159489,762.7328986709313,562,success_index1,S_L,gradient_tolerance,,raw_state_verified,run.py:numpy-batch
SI-pHiSD,0.01995262314968881,0.002,2000000,206,-0.6640625,1.321875,completed,0.0660189277078642,0.18404094085657166,9.71534210166792e-07,-1005.1363648982582,762.7328986574333,562,success_index1,S_L,gradient_tolerance,,raw_state_verified,run.py:numpy-batch
SI-pHiSD,0.01995262314968881,0.002,2000000,220,-0.5328125000000001,1.321875,completed,0.06601892784420864,0.1840409410910286,9.78930715468608e-07,-1005.1363658375302,762.7328986297376,562,success_index1,S_L,gradient_tolerance,,raw_state_verified,run.py:numpy-batch
SI-pHiSD,0.01995262314968881,0.002,2000000,240,-0.6453125000000001,1.340625,completed,0.06601892771744082,0.1840409408809301,9.739574164399333e-07,-1005.1363649963348,762.7328986485701,562,success_index1,S_L,gradient_tolerance,,raw_state_verified,run.py:numpy-batch
SI-pHiSD,0.01995262314968881,0.002,2000000,273,-0.6359375,1.359375,completed,0.06601892768971686,0.18404094086604605,9.90989218264183e-07,-1005.1363649387534,762.7328986254537,562,success_index1,S_L,gradient_tolerance,,raw_state_verified,run.py:numpy-batch
SI-pHiSD,0.01995262314968881,0.002,2000000,341,-0.5984375000000001,1.3968749999999999,completed,0.06601892771185988,0.18404094087153416,9.74565856648666e-07,-1005.1363649587054,762.7328986495274,562,success_index1,S_L,gradient_tolerance,,raw_state_verified,run.py:numpy-batch
SI-pHiSD,0.01995262314968881,0.002,2000000,342,-0.5890625,1.3968749999999999,completed,0.06601892774253201,0.18404094089949352,9.611407112688067e-07,-1005.1363650691685,762.7328986650261,562,success_index1,S_L,gradient_tolerance,,raw_state_verified,run.py:numpy-batch
SI-pHiSD,0.01995262314968881,0.002,2000000,351,-0.5046875000000001,1.3968749999999999,completed,0.06601892776405782,0.18404094098850413,9.866826674848121e-07,-1005.1363654290043,762.732898615068,562,success_index1,S_L,gradient_tolerance,,raw_state_verified,run.py:numpy-batch
SI-pHiSD,0.01995262314968881,0.002,2000000,408,-0.5703125,1.434375,completed,0.06601892771803551,0.18404094088549738,9.754791543708992e-07,-1005.1363650148533,762.7328986453416,562,success_index1,S_L,gradient_tolerance,,raw_state_verified,run.py:numpy-batch
SI-pHiSD,0.01995262314968881,0.002,2000000,476,-0.5328125000000001,1.4718749999999998,completed,0.06601892772641008,0.18404094089339867,9.719500641005164e-07,-1005.1363650461013,762.7328986493386,562,success_index1,S_L,gradient_tolerance,,raw_state_verified,run.py:numpy-batch
SI-pHiSD,0.01995262314968881,0.002,2000000,42,-0.7015625000000001,1.228125,completed,0.06601892774596183,0.18404094092446074,9.69912989374337e-07,-1005.136365170381,762.7328986476108,563,success_index1,S_L,gradient_tolerance,,raw_state_verified,run.py:numpy-batch
SI-pHiSD,0.01995262314968881,0.002,2000000,81,-0.6359375,1.246875,completed,0.06601892778265823,0.18404094101840696,9.872458986686634e-07,-1005.1363655486698,762.7328986131155,563,success_index1,S_L,gradient_tolerance,,raw_state_verified,run.py:numpy-batch
SI-pHiSD,0.01995262314968881,0.002,2000000,107,-0.6921875000000001,1.265625,completed,0.06601892772303895,0.18404094089970965,9.776515147648475e-07,-1005.1363650721398,762.7328986394083,563,success_index1,S_L,gradient_tolerance,,raw_state_verified,run.py:numpy-batch
SI-pHiSD,0.01995262314968881,0.002,2000000,138,-0.7015625000000001,1.284375,completed,0.06601892769677162,0.18404094086641848,9.851577170826917e-07,-1005.136364939511,762.7328986343301,563,success_index1,S_L,gradient_tolerance,,raw_state_verified,run.py:numpy-batch
SI-pHiSD,0.01995262314968881,0.002,2000000,141,-0.6734375,1.284375,completed,0.06601892770739083,0.1840409408883127,9.857273537954793e-07,-1005.1363650274499,762.7328986289875,563,success_index1,S_L,gradient_tolerance,,raw_state_verified,run.py:numpy-batch
SI-pHiSD,0.01995262314968881,0.002,2000000,340,-0.6078125000000001,1.3968749999999999,completed,0.06601892770915938,0.1840409408741861,9.780089803829129e-07,-1005.1363649697848,762.7328986436796,563,success_index1,S_L,gradient_tolerance,,raw_state_verified,run.py:numpy-batch
SI-pHiSD,0.01995262314968881,0.002,2000000,475,-0.5421875,1.4718749999999998,completed,0.06601892774001639,0.18404094089928616,9.63162780926737e-07,-1005.1363650685948,762.7328986619265,563,success_index1,S_L,gradient_tolerance,,raw_state_verified,run.py:numpy-batch
SI-pHiSD,0.01995262314968881,0.002,2000000,45,-0.6734375,1.228125,completed,0.06601892775855638,0.18404094098924137,9.915877938467418e-07,-1005.1363654325943,762.7328986072451,564,success_index1,S_L,gradient_tolerance,,raw_state_verified,run.py:numpy-batch
SI-pHiSD,0.01995262314968881,0.002,2000000,173,-0.6734375,1.3031249999999999,completed,0.06601892772252203,0.18404094090039969,9.784008925404668e-07,-1005.1363650750028,762.7328986381292,564,success_index1,S_L,gradient_tolerance,,raw_state_verified,run.py:numpy-batch
SI-pHiSD,0.01995262314968881,0.002,2000000,205,-0.6734375,1.321875,completed,0.06601892771343316,0.18404094086841635,9.718796785594034e-07,-1005.1363649458518,762.7328986543134,564,success_index1,S_L,gradient_tolerance,,raw_state_verified,run.py:numpy-batch
SI-pHiSD,0.01995262314968881,0.002,2000000,376,-0.5703125,1.415625,completed,0.06601892774792006,0.18404094092664441,9.693140420886861e-07,-1005.1363651790551,762.7328986482511,564,success_index1,S_L,gradient_tolerance,,raw_state_verified,run.py:numpy-batch
SI-pHiSD,0.01995262314968881,0.002,2000000,407,-0.5796875,1.434375,completed,0.06601892771144512,0.1840409408883967,9.823388772558008e-07,-1005.1363650273565,762.7328986342025,564,success_index1,S_L,gradient_tolerance,,raw_state_verified,run.py:numpy-batch
SI-pHiSD,0.01995262314968881,0.002,2000000,508,-0.5328125000000001,1.4906249999999999,completed,0.06601892772556164,0.1840409409029008,9.769828426733244e-07,-1005.1363650848521,762.7328986399012,564,success_index1,S_L,gradient_tolerance,,raw_state_verified,run.py:numpy-batch
SI-pHiSD,0.01995262314968881,0.002,2000000,103,-0.7296875,1.265625,completed,0.06601892770974392,0.18404094085186778,9.679478858764252e-07,-1005.1363648789186,762.7328986640094,565,success_index1,S_L,gradient_tolerance,,raw_state_verified,run.py:numpy-batch
SI-pHiSD,0.01995262314968881,0.002,2000000,238,-0.6640625,1.340625,completed,0.06601892770582114,0.18404094084869166,9.699536780350391e-07,-1005.1363648664176,762.7328986616767,565,success_index1,S_L,gradient_tolerance,,raw_state_verified,run.py:numpy-batch
SI-pHiSD,0.01995262314968881,0.002,2000000,272,-0.6453125000000001,1.359375,completed,0.0660189277010082,0.18404094088720738,9.906318717420275e-07,-1005.1363650236373,762.7328986216305,565,success_index1,S_L,gradient_tolerance,,raw_state_verified,run.py:numpy-batch
SI-pHiSD,0.01995262314968881,0.002,2000000,274,-0.6265625,1.359375,completed,0.0660189277104262,0.1840409408885815,9.832820244377864e-07,-1005.1363650282176,762.7328986327115,565,success_index1,S_L,gradient_tolerance,,raw_state_verified,run.py:numpy-batch
SI-pHiSD,0.01995262314968881,0.002,2000000,307,-0.6171875,1.378125,completed,0.06601892772922846,0.18404094089234854,9.69099122394099e-07,-1005.1363650415262,762.7328986539361,565,success_index1,S_L,gradient_tolerance,,raw_state_verified,run.py:numpy-batch
SI-pHiSD,0.01995262314968881,0.002,2000000,440,-0.5703125,1.453125,completed,0.06601892769780679,0.18404094088693254,9.93217476028428e-07,-1005.1363650228634,762.732898617695,565,success_index1,S_L,gradient_tolerance,,raw_state_verified,run.py:numpy-batch
SI-pHiSD,0.01995262314968881,0.002,2000000,1,-0.7859375000000001,1.2093749999999999,completed,0.06601892767979452,0.18404094084087042,9.88903278074405e-07,-1005.1363648373892,762.7328986345825,566,success_index1,S_L,gradient_tolerance,,raw_state_verified,run.py:numpy-batch
SI-pHiSD,0.01995262314968881,0.002,2000000,5,-0.7484375000000001,1.2093749999999999,completed,0.06601892772530653,0.1840409408911174,9.718529893896987e-07,-1005.1363650369383,762.7328986498994,566,success_index1,S_L,gradient_tolerance,,raw_state_verified,run.py:numpy-batch
SI-pHiSD,0.01995262314968881,0.002,2000000,79,-0.6546875000000001,1.246875,completed,0.06601892776459328,0.18404094097450602,9.790587433078796e-07,-1005.1363653719945,762.7328986280394,566,success_index1,S_L,gradient_tolerance,,raw_state_verified,run.py:numpy-batch
SI-pHiSD,0.01995262314968881,0.002,2000000,94,-0.5140625000000001,1.246875,completed,0.06601892985333381,0.1840409411337026,9.624112266591553e-07,-1005.1363657955326,762.7329012132003,566,success_index1,S_L,gradient_tolerance,,raw_state_verified,run.py:numpy-batch
SI-pHiSD,0.01995262314968881,0.002,2000000,171,-0.6921875000000001,1.3031249999999999,completed,0.06601892770365192,0.18404094085920317,9.762321169139529e-07,-1005.1363649094171,762.732898649631,566,success_index1,S_L,gradient_tolerance,,raw_state_verified,run.py:numpy-batch
SI-pHiSD,0.01995262314968881,0.002,2000000,305,-0.6359375,1.378125,completed,0.0660189277119341,0.1840409408534224,9.667406180869252e-07,-1005.1363648850083,762.7328986655036,566,success_index1,S_L,gradient_tolerance,,raw_state_verified,run.py:numpy-batch
SI-pHiSD,0.01995262314968881,0.002,2000000,373,-0.5984375000000001,1.415625,completed,0.06601892769872533,0.1840409408773631,9.882353091078034e-07,-1005.1363649838304,762.7328986272832,566,success_index1,S_L,gradient_tolerance,,raw_state_verified,run.py:numpy-batch
SI-pHiSD,0.01995262314968881,0.002,2000000,441,-0.5609375000000001,1.453125,completed,0.06601892772241773,0.18404094089424688,9.756999033229519e-07,-1005.1363650499807,762.7328986433873,566,success_index1,S_L,gradient_tolerance,,raw_state_verified,run.py:numpy-batch
SI-pHiSD,0.01995262314968881,0.002,2000000,507,-0.5421875,1.4906249999999999,completed,0.06601892774264363,0.18404094090001624,9.612864016314604e-07,-1005.1363650712834,762.7328986647134,566,success_index1,S_L,gradient_tolerance,,raw_state_verified,run.py:numpy-batch
SI-pHiSD,0.01995262314968881,0.002,2000000,36,-0.7578125,1.228125,completed,0.06601892768991079,0.18404094087013373,9.925775784518834e-07,-1005.1363649553631,762.7328986221229,567,success_index1,S_L,gradient_tolerance,,raw_state_verified,run.py:numpy-batch
SI-pHiSD,0.01995262314968881,0.002,2000000,174,-0.6640625,1.3031249999999999,completed,0.06601892774370417,0.18404094091201392,9.659455114716533e-07,-1005.1363651199827,762.7328986555783,567,success_index1,S_L,gradient_tolerance,,raw_state_verified,run.py:numpy-batch
SI-pHiSD,0.01995262314968881,0.002,2000000,237,-0.6734375,1.340625,completed,0.06601892769919088,0.18404094084545652,9.742530518348026e-07,-1005.136364853966,762.7328986558641,567,success_index1,S_L,gradient_tolerance,,raw_state_verified,run.py:numpy-batch
SI-pHiSD,0.01995262314968881,0.002,2000000,243,-0.6171875,1.340625,completed,0.06601892774886865,0.18404094091161358,9.614256200432827e-07,-1005.1363651177999,762.7328986626661,567,success_index1,S_L,gradient_tolerance,,raw_state_verified,run.py:numpy-batch
SI-pHiSD,0.01995262314968881,0.002,2000000,306,-0.6265625,1.378125,completed,0.06601892770795138,0.18404094087070702,9.775205478839732e-07,-1005.1363649557595,762.7328986451543,567,success_index1,S_L,gradient_tolerance,,raw_state_verified,run.py:numpy-batch
SI-pHiSD,0.01995262314968881,0.002,2000000,372,-0.6078125000000001,1.415625,completed,0.06601892771796507,0.18404094086220213,9.65355435060739e-07,-1005.1363649200824,762.7328986656731,567,success_index1,S_L,gradient_tolerance,,raw_state_verified,run.py:numpy-batch
SI-pHiSD,0.01995262314968881,0.002,2000000,417,-0.7859375000000001,1.453125,completed,-2.6280457677940277,1.7869725703024077,9.675951257996053e-07,-3153.3636995238494,238.0743217984174,567,success_index1,S_H,gradient_tolerance,,raw_state_verified,run.py:numpy-batch
SI-pHiSD,0.01995262314968881,0.002,2000000,439,-0.5796875,1.453125,completed,0.06601892770451616,0.1840409408825952,9.856265312537242e-07,-1005.1363650044964,762.73289863025,567,success_index1,S_L,gradient_tolerance,,raw_state_verified,run.py:numpy-batch
SI-pHiSD,0.01995262314968881,0.002,2000000,474,-0.5515625000000001,1.4718749999999998,completed,0.06601892774204118,0.18404094091401568,9.682755691697902e-07,-1005.1363651283056,762.7328986516537,567,success_index1,S_L,gradient_tolerance,,raw_state_verified,run.py:numpy-batch
SI-pHiSD,0.01995262314968881,0.002,2000000,116,-0.6078125000000001,1.265625,completed,0.06601892780487759,0.1840409410045611,9.617177303990054e-07,-1005.1363654899519,762.7328986542395,568,success_index1,S_L,gradient_tolerance,,raw_state_verified,run.py:numpy-batch
SI-pHiSD,0.01995262314968881,0.002,2000000,239,-0.6546875000000001,1.340625,completed,0.06601892771585766,0.18404094087391584,9.722161667967801e-07,-1005.1363649679669,762.7328986526543,568,success_index1,S_L,gradient_tolerance,,raw_state_verified,run.py:numpy-batch
SI-pHiSD,0.01995262314968881,0.002,2000000,304,-0.6453125000000001,1.378125,completed,0.06601892770816126,0.1840409408497413,9.684011943451952e-07,-1005.136364870437,762.7328986638088,568,success_index1,S_L,gradient_tolerance,,raw_state_verified,run.py:numpy-batch
SI-pHiSD,0.01995262314968881,0.002,2000000,338,-0.6265625,1.3968749999999999,completed,0.06601892770810229,0.18404094088266168,9.826216707092952e-07,-1005.1363650043816,762.7328986348703,568,success_index1,S_L,gradient_tolerance,,raw_state_verified,run.py:numpy-batch
SI-pHiSD,0.01995262314968881,0.002,2000000,384,-0.7953125000000001,1.434375,completed,-2.628045768485006,1.7869725698738375,9.83306158921902e-07,-3153.3636992510756,238.07432258161563,568,success_index1,S_H,gradient_tolerance,,raw_state_verified,run.py:numpy-batch
SI-pHiSD,0.01995262314968881,0.002,2000000,506,-0.5515625000000001,1.4906249999999999,completed,0.06601892774063917,0.18404094089782,9.619680868947185e-07,-1005.1363650625628,762.7328986640241,568,success_index1,S_L,gradient_tolerance,,raw_state_verified,run.py:numpy-batch
SI-pHiSD,0.01995262314968881,0.002,2000000,139,-0.6921875000000001,1.284375,completed,0.06601892773734508,0.1840409408898714,9.61135799052166e-07,-1005.1363650305766,762.732898666696,569,success_index1,S_L,gradient_tolerance,,raw_state_verified,run.py:numpy-batch
SI-pHiSD,0.01995262314968881,0.002,2000000,155,-0.5421875,1.284375,completed,0.06601892786846249,0.18404094110268407,9.668432124001746e-07,-1005.1363658823491,762.7328986511575,569,success_index1,S_L,gradient_tolerance,,raw_state_verified,run.py:numpy-batch
SI-pHiSD,0.01995262314968881,0.002,2000000,236,-0.6828125,1.340625,completed,0.06601892769325883,0.18404094084274078,9.781860668240649e-07,-1005.1363648435537,762.7328986505065,569,success_index1,S_L,gradient_tolerance,,raw_state_verified,run.py:numpy-batch
SI-pHiSD,0.01995262314968881,0.002,2000000,309,-0.5984375000000001,1.378125,completed,0.06601892774031054,0.1840409409277259,9.761920824317356e-07,-1005.1363651842721,762.7328986373763,569,success_index1,S_L,gradient_tolerance,,raw_state_verified,run.py:numpy-batch
SI-pHiSD,0.01995262314968881,0.002,2000000,406,-0.5890625,1.434375,completed,0.06601892772589062,0.18404094091658785,9.830270446449936e-07,-1005.1363651405042,762.7328986283302,569,success_index1,S_L,gradient_tolerance,,raw_state_verified,run.py:numpy-batch
SI-pHiSD,0.01995262314968881,0.002,2000000,448,-0.7953125000000001,1.4718749999999998,completed,-2.6280457700313558,1.7869725689882434,9.889628953027742e-07,-3153.363698647833,238.07432437269998,569,success_index1,S_H,gradient_tolerance,,raw_state_verified,run.py:numpy-batch
SI-pHiSD,0.01995262314968881,0.002,2000000,21,-0.5984375000000001,1.2093749999999999,completed,0.06601892803389083,0.18404094128064408,9.628324422257773e-07,-1005.1363665886381,762.7328987109341,570,success_index1,S_L,gradient_tolerance,,raw_state_verified,run.py:numpy-batch
SI-pHiSD,0.01995262314968881,0.002,2000000,67,-0.7671875,1.246875,completed,0.06601892767650758,0.1840409408504291,9.956468162151187e-07,-1005.1363648766319,762.7328986219147,570,success_index1,S_L,gradient_tolerance,,raw_state_verified,run.py:numpy-batch
SI-pHiSD,0.01995262314968881,0.002,2000000,77,-0.6734375,1.246875,completed,0.06601892774298072,0.18404094094831305,9.838967567568704e-07,-1005.1363652677462,762.7328986228098,570,success_index1,S_L,gradient_tolerance,,raw_state_verified,run.py:numpy-batch
SI-pHiSD,0.01995262314968881,0.002,2000000,78,-0.6640625,1.246875,completed,0.06601892774836934,0.18404094095165774,9.810563255406907e-07,-1005.1363652807756,762.7328986269072,570,success_index1,S_L,gradient_tolerance,,raw_state_verified,run.py:numpy-batch
SI-pHiSD,0.01995262314968881,0.002,2000000,136,-0.7203125,1.284375,completed,0.06601892768354632,0.1840409408600397,9.936806503930671e-07,-1005.1363649149781,762.7328986226703,570,success_index1,S_L,gradient_tolerance,,raw_state_verified,run.py:numpy-batch
SI-pHiSD,0.01995262314968881,0.002,2000000,156,-0.5328125000000001,1.284375,completed,0.06601892795828065,0.18404094120053782,9.610146990919184e-07,-1005.136366270834,762.7328986825336,570,success_index1,S_L,gradient_tolerance,,raw_state_verified,run.py:numpy-batch
SI-pHiSD,0.01995262314968881,0.002,2000000,270,-0.6640625,1.359375,completed,0.06601892768810946,0.18404094087658426,9.96893460701333e-07,-1005.1363649818012,762.7328986141177,570,success_index1,S_L,gradient_tolerance,,raw_state_verified,run.py:numpy-batch
SI-pHiSD,0.01995262314968881,0.002,2000000,371,-0.6171875,1.415625,completed,0.06601892769268013,0.18404094086890732,9.896996269255505e-07,-1005.1363649500764,762.7328986268108,570,success_index1,S_L,gradient_tolerance,,raw_state_verified,run.py:numpy-batch
SI-pHiSD,0.01995262314968881,0.002,2000000,404,-0.6078125000000001,1.434375,completed,0.0660189276987191,0.18404094087535905,9.873674334609197e-07,-1005.1363649756777,762.732898629032,570,success_index1,S_L,gradient_tolerance,,raw_state_verified,run.py:numpy-batch
SI-pHiSD,0.01995262314968881,0.002,2000000,438,-0.5890625,1.453125,completed,0.06601892770755272,0.18404094087913872,9.81536317561435e-07,-1005.1363649901077,762.7328986372414,570,success_index1,S_L,gradient_tolerance,,raw_state_verified,run.py:numpy-batch
SI-pHiSD,0.01995262314968881,0.002,2000000,505,-0.5609375000000001,1.4906249999999999,completed,0.06601892772378133,0.18404094089458642,9.747032343579051e-07,-1005.136365051216,762.732898644868,570,success_index1,S_L,gradient_tolerance,,raw_state_verified,run.py:numpy-batch
SI-pHiSD,0.01995262314968881,0.002,2000000,0,-0.7953125000000001,1.2093749999999999,completed,0.06601892770260934,0.184040940843905,9.70696136583642e-07,-1005.1363648472869,762.7328986616835,571,success_index1,S_L,gradient_tolerance,,raw_state_verified,run.py:numpy-batch
SI-pHiSD,0.01995262314968881,0.002,2000000,43,-0.6921875000000001,1.228125,completed,0.06601892774713583,0.18404094094797652,9.802750341130444e-07,-1005.1363652659307,762.732898628525,571,success_index1,S_L,gradient_tolerance,,raw_state_verified,run.py:numpy-batch
SI-pHiSD,0.01995262314968881,0.002,2000000,68,-0.7578125,1.246875,completed,0.06601892770338648,0.18404094086931308,9.807892715622134e-07,-1005.1363649505781,762.7328986404215,571,success_index1,S_L,gradient_tolerance,,raw_state_verified,run.py:numpy-batch
SI-pHiSD,0.01995262314968881,0.002,2000000,76,-0.6828125,1.246875,completed,0.06601892774774797,0.1840409409279565,9.700838109162656e-07,-1005.1363651844123,762.7328986468762,571,success_index1,S_L,gradient_tolerance,,raw_state_verified,run.py:numpy-batch
SI-pHiSD,0.01995262314968881,0.002,2000000,102,-0.7390625000000001,1.265625,completed,0.06601892770305438,0.18404094086408285,9.788218838914593e-07,-1005.1363649293341,762.7328986445737,571,success_index1,S_L,gradient_tolerance,,raw_state_verified,run.py:numpy-batch
SI-pHiSD,0.01995262314968881,0.002,2000000,124,-0.5328125000000001,1.265625,completed,0.06601892802935204,0.18404094131242732,9.891220683259804e-07,-1005.1363667184377,762.7328986771477,571,success_index1,S_L,gradient_tolerance,,raw_state_verified,run.py:numpy-batch
SI-pHiSD,0.01995262314968881,0.002,2000000,169,-0.7109375,1.3031249999999999,completed,0.06601892770421655,0.1840409408996716,9.93498726730302e-07,-1005.1363650740053,762.7328986148879,571,success_index1,S_L,gradient_tolerance,,raw_state_verified,run.py:numpy-batch
SI-pHiSD,0.01995262314968881,0.002,2000000,271,-0.6546875000000001,1.359375,completed,0.06601892774105016,0.18404094089665335,9.610896408929854e-07,-1005.1363650577719,762.7328986655831,571,success_index1,S_L,gradient_tolerance,,raw_state_verified,run.py:numpy-batch
SI-pHiSD,0.01995262314968881,0.002,2000000,336,-0.6453125000000001,1.3968749999999999,completed,0.06601892767488511,0.18404094085608338,9.993863438176536e-07,-1005.1363648998109,762.7328986148407,571,success_index1,S_L,gradient_tolerance,,raw_state_verified,run.py:numpy-batch
SI-pHiSD,0.01995262314968881,0.002,2000000,471,-0.5796875,1.4718749999999998,completed,0.06601892770793781,0.18404094089254175,9.871526817162028e-07,-1005.1363650445974,762.7328986259932,571,success_index1,S_L,gradient_tolerance,,raw_state_verified,run.py:numpy-batch
SI-pHiSD,0.01995262314968881,0.002,2000000,100,-0.7578125,1.265625,completed,0.06601892767812435,0.1840409408434716,9.913949360968542e-07,-1005.1363648481513,762.7328986301235,572,success_index1,S_L,gradient_tolerance,,raw_state_verified,run.py:numpy-batch
SI-pHiSD,0.01995262314968881,0.002,2000000,104,-0.7203125,1.265625,completed,0.06601892770069828,0.18404094089320502,9.935626450691929e-07,-1005.136365048073,762.732898615968,572,success_index1,S_L,gradient_tolerance,,raw_state_verified,run.py:numpy-batch
SI-pHiSD,0.01995262314968881,0.002,2000000,178,-0.6265625,1.3031249999999999,completed,0.06601892776907077,0.18404094101465326,9.963079697098518e-07,-1005.1363655348557,762.7328985986819,572,success_index1,S_L,gradient_tolerance,,raw_state_verified,run.py:numpy-batch
SI-pHiSD,0.01995262314968881,0.002,2000000,201,-0.7109375,1.321875,completed,0.06601892770201603,0.1840409408465376,9.722954349101974e-07,-1005.1363648580617,762.7328986586017,572,success_index1,S_L,gradient_tolerance,,raw_state_verified,run.py:numpy-batch
SI-pHiSD,0.01995262314968881,0.002,2000000,405,-0.5984375000000001,1.434375,completed,0.06601892771335953,0.1840409409223168,9.962152409509877e-07,-1005.1363651651569,762.7328986069613,572,success_index1,S_L,gradient_tolerance,,raw_state_verified,run.py:numpy-batch
SI-pHiSD,0.01995262314968881,0.002,2000000,450,-0.7765625,1.4718749999999998,completed,-2.6280457698799022,1.7869725690799112,9.675783292453703e-07,-3153.3636987073996,238.07432419984895,572,success_index1,S_H,gradient_tolerance,,raw_state_verified,run.py:numpy-batch
SI-pHiSD,0.01995262314968881,0.002,2000000,473,-0.5609375000000001,1.4718749999999998,completed,0.06601892773405911,0.18404094092753132,9.813290512577543e-07,-1005.1363651841511,762.732898629392,572,success_index1,S_L,gradient_tolerance,,raw_state_verified,run.py:numpy-batch
SI-pHiSD,0.01995262314968881,0.002,2000000,2,-0.7765625,1.2093749999999999,completed,0.06601892772817514,0.18404094089189324,9.69782255831139e-07,-1005.1363650397866,762.7328986529614,573,success_index1,S_L,gradient_tolerance,,raw_state_verified,run.py:numpy-batch
SI-pHiSD,0.01995262314968881,0.002,2000000,3,-0.7671875,1.2093749999999999,completed,0.06601892772891133,0.1840409409177467,9.810333936192456e-07,-1005.1363651448944,762.7328986312552,573,success_index1,S_L,gradient_tolerance,,raw_state_verified,run.py:numpy-batch
SI-pHiSD,0.01995262314968881,0.002,2000000,303,-0.6546875000000001,1.378125,completed,0.06601892770321338,0.18404094086175368,9.77691172954747e-07,-1005.1363649198411,762.732898646823,573,success_index1,S_L,gradient_tolerance,,raw_state_verified,run.py:numpy-batch
SI-pHiSD,0.01995262314968881,0.002,2000000,313,-0.5609375000000001,1.378125,completed,0.06601892775639395,0.18404094093714699,9.67289102058647e-07,-1005.1363652208763,762.7328986500971,573,success_index1,S_L,gradient_tolerance,,raw_state_verified,run.py:numpy-batch
SI-pHiSD,0.01995262314968881,0.002,2000000,369,-0.6359375,1.415625,completed,0.0660189276813101,0.18404094086264708,9.966858862311733e-07,-1005.1363649258266,762.7328986174673,573,success_index1,S_L,gradient_tolerance,,raw_state_verified,run.py:numpy-batch
SI-pHiSD,0.01995262314968881,0.002,2000000,385,-0.7859375000000001,1.434375,completed,-2.6280457694590234,1.7869725693017595,9.91674407247181e-07,-3153.3636988697076,238.07432370234693,573,success_index1,S_H,gradient_tolerance,,raw_state_verified,run.py:numpy-batch
SI-pHiSD,0.01995262314968881,0.002,2000000,22,-0.5890625,1.2093749999999999,completed,0.06601892807974719,0.18404094135762367,9.890149424503272e-07,-1005.136366896914,762.7328987032628,574,success_index1,S_L,gradient_tolerance,,raw_state_verified,run.py:numpy-batch
SI-pHiSD,0.01995262314968881,0.002,2000000,49,-0.6359375,1.228125,completed,0.06601892778615459,0.18404094102895416,9.901162809483394e-07,-1005.1363655912065,762.7328986084295,574,success_index1,S_L,gradient_tolerance,,raw_state_verified,run.py:numpy-batch
SI-pHiSD,0.01995262314968881,0.002,2000000,234,-0.7015625000000001,1.340625,completed,0.0660189276996876,0.1840409408481585,9.749541779182353e-07,-1005.1363648649065,762.7328986541429,574,success_index1,S_L,gradient_tolerance,,raw_state_verified,run.py:numpy-batch
SI-pHiSD,0.01995262314968881,0.002,2000000,235,-0.6921875000000001,1.340625,completed,0.06601892769020211,0.18404094085167677,9.845012823550189e-07,-1005.1363648802388,762.7328986386849,574,success_index1,S_L,gradient_tolerance,,raw_state_verified,run.py:numpy-batch
SI-pHiSD,0.01995262314968881,0.002,2000000,302,-0.6640625,1.378125,completed,0.06601892771220871,0.1840409408605937,9.69554393233888e-07,-1005.1363649141563,762.7328986595745,574,success_index1,S_L,gradient_tolerance,,raw_state_verified,run.py:numpy-batch
SI-pHiSD,0.01995262314968881,0.002,2000000,337,-0.6359375,1.3968749999999999,completed,0.06601892771801347,0.1840409408877313,9.76493133026742e-07,-1005.1363650239443,762.732898643354,574,success_index1,S_L,gradient_tolerance,,raw_state_verified,run.py:numpy-batch
SI-pHiSD,0.01995262314968881,0.002,2000000,436,-0.6078125000000001,1.453125,completed,0.06601892769999135,0.18404094087380696,9.856143960321782e-07,-1005.1363649692264,762.7328986320525,574,success_index1,S_L,gradient_tolerance,,raw_state_verified,run.py:numpy-batch
SI-pHiSD,0.01995262314968881,0.002,2000000,470,-0.5890625,1.4718749999999998,completed,0.06601892769197562,0.18404094089066014,9.997996032965425e-07,-1005.1363650386548,762.7328986068204,574,success_index1,S_L,gradient_tolerance,,raw_state_verified,run.py:numpy-batch
SI-pHiSD,0.01995262314968881,0.002,2000000,210,-0.6265625,1.321875,completed,0.06601892770945982,0.1840409409162089,9.966477378399432e-07,-1005.1363651407252,762.7328986072292,575,success_index1,S_L,gradient_tolerance,,raw_state_verified,run.py:numpy-batch
SI-pHiSD,0.01995262314968881,0.002,2000000,503,-0.5796875,1.4906249999999999,completed,0.06601892772667065,0.1840409408920251,9.711107964374969e-07,-1005.1363650404852,762.7328986508828,575,success_index1,S_L,gradient_tolerance,,raw_state_verified,run.py:numpy-batch
SI-pHiSD,0.01995262314968881,0.002,2000000,101,-0.7484375000000001,1.265625,completed,0.06601892771025493,0.18404094086697464,9.73952907958819e-07,-1005.1363649403272,762.7328986514312,576,success_index1,S_L,gradient_tolerance,,raw_state_verified,run.py:numpy-batch
SI-pHiSD,0.01995262314968881,0.002,2000000,172,-0.6828125,1.3031249999999999,completed,0.06601892772776546,0.18404094088788095,9.683246851431881e-07,-1005.1363650235066,762.7328986559445,576,success_index1,S_L,gradient_tolerance,,raw_state_verified,run.py:numpy-batch
SI-pHiSD,0.01995262314968881,0.002,2000000,200,-0.7203125,1.321875,completed,0.06601892770370328,0.18404094082807348,9.632838441375308e-07,-1005.136364782758,762.7328986769903,576,success_index1,S_L,gradient_tolerance,,raw_state_verified,run.py:numpy-batch
SI-pHiSD,0.01995262314968881,0.002,2000000,402,-0.6265625,1.434375,completed,0.06601892770536522,0.18404094086401432,9.768303745616106e-07,-1005.1363649288076,762.732898647648,576,success_index1,S_L,gradient_tolerance,,raw_state_verified,run.py:numpy-batch
SI-pHiSD,0.01995262314968881,0.002,2000000,453,-0.7484375000000001,1.4718749999999998,completed,-2.628045768948485,1.7869725695945988,9.941444427764406e-07,-3153.363699068916,238.0743231112454,576,success_index1,S_H,gradient_tolerance,,raw_state_verified,run.py:numpy-batch
SI-pHiSD,0.01995262314968881,0.002,2000000,469,-0.5984375000000001,1.4718749999999998,completed,0.06601892770793033,0.18404094088444128,9.83553567333727e-07,-1005.1363650116406,762.7328986330856,576,success_index1,S_L,gradient_tolerance,,raw_state_verified,run.py:numpy-batch
SI-pHiSD,0.01995262314968881,0.002,2000000,6,-0.7390625000000001,1.2093749999999999,completed,0.0660189277307985,0.18404094091988407,9.804518748641535e-07,-1005.1363651533879,762.7328986318429,577,success_index1,S_L,gradient_tolerance,,raw_state_verified,run.py:numpy-batch
SI-pHiSD,0.01995262314968881,0.002,2000000,64,-0.7953125000000001,1.246875,completed,0.06601892767862909,0.18404094081077843,9.778962920836827e-07,-1005.1363647150829,762.7328986594447,577,success_index1,S_L,gradient_tolerance,,raw_state_verified,run.py:numpy-batch
SI-pHiSD,0.01995262314968881,0.002,2000000,437,-0.5984375000000001,1.453125,completed,0.06601892773178414,0.18404094091079456,9.753857854582512e-07,-1005.1363651163009,762.7328986410979,577,success_index1,S_L,gradient_tolerance,,raw_state_verified,run.py:numpy-batch
SI-pHiSD,0.01995262314968881,0.002,2000000,131,-0.7671875,1.284375,completed,0.06601892767063414,0.18404094082347858,9.897282143357966e-07,-1005.1363647676123,762.7328986378807,578,success_index1,S_L,gradient_tolerance,,raw_state_verified,run.py:numpy-batch
SI-pHiSD,0.01995262314968881,0.002,2000000,300,-0.6828125,1.378125,completed,0.06601892769276854,0.18404094083737804,9.76402373774213e-07,-1005.136364821788,762.7328986545685,578,success_index1,S_L,gradient_tolerance,,raw_state_verified,run.py:numpy-batch
SI-pHiSD,0.01995262314968881,0.002,2000000,352,-0.7953125000000001,1.415625,completed,-2.6280457689802557,1.7869725695864007,9.682799639514445e-07,-3153.363699057501,238.07432315326042,578,success_index1,S_H,gradient_tolerance,,raw_state_verified,run.py:numpy-batch
SI-pHiSD,0.01995262314968881,0.002,2000000,416,-0.7953125000000001,1.453125,completed,-2.628045770498598,1.7869725687620472,9.672801528552225e-07,-3153.3636984696136,238.07432493548774,578,success_index1,S_H,gradient_tolerance,,raw_state_verified,run.py:numpy-batch
SI-pHiSD,0.01995262314968881,0.002,2000000,435,-0.6171875,1.453125,completed,0.06601892769953223,0.18404094087584785,9.868911225168108e-07,-1005.136364977579,762.7328986296646,578,success_index1,S_L,gradient_tolerance,,raw_state_verified,run.py:numpy-batch
SI-pHiSD,0.01995262314968881,0.002,2000000,472,-0.5703125,1.4718749999999998,completed,0.06601892773791034,0.184040940958287,9.930139661706586e-07,-1005.13636530887,762.7328986074514,578,success_index1,S_L,gradient_tolerance,,raw_state_verified,run.py:numpy-batch
SI-pHiSD,0.01995262314968881,0.002,2000000,134,-0.7390625000000001,1.284375,completed,0.06601892768371383,0.18404094085887415,9.930458336721594e-07,-1005.1363649102176,762.7328986239111,579,success_index1,S_L,gradient_tolerance,,raw_state_verified,run.py:numpy-batch
SI-pHiSD,0.01995262314968881,0.002,2000000,268,-0.6828125,1.359375,completed,0.06601892770792318,0.18404094088321946,9.83019457931817e-07,-1005.1363650066705,762.7328986341475,579,success_index1,S_L,gradient_tolerance,,raw_state_verified,run.py:numpy-batch
SI-pHiSD,0.01995262314968881,0.002,2000000,368,-0.6453125000000001,1.415625,completed,0.06601892771498577,0.18404094089033948,9.802158965840928e-07,-1005.1363650348808,762.732898637118,579,success_index1,S_L,gradient_tolerance,,raw_state_verified,run.py:numpy-batch
SI-pHiSD,0.01995262314968881,0.002,2000000,386,-0.7765625,1.434375,completed,-2.628045769364359,1.7869725693657499,9.673859904856851e-07,-3153.363698907595,238.07432359780128,579,success_index1,S_H,gradient_tolerance,,raw_state_verified,run.py:numpy-batch
SI-pHiSD,0.01995262314968881,0.002,2000000,177,-0.6359375,1.3031249999999999,completed,0.06601892771868492,0.1840409409065641,9.844476310317656e-07,-1005.1363651004942,762.7328986277192,580,success_index1,S_L,gradient_tolerance,,raw_state_verified,run.py:numpy-batch
SI-pHiSD,0.01995262314968881,0.002,2000000,335,-0.6546875000000001,1.3968749999999999,completed,0.06601892769382149,0.18404094088640222,9.96353998883542e-07,-1005.1363650211331,762.7328986129615,580,success_index1,S_L,gradient_tolerance,,raw_state_verified,run.py:numpy-batch
SI-pHiSD,0.01995262314968881,0.002,2000000,353,-0.7859375000000001,1.415625,completed,-2.6280457653427858,1.7869725719348173,9.644223281957946e-07,-3153.3637005024925,238.074319078492,580,success_index1,S_H,gradient_tolerance,,raw_state_verified,run.py:numpy-batch
SI-pHiSD,0.01995262314968881,0.002,2000000,468,-0.6078125000000001,1.4718749999999998,completed,0.06601892771064315,0.18404094088103903,9.797564469811597e-07,-1005.1363649975075,762.7328986396069,580,success_index1,S_L,gradient_tolerance,,raw_state_verified,run.py:numpy-batch
SI-pHiSD,0.01995262314968881,0.002,2000000,132,-0.7578125,1.284375,completed,0.06601892770416108,0.18404094083983286,9.67690219469941e-07,-1005.1363648305523,762.732898667278,581,success_index1,S_L,gradient_tolerance,,raw_state_verified,run.py:numpy-batch
SI-pHiSD,0.01995262314968881,0.002,2000000,198,-0.7390625000000001,1.321875,completed,0.0660189276985203,0.18404094083587214,9.708777080251792e-07,-1005.1363648150433,762.7328986633922,581,success_index1,S_L,gradient_tolerance,,raw_state_verified,run.py:numpy-batch
SI-pHiSD,0.01995262314968881,0.002,2000000,266,-0.7015625000000001,1.359375,completed,0.0660189276877713,0.18404094084252587,9.82777227805735e-07,-1005.1363648432681,762.7328986435367,581,success_index1,S_L,gradient_tolerance,,raw_state_verified,run.py:numpy-batch
SI-pHiSD,0.01995262314968881,0.002,2000000,434,-0.6265625,1.453125,completed,0.06601892771299077,0.184040940866767,9.71542082462489e-07,-1005.1363649391885,762.7328986551822,581,success_index1,S_L,gradient_tolerance,,raw_state_verified,run.py:numpy-batch
SI-pHiSD,0.01995262314968881,0.002,2000000,442,-0.5515625000000001,1.453125,completed,0.066018927769113,0.18404094095937473,9.67679920575544e-07,-1005.1363653099465,762.7328986472014,581,success_index1,S_L,gradient_tolerance,,raw_state_verified,run.py:numpy-batch
SI-pHiSD,0.01995262314968881,0.002,2000000,38,-0.7390625000000001,1.228125,completed,0.06601892771192154,0.18404094090728834,9.904709583085148e-07,-1005.1363651041671,762.7328986182614,582,success_index1,S_L,gradient_tolerance,,raw_state_verified,run.py:numpy-batch
SI-pHiSD,0.01995262314968881,0.002,2000000,135,-0.7296875,1.284375,completed,0.06601892771496383,0.1840409408708493,9.716372488156467e-07,-1005.136364955586,762.7328986541769,582,success_index1,S_L,gradient_tolerance,,raw_state_verified,run.py:numpy-batch
SI-pHiSD,0.01995262314968881,0.002,2000000,232,-0.7203125,1.340625,completed,0.06601892768993144,0.1840409408327117,9.769260412060012e-07,-1005.1363648031071,762.7328986549587,582,success_index1,S_L,gradient_tolerance,,raw_state_verified,run.py:numpy-batch
SI-pHiSD,0.01995262314968881,0.002,2000000,276,-0.6078125000000001,1.359375,completed,0.06601892769605411,0.1840409408971125,9.992335727407772e-07,-1005.1363650644688,762.732898606484,582,success_index1,S_L,gradient_tolerance,,raw_state_verified,run.py:numpy-batch
SI-pHiSD,0.01995262314968881,0.002,2000000,339,-0.6171875,1.3968749999999999,completed,0.06601892774073746,0.18404094094438564,9.83849415232488e-07,-1005.1363652520076,762.7328986233273,582,success_index1,S_L,gradient_tolerance,,raw_state_verified,run.py:numpy-batch
SI-pHiSD,0.01995262314968881,0.002,2000000,374,-0.5890625,1.415625,completed,0.0660189277338867,0.1840409409143515,9.752741046387678e-07,-1005.1363651305471,762.7328986407219,582,success_index1,S_L,gradient_tolerance,,raw_state_verified,run.py:numpy-batch
SI-pHiSD,0.01995262314968881,0.002,2000000,387,-0.7671875,1.434375,completed,-2.628045768071579,1.7869725701224486,9.900257823833197e-07,-3153.3636994135168,238.07432210893526,582,success_index1,S_H,gradient_tolerance,,raw_state_verified,run.py:numpy-batch
SI-pHiSD,0.01995262314968881,0.002,2000000,400,-0.6453125000000001,1.434375,completed,0.06601892769990154,0.18404094086013803,9.79816936167779e-07,-1005.1363649136227,762.7328986439194,582,success_index1,S_L,gradient_tolerance,,raw_state_verified,run.py:numpy-batch
SI-pHiSD,0.01995262314968881,0.002,2000000,467,-0.6171875,1.4718749999999998,completed,0.0660189276904498,0.18404094088031975,9.96537012809263e-07,-1005.1363649967481,762.7328986138958,582,success_index1,S_L,gradient_tolerance,,raw_state_verified,run.py:numpy-batch
SI-pHiSD,0.01995262314968881,0.002,2000000,501,-0.5984375000000001,1.4906249999999999,completed,0.0660189277249177,0.18404094088769554,9.70646098598808e-07,-1005.1363650230577,762.7328986523924,582,success_index1,S_L,gradient_tolerance,,raw_state_verified,run.py:numpy-batch
SI-pHiSD,0.01995262314968881,0.002,2000000,299,-0.6921875000000001,1.378125,completed,0.06601892766841524,0.184040940837733,9.973403442397785e-07,-1005.1363648258457,762.7328986224891,583,success_index1,S_L,gradient_tolerance,,raw_state_verified,run.py:numpy-batch
SI-pHiSD,0.01995262314968881,0.002,2000000,367,-0.6546875000000001,1.415625,completed,0.06601892772159891,0.18404094087880923,9.69503583601624e-07,-1005.1363649872596,762.7328986558535,583,success_index1,S_L,gradient_tolerance,,raw_state_verified,run.py:numpy-batch
SI-pHiSD,0.01995262314968881,0.002,2000000,80,-0.6453125000000001,1.246875,completed,0.06601892772286215,0.18404094094492368,9.990103146720044e-07,-1005.1363652561148,762.7328985995375,584,success_index1,S_L,gradient_tolerance,,raw_state_verified,run.py:numpy-batch
SI-pHiSD,0.01995262314968881,0.002,2000000,97,-0.7859375000000001,1.265625,completed,0.06601892767052582,0.18404094083558806,9.946686203296363e-07,-1005.1363648168921,762.732898627123,584,success_index1,S_L,gradient_tolerance,,raw_state_verified,run.py:numpy-batch
SI-pHiSD,0.01995262314968881,0.002,2000000,267,-0.6921875000000001,1.359375,completed,0.06601892770434155,0.18404094090489267,9.957599821027558e-07,-1005.1363650952338,762.7328986104735,584,success_index1,S_L,gradient_tolerance,,raw_state_verified,run.py:numpy-batch
SI-pHiSD,0.01995262314968881,0.002,2000000,334,-0.6640625,1.3968749999999999,completed,0.06601892771462314,0.18404094086479553,9.693070540061378e-07,-1005.136364930992,762.7328986590402,584,success_index1,S_L,gradient_tolerance,,raw_state_verified,run.py:numpy-batch
SI-pHiSD,0.01995262314968881,0.002,2000000,502,-0.5890625,1.4906249999999999,completed,0.06601892774914411,0.18404094094535386,9.773212679498563e-07,-1005.1363652550449,762.7328986334446,584,success_index1,S_L,gradient_tolerance,,raw_state_verified,run.py:numpy-batch
SI-pHiSD,0.01995262314968881,0.002,2000000,20,-0.6078125000000001,1.2093749999999999,completed,0.06601892800147,0.18404094127287485,9.799479269773356e-07,-1005.1363665605078,762.7328986754528,585,success_index1,S_L,gradient_tolerance,,raw_state_verified,run.py:numpy-batch
SI-pHiSD,0.01995262314968881,0.002,2000000,158,-0.5140625000000001,1.284375,completed,0.06601892797327626,0.184040941267669,9.962848708208546e-07,-1005.1363665423531,762.7328986432387,585,success_index1,S_L,gradient_tolerance,,raw_state_verified,run.py:numpy-batch
SI-pHiSD,0.01995262314968881,0.002,2000000,197,-0.7484375000000001,1.321875,completed,0.06601892768808995,0.18404094081725753,9.723245886490926e-07,-1005.136364740428,762.7328986661057,585,success_index1,S_L,gradient_tolerance,,raw_state_verified,run.py:numpy-batch
SI-pHiSD,0.01995262314968881,0.002,2000000,251,-0.5421875,1.340625,completed,0.06601892774887198,0.18404094091691883,9.63910750674484e-07,-1005.136365139384,762.7328986580194,585,success_index1,S_L,gradient_tolerance,,raw_state_verified,run.py:numpy-batch
SI-pHiSD,0.01995262314968881,0.002,2000000,314,-0.5515625000000001,1.378125,completed,0.06601892772565902,0.18404094090555337,9.781164837210726e-07,-1005.136365095634,762.7328986377029,585,success_index1,S_L,gradient_tolerance,,raw_state_verified,run.py:numpy-batch
SI-pHiSD,0.01995262314968881,0.002,2000000,366,-0.6640625,1.415625,completed,0.06601892770416623,0.18404094086028136,9.762537719101854e-07,-1005.1363649137483,762.7328986493569,585,success_index1,S_L,gradient_tolerance,,raw_state_verified,run.py:numpy-batch
SI-pHiSD,0.01995262314968881,0.002,2000000,401,-0.6359375,1.434375,completed,0.06601892773582761,0.18404094094478202,9.881327190638514e-07,-1005.1363652541473,762.7328986165745,585,success_index1,S_L,gradient_tolerance,,raw_state_verified,run.py:numpy-batch
SI-pHiSD,0.01995262314968881,0.002,2000000,35,-0.7671875,1.228125,completed,0.06601892768011143,0.18404094086662265,9.993950433053717e-07,-1005.1363649421302,762.732898612418,586,success_index1,S_L,gradient_tolerance,,raw_state_verified,run.py:numpy-batch
SI-pHiSD,0.01995262314968881,0.002,2000000,108,-0.6828125,1.265625,completed,0.06601892773023434,0.18404094093271578,9.869943931010846e-07,-1005.1363652056556,762.732898619857,586,success_index1,S_L,gradient_tolerance,,raw_state_verified,run.py:numpy-batch
SI-pHiSD,0.01995262314968881,0.002,2000000,164,-0.7578125,1.3031249999999999,completed,0.06601892770104577,0.18404094083149378,9.669387428426793e-07,-1005.1363647969592,762.732898670525,586,success_index1,S_L,gradient_tolerance,,raw_state_verified,run.py:numpy-batch
SI-pHiSD,0.01995262314968881,0.002,2000000,165,-0.7484375000000001,1.3031249999999999,completed,0.0660189277064876,0.18404094085059272,9.7018299595182e-07,-1005.1363648740802,762.7328986608794,586,success_index1,S_L,gradient_tolerance,,raw_state_verified,run.py:numpy-batch
SI-pHiSD,0.01995262314968881,0.002,2000000,233,-0.7109375,1.340625,completed,0.06601892768396042,0.18404094086438016,9.951691998057524e-07,-1005.1363649325931,762.7328986194054,586,success_index1,S_L,gradient_tolerance,,raw_state_verified,run.py:numpy-batch
SI-pHiSD,0.01995262314968881,0.002,2000000,298,-0.7015625000000001,1.378125,completed,0.06601892767877107,0.1840409408573755,9.966205576835736e-07,-1005.1363649046511,762.7328986187769,586,success_index1,S_L,gradient_tolerance,,raw_state_verified,run.py:numpy-batch
SI-pHiSD,0.01995262314968881,0.002,2000000,167,-0.7296875,1.3031249999999999,completed,0.06601892770986036,0.18404094088046485,9.80165881031819e-07,-1005.1363649952551,762.7328986390894,587,success_index1,S_L,gradient_tolerance,,raw_state_verified,run.py:numpy-batch
SI-pHiSD,0.01995262314968881,0.002,2000000,332,-0.6828125,1.3968749999999999,completed,0.06601892770258867,0.1840409408789573,9.85659803028699e-07,-1005.1363649899022,762.7328986309252,587,success_index1,S_L,gradient_tolerance,,raw_state_verified,run.py:numpy-batch
SI-pHiSD,0.01995262314968881,0.002,2000000,403,-0.6171875,1.434375,completed,0.0660189277211791,0.18404094093051088,9.935201248157053e-07,-1005.1363651976567,762.7328986099778,587,success_index1,S_L,gradient_tolerance,,raw_state_verified,run.py:numpy-batch
SI-pHiSD,0.01995262314968881,0.002,2000000,433,-0.6359375,1.453125,completed,0.06601892770000542,0.18404094088338707,9.89792427958647e-07,-1005.1363650082019,762.7328986236719,587,success_index1,S_L,gradient_tolerance,,raw_state_verified,run.py:numpy-batch
SI-pHiSD,0.01995262314968881,0.002,2000000,504,-0.5703125,1.4906249999999999,completed,0.06601892772722127,0.18404094092874657,9.87627348836355e-07,-1005.1363651898295,762.7328986194068,587,success_index1,S_L,gradient_tolerance,,raw_state_verified,run.py:numpy-batch
SI-pHiSD,0.01995262314968881,0.002,2000000,52,-0.6078125000000001,1.228125,completed,0.06601892789457726,0.18404094113655686,9.674321249130764e-07,-1005.1363660173599,762.732898655527,588,success_index1,S_L,gradient_tolerance,,raw_state_verified,run.py:numpy-batch
SI-pHiSD,0.01995262314968881,0.002,2000000,122,-0.5515625000000001,1.265625,completed,0.0660189278729536,0.18404094109923275,9.612473193088998e-07,-1005.1363658678243,762.7328986600426,588,success_index1,S_L,gradient_tolerance,,raw_state_verified,run.py:numpy-batch
SI-pHiSD,0.01995262314968881,0.002,2000000,230,-0.7390625000000001,1.340625,completed,0.06601892768569675,0.18404094082110414,9.75894249797756e-07,-1005.1363647563353,762.7328986596116,588,success_index1,S_L,gradient_tolerance,,raw_state_verified,run.py:numpy-batch
SI-pHiSD,0.01995262314968881,0.002,2000000,500,-0.6078125000000001,1.4906249999999999,completed,0.06601892772793956,0.18404094090057985,9.739206811842484e-07,-1005.1363650751545,762.7328986450378,588,success_index1,S_L,gradient_tolerance,,raw_state_verified,run.py:numpy-batch
SI-pHiSD,0.01995262314968881,0.002,2000000,99,-0.7671875,1.265625,completed,0.06601892769358014,0.18404094086830328,9.88676078090658e-07,-1005.1363649475223,762.7328986285142,590,success_index1,S_L,gradient_tolerance,,raw_state_verified,run.py:numpy-batch
SI-pHiSD,0.01995262314968881,0.002,2000000,130,-0.7765625,1.284375,completed,0.06601892772390491,0.18404094086969303,9.635559160892846e-07,-1005.1363649499219,762.7328986668547,590,success_index1,S_L,gradient_tolerance,,raw_state_verified,run.py:numpy-batch
SI-pHiSD,0.01995262314968881,0.002,2000000,162,-0.7765625,1.3031249999999999,completed,0.06601892767046028,0.1840409408084121,9.839863625450686e-07,-1005.136364706332,762.7328986508629,590,success_index1,S_L,gradient_tolerance,,raw_state_verified,run.py:numpy-batch
SI-pHiSD,0.01995262314968881,0.002,2000000,331,-0.6921875000000001,1.3968749999999999,completed,0.06601892769854516,0.1840409408586712,9.803472733519104e-07,-1005.1363649078003,762.732898643436,590,success_index1,S_L,gradient_tolerance,,raw_state_verified,run.py:numpy-batch
SI-pHiSD,0.01995262314968881,0.002,2000000,432,-0.6453125000000001,1.453125,completed,0.06601892770006658,0.18404094087795694,9.873583622714336e-07,-1005.1363649861028,762.7328986285122,590,success_index1,S_L,gradient_tolerance,,raw_state_verified,run.py:numpy-batch
SI-pHiSD,0.01995262314968881,0.002,2000000,499,-0.6171875,1.4906249999999999,completed,0.06601892770370425,0.18404094090141673,9.947197517868199e-07,-1005.1363650811602,762.7328986126897,590,success_index1,S_L,gradient_tolerance,,raw_state_verified,run.py:numpy-batch
SI-pHiSD,0.01995262314968881,0.002,2000000,69,-0.7484375000000001,1.246875,completed,0.06601892768988532,0.18404094086198913,9.891170030428143e-07,-1005.136364922229,762.7328986292304,591,success_index1,S_L,gradient_tolerance,,raw_state_verified,run.py:numpy-batch
SI-pHiSD,0.01995262314968881,0.002,2000000,128,-0.7953125000000001,1.284375,completed,0.06601892766495684,0.1840409408177849,9.923477149877182e-07,-1005.1363647450564,762.7328986354667,591,success_index1,S_L,gradient_tolerance,,raw_state_verified,run.py:numpy-batch
SI-pHiSD,0.01995262314968881,0.002,2000000,196,-0.7578125,1.321875,completed,0.06601892768535376,0.1840409408290365,9.793547848416219e-07,-1005.1363647886458,762.7328986522093,591,success_index1,S_L,gradient_tolerance,,raw_state_verified,run.py:numpy-batch
SI-pHiSD,0.01995262314968881,0.002,2000000,365,-0.6734375,1.415625,completed,0.06601892770258487,0.18404094087220155,9.82718945686874e-07,-1005.1363649624163,762.7328986368433,591,success_index1,S_L,gradient_tolerance,,raw_state_verified,run.py:numpy-batch
SI-pHiSD,0.01995262314968881,0.002,2000000,465,-0.6359375,1.4718749999999998,completed,0.06601892771407326,0.18404094087802542,9.755274359541694e-07,-1005.136364984878,762.7328986467237,591,success_index1,S_L,gradient_tolerance,,raw_state_verified,run.py:numpy-batch
SI-pHiSD,0.01995262314968881,0.002,2000000,166,-0.7390625000000001,1.3031249999999999,completed,0.06601892771296859,0.1840409409123275,9.91905464746431e-07,-1005.136365124557,762.732898615209,592,success_index1,S_L,gradient_tolerance,,raw_state_verified,run.py:numpy-batch
SI-pHiSD,0.01995262314968881,0.002,2000000,199,-0.7296875,1.321875,completed,0.06601892770678697,0.18404094088097853,9.829930212052223e-07,-1005.1363649976751,762.7328986346299,592,success_index1,S_L,gradient_tolerance,,raw_state_verified,run.py:numpy-batch
SI-pHiSD,0.01995262314968881,0.002,2000000,229,-0.7484375000000001,1.340625,completed,0.06601892768970584,0.18404094081348074,9.694564273772778e-07,-1005.1363647248886,762.7328986715249,592,success_index1,S_L,gradient_tolerance,,raw_state_verified,run.py:numpy-batch
SI-pHiSD,0.01995262314968881,0.002,2000000,321,-0.7859375000000001,1.3968749999999999,completed,-2.6280457655933174,1.7869725717429565,9.908360202763275e-07,-3153.3637004000166,238.07431934343072,592,success_index1,S_H,gradient_tolerance,,raw_state_verified,run.py:numpy-batch
SI-pHiSD,0.01995262314968881,0.002,2000000,96,-0.7953125000000001,1.265625,completed,0.06601892770811514,0.18404094085427553,9.70349093175966e-07,-1005.1363648888894,762.7328986597738,593,success_index1,S_L,gradient_tolerance,,raw_state_verified,run.py:numpy-batch
SI-pHiSD,0.01995262314968881,0.002,2000000,163,-0.7671875,1.3031249999999999,completed,0.06601892769081237,0.18404094084741787,9.8220698720527e-07,-1005.1363648628457,762.7328986432146,593,success_index1,S_L,gradient_tolerance,,raw_state_verified,run.py:numpy-batch
SI-pHiSD,0.01995262314968881,0.002,2000000,191,-0.5046875000000001,1.3031249999999999,completed,0.06601892773822571,0.18404094097013282,9.98645845720823e-07,-1005.1363653570317,762.732898597477,593,success_index1,S_L,gradient_tolerance,,raw_state_verified,run.py:numpy-batch
SI-pHiSD,0.01995262314968881,0.002,2000000,195,-0.7671875,1.321875,completed,0.06601892768572878,0.18404094082871994,9.78906908083752e-07,-1005.1363647873172,762.7328986529767,593,success_index1,S_L,gradient_tolerance,,raw_state_verified,run.py:numpy-batch
SI-pHiSD,0.01995262314968881,0.002,2000000,389,-0.7484375000000001,1.434375,completed,-2.628045766902229,1.7869725708671207,9.740483146065353e-07,-3153.363699877035,238.0743207936416,593,success_index1,S_H,gradient_tolerance,,raw_state_verified,run.py:numpy-batch
SI-pHiSD,0.01995262314968881,0.002,2000000,72,-0.7203125,1.246875,completed,0.0660189276815709,0.18404094085370204,9.926975022244128e-07,-1005.136364889405,762.7328986256498,594,success_index1,S_L,gradient_tolerance,,raw_state_verified,run.py:numpy-batch
SI-pHiSD,0.01995262314968881,0.002,2000000,431,-0.6546875000000001,1.453125,completed,0.0660189277036102,0.1840409408913678,9.902827751182146e-07,-1005.1363650402853,762.7328986213771,594,success_index1,S_L,gradient_tolerance,,raw_state_verified,run.py:numpy-batch
SI-pHiSD,0.01995262314968881,0.002,2000000,456,-0.7203125,1.4718749999999998,completed,-2.628045768563716,1.7869725698288434,9.775960724600476e-07,-3153.3636992203783,238.0743226728261,594,success_index1,S_H,gradient_tolerance,,raw_state_verified,run.py:numpy-batch
SI-pHiSD,0.01995262314968881,0.002,2000000,489,-0.7109375,1.4906249999999999,completed,-2.6280457696847814,1.7869725691797007,9.822586540669017e-07,-3153.363698782346,238.07432396760893,594,success_index1,S_H,gradient_tolerance,,raw_state_verified,run.py:numpy-batch
SI-pHiSD,0.01995262314968881,0.002,2000000,65,-0.7859375000000001,1.246875,completed,0.06601892772679116,0.18404094090843856,9.784920299415305e-07,-1005.1363651072514,762.73289863665,595,success_index1,S_L,gradient_tolerance,,raw_state_verified,run.py:numpy-batch
SI-pHiSD,0.01995262314968881,0.002,2000000,111,-0.6546875000000001,1.265625,completed,0.0660189277466191,0.18404094092262885,9.684939114349766e-07,-1005.1363651628574,762.7328986500746,595,success_index1,S_L,gradient_tolerance,,raw_state_verified,run.py:numpy-batch
SI-pHiSD,0.01995262314968881,0.002,2000000,148,-0.6078125000000001,1.284375,completed,0.06601892778785082,0.18404094099380455,9.699214580108945e-07,-1005.1363654480159,762.732898641459,595,success_index1,S_L,gradient_tolerance,,raw_state_verified,run.py:numpy-batch
SI-pHiSD,0.01995262314968881,0.002,2000000,297,-0.7109375,1.378125,completed,0.06601892772224296,0.18404094087084416,9.654658656945883e-07,-1005.136364954784,762.7328986636771,595,success_index1,S_L,gradient_tolerance,,raw_state_verified,run.py:numpy-batch
SI-pHiSD,0.01995262314968881,0.002,2000000,498,-0.6265625,1.4906249999999999,completed,0.06601892773906355,0.184040940912252,9.699508873263102e-07,-1005.1363651214493,762.732898649316,595,success_index1,S_L,gradient_tolerance,,raw_state_verified,run.py:numpy-batch
SI-pHiSD,0.01995262314968881,0.002,2000000,204,-0.6828125,1.321875,completed,0.06601892771071766,0.1840409408451116,9.642889824915172e-07,-1005.1363648513262,762.7328986712031,596,success_index1,S_L,gradient_tolerance,,raw_state_verified,run.py:numpy-batch
SI-pHiSD,0.01995262314968881,0.002,2000000,262,-0.7390625000000001,1.359375,completed,0.06601892768132302,0.1840409408234558,9.805711297535355e-07,-1005.1363647663723,762.7328986518444,596,success_index1,S_L,gradient_tolerance,,raw_state_verified,run.py:numpy-batch
SI-pHiSD,0.01995262314968881,0.002,2000000,296,-0.7203125,1.378125,completed,0.06601892768094936,0.18404094086689035,9.987974882193803e-07,-1005.1363649431289,762.7328986132766,596,success_index1,S_L,gradient_tolerance,,raw_state_verified,run.py:numpy-batch
SI-pHiSD,0.01995262314968881,0.002,2000000,363,-0.6921875000000001,1.415625,completed,0.06601892769237631,0.18404094086674355,9.89029125991336e-07,-1005.1363649413055,762.7328986283114,596,success_index1,S_L,gradient_tolerance,,raw_state_verified,run.py:numpy-batch
SI-pHiSD,0.01995262314968881,0.002,2000000,397,-0.6734375,1.434375,completed,0.06601892769984309,0.18404094086016512,9.79878231562458e-07,-1005.1363649137388,762.7328986438195,596,success_index1,S_L,gradient_tolerance,,raw_state_verified,run.py:numpy-batch
SI-pHiSD,0.01995262314968881,0.002,2000000,492,-0.6828125,1.4906249999999999,completed,-4.9990068388550775,-0.2044508943337793,407845864.0378802,46160010.57239751,3175288745.085597,597,state_safeguard,U,state_safeguard,source_norm2_gt_5,raw_state_verified,run.py:numpy-batch
SI-pHiSD,0.01995262314968881,0.002,2000000,254,-0.5140625000000001,1.340625,completed,0.06601892768611471,0.18404094083616093,9.815862406086867e-07,-1005.1363648175499,762.7328986469562,597,success_index1,S_L,gradient_tolerance,,raw_state_verified,run.py:numpy-batch
SI-pHiSD,0.01995262314968881,0.002,2000000,320,-0.7953125000000001,1.3968749999999999,completed,-2.628045764567758,1.7869725725153762,9.87639177019825e-07,-3153.3637008182277,238.07431825212885,597,success_index1,S_H,gradient_tolerance,,raw_state_verified,run.py:numpy-batch
SI-pHiSD,0.01995262314968881,0.002,2000000,330,-0.7015625000000001,1.3968749999999999,completed,0.06601892768504936,0.184040940872736,9.978238467242436e-07,-1005.1363649664727,762.7328986135,598,success_index1,S_L,gradient_tolerance,,raw_state_verified,run.py:numpy-batch
SI-pHiSD,0.01995262314968881,0.002,2000000,333,-0.6734375,1.3968749999999999,completed,0.06601892771639917,0.18404094092349102,9.942155235349778e-07,-1005.1363651696086,762.7328986098969,598,success_index1,S_L,gradient_tolerance,,raw_state_verified,run.py:numpy-batch
SI-pHiSD,0.01995262314968881,0.002,2000000,370,-0.6265625,1.415625,completed,0.06601892771707167,0.18404094092180862,9.928638668929939e-07,-1005.1363651626915,762.732898612249,598,success_index1,S_L,gradient_tolerance,,raw_state_verified,run.py:numpy-batch
SI-pHiSD,0.01995262314968881,0.002,2000000,44,-0.6828125,1.228125,completed,0.06601892778042337,0.18404094097054197,9.639792461580584e-07,-1005.1363653541678,762.7328986521646,599,success_index1,S_L,gradient_tolerance,,raw_state_verified,run.py:numpy-batch
SI-pHiSD,0.01995262314968881,0.002,2000000,160,-0.7953125000000001,1.3031249999999999,completed,0.06601892767977444,0.18404094079306257,9.70141018697407e-07,-1005.1363646428821,762.7328986764705,599,success_index1,S_L,gradient_tolerance,,raw_state_verified,run.py:numpy-batch
SI-pHiSD,0.01995262314968881,0.002,2000000,194,-0.7765625,1.321875,completed,0.06601892766532858,0.1840409408240021,9.94477214188415e-07,-1005.1363647703115,762.732898630501,599,success_index1,S_L,gradient_tolerance,,raw_state_verified,run.py:numpy-batch
SI-pHiSD,0.01995262314968881,0.002,2000000,329,-0.7109375,1.3968749999999999,completed,0.06601892770594636,0.1840409408304011,9.623097563951308e-07,-1005.1363647919871,762.7328986778762,599,success_index1,S_L,gradient_tolerance,,raw_state_verified,run.py:numpy-batch
SI-pHiSD,0.01995262314968881,0.002,2000000,423,-0.7296875,1.453125,completed,-2.628045768699999,1.786972569749137,9.737391630704714e-07,-3153.363699167051,238.07432282981316,599,success_index1,S_H,gradient_tolerance,,raw_state_verified,run.py:numpy-batch
SI-pHiSD,0.01995262314968881,0.002,2000000,466,-0.6265625,1.4718749999999998,completed,0.0660189277346486,0.18404094094808912,9.907232230092828e-07,-1005.1363652677294,762.7328986121371,599,success_index1,S_L,gradient_tolerance,,raw_state_verified,run.py:numpy-batch
SI-pHiSD,0.01995262314968881,0.002,2000000,211,-0.6171875,1.321875,completed,0.06601892772125127,0.18404094089152892,9.754600336522001e-07,-1005.1363650390474,762.7328986442488,600,success_index1,S_L,gradient_tolerance,,raw_state_verified,run.py:numpy-batch
SI-pHiSD,0.01995262314968881,0.002,2000000,315,-0.5421875,1.378125,completed,0.06601892770096145,0.18404094087159945,9.838348197154208e-07,-1005.136364960141,762.7328986352535,600,success_index1,S_L,gradient_tolerance,,raw_state_verified,run.py:numpy-batch
SI-pHiSD,0.01995262314968881,0.002,2000000,398,-0.6640625,1.434375,completed,0.06601892772294796,0.18404094091834916,9.863178046968218e-07,-1005.1363651479858,762.7328986229476,600,success_index1,S_L,gradient_tolerance,,raw_state_verified,run.py:numpy-batch
SI-pHiSD,0.01995262314968881,0.002,2000000,497,-0.6359375,1.4906249999999999,completed,0.06601892770703115,0.18404094089242207,9.878646524730942e-07,-1005.1363650442075,762.7328986249154,600,success_index1,S_L,gradient_tolerance,,raw_state_verified,run.py:numpy-batch
SI-pHiSD,0.01995262314968881,0.002,2000000,84,-0.6078125000000001,1.246875,completed,0.06601892776952804,0.184040941000971,9.886930267099621e-07,-1005.1363654791395,762.7328986112739,601,success_index1,S_L,gradient_tolerance,,raw_state_verified,run.py:numpy-batch
SI-pHiSD,0.01995262314968881,0.002,2000000,207,-0.6546875000000001,1.321875,completed,0.06601892769412751,0.1840409408403853,9.76475267179345e-07,-1005.1363648338772,762.7328986537052,601,success_index1,S_L,gradient_tolerance,,raw_state_verified,run.py:numpy-batch
SI-pHiSD,0.01995262314968881,0.002,2000000,355,-0.7671875,1.415625,completed,-2.6280457650141402,1.786972572166904,9.834484699295131e-07,-3153.3637006349973,238.07431872072326,601,success_index1,S_H,gradient_tolerance,,raw_state_verified,run.py:numpy-batch
SI-pHiSD,0.01995262314968881,0.002,2000000,161,-0.7859375000000001,1.3031249999999999,completed,0.06601892766511634,0.18404094083364309,9.985069445079378e-07,-1005.1363648095594,762.7328986217714,602,success_index1,S_L,gradient_tolerance,,raw_state_verified,run.py:numpy-batch
SI-pHiSD,0.01995262314968881,0.002,2000000,362,-0.7015625000000001,1.415625,completed,0.0660189276859042,0.1840409408568145,9.90314582593647e-07,-1005.136364901603,762.7328986285739,602,success_index1,S_L,gradient_tolerance,,raw_state_verified,run.py:numpy-batch
SI-pHiSD,0.01995262314968881,0.002,2000000,203,-0.6921875000000001,1.321875,completed,0.0660189276873309,0.18404094083951092,9.819155400382595e-07,-1005.1363648310491,762.7328986456054,603,success_index1,S_L,gradient_tolerance,,raw_state_verified,run.py:numpy-batch
SI-pHiSD,0.01995262314968881,0.002,2000000,422,-0.7390625000000001,1.453125,completed,-2.628045770610668,1.786972568696028,9.868496178570958e-07,-3153.3636984257155,238.074325064337,603,success_index1,S_H,gradient_tolerance,,raw_state_verified,run.py:numpy-batch
SI-pHiSD,0.01995262314968881,0.002,2000000,509,-0.5234375,1.4906249999999999,completed,0.06601892770357845,0.1840409408748483,9.830267539292582e-07,-1005.1363649730783,762.7328986358192,603,success_index1,S_L,gradient_tolerance,,raw_state_verified,run.py:numpy-batch
SI-pHiSD,0.01995262314968881,0.002,2000000,261,-0.7484375000000001,1.359375,completed,0.06601892767438432,0.18404094084427222,9.949142738361947e-07,-1005.1363648518104,762.7328986245426,604,success_index1,S_L,gradient_tolerance,,raw_state_verified,run.py:numpy-batch
SI-pHiSD,0.01995262314968881,0.002,2000000,463,-0.6546875000000001,1.4718749999999998,completed,0.06601892774056287,0.18404094090460152,9.65145356566269e-07,-1005.1363650901621,762.7328986579788,604,success_index1,S_L,gradient_tolerance,,raw_state_verified,run.py:numpy-batch
SI-pHiSD,0.01995262314968881,0.002,2000000,181,-0.5984375000000001,1.3031249999999999,completed,0.06601892773221865,0.18404094089943004,9.697928615813446e-07,-1005.1363650700172,762.7328986516281,605,success_index1,S_L,gradient_tolerance,,raw_state_verified,run.py:numpy-batch
SI-pHiSD,0.01995262314968881,0.002,2000000,457,-0.7109375,1.4718749999999998,completed,-2.6280457676873565,1.78697257035763,9.97851518646247e-07,-3153.3636995648876,238.07432167180144,605,success_index1,S_H,gradient_tolerance,,raw_state_verified,run.py:numpy-batch
SI-pHiSD,0.01995262314968881,0.002,2000000,193,-0.7859375000000001,1.321875,completed,0.0660189276568485,0.18404094080973793,9.961754428654101e-07,-1005.136364713187,762.7328986319445,606,success_index1,S_L,gradient_tolerance,,raw_state_verified,run.py:numpy-batch
SI-pHiSD,0.01995262314968881,0.002,2000000,322,-0.7765625,1.3968749999999999,completed,-2.6280457655740874,1.7869725717591374,9.852573163791005e-07,-3153.3637004080247,238.0743193238542,606,success_index1,S_H,gradient_tolerance,,raw_state_verified,run.py:numpy-batch
SI-pHiSD,0.01995262314968881,0.002,2000000,356,-0.7578125,1.415625,completed,-2.628045767366015,1.786972570574281,9.60295002615731e-07,-3153.3636996934406,238.07432131662208,606,success_index1,S_H,gradient_tolerance,,raw_state_verified,run.py:numpy-batch
SI-pHiSD,0.01995262314968881,0.002,2000000,264,-0.7203125,1.359375,completed,0.06601892769302449,0.184040940842279,9.781954444017352e-07,-1005.1363648416999,762.7328986506059,607,success_index1,S_L,gradient_tolerance,,raw_state_verified,run.py:numpy-batch
SI-pHiSD,0.01995262314968881,0.002,2000000,395,-0.6921875000000001,1.434375,completed,0.06601892771617993,0.1840409408628132,9.671332484293783e-07,-1005.13636492276,762.7328986628088,607,success_index1,S_L,gradient_tolerance,,raw_state_verified,run.py:numpy-batch
SI-pHiSD,0.01995262314968881,0.002,2000000,490,-0.7015625000000001,1.4906249999999999,completed,-2.628045770327027,1.7869725688363425,9.850296223764881e-07,-3153.3636985341973,238.07432472426026,608,success_index1,S_H,gradient_tolerance,,raw_state_verified,run.py:numpy-batch
SI-pHiSD,0.01995262314968881,0.002,2000000,390,-0.7390625000000001,1.434375,completed,-2.6280457670688726,1.7869725707615207,9.680964376084022e-07,-3153.3636998110305,238.07432098135607,609,success_index1,S_H,gradient_tolerance,,raw_state_verified,run.py:numpy-batch
SI-pHiSD,0.01995262314968881,0.002,2000000,288,-0.7953125000000001,1.378125,completed,-2.6280457648304836,1.7869725723057914,9.85728765629363e-07,-3153.363700709945,238.07431852558784,610,success_index1,S_H,gradient_tolerance,,raw_state_verified,run.py:numpy-batch
SI-pHiSD,0.01995262314968881,0.002,2000000,316,-0.5328125000000001,1.378125,completed,0.06601892764581986,0.1840409407487928,9.835527691812876e-07,-1005.1363644664109,762.73289867099,610,success_index1,S_L,gradient_tolerance,,raw_state_verified,run.py:numpy-batch
SI-pHiSD,0.01995262314968881,0.002,2000000,361,-0.7109375,1.415625,completed,0.06601892766921698,0.1840409408457923,9.999469792141272e-07,-1005.1363648585492,762.7328986164692,610,success_index1,S_L,gradient_tolerance,,raw_state_verified,run.py:numpy-batch
SI-pHiSD,0.01995262314968881,0.002,2000000,429,-0.6734375,1.453125,completed,0.06601892770055923,0.1840409408960893,9.949717844240657e-07,-1005.1363650598225,762.7328986132577,610,success_index1,S_L,gradient_tolerance,,raw_state_verified,run.py:numpy-batch
SI-pHiSD,0.01995262314968881,0.002,2000000,396,-0.6828125,1.434375,completed,0.06601892773501764,0.18404094092131046,9.775861575843696e-07,-1005.136365158739,762.732898636096,611,success_index1,S_L,gradient_tolerance,,raw_state_verified,run.py:numpy-batch
SI-pHiSD,0.01995262314968881,0.002,2000000,170,-0.7015625000000001,1.3031249999999999,completed,0.06601892772523082,0.18404094093367376,9.916342039484626e-07,-1005.1363652100897,762.7328986124903,612,success_index1,S_L,gradient_tolerance,,raw_state_verified,run.py:numpy-batch
SI-pHiSD,0.01995262314968881,0.002,2000000,227,-0.7671875,1.340625,completed,0.06601892768835255,0.18404094084303937,9.824929558998824e-07,-1005.1363648452956,762.7328986438446,612,success_index1,S_L,gradient_tolerance,,raw_state_verified,run.py:numpy-batch
SI-pHiSD,0.01995262314968881,0.002,2000000,192,-0.7953125000000001,1.321875,completed,0.06601892765128735,0.18404094080453376,9.989562914774255e-07,-1005.1363646926102,762.7328986292529,613,success_index1,S_L,gradient_tolerance,,raw_state_verified,run.py:numpy-batch
SI-pHiSD,0.01995262314968881,0.002,2000000,33,-0.7859375000000001,1.228125,completed,0.06601892768512398,0.18404094082586556,9.782800952360024e-07,-1005.1363647757688,762.7328986546896,614,success_index1,S_L,gradient_tolerance,,raw_state_verified,run.py:numpy-batch
SI-pHiSD,0.01995262314968881,0.002,2000000,75,-0.6921875000000001,1.246875,completed,0.06601892766942018,0.18404094080974842,9.853945051273374e-07,-1005.1363647118807,762.7328986483349,614,success_index1,S_L,gradient_tolerance,,raw_state_verified,run.py:numpy-batch
SI-pHiSD,0.01995262314968881,0.002,2000000,91,-0.5421875,1.246875,completed,0.06601892778174862,0.18404094102514584,9.91623889317104e-07,-1005.1363655761853,762.7328986060206,614,success_index1,S_L,gradient_tolerance,,raw_state_verified,run.py:numpy-batch
SI-pHiSD,0.01995262314968881,0.002,2000000,260,-0.7578125,1.359375,completed,0.06601892767534583,0.18404094084068087,9.926226252917216e-07,-1005.1363648370952,762.7328986289457,614,success_index1,S_L,gradient_tolerance,,raw_state_verified,run.py:numpy-batch
SI-pHiSD,0.01995262314968881,0.002,2000000,424,-0.7203125,1.453125,completed,-2.6280457678485787,1.7869725702588326,9.934305012293425e-07,-3153.363699501361,238.07432185516632,614,success_index1,S_H,gradient_tolerance,,raw_state_verified,run.py:numpy-batch
SI-pHiSD,0.01995262314968881,0.002,2000000,484,-0.7578125,1.4906249999999999,completed,-2.6280457711250538,1.7869725685259303,9.703693068501558e-07,-3153.3636982372464,238.07432572508705,614,success_index1,S_H,gradient_tolerance,,raw_state_verified,run.py:numpy-batch
SI-pHiSD,0.01995262314968881,0.002,2000000,106,-0.7015625000000001,1.265625,completed,0.06601892768908353,0.1840409408251168,9.745941956011424e-07,-1005.1363647722972,762.7328986605116,616,success_index1,S_L,gradient_tolerance,,raw_state_verified,run.py:numpy-batch
SI-pHiSD,0.01995262314968881,0.002,2000000,228,-0.7578125,1.340625,completed,0.06601892768831805,0.1840409408420773,9.821264235905293e-07,-1005.1363648413848,762.7328986446433,616,success_index1,S_L,gradient_tolerance,,raw_state_verified,run.py:numpy-batch
SI-pHiSD,0.01995262314968881,0.002,2000000,259,-0.7671875,1.359375,completed,0.06601892768282659,0.18404094080226407,9.710113226978403e-07,-1005.136364679991,762.7328986723852,617,success_index1,S_L,gradient_tolerance,,raw_state_verified,run.py:numpy-batch
SI-pHiSD,0.01995262314968881,0.002,2000000,409,-0.5609375000000001,1.434375,completed,0.06601892765649123,0.18404094079316344,9.901962104623746e-07,-1005.1363646457911,762.7328986460093,617,success_index1,S_L,gradient_tolerance,,raw_state_verified,run.py:numpy-batch
SI-pHiSD,0.01995262314968881,0.002,2000000,462,-0.6640625,1.4718749999999998,completed,0.06601892773785824,0.18404094092857184,9.786454522749983e-07,-1005.136365187977,762.7328986334359,618,success_index1,S_L,gradient_tolerance,,raw_state_verified,run.py:numpy-batch
SI-pHiSD,0.01995262314968881,0.002,2000000,464,-0.6453125000000001,1.4718749999999998,completed,0.06601892770724305,0.1840409409046978,9.932273118187854e-07,-1005.1363650941297,762.7328986144292,618,success_index1,S_L,gradient_tolerance,,raw_state_verified,run.py:numpy-batch
SI-pHiSD,0.01995262314968881,0.002,2000000,491,-0.6921875000000001,1.4906249999999999,completed,-2.628045769538164,1.7869725692551115,9.964561476310662e-07,-3153.363698838705,238.07432379332238,618,success_index1,S_H,gradient_tolerance,,raw_state_verified,run.py:numpy-batch
SI-pHiSD,0.01995262314968881,0.002,2000000,496,-0.6453125000000001,1.4906249999999999,completed,0.06601892773369188,0.18404094096491871,9.998011500832247e-07,-1005.1363653363042,762.7328985961341,618,success_index1,S_L,gradient_tolerance,,raw_state_verified,run.py:numpy-batch
SI-pHiSD,0.01995262314968881,0.002,2000000,364,-0.6828125,1.415625,completed,0.06601892771293001,0.18404094089094156,9.822211467666586e-07,-1005.1363650375511,762.7328986339087,619,success_index1,S_L,gradient_tolerance,,raw_state_verified,run.py:numpy-batch
SI-pHiSD,0.01995262314968881,0.002,2000000,495,-0.6546875000000001,1.4906249999999999,completed,0.0660189277408906,0.18404094095928566,9.910334983237789e-07,-1005.1363653126131,762.7328986104636,619,success_index1,S_L,gradient_tolerance,,raw_state_verified,run.py:numpy-batch
SI-pHiSD,0.01995262314968881,0.002,2000000,154,-0.5515625000000001,1.284375,completed,0.06601892763655398,0.1840409407240037,9.83364257467226e-07,-1005.1363643665488,762.7328986806364,620,success_index1,S_L,gradient_tolerance,,raw_state_verified,run.py:numpy-batch
SI-pHiSD,0.01995262314968881,0.002,2000000,461,-0.6734375,1.4718749999999998,completed,0.06601892771609165,0.1840409409003892,9.838134805293947e-07,-1005.1363650756502,762.7328986297499,620,success_index1,S_L,gradient_tolerance,,raw_state_verified,run.py:numpy-batch
SI-pHiSD,0.01995262314968881,0.002,2000000,394,-0.7015625000000001,1.434375,completed,0.06601892773814108,0.18404094091667933,9.727930800106704e-07,-1005.1363651395613,762.7328986442308,621,success_index1,S_L,gradient_tolerance,,raw_state_verified,run.py:numpy-batch
SI-pHiSD,0.01995262314968881,0.002,2000000,323,-0.7671875,1.3968749999999999,completed,-2.628045765554636,1.7869725717806526,9.689884212385416e-07,-3153.36370041663,238.07431930673775,622,success_index1,S_H,gradient_tolerance,,raw_state_verified,run.py:numpy-batch
SI-pHiSD,0.01995262314968881,0.002,2000000,129,-0.7859375000000001,1.284375,completed,0.06601892765766149,0.18404094080238365,9.926642111778864e-07,-1005.1363646831787,762.7328986394524,623,success_index1,S_L,gradient_tolerance,,raw_state_verified,run.py:numpy-batch
SI-pHiSD,0.01995262314968881,0.002,2000000,231,-0.7296875,1.340625,completed,0.06601892767073034,0.18404094079862524,9.800123197490205e-07,-1005.1363646664843,762.7328986597959,623,success_index1,S_L,gradient_tolerance,,raw_state_verified,run.py:numpy-batch
SI-pHiSD,0.01995262314968881,0.002,2000000,202,-0.7015625000000001,1.321875,completed,-2.628045769819128,1.7869725691081313,9.775363843777217e-07,-3153.363698730462,238.07432412602134,624,success_index1,S_H,gradient_tolerance,,raw_state_verified,run.py:numpy-batch
SI-pHiSD,0.01995262314968881,0.002,2000000,289,-0.7859375000000001,1.378125,completed,-2.628045764980032,1.7869725722024614,9.673026643530465e-07,-3153.363700649872,238.07431868957775,624,success_index1,S_H,gradient_tolerance,,raw_state_verified,run.py:numpy-batch
SI-pHiSD,0.01995262314968881,0.002,2000000,357,-0.7484375000000001,1.415625,completed,-2.6280457677476607,1.7869725703202908,9.969830069960702e-07,-3153.363699541087,238.07432174018805,624,success_index1,S_H,gradient_tolerance,,raw_state_verified,run.py:numpy-batch
SI-pHiSD,0.01995262314968881,0.002,2000000,427,-0.6921875000000001,1.453125,completed,0.06601892772527093,0.18404094087476955,9.646182132248647e-07,-1005.1363649704298,762.7328986641854,624,success_index1,S_L,gradient_tolerance,,raw_state_verified,run.py:numpy-batch
SI-pHiSD,0.01995262314968881,0.002,2000000,430,-0.6640625,1.453125,completed,0.06601892769609795,0.18404094089632989,9.988456388353437e-07,-1005.13636506128,762.7328986072273,624,success_index1,S_L,gradient_tolerance,,raw_state_verified,run.py:numpy-batch
SI-pHiSD,0.01995262314968881,0.002,2000000,418,-0.7765625,1.453125,completed,-2.6280457712345586,1.7869725684736069,9.950162263703516e-07,-3153.3636981955447,238.0743258573433,625,success_index1,S_H,gradient_tolerance,,raw_state_verified,run.py:numpy-batch
SI-pHiSD,0.01995262314968881,0.002,2000000,428,-0.6828125,1.453125,completed,0.0660189277320258,0.18404094089547468,9.681553263250127e-07,-1005.1363650539449,762.7328986548443,625,success_index1,S_L,gradient_tolerance,,raw_state_verified,run.py:numpy-batch
SI-pHiSD,0.01995262314968881,0.002,2000000,137,-0.7109375,1.284375,completed,0.06601892768798097,0.18404094080645597,9.68201275988279e-07,-1005.1363646964932,762.7328986754338,626,success_index1,S_L,gradient_tolerance,,raw_state_verified,run.py:numpy-batch
SI-pHiSD,0.01995262314968881,0.002,2000000,399,-0.6546875000000001,1.434375,completed,0.06601892770202182,0.18404094083222364,9.66401618543424e-07,-1005.1363647998232,762.7328986711588,626,success_index1,S_L,gradient_tolerance,,raw_state_verified,run.py:numpy-batch
SI-pHiSD,0.01995262314968881,0.002,2000000,327,-0.7296875,1.3968749999999999,completed,0.06601892770415098,0.18404094085351633,9.734008057105934e-07,-1005.1363648862259,762.7328986552681,629,success_index1,S_L,gradient_tolerance,,raw_state_verified,run.py:numpy-batch
SI-pHiSD,0.01995262314968881,0.002,2000000,458,-0.7015625000000001,1.4718749999999998,completed,-2.628045768198202,1.7869725700468897,9.849004785649806e-07,-3153.3636993638224,238.07432225401166,629,success_index1,S_H,gradient_tolerance,,raw_state_verified,run.py:numpy-batch
SI-pHiSD,0.01995262314968881,0.002,2000000,494,-0.6640625,1.4906249999999999,completed,0.06601892772371981,0.1840409409415685,9.966773441702986e-07,-1005.1363652423723,762.7328986035976,630,success_index1,S_L,gradient_tolerance,,raw_state_verified,run.py:numpy-batch
SI-pHiSD,0.01995262314968881,0.002,2000000,224,-0.7953125000000001,1.340625,completed,0.06601892766441259,0.18404094081880112,9.932123300593655e-07,-1005.1363647492493,762.732898633866,632,success_index1,S_L,gradient_tolerance,,raw_state_verified,run.py:numpy-batch
SI-pHiSD,0.01995262314968881,0.002,2000000,393,-0.7109375,1.434375,completed,0.06601892770782983,0.1840409408559995,9.713211137397824e-07,-1005.1363648959342,762.7328986578899,632,success_index1,S_L,gradient_tolerance,,raw_state_verified,run.py:numpy-batch
SI-pHiSD,0.01995262314968881,0.002,2000000,34,-0.7765625,1.228125,completed,0.06601892767170661,0.18404094077887542,9.718263389465324e-07,-1005.1363645860264,762.7328986783847,635,success_index1,S_L,gradient_tolerance,,raw_state_verified,run.py:numpy-batch
SI-pHiSD,0.01995262314968881,0.002,2000000,86,-0.5890625,1.246875,completed,0.06601892764604644,0.1840409407459708,9.823985919439297e-07,-1005.1363644549054,762.7328986737597,638,success_index1,S_L,gradient_tolerance,,raw_state_verified,run.py:numpy-batch
SI-pHiSD,0.01995262314968881,0.002,2000000,225,-0.7859375000000001,1.340625,completed,0.06601892770471045,0.18404094082803552,9.624078986382276e-07,-1005.1363647824957,762.7328986783375,639,success_index1,S_L,gradient_tolerance,,raw_state_verified,run.py:numpy-batch
SI-pHiSD,0.01995262314968881,0.002,2000000,293,-0.7484375000000001,1.378125,completed,0.06601892768359517,0.184040940817542,9.762859993812066e-07,-1005.1363647420674,762.7328986599933,640,success_index1,S_L,gradient_tolerance,,raw_state_verified,run.py:numpy-batch
SI-pHiSD,0.01995262314968881,0.002,2000000,66,-0.7765625,1.246875,completed,0.06601892765336899,0.18404094079376765,9.93106647640807e-07,-1005.1363646485839,762.7328986414075,642,success_index1,S_L,gradient_tolerance,,raw_state_verified,run.py:numpy-batch
SI-pHiSD,0.01995262314968881,0.002,2000000,388,-0.7578125,1.434375,completed,-2.6280457707514957,1.7869725686270423,9.928367977959416e-07,-3153.3636983719202,238.0743252335403,642,success_index1,S_H,gradient_tolerance,,raw_state_verified,run.py:numpy-batch
SI-pHiSD,0.01995262314968881,0.002,2000000,37,-0.7484375000000001,1.228125,completed,0.06601892761354693,0.1840409406554353,9.83108943258386e-07,-1005.136364090043,762.7328987107397,643,success_index1,S_L,gradient_tolerance,,raw_state_verified,run.py:numpy-batch
SI-pHiSD,0.01995262314968881,0.002,2000000,258,-0.7765625,1.359375,completed,0.06601892769557786,0.18404094085651512,9.819585913327288e-07,-1005.1363648993469,762.7328986414556,643,success_index1,S_L,gradient_tolerance,,raw_state_verified,run.py:numpy-batch
SI-pHiSD,0.01995262314968881,0.002,2000000,325,-0.7484375000000001,1.3968749999999999,completed,0.06601892770207018,0.18404094084072267,9.698399763673459e-07,-1005.1363648343972,762.7328986637701,643,success_index1,S_L,gradient_tolerance,,raw_state_verified,run.py:numpy-batch
SI-pHiSD,0.01995262314968881,0.002,2000000,460,-0.6828125,1.4718749999999998,completed,0.06601892772424366,0.1840409409240048,9.87881573097717e-07,-1005.1363651708568,762.7328986196795,643,success_index1,S_L,gradient_tolerance,,raw_state_verified,run.py:numpy-batch
SI-pHiSD,0.01995262314968881,0.002,2000000,263,-0.7296875,1.359375,completed,0.06601892764351004,0.18404094076879576,9.925036347794493e-07,-1005.136364548042,762.73289865044,646,success_index1,S_L,gradient_tolerance,,raw_state_verified,run.py:numpy-batch
SI-pHiSD,0.01995262314968881,0.002,2000000,360,-0.7203125,1.415625,completed,0.06601892770333262,0.18404094086145664,9.77462969232776e-07,-1005.1363649186195,762.7328986472393,646,success_index1,S_L,gradient_tolerance,,raw_state_verified,run.py:numpy-batch
SI-pHiSD,0.01995262314968881,0.002,2000000,186,-0.5515625000000001,1.3031249999999999,completed,0.06601892763986975,0.18404094075575994,9.910836595227411e-07,-1005.1363644953958,762.7328986571201,647,success_index1,S_L,gradient_tolerance,,raw_state_verified,run.py:numpy-batch
SI-pHiSD,0.01995262314968881,0.002,2000000,168,-0.7203125,1.3031249999999999,completed,0.06601892767473556,0.1840409407815869,9.702108106139181e-07,-1005.1363645967332,762.7328986799583,648,success_index1,S_L,gradient_tolerance,,raw_state_verified,run.py:numpy-batch
SI-pHiSD,0.01995262314968881,0.002,2000000,291,-0.7671875,1.378125,completed,0.06601892768620554,0.1840409408323992,9.799826880478093e-07,-1005.1363648022356,762.7328986503724,649,success_index1,S_L,gradient_tolerance,,raw_state_verified,run.py:numpy-batch
SI-pHiSD,0.01995262314968881,0.002,2000000,452,-0.7578125,1.4718749999999998,completed,0.06601892806848048,0.18404094131117907,9.61574384538049e-07,-1005.1363667091598,762.7328987292848,649,success_index1,S_L,gradient_tolerance,,raw_state_verified,run.py:numpy-batch
SI-pHiSD,0.01995262314968881,0.002,2000000,70,-0.7390625000000001,1.246875,completed,0.066018927611554,0.18404094070236168,9.982756435173208e-07,-1005.1363642811799,762.7328986669983,650,success_index1,S_L,gradient_tolerance,,raw_state_verified,run.py:numpy-batch
SI-pHiSD,0.01995262314968881,0.002,2000000,265,-0.7109375,1.359375,completed,0.06601892769266764,0.18404094081105782,9.659707428060561e-07,-1005.1363647147127,762.732898677513,650,success_index1,S_L,gradient_tolerance,,raw_state_verified,run.py:numpy-batch
SI-pHiSD,0.01995262314968881,0.002,2000000,493,-0.6734375,1.4906249999999999,completed,0.06601892774789742,0.18404094091194056,9.623931259111866e-07,-1005.1363651192339,762.7328986611127,650,success_index1,S_L,gradient_tolerance,,raw_state_verified,run.py:numpy-batch
SI-pHiSD,0.01995262314968881,0.002,2000000,32,-0.7953125000000001,1.228125,completed,0.06601892764877008,0.1840409407815409,9.9255307075386e-07,-1005.1363645993322,762.7328986461276,652,success_index1,S_L,gradient_tolerance,,raw_state_verified,run.py:numpy-batch
SI-pHiSD,0.01995262314968881,0.002,2000000,359,-0.7296875,1.415625,completed,0.0660189277076272,0.18404094087369444,9.790931137171457e-07,-1005.136364967949,762.7328986421122,653,success_index1,S_L,gradient_tolerance,,raw_state_verified,run.py:numpy-batch
SI-pHiSD,0.01995262314968881,0.002,2000000,98,-0.7765625,1.265625,completed,0.06601892766927707,0.18404094077259223,9.716416928973846e-07,-1005.136364560723,762.732898680724,654,success_index1,S_L,gradient_tolerance,,raw_state_verified,run.py:numpy-batch
SI-pHiSD,0.01995262314968881,0.002,2000000,257,-0.7859375000000001,1.359375,completed,0.0660189276719354,0.18404094079516023,9.776679030366229e-07,-1005.1363646522574,762.7328986644056,654,success_index1,S_L,gradient_tolerance,,raw_state_verified,run.py:numpy-batch
SI-pHiSD,0.01995262314968881,0.002,2000000,105,-0.7109375,1.265625,completed,0.06601892764743646,0.18404094075231756,9.833608867382703e-07,-1005.1363644805783,762.7328986700088,655,success_index1,S_L,gradient_tolerance,,raw_state_verified,run.py:numpy-batch
SI-pHiSD,0.01995262314968881,0.002,2000000,256,-0.7953125000000001,1.359375,completed,-2.628045764809449,1.7869725723272947,9.781289685662759e-07,-3153.3637007190773,238.07431850615757,658,success_index1,S_H,gradient_tolerance,,raw_state_verified,run.py:numpy-batch
SI-pHiSD,0.01995262314968881,0.002,2000000,326,-0.7390625000000001,1.3968749999999999,completed,0.0660189276606896,0.18404094081840386,9.962464009446955e-07,-1005.1363647480325,762.7328986293576,658,success_index1,S_L,gradient_tolerance,,raw_state_verified,run.py:numpy-batch
SI-pHiSD,0.01995262314968881,0.002,2000000,449,-0.7859375000000001,1.4718749999999998,completed,0.06601892811992172,0.1840409413572522,9.625966218417555e-07,-1005.1363668910913,762.7328987559954,660,success_index1,S_L,gradient_tolerance,,raw_state_verified,run.py:numpy-batch
SI-pHiSD,0.01995262314968881,0.002,2000000,392,-0.7203125,1.434375,completed,0.06601892770559098,0.18404094086690728,9.778813356253322e-07,-1005.1363649405532,762.7328986454065,661,success_index1,S_L,gradient_tolerance,,raw_state_verified,run.py:numpy-batch
SI-pHiSD,0.01995262314968881,0.002,2000000,426,-0.7015625000000001,1.453125,completed,0.06601892772020879,0.18404094092359508,9.910705957473142e-07,-1005.1363651696229,762.7328986147752,661,success_index1,S_L,gradient_tolerance,,raw_state_verified,run.py:numpy-batch
SI-pHiSD,0.01995262314968881,0.002,2000000,269,-0.6734375,1.359375,completed,0.06601892766284038,0.1840409408130404,9.923124340568872e-07,-1005.1363647259805,762.7328986368655,662,success_index1,S_L,gradient_tolerance,,raw_state_verified,run.py:numpy-batch
SI-pHiSD,0.01995262314968881,0.002,2000000,226,-0.7765625,1.340625,completed,0.06601892765227568,0.18404094070547086,9.638926674911395e-07,-1005.13636428946,762.7328987173933,664,success_index1,S_L,gradient_tolerance,,raw_state_verified,run.py:numpy-batch
SI-pHiSD,0.01995262314968881,0.002,2000000,110,-0.6640625,1.265625,completed,0.06601892767443623,0.18404094081769706,9.841920037753495e-07,-1005.1363647436823,762.7328986479092,665,success_index1,S_L,gradient_tolerance,,raw_state_verified,run.py:numpy-batch
SI-pHiSD,0.01995262314968881,0.002,2000000,328,-0.7203125,1.3968749999999999,completed,0.06601892764580909,0.1840409407768061,9.9338740214339e-07,-1005.1363645803862,762.7328986464161,665,success_index1,S_L,gradient_tolerance,,raw_state_verified,run.py:numpy-batch
SI-pHiSD,0.01995262314968881,0.002,2000000,133,-0.7484375000000001,1.284375,completed,0.06601892760523265,0.18404094065886764,9.912647496448958e-07,-1005.1363641048997,762.732898696885,667,success_index1,S_L,gradient_tolerance,,raw_state_verified,run.py:numpy-batch
SI-pHiSD,0.01995262314968881,0.002,2000000,295,-0.7296875,1.378125,completed,0.06601892764123002,0.18404094076524488,9.932157714990403e-07,-1005.1363645338397,762.7328986505788,667,success_index1,S_L,gradient_tolerance,,raw_state_verified,run.py:numpy-batch
SI-pHiSD,0.01995262314968881,0.002,2000000,294,-0.7390625000000001,1.378125,completed,0.06601892766183501,0.18404094074165853,9.67288869914666e-07,-1005.136364435666,762.7328986981363,670,success_index1,S_L,gradient_tolerance,,raw_state_verified,run.py:numpy-batch
SI-pHiSD,0.01995262314968881,0.002,2000000,391,-0.7296875,1.434375,completed,-2.6280457642585575,1.7869725728142967,9.84143617231466e-07,-3153.3637009507866,238.07431795756378,670,success_index1,S_H,gradient_tolerance,,raw_state_verified,run.py:numpy-batch
SI-pHiSD,0.01995262314968881,0.002,2000000,290,-0.7765625,1.378125,completed,-2.6280457692229975,1.7869725694419598,9.780098422778877e-07,-3153.3636989622746,238.07432343159024,671,success_index1,S_H,gradient_tolerance,,raw_state_verified,run.py:numpy-batch
SI-pHiSD,0.01995262314968881,0.002,2000000,459,-0.6921875000000001,1.4718749999999998,completed,0.06601892770083623,0.18404094089844492,9.957967959652614e-07,-1005.1363650693769,762.732898611554,671,success_index1,S_L,gradient_tolerance,,raw_state_verified,run.py:numpy-batch
SI-pHiSD,0.01995262314968881,0.002,2000000,454,-0.7390625000000001,1.4718749999999998,completed,-2.6280457712475838,1.7869725684971167,9.927341836274473e-07,-3153.363698193498,238.0743258885886,681,success_index1,S_H,gradient_tolerance,,raw_state_verified,run.py:numpy-batch
SI-pHiSD,0.01995262314968881,0.002,2000000,425,-0.7109375,1.453125,completed,-2.628045769035765,1.7869725695463043,9.875275371785284e-07,-3153.3636990350333,238.07432321322113,689,success_index1,S_H,gradient_tolerance,,raw_state_verified,run.py:numpy-batch
SI-pHiSD,0.01995262314968881,0.002,2000000,358,-0.7390625000000001,1.415625,completed,0.06601892771110779,0.18404094087803152,9.780406200949386e-07,-1005.1363649852211,762.7328986428499,696,success_index1,S_L,gradient_tolerance,,raw_state_verified,run.py:numpy-batch
SI-pHiSD,0.01995262314968881,0.002,2000000,324,-0.7578125,1.3968749999999999,completed,0.06601892765330424,0.18404094072749505,9.699835950264072e-07,-1005.1363643789563,762.7328986994254,799,success_index1,S_L,gradient_tolerance,,raw_state_verified,run.py:numpy-batch
