method,eta,tau,budget,start_id,x0,y0,execution_status,raw_x,raw_y,grad_norm,lambda1,lambda2,n_outer_updates,terminal_category,endpoint,stop_reason,failure_reason,certification_reason,source
SI-pHiSD,0.0005011872336272725,0.002,2000000,448,-0.7953125000000001,1.4718749999999998,completed,1.206291266353084,4.852350276727715,20784028944.702534,1962459215.014755,183920279305.5678,20733,state_safeguard,U,state_safeguard,source_norm2_gt_5,raw_state_verified,run.py:numpy-batch
SI-pHiSD,0.0005011872336272725,0.002,2000000,416,-0.7953125000000001,1.453125,completed,1.2088235788602646,4.851720732806134,20987415013.844135,1980944872.2869897,185770915925.3505,20764,state_safeguard,U,state_safeguard,source_norm2_gt_5,raw_state_verified,run.py:numpy-batch
SI-pHiSD,0.0005011872336272725,0.002,2000000,449,-0.7859375000000001,1.4718749999999998,completed,1.2068971187527155,4.8521602775676325,20826844532.90109,1966343337.583152,184310061189.56384,20786,state_safeguard,U,state_safeguard,source_norm2_gt_5,raw_state_verified,run.py:numpy-batch
SI-pHiSD,0.0005011872336272725,0.002,2000000,480,-0.7953125000000001,1.4906249999999999,completed,-4.831357637780653,-1.2876837555080556,28381815055.133957,2649410164.03874,253340574042.48755,20815,state_safeguard,U,state_safeguard,source_norm2_gt_5,raw_state_verified,run.py:numpy-batch
SI-pHiSD,0.0005011872336272725,0.002,2000000,26,-0.5515625000000001,1.2093749999999999,completed,0.06601892846859181,0.18404094162125123,9.99209517875518e-07,-1005.13636792777,762.7328989793754,20829,success_index1,S_L,gradient_tolerance,,raw_state_verified,run.py:numpy-batch
SI-pHiSD,0.0005011872336272725,0.002,2000000,481,-0.7859375000000001,1.4906249999999999,completed,1.2035962610945428,4.853064219129474,20576139302.67486,1943566984.690615,182028884943.69293,20836,state_safeguard,U,state_safeguard,source_norm2_gt_5,raw_state_verified,run.py:numpy-batch
SI-pHiSD,0.0005011872336272725,0.002,2000000,417,-0.7859375000000001,1.453125,completed,1.2089216391065354,4.851670378651863,20991577838.202213,1981317972.377225,185808955261.00992,20849,state_safeguard,U,state_safeguard,source_norm2_gt_5,raw_state_verified,run.py:numpy-batch
SI-pHiSD,0.0005011872336272725,0.002,2000000,482,-0.7765625,1.4906249999999999,completed,1.2046566408380577,4.852789967511435,20658612527.450504,1951063923.2352622,182779132520.29855,20849,state_safeguard,U,state_safeguard,source_norm2_gt_5,raw_state_verified,run.py:numpy-batch
SI-pHiSD,0.0005011872336272725,0.002,2000000,60,-0.5328125000000001,1.228125,completed,0.06601892847791294,0.1840409416255617,9.992459883695584e-07,-1005.1363679443076,762.7328989877554,20850,success_index1,S_L,gradient_tolerance,,raw_state_verified,run.py:numpy-batch
SI-pHiSD,0.0005011872336272725,0.002,2000000,450,-0.7765625,1.4718749999999998,completed,1.2074008350043781,4.8520749251098945,20872952915.627598,1970542269.561427,184729350211.22754,20855,state_safeguard,U,state_safeguard,source_norm2_gt_5,raw_state_verified,run.py:numpy-batch
SI-pHiSD,0.0005011872336272725,0.002,2000000,384,-0.7953125000000001,1.434375,completed,1.2098470103621846,4.851484174080552,21072816138.420513,1988708828.7124565,186548021888.69006,20880,state_safeguard,U,state_safeguard,source_norm2_gt_5,raw_state_verified,run.py:numpy-batch
SI-pHiSD,0.0005011872336272725,0.002,2000000,27,-0.5421875,1.2093749999999999,completed,0.06601892858708999,0.18404094167050192,9.99424259564644e-07,-1005.1363681154328,762.7328990907755,20884,success_index1,S_L,gradient_tolerance,,raw_state_verified,run.py:numpy-batch
SI-pHiSD,0.0005011872336272725,0.002,2000000,483,-0.7671875,1.4906249999999999,completed,1.2052531229510381,4.852570989289557,20695937446.31218,1954443438.866608,183119090286.91846,20897,state_safeguard,U,state_safeguard,source_norm2_gt_5,raw_state_verified,run.py:numpy-batch
SI-pHiSD,0.0005011872336272725,0.002,2000000,61,-0.5234375,1.228125,completed,0.06601892860096163,0.1840409416760721,9.999390091296158e-07,-1005.1363681366065,762.7328991039872,20901,success_index1,S_L,gradient_tolerance,,raw_state_verified,run.py:numpy-batch
SI-pHiSD,0.0005011872336272725,0.002,2000000,95,-0.5046875000000001,1.246875,completed,0.06601892862032384,0.18404094168246,9.99627478151237e-07,-1005.1363681605183,762.7328991236445,20923,success_index1,S_L,gradient_tolerance,,raw_state_verified,run.py:numpy-batch
SI-pHiSD,0.0005011872336272725,0.002,2000000,451,-0.7671875,1.4718749999999998,completed,1.207717502287176,4.8519872140956,20897093196.83656,1972734576.8982465,184949059574.32526,20941,state_safeguard,U,state_safeguard,source_norm2_gt_5,raw_state_verified,run.py:numpy-batch
SI-pHiSD,0.0005011872336272725,0.002,2000000,28,-0.5328125000000001,1.2093749999999999,completed,0.06601892868760094,0.18404094170347512,9.99533267409924e-07,-1005.1363682387997,762.7328991929818,20945,success_index1,S_L,gradient_tolerance,,raw_state_verified,run.py:numpy-batch
SI-pHiSD,0.0005011872336272725,0.002,2000000,418,-0.7765625,1.453125,completed,1.2090474472399113,4.851706941514856,21011556303.923103,1983147066.6744797,185990359148.93524,20953,state_safeguard,U,state_safeguard,source_norm2_gt_5,raw_state_verified,run.py:numpy-batch
SI-pHiSD,0.0005011872336272725,0.002,2000000,484,-0.7578125,1.4906249999999999,completed,1.2057725539637176,4.8525040609577355,20746178629.83178,1959023318.3740563,183575777351.9129,20968,state_safeguard,U,state_safeguard,source_norm2_gt_5,raw_state_verified,run.py:numpy-batch
SI-pHiSD,0.0005011872336272725,0.002,2000000,29,-0.5234375,1.2093749999999999,completed,0.0660189287302929,0.18404094171478524,9.99281489502429e-07,-1005.136368280234,762.732899238757,20969,success_index1,S_L,gradient_tolerance,,raw_state_verified,run.py:numpy-batch
SI-pHiSD,0.0005011872336272725,0.002,2000000,62,-0.5140625000000001,1.228125,completed,0.06601892871936303,0.18404094171261748,9.998887230236795e-07,-1005.1363682725873,762.7328992263996,20973,success_index1,S_L,gradient_tolerance,,raw_state_verified,run.py:numpy-batch
SI-pHiSD,0.0005011872336272725,0.002,2000000,30,-0.5140625000000001,1.2093749999999999,completed,0.06601892875620248,0.18404094172109392,9.992472312307782e-07,-1005.136368303121,762.7328992670249,20988,success_index1,S_L,gradient_tolerance,,raw_state_verified,run.py:numpy-batch
SI-pHiSD,0.0005011872336272725,0.002,2000000,385,-0.7859375000000001,1.434375,completed,1.209760156234896,4.851460325935709,21059181597.586224,1987460816.3600101,186424206278.61517,21000,state_safeguard,U,state_safeguard,source_norm2_gt_5,raw_state_verified,run.py:numpy-batch
SI-pHiSD,0.0005011872336272725,0.002,2000000,63,-0.5046875000000001,1.228125,completed,0.06601892876222887,0.18404094172313842,9.998343559856469e-07,-1005.1363683107924,762.7328992730935,21000,success_index1,S_L,gradient_tolerance,,raw_state_verified,run.py:numpy-batch
SI-pHiSD,0.0005011872336272725,0.002,2000000,31,-0.5046875000000001,1.2093749999999999,completed,0.06601892877680861,0.18404094172552,9.990176812739884e-07,-1005.1363683189171,762.7328992900248,21004,success_index1,S_L,gradient_tolerance,,raw_state_verified,run.py:numpy-batch
SI-pHiSD,0.0005011872336272725,0.002,2000000,452,-0.7578125,1.4718749999999998,completed,1.2079553194790904,4.851944471609614,20918574613.408646,1974690215.2042465,185144428806.12717,21048,state_safeguard,U,state_safeguard,source_norm2_gt_5,raw_state_verified,run.py:numpy-batch
SI-pHiSD,0.0005011872336272725,0.002,2000000,485,-0.7484375000000001,1.4906249999999999,completed,1.2061670554890283,4.852362468756159,20771434165.540993,1961310580.7220638,183805804698.1694,21057,state_safeguard,U,state_safeguard,source_norm2_gt_5,raw_state_verified,run.py:numpy-batch
SI-pHiSD,0.0005011872336272725,0.002,2000000,419,-0.7671875,1.453125,completed,1.209080641528962,4.8517072294751555,21015476048.46324,1983504972.7969956,186025979512.745,21079,state_safeguard,U,state_safeguard,source_norm2_gt_5,raw_state_verified,run.py:numpy-batch
SI-pHiSD,0.0005011872336272725,0.002,2000000,352,-0.7953125000000001,1.415625,completed,1.210254765089174,4.851368563140651,21103840172.994404,1991524869.4042776,186830469775.81976,21083,state_safeguard,U,state_safeguard,source_norm2_gt_5,raw_state_verified,run.py:numpy-batch
SI-pHiSD,0.0005011872336272725,0.002,2000000,386,-0.7765625,1.434375,completed,1.2097383335047716,4.8515359363187995,21067595666.470074,1988239437.6748133,186500359987.4281,21148,state_safeguard,U,state_safeguard,source_norm2_gt_5,raw_state_verified,run.py:numpy-batch
SI-pHiSD,0.0005011872336272725,0.002,2000000,486,-0.7390625000000001,1.4906249999999999,completed,1.2065660667437563,4.852245588318256,20800785239.103172,1963975168.1007338,184072947046.7658,21169,state_safeguard,U,state_safeguard,source_norm2_gt_5,raw_state_verified,run.py:numpy-batch
SI-pHiSD,0.0005011872336272725,0.002,2000000,453,-0.7484375000000001,1.4718749999999998,completed,1.208065413700698,4.851894220786687,20924136241.12071,1975191113.0179012,185195174464.67886,21181,state_safeguard,U,state_safeguard,source_norm2_gt_5,raw_state_verified,run.py:numpy-batch
SI-pHiSD,0.0005011872336272725,0.002,2000000,420,-0.7578125,1.453125,completed,1.2090175343230207,4.851686787121505,21005146059.858162,1982559025.6515827,185932188992.33408,21235,state_safeguard,U,state_safeguard,source_norm2_gt_5,raw_state_verified,run.py:numpy-batch
SI-pHiSD,0.0005011872336272725,0.002,2000000,353,-0.7859375000000001,1.415625,completed,1.2101375093378184,4.851403172712044,21095111862.78861,1990732909.1815634,186750995934.93274,21256,state_safeguard,U,state_safeguard,source_norm2_gt_5,raw_state_verified,run.py:numpy-batch
SI-pHiSD,0.0005011872336272725,0.002,2000000,487,-0.7296875,1.4906249999999999,completed,1.206883345471062,4.852173941626071,20827210498.075806,1966378641.0619102,184313329610.64194,21312,state_safeguard,U,state_safeguard,source_norm2_gt_5,raw_state_verified,run.py:numpy-batch
SI-pHiSD,0.0005011872336272725,0.002,2000000,387,-0.7671875,1.434375,completed,1.209640014069463,4.851567618983845,21060676712.076477,1987612196.9513786,186437346082.36353,21332,state_safeguard,U,state_safeguard,source_norm2_gt_5,raw_state_verified,run.py:numpy-batch
SI-pHiSD,0.0005011872336272725,0.002,2000000,454,-0.7390625000000001,1.4718749999999998,completed,1.2081685298290932,4.851897057739826,20936541925.209133,1976324269.1517406,185307890541.9126,21349,state_safeguard,U,state_safeguard,source_norm2_gt_5,raw_state_verified,run.py:numpy-batch
SI-pHiSD,0.0005011872336272725,0.002,2000000,320,-0.7953125000000001,1.3968749999999999,completed,1.2103834546860013,4.851375910137967,21120017922.971195,1993002659.680053,186977476091.64716,21413,state_safeguard,U,state_safeguard,source_norm2_gt_5,raw_state_verified,run.py:numpy-batch
SI-pHiSD,0.0005011872336272725,0.002,2000000,421,-0.7484375000000001,1.453125,completed,1.2089218395158512,4.851673074479276,20991991011.71238,1981356068.7783213,185812698741.00336,21433,state_safeguard,U,state_safeguard,source_norm2_gt_5,raw_state_verified,run.py:numpy-batch
SI-pHiSD,0.0005011872336272725,0.002,2000000,354,-0.7765625,1.415625,completed,1.2100316377346512,4.8514608267586405,21091070051.94546,1990371955.420258,186714020279.54227,21477,state_safeguard,U,state_safeguard,source_norm2_gt_5,raw_state_verified,run.py:numpy-batch
SI-pHiSD,0.0005011872336272725,0.002,2000000,488,-0.7203125,1.4906249999999999,completed,1.20717333224853,4.852167994713716,20859946308.343716,1969367347.0887637,184610785308.71033,21497,state_safeguard,U,state_safeguard,source_norm2_gt_5,raw_state_verified,run.py:numpy-batch
SI-pHiSD,0.0005011872336272725,0.002,2000000,455,-0.7296875,1.4718749999999998,completed,1.2081507424626476,4.851870168373798,20930595150.751057,1975777555.3137937,185253965033.00598,21567,state_safeguard,U,state_safeguard,source_norm2_gt_5,raw_state_verified,run.py:numpy-batch
SI-pHiSD,0.0005011872336272725,0.002,2000000,388,-0.7578125,1.434375,completed,1.2094849283306448,4.851565999225505,21042288561.12883,1985933267.6998348,186270238383.73605,21570,state_safeguard,U,state_safeguard,source_norm2_gt_5,raw_state_verified,run.py:numpy-batch
SI-pHiSD,0.0005011872336272725,0.002,2000000,255,-0.5046875000000001,1.340625,completed,0.06601892913780001,0.1840409417524858,9.990624124674005e-07,-1005.1363683898878,762.7328997372915,21570,success_index1,S_L,gradient_tolerance,,raw_state_verified,run.py:numpy-batch
SI-pHiSD,0.0005011872336272725,0.002,2000000,254,-0.5140625000000001,1.340625,completed,0.06601892912807485,0.18404094175361627,9.99412964709743e-07,-1005.1363683955307,762.732899723614,21578,success_index1,S_L,gradient_tolerance,,raw_state_verified,run.py:numpy-batch
SI-pHiSD,0.0005011872336272725,0.002,2000000,287,-0.5046875000000001,1.359375,completed,0.06601892912072997,0.18404094175367247,9.990396591724217e-07,-1005.1363683965477,762.7328997139832,21579,success_index1,S_L,gradient_tolerance,,raw_state_verified,run.py:numpy-batch
SI-pHiSD,0.0005011872336272725,0.002,2000000,222,-0.5140625000000001,1.321875,completed,0.06601892914954086,0.18404094175210983,9.995887990870405e-07,-1005.1363683870978,762.7328997529366,21581,success_index1,S_L,gradient_tolerance,,raw_state_verified,run.py:numpy-batch
SI-pHiSD,0.0005011872336272725,0.002,2000000,221,-0.5234375,1.321875,completed,0.06601892913794936,0.18404094175332403,9.997930652594524e-07,-1005.1363683932819,762.7328997367514,21584,success_index1,S_L,gradient_tolerance,,raw_state_verified,run.py:numpy-batch
SI-pHiSD,0.0005011872336272725,0.002,2000000,223,-0.5046875000000001,1.321875,completed,0.0660189291631813,0.18404094175027783,9.991442883372678e-07,-1005.1363683781806,762.7328997723369,21584,success_index1,S_L,gradient_tolerance,,raw_state_verified,run.py:numpy-batch
SI-pHiSD,0.0005011872336272725,0.002,2000000,253,-0.5234375,1.340625,completed,0.06601892911927419,0.18404094175382282,9.990908837087552e-07,-1005.1363683973154,762.7328997119525,21591,success_index1,S_L,gradient_tolerance,,raw_state_verified,run.py:numpy-batch
SI-pHiSD,0.0005011872336272725,0.002,2000000,188,-0.5328125000000001,1.3031249999999999,completed,0.0660189291471812,0.1840409417521745,9.994651476471264e-07,-1005.1363683876143,762.7328997498021,21594,success_index1,S_L,gradient_tolerance,,raw_state_verified,run.py:numpy-batch
SI-pHiSD,0.0005011872336272725,0.002,2000000,220,-0.5328125000000001,1.321875,completed,0.06601892912853881,0.1840409417532385,9.99115330759543e-07,-1005.1363683939439,762.7328997245506,21594,success_index1,S_L,gradient_tolerance,,raw_state_verified,run.py:numpy-batch
SI-pHiSD,0.0005011872336272725,0.002,2000000,286,-0.5140625000000001,1.359375,completed,0.06601892911395925,0.18404094175421828,9.991595584668271e-07,-1005.1363683994949,762.7328997046725,21596,success_index1,S_L,gradient_tolerance,,raw_state_verified,run.py:numpy-batch
SI-pHiSD,0.0005011872336272725,0.002,2000000,187,-0.5421875,1.3031249999999999,completed,0.0660189291366724,0.18404094175270597,9.991757258412255e-07,-1005.1363683909042,762.7328997356276,21599,success_index1,S_L,gradient_tolerance,,raw_state_verified,run.py:numpy-batch
SI-pHiSD,0.0005011872336272725,0.002,2000000,189,-0.5234375,1.3031249999999999,completed,0.06601892916490683,0.18404094175015848,9.99194794620767e-07,-1005.1363683775097,762.7328997746922,21603,success_index1,S_L,gradient_tolerance,,raw_state_verified,run.py:numpy-batch
SI-pHiSD,0.0005011872336272725,0.002,2000000,219,-0.5421875,1.321875,completed,0.06601892911726753,0.18404094175388458,9.990384052147614e-07,-1005.1363683977821,762.7328997092809,21603,success_index1,S_L,gradient_tolerance,,raw_state_verified,run.py:numpy-batch
SI-pHiSD,0.0005011872336272725,0.002,2000000,186,-0.5515625000000001,1.3031249999999999,completed,0.06601892912442595,0.18404094175365104,9.992283216442512e-07,-1005.136368396064,762.7328997188233,21604,success_index1,S_L,gradient_tolerance,,raw_state_verified,run.py:numpy-batch
SI-pHiSD,0.0005011872336272725,0.002,2000000,319,-0.5046875000000001,1.378125,completed,0.06601892911219805,0.18404094175516048,9.998900644842876e-07,-1005.1363684035172,762.7328997015494,21607,success_index1,S_L,gradient_tolerance,,raw_state_verified,run.py:numpy-batch
SI-pHiSD,0.0005011872336272725,0.002,2000000,252,-0.5328125000000001,1.340625,completed,0.06601892911320002,0.18404094175438798,9.992692472111916e-07,-1005.1363684002669,762.7328997035333,21609,success_index1,S_L,gradient_tolerance,,raw_state_verified,run.py:numpy-batch
SI-pHiSD,0.0005011872336272725,0.002,2000000,190,-0.5140625000000001,1.3031249999999999,completed,0.06601892918153308,0.18404094174915575,9.999264885171787e-07,-1005.1363683716453,762.7328997972603,21612,success_index1,S_L,gradient_tolerance,,raw_state_verified,run.py:numpy-batch
SI-pHiSD,0.0005011872336272725,0.002,2000000,153,-0.5609375000000001,1.284375,completed,0.06601892913584506,0.18404094175315058,9.995030375798072e-07,-1005.1363683928023,762.7328997341584,21614,success_index1,S_L,gradient_tolerance,,raw_state_verified,run.py:numpy-batch
SI-pHiSD,0.0005011872336272725,0.002,2000000,154,-0.5515625000000001,1.284375,completed,0.06601892914935667,0.18404094175196498,9.994506469486865e-07,-1005.1363683865286,762.7328997528234,21614,success_index1,S_L,gradient_tolerance,,raw_state_verified,run.py:numpy-batch
SI-pHiSD,0.0005011872336272725,0.002,2000000,185,-0.5609375000000001,1.3031249999999999,completed,0.06601892911514289,0.18404094175443117,9.994028568987434e-07,-1005.1363684002341,762.7328997060296,21615,success_index1,S_L,gradient_tolerance,,raw_state_verified,run.py:numpy-batch
SI-pHiSD,0.0005011872336272725,0.002,2000000,285,-0.5234375,1.359375,completed,0.06601892910862356,0.18404094175527086,9.998196266505077e-07,-1005.1363684043499,762.7328996967896,21616,success_index1,S_L,gradient_tolerance,,raw_state_verified,run.py:numpy-batch
SI-pHiSD,0.0005011872336272725,0.002,2000000,152,-0.5703125,1.284375,completed,0.06601892912286146,0.1840409417539165,9.99368592023408e-07,-1005.1363683973117,762.7328997165499,21618,success_index1,S_L,gradient_tolerance,,raw_state_verified,run.py:numpy-batch
SI-pHiSD,0.0005011872336272725,0.002,2000000,155,-0.5421875,1.284375,completed,0.06601892916354904,0.18404094175053815,9.993984081695358e-07,-1005.1363683792003,762.7328997725881,21618,success_index1,S_L,gradient_tolerance,,raw_state_verified,run.py:numpy-batch
SI-pHiSD,0.0005011872336272725,0.002,2000000,218,-0.5515625000000001,1.321875,completed,0.0660189291092414,0.18404094175495125,9.99570486172142e-07,-1005.1363684029834,762.7328996978756,21618,success_index1,S_L,gradient_tolerance,,raw_state_verified,run.py:numpy-batch
SI-pHiSD,0.0005011872336272725,0.002,2000000,251,-0.5421875,1.340625,completed,0.06601892910472108,0.18404094175503405,9.994436980611465e-07,-1005.1363684038051,762.7328996919063,21626,success_index1,S_L,gradient_tolerance,,raw_state_verified,run.py:numpy-batch
SI-pHiSD,0.0005011872336272725,0.002,2000000,119,-0.5796875,1.265625,completed,0.06601892913404134,0.18404094175316163,9.993943737963276e-07,-1005.1363683930408,762.7328997317959,21629,success_index1,S_L,gradient_tolerance,,raw_state_verified,run.py:numpy-batch
SI-pHiSD,0.0005011872336272725,0.002,2000000,151,-0.5796875,1.284375,completed,0.066018929113216,0.18404094175438213,9.99264959250622e-07,-1005.1363684002413,762.7328997035594,21629,success_index1,S_L,gradient_tolerance,,raw_state_verified,run.py:numpy-batch
SI-pHiSD,0.0005011872336272725,0.002,2000000,184,-0.5703125,1.3031249999999999,completed,0.06601892910617159,0.18404094175467223,9.991916912168217e-07,-1005.1363684021776,762.7328996941158,21630,success_index1,S_L,gradient_tolerance,,raw_state_verified,run.py:numpy-batch
SI-pHiSD,0.0005011872336272725,0.002,2000000,318,-0.5140625000000001,1.378125,completed,0.06601892910644586,0.184040941754922,9.994203895559715e-07,-1005.1363684031642,762.7328996942545,21631,success_index1,S_L,gradient_tolerance,,raw_state_verified,run.py:numpy-batch
SI-pHiSD,0.0005011872336272725,0.002,2000000,156,-0.5328125000000001,1.284375,completed,0.06601892918340993,0.18404094174842192,9.99497477267028e-07,-1005.1363683684588,762.7328998003517,21633,success_index1,S_L,gradient_tolerance,,raw_state_verified,run.py:numpy-batch
SI-pHiSD,0.0005011872336272725,0.002,2000000,191,-0.5046875000000001,1.3031249999999999,completed,0.06601892920226993,0.18404094174610164,9.996268378514117e-07,-1005.1363683569944,762.7328998269887,21633,success_index1,S_L,gradient_tolerance,,raw_state_verified,run.py:numpy-batch
SI-pHiSD,0.0005011872336272725,0.002,2000000,120,-0.5703125,1.265625,completed,0.06601892915056067,0.18404094175145805,9.991095587466829e-07,-1005.1363683843367,762.7328997548386,21634,success_index1,S_L,gradient_tolerance,,raw_state_verified,run.py:numpy-batch
SI-pHiSD,0.0005011872336272725,0.002,2000000,118,-0.5890625,1.265625,completed,0.06601892912341628,0.1840409417543772,9.9979776463707e-07,-1005.1363683991268,762.7328997168697,21635,success_index1,S_L,gradient_tolerance,,raw_state_verified,run.py:numpy-batch
SI-pHiSD,0.0005011872336272725,0.002,2000000,217,-0.5609375000000001,1.321875,completed,0.06601892910171754,0.18404094175563654,9.998439180681142e-07,-1005.1363684065789,762.7328996874601,21636,success_index1,S_L,gradient_tolerance,,raw_state_verified,run.py:numpy-batch
SI-pHiSD,0.0005011872336272725,0.002,2000000,121,-0.5609375000000001,1.265625,completed,0.06601892916415637,0.18404094175030392,9.992522468835253e-07,-1005.1363683781816,762.732899773586,21637,success_index1,S_L,gradient_tolerance,,raw_state_verified,run.py:numpy-batch
SI-pHiSD,0.0005011872336272725,0.002,2000000,284,-0.5328125000000001,1.359375,completed,0.06601892910198931,0.18404094175507052,9.993628798543753e-07,-1005.136368404247,762.7328996883108,21639,success_index1,S_L,gradient_tolerance,,raw_state_verified,run.py:numpy-batch
SI-pHiSD,0.0005011872336272725,0.002,2000000,150,-0.5890625,1.284375,completed,0.06601892910489819,0.1840409417551709,9.995700362133209e-07,-1005.1363684043432,762.7328996920171,21644,success_index1,S_L,gradient_tolerance,,raw_state_verified,run.py:numpy-batch
SI-pHiSD,0.0005011872336272725,0.002,2000000,117,-0.5984375000000001,1.265625,completed,0.06601892911330973,0.1840409417544628,9.993393755256614e-07,-1005.1363684005598,762.7328997036111,21646,success_index1,S_L,gradient_tolerance,,raw_state_verified,run.py:numpy-batch
SI-pHiSD,0.0005011872336272725,0.002,2000000,183,-0.5796875,1.3031249999999999,completed,0.06601892909871382,0.18404094175544897,9.995646207044573e-07,-1005.136368406138,762.7328996837063,21648,success_index1,S_L,gradient_tolerance,,raw_state_verified,run.py:numpy-batch
SI-pHiSD,0.0005011872336272725,0.002,2000000,86,-0.5890625,1.246875,completed,0.0660189291487255,0.18404094175229857,9.996881149462317e-07,-1005.1363683879533,762.7328997517076,21649,success_index1,S_L,gradient_tolerance,,raw_state_verified,run.py:numpy-batch
SI-pHiSD,0.0005011872336272725,0.002,2000000,351,-0.5046875000000001,1.3968749999999999,completed,0.06601892910589292,0.1840409417552835,9.997102258090178e-07,-1005.1363684046946,762.7328996932163,21649,success_index1,S_L,gradient_tolerance,,raw_state_verified,run.py:numpy-batch
SI-pHiSD,0.0005011872336272725,0.002,2000000,85,-0.5984375000000001,1.246875,completed,0.0660189291354902,0.18404094175280447,9.991818359097085e-07,-1005.1363683914319,762.7328997339989,21650,success_index1,S_L,gradient_tolerance,,raw_state_verified,run.py:numpy-batch
SI-pHiSD,0.0005011872336272725,0.002,2000000,250,-0.5515625000000001,1.340625,completed,0.06601892909933131,0.18404094175518343,9.993570341633788e-07,-1005.1363684049915,762.7328996847447,21650,success_index1,S_L,gradient_tolerance,,raw_state_verified,run.py:numpy-batch
SI-pHiSD,0.0005011872336272725,0.002,2000000,84,-0.6078125000000001,1.246875,completed,0.06601892912197584,0.1840409417539442,9.99343064507879e-07,-1005.1363683975196,762.7328997153703,21652,success_index1,S_L,gradient_tolerance,,raw_state_verified,run.py:numpy-batch
SI-pHiSD,0.0005011872336272725,0.002,2000000,122,-0.5515625000000001,1.265625,completed,0.06601892918487069,0.1840409417483517,9.995896167765373e-07,-1005.1363683680161,762.7328998023189,21654,success_index1,S_L,gradient_tolerance,,raw_state_verified,run.py:numpy-batch
SI-pHiSD,0.0005011872336272725,0.002,2000000,317,-0.5234375,1.378125,completed,0.06601892910119878,0.1840409417558347,9.999956633412196e-07,-1005.1363684074414,762.7328996866095,21656,success_index1,S_L,gradient_tolerance,,raw_state_verified,run.py:numpy-batch
SI-pHiSD,0.0005011872336272725,0.002,2000000,116,-0.6078125000000001,1.265625,completed,0.06601892910198338,0.18404094175506583,9.993585505538474e-07,-1005.1363684042283,762.7328996883073,21657,success_index1,S_L,gradient_tolerance,,raw_state_verified,run.py:numpy-batch
SI-pHiSD,0.0005011872336272725,0.002,2000000,216,-0.5703125,1.321875,completed,0.06601892909381576,0.1840409417559665,9.998404105671608e-07,-1005.1363684087696,762.7328996768631,21657,success_index1,S_L,gradient_tolerance,,raw_state_verified,run.py:numpy-batch
SI-pHiSD,0.0005011872336272725,0.002,2000000,157,-0.5234375,1.284375,completed,0.06601892920672268,0.18404094174572808,9.998461871334508e-07,-1005.1363683549969,762.7328998331246,21658,success_index1,S_L,gradient_tolerance,,raw_state_verified,run.py:numpy-batch
SI-pHiSD,0.0005011872336272725,0.002,2000000,87,-0.5796875,1.246875,completed,0.06601892916595474,0.18404094175025285,9.99368664215013e-07,-1005.1363683777805,762.7328997759768,21659,success_index1,S_L,gradient_tolerance,,raw_state_verified,run.py:numpy-batch
SI-pHiSD,0.0005011872336272725,0.002,2000000,149,-0.5984375000000001,1.284375,completed,0.06601892909563553,0.1840409417551443,9.991873122090886e-07,-1005.1363684052292,762.7328996799578,21661,success_index1,S_L,gradient_tolerance,,raw_state_verified,run.py:numpy-batch
SI-pHiSD,0.0005011872336272725,0.002,2000000,83,-0.6171875,1.246875,completed,0.06601892911229029,0.18404094175514632,9.998821993079414e-07,-1005.1363684034496,762.7328997016817,21662,success_index1,S_L,gradient_tolerance,,raw_state_verified,run.py:numpy-batch
SI-pHiSD,0.0005011872336272725,0.002,2000000,283,-0.5421875,1.359375,completed,0.06601892909580512,0.18404094175529917,9.9932811041271e-07,-1005.1363684058407,762.732899680043,21664,success_index1,S_L,gradient_tolerance,,raw_state_verified,run.py:numpy-batch
SI-pHiSD,0.0005011872336272725,0.002,2000000,51,-0.6171875,1.228125,completed,0.06601892913538016,0.1840409417527351,9.991149157095977e-07,-1005.1363683911616,762.7328997339163,21669,success_index1,S_L,gradient_tolerance,,raw_state_verified,run.py:numpy-batch
SI-pHiSD,0.0005011872336272725,0.002,2000000,50,-0.6265625,1.228125,completed,0.06601892912082791,0.1840409417537619,9.991222786328516e-07,-1005.1363683969012,762.7328997140329,21670,success_index1,S_L,gradient_tolerance,,raw_state_verified,run.py:numpy-batch
SI-pHiSD,0.0005011872336272725,0.002,2000000,182,-0.5890625,1.3031249999999999,completed,0.06601892909177258,0.18404094175581986,9.996452283598148e-07,-1005.1363684083922,762.7328996743264,21670,success_index1,S_L,gradient_tolerance,,raw_state_verified,run.py:numpy-batch
SI-pHiSD,0.0005011872336272725,0.002,2000000,52,-0.6078125000000001,1.228125,completed,0.06601892915041499,0.18404094175182492,9.994123465948018e-07,-1005.1363683858448,762.732899754327,21672,success_index1,S_L,gradient_tolerance,,raw_state_verified,run.py:numpy-batch
SI-pHiSD,0.0005011872336272725,0.002,2000000,82,-0.6265625,1.246875,completed,0.06601892910096085,0.18404094175575594,9.999177980134305e-07,-1005.1363684071465,762.7328996863682,21673,success_index1,S_L,gradient_tolerance,,raw_state_verified,run.py:numpy-batch
SI-pHiSD,0.0005011872336272725,0.002,2000000,249,-0.5609375000000001,1.340625,completed,0.06601892909199103,0.18404094175517707,9.99092138671428e-07,-1005.1363684057532,762.7328996751748,21674,success_index1,S_L,gradient_tolerance,,raw_state_verified,run.py:numpy-batch
SI-pHiSD,0.0005011872336272725,0.002,2000000,115,-0.6171875,1.265625,completed,0.06601892909474759,0.18404094175587327,9.99790996482126e-07,-1005.1363684082902,762.73289967816,21676,success_index1,S_L,gradient_tolerance,,raw_state_verified,run.py:numpy-batch
SI-pHiSD,0.0005011872336272725,0.002,2000000,350,-0.5140625000000001,1.3968749999999999,completed,0.0660189290993251,0.18404094175487629,9.990897002238636e-07,-1005.1363684037428,762.7328996850057,21676,success_index1,S_L,gradient_tolerance,,raw_state_verified,run.py:numpy-batch
SI-pHiSD,0.0005011872336272725,0.002,2000000,49,-0.6359375,1.228125,completed,0.06601892911002083,0.18404094175479943,9.994746712065454e-07,-1005.136368402282,762.7328996990256,21678,success_index1,S_L,gradient_tolerance,,raw_state_verified,run.py:numpy-batch
SI-pHiSD,0.0005011872336272725,0.002,2000000,88,-0.5703125,1.246875,completed,0.06601892918819399,0.1840409417484185,9.999969267147141e-07,-1005.136368367931,762.7328998065955,21678,success_index1,S_L,gradient_tolerance,,raw_state_verified,run.py:numpy-batch
SI-pHiSD,0.0005011872336272725,0.002,2000000,123,-0.5421875,1.265625,completed,0.06601892920741535,0.1840409417454009,9.996561157689199e-07,-1005.136368353591,762.7328998343153,21679,success_index1,S_L,gradient_tolerance,,raw_state_verified,run.py:numpy-batch
SI-pHiSD,0.0005011872336272725,0.002,2000000,148,-0.6078125000000001,1.284375,completed,0.06601892908840944,0.18404094175609295,9.997793223680848e-07,-1005.1363684098644,762.7328996696997,21682,success_index1,S_L,gradient_tolerance,,raw_state_verified,run.py:numpy-batch
SI-pHiSD,0.0005011872336272725,0.002,2000000,53,-0.5984375000000001,1.228125,completed,0.06601892916955485,0.18404094175009694,9.995635756608981e-07,-1005.1363683767604,762.7328997808095,21684,success_index1,S_L,gradient_tolerance,,raw_state_verified,run.py:numpy-batch
SI-pHiSD,0.0005011872336272725,0.002,2000000,215,-0.5796875,1.321875,completed,0.0660189290894932,0.18404094175620037,9.999055582077801e-07,-1005.1363684101848,762.7328996710191,21685,success_index1,S_L,gradient_tolerance,,raw_state_verified,run.py:numpy-batch
SI-pHiSD,0.0005011872336272725,0.002,2000000,316,-0.5328125000000001,1.378125,completed,0.06601892909551478,0.18404094175505675,9.991068143522078e-07,-1005.136368404886,762.7328996798769,21685,success_index1,S_L,gradient_tolerance,,raw_state_verified,run.py:numpy-batch
SI-pHiSD,0.0005011872336272725,0.002,2000000,321,-0.7859375000000001,1.3968749999999999,completed,1.2102206466577758,4.85136666932296,21099561113.65795,1991133991.2788956,186791586459.05225,21687,state_safeguard,U,state_safeguard,source_norm2_gt_5,raw_state_verified,run.py:numpy-batch
SI-pHiSD,0.0005011872336272725,0.002,2000000,48,-0.6453125000000001,1.228125,completed,0.06601892909865609,0.18404094175535632,9.994818651468477e-07,-1005.1363684057675,762.7328996837122,21689,success_index1,S_L,gradient_tolerance,,raw_state_verified,run.py:numpy-batch
SI-pHiSD,0.0005011872336272725,0.002,2000000,81,-0.6359375,1.246875,completed,0.0660189290922035,0.18404094175620336,9.999934126803491e-07,-1005.1363684099061,762.7328996745524,21690,success_index1,S_L,gradient_tolerance,,raw_state_verified,run.py:numpy-batch
SI-pHiSD,0.0005011872336272725,0.002,2000000,16,-0.6453125000000001,1.2093749999999999,completed,0.06601892912161121,0.18404094175367386,9.990893226527195e-07,-1005.1363683964585,762.7328997151319,21691,success_index1,S_L,gradient_tolerance,,raw_state_verified,run.py:numpy-batch
SI-pHiSD,0.0005011872336272725,0.002,2000000,17,-0.6359375,1.2093749999999999,completed,0.0660189291365951,0.18404094175297753,9.994040396787021e-07,-1005.1363683920174,762.7328997352886,21691,success_index1,S_L,gradient_tolerance,,raw_state_verified,run.py:numpy-batch
SI-pHiSD,0.0005011872336272725,0.002,2000000,383,-0.5046875000000001,1.415625,completed,0.06601892909378224,0.184040941755851,9.997386821746722e-07,-1005.136368408303,762.7328996769206,21691,success_index1,S_L,gradient_tolerance,,raw_state_verified,run.py:numpy-batch
SI-pHiSD,0.0005011872336272725,0.002,2000000,282,-0.5515625000000001,1.359375,completed,0.06601892909184182,0.1840409417558737,9.996944182010687e-07,-1005.1363684086037,762.7328996743692,21694,success_index1,S_L,gradient_tolerance,,raw_state_verified,run.py:numpy-batch
SI-pHiSD,0.0005011872336272725,0.002,2000000,18,-0.6265625,1.2093749999999999,completed,0.06601892915239477,0.18404094175216262,9.998561390910596e-07,-1005.1363683870061,762.7328997566137,21695,success_index1,S_L,gradient_tolerance,,raw_state_verified,run.py:numpy-batch
SI-pHiSD,0.0005011872336272725,0.002,2000000,114,-0.6265625,1.265625,completed,0.06601892908486323,0.18404094175540361,9.99077079980908e-07,-1005.1363684074405,762.7328996656781,21695,success_index1,S_L,gradient_tolerance,,raw_state_verified,run.py:numpy-batch
SI-pHiSD,0.0005011872336272725,0.002,2000000,422,-0.7390625000000001,1.453125,completed,1.2088951867029587,4.851730373823926,20997166065.962406,1981836489.9460838,185859488368.2399,21696,state_safeguard,U,state_safeguard,source_norm2_gt_5,raw_state_verified,run.py:numpy-batch
SI-pHiSD,0.0005011872336272725,0.002,2000000,15,-0.6546875000000001,1.2093749999999999,completed,0.06601892910892312,0.18404094175463867,9.992849188797606e-07,-1005.136368401746,762.7328996977343,21697,success_index1,S_L,gradient_tolerance,,raw_state_verified,run.py:numpy-batch
SI-pHiSD,0.0005011872336272725,0.002,2000000,158,-0.5140625000000001,1.284375,completed,0.06601892923473757,0.1840409417407981,9.994484881664918e-07,-1005.1363683319317,762.7328998739923,21697,success_index1,S_L,gradient_tolerance,,raw_state_verified,run.py:numpy-batch
SI-pHiSD,0.0005011872336272725,0.002,2000000,181,-0.5984375000000001,1.3031249999999999,completed,0.06601892908672513,0.18404094175622893,9.998491491526398e-07,-1005.1363684105983,762.7328996673833,21697,success_index1,S_L,gradient_tolerance,,raw_state_verified,run.py:numpy-batch
SI-pHiSD,0.0005011872336272725,0.002,2000000,248,-0.5703125,1.340625,completed,0.06601892908621662,0.1840409417557661,9.994308700234993e-07,-1005.1363684087696,762.7328996671256,21702,success_index1,S_L,gradient_tolerance,,raw_state_verified,run.py:numpy-batch
SI-pHiSD,0.0005011872336272725,0.002,2000000,54,-0.5890625,1.228125,completed,0.0660189291908777,0.18404094174756613,9.995668607716e-07,-1005.1363683641752,762.732899810844,21704,success_index1,S_L,gradient_tolerance,,raw_state_verified,run.py:numpy-batch
SI-pHiSD,0.0005011872336272725,0.002,2000000,89,-0.5609375000000001,1.246875,completed,0.06601892921024591,0.18404094174487212,9.99561566972523e-07,-1005.1363683511358,762.732899838471,21704,success_index1,S_L,gradient_tolerance,,raw_state_verified,run.py:numpy-batch
SI-pHiSD,0.0005011872336272725,0.002,2000000,349,-0.5234375,1.3968749999999999,completed,0.06601892909387094,0.18404094175602595,9.998940699884698e-07,-1005.1363684090056,762.7328996768829,21705,success_index1,S_L,gradient_tolerance,,raw_state_verified,run.py:numpy-batch
SI-pHiSD,0.0005011872336272725,0.002,2000000,19,-0.6171875,1.2093749999999999,completed,0.06601892916914728,0.18404094174978775,9.992630288319249e-07,-1005.1363683755459,762.7328997805492,21706,success_index1,S_L,gradient_tolerance,,raw_state_verified,run.py:numpy-batch
SI-pHiSD,0.0005011872336272725,0.002,2000000,47,-0.6546875000000001,1.228125,completed,0.0660189290901607,0.18404094175601596,9.997652512767972e-07,-1005.1363684093631,762.7328996720518,21706,success_index1,S_L,gradient_tolerance,,raw_state_verified,run.py:numpy-batch
SI-pHiSD,0.0005011872336272725,0.002,2000000,147,-0.6171875,1.284375,completed,0.06601892908307301,0.1840409417562555,9.99773971529366e-07,-1005.1363684110983,762.732899662596,21709,success_index1,S_L,gradient_tolerance,,raw_state_verified,run.py:numpy-batch
SI-pHiSD,0.0005011872336272725,0.002,2000000,14,-0.6640625,1.2093749999999999,completed,0.06601892910000082,0.18404094175571592,9.998457411423604e-07,-1005.1363684070863,762.7328996851509,21710,success_index1,S_L,gradient_tolerance,,raw_state_verified,run.py:numpy-batch
SI-pHiSD,0.0005011872336272725,0.002,2000000,80,-0.6453125000000001,1.246875,completed,0.0660189290843235,0.1840409417556724,9.992972788066326e-07,-1005.1363684085917,762.732899664738,21712,success_index1,S_L,gradient_tolerance,,raw_state_verified,run.py:numpy-batch
SI-pHiSD,0.0005011872336272725,0.002,2000000,214,-0.5890625,1.321875,completed,0.06601892908337646,0.18404094175571784,9.993120538032571e-07,-1005.136368408878,762.7328996634634,21714,success_index1,S_L,gradient_tolerance,,raw_state_verified,run.py:numpy-batch
SI-pHiSD,0.0005011872336272725,0.002,2000000,315,-0.5421875,1.378125,completed,0.06601892909058801,0.18404094175559121,9.994082520277058e-07,-1005.1363684075886,762.7328996729817,21716,success_index1,S_L,gradient_tolerance,,raw_state_verified,run.py:numpy-batch
SI-pHiSD,0.0005011872336272725,0.002,2000000,113,-0.6359375,1.265625,completed,0.06601892907845484,0.18404094175624758,9.996570643754963e-07,-1005.1363684115616,762.7328996565782,21720,success_index1,S_L,gradient_tolerance,,raw_state_verified,run.py:numpy-batch
SI-pHiSD,0.0005011872336272725,0.002,2000000,124,-0.5328125000000001,1.265625,completed,0.06601892923761685,0.18404094174007674,9.992679841937349e-07,-1005.1363683286878,762.7328998783804,21722,success_index1,S_L,gradient_tolerance,,raw_state_verified,run.py:numpy-batch
SI-pHiSD,0.0005011872336272725,0.002,2000000,13,-0.6734375,1.2093749999999999,completed,0.06601892908832792,0.18404094175601954,9.997128588766012e-07,-1005.136368409574,762.732899669658,21723,success_index1,S_L,gradient_tolerance,,raw_state_verified,run.py:numpy-batch
SI-pHiSD,0.0005011872336272725,0.002,2000000,180,-0.6078125000000001,1.3031249999999999,completed,0.06601892907837088,0.18404094175616406,9.995821924201543e-07,-1005.1363684112309,762.732899656542,21723,success_index1,S_L,gradient_tolerance,,raw_state_verified,run.py:numpy-batch
SI-pHiSD,0.0005011872336272725,0.002,2000000,281,-0.5609375000000001,1.359375,completed,0.06601892908593192,0.18404094175553373,9.992200558223016e-07,-1005.1363684078549,762.7328996669578,21725,success_index1,S_L,gradient_tolerance,,raw_state_verified,run.py:numpy-batch
SI-pHiSD,0.0005011872336272725,0.002,2000000,382,-0.5140625000000001,1.415625,completed,0.0660189290895388,0.18404094175599273,9.997258681119068e-07,-1005.1363684093352,762.7328996712606,21725,success_index1,S_L,gradient_tolerance,,raw_state_verified,run.py:numpy-batch
SI-pHiSD,0.0005011872336272725,0.002,2000000,46,-0.6640625,1.228125,completed,0.06601892908133934,0.18404094175591862,9.994363463888572e-07,-1005.136368409914,762.7328996606295,21726,success_index1,S_L,gradient_tolerance,,raw_state_verified,run.py:numpy-batch
SI-pHiSD,0.0005011872336272725,0.002,2000000,20,-0.6078125000000001,1.2093749999999999,completed,0.06601892919134492,0.18404094174715988,9.99275126970307e-07,-1005.1363683624722,762.7328998118094,21728,success_index1,S_L,gradient_tolerance,,raw_state_verified,run.py:numpy-batch
SI-pHiSD,0.0005011872336272725,0.002,2000000,55,-0.5796875,1.228125,completed,0.0660189292144652,0.18404094174444605,9.997362998918905e-07,-1005.1363683489499,762.7328998443487,21732,success_index1,S_L,gradient_tolerance,,raw_state_verified,run.py:numpy-batch
SI-pHiSD,0.0005011872336272725,0.002,2000000,79,-0.6546875000000001,1.246875,completed,0.06601892907541348,0.18404094175598695,9.9936528964198e-07,-1005.1363684108279,762.7328996528396,21734,success_index1,S_L,gradient_tolerance,,raw_state_verified,run.py:numpy-batch
SI-pHiSD,0.0005011872336272725,0.002,2000000,247,-0.5796875,1.340625,completed,0.06601892908154944,0.1840409417560978,9.995981074234088e-07,-1005.1363684106202,762.7328996607462,21734,success_index1,S_L,gradient_tolerance,,raw_state_verified,run.py:numpy-batch
SI-pHiSD,0.0005011872336272725,0.002,2000000,146,-0.6265625,1.284375,completed,0.06601892907587377,0.18404094175559355,9.990302160910228e-07,-1005.1363684091775,762.7328996537848,21737,success_index1,S_L,gradient_tolerance,,raw_state_verified,run.py:numpy-batch
SI-pHiSD,0.0005011872336272725,0.002,2000000,348,-0.5328125000000001,1.3968749999999999,completed,0.06601892908954989,0.18404094175626243,9.999614285437295e-07,-1005.1363684104311,762.7328996710389,21739,success_index1,S_L,gradient_tolerance,,raw_state_verified,run.py:numpy-batch
SI-pHiSD,0.0005011872336272725,0.002,2000000,12,-0.6828125,1.2093749999999999,completed,0.06601892907887644,0.18404094175577504,9.992531779689318e-07,-1005.1363684095936,762.7328996575427,21742,success_index1,S_L,gradient_tolerance,,raw_state_verified,run.py:numpy-batch
SI-pHiSD,0.0005011872336272725,0.002,2000000,489,-0.7109375,1.4906249999999999,completed,1.2073343379318127,4.852133720798491,20873691716.273457,1970617846.1003501,184735819074.4762,21744,state_safeguard,U,state_safeguard,source_norm2_gt_5,raw_state_verified,run.py:numpy-batch
SI-pHiSD,0.0005011872336272725,0.002,2000000,213,-0.5984375000000001,1.321875,completed,0.0660189290774967,0.18404094175661895,9.999611934545845e-07,-1005.1363684131753,762.7328996550028,21744,success_index1,S_L,gradient_tolerance,,raw_state_verified,run.py:numpy-batch
SI-pHiSD,0.0005011872336272725,0.002,2000000,415,-0.5046875000000001,1.434375,completed,0.06601892908371673,0.18404094175578758,9.993818762617798e-07,-1005.1363684091255,762.7328996638457,21745,success_index1,S_L,gradient_tolerance,,raw_state_verified,run.py:numpy-batch
SI-pHiSD,0.0005011872336272725,0.002,2000000,112,-0.6453125000000001,1.265625,completed,0.06601892907093944,0.18404094175606758,9.99354883349249e-07,-1005.136368411636,762.7328996469322,21747,success_index1,S_L,gradient_tolerance,,raw_state_verified,run.py:numpy-batch
SI-pHiSD,0.0005011872336272725,0.002,2000000,314,-0.5515625000000001,1.378125,completed,0.0660189290848066,0.18404094175621416,9.997833123734678e-07,-1005.1363684107439,762.7328996648937,21748,success_index1,S_L,gradient_tolerance,,raw_state_verified,run.py:numpy-batch
SI-pHiSD,0.0005011872336272725,0.002,2000000,90,-0.5515625000000001,1.246875,completed,0.06601892924145136,0.18404094174006305,9.998221729205223e-07,-1005.1363683282208,762.7328998833948,21749,success_index1,S_L,gradient_tolerance,,raw_state_verified,run.py:numpy-batch
SI-pHiSD,0.0005011872336272725,0.002,2000000,45,-0.6734375,1.228125,completed,0.06601892907417425,0.18404094175655336,9.998373314145986e-07,-1005.1363684132655,762.7328996507262,21750,success_index1,S_L,gradient_tolerance,,raw_state_verified,run.py:numpy-batch
SI-pHiSD,0.0005011872336272725,0.002,2000000,179,-0.6171875,1.3031249999999999,completed,0.06601892907319613,0.18404094175648178,9.99756651377417e-07,-1005.1363684130794,762.7328996495127,21755,success_index1,S_L,gradient_tolerance,,raw_state_verified,run.py:numpy-batch
SI-pHiSD,0.0005011872336272725,0.002,2000000,280,-0.5703125,1.359375,completed,0.06601892908012812,0.1840409417560639,9.995344444218359e-07,-1005.1363684106351,762.7328996589221,21758,success_index1,S_L,gradient_tolerance,,raw_state_verified,run.py:numpy-batch
SI-pHiSD,0.0005011872336272725,0.002,2000000,159,-0.5046875000000001,1.284375,completed,0.06601892927281718,0.1840409417335263,9.995217005550133e-07,-1005.1363682982594,762.7328999300418,21759,success_index1,S_L,gradient_tolerance,,raw_state_verified,run.py:numpy-batch
SI-pHiSD,0.0005011872336272725,0.002,2000000,78,-0.6640625,1.246875,completed,0.06601892906793824,0.18404094175584623,9.991148822751215e-07,-1005.1363684110577,762.732899643211,21761,success_index1,S_L,gradient_tolerance,,raw_state_verified,run.py:numpy-batch
SI-pHiSD,0.0005011872336272725,0.002,2000000,21,-0.5984375000000001,1.2093749999999999,completed,0.06601892921929635,0.1840409417437337,9.997666494425662e-07,-1005.136368345533,762.7328998512755,21763,success_index1,S_L,gradient_tolerance,,raw_state_verified,run.py:numpy-batch
SI-pHiSD,0.0005011872336272725,0.002,2000000,11,-0.6921875000000001,1.2093749999999999,completed,0.0660189290705944,0.18404094175581262,9.991257853969928e-07,-1005.1363684106358,762.7328996467057,21765,success_index1,S_L,gradient_tolerance,,raw_state_verified,run.py:numpy-batch
SI-pHiSD,0.0005011872336272725,0.002,2000000,145,-0.6359375,1.284375,completed,0.06601892906936616,0.18404094175634778,9.995756725202787e-07,-1005.1363684129453,762.732899644634,21767,success_index1,S_L,gradient_tolerance,,raw_state_verified,run.py:numpy-batch
SI-pHiSD,0.0005011872336272725,0.002,2000000,381,-0.5234375,1.415625,completed,0.06601892908931976,0.18404094175521196,9.990382469590473e-07,-1005.1363684061822,762.7328996716598,21768,success_index1,S_L,gradient_tolerance,,raw_state_verified,run.py:numpy-batch
SI-pHiSD,0.0005011872336272725,0.002,2000000,246,-0.5890625,1.340625,completed,0.06601892907653613,0.18404094175618052,9.99557462685727e-07,-1005.1363684114946,762.7328996541345,21769,success_index1,S_L,gradient_tolerance,,raw_state_verified,run.py:numpy-batch
SI-pHiSD,0.0005011872336272725,0.002,2000000,355,-0.7671875,1.415625,completed,1.209836705204018,4.851472289045994,21069883661.054638,1988439473.7425425,186521420057.95074,21775,state_safeguard,U,state_safeguard,source_norm2_gt_5,raw_state_verified,run.py:numpy-batch
SI-pHiSD,0.0005011872336272725,0.002,2000000,44,-0.6828125,1.228125,completed,0.06601892906642028,0.18404094175617797,9.99385272978126e-07,-1005.13636841257,762.7328996409404,21777,success_index1,S_L,gradient_tolerance,,raw_state_verified,run.py:numpy-batch
SI-pHiSD,0.0005011872336272725,0.002,2000000,347,-0.5421875,1.3968749999999999,completed,0.06601892908559631,0.18404094175605298,9.996640285948366e-07,-1005.1363684100036,762.732899666065,21777,success_index1,S_L,gradient_tolerance,,raw_state_verified,run.py:numpy-batch
SI-pHiSD,0.0005011872336272725,0.002,2000000,56,-0.5703125,1.228125,completed,0.06601892924518317,0.18404094173919375,9.996653592419697e-07,-1005.1363683242839,762.7328998890247,21778,success_index1,S_L,gradient_tolerance,,raw_state_verified,run.py:numpy-batch
SI-pHiSD,0.0005011872336272725,0.002,2000000,212,-0.6078125000000001,1.321875,completed,0.06601892907114333,0.1840409417562716,9.99537028627767e-07,-1005.1363684124439,762.7328996470196,21778,success_index1,S_L,gradient_tolerance,,raw_state_verified,run.py:numpy-batch
SI-pHiSD,0.0005011872336272725,0.002,2000000,111,-0.6546875000000001,1.265625,completed,0.06601892906512428,0.1840409417558375,9.990702927310135e-07,-1005.1363684113242,762.732899639548,21779,success_index1,S_L,gradient_tolerance,,raw_state_verified,run.py:numpy-batch
SI-pHiSD,0.0005011872336272725,0.002,2000000,125,-0.5234375,1.265625,completed,0.06601892927449454,0.18404094173297875,9.993688538010838e-07,-1005.1363682958519,762.7328999327099,21784,success_index1,S_L,gradient_tolerance,,raw_state_verified,run.py:numpy-batch
SI-pHiSD,0.0005011872336272725,0.002,2000000,313,-0.5609375000000001,1.378125,completed,0.06601892908050533,0.18404094175560262,9.991401003683557e-07,-1005.1363684087172,762.7328996598189,21787,success_index1,S_L,gradient_tolerance,,raw_state_verified,run.py:numpy-batch
SI-pHiSD,0.0005011872336272725,0.002,2000000,10,-0.7015625000000001,1.2093749999999999,completed,0.06601892906277995,0.18404094175616445,9.993312215260413e-07,-1005.1363684129058,762.7328996362037,21791,success_index1,S_L,gradient_tolerance,,raw_state_verified,run.py:numpy-batch
SI-pHiSD,0.0005011872336272725,0.002,2000000,77,-0.6734375,1.246875,completed,0.0660189290613422,0.1840409417565262,9.996351286772213e-07,-1005.1363684145321,762.7328996340107,21791,success_index1,S_L,gradient_tolerance,,raw_state_verified,run.py:numpy-batch
SI-pHiSD,0.0005011872336272725,0.002,2000000,178,-0.6265625,1.3031249999999999,completed,0.06601892906817461,0.1840409417561034,9.993438229859263e-07,-1005.1363684120788,762.7328996432942,21791,success_index1,S_L,gradient_tolerance,,raw_state_verified,run.py:numpy-batch
SI-pHiSD,0.0005011872336272725,0.002,2000000,414,-0.5140625000000001,1.434375,completed,0.06601892908469258,0.1840409417558452,9.994580708452797e-07,-1005.136368409255,762.7328996650685,21791,success_index1,S_L,gradient_tolerance,,raw_state_verified,run.py:numpy-batch
SI-pHiSD,0.0005011872336272725,0.002,2000000,279,-0.5796875,1.359375,completed,0.06601892907647008,0.18404094175612792,9.995100177841237e-07,-1005.136368411288,762.7328996540941,21797,success_index1,S_L,gradient_tolerance,,raw_state_verified,run.py:numpy-batch
SI-pHiSD,0.0005011872336272725,0.002,2000000,144,-0.6453125000000001,1.284375,completed,0.06601892906439742,0.18404094175685506,9.999549904984873e-07,-1005.1363684155419,762.732899637708,21802,success_index1,S_L,gradient_tolerance,,raw_state_verified,run.py:numpy-batch
SI-pHiSD,0.0005011872336272725,0.002,2000000,245,-0.5984375000000001,1.340625,completed,0.06601892907116806,0.18404094175628838,9.995521681062586e-07,-1005.1363684125099,762.732899647037,21806,success_index1,S_L,gradient_tolerance,,raw_state_verified,run.py:numpy-batch
SI-pHiSD,0.0005011872336272725,0.002,2000000,43,-0.6921875000000001,1.228125,completed,0.06601892905990946,0.18404094175694946,9.99994925050563e-07,-1005.1363684164082,762.7328996317704,21807,success_index1,S_L,gradient_tolerance,,raw_state_verified,run.py:numpy-batch
SI-pHiSD,0.0005011872336272725,0.002,2000000,380,-0.5328125000000001,1.415625,completed,0.066018929085845,0.18404094175624564,9.998390783792849e-07,-1005.1363684107605,762.7328996662208,21807,success_index1,S_L,gradient_tolerance,,raw_state_verified,run.py:numpy-batch
SI-pHiSD,0.0005011872336272725,0.002,2000000,22,-0.5890625,1.2093749999999999,completed,0.06601892925012466,0.1840409417378186,9.992925525380825e-07,-1005.1363683181582,762.7328998966766,21811,success_index1,S_L,gradient_tolerance,,raw_state_verified,run.py:numpy-batch
SI-pHiSD,0.0005011872336272725,0.002,2000000,91,-0.5421875,1.246875,completed,0.06601892927740534,0.1840409417320257,9.991078302530173e-07,-1005.1363682916617,762.732899937343,21812,success_index1,S_L,gradient_tolerance,,raw_state_verified,run.py:numpy-batch
SI-pHiSD,0.0005011872336272725,0.002,2000000,110,-0.6640625,1.265625,completed,0.0660189290587443,0.18404094175666788,9.997387211899955e-07,-1005.1363684153876,762.7328996304975,21812,success_index1,S_L,gradient_tolerance,,raw_state_verified,run.py:numpy-batch
SI-pHiSD,0.0005011872336272725,0.002,2000000,447,-0.5046875000000001,1.453125,completed,0.06601892908039184,0.1840409417561026,9.995745036362965e-07,-1005.1363684107642,762.732899659232,21816,success_index1,S_L,gradient_tolerance,,raw_state_verified,run.py:numpy-batch
SI-pHiSD,0.0005011872336272725,0.002,2000000,346,-0.5515625000000001,1.3968749999999999,completed,0.06601892908136739,0.1840409417563571,9.998203105451956e-07,-1005.1363684116948,762.7328996602818,21817,success_index1,S_L,gradient_tolerance,,raw_state_verified,run.py:numpy-batch
SI-pHiSD,0.0005011872336272725,0.002,2000000,211,-0.6171875,1.321875,completed,0.06601892906801028,0.18404094175678562,9.99939818246276e-07,-1005.1363684148722,762.7328996424816,21818,success_index1,S_L,gradient_tolerance,,raw_state_verified,run.py:numpy-batch
SI-pHiSD,0.0005011872336272725,0.002,2000000,9,-0.7109375,1.2093749999999999,completed,0.06601892905654706,0.1840409417563719,9.99464726023888e-07,-1005.1363684144189,762.7328996278909,21822,success_index1,S_L,gradient_tolerance,,raw_state_verified,run.py:numpy-batch
SI-pHiSD,0.0005011872336272725,0.002,2000000,76,-0.6828125,1.246875,completed,0.06601892905525293,0.184040941755997,9.991284326601183e-07,-1005.1363684130329,762.7328996265313,21826,success_index1,S_L,gradient_tolerance,,raw_state_verified,run.py:numpy-batch
SI-pHiSD,0.0005011872336272725,0.002,2000000,312,-0.5703125,1.378125,completed,0.06601892907602841,0.18404094175656596,9.998844591520666e-07,-1005.1363684131172,762.7328996531342,21826,success_index1,S_L,gradient_tolerance,,raw_state_verified,run.py:numpy-batch
SI-pHiSD,0.0005011872336272725,0.002,2000000,177,-0.6359375,1.3031249999999999,completed,0.06601892906284075,0.18404094175599434,9.99182436922996e-07,-1005.1363684122073,762.7328996364319,21829,success_index1,S_L,gradient_tolerance,,raw_state_verified,run.py:numpy-batch
SI-pHiSD,0.0005011872336272725,0.002,2000000,278,-0.5890625,1.359375,completed,0.06601892907177011,0.18404094175601132,9.99319469461822e-07,-1005.136368411318,762.7328996480653,21838,success_index1,S_L,gradient_tolerance,,raw_state_verified,run.py:numpy-batch
SI-pHiSD,0.0005011872336272725,0.002,2000000,143,-0.6546875000000001,1.284375,completed,0.06601892905946698,0.18404094175655847,9.996478686367605e-07,-1005.1363684148646,762.7328996315365,21841,success_index1,S_L,gradient_tolerance,,raw_state_verified,run.py:numpy-batch
SI-pHiSD,0.0005011872336272725,0.002,2000000,413,-0.5234375,1.434375,completed,0.06601892908723674,0.18404094175590724,9.995830330703881e-07,-1005.1363684092344,762.7328996683326,21841,success_index1,S_L,gradient_tolerance,,raw_state_verified,run.py:numpy-batch
SI-pHiSD,0.0005011872336272725,0.002,2000000,42,-0.7015625000000001,1.228125,completed,0.06601892905416307,0.18404094175674848,9.997853281164042e-07,-1005.1363684162067,762.7328996244507,21842,success_index1,S_L,gradient_tolerance,,raw_state_verified,run.py:numpy-batch
SI-pHiSD,0.0005011872336272725,0.002,2000000,57,-0.5609375000000001,1.228125,completed,0.06601892928262984,0.18404094173132998,9.994830593414265e-07,-1005.1363682882707,762.732899944768,21844,success_index1,S_L,gradient_tolerance,,raw_state_verified,run.py:numpy-batch
SI-pHiSD,0.0005011872336272725,0.002,2000000,244,-0.6078125000000001,1.340625,completed,0.066018929066516,0.18404094175640873,9.995890000309568e-07,-1005.1363684134986,762.732899640863,21847,success_index1,S_L,gradient_tolerance,,raw_state_verified,run.py:numpy-batch
SI-pHiSD,0.0005011872336272725,0.002,2000000,109,-0.6734375,1.265625,completed,0.06601892905329518,0.18404094175672261,9.997597417525156e-07,-1005.1363684161947,762.7328996233414,21850,success_index1,S_L,gradient_tolerance,,raw_state_verified,run.py:numpy-batch
SI-pHiSD,0.0005011872336272725,0.002,2000000,379,-0.5421875,1.415625,completed,0.0660189290831768,0.18404094175554606,9.99156857755623e-07,-1005.1363684082006,762.7328996633531,21853,success_index1,S_L,gradient_tolerance,,raw_state_verified,run.py:numpy-batch
SI-pHiSD,0.0005011872336272725,0.002,2000000,8,-0.7203125,1.2093749999999999,completed,0.06601892905084109,0.18404094175620228,9.992965560546405e-07,-1005.1363684143411,762.7328996205963,21857,success_index1,S_L,gradient_tolerance,,raw_state_verified,run.py:numpy-batch
SI-pHiSD,0.0005011872336272725,0.002,2000000,210,-0.6265625,1.321875,completed,0.06601892906165209,0.1840409417568353,9.999095028750832e-07,-1005.1363684157561,762.7328996341442,21857,success_index1,S_L,gradient_tolerance,,raw_state_verified,run.py:numpy-batch
SI-pHiSD,0.0005011872336272725,0.002,2000000,345,-0.5609375000000001,1.3968749999999999,completed,0.0660189290774378,0.18404094175619404,9.995881902001309e-07,-1005.1363684114527,762.7328996552986,21861,success_index1,S_L,gradient_tolerance,,raw_state_verified,run.py:numpy-batch
SI-pHiSD,0.0005011872336272725,0.002,2000000,75,-0.6921875000000001,1.246875,completed,0.06601892904958705,0.18404094175669444,9.997293428061933e-07,-1005.1363684164778,762.732899618529,21863,success_index1,S_L,gradient_tolerance,,raw_state_verified,run.py:numpy-batch
SI-pHiSD,0.0005011872336272725,0.002,2000000,456,-0.7203125,1.4718749999999998,completed,1.2081490409745979,4.851860401662773,20928989255.14516,1975629571.4239557,185239413200.7786,21865,state_safeguard,U,state_safeguard,source_norm2_gt_5,raw_state_verified,run.py:numpy-batch
SI-pHiSD,0.0005011872336272725,0.002,2000000,446,-0.5140625000000001,1.453125,completed,0.0660189290808194,0.18404094175563662,9.991773037958392e-07,-1005.136368408822,762.7328996601985,21867,success_index1,S_L,gradient_tolerance,,raw_state_verified,run.py:numpy-batch
SI-pHiSD,0.0005011872336272725,0.002,2000000,176,-0.6453125000000001,1.3031249999999999,completed,0.06601892905713795,0.18404094175622757,9.993411896165698e-07,-1005.1363684137683,762.7328996287879,21869,success_index1,S_L,gradient_tolerance,,raw_state_verified,run.py:numpy-batch
SI-pHiSD,0.0005011872336272725,0.002,2000000,311,-0.5796875,1.378125,completed,0.06601892907210942,0.1840409417563167,9.995928715065295e-07,-1005.1363684125245,762.73289964824,21871,success_index1,S_L,gradient_tolerance,,raw_state_verified,run.py:numpy-batch
SI-pHiSD,0.0005011872336272725,0.002,2000000,23,-0.5796875,1.2093749999999999,completed,0.06601892928633046,0.1840409417302998,9.993274063158105e-07,-1005.1363682836824,762.7328999504981,21876,success_index1,S_L,gradient_tolerance,,raw_state_verified,run.py:numpy-batch
SI-pHiSD,0.0005011872336272725,0.002,2000000,41,-0.7109375,1.228125,completed,0.06601892904669873,0.18404094175694302,9.999513598231117e-07,-1005.1363684177992,762.7328996145432,21877,success_index1,S_L,gradient_tolerance,,raw_state_verified,run.py:numpy-batch
SI-pHiSD,0.0005011872336272725,0.002,2000000,126,-0.5140625000000001,1.265625,completed,0.06601892932319633,0.1840409417214453,9.995970190739625e-07,-1005.1363682437004,762.7329000063525,21878,success_index1,S_L,gradient_tolerance,,raw_state_verified,run.py:numpy-batch
SI-pHiSD,0.0005011872336272725,0.002,2000000,142,-0.6640625,1.284375,completed,0.06601892905349621,0.18404094175694252,9.999539232697715e-07,-1005.1363684170675,762.7328996234111,21881,success_index1,S_L,gradient_tolerance,,raw_state_verified,run.py:numpy-batch
SI-pHiSD,0.0005011872336272725,0.002,2000000,277,-0.5984375000000001,1.359375,completed,0.0660189290671723,0.18404094175684782,9.999828956985594e-07,-1005.1363684152149,762.7328996413339,21881,success_index1,S_L,gradient_tolerance,,raw_state_verified,run.py:numpy-batch
SI-pHiSD,0.0005011872336272725,0.002,2000000,412,-0.5328125000000001,1.434375,completed,0.06601892908376383,0.18404094175604216,9.99605452963336e-07,-1005.1363684101558,762.7328996636843,21887,success_index1,S_L,gradient_tolerance,,raw_state_verified,run.py:numpy-batch
SI-pHiSD,0.0005011872336272725,0.002,2000000,7,-0.7296875,1.2093749999999999,completed,0.06601892904273549,0.18404094175630137,9.993994719344268e-07,-1005.1363684156139,762.7328996099357,21891,success_index1,S_L,gradient_tolerance,,raw_state_verified,run.py:numpy-batch
SI-pHiSD,0.0005011872336272725,0.002,2000000,108,-0.6828125,1.265625,completed,0.06601892904816194,0.1840409417563114,9.993923335382104e-07,-1005.1363684150723,762.7328996170057,21892,success_index1,S_L,gradient_tolerance,,raw_state_verified,run.py:numpy-batch
SI-pHiSD,0.0005011872336272725,0.002,2000000,243,-0.6171875,1.340625,completed,0.06601892906232323,0.18404094175660193,9.997108918479648e-07,-1005.1363684147346,762.732899635224,21892,success_index1,S_L,gradient_tolerance,,raw_state_verified,run.py:numpy-batch
SI-pHiSD,0.0005011872336272725,0.002,2000000,378,-0.5515625000000001,1.415625,completed,0.06601892907901015,0.184040941756195,9.996234590965046e-07,-1005.136368411288,762.7328996573491,21898,success_index1,S_L,gradient_tolerance,,raw_state_verified,run.py:numpy-batch
SI-pHiSD,0.0005011872336272725,0.002,2000000,389,-0.7484375000000001,1.434375,completed,1.2093192762383007,4.851559725153442,21022008127.72619,1984080891.5934296,186085956960.377,21899,state_safeguard,U,state_safeguard,source_norm2_gt_5,raw_state_verified,run.py:numpy-batch
SI-pHiSD,0.0005011872336272725,0.002,2000000,209,-0.6359375,1.321875,completed,0.06601892905681137,0.18404094175658556,9.996540999742073e-07,-1005.1363684152594,762.7328996280487,21902,success_index1,S_L,gradient_tolerance,,raw_state_verified,run.py:numpy-batch
SI-pHiSD,0.0005011872336272725,0.002,2000000,479,-0.5046875000000001,1.4718749999999998,completed,0.06601892908155653,0.18404094175640287,9.99864871102197e-07,-1005.1363684118603,762.7328996604886,21902,success_index1,S_L,gradient_tolerance,,raw_state_verified,run.py:numpy-batch
SI-pHiSD,0.0005011872336272725,0.002,2000000,74,-0.7015625000000001,1.246875,completed,0.06601892904399752,0.18404094175661675,9.996719895810706e-07,-1005.136368416762,762.7328996113056,21904,success_index1,S_L,gradient_tolerance,,raw_state_verified,run.py:numpy-batch
SI-pHiSD,0.0005011872336272725,0.002,2000000,92,-0.5328125000000001,1.246875,completed,0.06601892932643517,0.18404094172012833,9.992523367357155e-07,-1005.1363682379945,762.7329000117322,21908,success_index1,S_L,gradient_tolerance,,raw_state_verified,run.py:numpy-batch
SI-pHiSD,0.0005011872336272725,0.002,2000000,344,-0.5703125,1.3968749999999999,completed,0.06601892907450051,0.1840409417560239,9.993799040604518e-07,-1005.1363684110759,762.7328996516161,21910,success_index1,S_L,gradient_tolerance,,raw_state_verified,run.py:numpy-batch
SI-pHiSD,0.0005011872336272725,0.002,2000000,175,-0.6546875000000001,1.3031249999999999,completed,0.06601892905342006,0.1840409417560155,9.991376874775099e-07,-1005.1363684133045,762.7328996241241,21916,success_index1,S_L,gradient_tolerance,,raw_state_verified,run.py:numpy-batch
SI-pHiSD,0.0005011872336272725,0.002,2000000,40,-0.7203125,1.228125,completed,0.06601892904103894,0.18404094175685745,9.998999884602139e-07,-1005.1363684180589,762.7328996072348,21918,success_index1,S_L,gradient_tolerance,,raw_state_verified,run.py:numpy-batch
SI-pHiSD,0.0005011872336272725,0.002,2000000,310,-0.5890625,1.378125,completed,0.06601892906801138,0.18404094175675598,9.999138324973751e-07,-1005.1363684147508,762.7328996425093,21918,success_index1,S_L,gradient_tolerance,,raw_state_verified,run.py:numpy-batch
SI-pHiSD,0.0005011872336272725,0.002,2000000,445,-0.5234375,1.453125,completed,0.06601892908468268,0.18404094175625083,9.99812028003338e-07,-1005.1363684109067,762.7328996646995,21924,success_index1,S_L,gradient_tolerance,,raw_state_verified,run.py:numpy-batch
SI-pHiSD,0.0005011872336272725,0.002,2000000,141,-0.6734375,1.284375,completed,0.06601892904743863,0.18404094175640354,9.99474376726495e-07,-1005.1363684155248,762.7328996159812,21925,success_index1,S_L,gradient_tolerance,,raw_state_verified,run.py:numpy-batch
SI-pHiSD,0.0005011872336272725,0.002,2000000,276,-0.6078125000000001,1.359375,completed,0.06601892906438478,0.1840409417568137,9.999185490808078e-07,-1005.1363684153756,762.7328996377273,21931,success_index1,S_L,gradient_tolerance,,raw_state_verified,run.py:numpy-batch
SI-pHiSD,0.0005011872336272725,0.002,2000000,6,-0.7390625000000001,1.2093749999999999,completed,0.0660189290368764,0.18404094175597008,9.991489801520262e-07,-1005.1363684148948,762.7328996025827,21932,success_index1,S_L,gradient_tolerance,,raw_state_verified,run.py:numpy-batch
SI-pHiSD,0.0005011872336272725,0.002,2000000,58,-0.5515625000000001,1.228125,completed,0.06601892932975688,0.18404094171957372,9.995400139566533e-07,-1005.1363682353817,762.7329000165512,21938,success_index1,S_L,gradient_tolerance,,raw_state_verified,run.py:numpy-batch
SI-pHiSD,0.0005011872336272725,0.002,2000000,107,-0.6921875000000001,1.265625,completed,0.06601892904380642,0.18404094175647054,9.995438211991706e-07,-1005.1363684161877,762.7328996111844,21938,success_index1,S_L,gradient_tolerance,,raw_state_verified,run.py:numpy-batch
SI-pHiSD,0.0005011872336272725,0.002,2000000,242,-0.6265625,1.340625,completed,0.06601892905757951,0.1840409417564504,9.99539773205342e-07,-1005.1363684146278,762.7328996291687,21940,success_index1,S_L,gradient_tolerance,,raw_state_verified,run.py:numpy-batch
SI-pHiSD,0.0005011872336272725,0.002,2000000,411,-0.5421875,1.434375,completed,0.06601892908298133,0.1840409417562094,9.997313585212287e-07,-1005.1363684109203,762.7328996625167,21940,success_index1,S_L,gradient_tolerance,,raw_state_verified,run.py:numpy-batch
SI-pHiSD,0.0005011872336272725,0.002,2000000,377,-0.5609375000000001,1.415625,completed,0.0660189290760385,0.18404094175573155,9.991543093301201e-07,-1005.1363684097214,762.7328996538787,21950,success_index1,S_L,gradient_tolerance,,raw_state_verified,run.py:numpy-batch
SI-pHiSD,0.0005011872336272725,0.002,2000000,73,-0.7109375,1.246875,completed,0.06601892904052481,0.18404094175685112,9.9989776967432e-07,-1005.1363684180881,762.7328996065697,21951,success_index1,S_L,gradient_tolerance,,raw_state_verified,run.py:numpy-batch
SI-pHiSD,0.0005011872336272725,0.002,2000000,208,-0.6453125000000001,1.321875,completed,0.06601892905370645,0.1840409417563096,9.993974986673342e-07,-1005.1363684144699,762.7328996242402,21953,success_index1,S_L,gradient_tolerance,,raw_state_verified,run.py:numpy-batch
SI-pHiSD,0.0005011872336272725,0.002,2000000,478,-0.5140625000000001,1.4718749999999998,completed,0.06601892908235206,0.18404094175614044,9.9965520446343e-07,-1005.1363684107075,762.7328996617562,21959,success_index1,S_L,gradient_tolerance,,raw_state_verified,run.py:numpy-batch
SI-pHiSD,0.0005011872336272725,0.002,2000000,343,-0.5796875,1.3968749999999999,completed,0.06601892907040022,0.18404094175644406,9.99676139705287e-07,-1005.1363684132257,762.7328996458989,21960,success_index1,S_L,gradient_tolerance,,raw_state_verified,run.py:numpy-batch
SI-pHiSD,0.0005011872336272725,0.002,2000000,174,-0.6640625,1.3031249999999999,completed,0.06601892904792139,0.18404094175698954,9.999903364956638e-07,-1005.1363684178574,762.7328996160971,21962,success_index1,S_L,gradient_tolerance,,raw_state_verified,run.py:numpy-batch
SI-pHiSD,0.0005011872336272725,0.002,2000000,39,-0.7296875,1.228125,completed,0.06601892903580597,0.18404094175670577,9.998097477878963e-07,-1005.136368418003,762.7328996005416,21963,success_index1,S_L,gradient_tolerance,,raw_state_verified,run.py:numpy-batch
SI-pHiSD,0.0005011872336272725,0.002,2000000,24,-0.5703125,1.2093749999999999,completed,0.06601892933310209,0.18404094171911406,9.99917346739181e-07,-1005.1363682331526,762.7329000213184,21969,success_index1,S_L,gradient_tolerance,,raw_state_verified,run.py:numpy-batch
SI-pHiSD,0.0005011872336272725,0.002,2000000,309,-0.5984375000000001,1.378125,completed,0.06601892906521101,0.18404094175675506,9.998766749063454e-07,-1005.1363684150481,762.7328996388571,21971,success_index1,S_L,gradient_tolerance,,raw_state_verified,run.py:numpy-batch
SI-pHiSD,0.0005011872336272725,0.002,2000000,140,-0.6828125,1.284375,completed,0.06601892904296411,0.18404094175651248,9.995846419120057e-07,-1005.1363684164486,762.732899610049,21974,success_index1,S_L,gradient_tolerance,,raw_state_verified,run.py:numpy-batch
SI-pHiSD,0.0005011872336272725,0.002,2000000,5,-0.7484375000000001,1.2093749999999999,completed,0.06601892903137759,0.18404094175681593,9.999603640349424e-07,-1005.1363684189264,762.7328995946684,21975,success_index1,S_L,gradient_tolerance,,raw_state_verified,run.py:numpy-batch
SI-pHiSD,0.0005011872336272725,0.002,2000000,444,-0.5328125000000001,1.453125,completed,0.06601892908365055,0.1840409417559439,9.995166744556474e-07,-1005.1363684097684,762.7328996636224,21980,success_index1,S_L,gradient_tolerance,,raw_state_verified,run.py:numpy-batch
SI-pHiSD,0.0005011872336272725,0.002,2000000,275,-0.6171875,1.359375,completed,0.0660189290594443,0.1840409417565084,9.996036701080125e-07,-1005.1363684146631,762.7328996315505,21982,success_index1,S_L,gradient_tolerance,,raw_state_verified,run.py:numpy-batch
SI-pHiSD,0.0005011872336272725,0.002,2000000,106,-0.7015625000000001,1.265625,completed,0.06601892903888586,0.1840409417561572,9.992969950352799e-07,-1005.1363684154405,762.7328996050402,21987,success_index1,S_L,gradient_tolerance,,raw_state_verified,run.py:numpy-batch
SI-pHiSD,0.0005011872336272725,0.002,2000000,241,-0.6359375,1.340625,completed,0.06601892905395926,0.18404094175651953,9.995830883213232e-07,-1005.136368415297,762.7328996243858,21993,success_index1,S_L,gradient_tolerance,,raw_state_verified,run.py:numpy-batch
SI-pHiSD,0.0005011872336272725,0.002,2000000,410,-0.5515625000000001,1.434375,completed,0.06601892907930962,0.18404094175622138,9.996532697335567e-07,-1005.1363684113634,762.7328996577164,21993,success_index1,S_L,gradient_tolerance,,raw_state_verified,run.py:numpy-batch
SI-pHiSD,0.0005011872336272725,0.002,2000000,511,-0.5046875000000001,1.4906249999999999,completed,0.06601892907975411,0.1840409417555729,9.990964511526085e-07,-1005.1363684086775,762.7328996588647,21995,success_index1,S_L,gradient_tolerance,,raw_state_verified,run.py:numpy-batch
SI-pHiSD,0.0005011872336272725,0.002,2000000,288,-0.7953125000000001,1.378125,completed,1.2103530872120276,4.85135433628084,21113313599.477978,1992387667.3497653,186916631487.41898,21998,state_safeguard,U,state_safeguard,source_norm2_gt_5,raw_state_verified,run.py:numpy-batch
SI-pHiSD,0.0005011872336272725,0.002,2000000,72,-0.7203125,1.246875,completed,0.06601892903496759,0.1840409417559193,9.991233727959124e-07,-1005.1363684148936,762.7328996001373,22000,success_index1,S_L,gradient_tolerance,,raw_state_verified,run.py:numpy-batch
SI-pHiSD,0.0005011872336272725,0.002,2000000,207,-0.6546875000000001,1.321875,completed,0.06601892904868967,0.1840409417567347,9.99764989772838e-07,-1005.1363684167379,762.7328996173229,22004,success_index1,S_L,gradient_tolerance,,raw_state_verified,run.py:numpy-batch
SI-pHiSD,0.0005011872336272725,0.002,2000000,376,-0.5703125,1.415625,completed,0.06601892907284801,0.18404094175619082,9.994955621411906e-07,-1005.1363684119326,762.732899649314,22004,success_index1,S_L,gradient_tolerance,,raw_state_verified,run.py:numpy-batch
SI-pHiSD,0.0005011872336272725,0.002,2000000,38,-0.7390625000000001,1.228125,completed,0.06601892903131099,0.18404094175679137,9.999395452747162e-07,-1005.136368418834,762.732899594603,22012,success_index1,S_L,gradient_tolerance,,raw_state_verified,run.py:numpy-batch
SI-pHiSD,0.0005011872336272725,0.002,2000000,173,-0.6734375,1.3031249999999999,completed,0.06601892904389607,0.18404094175654892,9.996125796087655e-07,-1005.1363684164969,762.7328996112327,22016,success_index1,S_L,gradient_tolerance,,raw_state_verified,run.py:numpy-batch
SI-pHiSD,0.0005011872336272725,0.002,2000000,342,-0.5890625,1.3968749999999999,completed,0.06601892906707812,0.1840409417559154,9.99163647582005e-07,-1005.1363684114311,762.7328996420289,22016,success_index1,S_L,gradient_tolerance,,raw_state_verified,run.py:numpy-batch
SI-pHiSD,0.0005011872336272725,0.002,2000000,477,-0.5234375,1.4718749999999998,completed,0.0660189290842015,0.184040941756421,9.999478342542222e-07,-1005.1363684116504,762.732899663923,22020,success_index1,S_L,gradient_tolerance,,raw_state_verified,run.py:numpy-batch
SI-pHiSD,0.0005011872336272725,0.002,2000000,127,-0.5046875000000001,1.265625,completed,0.06601892938782247,0.1840409417012441,9.994611403108852e-07,-1005.1363681545747,762.7329001083673,22021,success_index1,S_L,gradient_tolerance,,raw_state_verified,run.py:numpy-batch
SI-pHiSD,0.0005011872336272725,0.002,2000000,4,-0.7578125,1.2093749999999999,completed,0.06601892902696746,0.18404094175615962,9.99446877199162e-07,-1005.1363684167296,762.7328995894906,22025,success_index1,S_L,gradient_tolerance,,raw_state_verified,run.py:numpy-batch
SI-pHiSD,0.0005011872336272725,0.002,2000000,308,-0.6078125000000001,1.378125,completed,0.06601892906044649,0.18404094175679905,9.998671054496055e-07,-1005.1363684157383,762.732899632603,22025,success_index1,S_L,gradient_tolerance,,raw_state_verified,run.py:numpy-batch
SI-pHiSD,0.0005011872336272725,0.002,2000000,139,-0.6921875000000001,1.284375,completed,0.06601892903921376,0.18404094175646565,9.995668612253422e-07,-1005.1363684166602,762.7328996051978,22028,success_index1,S_L,gradient_tolerance,,raw_state_verified,run.py:numpy-batch
SI-pHiSD,0.0005011872336272725,0.002,2000000,443,-0.5421875,1.453125,completed,0.0660189290787223,0.1840409417557568,9.992337616971008e-07,-1005.1363684095361,762.7328996573578,22034,success_index1,S_L,gradient_tolerance,,raw_state_verified,run.py:numpy-batch
SI-pHiSD,0.0005011872336272725,0.002,2000000,274,-0.6265625,1.359375,completed,0.06601892905442253,0.1840409417560742,9.991928617747818e-07,-1005.1363684134358,762.7328996253802,22037,success_index1,S_L,gradient_tolerance,,raw_state_verified,run.py:numpy-batch
SI-pHiSD,0.0005011872336272725,0.002,2000000,105,-0.7109375,1.265625,completed,0.06601892903511708,0.1840409417560734,9.99258001169461e-07,-1005.1363684155042,762.7328996001974,22041,success_index1,S_L,gradient_tolerance,,raw_state_verified,run.py:numpy-batch
SI-pHiSD,0.0005011872336272725,0.002,2000000,93,-0.5234375,1.246875,completed,0.06601892938620099,0.1840409417016557,9.993421502750908e-07,-1005.1363681564236,762.7329001058914,22042,success_index1,S_L,gradient_tolerance,,raw_state_verified,run.py:numpy-batch
SI-pHiSD,0.0005011872336272725,0.002,2000000,240,-0.6453125000000001,1.340625,completed,0.0660189290504662,0.18404094175670016,9.997347441358467e-07,-1005.1363684164069,762.7328996196708,22050,success_index1,S_L,gradient_tolerance,,raw_state_verified,run.py:numpy-batch
SI-pHiSD,0.0005011872336272725,0.002,2000000,409,-0.5609375000000001,1.434375,completed,0.0660189290750158,0.18404094175567,9.990800248889944e-07,-1005.1363684095809,762.7328996525986,22050,success_index1,S_L,gradient_tolerance,,raw_state_verified,run.py:numpy-batch
SI-pHiSD,0.0005011872336272725,0.002,2000000,71,-0.7296875,1.246875,completed,0.06601892902936597,0.18404094175607116,9.993302166607266e-07,-1005.1363684161124,762.7328995926973,22051,success_index1,S_L,gradient_tolerance,,raw_state_verified,run.py:numpy-batch
SI-pHiSD,0.0005011872336272725,0.002,2000000,206,-0.6640625,1.321875,completed,0.06601892904417178,0.18404094175679095,9.998249817539462e-07,-1005.1363684174519,762.7328996113799,22060,success_index1,S_L,gradient_tolerance,,raw_state_verified,run.py:numpy-batch
SI-pHiSD,0.0005011872336272725,0.002,2000000,375,-0.5796875,1.415625,completed,0.06601892906882714,0.1840409417566807,9.998595071061969e-07,-1005.1363684143575,762.7328996436393,22061,success_index1,S_L,gradient_tolerance,,raw_state_verified,run.py:numpy-batch
SI-pHiSD,0.0005011872336272725,0.002,2000000,37,-0.7484375000000001,1.228125,completed,0.06601892902485815,0.18404094175672206,9.999826009164491e-07,-1005.1363684192443,762.7328995862462,22062,success_index1,S_L,gradient_tolerance,,raw_state_verified,run.py:numpy-batch
SI-pHiSD,0.0005011872336272725,0.002,2000000,510,-0.5140625000000001,1.4906249999999999,completed,0.06601892908594094,0.18404094175548302,9.99176043684063e-07,-1005.1363684076478,762.7328996670143,22065,success_index1,S_L,gradient_tolerance,,raw_state_verified,run.py:numpy-batch
SI-pHiSD,0.0005011872336272725,0.002,2000000,59,-0.5421875,1.228125,completed,0.06601892938716514,0.18404094170156035,9.995267624050742e-07,-1005.1363681559319,762.7329001072325,22068,success_index1,S_L,gradient_tolerance,,raw_state_verified,run.py:numpy-batch
SI-pHiSD,0.0005011872336272725,0.002,2000000,423,-0.7296875,1.453125,completed,1.20876402915889,4.851697184005242,20977065364.458935,1979996664.9116802,185676962746.75116,22072,state_safeguard,U,state_safeguard,source_norm2_gt_5,raw_state_verified,run.py:numpy-batch
SI-pHiSD,0.0005011872336272725,0.002,2000000,341,-0.5984375000000001,1.3968749999999999,completed,0.06601892906356024,0.18404094175690053,9.999857573609138e-07,-1005.1363684158171,762.7328996365758,22074,success_index1,S_L,gradient_tolerance,,raw_state_verified,run.py:numpy-batch
SI-pHiSD,0.0005011872336272725,0.002,2000000,3,-0.7671875,1.2093749999999999,completed,0.0660189290210519,0.18404094175659938,9.9995016160647e-07,-1005.1363684191533,762.7328995813888,22075,success_index1,S_L,gradient_tolerance,,raw_state_verified,run.py:numpy-batch
SI-pHiSD,0.0005011872336272725,0.002,2000000,172,-0.6828125,1.3031249999999999,completed,0.0660189290406268,0.18404094175604327,9.99183802152778e-07,-1005.1363684147899,762.7328996074116,22075,success_index1,S_L,gradient_tolerance,,raw_state_verified,run.py:numpy-batch
SI-pHiSD,0.0005011872336272725,0.002,2000000,476,-0.5328125000000001,1.4718749999999998,completed,0.06601892908221217,0.1840409417555083,9.99099342055804e-07,-1005.1363684081512,762.7328996621277,22082,success_index1,S_L,gradient_tolerance,,raw_state_verified,run.py:numpy-batch
SI-pHiSD,0.0005011872336272725,0.002,2000000,307,-0.6171875,1.378125,completed,0.06601892905666903,0.1840409417565617,9.996322995065275e-07,-1005.1363684151777,762.7328996278837,22085,success_index1,S_L,gradient_tolerance,,raw_state_verified,run.py:numpy-batch
SI-pHiSD,0.0005011872336272725,0.002,2000000,322,-0.7765625,1.3968749999999999,completed,1.2100242009929627,4.851389202714256,21079795430.959656,1989332774.4056852,186611849770.7329,22086,state_safeguard,U,state_safeguard,source_norm2_gt_5,raw_state_verified,run.py:numpy-batch
SI-pHiSD,0.0005011872336272725,0.002,2000000,138,-0.7015625000000001,1.284375,completed,0.06601892903552792,0.18404094175643781,9.995757768438703e-07,-1005.1363684169429,762.7328996004138,22086,success_index1,S_L,gradient_tolerance,,raw_state_verified,run.py:numpy-batch
SI-pHiSD,0.0005011872336272725,0.002,2000000,442,-0.5515625000000001,1.453125,completed,0.06601892907611151,0.1840409417560957,9.994745111896963e-07,-1005.1363684111952,762.7328996536546,22095,success_index1,S_L,gradient_tolerance,,raw_state_verified,run.py:numpy-batch
SI-pHiSD,0.0005011872336272725,0.002,2000000,25,-0.5609375000000001,1.2093749999999999,completed,0.06601892938833422,0.18404094170078877,9.992507885340033e-07,-1005.136368152667,762.7329001094344,22097,success_index1,S_L,gradient_tolerance,,raw_state_verified,run.py:numpy-batch
SI-pHiSD,0.0005011872336272725,0.002,2000000,104,-0.7203125,1.265625,completed,0.06601892903009272,0.18404094175622962,9.994596782488367e-07,-1005.1363684166795,762.7328995935061,22097,success_index1,S_L,gradient_tolerance,,raw_state_verified,run.py:numpy-batch
SI-pHiSD,0.0005011872336272725,0.002,2000000,490,-0.7015625000000001,1.4906249999999999,completed,1.2073849149848492,4.852036494398201,20865582537.385822,1969863915.1897662,184662541649.39087,22098,state_safeguard,U,state_safeguard,source_norm2_gt_5,raw_state_verified,run.py:numpy-batch
SI-pHiSD,0.0005011872336272725,0.002,2000000,273,-0.6359375,1.359375,completed,0.06601892905147069,0.1840409417559296,9.990572840456154e-07,-1005.1363684131638,762.7328996216568,22099,success_index1,S_L,gradient_tolerance,,raw_state_verified,run.py:numpy-batch
SI-pHiSD,0.0005011872336272725,0.002,2000000,70,-0.7390625000000001,1.246875,completed,0.0660189290244667,0.1840409417563529,9.99662813533657e-07,-1005.1363684177849,762.7328995860587,22107,success_index1,S_L,gradient_tolerance,,raw_state_verified,run.py:numpy-batch
SI-pHiSD,0.0005011872336272725,0.002,2000000,408,-0.5703125,1.434375,completed,0.06601892907046764,0.18404094175650582,9.997313648837107e-07,-1005.1363684134695,762.7328996459328,22109,success_index1,S_L,gradient_tolerance,,raw_state_verified,run.py:numpy-batch
SI-pHiSD,0.0005011872336272725,0.002,2000000,239,-0.6546875000000001,1.340625,completed,0.06601892904573288,0.1840409417565298,9.995893476041646e-07,-1005.136368416222,762.7328996136451,22110,success_index1,S_L,gradient_tolerance,,raw_state_verified,run.py:numpy-batch
SI-pHiSD,0.0005011872336272725,0.002,2000000,36,-0.7578125,1.228125,completed,0.0660189290209417,0.18404094175565566,9.991155997148207e-07,-1005.1363684153258,762.7328995820724,22121,success_index1,S_L,gradient_tolerance,,raw_state_verified,run.py:numpy-batch
SI-pHiSD,0.0005011872336272725,0.002,2000000,205,-0.6734375,1.321875,completed,0.06601892904033559,0.18404094175663763,9.997105869006804e-07,-1005.1363684172395,762.7328996065104,22122,success_index1,S_L,gradient_tolerance,,raw_state_verified,run.py:numpy-batch
SI-pHiSD,0.0005011872336272725,0.002,2000000,374,-0.5890625,1.415625,completed,0.06601892906391804,0.1840409417563644,9.995188906970832e-07,-1005.1363684135969,762.7328996375129,22122,success_index1,S_L,gradient_tolerance,,raw_state_verified,run.py:numpy-batch
SI-pHiSD,0.0005011872336272725,0.002,2000000,509,-0.5234375,1.4906249999999999,completed,0.06601892908524858,0.18404094175544852,9.991268032017285e-07,-1005.1363684075818,762.7328996661415,22130,success_index1,S_L,gradient_tolerance,,raw_state_verified,run.py:numpy-batch
SI-pHiSD,0.0005011872336272725,0.002,2000000,2,-0.7765625,1.2093749999999999,completed,0.06601892901575836,0.18404094175592092,9.994720737151518e-07,-1005.1363684169614,762.7328995750782,22131,success_index1,S_L,gradient_tolerance,,raw_state_verified,run.py:numpy-batch
SI-pHiSD,0.0005011872336272725,0.002,2000000,171,-0.6921875000000001,1.3031249999999999,completed,0.06601892903668928,0.18404094175667135,9.99770475786285e-07,-1005.1363684177683,762.7328996017242,22136,success_index1,S_L,gradient_tolerance,,raw_state_verified,run.py:numpy-batch
SI-pHiSD,0.0005011872336272725,0.002,2000000,340,-0.6078125000000001,1.3968749999999999,completed,0.06601892905846446,0.18404094175642163,9.995202850916254e-07,-1005.1363684144151,762.7328996303488,22136,success_index1,S_L,gradient_tolerance,,raw_state_verified,run.py:numpy-batch
SI-pHiSD,0.0005011872336272725,0.002,2000000,475,-0.5421875,1.4718749999999998,completed,0.06601892907881371,0.18404094175656355,9.99941387568949e-07,-1005.1363684128087,762.7328996567696,22144,success_index1,S_L,gradient_tolerance,,raw_state_verified,run.py:numpy-batch
SI-pHiSD,0.0005011872336272725,0.002,2000000,137,-0.7109375,1.284375,completed,0.0660189290303687,0.18404094175589947,9.991635099033545e-07,-1005.1363684153064,762.7328995941559,22147,success_index1,S_L,gradient_tolerance,,raw_state_verified,run.py:numpy-batch
SI-pHiSD,0.0005011872336272725,0.002,2000000,306,-0.6265625,1.378125,completed,0.06601892905328954,0.18404094175675134,9.997850355487092e-07,-1005.1363684163122,762.7328996233086,22150,success_index1,S_L,gradient_tolerance,,raw_state_verified,run.py:numpy-batch
SI-pHiSD,0.0005011872336272725,0.002,2000000,103,-0.7296875,1.265625,completed,0.06601892902592575,0.18404094175604022,9.99359128466577e-07,-1005.1363684163557,762.7328995882365,22159,success_index1,S_L,gradient_tolerance,,raw_state_verified,run.py:numpy-batch
SI-pHiSD,0.0005011872336272725,0.002,2000000,441,-0.5609375000000001,1.453125,completed,0.06601892907245736,0.1840409417566246,9.998686626439917e-07,-1005.1363684137397,762.732899648424,22159,success_index1,S_L,gradient_tolerance,,raw_state_verified,run.py:numpy-batch
SI-pHiSD,0.0005011872336272725,0.002,2000000,272,-0.6453125000000001,1.359375,completed,0.06601892904695979,0.18404094175595917,9.990834347211314e-07,-1005.1363684137689,762.732899615746,22163,success_index1,S_L,gradient_tolerance,,raw_state_verified,run.py:numpy-batch
SI-pHiSD,0.0005011872336272725,0.002,2000000,69,-0.7484375000000001,1.246875,completed,0.06601892902016288,0.18404094175588145,9.993327285416118e-07,-1005.1363684163283,762.7328995808581,22169,success_index1,S_L,gradient_tolerance,,raw_state_verified,run.py:numpy-batch
SI-pHiSD,0.0005011872336272725,0.002,2000000,407,-0.5796875,1.434375,completed,0.0660189290670085,0.184040941756685,9.998378551098567e-07,-1005.1363684145698,762.7328996412634,22175,success_index1,S_L,gradient_tolerance,,raw_state_verified,run.py:numpy-batch
SI-pHiSD,0.0005011872336272725,0.002,2000000,238,-0.6640625,1.340625,completed,0.06601892904178813,0.1840409417562689,9.993758685946726e-07,-1005.1363684155833,762.7328996087285,22176,success_index1,S_L,gradient_tolerance,,raw_state_verified,run.py:numpy-batch
SI-pHiSD,0.0005011872336272725,0.002,2000000,35,-0.7671875,1.228125,completed,0.06601892901707267,0.18404094175633487,9.998068453189258e-07,-1005.1363684185047,762.7328995764293,22182,success_index1,S_L,gradient_tolerance,,raw_state_verified,run.py:numpy-batch
SI-pHiSD,0.0005011872336272725,0.002,2000000,204,-0.6828125,1.321875,completed,0.06601892903790904,0.18404094175686825,9.999332564094817e-07,-1005.1363684184385,762.7328996031426,22190,success_index1,S_L,gradient_tolerance,,raw_state_verified,run.py:numpy-batch
SI-pHiSD,0.0005011872336272725,0.002,2000000,373,-0.5984375000000001,1.415625,completed,0.06601892906205578,0.1840409417563738,9.995079016507935e-07,-1005.1363684138356,762.7328996350751,22192,success_index1,S_L,gradient_tolerance,,raw_state_verified,run.py:numpy-batch
SI-pHiSD,0.0005011872336272725,0.002,2000000,1,-0.7859375000000001,1.2093749999999999,completed,0.06601892901254484,0.18404094175637642,9.999621024087524e-07,-1005.1363684191597,762.7328995704867,22193,success_index1,S_L,gradient_tolerance,,raw_state_verified,run.py:numpy-batch
SI-pHiSD,0.0005011872336272725,0.002,2000000,508,-0.5328125000000001,1.4906249999999999,completed,0.06601892908227858,0.18404094175606278,9.99585495864359e-07,-1005.1363684103997,762.7328996617285,22196,success_index1,S_L,gradient_tolerance,,raw_state_verified,run.py:numpy-batch
SI-pHiSD,0.0005011872336272725,0.002,2000000,170,-0.7015625000000001,1.3031249999999999,completed,0.06601892903164254,0.18404094175663346,9.997953342318178e-07,-1005.1363684181556,762.7328995951738,22201,success_index1,S_L,gradient_tolerance,,raw_state_verified,run.py:numpy-batch
SI-pHiSD,0.0005011872336272725,0.002,2000000,339,-0.6171875,1.3968749999999999,completed,0.06601892905568457,0.1840409417564297,9.995111757701864e-07,-1005.1363684147468,762.7328996267149,22206,success_index1,S_L,gradient_tolerance,,raw_state_verified,run.py:numpy-batch
SI-pHiSD,0.0005011872336272725,0.002,2000000,136,-0.7203125,1.284375,completed,0.06601892902653127,0.18404094175659536,9.99840278359921e-07,-1005.1363684185492,762.7328995885398,22213,success_index1,S_L,gradient_tolerance,,raw_state_verified,run.py:numpy-batch
SI-pHiSD,0.0005011872336272725,0.002,2000000,474,-0.5515625000000001,1.4718749999999998,completed,0.06601892907625138,0.18404094175593347,9.993353631642013e-07,-1005.1363684105198,762.7328996539794,22214,success_index1,S_L,gradient_tolerance,,raw_state_verified,run.py:numpy-batch
SI-pHiSD,0.0005011872336272725,0.002,2000000,356,-0.7578125,1.415625,completed,1.2097046403388743,4.85154697347,21065250409.940823,1988026869.735377,186478999413.19702,22221,state_safeguard,U,state_safeguard,source_norm2_gt_5,raw_state_verified,run.py:numpy-batch
SI-pHiSD,0.0005011872336272725,0.002,2000000,305,-0.6359375,1.378125,completed,0.06601892905064646,0.18404094175600094,9.991190037768225e-07,-1005.1363684135422,762.732899620519,22222,success_index1,S_L,gradient_tolerance,,raw_state_verified,run.py:numpy-batch
SI-pHiSD,0.0005011872336272725,0.002,2000000,102,-0.7390625000000001,1.265625,completed,0.06601892902166635,0.1840409417563363,9.997038390057378e-07,-1005.1363684180178,762.7328995824206,22225,success_index1,S_L,gradient_tolerance,,raw_state_verified,run.py:numpy-batch
SI-pHiSD,0.0005011872336272725,0.002,2000000,440,-0.5703125,1.453125,completed,0.06601892906986637,0.18404094175595304,9.992372849624181e-07,-1005.1363684112855,762.7328996456328,22231,success_index1,S_L,gradient_tolerance,,raw_state_verified,run.py:numpy-batch
SI-pHiSD,0.0005011872336272725,0.002,2000000,68,-0.7578125,1.246875,completed,0.06601892901583907,0.18404094175601907,9.995571628922598e-07,-1005.1363684173518,762.7328995750972,22235,success_index1,S_L,gradient_tolerance,,raw_state_verified,run.py:numpy-batch
SI-pHiSD,0.0005011872336272725,0.002,2000000,271,-0.6546875000000001,1.359375,completed,0.06601892904441212,0.184040941756185,9.99289497789223e-07,-1005.1363684149605,762.7328996122249,22235,success_index1,S_L,gradient_tolerance,,raw_state_verified,run.py:numpy-batch
SI-pHiSD,0.0005011872336272725,0.002,2000000,34,-0.7765625,1.228125,completed,0.06601892901113797,0.1840409417558846,9.995649834865614e-07,-1005.1363684173097,762.7328995690825,22246,success_index1,S_L,gradient_tolerance,,raw_state_verified,run.py:numpy-batch
SI-pHiSD,0.0005011872336272725,0.002,2000000,237,-0.6734375,1.340625,completed,0.06601892903829516,0.1840409417566325,9.997216423068323e-07,-1005.1363684174382,762.732899603853,22247,success_index1,S_L,gradient_tolerance,,raw_state_verified,run.py:numpy-batch
SI-pHiSD,0.0005011872336272725,0.002,2000000,406,-0.5890625,1.434375,completed,0.06601892906353198,0.18404094175618585,9.993578718952904e-07,-1005.1363684129122,762.7328996371659,22247,success_index1,S_L,gradient_tolerance,,raw_state_verified,run.py:numpy-batch
SI-pHiSD,0.0005011872336272725,0.002,2000000,0,-0.7953125000000001,1.2093749999999999,completed,0.0660189290077157,0.1840409417552699,9.991214825653751e-07,-1005.1363684151759,762.7328995651573,22259,success_index1,S_L,gradient_tolerance,,raw_state_verified,run.py:numpy-batch
SI-pHiSD,0.0005011872336272725,0.002,2000000,94,-0.5140625000000001,1.246875,completed,0.06601892947425564,0.18404094166536464,9.992440848490423e-07,-1005.1363679993206,762.7329002525747,22260,success_index1,S_L,gradient_tolerance,,raw_state_verified,run.py:numpy-batch
SI-pHiSD,0.0005011872336272725,0.002,2000000,203,-0.6921875000000001,1.321875,completed,0.06601892903280807,0.18404094175660574,9.997556055088173e-07,-1005.1363684179179,762.732899596719,22260,success_index1,S_L,gradient_tolerance,,raw_state_verified,run.py:numpy-batch
SI-pHiSD,0.0005011872336272725,0.002,2000000,372,-0.6078125000000001,1.415625,completed,0.06601892905921872,0.18404094175627891,9.99400261735047e-07,-1005.1363684137541,762.7328996314574,22266,success_index1,S_L,gradient_tolerance,,raw_state_verified,run.py:numpy-batch
SI-pHiSD,0.0005011872336272725,0.002,2000000,507,-0.5421875,1.4906249999999999,completed,0.06601892908039902,0.1840409417563716,9.998098308528356e-07,-1005.1363684118576,762.732899659006,22269,success_index1,S_L,gradient_tolerance,,raw_state_verified,run.py:numpy-batch
SI-pHiSD,0.0005011872336272725,0.002,2000000,169,-0.7109375,1.3031249999999999,completed,0.06601892902837599,0.1840409417557597,9.990697159991086e-07,-1005.1363684149514,762.7328995916787,22275,success_index1,S_L,gradient_tolerance,,raw_state_verified,run.py:numpy-batch
SI-pHiSD,0.0005011872336272725,0.002,2000000,338,-0.6265625,1.3968749999999999,completed,0.06601892905176412,0.18404094175616711,9.99267006436378e-07,-1005.136368414099,762.732899621831,22280,success_index1,S_L,gradient_tolerance,,raw_state_verified,run.py:numpy-batch
SI-pHiSD,0.0005011872336272725,0.002,2000000,135,-0.7296875,1.284375,completed,0.06601892902185573,0.18404094175566854,9.991078064252618e-07,-1005.1363684152805,762.732899583253,22285,success_index1,S_L,gradient_tolerance,,raw_state_verified,run.py:numpy-batch
SI-pHiSD,0.0005011872336272725,0.002,2000000,473,-0.5609375000000001,1.4718749999999998,completed,0.06601892907219829,0.18404094175638705,9.996560310456189e-07,-1005.1363684128007,762.7328996482945,22286,success_index1,S_L,gradient_tolerance,,raw_state_verified,run.py:numpy-batch
SI-pHiSD,0.0005011872336272725,0.002,2000000,304,-0.6453125000000001,1.378125,completed,0.06601892904622651,0.1840409417569938,9.999972177501456e-07,-1005.1363684180566,762.7328996138824,22295,success_index1,S_L,gradient_tolerance,,raw_state_verified,run.py:numpy-batch
SI-pHiSD,0.0005011872336272725,0.002,2000000,101,-0.7484375000000001,1.265625,completed,0.06601892901671907,0.1840409417559573,9.994803807622825e-07,-1005.1363684170066,762.7328995762992,22296,success_index1,S_L,gradient_tolerance,,raw_state_verified,run.py:numpy-batch
SI-pHiSD,0.0005011872336272725,0.002,2000000,439,-0.5796875,1.453125,completed,0.06601892906616176,0.1840409417567398,9.998749563740785e-07,-1005.1363684148843,762.7328996401103,22305,success_index1,S_L,gradient_tolerance,,raw_state_verified,run.py:numpy-batch
SI-pHiSD,0.0005011872336272725,0.002,2000000,67,-0.7671875,1.246875,completed,0.0660189290120061,0.1840409417560462,9.996838598975203e-07,-1005.1363684178741,762.7328995700731,22307,success_index1,S_L,gradient_tolerance,,raw_state_verified,run.py:numpy-batch
SI-pHiSD,0.0005011872336272725,0.002,2000000,270,-0.6640625,1.359375,completed,0.06601892904018206,0.1840409417564793,9.995718157543623e-07,-1005.136368416612,762.7328996064488,22310,success_index1,S_L,gradient_tolerance,,raw_state_verified,run.py:numpy-batch
SI-pHiSD,0.0005011872336272725,0.002,2000000,457,-0.7109375,1.4718749999999998,completed,1.208188380586745,4.851867655873546,20934612306.997055,1976144013.2493825,185290478661.07788,22318,state_safeguard,U,state_safeguard,source_norm2_gt_5,raw_state_verified,run.py:numpy-batch
SI-pHiSD,0.0005011872336272725,0.002,2000000,33,-0.7859375000000001,1.228125,completed,0.0660189290074866,0.18404094175590682,9.99695123711228e-07,-1005.1363684177915,762.7328995643,22318,success_index1,S_L,gradient_tolerance,,raw_state_verified,run.py:numpy-batch
SI-pHiSD,0.0005011872336272725,0.002,2000000,236,-0.6828125,1.340625,completed,0.06601892903592617,0.18404094175596067,9.991499145289652e-07,-1005.1363684149586,762.7328996013517,22327,success_index1,S_L,gradient_tolerance,,raw_state_verified,run.py:numpy-batch
SI-pHiSD,0.0005011872336272725,0.002,2000000,405,-0.5984375000000001,1.434375,completed,0.06601892906163756,0.18404094175599947,9.991751287819758e-07,-1005.1363684123573,762.7328996348581,22327,success_index1,S_L,gradient_tolerance,,raw_state_verified,run.py:numpy-batch
SI-pHiSD,0.0005011872336272725,0.002,2000000,202,-0.7015625000000001,1.321875,completed,0.06601892902896002,0.18404094175626723,9.99509941749276e-07,-1005.1363684169539,762.7328995919955,22338,success_index1,S_L,gradient_tolerance,,raw_state_verified,run.py:numpy-batch
SI-pHiSD,0.0005011872336272725,0.002,2000000,371,-0.6171875,1.415625,completed,0.06601892905514466,0.18404094175643257,9.995112450714216e-07,-1005.1363684148165,762.732899626008,22344,success_index1,S_L,gradient_tolerance,,raw_state_verified,run.py:numpy-batch
SI-pHiSD,0.0005011872336272725,0.002,2000000,506,-0.5515625000000001,1.4906249999999999,completed,0.0660189290764961,0.18404094175589067,9.993029761542374e-07,-1005.1363684103196,762.7328996543364,22346,success_index1,S_L,gradient_tolerance,,raw_state_verified,run.py:numpy-batch
SI-pHiSD,0.0005011872336272725,0.002,2000000,168,-0.7203125,1.3031249999999999,completed,0.06601892902425302,0.18404094175618085,9.995144261978645e-07,-1005.1363684171072,762.7328995859311,22352,success_index1,S_L,gradient_tolerance,,raw_state_verified,run.py:numpy-batch
SI-pHiSD,0.0005011872336272725,0.002,2000000,337,-0.6359375,1.3968749999999999,completed,0.06601892904999591,0.18404094175625615,9.993433324835188e-07,-1005.1363684146512,762.7328996194464,22363,success_index1,S_L,gradient_tolerance,,raw_state_verified,run.py:numpy-batch
SI-pHiSD,0.0005011872336272725,0.002,2000000,134,-0.7390625000000001,1.284375,completed,0.06601892901985429,0.18404094175636249,9.99766290844572e-07,-1005.1363684183184,762.7328995800339,22365,success_index1,S_L,gradient_tolerance,,raw_state_verified,run.py:numpy-batch
SI-pHiSD,0.0005011872336272725,0.002,2000000,472,-0.5703125,1.4718749999999998,completed,0.06601892907006529,0.18404094175647934,9.9970178389657e-07,-1005.1363684134052,762.732899645431,22367,success_index1,S_L,gradient_tolerance,,raw_state_verified,run.py:numpy-batch
SI-pHiSD,0.0005011872336272725,0.002,2000000,100,-0.7578125,1.265625,completed,0.06601892901323887,0.18404094175558725,9.992419780894699e-07,-1005.1363684158745,762.732899572084,22375,success_index1,S_L,gradient_tolerance,,raw_state_verified,run.py:numpy-batch
SI-pHiSD,0.0005011872336272725,0.002,2000000,303,-0.6546875000000001,1.378125,completed,0.06601892904323124,0.18404094175594085,9.990789617010012e-07,-1005.1363684140944,762.7328996108981,22379,success_index1,S_L,gradient_tolerance,,raw_state_verified,run.py:numpy-batch
SI-pHiSD,0.0005011872336272725,0.002,2000000,66,-0.7765625,1.246875,completed,0.0660189290076613,0.18404094175524574,9.991017311590412e-07,-1005.1363684150832,762.7328995651073,22385,success_index1,S_L,gradient_tolerance,,raw_state_verified,run.py:numpy-batch
SI-pHiSD,0.0005011872336272725,0.002,2000000,438,-0.5890625,1.453125,completed,0.06601892906417427,0.18404094175580796,9.990332355443706e-07,-1005.1363684113056,762.7328996383349,22390,success_index1,S_L,gradient_tolerance,,raw_state_verified,run.py:numpy-batch
SI-pHiSD,0.0005011872336272725,0.002,2000000,269,-0.6734375,1.359375,completed,0.0660189290368695,0.18404094175680505,9.998869206653477e-07,-1005.1363684182928,762.7328996018421,22393,success_index1,S_L,gradient_tolerance,,raw_state_verified,run.py:numpy-batch
SI-pHiSD,0.0005011872336272725,0.002,2000000,32,-0.7953125000000001,1.228125,completed,0.06601892900282658,0.18404094175585106,9.99800981703521e-07,-1005.1363684180651,762.73289955827,22394,success_index1,S_L,gradient_tolerance,,raw_state_verified,run.py:numpy-batch
SI-pHiSD,0.0005011872336272725,0.002,2000000,235,-0.6921875000000001,1.340625,completed,0.06601892903173988,0.1840409417566946,9.998481090713668e-07,-1005.1363684183943,762.732899595247,22409,success_index1,S_L,gradient_tolerance,,raw_state_verified,run.py:numpy-batch
SI-pHiSD,0.0005011872336272725,0.002,2000000,404,-0.6078125000000001,1.434375,completed,0.06601892905830747,0.1840409417568415,9.998883690763916e-07,-1005.1363684161407,762.7328996297756,22410,success_index1,S_L,gradient_tolerance,,raw_state_verified,run.py:numpy-batch
SI-pHiSD,0.0005011872336272725,0.002,2000000,390,-0.7390625000000001,1.434375,completed,1.2092755526702679,4.851644504419283,21029174795.422005,1984746933.3038213,186150733036.27728,22417,state_safeguard,U,state_safeguard,source_norm2_gt_5,raw_state_verified,run.py:numpy-batch
SI-pHiSD,0.0005011872336272725,0.002,2000000,201,-0.7109375,1.321875,completed,0.06601892902684729,0.18404094175604346,9.99346069641897e-07,-1005.1363684162699,762.7328995894358,22425,success_index1,S_L,gradient_tolerance,,raw_state_verified,run.py:numpy-batch
SI-pHiSD,0.0005011872336272725,0.002,2000000,370,-0.6265625,1.415625,completed,0.0660189290513441,0.18404094175667107,9.997100904327247e-07,-1005.1363684161944,762.7328996208414,22429,success_index1,S_L,gradient_tolerance,,raw_state_verified,run.py:numpy-batch
SI-pHiSD,0.0005011872336272725,0.002,2000000,505,-0.5609375000000001,1.4906249999999999,completed,0.06601892907315104,0.18404094175639304,9.996781193130768e-07,-1005.1363684127234,762.7328996495316,22429,success_index1,S_L,gradient_tolerance,,raw_state_verified,run.py:numpy-batch
SI-pHiSD,0.0005011872336272725,0.002,2000000,167,-0.7296875,1.3031249999999999,completed,0.0660189290211105,0.18404094175581817,9.992561242713487e-07,-1005.136368415969,762.7328995821499,22438,success_index1,S_L,gradient_tolerance,,raw_state_verified,run.py:numpy-batch
SI-pHiSD,0.0005011872336272725,0.002,2000000,336,-0.6453125000000001,1.3968749999999999,completed,0.06601892904505804,0.18404094175589575,9.99032149628269e-07,-1005.1363684137145,762.732899613321,22449,success_index1,S_L,gradient_tolerance,,raw_state_verified,run.py:numpy-batch
SI-pHiSD,0.0005011872336272725,0.002,2000000,133,-0.7484375000000001,1.284375,completed,0.0660189290162244,0.18404094175638247,9.998700496840984e-07,-1005.1363684187895,762.7328995752812,22450,success_index1,S_L,gradient_tolerance,,raw_state_verified,run.py:numpy-batch
SI-pHiSD,0.0005011872336272725,0.002,2000000,471,-0.5796875,1.4718749999999998,completed,0.0660189290687411,0.1840409417558096,9.990943964818708e-07,-1005.1363684108222,762.7328996442908,22457,success_index1,S_L,gradient_tolerance,,raw_state_verified,run.py:numpy-batch
SI-pHiSD,0.0005011872336272725,0.002,2000000,99,-0.7671875,1.265625,completed,0.06601892900912903,0.18404094175572863,9.994857987667834e-07,-1005.1363684168903,762.7328995665989,22459,success_index1,S_L,gradient_tolerance,,raw_state_verified,run.py:numpy-batch
SI-pHiSD,0.0005011872336272725,0.002,2000000,302,-0.6640625,1.378125,completed,0.06601892903965374,0.18404094175600885,9.991601412762315e-07,-1005.1363684147548,762.732899606172,22468,success_index1,S_L,gradient_tolerance,,raw_state_verified,run.py:numpy-batch
SI-pHiSD,0.0005011872336272725,0.002,2000000,65,-0.7859375000000001,1.246875,completed,0.06601892900510098,0.1840409417553928,9.99315293488281e-07,-1005.1363684159566,762.7328995616384,22471,success_index1,S_L,gradient_tolerance,,raw_state_verified,run.py:numpy-batch
SI-pHiSD,0.0005011872336272725,0.002,2000000,437,-0.5984375000000001,1.453125,completed,0.06601892906198557,0.18404094175633556,9.994736361307141e-07,-1005.136368413687,762.7328996350175,22480,success_index1,S_L,gradient_tolerance,,raw_state_verified,run.py:numpy-batch
SI-pHiSD,0.0005011872336272725,0.002,2000000,268,-0.6828125,1.359375,completed,0.06601892903491793,0.1840409417566325,9.997544179203204e-07,-1005.1363684178004,762.7328995994475,22486,success_index1,S_L,gradient_tolerance,,raw_state_verified,run.py:numpy-batch
SI-pHiSD,0.0005011872336272725,0.002,2000000,234,-0.7015625000000001,1.340625,completed,0.06601892902836318,0.18404094175573993,9.990524272566158e-07,-1005.1363684148721,762.7328995916796,22502,success_index1,S_L,gradient_tolerance,,raw_state_verified,run.py:numpy-batch
SI-pHiSD,0.0005011872336272725,0.002,2000000,403,-0.6171875,1.434375,completed,0.06601892905522745,0.18404094175685046,9.998793280800676e-07,-1005.1363684165076,762.7328996257495,22502,success_index1,S_L,gradient_tolerance,,raw_state_verified,run.py:numpy-batch
SI-pHiSD,0.0005011872336272725,0.002,2000000,200,-0.7203125,1.321875,completed,0.06601892902329048,0.1840409417561491,9.99504839981155e-07,-1005.1363684170819,762.7328995847032,22517,success_index1,S_L,gradient_tolerance,,raw_state_verified,run.py:numpy-batch
SI-pHiSD,0.0005011872336272725,0.002,2000000,504,-0.5703125,1.4906249999999999,completed,0.06601892907146958,0.18404094175627328,9.995439454723752e-07,-1005.1363684124162,762.7328996474434,22522,success_index1,S_L,gradient_tolerance,,raw_state_verified,run.py:numpy-batch
SI-pHiSD,0.0005011872336272725,0.002,2000000,369,-0.6359375,1.415625,completed,0.06601892904821292,0.18404094175629002,9.993734449508774e-07,-1005.1363684149804,762.7328996170905,22524,success_index1,S_L,gradient_tolerance,,raw_state_verified,run.py:numpy-batch
SI-pHiSD,0.0005011872336272725,0.002,2000000,166,-0.7390625000000001,1.3031249999999999,completed,0.06601892901633531,0.18404094175559144,9.991650969231225e-07,-1005.1363684155588,762.7328995761196,22529,success_index1,S_L,gradient_tolerance,,raw_state_verified,run.py:numpy-batch
SI-pHiSD,0.0005011872336272725,0.002,2000000,132,-0.7578125,1.284375,completed,0.06601892901099772,0.18404094175573976,9.99440352341273e-07,-1005.1363684167351,762.7328995690269,22541,success_index1,S_L,gradient_tolerance,,raw_state_verified,run.py:numpy-batch
SI-pHiSD,0.0005011872336272725,0.002,2000000,335,-0.6546875000000001,1.3968749999999999,completed,0.06601892904267362,0.18404094175626592,9.993684810367716e-07,-1005.1363684154766,762.732899609886,22546,success_index1,S_L,gradient_tolerance,,raw_state_verified,run.py:numpy-batch
SI-pHiSD,0.0005011872336272725,0.002,2000000,470,-0.5890625,1.4718749999999998,completed,0.06601892906543196,0.18404094175610267,9.99306735540362e-07,-1005.1363684123695,762.7328996397174,22551,success_index1,S_L,gradient_tolerance,,raw_state_verified,run.py:numpy-batch
SI-pHiSD,0.0005011872336272725,0.002,2000000,98,-0.7765625,1.265625,completed,0.06601892900740247,0.18404094175584687,9.99644460711896e-07,-1005.1363684175564,762.7328995642429,22554,success_index1,S_L,gradient_tolerance,,raw_state_verified,run.py:numpy-batch
SI-pHiSD,0.0005011872336272725,0.002,2000000,64,-0.7953125000000001,1.246875,completed,0.0660189290006745,0.18404094175507812,9.991899807244812e-07,-1005.1363684151513,762.7328995561403,22562,success_index1,S_L,gradient_tolerance,,raw_state_verified,run.py:numpy-batch
SI-pHiSD,0.0005011872336272725,0.002,2000000,301,-0.6734375,1.378125,completed,0.06601892903646277,0.18404094175591967,9.991083773396463e-07,-1005.1363684147345,762.7328996020875,22566,success_index1,S_L,gradient_tolerance,,raw_state_verified,run.py:numpy-batch
SI-pHiSD,0.0005011872336272725,0.002,2000000,436,-0.6078125000000001,1.453125,completed,0.06601892905855607,0.18404094175653893,9.996240365277721e-07,-1005.1363684148824,762.7328996303654,22577,success_index1,S_L,gradient_tolerance,,raw_state_verified,run.py:numpy-batch
SI-pHiSD,0.0005011872336272725,0.002,2000000,267,-0.6921875000000001,1.359375,completed,0.06601892903146767,0.1840409417567081,9.998637559384467e-07,-1005.1363684184781,762.7328995948802,22585,success_index1,S_L,gradient_tolerance,,raw_state_verified,run.py:numpy-batch
SI-pHiSD,0.0005011872336272725,0.002,2000000,233,-0.7109375,1.340625,completed,0.06601892902500724,0.1840409417560225,9.993599699314212e-07,-1005.1363684163823,762.732899587054,22602,success_index1,S_L,gradient_tolerance,,raw_state_verified,run.py:numpy-batch
SI-pHiSD,0.0005011872336272725,0.002,2000000,402,-0.6265625,1.434375,completed,0.06601892905154673,0.18404094175598285,9.99104338590099e-07,-1005.1363684133725,762.7328996217091,22603,success_index1,S_L,gradient_tolerance,,raw_state_verified,run.py:numpy-batch
SI-pHiSD,0.0005011872336272725,0.002,2000000,289,-0.7859375000000001,1.378125,completed,1.2102119005130516,4.8513949038779565,21102638634.45416,1991418847.3532965,186819439092.59094,22610,state_safeguard,U,state_safeguard,source_norm2_gt_5,raw_state_verified,run.py:numpy-batch
SI-pHiSD,0.0005011872336272725,0.002,2000000,199,-0.7296875,1.321875,completed,0.06601892902045522,0.18404094175606814,9.994919059940678e-07,-1005.1363684170566,762.7328995810757,22619,success_index1,S_L,gradient_tolerance,,raw_state_verified,run.py:numpy-batch
SI-pHiSD,0.0005011872336272725,0.002,2000000,503,-0.5796875,1.4906249999999999,completed,0.066018929069878,0.18404094175677357,9.999567998489994e-07,-1005.1363684146226,762.7328996449287,22623,success_index1,S_L,gradient_tolerance,,raw_state_verified,run.py:numpy-batch
SI-pHiSD,0.0005011872336272725,0.002,2000000,368,-0.6453125000000001,1.415625,completed,0.06601892904614205,0.1840409417569365,9.999468873055073e-07,-1005.1363684178324,762.7328996138227,22628,success_index1,S_L,gradient_tolerance,,raw_state_verified,run.py:numpy-batch
SI-pHiSD,0.0005011872336272725,0.002,2000000,165,-0.7484375000000001,1.3031249999999999,completed,0.06601892901371681,0.1840409417561539,9.997323167391487e-07,-1005.1363684181285,762.7328995722106,22631,success_index1,S_L,gradient_tolerance,,raw_state_verified,run.py:numpy-batch
SI-pHiSD,0.0005011872336272725,0.002,2000000,131,-0.7671875,1.284375,completed,0.06601892900790761,0.18404094175575986,9.99551171149579e-07,-1005.1363684171488,762.7328995649777,22643,success_index1,S_L,gradient_tolerance,,raw_state_verified,run.py:numpy-batch
SI-pHiSD,0.0005011872336272725,0.002,2000000,334,-0.6640625,1.3968749999999999,completed,0.06601892903901375,0.18404094175624097,9.993699535319234e-07,-1005.1363684157675,762.7328996051338,22651,success_index1,S_L,gradient_tolerance,,raw_state_verified,run.py:numpy-batch
SI-pHiSD,0.0005011872336272725,0.002,2000000,97,-0.7859375000000001,1.265625,completed,0.0660189290030563,0.18404094175582456,9.99769350565068e-07,-1005.1363684179323,762.732899558593,22654,success_index1,S_L,gradient_tolerance,,raw_state_verified,run.py:numpy-batch
SI-pHiSD,0.0005011872336272725,0.002,2000000,469,-0.5984375000000001,1.4718749999999998,completed,0.0660189290631116,0.18404094175652652,9.996526337362156e-07,-1005.1363684143431,762.7328996363187,22655,success_index1,S_L,gradient_tolerance,,raw_state_verified,run.py:numpy-batch
SI-pHiSD,0.0005011872336272725,0.002,2000000,300,-0.6828125,1.378125,completed,0.0660189290339848,0.18404094175586558,9.990868508209533e-07,-1005.1363684147801,762.7328995989026,22675,success_index1,S_L,gradient_tolerance,,raw_state_verified,run.py:numpy-batch
SI-pHiSD,0.0005011872336272725,0.002,2000000,435,-0.6171875,1.453125,completed,0.06601892905601851,0.18404094175589275,9.99040437320793e-07,-1005.1363684125262,762.7328996276216,22686,success_index1,S_L,gradient_tolerance,,raw_state_verified,run.py:numpy-batch
SI-pHiSD,0.0005011872336272725,0.002,2000000,491,-0.6921875000000001,1.4906249999999999,completed,1.2076369852156148,4.852034360170175,20894527433.82791,1972506791.6960516,184925550243.79626,22693,state_safeguard,U,state_safeguard,source_norm2_gt_5,raw_state_verified,run.py:numpy-batch
SI-pHiSD,0.0005011872336272725,0.002,2000000,266,-0.7015625000000001,1.359375,completed,0.0660189290288145,0.1840409417561256,9.99386802403719e-07,-1005.1363684163931,762.7328995919299,22696,success_index1,S_L,gradient_tolerance,,raw_state_verified,run.py:numpy-batch
SI-pHiSD,0.0005011872336272725,0.002,2000000,232,-0.7203125,1.340625,completed,0.06601892902121953,0.18404094175589664,9.993233690822862e-07,-1005.1363684162761,762.7328995822235,22712,success_index1,S_L,gradient_tolerance,,raw_state_verified,run.py:numpy-batch
SI-pHiSD,0.0005011872336272725,0.002,2000000,401,-0.6359375,1.434375,completed,0.06601892904883884,0.18404094175697297,9.99974914289543e-07,-1005.136368417692,762.7328996173085,22713,success_index1,S_L,gradient_tolerance,,raw_state_verified,run.py:numpy-batch
SI-pHiSD,0.0005011872336272725,0.002,2000000,424,-0.7203125,1.453125,completed,1.2087817988241414,4.851755839366692,20987615204.18972,1980968010.5544095,185772588871.79453,22715,state_safeguard,U,state_safeguard,source_norm2_gt_5,raw_state_verified,run.py:numpy-batch
SI-pHiSD,0.0005011872336272725,0.002,2000000,198,-0.7390625000000001,1.321875,completed,0.06601892901634385,0.18404094175563404,9.992026873333289e-07,-1005.1363684157313,762.7328995760932,22730,success_index1,S_L,gradient_tolerance,,raw_state_verified,run.py:numpy-batch
SI-pHiSD,0.0005011872336272725,0.002,2000000,502,-0.5890625,1.4906249999999999,completed,0.06601892906599342,0.18404094175680907,9.999336330366544e-07,-1005.136368415184,762.7328996398301,22731,success_index1,S_L,gradient_tolerance,,raw_state_verified,run.py:numpy-batch
SI-pHiSD,0.0005011872336272725,0.002,2000000,367,-0.6546875000000001,1.415625,completed,0.06601892904290217,0.18404094175681454,9.998514996414342e-07,-1005.136368417684,762.7328996097032,22742,success_index1,S_L,gradient_tolerance,,raw_state_verified,run.py:numpy-batch
SI-pHiSD,0.0005011872336272725,0.002,2000000,164,-0.7578125,1.3031249999999999,completed,0.06601892900991427,0.18404094175558347,9.993332163687451e-07,-1005.1363684162156,762.7328995677503,22743,success_index1,S_L,gradient_tolerance,,raw_state_verified,run.py:numpy-batch
SI-pHiSD,0.0005011872336272725,0.002,2000000,130,-0.7765625,1.284375,completed,0.06601892900447569,0.184040941755644,9.995598433292123e-07,-1005.1363684170452,762.7328995606028,22755,success_index1,S_L,gradient_tolerance,,raw_state_verified,run.py:numpy-batch
SI-pHiSD,0.0005011872336272725,0.002,2000000,96,-0.7953125000000001,1.265625,completed,0.06601892900009322,0.18404094175494262,9.99090665658017e-07,-1005.1363684146623,762.7328995555007,22767,success_index1,S_L,gradient_tolerance,,raw_state_verified,run.py:numpy-batch
SI-pHiSD,0.0005011872336272725,0.002,2000000,468,-0.6078125000000001,1.4718749999999998,completed,0.06601892905887802,0.1840409417560704,9.992144494083888e-07,-1005.1363684129423,762.7328996311958,22768,success_index1,S_L,gradient_tolerance,,raw_state_verified,run.py:numpy-batch
SI-pHiSD,0.0005011872336272725,0.002,2000000,333,-0.6734375,1.3968749999999999,completed,0.06601892903757878,0.18404094175665534,9.997480447171527e-07,-1005.1363684176074,762.7328996028986,22770,success_index1,S_L,gradient_tolerance,,raw_state_verified,run.py:numpy-batch
SI-pHiSD,0.0005011872336272725,0.002,2000000,323,-0.7671875,1.3968749999999999,completed,1.2099180642714156,4.85145754294229,21077277140.946148,1989112372.5248327,186588676705.86133,22786,state_safeguard,U,state_safeguard,source_norm2_gt_5,raw_state_verified,run.py:numpy-batch
SI-pHiSD,0.0005011872336272725,0.002,2000000,299,-0.6921875000000001,1.378125,completed,0.06601892903109034,0.18404094175658445,9.997595370910215e-07,-1005.1363684180156,762.7328995944968,22794,success_index1,S_L,gradient_tolerance,,raw_state_verified,run.py:numpy-batch
SI-pHiSD,0.0005011872336272725,0.002,2000000,434,-0.6265625,1.453125,completed,0.06601892905260787,0.18404094175695512,9.999626324617108e-07,-1005.1363684172145,762.7328996222408,22803,success_index1,S_L,gradient_tolerance,,raw_state_verified,run.py:numpy-batch
SI-pHiSD,0.0005011872336272725,0.002,2000000,265,-0.7109375,1.359375,completed,0.0660189290257241,0.18404094175584906,9.991933571253876e-07,-1005.1363684155999,762.7328995881411,22818,success_index1,S_L,gradient_tolerance,,raw_state_verified,run.py:numpy-batch
SI-pHiSD,0.0005011872336272725,0.002,2000000,231,-0.7296875,1.340625,completed,0.066018929019032,0.1840409417564415,9.9985497546754e-07,-1005.1363684187279,762.7328995788921,22836,success_index1,S_L,gradient_tolerance,,raw_state_verified,run.py:numpy-batch
SI-pHiSD,0.0005011872336272725,0.002,2000000,400,-0.6453125000000001,1.434375,completed,0.06601892904612,0.18404094175688962,9.99905652089359e-07,-1005.1363684176442,762.7328996138349,22837,success_index1,S_L,gradient_tolerance,,raw_state_verified,run.py:numpy-batch
SI-pHiSD,0.0005011872336272725,0.002,2000000,197,-0.7484375000000001,1.321875,completed,0.0660189290123672,0.1840409417554673,9.991593637812593e-07,-1005.1363684154798,762.7328995710519,22853,success_index1,S_L,gradient_tolerance,,raw_state_verified,run.py:numpy-batch
SI-pHiSD,0.0005011872336272725,0.002,2000000,501,-0.5984375000000001,1.4906249999999999,completed,0.06601892906334388,0.18404094175669558,9.998034793083219e-07,-1005.1363684150062,762.7328996364735,22853,success_index1,S_L,gradient_tolerance,,raw_state_verified,run.py:numpy-batch
SI-pHiSD,0.0005011872336272725,0.002,2000000,163,-0.7671875,1.3031249999999999,completed,0.06601892900678748,0.18404094175609423,9.998840584704526e-07,-1005.1363684186292,762.7328995632238,22867,success_index1,S_L,gradient_tolerance,,raw_state_verified,run.py:numpy-batch
SI-pHiSD,0.0005011872336272725,0.002,2000000,366,-0.6640625,1.415625,completed,0.06601892903973917,0.18404094175691726,9.999617845458672e-07,-1005.1363684184415,762.732899605487,22869,success_index1,S_L,gradient_tolerance,,raw_state_verified,run.py:numpy-batch
SI-pHiSD,0.0005011872336272725,0.002,2000000,129,-0.7859375000000001,1.284375,completed,0.06601892900162992,0.18404094175556762,9.99591119106535e-07,-1005.1363684170396,762.7328995569579,22880,success_index1,S_L,gradient_tolerance,,raw_state_verified,run.py:numpy-batch
SI-pHiSD,0.0005011872336272725,0.002,2000000,467,-0.6171875,1.4718749999999998,completed,0.06601892905719701,0.18404094175611432,9.992419298091795e-07,-1005.136368413301,762.7328996289643,22897,success_index1,S_L,gradient_tolerance,,raw_state_verified,run.py:numpy-batch
SI-pHiSD,0.0005011872336272725,0.002,2000000,332,-0.6828125,1.3968749999999999,completed,0.06601892903375947,0.18404094175649716,9.996479798096074e-07,-1005.1363684173741,762.7328995980549,22900,success_index1,S_L,gradient_tolerance,,raw_state_verified,run.py:numpy-batch
SI-pHiSD,0.0005011872336272725,0.002,2000000,298,-0.7015625000000001,1.378125,completed,0.06601892902735841,0.18404094175648691,9.99730171710269e-07,-1005.1363684180194,762.7328995897141,22927,success_index1,S_L,gradient_tolerance,,raw_state_verified,run.py:numpy-batch
SI-pHiSD,0.0005011872336272725,0.002,2000000,433,-0.6359375,1.453125,completed,0.06601892904953872,0.18404094175590296,9.990319693581553e-07,-1005.1363684132631,762.7328996191598,22937,success_index1,S_L,gradient_tolerance,,raw_state_verified,run.py:numpy-batch
SI-pHiSD,0.0005011872336272725,0.002,2000000,264,-0.7203125,1.359375,completed,0.06601892902124028,0.18404094175605298,9.99461590995251e-07,-1005.1363684169103,762.7328995821136,22952,success_index1,S_L,gradient_tolerance,,raw_state_verified,run.py:numpy-batch
SI-pHiSD,0.0005011872336272725,0.002,2000000,230,-0.7390625000000001,1.340625,completed,0.06601892901569915,0.18404094175548075,9.990827951094577e-07,-1005.1363684151771,762.7328995753868,22975,success_index1,S_L,gradient_tolerance,,raw_state_verified,run.py:numpy-batch
SI-pHiSD,0.0005011872336272725,0.002,2000000,399,-0.6546875000000001,1.434375,completed,0.06601892904389416,0.1840409417565541,9.996171719109527e-07,-1005.1363684165179,762.7328996112255,22977,success_index1,S_L,gradient_tolerance,,raw_state_verified,run.py:numpy-batch
SI-pHiSD,0.0005011872336272725,0.002,2000000,500,-0.6078125000000001,1.4906249999999999,completed,0.06601892906080165,0.1840409417560604,9.992210728146605e-07,-1005.1363684126948,762.7328996337139,22990,success_index1,S_L,gradient_tolerance,,raw_state_verified,run.py:numpy-batch
SI-pHiSD,0.0005011872336272725,0.002,2000000,196,-0.7578125,1.321875,completed,0.06601892900935548,0.1840409417559238,9.99652486749768e-07,-1005.1363684176603,762.7328995667225,22992,success_index1,S_L,gradient_tolerance,,raw_state_verified,run.py:numpy-batch
SI-pHiSD,0.0005011872336272725,0.002,2000000,162,-0.7765625,1.3031249999999999,completed,0.06601892900340203,0.1840409417555416,9.995054318828165e-07,-1005.136368416744,762.7328995592922,23007,success_index1,S_L,gradient_tolerance,,raw_state_verified,run.py:numpy-batch
SI-pHiSD,0.0005011872336272725,0.002,2000000,365,-0.6734375,1.415625,completed,0.06601892903730582,0.18404094175638303,9.995099294880873e-07,-1005.1363684165287,762.7328996027812,23014,success_index1,S_L,gradient_tolerance,,raw_state_verified,run.py:numpy-batch
SI-pHiSD,0.0005011872336272725,0.002,2000000,128,-0.7953125000000001,1.284375,completed,0.0660189289987725,0.18404094175546903,9.996091953813704e-07,-1005.1363684169455,762.7328995533165,23020,success_index1,S_L,gradient_tolerance,,raw_state_verified,run.py:numpy-batch
SI-pHiSD,0.0005011872336272725,0.002,2000000,466,-0.6265625,1.4718749999999998,completed,0.06601892905464843,0.18404094175675717,9.997947650859087e-07,-1005.1363684161903,762.7328996250764,23040,success_index1,S_L,gradient_tolerance,,raw_state_verified,run.py:numpy-batch
SI-pHiSD,0.0005011872336272725,0.002,2000000,331,-0.6921875000000001,1.3968749999999999,completed,0.0660189290302788,0.18404094175579783,9.990748626119156e-07,-1005.1363684149021,762.7328995941274,23048,success_index1,S_L,gradient_tolerance,,raw_state_verified,run.py:numpy-batch
SI-pHiSD,0.0005011872336272725,0.002,2000000,357,-0.7484375000000001,1.415625,completed,1.2095755774259815,4.851571711992708,21053725728.09863,1986978195.6545467,186374156902.81787,23076,state_safeguard,U,state_safeguard,source_norm2_gt_5,raw_state_verified,run.py:numpy-batch
SI-pHiSD,0.0005011872336272725,0.002,2000000,297,-0.7109375,1.378125,completed,0.0660189290242403,0.1840409417561814,9.995150976978354e-07,-1005.1363684171109,762.7328995859141,23079,success_index1,S_L,gradient_tolerance,,raw_state_verified,run.py:numpy-batch
SI-pHiSD,0.0005011872336272725,0.002,2000000,432,-0.6453125000000001,1.453125,completed,0.06601892904701208,0.18404094175685662,9.998745634727688e-07,-1005.1363684174139,762.7328996150278,23087,success_index1,S_L,gradient_tolerance,,raw_state_verified,run.py:numpy-batch
SI-pHiSD,0.0005011872336272725,0.002,2000000,263,-0.7296875,1.359375,completed,0.06601892901939418,0.1840409417559267,9.993900364827152e-07,-1005.1363684165947,762.7328995798157,23109,success_index1,S_L,gradient_tolerance,,raw_state_verified,run.py:numpy-batch
SI-pHiSD,0.0005011872336272725,0.002,2000000,229,-0.7484375000000001,1.340625,completed,0.06601892901230509,0.18404094175611216,9.997340292152076e-07,-1005.1363684181102,762.7328995704054,23131,success_index1,S_L,gradient_tolerance,,raw_state_verified,run.py:numpy-batch
SI-pHiSD,0.0005011872336272725,0.002,2000000,398,-0.6640625,1.434375,completed,0.06601892904167637,0.1840409417562127,9.993269230033806e-07,-1005.1363684153669,762.7328996086321,23136,success_index1,S_L,gradient_tolerance,,raw_state_verified,run.py:numpy-batch
SI-pHiSD,0.0005011872336272725,0.002,2000000,499,-0.6171875,1.4906249999999999,completed,0.06601892905884292,0.18404094175679467,9.998508796173055e-07,-1005.1363684158925,762.7328996305148,23144,success_index1,S_L,gradient_tolerance,,raw_state_verified,run.py:numpy-batch
SI-pHiSD,0.0005011872336272725,0.002,2000000,195,-0.7671875,1.321875,completed,0.06601892900621772,0.1840409417555558,9.99423548532973e-07,-1005.1363684164997,762.7328995629524,23151,success_index1,S_L,gradient_tolerance,,raw_state_verified,run.py:numpy-batch
SI-pHiSD,0.0005011872336272725,0.002,2000000,161,-0.7859375000000001,1.3031249999999999,completed,0.06601892900131348,0.18404094175526653,9.993344884979229e-07,-1005.1363684158491,762.7328995568087,23168,success_index1,S_L,gradient_tolerance,,raw_state_verified,run.py:numpy-batch
SI-pHiSD,0.0005011872336272725,0.002,2000000,364,-0.6828125,1.415625,completed,0.0660189290340007,0.18404094175601998,9.99223176675942e-07,-1005.1363684154069,762.7328995987881,23178,success_index1,S_L,gradient_tolerance,,raw_state_verified,run.py:numpy-batch
SI-pHiSD,0.0005011872336272725,0.002,2000000,465,-0.6359375,1.4718749999999998,completed,0.06601892905108268,0.18404094175638205,9.994551905671326e-07,-1005.1363684150465,762.7328996207536,23203,success_index1,S_L,gradient_tolerance,,raw_state_verified,run.py:numpy-batch
SI-pHiSD,0.0005011872336272725,0.002,2000000,458,-0.7015625000000001,1.4718749999999998,completed,1.2083417670869225,4.851824961684405,20946308882.33466,1977206108.578849,185396941970.45618,23220,state_safeguard,U,state_safeguard,source_norm2_gt_5,raw_state_verified,run.py:numpy-batch
SI-pHiSD,0.0005011872336272725,0.002,2000000,330,-0.7015625000000001,1.3968749999999999,completed,0.06601892902943299,0.1840409417567587,9.999377966606123e-07,-1005.1363684189023,762.7328995921818,23220,success_index1,S_L,gradient_tolerance,,raw_state_verified,run.py:numpy-batch
SI-pHiSD,0.0005011872336272725,0.002,2000000,296,-0.7203125,1.378125,completed,0.06601892902252544,0.18404094175628755,9.996428809436415e-07,-1005.1363684177269,762.7328995835838,23256,success_index1,S_L,gradient_tolerance,,raw_state_verified,run.py:numpy-batch
SI-pHiSD,0.0005011872336272725,0.002,2000000,431,-0.6546875000000001,1.453125,completed,0.0660189290451676,0.18404094175603675,9.991561758927484e-07,-1005.1363684142766,762.73289961334,23263,success_index1,S_L,gradient_tolerance,,raw_state_verified,run.py:numpy-batch
SI-pHiSD,0.0005011872336272725,0.002,2000000,262,-0.7390625000000001,1.359375,completed,0.0660189290153482,0.1840409417564314,9.999357822452352e-07,-1005.1363684190824,762.7328995740954,23286,success_index1,S_L,gradient_tolerance,,raw_state_verified,run.py:numpy-batch
SI-pHiSD,0.0005011872336272725,0.002,2000000,228,-0.7578125,1.340625,completed,0.06601892901049977,0.18404094175530541,9.990688004507664e-07,-1005.1363684150217,762.732899568758,23316,success_index1,S_L,gradient_tolerance,,raw_state_verified,run.py:numpy-batch
SI-pHiSD,0.0005011872336272725,0.002,2000000,397,-0.6734375,1.434375,completed,0.06601892903868761,0.18404094175682262,9.998863327803686e-07,-1005.1363684181688,762.7328996041989,23318,success_index1,S_L,gradient_tolerance,,raw_state_verified,run.py:numpy-batch
SI-pHiSD,0.0005011872336272725,0.002,2000000,498,-0.6265625,1.4906249999999999,completed,0.06601892905583741,0.18404094175653302,9.996028115192988e-07,-1005.1363684151505,762.7328996268238,23321,success_index1,S_L,gradient_tolerance,,raw_state_verified,run.py:numpy-batch
SI-pHiSD,0.0005011872336272725,0.002,2000000,194,-0.7765625,1.321875,completed,0.06601892900526062,0.1840409417555485,9.994485537208707e-07,-1005.136368416573,762.7328995617102,23338,success_index1,S_L,gradient_tolerance,,raw_state_verified,run.py:numpy-batch
SI-pHiSD,0.0005011872336272725,0.002,2000000,160,-0.7953125000000001,1.3031249999999999,completed,0.06601892899914319,0.1840409417557753,9.99867936354384e-07,-1005.1363684181518,762.7328995535314,23353,success_index1,S_L,gradient_tolerance,,raw_state_verified,run.py:numpy-batch
SI-pHiSD,0.0005011872336272725,0.002,2000000,363,-0.6921875000000001,1.415625,completed,0.0660189290311314,0.18404094175582716,9.990888322121153e-07,-1005.1363684149303,762.7328995952142,23370,success_index1,S_L,gradient_tolerance,,raw_state_verified,run.py:numpy-batch
SI-pHiSD,0.0005011872336272725,0.002,2000000,464,-0.6453125000000001,1.4718749999999998,completed,0.06601892904913553,0.1840409417563005,9.993822265356052e-07,-1005.1363684149239,762.732899618285,23395,success_index1,S_L,gradient_tolerance,,raw_state_verified,run.py:numpy-batch
SI-pHiSD,0.0005011872336272725,0.002,2000000,329,-0.7109375,1.3968749999999999,completed,0.06601892902608582,0.18404094175618785,9.99487073526663e-07,-1005.136368416939,762.7328995883162,23420,success_index1,S_L,gradient_tolerance,,raw_state_verified,run.py:numpy-batch
SI-pHiSD,0.0005011872336272725,0.002,2000000,295,-0.7296875,1.378125,completed,0.0660189290190555,0.18404094175559152,9.991003713563998e-07,-1005.1363684152673,762.7328995796681,23463,success_index1,S_L,gradient_tolerance,,raw_state_verified,run.py:numpy-batch
SI-pHiSD,0.0005011872336272725,0.002,2000000,430,-0.6640625,1.453125,completed,0.06601892904179847,0.18404094175627878,9.993845252406478e-07,-1005.1363684156231,762.7328996087332,23466,success_index1,S_L,gradient_tolerance,,raw_state_verified,run.py:numpy-batch
SI-pHiSD,0.0005011872336272725,0.002,2000000,261,-0.7484375000000001,1.359375,completed,0.06601892901240902,0.1840409417553404,9.990454579540347e-07,-1005.1363684149591,762.7328995712178,23500,success_index1,S_L,gradient_tolerance,,raw_state_verified,run.py:numpy-batch
SI-pHiSD,0.0005011872336272725,0.002,2000000,497,-0.6359375,1.4906249999999999,completed,0.06601892905338347,0.18404094175596605,9.990940374495502e-07,-1005.1363684131071,762.7328996241198,23531,success_index1,S_L,gradient_tolerance,,raw_state_verified,run.py:numpy-batch
SI-pHiSD,0.0005011872336272725,0.002,2000000,227,-0.7671875,1.340625,completed,0.06601892900778279,0.18404094175533453,9.991768484672244e-07,-1005.1363684154314,762.7328995651882,23533,success_index1,S_L,gradient_tolerance,,raw_state_verified,run.py:numpy-batch
SI-pHiSD,0.0005011872336272725,0.002,2000000,396,-0.6828125,1.434375,completed,0.06601892903621308,0.18404094175689586,9.999736072664552e-07,-1005.1363684187329,762.7328996009064,23536,success_index1,S_L,gradient_tolerance,,raw_state_verified,run.py:numpy-batch
SI-pHiSD,0.0005011872336272725,0.002,2000000,193,-0.7859375000000001,1.321875,completed,0.06601892900118353,0.1840409417551368,9.992236762125176e-07,-1005.1363684153351,762.7328995567528,23556,success_index1,S_L,gradient_tolerance,,raw_state_verified,run.py:numpy-batch
SI-pHiSD,0.0005011872336272725,0.002,2000000,391,-0.7296875,1.434375,completed,1.2092097247606195,4.851621425127231,21018138049.908577,1983736116.1964786,186050529051.45172,23600,state_safeguard,U,state_safeguard,source_norm2_gt_5,raw_state_verified,run.py:numpy-batch
SI-pHiSD,0.0005011872336272725,0.002,2000000,362,-0.7015625000000001,1.415625,completed,0.06601892902863973,0.1840409417559794,9.992601151884157e-07,-1005.1363684158168,762.7328995918307,23601,success_index1,S_L,gradient_tolerance,,raw_state_verified,run.py:numpy-batch
SI-pHiSD,0.0005011872336272725,0.002,2000000,463,-0.6546875000000001,1.4718749999999998,completed,0.06601892904650473,0.18404094175667157,9.997124248896492e-07,-1005.1363684167155,762.7328996145279,23623,success_index1,S_L,gradient_tolerance,,raw_state_verified,run.py:numpy-batch
SI-pHiSD,0.0005011872336272725,0.002,2000000,328,-0.7203125,1.3968749999999999,completed,0.06601892902195851,0.1840409417557822,9.992064409911005e-07,-1005.1363684157312,762.7328995832877,23661,success_index1,S_L,gradient_tolerance,,raw_state_verified,run.py:numpy-batch
SI-pHiSD,0.0005011872336272725,0.002,2000000,294,-0.7390625000000001,1.378125,completed,0.06601892901598277,0.18404094175613087,9.996527673098802e-07,-1005.1363684177916,762.7328995751869,23715,success_index1,S_L,gradient_tolerance,,raw_state_verified,run.py:numpy-batch
SI-pHiSD,0.0005011872336272725,0.002,2000000,429,-0.6734375,1.453125,completed,0.06601892903986947,0.18404094175622687,9.993511368750127e-07,-1005.136368415619,762.7328996062621,23716,success_index1,S_L,gradient_tolerance,,raw_state_verified,run.py:numpy-batch
SI-pHiSD,0.0005011872336272725,0.002,2000000,260,-0.7578125,1.359375,completed,0.06601892901049389,0.18404094175615895,9.998275560011777e-07,-1005.1363684184946,762.732899568002,23762,success_index1,S_L,gradient_tolerance,,raw_state_verified,run.py:numpy-batch
SI-pHiSD,0.0005011872336272725,0.002,2000000,496,-0.6453125000000001,1.4906249999999999,completed,0.06601892905078087,0.18404094175623356,9.993240584840992e-07,-1005.1363684144746,762.7328996204903,23786,success_index1,S_L,gradient_tolerance,,raw_state_verified,run.py:numpy-batch
SI-pHiSD,0.0005011872336272725,0.002,2000000,226,-0.7765625,1.340625,completed,0.06601892900556294,0.18404094175583996,9.996978277003857e-07,-1005.1363684177261,762.7328995618493,23801,success_index1,S_L,gradient_tolerance,,raw_state_verified,run.py:numpy-batch
SI-pHiSD,0.0005011872336272725,0.002,2000000,395,-0.6921875000000001,1.434375,completed,0.06601892903299925,0.18404094175665295,9.99794990466907e-07,-1005.1363684180894,762.7328995969267,23805,success_index1,S_L,gradient_tolerance,,raw_state_verified,run.py:numpy-batch
SI-pHiSD,0.0005011872336272725,0.002,2000000,192,-0.7953125000000001,1.321875,completed,0.0660189289979289,0.18404094175550387,9.996726680778844e-07,-1005.1363684171782,762.7328995521852,23826,success_index1,S_L,gradient_tolerance,,raw_state_verified,run.py:numpy-batch
SI-pHiSD,0.0005011872336272725,0.002,2000000,361,-0.7109375,1.415625,completed,0.06601892902670516,0.184040941756773,9.999946167453717e-07,-1005.1363684192534,762.7328995886111,23891,success_index1,S_L,gradient_tolerance,,raw_state_verified,run.py:numpy-batch
SI-pHiSD,0.0005011872336272725,0.002,2000000,462,-0.6640625,1.4718749999999998,completed,0.06601892904338678,0.1840409417569003,9.99924857746408e-07,-1005.136368417981,762.7328996102602,23908,success_index1,S_L,gradient_tolerance,,raw_state_verified,run.py:numpy-batch
SI-pHiSD,0.0005011872336272725,0.002,2000000,256,-0.7953125000000001,1.359375,completed,1.210408635064444,4.851372067929217,21122416686.184757,1993221091.1325812,186999294403.9329,23945,state_safeguard,U,state_safeguard,source_norm2_gt_5,raw_state_verified,run.py:numpy-batch
SI-pHiSD,0.0005011872336272725,0.002,2000000,327,-0.7296875,1.3968749999999999,completed,0.06601892902036072,0.1840409417558275,9.992805697929317e-07,-1005.1363684160874,762.7328995811637,23972,success_index1,S_L,gradient_tolerance,,raw_state_verified,run.py:numpy-batch
SI-pHiSD,0.0005011872336272725,0.002,2000000,428,-0.6828125,1.453125,completed,0.06601892903682172,0.18404094175594793,9.991299105384287e-07,-1005.1363684148105,762.732899602531,24035,success_index1,S_L,gradient_tolerance,,raw_state_verified,run.py:numpy-batch
SI-pHiSD,0.0005011872336272725,0.002,2000000,293,-0.7484375000000001,1.378125,completed,0.06601892901407448,0.18404094175608976,9.996658021562687e-07,-1005.1363684178289,762.7328995727335,24043,success_index1,S_L,gradient_tolerance,,raw_state_verified,run.py:numpy-batch
SI-pHiSD,0.0005011872336272725,0.002,2000000,259,-0.7671875,1.359375,completed,0.0660189290070292,0.18404094175544888,9.993023617842914e-07,-1005.1363684159776,762.7328995641045,24103,success_index1,S_L,gradient_tolerance,,raw_state_verified,run.py:numpy-batch
SI-pHiSD,0.0005011872336272725,0.002,2000000,495,-0.6546875000000001,1.4906249999999999,completed,0.06601892904835166,0.18404094175605779,9.9916866600752e-07,-1005.1363684140202,762.7328996174753,24116,success_index1,S_L,gradient_tolerance,,raw_state_verified,run.py:numpy-batch
SI-pHiSD,0.0005011872336272725,0.002,2000000,225,-0.7859375000000001,1.340625,completed,0.06601892900133427,0.1840409417554558,9.995022830651244e-07,-1005.1363684166171,762.7328995566697,24151,success_index1,S_L,gradient_tolerance,,raw_state_verified,run.py:numpy-batch
SI-pHiSD,0.0005011872336272725,0.002,2000000,394,-0.7015625000000001,1.434375,completed,0.06601892903072956,0.18404094175623636,9.994565520436244e-07,-1005.1363684166382,762.7328995943311,24161,success_index1,S_L,gradient_tolerance,,raw_state_verified,run.py:numpy-batch
SI-pHiSD,0.0005011872336272725,0.002,2000000,360,-0.7203125,1.415625,completed,0.06601892902341946,0.18404094175626431,9.996044377361487e-07,-1005.136368417536,762.7328995847706,24283,success_index1,S_L,gradient_tolerance,,raw_state_verified,run.py:numpy-batch
SI-pHiSD,0.0005011872336272725,0.002,2000000,461,-0.6734375,1.4718749999999998,completed,0.06601892904130278,0.18404094175671537,9.997728813209657e-07,-1005.1363684174524,762.7328996077036,24293,success_index1,S_L,gradient_tolerance,,raw_state_verified,run.py:numpy-batch
SI-pHiSD,0.0005011872336272725,0.002,2000000,326,-0.7390625000000001,1.3968749999999999,completed,0.06601892901640236,0.18404094175566516,9.992288719823625e-07,-1005.1363684158516,762.7328995761426,24400,success_index1,S_L,gradient_tolerance,,raw_state_verified,run.py:numpy-batch
SI-pHiSD,0.0005011872336272725,0.002,2000000,427,-0.6921875000000001,1.453125,completed,0.06601892903342882,0.18404094175596336,9.991798287271498e-07,-1005.1363684152378,762.7328995980918,24483,success_index1,S_L,gradient_tolerance,,raw_state_verified,run.py:numpy-batch
SI-pHiSD,0.0005011872336272725,0.002,2000000,292,-0.7578125,1.378125,completed,0.06601892901148808,0.1840409417562464,9.99876485502579e-07,-1005.1363684187445,762.7328995692216,24508,success_index1,S_L,gradient_tolerance,,raw_state_verified,run.py:numpy-batch
SI-pHiSD,0.0005011872336272725,0.002,2000000,290,-0.7765625,1.378125,completed,1.2101905876082961,4.851430457534844,21105305707.059696,1991667252.793285,186843530700.56476,24543,state_safeguard,U,state_safeguard,source_norm2_gt_5,raw_state_verified,run.py:numpy-batch
SI-pHiSD,0.0005011872336272725,0.002,2000000,492,-0.6828125,1.4906249999999999,completed,1.2082658072814738,4.851824338136298,20937376445.797134,1976390417.4298127,185315776146.37732,24543,state_safeguard,U,state_safeguard,source_norm2_gt_5,raw_state_verified,run.py:numpy-batch
SI-pHiSD,0.0005011872336272725,0.002,2000000,494,-0.6640625,1.4906249999999999,completed,0.06601892904537254,0.18404094175624167,9.99336249411749e-07,-1005.136368415088,762.7328996134281,24584,success_index1,S_L,gradient_tolerance,,raw_state_verified,run.py:numpy-batch
SI-pHiSD,0.0005011872336272725,0.002,2000000,258,-0.7765625,1.359375,completed,0.066018929005465,0.1840409417557392,9.99611426146329e-07,-1005.1363684173269,762.7328995618095,24600,success_index1,S_L,gradient_tolerance,,raw_state_verified,run.py:numpy-batch
SI-pHiSD,0.0005011872336272725,0.002,2000000,224,-0.7953125000000001,1.340625,completed,0.0660189289997105,0.1840409417554855,9.99588468983375e-07,-1005.1363684169121,762.7328995545256,24671,success_index1,S_L,gradient_tolerance,,raw_state_verified,run.py:numpy-batch
SI-pHiSD,0.0005011872336272725,0.002,2000000,393,-0.7109375,1.434375,completed,0.06601892902740088,0.18404094175656405,9.997978093592889e-07,-1005.1363684183284,762.7328995897016,24686,success_index1,S_L,gradient_tolerance,,raw_state_verified,run.py:numpy-batch
SI-pHiSD,0.0005011872336272725,0.002,2000000,460,-0.6828125,1.4718749999999998,completed,0.06601892903742099,0.18404094175649732,9.996098359392106e-07,-1005.1363684169814,762.7328996028311,24886,success_index1,S_L,gradient_tolerance,,raw_state_verified,run.py:numpy-batch
SI-pHiSD,0.0005011872336272725,0.002,2000000,359,-0.7296875,1.415625,completed,0.06601892901894747,0.18404094175640373,9.998234401619312e-07,-1005.1363684185837,762.7328995788147,24897,success_index1,S_L,gradient_tolerance,,raw_state_verified,run.py:numpy-batch
SI-pHiSD,0.0005011872336272725,0.002,2000000,325,-0.7484375000000001,1.3968749999999999,completed,0.0660189290137611,0.18404094175579258,9.994102478489874e-07,-1005.1363684166532,762.7328995725851,25120,success_index1,S_L,gradient_tolerance,,raw_state_verified,run.py:numpy-batch
SI-pHiSD,0.0005011872336272725,0.002,2000000,425,-0.7109375,1.453125,completed,1.2092031017621603,4.851650714406912,21021604655.490158,1984056666.7968042,186081910719.8129,25216,state_safeguard,U,state_safeguard,source_norm2_gt_5,raw_state_verified,run.py:numpy-batch
SI-pHiSD,0.0005011872336272725,0.002,2000000,426,-0.7015625000000001,1.453125,completed,0.06601892902851024,0.18404094175587732,9.991717365577423e-07,-1005.1363684154155,762.7328995917509,25259,success_index1,S_L,gradient_tolerance,,raw_state_verified,run.py:numpy-batch
SI-pHiSD,0.0005011872336272725,0.002,2000000,291,-0.7671875,1.378125,completed,0.06601892900814141,0.18404094175547356,9.992893291246683e-07,-1005.1363684159588,762.7328995655339,25340,success_index1,S_L,gradient_tolerance,,raw_state_verified,run.py:numpy-batch
SI-pHiSD,0.0005011872336272725,0.002,2000000,493,-0.6734375,1.4906249999999999,completed,0.06601892903870729,0.1840409417559937,9.991539575612341e-07,-1005.1363684147943,762.7328996049508,25420,success_index1,S_L,gradient_tolerance,,raw_state_verified,run.py:numpy-batch
SI-pHiSD,0.0005011872336272725,0.002,2000000,257,-0.7859375000000001,1.359375,completed,0.06601892900368724,0.1840409417557921,9.997185712003702e-07,-1005.1363684177334,762.7328995594438,25544,success_index1,S_L,gradient_tolerance,,raw_state_verified,run.py:numpy-batch
SI-pHiSD,0.0005011872336272725,0.002,2000000,392,-0.7203125,1.434375,completed,0.06601892902026475,0.18404094175601826,9.994518677748606e-07,-1005.136368416874,762.7328995808709,25755,success_index1,S_L,gradient_tolerance,,raw_state_verified,run.py:numpy-batch
SI-pHiSD,0.0005011872336272725,0.002,2000000,459,-0.6921875000000001,1.4718749999999998,completed,0.06601892902857445,0.18404094175679994,9.99987633031488e-07,-1005.1363684191624,762.7328995910258,26336,success_index1,S_L,gradient_tolerance,,raw_state_verified,run.py:numpy-batch
SI-pHiSD,0.0005011872336272725,0.002,2000000,358,-0.7390625000000001,1.415625,completed,0.06601892901315812,0.1840409417560589,9.996630987093097e-07,-1005.136368417802,762.7328995715649,26534,success_index1,S_L,gradient_tolerance,,raw_state_verified,run.py:numpy-batch
SI-pHiSD,0.0005011872336272725,0.002,2000000,324,-0.7578125,1.3968749999999999,completed,0.06601892900518075,0.18404094175545452,9.993675720099097e-07,-1005.1363684161989,762.7328995616886,29362,success_index1,S_L,gradient_tolerance,,raw_state_verified,run.py:numpy-batch
