method,eta,tau,budget,start_id,x0,y0,execution_status,raw_x,raw_y,grad_norm,lambda1,lambda2,n_outer_updates,terminal_category,endpoint,stop_reason,failure_reason,certification_reason,source
SI-pHiSD,0.0012589254117941675,0.002,2000000,480,-0.7953125000000001,1.4906249999999999,completed,-4.853928406706413,-1.1999064730154065,20279337021.40311,1916561036.2303073,179330100872.6868,8281,state_safeguard,U,state_safeguard,source_norm2_gt_5,raw_state_verified,run.py:numpy-batch
SI-pHiSD,0.0012589254117941675,0.002,2000000,26,-0.5515625000000001,1.2093749999999999,completed,0.06601892814673976,0.1840409414250212,9.988528310886536e-07,-1005.1363671639359,762.7328987315644,8292,success_index1,S_L,gradient_tolerance,,raw_state_verified,run.py:numpy-batch
SI-pHiSD,0.0012589254117941675,0.002,2000000,416,-0.7953125000000001,1.453125,completed,1.139121443582053,4.868586169615927,16046205718.228603,1529985485.5661151,140955824650.46994,8296,state_safeguard,U,state_safeguard,source_norm2_gt_5,raw_state_verified,run.py:numpy-batch
SI-pHiSD,0.0012589254117941675,0.002,2000000,60,-0.5328125000000001,1.228125,completed,0.06601892815163259,0.18404094142875338,9.988259982244766e-07,-1005.1363671785953,762.7328987346748,8299,success_index1,S_L,gradient_tolerance,,raw_state_verified,run.py:numpy-batch
SI-pHiSD,0.0012589254117941675,0.002,2000000,27,-0.5421875,1.2093749999999999,completed,0.06601892828098738,0.18404094151744815,9.976631409318098e-07,-1005.1363675255736,762.732898825655,8313,success_index1,S_L,gradient_tolerance,,raw_state_verified,run.py:numpy-batch
SI-pHiSD,0.0012589254117941675,0.002,2000000,61,-0.5234375,1.228125,completed,0.06601892830197216,0.18404094153179074,9.987952243416869e-07,-1005.1363675816754,762.7328988404549,8322,success_index1,S_L,gradient_tolerance,,raw_state_verified,run.py:numpy-batch
SI-pHiSD,0.0012589254117941675,0.002,2000000,448,-0.7953125000000001,1.4718749999999998,completed,1.1394212862843165,4.868539901682019,16067449884.125786,1531937433.497791,141147673885.73633,8323,state_safeguard,U,state_safeguard,source_norm2_gt_5,raw_state_verified,run.py:numpy-batch
SI-pHiSD,0.0012589254117941675,0.002,2000000,481,-0.7859375000000001,1.4906249999999999,completed,-4.853994916962593,-1.2002317528341222,20325277549.51017,1920769175.0280628,179746947903.75903,8326,state_safeguard,U,state_safeguard,source_norm2_gt_5,raw_state_verified,run.py:numpy-batch
SI-pHiSD,0.0012589254117941675,0.002,2000000,95,-0.5046875000000001,1.246875,completed,0.06601892830702404,0.18404094153429182,9.98312227069595e-07,-1005.136367591309,762.7328988448525,8326,success_index1,S_L,gradient_tolerance,,raw_state_verified,run.py:numpy-batch
SI-pHiSD,0.0012589254117941675,0.002,2000000,417,-0.7859375000000001,1.453125,completed,1.1392185270792659,4.868710186645226,16068420822.19514,1532046525.1482384,141155854718.5406,8329,state_safeguard,U,state_safeguard,source_norm2_gt_5,raw_state_verified,run.py:numpy-batch
SI-pHiSD,0.0012589254117941675,0.002,2000000,449,-0.7859375000000001,1.4718749999999998,completed,1.1394525367105572,4.86860563459098,16077458503.218891,1532867108.5207543,141237762435.5244,8329,state_safeguard,U,state_safeguard,source_norm2_gt_5,raw_state_verified,run.py:numpy-batch
SI-pHiSD,0.0012589254117941675,0.002,2000000,28,-0.5328125000000001,1.2093749999999999,completed,0.06601892837598632,0.1840409415753659,9.996719935919815e-07,-1005.1363677510207,762.7328988988021,8329,success_index1,S_L,gradient_tolerance,,raw_state_verified,run.py:numpy-batch
SI-pHiSD,0.0012589254117941675,0.002,2000000,384,-0.7953125000000001,1.434375,completed,1.1389504452433017,4.868708196211816,16044644394.09814,1529855690.5589209,140941321303.13562,8334,state_safeguard,U,state_safeguard,source_norm2_gt_5,raw_state_verified,run.py:numpy-batch
SI-pHiSD,0.0012589254117941675,0.002,2000000,29,-0.5234375,1.2093749999999999,completed,0.06601892842048815,0.18404094159885362,9.99909990592932e-07,-1005.1363678418064,762.7328989362614,8336,success_index1,S_L,gradient_tolerance,,raw_state_verified,run.py:numpy-batch
SI-pHiSD,0.0012589254117941675,0.002,2000000,62,-0.5140625000000001,1.228125,completed,0.0660189284076607,0.18404094159007933,9.979242196147732e-07,-1005.1363678074841,762.7328989272215,8339,success_index1,S_L,gradient_tolerance,,raw_state_verified,run.py:numpy-batch
SI-pHiSD,0.0012589254117941675,0.002,2000000,30,-0.5140625000000001,1.2093749999999999,completed,0.06601892846240223,0.18404094161674464,9.977578132250503e-07,-1005.1363679100991,762.7328989752522,8340,success_index1,S_L,gradient_tolerance,,raw_state_verified,run.py:numpy-batch
SI-pHiSD,0.0012589254117941675,0.002,2000000,31,-0.5046875000000001,1.2093749999999999,completed,0.0660189284797698,0.18404094162625823,9.99116170287882e-07,-1005.1363679469417,762.7328989895672,8346,success_index1,S_L,gradient_tolerance,,raw_state_verified,run.py:numpy-batch
SI-pHiSD,0.0012589254117941675,0.002,2000000,63,-0.5046875000000001,1.228125,completed,0.06601892845427663,0.18404094161304324,9.978681472889157e-07,-1005.1363678959116,762.732898967898,8346,success_index1,S_L,gradient_tolerance,,raw_state_verified,run.py:numpy-batch
SI-pHiSD,0.0012589254117941675,0.002,2000000,450,-0.7765625,1.4718749999999998,completed,1.1394550688932,4.868656180096231,16083266515.629875,1533408026.90915,141289999158.09283,8349,state_safeguard,U,state_safeguard,source_norm2_gt_5,raw_state_verified,run.py:numpy-batch
SI-pHiSD,0.0012589254117941675,0.002,2000000,418,-0.7765625,1.453125,completed,1.1391275178422997,4.8686415767017674,16052849662.791416,1530604003.8510463,141015585299.85822,8369,state_safeguard,U,state_safeguard,source_norm2_gt_5,raw_state_verified,run.py:numpy-batch
SI-pHiSD,0.0012589254117941675,0.002,2000000,451,-0.7671875,1.4718749999999998,completed,1.1394206420646766,4.868665801615204,16081299549.16897,1533227923.2872257,141272217206.79095,8379,state_safeguard,U,state_safeguard,source_norm2_gt_5,raw_state_verified,run.py:numpy-batch
SI-pHiSD,0.0012589254117941675,0.002,2000000,385,-0.7859375000000001,1.434375,completed,1.1389017831930883,4.868645537298867,16033467579.334723,1528818682.9617357,140840686293.57977,8382,state_safeguard,U,state_safeguard,source_norm2_gt_5,raw_state_verified,run.py:numpy-batch
SI-pHiSD,0.0012589254117941675,0.002,2000000,482,-0.7765625,1.4906249999999999,completed,-4.853846062687103,-1.2005644047875974,20341968664.199764,1922274557.31841,179899106816.67514,8384,state_safeguard,U,state_safeguard,source_norm2_gt_5,raw_state_verified,run.py:numpy-batch
SI-pHiSD,0.0012589254117941675,0.002,2000000,352,-0.7953125000000001,1.415625,completed,1.1387889448602246,4.868747076986689,16034753933.9003,1528948896.2580953,140851947487.87228,8410,state_safeguard,U,state_safeguard,source_norm2_gt_5,raw_state_verified,run.py:numpy-batch
SI-pHiSD,0.0012589254117941675,0.002,2000000,419,-0.7671875,1.453125,completed,1.1390479829043945,4.868583880735647,16039503865.015701,1529367745.4986205,140895361235.90656,8418,state_safeguard,U,state_safeguard,source_norm2_gt_5,raw_state_verified,run.py:numpy-batch
SI-pHiSD,0.0012589254117941675,0.002,2000000,452,-0.7578125,1.4718749999999998,completed,1.1392121130470687,4.868499704927581,16044634534.316158,1529830766.0894935,140941941986.72815,8418,state_safeguard,U,state_safeguard,source_norm2_gt_5,raw_state_verified,run.py:numpy-batch
SI-pHiSD,0.0012589254117941675,0.002,2000000,386,-0.7765625,1.434375,completed,1.138935820385874,4.868673914545513,16039581568.249176,1529385273.54797,140895755972.31976,8440,state_safeguard,U,state_safeguard,source_norm2_gt_5,raw_state_verified,run.py:numpy-batch
SI-pHiSD,0.0012589254117941675,0.002,2000000,484,-0.7578125,1.4906249999999999,completed,1.1394881440308173,4.868646898021149,16085152265.383238,1533580686.4965878,141307047141.81586,8456,state_safeguard,U,state_safeguard,source_norm2_gt_5,raw_state_verified,run.py:numpy-batch
SI-pHiSD,0.0012589254117941675,0.002,2000000,485,-0.7484375000000001,1.4906249999999999,completed,1.1394934156958163,4.868613052060849,16081875677.756546,1533274913.7058954,141277595868.28958,8457,state_safeguard,U,state_safeguard,source_norm2_gt_5,raw_state_verified,run.py:numpy-batch
SI-pHiSD,0.0012589254117941675,0.002,2000000,453,-0.7484375000000001,1.4718749999999998,completed,1.1392134853506846,4.86853002617736,16048098243.33117,1530153384.5247924,140973092248.01898,8469,state_safeguard,U,state_safeguard,source_norm2_gt_5,raw_state_verified,run.py:numpy-batch
SI-pHiSD,0.0012589254117941675,0.002,2000000,353,-0.7859375000000001,1.415625,completed,1.1387221039663689,4.868617818744608,16014660042.150969,1527082590.3769872,140671084286.51242,8480,state_safeguard,U,state_safeguard,source_norm2_gt_5,raw_state_verified,run.py:numpy-batch
SI-pHiSD,0.0012589254117941675,0.002,2000000,420,-0.7578125,1.453125,completed,1.139114180119341,4.868652397335193,16052871498.208822,1530607262.6440773,141015745475.9675,8480,state_safeguard,U,state_safeguard,source_norm2_gt_5,raw_state_verified,run.py:numpy-batch
SI-pHiSD,0.0012589254117941675,0.002,2000000,483,-0.7671875,1.4906249999999999,completed,-4.8536464701822535,-1.201589971778851,20429980746.17132,1930291006.4366784,180699112737.8889,8486,state_safeguard,U,state_safeguard,source_norm2_gt_5,raw_state_verified,run.py:numpy-batch
SI-pHiSD,0.0012589254117941675,0.002,2000000,486,-0.7390625000000001,1.4906249999999999,completed,1.1394511776290142,4.8685874334154455,16075328245.651926,1532668749.4069161,141218602036.70435,8488,state_safeguard,U,state_safeguard,source_norm2_gt_5,raw_state_verified,run.py:numpy-batch
SI-pHiSD,0.0012589254117941675,0.002,2000000,387,-0.7671875,1.434375,completed,1.1389082276168685,4.86862230712571,16031473865.319592,1528632313.1758697,140822776234.525,8513,state_safeguard,U,state_safeguard,source_norm2_gt_5,raw_state_verified,run.py:numpy-batch
SI-pHiSD,0.0012589254117941675,0.002,2000000,255,-0.5046875000000001,1.340625,completed,0.06601892885362992,0.18404094173950125,9.985104012469226e-07,-1005.1363683675565,762.7328993779792,8534,success_index1,S_L,gradient_tolerance,,raw_state_verified,run.py:numpy-batch
SI-pHiSD,0.0012589254117941675,0.002,2000000,454,-0.7390625000000001,1.4718749999999998,completed,1.1393279693790126,4.86866163807902,16072685337.8918,1532433818.6654322,141194500795.05444,8535,state_safeguard,U,state_safeguard,source_norm2_gt_5,raw_state_verified,run.py:numpy-batch
SI-pHiSD,0.0012589254117941675,0.002,2000000,254,-0.5140625000000001,1.340625,completed,0.06601892883501562,0.184040941736501,9.98602028589501e-07,-1005.1363683573474,762.7328993563276,8535,success_index1,S_L,gradient_tolerance,,raw_state_verified,run.py:numpy-batch
SI-pHiSD,0.0012589254117941675,0.002,2000000,320,-0.7953125000000001,1.3968749999999999,completed,1.1386424910114485,4.868685205105463,16015098474.636282,1527130739.21522,140674811086.63144,8538,state_safeguard,U,state_safeguard,source_norm2_gt_5,raw_state_verified,run.py:numpy-batch
SI-pHiSD,0.0012589254117941675,0.002,2000000,487,-0.7296875,1.4906249999999999,completed,1.1394947077668347,4.868654022247349,16086517624.05674,1533707296.6478195,141319343371.4528,8538,state_safeguard,U,state_safeguard,source_norm2_gt_5,raw_state_verified,run.py:numpy-batch
SI-pHiSD,0.0012589254117941675,0.002,2000000,253,-0.5234375,1.340625,completed,0.06601892881989353,0.18404094173531224,9.99995933674898e-07,-1005.1363683541334,762.7328993376434,8538,success_index1,S_L,gradient_tolerance,,raw_state_verified,run.py:numpy-batch
SI-pHiSD,0.0012589254117941675,0.002,2000000,287,-0.5046875000000001,1.359375,completed,0.06601892882805559,0.1840409417341272,9.975591216596716e-07,-1005.1363683484363,762.7328993493292,8541,success_index1,S_L,gradient_tolerance,,raw_state_verified,run.py:numpy-batch
SI-pHiSD,0.0012589254117941675,0.002,2000000,221,-0.5234375,1.321875,completed,0.06601892886480008,0.18404094174223368,9.994203588460352e-07,-1005.1363683774746,762.732899390155,8544,success_index1,S_L,gradient_tolerance,,raw_state_verified,run.py:numpy-batch
SI-pHiSD,0.0012589254117941675,0.002,2000000,222,-0.5140625000000001,1.321875,completed,0.06601892888886186,0.18404094174498967,9.988398112430692e-07,-1005.1363683861055,762.7328994191271,8546,success_index1,S_L,gradient_tolerance,,raw_state_verified,run.py:numpy-batch
SI-pHiSD,0.0012589254117941675,0.002,2000000,285,-0.5234375,1.359375,completed,0.06601892880142679,0.18404094173092742,9.99245291203238e-07,-1005.1363683382755,762.7328993173979,8548,success_index1,S_L,gradient_tolerance,,raw_state_verified,run.py:numpy-batch
SI-pHiSD,0.0012589254117941675,0.002,2000000,220,-0.5328125000000001,1.321875,completed,0.06601892885940133,0.1840409417412305,9.99258196453887e-07,-1005.1363683739726,762.7328993839922,8553,success_index1,S_L,gradient_tolerance,,raw_state_verified,run.py:numpy-batch
SI-pHiSD,0.0012589254117941675,0.002,2000000,286,-0.5140625000000001,1.359375,completed,0.06601892883429315,0.184040941736506,9.987211203243154e-07,-1005.1363683574453,762.7328993553806,8555,success_index1,S_L,gradient_tolerance,,raw_state_verified,run.py:numpy-batch
SI-pHiSD,0.0012589254117941675,0.002,2000000,219,-0.5421875,1.321875,completed,0.06601892884771862,0.18404094173908603,9.99001766277132e-07,-1005.1363683665015,762.7328993706323,8557,success_index1,S_L,gradient_tolerance,,raw_state_verified,run.py:numpy-batch
SI-pHiSD,0.0012589254117941675,0.002,2000000,252,-0.5328125000000001,1.340625,completed,0.06601892883745121,0.18404094173710492,9.987684302660968e-07,-1005.1363683595433,762.7328993589753,8557,success_index1,S_L,gradient_tolerance,,raw_state_verified,run.py:numpy-batch
SI-pHiSD,0.0012589254117941675,0.002,2000000,421,-0.7484375000000001,1.453125,completed,1.1391266079832898,4.868652266153295,16053948876.959167,1530706510.4255767,141025467322.60455,8559,state_safeguard,U,state_safeguard,source_norm2_gt_5,raw_state_verified,run.py:numpy-batch
SI-pHiSD,0.0012589254117941675,0.002,2000000,223,-0.5046875000000001,1.321875,completed,0.06601892893419363,0.18404094174935065,9.98130355224874e-07,-1005.1363683989832,762.7328994744382,8559,success_index1,S_L,gradient_tolerance,,raw_state_verified,run.py:numpy-batch
SI-pHiSD,0.0012589254117941675,0.002,2000000,284,-0.5328125000000001,1.359375,completed,0.0660189287979247,0.1840409417292401,9.98349141356854e-07,-1005.1363683317866,762.7328993143085,8559,success_index1,S_L,gradient_tolerance,,raw_state_verified,run.py:numpy-batch
SI-pHiSD,0.0012589254117941675,0.002,2000000,251,-0.5421875,1.340625,completed,0.06601892881376303,0.18404094173210211,9.981205742089352e-07,-1005.1363683417313,762.7328993324604,8560,success_index1,S_L,gradient_tolerance,,raw_state_verified,run.py:numpy-batch
SI-pHiSD,0.0012589254117941675,0.002,2000000,188,-0.5328125000000001,1.3031249999999999,completed,0.06601892891148742,0.1840409417482482,9.992769924693379e-07,-1005.1363683969348,762.7328994457847,8562,success_index1,S_L,gradient_tolerance,,raw_state_verified,run.py:numpy-batch
SI-pHiSD,0.0012589254117941675,0.002,2000000,218,-0.5515625000000001,1.321875,completed,0.06601892883425545,0.18404094173603383,9.982971389033382e-07,-1005.1363683555284,762.7328993557455,8562,success_index1,S_L,gradient_tolerance,,raw_state_verified,run.py:numpy-batch
SI-pHiSD,0.0012589254117941675,0.002,2000000,189,-0.5234375,1.3031249999999999,completed,0.06601892893268894,0.18404094174960106,9.98485992713297e-07,-1005.1363684001637,762.7328994722557,8563,success_index1,S_L,gradient_tolerance,,raw_state_verified,run.py:numpy-batch
SI-pHiSD,0.0012589254117941675,0.002,2000000,250,-0.5515625000000001,1.340625,completed,0.06601892879548535,0.18404094172839133,9.980278162885893e-07,-1005.1363683285949,762.7328993118706,8564,success_index1,S_L,gradient_tolerance,,raw_state_verified,run.py:numpy-batch
SI-pHiSD,0.0012589254117941675,0.002,2000000,186,-0.5515625000000001,1.3031249999999999,completed,0.06601892887768582,0.18404094174243005,9.9789699049574e-07,-1005.1363683768905,762.7328994067922,8565,success_index1,S_L,gradient_tolerance,,raw_state_verified,run.py:numpy-batch
SI-pHiSD,0.0012589254117941675,0.002,2000000,319,-0.5046875000000001,1.378125,completed,0.06601892883284737,0.18404094173677582,9.991972223721822e-07,-1005.1363683586982,762.732899353258,8565,success_index1,S_L,gradient_tolerance,,raw_state_verified,run.py:numpy-batch
SI-pHiSD,0.0012589254117941675,0.002,2000000,354,-0.7765625,1.415625,completed,1.1387823062232107,4.868683287465285,16027144900.815193,1528240470.8807418,140783509226.7885,8566,state_safeguard,U,state_safeguard,source_norm2_gt_5,raw_state_verified,run.py:numpy-batch
SI-pHiSD,0.0012589254117941675,0.002,2000000,187,-0.5421875,1.3031249999999999,completed,0.06601892890164437,0.18404094174746957,9.996199033807163e-07,-1005.1363683948231,762.7328994336274,8566,success_index1,S_L,gradient_tolerance,,raw_state_verified,run.py:numpy-batch
SI-pHiSD,0.0012589254117941675,0.002,2000000,185,-0.5609375000000001,1.3031249999999999,completed,0.066018928860611,0.18404094174109242,9.989630096911383e-07,-1005.1363683732809,762.7328993856911,8568,success_index1,S_L,gradient_tolerance,,raw_state_verified,run.py:numpy-batch
SI-pHiSD,0.0012589254117941675,0.002,2000000,318,-0.5140625000000001,1.378125,completed,0.06601892880864753,0.18404094173094396,9.97961704352417e-07,-1005.1363683375682,762.7328993268026,8568,success_index1,S_L,gradient_tolerance,,raw_state_verified,run.py:numpy-batch
SI-pHiSD,0.0012589254117941675,0.002,2000000,350,-0.5140625000000001,1.3968749999999999,completed,0.06601892878054187,0.18404094172724847,9.998541740426178e-07,-1005.136368325549,762.7328992933792,8568,success_index1,S_L,gradient_tolerance,,raw_state_verified,run.py:numpy-batch
SI-pHiSD,0.0012589254117941675,0.002,2000000,190,-0.5140625000000001,1.3031249999999999,completed,0.06601892896403384,0.18404094175334262,9.994821749580273e-07,-1005.1363684120226,762.7328995098645,8570,success_index1,S_L,gradient_tolerance,,raw_state_verified,run.py:numpy-batch
SI-pHiSD,0.0012589254117941675,0.002,2000000,217,-0.5609375000000001,1.321875,completed,0.06601892882728241,0.18404094173501925,9.984982028294853e-07,-1005.1363683521489,762.7328993475386,8571,success_index1,S_L,gradient_tolerance,,raw_state_verified,run.py:numpy-batch
SI-pHiSD,0.0012589254117941675,0.002,2000000,317,-0.5234375,1.378125,completed,0.06601892879947027,0.18404094173085925,9.995414976674984e-07,-1005.1363683382084,762.7328993149052,8571,success_index1,S_L,gradient_tolerance,,raw_state_verified,run.py:numpy-batch
SI-pHiSD,0.0012589254117941675,0.002,2000000,154,-0.5515625000000001,1.284375,completed,0.06601892892686433,0.18404094174867272,9.98168514368161e-07,-1005.1363683970117,762.7328994654717,8574,success_index1,S_L,gradient_tolerance,,raw_state_verified,run.py:numpy-batch
SI-pHiSD,0.0012589254117941675,0.002,2000000,249,-0.5609375000000001,1.340625,completed,0.0660189287892299,0.18404094172728783,9.982022863870139e-07,-1005.1363683247766,762.7328993046781,8575,success_index1,S_L,gradient_tolerance,,raw_state_verified,run.py:numpy-batch
SI-pHiSD,0.0012589254117941675,0.002,2000000,152,-0.5703125,1.284375,completed,0.06601892888888022,0.1840409417455897,9.99381253271532e-07,-1005.136368388545,762.7328994186248,8576,success_index1,S_L,gradient_tolerance,,raw_state_verified,run.py:numpy-batch
SI-pHiSD,0.0012589254117941675,0.002,2000000,153,-0.5609375000000001,1.284375,completed,0.06601892891010859,0.1840409417470032,9.982942582795835e-07,-1005.1363683920172,762.7328994450777,8576,success_index1,S_L,gradient_tolerance,,raw_state_verified,run.py:numpy-batch
SI-pHiSD,0.0012589254117941675,0.002,2000000,155,-0.5421875,1.284375,completed,0.06601892894470193,0.18404094174968794,9.975729168121754e-07,-1005.1363683992275,762.7328994878508,8576,success_index1,S_L,gradient_tolerance,,raw_state_verified,run.py:numpy-batch
SI-pHiSD,0.0012589254117941675,0.002,2000000,191,-0.5046875000000001,1.3031249999999999,completed,0.06601892898951482,0.18404094175467853,9.99288935384128e-07,-1005.1363684147228,762.732899541933,8576,success_index1,S_L,gradient_tolerance,,raw_state_verified,run.py:numpy-batch
SI-pHiSD,0.0012589254117941675,0.002,2000000,184,-0.5703125,1.3031249999999999,completed,0.06601892885661584,0.18404094173937663,9.97968010597201e-07,-1005.1363683667286,762.7328993819837,8578,success_index1,S_L,gradient_tolerance,,raw_state_verified,run.py:numpy-batch
SI-pHiSD,0.0012589254117941675,0.002,2000000,283,-0.5421875,1.359375,completed,0.06601892880823343,0.18404094173146335,9.985088542605568e-07,-1005.1363683397252,762.7328993258075,8579,success_index1,S_L,gradient_tolerance,,raw_state_verified,run.py:numpy-batch
SI-pHiSD,0.0012589254117941675,0.002,2000000,151,-0.5796875,1.284375,completed,0.06601892887531989,0.18404094174269045,9.984365031001108e-07,-1005.1363683782042,762.7328994034774,8581,success_index1,S_L,gradient_tolerance,,raw_state_verified,run.py:numpy-batch
SI-pHiSD,0.0012589254117941675,0.002,2000000,156,-0.5328125000000001,1.284375,completed,0.06601892897219025,0.184040941754144,9.997028220014366e-07,-1005.1363684144078,762.7328995198017,8581,success_index1,S_L,gradient_tolerance,,raw_state_verified,run.py:numpy-batch
SI-pHiSD,0.0012589254117941675,0.002,2000000,119,-0.5796875,1.265625,completed,0.06601892891096645,0.18404094174888375,9.999049171766173e-07,-1005.1363683995764,762.7328994445481,8583,success_index1,S_L,gradient_tolerance,,raw_state_verified,run.py:numpy-batch
SI-pHiSD,0.0012589254117941675,0.002,2000000,120,-0.5703125,1.265625,completed,0.06601892893101254,0.18404094174932245,9.983818278563083e-07,-1005.1363683992101,762.7328994703134,8584,success_index1,S_L,gradient_tolerance,,raw_state_verified,run.py:numpy-batch
SI-pHiSD,0.0012589254117941675,0.002,2000000,351,-0.5046875000000001,1.3968749999999999,completed,0.06601892881894371,0.1840409417343396,9.992705260194436e-07,-1005.136368350279,762.7328993372568,8584,success_index1,S_L,gradient_tolerance,,raw_state_verified,run.py:numpy-batch
SI-pHiSD,0.0012589254117941675,0.002,2000000,121,-0.5609375000000001,1.265625,completed,0.06601892895605752,0.1840409417530013,9.997100695992308e-07,-1005.1363684114899,762.7328994997589,8586,success_index1,S_L,gradient_tolerance,,raw_state_verified,run.py:numpy-batch
SI-pHiSD,0.0012589254117941675,0.002,2000000,216,-0.5703125,1.321875,completed,0.06601892882667339,0.18404094173450766,9.981321141442415e-07,-1005.1363683501328,762.732899347193,8586,success_index1,S_L,gradient_tolerance,,raw_state_verified,run.py:numpy-batch
SI-pHiSD,0.0012589254117941675,0.002,2000000,118,-0.5890625,1.265625,completed,0.06601892890233807,0.1840409417479727,9.999989744199537e-07,-1005.1363683967955,762.7328994340912,8588,success_index1,S_L,gradient_tolerance,,raw_state_verified,run.py:numpy-batch
SI-pHiSD,0.0012589254117941675,0.002,2000000,248,-0.5703125,1.340625,completed,0.06601892878507652,0.18404094172587018,9.977081489396773e-07,-1005.1363683194545,762.732899300503,8588,success_index1,S_L,gradient_tolerance,,raw_state_verified,run.py:numpy-batch
SI-pHiSD,0.0012589254117941675,0.002,2000000,383,-0.5046875000000001,1.415625,completed,0.06601892879991743,0.18404094172885588,9.976314543134777e-07,-1005.1363683300094,762.7328993172449,8588,success_index1,S_L,gradient_tolerance,,raw_state_verified,run.py:numpy-batch
SI-pHiSD,0.0012589254117941675,0.002,2000000,122,-0.5515625000000001,1.265625,completed,0.06601892897410501,0.18404094175341743,9.98942969305268e-07,-1005.1363684112463,762.7328995229367,8589,success_index1,S_L,gradient_tolerance,,raw_state_verified,run.py:numpy-batch
SI-pHiSD,0.0012589254117941675,0.002,2000000,157,-0.5234375,1.284375,completed,0.06601892900155422,0.18404094175512117,9.991964016271335e-07,-1005.136368415232,762.73289955725,8589,success_index1,S_L,gradient_tolerance,,raw_state_verified,run.py:numpy-batch
SI-pHiSD,0.0012589254117941675,0.002,2000000,183,-0.5796875,1.3031249999999999,completed,0.06601892885304714,0.1840409417398064,9.988723422924478e-07,-1005.1363683688603,762.7328993769519,8590,success_index1,S_L,gradient_tolerance,,raw_state_verified,run.py:numpy-batch
SI-pHiSD,0.0012589254117941675,0.002,2000000,117,-0.5984375000000001,1.265625,completed,0.06601892888449949,0.1840409417446835,9.990895018411217e-07,-1005.1363683853278,762.7328994137049,8591,success_index1,S_L,gradient_tolerance,,raw_state_verified,run.py:numpy-batch
SI-pHiSD,0.0012589254117941675,0.002,2000000,85,-0.5984375000000001,1.246875,completed,0.0660189289142538,0.18404094174800725,9.98778069810758e-07,-1005.1363683956572,762.7328994496049,8592,success_index1,S_L,gradient_tolerance,,raw_state_verified,run.py:numpy-batch
SI-pHiSD,0.0012589254117941675,0.002,2000000,150,-0.5890625,1.284375,completed,0.06601892887588809,0.18404094174380856,9.993776828823456e-07,-1005.1363683826922,762.7328994032383,8592,success_index1,S_L,gradient_tolerance,,raw_state_verified,run.py:numpy-batch
SI-pHiSD,0.0012589254117941675,0.002,2000000,315,-0.5421875,1.378125,completed,0.06601892878471316,0.18404094172777136,9.995144381205222e-07,-1005.1363683272289,762.7328992983623,8592,success_index1,S_L,gradient_tolerance,,raw_state_verified,run.py:numpy-batch
SI-pHiSD,0.0012589254117941675,0.002,2000000,86,-0.5890625,1.246875,completed,0.06601892893326707,0.18404094174891553,9.97818222675696e-07,-1005.1363683973125,762.732899473611,8593,success_index1,S_L,gradient_tolerance,,raw_state_verified,run.py:numpy-batch
SI-pHiSD,0.0012589254117941675,0.002,2000000,87,-0.5796875,1.246875,completed,0.06601892895347201,0.18404094175244634,9.9939499631751e-07,-1005.1363684095095,762.7328994968725,8594,success_index1,S_L,gradient_tolerance,,raw_state_verified,run.py:numpy-batch
SI-pHiSD,0.0012589254117941675,0.002,2000000,84,-0.6078125000000001,1.246875,completed,0.06601892889876697,0.18404094174542468,9.980889443821776e-07,-1005.1363683868123,762.7328994316666,8595,success_index1,S_L,gradient_tolerance,,raw_state_verified,run.py:numpy-batch
SI-pHiSD,0.0012589254117941675,0.002,2000000,123,-0.5421875,1.265625,completed,0.06601892899905465,0.18404094175539307,9.99530811853669e-07,-1005.136368416606,762.7328995537513,8596,success_index1,S_L,gradient_tolerance,,raw_state_verified,run.py:numpy-batch
SI-pHiSD,0.0012589254117941675,0.002,2000000,149,-0.5984375000000001,1.284375,completed,0.06601892886088491,0.18404094174215066,9.998862910820331e-07,-1005.1363683775573,762.7328993851203,8597,success_index1,S_L,gradient_tolerance,,raw_state_verified,run.py:numpy-batch
SI-pHiSD,0.0012589254117941675,0.002,2000000,182,-0.5890625,1.3031249999999999,completed,0.06601892884024789,0.18404094173805272,9.991960186009384e-07,-1005.1363683630993,762.7328993617925,8597,success_index1,S_L,gradient_tolerance,,raw_state_verified,run.py:numpy-batch
SI-pHiSD,0.0012589254117941675,0.002,2000000,88,-0.5703125,1.246875,completed,0.06601892897724276,0.1840409417534348,9.987852368005949e-07,-1005.1363684109793,762.7328995270148,8598,success_index1,S_L,gradient_tolerance,,raw_state_verified,run.py:numpy-batch
SI-pHiSD,0.0012589254117941675,0.002,2000000,348,-0.5328125000000001,1.3968749999999999,completed,0.06601892877447417,0.18404094172492969,9.989474738664177e-07,-1005.136368316766,762.732899287497,8598,success_index1,S_L,gradient_tolerance,,raw_state_verified,run.py:numpy-batch
SI-pHiSD,0.0012589254117941675,0.002,2000000,382,-0.5140625000000001,1.415625,completed,0.06601892878578816,0.18404094172607469,9.977569524595958e-07,-1005.1363683202103,762.7328993012522,8598,success_index1,S_L,gradient_tolerance,,raw_state_verified,run.py:numpy-batch
SI-pHiSD,0.0012589254117941675,0.002,2000000,116,-0.6078125000000001,1.265625,completed,0.06601892887543169,0.18404094174181368,9.976265419801573e-07,-1005.1363683746249,762.7328994043921,8599,success_index1,S_L,gradient_tolerance,,raw_state_verified,run.py:numpy-batch
SI-pHiSD,0.0012589254117941675,0.002,2000000,281,-0.5609375000000001,1.359375,completed,0.06601892878694252,0.18404094172625335,9.97697042497229e-07,-1005.1363683208135,762.7328993026015,8599,success_index1,S_L,gradient_tolerance,,raw_state_verified,run.py:numpy-batch
SI-pHiSD,0.0012589254117941675,0.002,2000000,83,-0.6171875,1.246875,completed,0.0660189288897494,0.18404094174594623,9.99600823930393e-07,-1005.1363683899021,762.7328994194461,8600,success_index1,S_L,gradient_tolerance,,raw_state_verified,run.py:numpy-batch
SI-pHiSD,0.0012589254117941675,0.002,2000000,314,-0.5515625000000001,1.378125,completed,0.06601892876782935,0.18404094172325045,9.987695478102936e-07,-1005.1363683106471,762.7328992803012,8600,success_index1,S_L,gradient_tolerance,,raw_state_verified,run.py:numpy-batch
SI-pHiSD,0.0012589254117941675,0.002,2000000,316,-0.5328125000000001,1.378125,completed,0.06601892881216039,0.18404094173240895,9.986794081474264e-07,-1005.1363683431514,762.7328993301008,8601,success_index1,S_L,gradient_tolerance,,raw_state_verified,run.py:numpy-batch
SI-pHiSD,0.0012589254117941675,0.002,2000000,51,-0.6171875,1.228125,completed,0.06601892891793677,0.18404094174785163,9.982719695630456e-07,-1005.1363683946289,762.7328994545459,8602,success_index1,S_L,gradient_tolerance,,raw_state_verified,run.py:numpy-batch
SI-pHiSD,0.0012589254117941675,0.002,2000000,52,-0.6078125000000001,1.228125,completed,0.0660189289389377,0.1840409417515836,9.997413280835275e-07,-1005.1363684075593,762.732899478669,8602,success_index1,S_L,gradient_tolerance,,raw_state_verified,run.py:numpy-batch
SI-pHiSD,0.0012589254117941675,0.002,2000000,158,-0.5140625000000001,1.284375,completed,0.0660189290368387,0.18404094175473087,9.980542986732525e-07,-1005.136368409857,762.7328996036202,8602,success_index1,S_L,gradient_tolerance,,raw_state_verified,run.py:numpy-batch
SI-pHiSD,0.0012589254117941675,0.002,2000000,282,-0.5515625000000001,1.359375,completed,0.06601892882390054,0.18404094173425709,9.983620815244835e-07,-1005.1363683494105,762.7328993437957,8602,success_index1,S_L,gradient_tolerance,,raw_state_verified,run.py:numpy-batch
SI-pHiSD,0.0012589254117941675,0.002,2000000,215,-0.5796875,1.321875,completed,0.06601892883313921,0.18404094173637559,9.98786147212005e-07,-1005.1363683570384,762.7328993539898,8603,success_index1,S_L,gradient_tolerance,,raw_state_verified,run.py:numpy-batch
SI-pHiSD,0.0012589254117941675,0.002,2000000,214,-0.5890625,1.321875,completed,0.06601892880812721,0.1840409417317656,9.988034318353506e-07,-1005.1363683409668,762.7328993254034,8604,success_index1,S_L,gradient_tolerance,,raw_state_verified,run.py:numpy-batch
SI-pHiSD,0.0012589254117941675,0.002,2000000,247,-0.5796875,1.340625,completed,0.06601892878610775,0.1840409417266283,9.982005284328466e-07,-1005.1363683224282,762.7328993011837,8604,success_index1,S_L,gradient_tolerance,,raw_state_verified,run.py:numpy-batch
SI-pHiSD,0.0012589254117941675,0.002,2000000,50,-0.6265625,1.228125,completed,0.06601892890606537,0.18404094174610913,9.97910918933093e-07,-1005.1363683888138,762.7328994405873,8606,success_index1,S_L,gradient_tolerance,,raw_state_verified,run.py:numpy-batch
SI-pHiSD,0.0012589254117941675,0.002,2000000,82,-0.6265625,1.246875,completed,0.06601892887858278,0.18404094174220328,9.975774627408563e-07,-1005.136368375872,762.7328994081608,8606,success_index1,S_L,gradient_tolerance,,raw_state_verified,run.py:numpy-batch
SI-pHiSD,0.0012589254117941675,0.002,2000000,89,-0.5609375000000001,1.246875,completed,0.06601892900367275,0.18404094175547703,9.994386110963734e-07,-1005.1363684164521,762.7328995597018,8606,success_index1,S_L,gradient_tolerance,,raw_state_verified,run.py:numpy-batch
SI-pHiSD,0.0012589254117941675,0.002,2000000,415,-0.5046875000000001,1.434375,completed,0.06601892878165815,0.18404094172605504,9.98544613989015e-07,-1005.1363683205735,762.732899295882,8606,success_index1,S_L,gradient_tolerance,,raw_state_verified,run.py:numpy-batch
SI-pHiSD,0.0012589254117941675,0.002,2000000,488,-0.7203125,1.4906249999999999,completed,1.1394066299480348,4.8685862246063305,16071275872.628075,1532295265.432399,141182039598.451,8607,state_safeguard,U,state_safeguard,source_norm2_gt_5,raw_state_verified,run.py:numpy-batch
SI-pHiSD,0.0012589254117941675,0.002,2000000,49,-0.6359375,1.228125,completed,0.06601892889032177,0.18404094174565017,9.992648273384406e-07,-1005.1363683886359,762.7328994204522,8607,success_index1,S_L,gradient_tolerance,,raw_state_verified,run.py:numpy-batch
SI-pHiSD,0.0012589254117941675,0.002,2000000,115,-0.6171875,1.265625,completed,0.06601892886646087,0.18404094174044014,9.97565477408687e-07,-1005.1363683699996,762.732899393894,8607,success_index1,S_L,gradient_tolerance,,raw_state_verified,run.py:numpy-batch
SI-pHiSD,0.0012589254117941675,0.002,2000000,148,-0.6078125000000001,1.284375,completed,0.06601892885135868,0.18404094173900953,9.983941484123638e-07,-1005.1363683657997,762.7328993754476,8607,success_index1,S_L,gradient_tolerance,,raw_state_verified,run.py:numpy-batch
SI-pHiSD,0.0012589254117941675,0.002,2000000,280,-0.5703125,1.359375,completed,0.06601892876863157,0.18404094172224492,9.976857264650947e-07,-1005.13636830647,762.7328992822293,8607,success_index1,S_L,gradient_tolerance,,raw_state_verified,run.py:numpy-batch
SI-pHiSD,0.0012589254117941675,0.002,2000000,388,-0.7578125,1.434375,completed,1.1389766048289638,4.868684945553981,16044377945.80009,1529828462.5915143,140938996273.5121,8608,state_safeguard,U,state_safeguard,source_norm2_gt_5,raw_state_verified,run.py:numpy-batch
SI-pHiSD,0.0012589254117941675,0.002,2000000,53,-0.5984375000000001,1.228125,completed,0.06601892896936937,0.18404094175399696,9.99737635222515e-07,-1005.136368414112,762.7328995162511,8608,success_index1,S_L,gradient_tolerance,,raw_state_verified,run.py:numpy-batch
SI-pHiSD,0.0012589254117941675,0.002,2000000,17,-0.6359375,1.2093749999999999,completed,0.06601892892054845,0.1840409417483489,9.984677063023493e-07,-1005.1363683963721,762.7328994575166,8610,success_index1,S_L,gradient_tolerance,,raw_state_verified,run.py:numpy-batch
SI-pHiSD,0.0012589254117941675,0.002,2000000,54,-0.5890625,1.228125,completed,0.06601892898375247,0.1840409417528431,9.979208552824022e-07,-1005.1363684078741,762.7328995360253,8610,success_index1,S_L,gradient_tolerance,,raw_state_verified,run.py:numpy-batch
SI-pHiSD,0.0012589254117941675,0.002,2000000,18,-0.6265625,1.2093749999999999,completed,0.06601892893865001,0.18404094175105346,9.992879006714568e-07,-1005.1363684054329,762.7328994787589,8611,success_index1,S_L,gradient_tolerance,,raw_state_verified,run.py:numpy-batch
SI-pHiSD,0.0012589254117941675,0.002,2000000,124,-0.5328125000000001,1.265625,completed,0.06601892903903002,0.1840409417562325,9.993623445620694e-07,-1005.1363684157317,762.7328996051623,8611,success_index1,S_L,gradient_tolerance,,raw_state_verified,run.py:numpy-batch
SI-pHiSD,0.0012589254117941675,0.002,2000000,48,-0.6453125000000001,1.228125,completed,0.066018928878818,0.18404094174480512,9.999074951268207e-07,-1005.1363683864322,762.732899406187,8614,success_index1,S_L,gradient_tolerance,,raw_state_verified,run.py:numpy-batch
SI-pHiSD,0.0012589254117941675,0.002,2000000,81,-0.6359375,1.246875,completed,0.06601892887501168,0.18404094174356034,9.99265573608699e-07,-1005.1363683817763,762.7328994023128,8615,success_index1,S_L,gradient_tolerance,,raw_state_verified,run.py:numpy-batch
SI-pHiSD,0.0012589254117941675,0.002,2000000,147,-0.6171875,1.284375,completed,0.06601892883769302,0.18404094173587812,9.976138209529486e-07,-1005.1363683545261,762.7328993603662,8615,success_index1,S_L,gradient_tolerance,,raw_state_verified,run.py:numpy-batch
SI-pHiSD,0.0012589254117941675,0.002,2000000,16,-0.6453125000000001,1.2093749999999999,completed,0.06601892891221657,0.18404094174807611,9.990468315071712e-07,-1005.1363683961563,762.7328994468869,8616,success_index1,S_L,gradient_tolerance,,raw_state_verified,run.py:numpy-batch
SI-pHiSD,0.0012589254117941675,0.002,2000000,19,-0.6171875,1.2093749999999999,completed,0.06601892896357005,0.18404094175280186,9.990270786779146e-07,-1005.1363684098723,762.7328995097334,8616,success_index1,S_L,gradient_tolerance,,raw_state_verified,run.py:numpy-batch
SI-pHiSD,0.0012589254117941675,0.002,2000000,181,-0.5984375000000001,1.3031249999999999,completed,0.06601892884899531,0.18404094173911545,9.988386894547632e-07,-1005.1363683664841,762.7328993722717,8616,success_index1,S_L,gradient_tolerance,,raw_state_verified,run.py:numpy-batch
SI-pHiSD,0.0012589254117941675,0.002,2000000,15,-0.6546875000000001,1.2093749999999999,completed,0.06601892889117382,0.18404094174391072,9.975888784314082e-07,-1005.1363683814672,762.7328994230891,8617,success_index1,S_L,gradient_tolerance,,raw_state_verified,run.py:numpy-batch
SI-pHiSD,0.0012589254117941675,0.002,2000000,180,-0.6078125000000001,1.3031249999999999,completed,0.06601892882247785,0.18404094173329805,9.977254903464652e-07,-1005.1363683456614,762.7328993427806,8617,success_index1,S_L,gradient_tolerance,,raw_state_verified,run.py:numpy-batch
SI-pHiSD,0.0012589254117941675,0.002,2000000,213,-0.5984375000000001,1.321875,completed,0.06601892880174674,0.1840409417300611,9.98396606549577e-07,-1005.1363683347166,762.7328993185748,8617,success_index1,S_L,gradient_tolerance,,raw_state_verified,run.py:numpy-batch
SI-pHiSD,0.0012589254117941675,0.002,2000000,349,-0.5234375,1.3968749999999999,completed,0.06601892881973531,0.18404094173413987,9.989542317522343e-07,-1005.1363683493809,762.7328993384646,8617,success_index1,S_L,gradient_tolerance,,raw_state_verified,run.py:numpy-batch
SI-pHiSD,0.0012589254117941675,0.002,2000000,114,-0.6265625,1.265625,completed,0.06601892886551988,0.18404094174139873,9.985638280311513e-07,-1005.1363683740008,762.732899391826,8618,success_index1,S_L,gradient_tolerance,,raw_state_verified,run.py:numpy-batch
SI-pHiSD,0.0012589254117941675,0.002,2000000,347,-0.5421875,1.3968749999999999,completed,0.06601892878513994,0.1840409417269991,9.987265457546665e-07,-1005.1363683240412,762.7328992995959,8620,success_index1,S_L,gradient_tolerance,,raw_state_verified,run.py:numpy-batch
SI-pHiSD,0.0012589254117941675,0.002,2000000,455,-0.7296875,1.4718749999999998,completed,1.1393112338331703,4.868661032249599,16071146359.76358,1532291961.926962,141180615953.4076,8621,state_safeguard,U,state_safeguard,source_norm2_gt_5,raw_state_verified,run.py:numpy-batch
SI-pHiSD,0.0012589254117941675,0.002,2000000,20,-0.6078125000000001,1.2093749999999999,completed,0.06601892898796402,0.1840409417532498,9.980841577577055e-07,-1005.1363684090767,762.7328995411624,8621,success_index1,S_L,gradient_tolerance,,raw_state_verified,run.py:numpy-batch
SI-pHiSD,0.0012589254117941675,0.002,2000000,47,-0.6546875000000001,1.228125,completed,0.06601892886798753,0.18404094174214097,9.98903859498453e-07,-1005.1363683767553,762.7328993943942,8621,success_index1,S_L,gradient_tolerance,,raw_state_verified,run.py:numpy-batch
SI-pHiSD,0.0012589254117941675,0.002,2000000,55,-0.5796875,1.228125,completed,0.06601892901824163,0.18404094175492658,9.985291573067911e-07,-1005.1363684126497,762.7328995791888,8621,success_index1,S_L,gradient_tolerance,,raw_state_verified,run.py:numpy-batch
SI-pHiSD,0.0012589254117941675,0.002,2000000,159,-0.5046875000000001,1.284375,completed,0.06601892908247647,0.18404094175480273,9.984895247603852e-07,-1005.1363684052515,762.7328996630912,8621,success_index1,S_L,gradient_tolerance,,raw_state_verified,run.py:numpy-batch
SI-pHiSD,0.0012589254117941675,0.002,2000000,14,-0.6640625,1.2093749999999999,completed,0.06601892887876855,0.18404094174477864,9.998897208764192e-07,-1005.1363683863302,762.7328994061452,8622,success_index1,S_L,gradient_tolerance,,raw_state_verified,run.py:numpy-batch
SI-pHiSD,0.0012589254117941675,0.002,2000000,90,-0.5515625000000001,1.246875,completed,0.06601892904626964,0.18404094175550934,9.986881497062766e-07,-1005.1363684120124,762.7328996152403,8622,success_index1,S_L,gradient_tolerance,,raw_state_verified,run.py:numpy-batch
SI-pHiSD,0.0012589254117941675,0.002,2000000,80,-0.6453125000000001,1.246875,completed,0.06601892885963667,0.18404094173979954,9.979247992551251e-07,-1005.1363683681252,762.7328993855537,8624,success_index1,S_L,gradient_tolerance,,raw_state_verified,run.py:numpy-batch
SI-pHiSD,0.0012589254117941675,0.002,2000000,113,-0.6359375,1.265625,completed,0.0660189288491673,0.18404094173882674,9.98550615960941e-07,-1005.1363683652914,762.7328993727491,8625,success_index1,S_L,gradient_tolerance,,raw_state_verified,run.py:numpy-batch
SI-pHiSD,0.0012589254117941675,0.002,2000000,146,-0.6265625,1.284375,completed,0.06601892882817556,0.18404094173623686,9.994612591176352e-07,-1005.1363683570067,762.7328993476365,8625,success_index1,S_L,gradient_tolerance,,raw_state_verified,run.py:numpy-batch
SI-pHiSD,0.0012589254117941675,0.002,2000000,380,-0.5328125000000001,1.415625,completed,0.06601892877540853,0.18404094172611385,9.998407332314458e-07,-1005.1363683214832,762.7328992876779,8628,success_index1,S_L,gradient_tolerance,,raw_state_verified,run.py:numpy-batch
SI-pHiSD,0.0012589254117941675,0.002,2000000,246,-0.5890625,1.340625,completed,0.06601892879979863,0.18404094172875604,9.975621721196464e-07,-1005.136368329616,762.732899317178,8629,success_index1,S_L,gradient_tolerance,,raw_state_verified,run.py:numpy-batch
SI-pHiSD,0.0012589254117941675,0.002,2000000,13,-0.6734375,1.2093749999999999,completed,0.06601892887021493,0.1840409417425813,9.990059572657252e-07,-1005.1363683783079,762.7328993969137,8630,success_index1,S_L,gradient_tolerance,,raw_state_verified,run.py:numpy-batch
SI-pHiSD,0.0012589254117941675,0.002,2000000,46,-0.6640625,1.228125,completed,0.0660189288594068,0.18404094174167024,9.996569737623432e-07,-1005.1363683757614,762.7328993836135,8630,success_index1,S_L,gradient_tolerance,,raw_state_verified,run.py:numpy-batch
SI-pHiSD,0.0012589254117941675,0.002,2000000,79,-0.6546875000000001,1.246875,completed,0.06601892884655894,0.18404094173903965,9.991330086906853e-07,-1005.1363683664372,762.7328993691599,8631,success_index1,S_L,gradient_tolerance,,raw_state_verified,run.py:numpy-batch
SI-pHiSD,0.0012589254117941675,0.002,2000000,21,-0.5984375000000001,1.2093749999999999,completed,0.06601892902490482,0.1840409417566925,9.999555606227461e-07,-1005.136368419119,762.7328995863328,8632,success_index1,S_L,gradient_tolerance,,raw_state_verified,run.py:numpy-batch
SI-pHiSD,0.0012589254117941675,0.002,2000000,125,-0.5234375,1.265625,completed,0.06601892908661176,0.18404094175442756,9.982738604936085e-07,-1005.136368403281,762.7328996688148,8632,success_index1,S_L,gradient_tolerance,,raw_state_verified,run.py:numpy-batch
SI-pHiSD,0.0012589254117941675,0.002,2000000,56,-0.5703125,1.228125,completed,0.06601892904986345,0.1840409417552075,9.984193875600097e-07,-1005.1363684103987,762.732899620193,8634,success_index1,S_L,gradient_tolerance,,raw_state_verified,run.py:numpy-batch
SI-pHiSD,0.0012589254117941675,0.002,2000000,212,-0.6078125000000001,1.321875,completed,0.06601892880204532,0.18404094173072444,9.989473233677695e-07,-1005.1363683373834,762.7328993183829,8634,success_index1,S_L,gradient_tolerance,,raw_state_verified,run.py:numpy-batch
SI-pHiSD,0.0012589254117941675,0.002,2000000,112,-0.6453125000000001,1.265625,completed,0.06601892883650609,0.18404094173629706,9.98181180470675e-07,-1005.1363683563579,762.7328993584507,8635,success_index1,S_L,gradient_tolerance,,raw_state_verified,run.py:numpy-batch
SI-pHiSD,0.0012589254117941675,0.002,2000000,313,-0.5609375000000001,1.378125,completed,0.06601892878870486,0.18404094172886448,9.997419447977945e-07,-1005.1363683312478,762.732899302611,8635,success_index1,S_L,gradient_tolerance,,raw_state_verified,run.py:numpy-batch
SI-pHiSD,0.0012589254117941675,0.002,2000000,179,-0.6171875,1.3031249999999999,completed,0.06601892882805427,0.18404094173430965,9.97725551814016e-07,-1005.1363683491791,762.7328993491677,8636,success_index1,S_L,gradient_tolerance,,raw_state_verified,run.py:numpy-batch
SI-pHiSD,0.0012589254117941675,0.002,2000000,245,-0.5984375000000001,1.340625,completed,0.06601892878149677,0.18404094172742297,9.998253497758795e-07,-1005.1363683261562,762.7328992944721,8636,success_index1,S_L,gradient_tolerance,,raw_state_verified,run.py:numpy-batch
SI-pHiSD,0.0012589254117941675,0.002,2000000,381,-0.5234375,1.415625,completed,0.06601892881713203,0.18404094173393543,9.992111207240092e-07,-1005.1363683488282,762.7328993352479,8636,success_index1,S_L,gradient_tolerance,,raw_state_verified,run.py:numpy-batch
SI-pHiSD,0.0012589254117941675,0.002,2000000,12,-0.6828125,1.2093749999999999,completed,0.06601892885713527,0.18404094174162428,9.999368594401333e-07,-1005.1363683758177,762.7328993806907,8637,success_index1,S_L,gradient_tolerance,,raw_state_verified,run.py:numpy-batch
SI-pHiSD,0.0012589254117941675,0.002,2000000,145,-0.6359375,1.284375,completed,0.06601892882158587,0.18404094173303817,9.976381561947878e-07,-1005.1363683446998,762.7328993418448,8639,success_index1,S_L,gradient_tolerance,,raw_state_verified,run.py:numpy-batch
SI-pHiSD,0.0012589254117941675,0.002,2000000,312,-0.5703125,1.378125,completed,0.06601892877157343,0.18404094172277635,9.975687434804765e-07,-1005.136368308316,762.7328992856012,8639,success_index1,S_L,gradient_tolerance,,raw_state_verified,run.py:numpy-batch
SI-pHiSD,0.0012589254117941675,0.002,2000000,414,-0.5140625000000001,1.434375,completed,0.06601892879731257,0.18404094172988328,9.990493271750444e-07,-1005.1363683344688,762.7328993129465,8642,success_index1,S_L,gradient_tolerance,,raw_state_verified,run.py:numpy-batch
SI-pHiSD,0.0012589254117941675,0.002,2000000,45,-0.6734375,1.228125,completed,0.06601892885786356,0.1840409417397459,9.981261887194877e-07,-1005.1363683680972,762.7328993832879,8644,success_index1,S_L,gradient_tolerance,,raw_state_verified,run.py:numpy-batch
SI-pHiSD,0.0012589254117941675,0.002,2000000,178,-0.6265625,1.3031249999999999,completed,0.06601892881203911,0.18404094173360516,9.997913799809742e-07,-1005.136368348031,762.7328993288941,8644,success_index1,S_L,gradient_tolerance,,raw_state_verified,run.py:numpy-batch
SI-pHiSD,0.0012589254117941675,0.002,2000000,278,-0.5890625,1.359375,completed,0.06601892877103573,0.18404094172495736,9.996703779993802e-07,-1005.1363683172476,762.7328992829872,8644,success_index1,S_L,gradient_tolerance,,raw_state_verified,run.py:numpy-batch
SI-pHiSD,0.0012589254117941675,0.002,2000000,447,-0.5046875000000001,1.453125,completed,0.06601892878995784,0.1840409417285393,9.99205683877012e-07,-1005.1363683297901,762.7328993045309,8644,success_index1,S_L,gradient_tolerance,,raw_state_verified,run.py:numpy-batch
SI-pHiSD,0.0012589254117941675,0.002,2000000,78,-0.6640625,1.246875,completed,0.06601892884129491,0.18404094173688842,9.979750672444583e-07,-1005.1363683582498,762.7328993641793,8645,success_index1,S_L,gradient_tolerance,,raw_state_verified,run.py:numpy-batch
SI-pHiSD,0.0012589254117941675,0.002,2000000,91,-0.5421875,1.246875,completed,0.06601892909249522,0.18404094175395716,9.98045735113091e-07,-1005.1363684007358,762.7328996769021,8645,success_index1,S_L,gradient_tolerance,,raw_state_verified,run.py:numpy-batch
SI-pHiSD,0.0012589254117941675,0.002,2000000,22,-0.5890625,1.2093749999999999,completed,0.06601892905759056,0.1840409417545645,9.978815431683032e-07,-1005.1363684069534,762.7328996308368,8646,success_index1,S_L,gradient_tolerance,,raw_state_verified,run.py:numpy-batch
SI-pHiSD,0.0012589254117941675,0.002,2000000,321,-0.7859375000000001,1.3968749999999999,completed,1.1386183986903864,4.868639049183344,16007909665.936102,1526463045.8095307,140610106229.39343,8647,state_safeguard,U,state_safeguard,source_norm2_gt_5,raw_state_verified,run.py:numpy-batch
SI-pHiSD,0.0012589254117941675,0.002,2000000,111,-0.6546875000000001,1.265625,completed,0.0660189288286921,0.18404094173628163,9.994178252062247e-07,-1005.1363683571332,762.732899348271,8647,success_index1,S_L,gradient_tolerance,,raw_state_verified,run.py:numpy-batch
SI-pHiSD,0.0012589254117941675,0.002,2000000,211,-0.6171875,1.321875,completed,0.0660189287940988,0.1840409417302498,9.999834044598634e-07,-1005.1363683363049,762.7328993084328,8648,success_index1,S_L,gradient_tolerance,,raw_state_verified,run.py:numpy-batch
SI-pHiSD,0.0012589254117941675,0.002,2000000,279,-0.5796875,1.359375,completed,0.06601892881388154,0.18404094173307475,9.989867497751853e-07,-1005.1363683456756,762.7328993317624,8648,success_index1,S_L,gradient_tolerance,,raw_state_verified,run.py:numpy-batch
SI-pHiSD,0.0012589254117941675,0.002,2000000,11,-0.6921875000000001,1.2093749999999999,completed,0.06601892885074326,0.18404094173870036,9.982032360966538e-07,-1005.1363683646078,762.7328993749159,8649,success_index1,S_L,gradient_tolerance,,raw_state_verified,run.py:numpy-batch
SI-pHiSD,0.0012589254117941675,0.002,2000000,413,-0.5234375,1.434375,completed,0.06601892879697034,0.1840409417285958,9.979379928121436e-07,-1005.1363683292676,762.7328993136289,8653,success_index1,S_L,gradient_tolerance,,raw_state_verified,run.py:numpy-batch
SI-pHiSD,0.0012589254117941675,0.002,2000000,57,-0.5609375000000001,1.228125,completed,0.06601892909572793,0.18404094175547284,9.99476564527138e-07,-1005.1363684065557,762.7328996797903,8654,success_index1,S_L,gradient_tolerance,,raw_state_verified,run.py:numpy-batch
SI-pHiSD,0.0012589254117941675,0.002,2000000,144,-0.6453125000000001,1.284375,completed,0.06601892881957055,0.18404094173503205,9.997952886830438e-07,-1005.1363683530282,762.7328993374676,8654,success_index1,S_L,gradient_tolerance,,raw_state_verified,run.py:numpy-batch
SI-pHiSD,0.0012589254117941675,0.002,2000000,311,-0.5796875,1.378125,completed,0.0660189287624807,0.1840409417219984,9.98739908378118e-07,-1005.1363683061265,762.7328992744219,8654,success_index1,S_L,gradient_tolerance,,raw_state_verified,run.py:numpy-batch
SI-pHiSD,0.0012589254117941675,0.002,2000000,446,-0.5140625000000001,1.453125,completed,0.0660189287725438,0.18404094172309018,9.976580465009906e-07,-1005.1363683094893,762.7328992865914,8654,success_index1,S_L,gradient_tolerance,,raw_state_verified,run.py:numpy-batch
SI-pHiSD,0.0012589254117941675,0.002,2000000,44,-0.6828125,1.228125,completed,0.06601892884975721,0.18404094173830587,9.979896993495396e-07,-1005.1363683631084,762.7328993739756,8655,success_index1,S_L,gradient_tolerance,,raw_state_verified,run.py:numpy-batch
SI-pHiSD,0.0012589254117941675,0.002,2000000,77,-0.6734375,1.246875,completed,0.066018928834176,0.18404094173611849,9.983868811649874e-07,-1005.1363683558811,762.7328993555677,8658,success_index1,S_L,gradient_tolerance,,raw_state_verified,run.py:numpy-batch
SI-pHiSD,0.0012589254117941675,0.002,2000000,345,-0.5609375000000001,1.3968749999999999,completed,0.06601892877809733,0.1840409417243122,9.97657563620617e-07,-1005.1363683138648,762.7328992927651,8659,success_index1,S_L,gradient_tolerance,,raw_state_verified,run.py:numpy-batch
SI-pHiSD,0.0012589254117941675,0.002,2000000,346,-0.5515625000000001,1.3968749999999999,completed,0.06601892881477246,0.18404094173391358,9.995972373287927e-07,-1005.1363683489926,762.7328993321892,8659,success_index1,S_L,gradient_tolerance,,raw_state_verified,run.py:numpy-batch
SI-pHiSD,0.0012589254117941675,0.002,2000000,10,-0.7015625000000001,1.2093749999999999,completed,0.06601892884385556,0.18404094173763802,9.982658957198195e-07,-1005.1363683610246,762.7328993668624,8661,success_index1,S_L,gradient_tolerance,,raw_state_verified,run.py:numpy-batch
SI-pHiSD,0.0012589254117941675,0.002,2000000,244,-0.6078125000000001,1.340625,completed,0.06601892879593907,0.1840409417300033,9.994141333332465e-07,-1005.1363683351049,762.7328993110494,8661,success_index1,S_L,gradient_tolerance,,raw_state_verified,run.py:numpy-batch
SI-pHiSD,0.0012589254117941675,0.002,2000000,422,-0.7390625000000001,1.453125,completed,1.1392070918979815,4.8687305818846776,16069667209.51635,1532163709.072567,141167031857.728,8664,state_safeguard,U,state_safeguard,source_norm2_gt_5,raw_state_verified,run.py:numpy-batch
SI-pHiSD,0.0012589254117941675,0.002,2000000,43,-0.6921875000000001,1.228125,completed,0.06601892883461936,0.18404094173662874,9.987810828868527e-07,-1005.1363683579095,762.7328993556987,8664,success_index1,S_L,gradient_tolerance,,raw_state_verified,run.py:numpy-batch
SI-pHiSD,0.0012589254117941675,0.002,2000000,110,-0.6640625,1.265625,completed,0.06601892882537967,0.18404094173499513,9.987893727287273e-07,-1005.1363683522546,762.732899345078,8664,success_index1,S_L,gradient_tolerance,,raw_state_verified,run.py:numpy-batch
SI-pHiSD,0.0012589254117941675,0.002,2000000,344,-0.5703125,1.3968749999999999,completed,0.0660189287544258,0.18404094172126068,9.99782151407278e-07,-1005.1363683039901,762.7328992645608,8664,success_index1,S_L,gradient_tolerance,,raw_state_verified,run.py:numpy-batch
SI-pHiSD,0.0012589254117941675,0.002,2000000,177,-0.6359375,1.3031249999999999,completed,0.06601892881779768,0.1840409417348214,9.999049340205503e-07,-1005.1363683523621,762.7328993353392,8665,success_index1,S_L,gradient_tolerance,,raw_state_verified,run.py:numpy-batch
SI-pHiSD,0.0012589254117941675,0.002,2000000,379,-0.5421875,1.415625,completed,0.06601892879849705,0.1840409417297959,9.987505041031954e-07,-1005.1363683339862,762.7328993145683,8665,success_index1,S_L,gradient_tolerance,,raw_state_verified,run.py:numpy-batch
SI-pHiSD,0.0012589254117941675,0.002,2000000,210,-0.6265625,1.321875,completed,0.06601892879325214,0.18404094172954608,9.995003764170367e-07,-1005.136368333533,762.7328993079451,8667,success_index1,S_L,gradient_tolerance,,raw_state_verified,run.py:numpy-batch
SI-pHiSD,0.0012589254117941675,0.002,2000000,23,-0.5796875,1.2093749999999999,completed,0.06601892910244929,0.184040941754269,9.98684993981001e-07,-1005.1363684009364,762.7328996896136,8668,success_index1,S_L,gradient_tolerance,,raw_state_verified,run.py:numpy-batch
SI-pHiSD,0.0012589254117941675,0.002,2000000,126,-0.5140625000000001,1.265625,completed,0.06601892916197304,0.18404094175044328,9.991801302562326e-07,-1005.1363683789832,762.7328997706156,8669,success_index1,S_L,gradient_tolerance,,raw_state_verified,run.py:numpy-batch
SI-pHiSD,0.0012589254117941675,0.002,2000000,143,-0.6546875000000001,1.284375,completed,0.06601892881181495,0.18404094173128774,9.977174421991575e-07,-1005.1363683386268,762.7328993306335,8670,success_index1,S_L,gradient_tolerance,,raw_state_verified,run.py:numpy-batch
SI-pHiSD,0.0012589254117941675,0.002,2000000,76,-0.6828125,1.246875,completed,0.0660189288246058,0.18404094173412489,9.981245332449395e-07,-1005.1363683487972,762.7328993448315,8671,success_index1,S_L,gradient_tolerance,,raw_state_verified,run.py:numpy-batch
SI-pHiSD,0.0012589254117941675,0.002,2000000,277,-0.5984375000000001,1.359375,completed,0.06601892878339737,0.18404094172759658,9.996112292605784e-07,-1005.1363683266587,762.7328992967991,8671,success_index1,S_L,gradient_tolerance,,raw_state_verified,run.py:numpy-batch
SI-pHiSD,0.0012589254117941675,0.002,2000000,9,-0.7109375,1.2093749999999999,completed,0.06601892883590002,0.18404094173781532,9.996588935051997e-07,-1005.1363683626003,762.7328993563287,8673,success_index1,S_L,gradient_tolerance,,raw_state_verified,run.py:numpy-batch
SI-pHiSD,0.0012589254117941675,0.002,2000000,378,-0.5515625000000001,1.415625,completed,0.06601892878980643,0.1840409417279291,9.986775749849376e-07,-1005.136368327324,762.732899304868,8673,success_index1,S_L,gradient_tolerance,,raw_state_verified,run.py:numpy-batch
SI-pHiSD,0.0012589254117941675,0.002,2000000,412,-0.5328125000000001,1.434375,completed,0.0660189287908799,0.18404094172700436,9.976291844684935e-07,-1005.1363683234462,762.732899307079,8673,success_index1,S_L,gradient_tolerance,,raw_state_verified,run.py:numpy-batch
SI-pHiSD,0.0012589254117941675,0.002,2000000,411,-0.5421875,1.434375,completed,0.06601892875889458,0.18404094172185245,9.993649735074035e-07,-1005.1363683059179,762.7328992698718,8674,success_index1,S_L,gradient_tolerance,,raw_state_verified,run.py:numpy-batch
SI-pHiSD,0.0012589254117941675,0.002,2000000,42,-0.7015625000000001,1.228125,completed,0.0660189288275194,0.1840409417350323,9.984712414037722e-07,-1005.1363683521765,762.7328993478366,8678,success_index1,S_L,gradient_tolerance,,raw_state_verified,run.py:numpy-batch
SI-pHiSD,0.0012589254117941675,0.002,2000000,109,-0.6734375,1.265625,completed,0.06601892881661015,0.18404094173269986,9.981742303553036e-07,-1005.1363683438575,762.7328993356506,8678,success_index1,S_L,gradient_tolerance,,raw_state_verified,run.py:numpy-batch
SI-pHiSD,0.0012589254117941675,0.002,2000000,176,-0.6453125000000001,1.3031249999999999,completed,0.06601892880355457,0.1840409417303876,9.983662596343325e-07,-1005.136368335851,762.7328993206468,8679,success_index1,S_L,gradient_tolerance,,raw_state_verified,run.py:numpy-batch
SI-pHiSD,0.0012589254117941675,0.002,2000000,92,-0.5328125000000001,1.246875,completed,0.06601892916817349,0.18404094175075725,9.999985219491684e-07,-1005.1363683795947,762.732899778429,8680,success_index1,S_L,gradient_tolerance,,raw_state_verified,run.py:numpy-batch
SI-pHiSD,0.0012589254117941675,0.002,2000000,377,-0.5609375000000001,1.415625,completed,0.06601892876012225,0.18404094172029584,9.976822593717337e-07,-1005.136368299453,762.7328992728377,8683,success_index1,S_L,gradient_tolerance,,raw_state_verified,run.py:numpy-batch
SI-pHiSD,0.0012589254117941675,0.002,2000000,355,-0.7671875,1.415625,completed,1.1387991159158395,4.868684819963392,16028788035.039253,1528392042.9641201,140798329728.32416,8684,state_safeguard,U,state_safeguard,source_norm2_gt_5,raw_state_verified,run.py:numpy-batch
SI-pHiSD,0.0012589254117941675,0.002,2000000,479,-0.5046875000000001,1.4718749999999998,completed,0.0660189287911053,0.18404094172956867,9.99926887032485e-07,-1005.1363683338552,762.7328993051251,8684,success_index1,S_L,gradient_tolerance,,raw_state_verified,run.py:numpy-batch
SI-pHiSD,0.0012589254117941675,0.002,2000000,243,-0.6171875,1.340625,completed,0.0660189287962958,0.1840409417287306,9.981863192519324e-07,-1005.1363683298881,762.7328993126307,8686,success_index1,S_L,gradient_tolerance,,raw_state_verified,run.py:numpy-batch
SI-pHiSD,0.0012589254117941675,0.002,2000000,8,-0.7203125,1.2093749999999999,completed,0.06601892883264172,0.18404094173630128,9.987979378251237e-07,-1005.1363683567896,762.732899353406,8687,success_index1,S_L,gradient_tolerance,,raw_state_verified,run.py:numpy-batch
SI-pHiSD,0.0012589254117941675,0.002,2000000,142,-0.6640625,1.284375,completed,0.06601892880652808,0.1840409417300916,9.975615615712255e-07,-1005.1363683343272,762.7328993247854,8687,success_index1,S_L,gradient_tolerance,,raw_state_verified,run.py:numpy-batch
SI-pHiSD,0.0012589254117941675,0.002,2000000,209,-0.6359375,1.321875,completed,0.06601892879057217,0.18404094172713145,9.978036736733494e-07,-1005.1363683239965,762.7328993065663,8687,success_index1,S_L,gradient_tolerance,,raw_state_verified,run.py:numpy-batch
SI-pHiSD,0.0012589254117941675,0.002,2000000,75,-0.6921875000000001,1.246875,completed,0.06601892882228057,0.1840409417338628,9.9827312386033e-07,-1005.13636834798,762.7328993420282,8688,success_index1,S_L,gradient_tolerance,,raw_state_verified,run.py:numpy-batch
SI-pHiSD,0.0012589254117941675,0.002,2000000,58,-0.5515625000000001,1.228125,completed,0.06601892916095238,0.1840409417506263,9.99248258091873e-07,-1005.1363683798376,762.7328997691238,8689,success_index1,S_L,gradient_tolerance,,raw_state_verified,run.py:numpy-batch
SI-pHiSD,0.0012589254117941675,0.002,2000000,276,-0.6078125000000001,1.359375,completed,0.0660189287782383,0.1840409417245302,9.97828555543915e-07,-1005.1363683147367,762.7328992927576,8690,success_index1,S_L,gradient_tolerance,,raw_state_verified,run.py:numpy-batch
SI-pHiSD,0.0012589254117941675,0.002,2000000,310,-0.5890625,1.378125,completed,0.06601892878186671,0.18404094172689964,9.992747808082925e-07,-1005.1363683239878,762.7328992954134,8691,success_index1,S_L,gradient_tolerance,,raw_state_verified,run.py:numpy-batch
SI-pHiSD,0.0012589254117941675,0.002,2000000,445,-0.5234375,1.453125,completed,0.06601892878914253,0.1840409417274804,9.983948092113827e-07,-1005.1363683255694,762.7328993043956,8691,success_index1,S_L,gradient_tolerance,,raw_state_verified,run.py:numpy-batch
SI-pHiSD,0.0012589254117941675,0.002,2000000,41,-0.7109375,1.228125,completed,0.06601892881886925,0.18404094173391491,9.98896112321574e-07,-1005.1363683485586,762.7328993375322,8694,success_index1,S_L,gradient_tolerance,,raw_state_verified,run.py:numpy-batch
SI-pHiSD,0.0012589254117941675,0.002,2000000,108,-0.6828125,1.265625,completed,0.06601892881008896,0.18404094173275268,9.9935642474852e-07,-1005.1363683447723,762.7328993270971,8695,success_index1,S_L,gradient_tolerance,,raw_state_verified,run.py:numpy-batch
SI-pHiSD,0.0012589254117941675,0.002,2000000,309,-0.5984375000000001,1.378125,completed,0.06601892876108305,0.18404094172208288,9.991115438667277e-07,-1005.1363683066206,762.7328992725247,8697,success_index1,S_L,gradient_tolerance,,raw_state_verified,run.py:numpy-batch
SI-pHiSD,0.0012589254117941675,0.002,2000000,242,-0.6265625,1.340625,completed,0.06601892878596453,0.1840409417277505,9.992526760017832e-07,-1005.13636832701,762.732899300013,8699,success_index1,S_L,gradient_tolerance,,raw_state_verified,run.py:numpy-batch
SI-pHiSD,0.0012589254117941675,0.002,2000000,175,-0.6546875000000001,1.3031249999999999,completed,0.0660189288059494,0.18404094173087102,9.98375994401466e-07,-1005.1363683375606,762.7328993233473,8700,success_index1,S_L,gradient_tolerance,,raw_state_verified,run.py:numpy-batch
SI-pHiSD,0.0012589254117941675,0.002,2000000,24,-0.5703125,1.2093749999999999,completed,0.06601892916900413,0.18404094174866892,9.982982712582282e-07,-1005.1363683710096,762.7328997813431,8702,success_index1,S_L,gradient_tolerance,,raw_state_verified,run.py:numpy-batch
SI-pHiSD,0.0012589254117941675,0.002,2000000,489,-0.7109375,1.4906249999999999,completed,1.1393537443887258,4.8685601386574335,16063745186.856375,1531598449.3343432,141114176008.20642,8703,state_safeguard,U,state_safeguard,source_norm2_gt_5,raw_state_verified,run.py:numpy-batch
SI-pHiSD,0.0012589254117941675,0.002,2000000,74,-0.7015625000000001,1.246875,completed,0.06601892881415079,0.1840409417320851,9.980377919352936e-07,-1005.1363683416201,762.7328993329813,8703,success_index1,S_L,gradient_tolerance,,raw_state_verified,run.py:numpy-batch
SI-pHiSD,0.0012589254117941675,0.002,2000000,7,-0.7296875,1.2093749999999999,completed,0.06601892882598981,0.18404094173499616,9.986896190826704e-07,-1005.1363683521932,762.732899345873,8704,success_index1,S_L,gradient_tolerance,,raw_state_verified,run.py:numpy-batch
SI-pHiSD,0.0012589254117941675,0.002,2000000,141,-0.6734375,1.284375,completed,0.06601892880457937,0.1840409417323017,9.99927188963472e-07,-1005.1363683435287,762.7328993203057,8706,success_index1,S_L,gradient_tolerance,,raw_state_verified,run.py:numpy-batch
SI-pHiSD,0.0012589254117941675,0.002,2000000,343,-0.5796875,1.3968749999999999,completed,0.06601892879618496,0.18404094172999286,9.99358810723851e-07,-1005.136368335036,762.7328993113795,8706,success_index1,S_L,gradient_tolerance,,raw_state_verified,run.py:numpy-batch
SI-pHiSD,0.0012589254117941675,0.002,2000000,208,-0.6453125000000001,1.321875,completed,0.06601892878721705,0.18404094172654178,9.97907439062461e-07,-1005.1363683219572,762.7328993027068,8707,success_index1,S_L,gradient_tolerance,,raw_state_verified,run.py:numpy-batch
SI-pHiSD,0.0012589254117941675,0.002,2000000,478,-0.5140625000000001,1.4718749999999998,completed,0.06601892879335136,0.18404094173000107,9.9989690391884e-07,-1005.1363683353733,762.7328993076759,8707,success_index1,S_L,gradient_tolerance,,raw_state_verified,run.py:numpy-batch
SI-pHiSD,0.0012589254117941675,0.002,2000000,342,-0.5890625,1.3968749999999999,completed,0.06601892875786514,0.18404094172135677,9.991314844283786e-07,-1005.1363683040119,762.7328992689636,8712,success_index1,S_L,gradient_tolerance,,raw_state_verified,run.py:numpy-batch
SI-pHiSD,0.0012589254117941675,0.002,2000000,40,-0.7203125,1.228125,completed,0.06601892881899801,0.18404094173471877,9.99606865169971e-07,-1005.1363683518151,762.7328993369955,8713,success_index1,S_L,gradient_tolerance,,raw_state_verified,run.py:numpy-batch
SI-pHiSD,0.0012589254117941675,0.002,2000000,477,-0.5234375,1.4718749999999998,completed,0.0660189287726108,0.1840409417248742,9.992737852053932e-07,-1005.1363683167399,762.7328992851151,8713,success_index1,S_L,gradient_tolerance,,raw_state_verified,run.py:numpy-batch
SI-pHiSD,0.0012589254117941675,0.002,2000000,410,-0.5515625000000001,1.434375,completed,0.06601892878845357,0.1840409417279083,9.98917293195517e-07,-1005.1363683273844,762.7328993031215,8714,success_index1,S_L,gradient_tolerance,,raw_state_verified,run.py:numpy-batch
SI-pHiSD,0.0012589254117941675,0.002,2000000,107,-0.6921875000000001,1.265625,completed,0.06601892881084381,0.18404094173142585,9.980136591887798e-07,-1005.1363683392926,762.7328993292454,8715,success_index1,S_L,gradient_tolerance,,raw_state_verified,run.py:numpy-batch
SI-pHiSD,0.0012589254117941675,0.002,2000000,127,-0.5046875000000001,1.265625,completed,0.06601892923962414,0.18404094174059826,9.99994131302845e-07,-1005.1363683305941,762.7328998805419,8715,success_index1,S_L,gradient_tolerance,,raw_state_verified,run.py:numpy-batch
SI-pHiSD,0.0012589254117941675,0.002,2000000,6,-0.7390625000000001,1.2093749999999999,completed,0.06601892881146135,0.18404094173200944,9.984374978268888e-07,-1005.1363683416009,762.7328993295389,8718,success_index1,S_L,gradient_tolerance,,raw_state_verified,run.py:numpy-batch
SI-pHiSD,0.0012589254117941675,0.002,2000000,174,-0.6640625,1.3031249999999999,completed,0.06601892879660644,0.1840409417289563,9.983345632613725e-07,-1005.1363683307729,762.732899312838,8718,success_index1,S_L,gradient_tolerance,,raw_state_verified,run.py:numpy-batch
SI-pHiSD,0.0012589254117941675,0.002,2000000,444,-0.5328125000000001,1.453125,completed,0.06601892879649573,0.1840409417306681,9.99917193134383e-07,-1005.1363683377498,762.7328993111929,8718,success_index1,S_L,gradient_tolerance,,raw_state_verified,run.py:numpy-batch
SI-pHiSD,0.0012589254117941675,0.002,2000000,443,-0.5421875,1.453125,completed,0.06601892876884731,0.1840409417239969,9.992415840977946e-07,-1005.1363683135744,762.7328992809748,8720,success_index1,S_L,gradient_tolerance,,raw_state_verified,run.py:numpy-batch
SI-pHiSD,0.0012589254117941675,0.002,2000000,241,-0.6359375,1.340625,completed,0.0660189287807738,0.18404094172502222,9.977756821194358e-07,-1005.1363683164665,762.7328992956338,8721,success_index1,S_L,gradient_tolerance,,raw_state_verified,run.py:numpy-batch
SI-pHiSD,0.0012589254117941675,0.002,2000000,73,-0.7109375,1.246875,completed,0.06601892880963617,0.1840409417323951,9.99110220782511e-07,-1005.1363683433663,762.7328993268202,8722,success_index1,S_L,gradient_tolerance,,raw_state_verified,run.py:numpy-batch
SI-pHiSD,0.0012589254117941675,0.002,2000000,308,-0.6078125000000001,1.378125,completed,0.06601892876549612,0.18404094172330557,9.993033824323403e-07,-1005.1363683111222,762.7328992772091,8723,success_index1,S_L,gradient_tolerance,,raw_state_verified,run.py:numpy-batch
SI-pHiSD,0.0012589254117941675,0.002,2000000,376,-0.5703125,1.415625,completed,0.06601892878869721,0.18404094172830596,9.992336229851737e-07,-1005.1363683289761,762.7328993030907,8725,success_index1,S_L,gradient_tolerance,,raw_state_verified,run.py:numpy-batch
SI-pHiSD,0.0012589254117941675,0.002,2000000,93,-0.5234375,1.246875,completed,0.06601892924313235,0.18404094173816474,9.985055024819775e-07,-1005.1363683203169,762.7328998872518,8727,success_index1,S_L,gradient_tolerance,,raw_state_verified,run.py:numpy-batch
SI-pHiSD,0.0012589254117941675,0.002,2000000,140,-0.6828125,1.284375,completed,0.06601892879892063,0.1840409417292185,9.981455605728288e-07,-1005.1363683315917,762.7328993156268,8727,success_index1,S_L,gradient_tolerance,,raw_state_verified,run.py:numpy-batch
SI-pHiSD,0.0012589254117941675,0.002,2000000,275,-0.6171875,1.359375,completed,0.06601892880739896,0.1840409417319964,9.991434360582167e-07,-1005.1363683419838,762.7328993242512,8728,success_index1,S_L,gradient_tolerance,,raw_state_verified,run.py:numpy-batch
SI-pHiSD,0.0012589254117941675,0.002,2000000,207,-0.6546875000000001,1.321875,completed,0.06601892878465929,0.18404094172665722,9.9850772455056e-07,-1005.1363683227014,762.7328992992693,8729,success_index1,S_L,gradient_tolerance,,raw_state_verified,run.py:numpy-batch
SI-pHiSD,0.0012589254117941675,0.002,2000000,39,-0.7296875,1.228125,completed,0.06601892880945111,0.18404094173129779,9.981421577745826e-07,-1005.136368338921,762.732899327541,8730,success_index1,S_L,gradient_tolerance,,raw_state_verified,run.py:numpy-batch
SI-pHiSD,0.0012589254117941675,0.002,2000000,511,-0.5046875000000001,1.4906249999999999,completed,0.06601892880257845,0.18404094173048127,9.98628582717272e-07,-1005.1363683363365,762.7328993192916,8730,success_index1,S_L,gradient_tolerance,,raw_state_verified,run.py:numpy-batch
SI-pHiSD,0.0012589254117941675,0.002,2000000,106,-0.7015625000000001,1.265625,completed,0.06601892879950999,0.18404094173065483,9.993476271558187e-07,-1005.1363683373721,762.7328993151365,8733,success_index1,S_L,gradient_tolerance,,raw_state_verified,run.py:numpy-batch
SI-pHiSD,0.0012589254117941675,0.002,2000000,375,-0.5796875,1.415625,completed,0.06601892876330348,0.18404094172184413,9.98426274924691e-07,-1005.1363683054109,762.7328992756303,8733,success_index1,S_L,gradient_tolerance,,raw_state_verified,run.py:numpy-batch
SI-pHiSD,0.0012589254117941675,0.002,2000000,59,-0.5421875,1.228125,completed,0.06601892924068195,0.18404094173891533,9.987588001642237e-07,-1005.1363683236341,762.732899883397,8735,success_index1,S_L,gradient_tolerance,,raw_state_verified,run.py:numpy-batch
SI-pHiSD,0.0012589254117941675,0.002,2000000,5,-0.7484375000000001,1.2093749999999999,completed,0.06601892880765049,0.1840409417311458,9.983229147165189e-07,-1005.1363683384963,762.7328993253251,8737,success_index1,S_L,gradient_tolerance,,raw_state_verified,run.py:numpy-batch
SI-pHiSD,0.0012589254117941675,0.002,2000000,274,-0.6265625,1.359375,completed,0.0660189287804928,0.18404094172479632,9.976248395849806e-07,-1005.1363683155771,762.7328992954655,8738,success_index1,S_L,gradient_tolerance,,raw_state_verified,run.py:numpy-batch
SI-pHiSD,0.0012589254117941675,0.002,2000000,456,-0.7203125,1.4718749999999998,completed,1.1392162889821351,4.86857114788592,16052879759.951406,1530598660.8331208,141016096698.84338,8739,state_safeguard,U,state_safeguard,source_norm2_gt_5,raw_state_verified,run.py:numpy-batch
SI-pHiSD,0.0012589254117941675,0.002,2000000,510,-0.5140625000000001,1.4906249999999999,completed,0.06601892878367943,0.18404094172669744,9.987353262682595e-07,-1005.1363683229702,762.7328992979553,8739,success_index1,S_L,gradient_tolerance,,raw_state_verified,run.py:numpy-batch
SI-pHiSD,0.0012589254117941675,0.002,2000000,389,-0.7484375000000001,1.434375,completed,1.1390255253657724,4.868700275224729,16050364502.53666,1530381800.2722812,140992961395.6261,8740,state_safeguard,U,state_safeguard,source_norm2_gt_5,raw_state_verified,run.py:numpy-batch
SI-pHiSD,0.0012589254117941675,0.002,2000000,173,-0.6734375,1.3031249999999999,completed,0.06601892879424086,0.18404094172893468,9.987565276004253e-07,-1005.1363683309396,762.7328993097709,8740,success_index1,S_L,gradient_tolerance,,raw_state_verified,run.py:numpy-batch
SI-pHiSD,0.0012589254117941675,0.002,2000000,476,-0.5328125000000001,1.4718749999999998,completed,0.0660189287748348,0.1840409417258695,9.997330456639979e-07,-1005.1363683205509,762.7328992871435,8740,success_index1,S_L,gradient_tolerance,,raw_state_verified,run.py:numpy-batch
SI-pHiSD,0.0012589254117941675,0.002,2000000,72,-0.7203125,1.246875,completed,0.06601892880109944,0.18404094173137267,9.997112234535604e-07,-1005.1363683401219,762.7328993165809,8741,success_index1,S_L,gradient_tolerance,,raw_state_verified,run.py:numpy-batch
SI-pHiSD,0.0012589254117941675,0.002,2000000,341,-0.5984375000000001,1.3968749999999999,completed,0.06601892876482854,0.18404094172375518,9.998532171977356e-07,-1005.1363683130226,762.7328992759441,8741,success_index1,S_L,gradient_tolerance,,raw_state_verified,run.py:numpy-batch
SI-pHiSD,0.0012589254117941675,0.002,2000000,442,-0.5515625000000001,1.453125,completed,0.06601892876033885,0.18404094172032273,9.976608894161446e-07,-1005.1363682995392,762.7328992730967,8741,success_index1,S_L,gradient_tolerance,,raw_state_verified,run.py:numpy-batch
SI-pHiSD,0.0012589254117941675,0.002,2000000,408,-0.5703125,1.434375,completed,0.0660189287485266,0.1840409417181322,9.982096509304059e-07,-1005.1363682918947,762.7328992596084,8744,success_index1,S_L,gradient_tolerance,,raw_state_verified,run.py:numpy-batch
SI-pHiSD,0.0012589254117941675,0.002,2000000,240,-0.6453125000000001,1.340625,completed,0.06601892878689855,0.1840409417283908,9.99656731208857e-07,-1005.1363683295142,762.7328993006706,8747,success_index1,S_L,gradient_tolerance,,raw_state_verified,run.py:numpy-batch
SI-pHiSD,0.0012589254117941675,0.002,2000000,139,-0.6921875000000001,1.284375,completed,0.06601892879405684,0.1840409417295381,9.99341780090007e-07,-1005.1363683334139,762.7328993090025,8748,success_index1,S_L,gradient_tolerance,,raw_state_verified,run.py:numpy-batch
SI-pHiSD,0.0012589254117941675,0.002,2000000,38,-0.7390625000000001,1.228125,completed,0.06601892880546036,0.18404094173195873,9.99455905023525e-07,-1005.1363683420391,762.7328993217553,8749,success_index1,S_L,gradient_tolerance,,raw_state_verified,run.py:numpy-batch
SI-pHiSD,0.0012589254117941675,0.002,2000000,25,-0.5609375000000001,1.2093749999999999,completed,0.06601892925149412,0.18404094173578778,9.978359564118897e-07,-1005.1363683097488,762.7328999002433,8751,success_index1,S_L,gradient_tolerance,,raw_state_verified,run.py:numpy-batch
SI-pHiSD,0.0012589254117941675,0.002,2000000,307,-0.6171875,1.378125,completed,0.0660189287738006,0.18404094172543872,9.995483576435673e-07,-1005.1363683189091,762.7328992861721,8753,success_index1,S_L,gradient_tolerance,,raw_state_verified,run.py:numpy-batch
SI-pHiSD,0.0012589254117941675,0.002,2000000,4,-0.7578125,1.2093749999999999,completed,0.06601892880312897,0.18404094173168276,9.996247833488928e-07,-1005.1363683411657,762.7328993189562,8755,success_index1,S_L,gradient_tolerance,,raw_state_verified,run.py:numpy-batch
SI-pHiSD,0.0012589254117941675,0.002,2000000,105,-0.7109375,1.265625,completed,0.06601892879549835,0.18404094172938332,9.989306704925858e-07,-1005.1363683326294,762.7328993110182,8755,success_index1,S_L,gradient_tolerance,,raw_state_verified,run.py:numpy-batch
SI-pHiSD,0.0012589254117941675,0.002,2000000,206,-0.6640625,1.321875,completed,0.06601892878679255,0.18404094172652097,9.97970253801999e-07,-1005.1363683219183,762.7328993021712,8755,success_index1,S_L,gradient_tolerance,,raw_state_verified,run.py:numpy-batch
SI-pHiSD,0.0012589254117941675,0.002,2000000,374,-0.5890625,1.415625,completed,0.06601892876641414,0.18404094172274343,9.985992181889472e-07,-1005.1363683087363,762.7328992788993,8761,success_index1,S_L,gradient_tolerance,,raw_state_verified,run.py:numpy-batch
SI-pHiSD,0.0012589254117941675,0.002,2000000,409,-0.5609375000000001,1.434375,completed,0.06601892880943044,0.18404094173104663,9.979168710335198e-07,-1005.1363683379013,762.7328993277342,8761,success_index1,S_L,gradient_tolerance,,raw_state_verified,run.py:numpy-batch
SI-pHiSD,0.0012589254117941675,0.002,2000000,172,-0.6828125,1.3031249999999999,completed,0.0660189287877297,0.18404094172822213,9.993427431787352e-07,-1005.136368328739,762.7328993019022,8762,success_index1,S_L,gradient_tolerance,,raw_state_verified,run.py:numpy-batch
SI-pHiSD,0.0012589254117941675,0.002,2000000,71,-0.7296875,1.246875,completed,0.0660189287963957,0.18404094172934105,9.98724804934966e-07,-1005.1363683323613,762.7328993122258,8763,success_index1,S_L,gradient_tolerance,,raw_state_verified,run.py:numpy-batch
SI-pHiSD,0.0012589254117941675,0.002,2000000,340,-0.6078125000000001,1.3968749999999999,completed,0.06601892876103696,0.18404094172268817,9.996742944740003e-07,-1005.136368309088,762.7328992719337,8766,success_index1,S_L,gradient_tolerance,,raw_state_verified,run.py:numpy-batch
SI-pHiSD,0.0012589254117941675,0.002,2000000,441,-0.5609375000000001,1.453125,completed,0.06601892876233745,0.18404094172118138,9.980236494457534e-07,-1005.1363683028178,762.7328992749514,8769,success_index1,S_L,gradient_tolerance,,raw_state_verified,run.py:numpy-batch
SI-pHiSD,0.0012589254117941675,0.002,2000000,288,-0.7953125000000001,1.378125,completed,1.1386961987306983,4.868770956413844,16029247875.85587,1528444328.3559775,140802185797.65265,8770,state_safeguard,U,state_safeguard,source_norm2_gt_5,raw_state_verified,run.py:numpy-batch
SI-pHiSD,0.0012589254117941675,0.002,2000000,273,-0.6359375,1.359375,completed,0.0660189287871734,0.1840409417270861,9.984127074335162e-07,-1005.1363683241767,762.7328993021723,8770,success_index1,S_L,gradient_tolerance,,raw_state_verified,run.py:numpy-batch
SI-pHiSD,0.0012589254117941675,0.002,2000000,37,-0.7484375000000001,1.228125,completed,0.06601892879726652,0.18404094172854601,9.978376441454866e-07,-1005.1363683290331,762.7328993140587,8771,success_index1,S_L,gradient_tolerance,,raw_state_verified,run.py:numpy-batch
SI-pHiSD,0.0012589254117941675,0.002,2000000,138,-0.7015625000000001,1.284375,completed,0.06601892879199532,0.1840409417296858,9.998650877615932e-07,-1005.1363683342361,762.7328993061832,8771,success_index1,S_L,gradient_tolerance,,raw_state_verified,run.py:numpy-batch
SI-pHiSD,0.0012589254117941675,0.002,2000000,239,-0.6546875000000001,1.340625,completed,0.0660189287843509,0.18404094172656524,9.98483773271992e-07,-1005.1363683223603,762.7328992989472,8773,success_index1,S_L,gradient_tolerance,,raw_state_verified,run.py:numpy-batch
SI-pHiSD,0.0012589254117941675,0.002,2000000,306,-0.6265625,1.378125,completed,0.06601892876658717,0.18404094172338556,9.991498754450632e-07,-1005.13636831133,762.7328992785623,8777,success_index1,S_L,gradient_tolerance,,raw_state_verified,run.py:numpy-batch
SI-pHiSD,0.0012589254117941675,0.002,2000000,3,-0.7671875,1.2093749999999999,completed,0.06601892879792726,0.18404094172854557,9.977149238152017e-07,-1005.1363683289608,762.7328993149209,8778,success_index1,S_L,gradient_tolerance,,raw_state_verified,run.py:numpy-batch
SI-pHiSD,0.0012589254117941675,0.002,2000000,205,-0.6734375,1.321875,completed,0.06601892878023562,0.18404094172503008,9.978890521963023e-07,-1005.1363683165557,762.7328992949251,8779,success_index1,S_L,gradient_tolerance,,raw_state_verified,run.py:numpy-batch
SI-pHiSD,0.0012589254117941675,0.002,2000000,104,-0.7203125,1.265625,completed,0.06601892879214191,0.18404094172816424,9.984486583374807e-07,-1005.13636832803,762.7328993077083,8780,success_index1,S_L,gradient_tolerance,,raw_state_verified,run.py:numpy-batch
SI-pHiSD,0.0012589254117941675,0.002,2000000,407,-0.5796875,1.434375,completed,0.06601892877566032,0.18404094172456,9.983711028145853e-07,-1005.1363683151346,762.7328992893686,8784,success_index1,S_L,gradient_tolerance,,raw_state_verified,run.py:numpy-batch
SI-pHiSD,0.0012589254117941675,0.002,2000000,509,-0.5234375,1.4906249999999999,completed,0.06601892879893385,0.18404094172862087,9.97597823176197e-07,-1005.1363683291587,762.732899316168,8784,success_index1,S_L,gradient_tolerance,,raw_state_verified,run.py:numpy-batch
SI-pHiSD,0.0012589254117941675,0.002,2000000,70,-0.7390625000000001,1.246875,completed,0.06601892879040487,0.18404094172915672,9.996840871778527e-07,-1005.1363683322539,762.7328993045727,8786,success_index1,S_L,gradient_tolerance,,raw_state_verified,run.py:numpy-batch
SI-pHiSD,0.0012589254117941675,0.002,2000000,373,-0.5984375000000001,1.415625,completed,0.06601892876026638,0.18404094172233323,9.99512988498834e-07,-1005.1363683077269,762.7328992712395,8786,success_index1,S_L,gradient_tolerance,,raw_state_verified,run.py:numpy-batch
SI-pHiSD,0.0012589254117941675,0.002,2000000,171,-0.6921875000000001,1.3031249999999999,completed,0.06601892878898029,0.1840409417285469,9.993993279215538e-07,-1005.1363683299261,762.7328993032487,8789,success_index1,S_L,gradient_tolerance,,raw_state_verified,run.py:numpy-batch
SI-pHiSD,0.0012589254117941675,0.002,2000000,475,-0.5421875,1.4718749999999998,completed,0.06601892880004874,0.18404094172987445,9.985367141288704e-07,-1005.1363683341392,762.7328993165235,8789,success_index1,S_L,gradient_tolerance,,raw_state_verified,run.py:numpy-batch
SI-pHiSD,0.0012589254117941675,0.002,2000000,474,-0.5515625000000001,1.4718749999999998,completed,0.06601892876776254,0.18404094172287241,9.984380752093556e-07,-1005.1363683091162,762.7328992805454,8791,success_index1,S_L,gradient_tolerance,,raw_state_verified,run.py:numpy-batch
SI-pHiSD,0.0012589254117941675,0.002,2000000,36,-0.7578125,1.228125,completed,0.06601892879524499,0.1840409417284463,9.981228503962917e-07,-1005.1363683288441,762.7328993115093,8794,success_index1,S_L,gradient_tolerance,,raw_state_verified,run.py:numpy-batch
SI-pHiSD,0.0012589254117941675,0.002,2000000,272,-0.6453125000000001,1.359375,completed,0.06601892878470786,0.18404094172745822,9.992295674060484e-07,-1005.1363683259556,762.7328992986298,8796,success_index1,S_L,gradient_tolerance,,raw_state_verified,run.py:numpy-batch
SI-pHiSD,0.0012589254117941675,0.002,2000000,137,-0.7109375,1.284375,completed,0.066018928787447,0.18404094172657265,9.978913764579728e-07,-1005.1363683220584,762.7328993029794,8797,success_index1,S_L,gradient_tolerance,,raw_state_verified,run.py:numpy-batch
SI-pHiSD,0.0012589254117941675,0.002,2000000,2,-0.7765625,1.2093749999999999,completed,0.06601892878736373,0.18404094172840385,9.995790707921018e-07,-1005.1363683295176,762.7328993012653,8798,success_index1,S_L,gradient_tolerance,,raw_state_verified,run.py:numpy-batch
SI-pHiSD,0.0012589254117941675,0.002,2000000,339,-0.6171875,1.3968749999999999,completed,0.06601892876866579,0.18404094172303093,9.983966284153438e-07,-1005.1363683096641,762.7328992815849,8799,success_index1,S_L,gradient_tolerance,,raw_state_verified,run.py:numpy-batch
SI-pHiSD,0.0012589254117941675,0.002,2000000,508,-0.5328125000000001,1.4906249999999999,completed,0.0660189288020364,0.18404094173080143,9.990192218210058e-07,-1005.1363683376978,762.7328993183037,8799,success_index1,S_L,gradient_tolerance,,raw_state_verified,run.py:numpy-batch
SI-pHiSD,0.0012589254117941675,0.002,2000000,238,-0.6640625,1.340625,completed,0.06601892878425318,0.1840409417268838,9.98793611263443e-07,-1005.1363683236669,762.7328992985402,8801,success_index1,S_L,gradient_tolerance,,raw_state_verified,run.py:numpy-batch
SI-pHiSD,0.0012589254117941675,0.002,2000000,440,-0.5703125,1.453125,completed,0.06601892877269645,0.18404094172435603,9.987831892899495e-07,-1005.1363683146227,762.7328992856811,8804,success_index1,S_L,gradient_tolerance,,raw_state_verified,run.py:numpy-batch
SI-pHiSD,0.0012589254117941675,0.002,2000000,103,-0.7296875,1.265625,completed,0.06601892879059161,0.18404094172944102,9.999080123698879e-07,-1005.1363683333908,762.7328993045668,8805,success_index1,S_L,gradient_tolerance,,raw_state_verified,run.py:numpy-batch
SI-pHiSD,0.0012589254117941675,0.002,2000000,322,-0.7765625,1.3968749999999999,completed,1.1386610167897553,4.868631065567365,16010764922.26239,1526725214.8881369,140635895095.79285,8806,state_safeguard,U,state_safeguard,source_norm2_gt_5,raw_state_verified,run.py:numpy-batch
SI-pHiSD,0.0012589254117941675,0.002,2000000,204,-0.6828125,1.321875,completed,0.0660189287781674,0.18404094172549426,9.98722993743366e-07,-1005.1363683186664,762.7328992918199,8806,success_index1,S_L,gradient_tolerance,,raw_state_verified,run.py:numpy-batch
SI-pHiSD,0.0012589254117941675,0.002,2000000,507,-0.5421875,1.4906249999999999,completed,0.06601892876066266,0.18404094172197166,9.990988600942464e-07,-1005.1363683062133,762.7328992720735,8807,success_index1,S_L,gradient_tolerance,,raw_state_verified,run.py:numpy-batch
SI-pHiSD,0.0012589254117941675,0.002,2000000,406,-0.5890625,1.434375,completed,0.0660189287626295,0.18404094172111923,9.979055170793382e-07,-1005.1363683025338,762.7328992753868,8809,success_index1,S_L,gradient_tolerance,,raw_state_verified,run.py:numpy-batch
SI-pHiSD,0.0012589254117941675,0.002,2000000,305,-0.6359375,1.378125,completed,0.06601892877434852,0.18404094172545385,9.99451430239508e-07,-1005.1363683189118,762.7328992868737,8810,success_index1,S_L,gradient_tolerance,,raw_state_verified,run.py:numpy-batch
SI-pHiSD,0.0012589254117941675,0.002,2000000,94,-0.5140625000000001,1.246875,completed,0.06601892937029892,0.1840409417073542,9.995857346981805e-07,-1005.136368181314,762.7329000801517,8811,success_index1,S_L,gradient_tolerance,,raw_state_verified,run.py:numpy-batch
SI-pHiSD,0.0012589254117941675,0.002,2000000,69,-0.7484375000000001,1.246875,completed,0.06601892878945774,0.18404094172830704,9.990891112549627e-07,-1005.136368328899,762.732899304082,8812,success_index1,S_L,gradient_tolerance,,raw_state_verified,run.py:numpy-batch
SI-pHiSD,0.0012589254117941675,0.002,2000000,423,-0.7296875,1.453125,completed,1.1390943834179619,4.868603255765139,16045713345.199661,1529942089.1761737,140951323759.46063,8814,state_safeguard,U,state_safeguard,source_norm2_gt_5,raw_state_verified,run.py:numpy-batch
SI-pHiSD,0.0012589254117941675,0.002,2000000,473,-0.5609375000000001,1.4718749999999998,completed,0.06601892875263082,0.18404094171954846,9.986063682574632e-07,-1005.1363682972163,762.7328992637208,8815,success_index1,S_L,gradient_tolerance,,raw_state_verified,run.py:numpy-batch
SI-pHiSD,0.0012589254117941675,0.002,2000000,35,-0.7671875,1.228125,completed,0.06601892878427768,0.18404094172610863,9.980811556681423e-07,-1005.1363683205108,762.7328992992519,8817,success_index1,S_L,gradient_tolerance,,raw_state_verified,run.py:numpy-batch
SI-pHiSD,0.0012589254117941675,0.002,2000000,372,-0.6078125000000001,1.415625,completed,0.06601892876011833,0.18404094172215077,9.993777068888187e-07,-1005.1363683070001,762.7328992712064,8817,success_index1,S_L,gradient_tolerance,,raw_state_verified,run.py:numpy-batch
SI-pHiSD,0.0012589254117941675,0.002,2000000,1,-0.7859375000000001,1.2093749999999999,completed,0.06601892877990229,0.18404094172665933,9.994426562986702e-07,-1005.1363683232211,762.7328992930611,8822,success_index1,S_L,gradient_tolerance,,raw_state_verified,run.py:numpy-batch
SI-pHiSD,0.0012589254117941675,0.002,2000000,271,-0.6546875000000001,1.359375,completed,0.06601892878044276,0.18404094172530358,9.980978527247774e-07,-1005.1363683176465,762.7328992949554,8822,success_index1,S_L,gradient_tolerance,,raw_state_verified,run.py:numpy-batch
SI-pHiSD,0.0012589254117941675,0.002,2000000,136,-0.7203125,1.284375,completed,0.06601892878111151,0.18404094172483285,9.975361988378255e-07,-1005.1363683156598,762.7328992962405,8823,success_index1,S_L,gradient_tolerance,,raw_state_verified,run.py:numpy-batch
SI-pHiSD,0.0012589254117941675,0.002,2000000,170,-0.7015625000000001,1.3031249999999999,completed,0.06601892880422375,0.18404094173176944,9.995058015239088e-07,-1005.1363683414012,762.7328993203084,8824,success_index1,S_L,gradient_tolerance,,raw_state_verified,run.py:numpy-batch
SI-pHiSD,0.0012589254117941675,0.002,2000000,237,-0.6734375,1.340625,completed,0.06601892877755063,0.18404094172495353,9.983521072525944e-07,-1005.1363683165329,762.7328992914893,8829,success_index1,S_L,gradient_tolerance,,raw_state_verified,run.py:numpy-batch
SI-pHiSD,0.0012589254117941675,0.002,2000000,102,-0.7390625000000001,1.265625,completed,0.0660189287799308,0.18404094172506566,9.979818211648934e-07,-1005.1363683167338,762.7328992944956,8830,success_index1,S_L,gradient_tolerance,,raw_state_verified,run.py:numpy-batch
SI-pHiSD,0.0012589254117941675,0.002,2000000,338,-0.6265625,1.3968749999999999,completed,0.06601892877509588,0.18404094172481142,9.987142048903747e-07,-1005.1363683162183,762.7328992884115,8833,success_index1,S_L,gradient_tolerance,,raw_state_verified,run.py:numpy-batch
SI-pHiSD,0.0012589254117941675,0.002,2000000,68,-0.7578125,1.246875,completed,0.06601892877930753,0.18404094172607524,9.990270925727458e-07,-1005.1363683209082,762.7328992927978,8836,success_index1,S_L,gradient_tolerance,,raw_state_verified,run.py:numpy-batch
SI-pHiSD,0.0012589254117941675,0.002,2000000,405,-0.5984375000000001,1.434375,completed,0.06601892875802763,0.1840409417215752,9.992964091967866e-07,-1005.1363683048835,762.7328992689835,8839,success_index1,S_L,gradient_tolerance,,raw_state_verified,run.py:numpy-batch
SI-pHiSD,0.0012589254117941675,0.002,2000000,506,-0.5515625000000001,1.4906249999999999,completed,0.06601892875861688,0.1840409417201341,9.97854133253906e-07,-1005.1363682989564,762.7328992710161,8839,success_index1,S_L,gradient_tolerance,,raw_state_verified,run.py:numpy-batch
SI-pHiSD,0.0012589254117941675,0.002,2000000,203,-0.6921875000000001,1.321875,completed,0.06601892878691218,0.18404094172765798,9.989851441380649e-07,-1005.1363683265314,762.7328993013303,8842,success_index1,S_L,gradient_tolerance,,raw_state_verified,run.py:numpy-batch
SI-pHiSD,0.0012589254117941675,0.002,2000000,490,-0.7015625000000001,1.4906249999999999,completed,1.1394315698556639,4.868647036188334,16080187729.890509,1533123326.955398,141262248608.87628,8844,state_safeguard,U,state_safeguard,source_norm2_gt_5,raw_state_verified,run.py:numpy-batch
SI-pHiSD,0.0012589254117941675,0.002,2000000,169,-0.7109375,1.3031249999999999,completed,0.06601892877625938,0.18404094172407104,9.978044394813204e-07,-1005.136368313081,762.7328992905786,8844,success_index1,S_L,gradient_tolerance,,raw_state_verified,run.py:numpy-batch
SI-pHiSD,0.0012589254117941675,0.002,2000000,34,-0.7765625,1.228125,completed,0.06601892878367085,0.18404094172635047,9.984202087800749e-07,-1005.1363683215595,762.7328992982484,8845,success_index1,S_L,gradient_tolerance,,raw_state_verified,run.py:numpy-batch
SI-pHiSD,0.0012589254117941675,0.002,2000000,304,-0.6453125000000001,1.378125,completed,0.06601892877706866,0.18404094172417101,9.977337799528824e-07,-1005.1363683134007,762.7328992915468,8845,success_index1,S_L,gradient_tolerance,,raw_state_verified,run.py:numpy-batch
SI-pHiSD,0.0012589254117941675,0.002,2000000,0,-0.7953125000000001,1.2093749999999999,completed,0.06601892877440645,0.1840409417243844,9.984631233421566e-07,-1005.1363683145552,762.7328992878865,8848,success_index1,S_L,gradient_tolerance,,raw_state_verified,run.py:numpy-batch
SI-pHiSD,0.0012589254117941675,0.002,2000000,270,-0.6640625,1.359375,completed,0.06601892877361036,0.18404094172327687,9.976124663038937e-07,-1005.136368310134,762.732899287819,8852,success_index1,S_L,gradient_tolerance,,raw_state_verified,run.py:numpy-batch
SI-pHiSD,0.0012589254117941675,0.002,2000000,472,-0.5703125,1.4718749999999998,completed,0.06601892876183778,0.18404094172268792,9.995051882874011e-07,-1005.1363683090015,762.7328992729784,8852,success_index1,S_L,gradient_tolerance,,raw_state_verified,run.py:numpy-batch
SI-pHiSD,0.0012589254117941675,0.002,2000000,439,-0.5796875,1.453125,completed,0.066018928800385,0.18404094172993998,9.985348697060297e-07,-1005.1363683343703,762.7328993169044,8853,success_index1,S_L,gradient_tolerance,,raw_state_verified,run.py:numpy-batch
SI-pHiSD,0.0012589254117941675,0.002,2000000,135,-0.7296875,1.284375,completed,0.06601892878099684,0.1840409417272952,9.998071547190764e-07,-1005.1363683256902,762.7328992939318,8854,success_index1,S_L,gradient_tolerance,,raw_state_verified,run.py:numpy-batch
SI-pHiSD,0.0012589254117941675,0.002,2000000,236,-0.6828125,1.340625,completed,0.06601892877220293,0.1840409417248576,9.993414982843397e-07,-1005.1363683167165,762.7328992845978,8859,success_index1,S_L,gradient_tolerance,,raw_state_verified,run.py:numpy-batch
SI-pHiSD,0.0012589254117941675,0.002,2000000,101,-0.7484375000000001,1.265625,completed,0.06601892877842257,0.18404094172472626,9.979709896975862e-07,-1005.1363683155147,762.7328992928257,8861,success_index1,S_L,gradient_tolerance,,raw_state_verified,run.py:numpy-batch
SI-pHiSD,0.0012589254117941675,0.002,2000000,356,-0.7578125,1.415625,completed,1.1389463753592282,4.868792383824279,16053571221.27124,1530687865.8668036,141021582425.35892,8862,state_safeguard,U,state_safeguard,source_norm2_gt_5,raw_state_verified,run.py:numpy-batch
SI-pHiSD,0.0012589254117941675,0.002,2000000,67,-0.7671875,1.246875,completed,0.06601892877311986,0.18404094172435226,9.986938683659297e-07,-1005.1363683145621,762.7328992862365,8865,success_index1,S_L,gradient_tolerance,,raw_state_verified,run.py:numpy-batch
SI-pHiSD,0.0012589254117941675,0.002,2000000,337,-0.6359375,1.3968749999999999,completed,0.06601892876864998,0.1840409417226881,9.98086731773925e-07,-1005.136368308271,762.7328992818648,8865,success_index1,S_L,gradient_tolerance,,raw_state_verified,run.py:numpy-batch
SI-pHiSD,0.0012589254117941675,0.002,2000000,438,-0.5890625,1.453125,completed,0.0660189287615456,0.18404094172049376,9.975622527952941e-07,-1005.1363683001059,762.7328992745208,8865,success_index1,S_L,gradient_tolerance,,raw_state_verified,run.py:numpy-batch
SI-pHiSD,0.0012589254117941675,0.002,2000000,202,-0.7015625000000001,1.321875,completed,0.06601892877310934,0.18404094172561103,9.998456274725935e-07,-1005.1363683196845,762.7328992851193,8867,success_index1,S_L,gradient_tolerance,,raw_state_verified,run.py:numpy-batch
SI-pHiSD,0.0012589254117941675,0.002,2000000,371,-0.6171875,1.415625,completed,0.0660189287984564,0.18404094173111885,9.999651347182038e-07,-1005.136368339373,762.7328993133555,8868,success_index1,S_L,gradient_tolerance,,raw_state_verified,run.py:numpy-batch
SI-pHiSD,0.0012589254117941675,0.002,2000000,33,-0.7859375000000001,1.228125,completed,0.06601892877615942,0.18404094172419672,9.979392234409862e-07,-1005.1363683136027,762.7328992903383,8872,success_index1,S_L,gradient_tolerance,,raw_state_verified,run.py:numpy-batch
SI-pHiSD,0.0012589254117941675,0.002,2000000,168,-0.7203125,1.3031249999999999,completed,0.0660189287733571,0.1840409417231774,9.97572838357329e-07,-1005.1363683097568,762.732899287576,8876,success_index1,S_L,gradient_tolerance,,raw_state_verified,run.py:numpy-batch
SI-pHiSD,0.0012589254117941675,0.002,2000000,303,-0.6546875000000001,1.378125,completed,0.06601892877513883,0.18404094172486343,9.987530560765744e-07,-1005.1363683164252,762.7328992884222,8877,success_index1,S_L,gradient_tolerance,,raw_state_verified,run.py:numpy-batch
SI-pHiSD,0.0012589254117941675,0.002,2000000,505,-0.5609375000000001,1.4906249999999999,completed,0.06601892876840469,0.18404094172229918,9.977820141499166e-07,-1005.136368306715,762.7328992818858,8879,success_index1,S_L,gradient_tolerance,,raw_state_verified,run.py:numpy-batch
SI-pHiSD,0.0012589254117941675,0.002,2000000,134,-0.7390625000000001,1.284375,completed,0.06601892877238623,0.1840409417252912,9.997002659033964e-07,-1005.1363683184609,762.7328992844564,8883,success_index1,S_L,gradient_tolerance,,raw_state_verified,run.py:numpy-batch
SI-pHiSD,0.0012589254117941675,0.002,2000000,404,-0.6078125000000001,1.434375,completed,0.06601892877735638,0.18404094172670252,9.999880626640337e-07,-1005.1363683236697,762.7328992897023,8883,success_index1,S_L,gradient_tolerance,,raw_state_verified,run.py:numpy-batch
SI-pHiSD,0.0012589254117941675,0.002,2000000,100,-0.7578125,1.265625,completed,0.066018928770439,0.18404094172335747,9.98331126793849e-07,-1005.1363683108025,762.7328992836116,8890,success_index1,S_L,gradient_tolerance,,raw_state_verified,run.py:numpy-batch
SI-pHiSD,0.0012589254117941675,0.002,2000000,370,-0.6265625,1.415625,completed,0.06601892877133743,0.18404094172310703,9.97918911703808e-07,-1005.1363683096871,762.7328992850031,8892,success_index1,S_L,gradient_tolerance,,raw_state_verified,run.py:numpy-batch
SI-pHiSD,0.0012589254117941675,0.002,2000000,235,-0.6921875000000001,1.340625,completed,0.06601892877081766,0.18404094172326618,9.981702910971508e-07,-1005.1363683103899,762.7328992841858,8894,success_index1,S_L,gradient_tolerance,,raw_state_verified,run.py:numpy-batch
SI-pHiSD,0.0012589254117941675,0.002,2000000,269,-0.6734375,1.359375,completed,0.06601892879330593,0.1840409417293417,9.993037016098573e-07,-1005.1363683326956,762.7328993081946,8894,success_index1,S_L,gradient_tolerance,,raw_state_verified,run.py:numpy-batch
SI-pHiSD,0.0012589254117941675,0.002,2000000,66,-0.7765625,1.246875,completed,0.06601892876928205,0.18404094172403038,9.991828419060324e-07,-1005.1363683136642,762.7328992815125,8895,success_index1,S_L,gradient_tolerance,,raw_state_verified,run.py:numpy-batch
SI-pHiSD,0.0012589254117941675,0.002,2000000,32,-0.7953125000000001,1.228125,completed,0.0660189287658895,0.18404094172405047,9.999020733100847e-07,-1005.1363683141104,762.732899277069,8900,success_index1,S_L,gradient_tolerance,,raw_state_verified,run.py:numpy-batch
SI-pHiSD,0.0012589254117941675,0.002,2000000,437,-0.5984375000000001,1.453125,completed,0.06601892876593489,0.18404094172164126,9.976919250061626e-07,-1005.1363683043031,762.7328992792407,8904,success_index1,S_L,gradient_tolerance,,raw_state_verified,run.py:numpy-batch
SI-pHiSD,0.0012589254117941675,0.002,2000000,336,-0.6453125000000001,1.3968749999999999,completed,0.06601892877927565,0.18404094172678317,9.996799016863071e-07,-1005.136368323792,762.7328992921352,8906,success_index1,S_L,gradient_tolerance,,raw_state_verified,run.py:numpy-batch
SI-pHiSD,0.0012589254117941675,0.002,2000000,201,-0.7109375,1.321875,completed,0.06601892878105389,0.1840409417266367,9.991946399127473e-07,-1005.1363683230052,762.7328992945834,8907,success_index1,S_L,gradient_tolerance,,raw_state_verified,run.py:numpy-batch
SI-pHiSD,0.0012589254117941675,0.002,2000000,167,-0.7296875,1.3031249999999999,completed,0.06601892877113315,0.18404094172421245,9.989702076289098e-07,-1005.1363683142062,762.7328992837679,8911,success_index1,S_L,gradient_tolerance,,raw_state_verified,run.py:numpy-batch
SI-pHiSD,0.0012589254117941675,0.002,2000000,302,-0.6640625,1.378125,completed,0.06601892877474287,0.18404094172446206,9.984661841885444e-07,-1005.1363683148348,762.7328992882575,8915,success_index1,S_L,gradient_tolerance,,raw_state_verified,run.py:numpy-batch
SI-pHiSD,0.0012589254117941675,0.002,2000000,471,-0.5796875,1.4718749999999998,completed,0.06601892881343928,0.18404094173238272,9.984326371398284e-07,-1005.1363683429073,762.7328993317923,8915,success_index1,S_L,gradient_tolerance,,raw_state_verified,run.py:numpy-batch
SI-pHiSD,0.0012589254117941675,0.002,2000000,133,-0.7484375000000001,1.284375,completed,0.06601892877073841,0.1840409417231207,9.980536399941792e-07,-1005.1363683098069,762.73289928421,8918,success_index1,S_L,gradient_tolerance,,raw_state_verified,run.py:numpy-batch
SI-pHiSD,0.0012589254117941675,0.002,2000000,403,-0.6171875,1.434375,completed,0.0660189287696516,0.18404094172345617,9.985825390776877e-07,-1005.1363683112882,762.7328992824981,8918,success_index1,S_L,gradient_tolerance,,raw_state_verified,run.py:numpy-batch
SI-pHiSD,0.0012589254117941675,0.002,2000000,457,-0.7109375,1.4718749999999998,completed,1.1393329427558747,4.868695684802555,16076883652.777222,1532824537.996632,141232268194.6648,8921,state_safeguard,U,state_safeguard,source_norm2_gt_5,raw_state_verified,run.py:numpy-batch
SI-pHiSD,0.0012589254117941675,0.002,2000000,268,-0.6828125,1.359375,completed,0.06601892876959055,0.18404094172479998,9.99822417170092e-07,-1005.1363683167623,762.7328992812404,8922,success_index1,S_L,gradient_tolerance,,raw_state_verified,run.py:numpy-batch
SI-pHiSD,0.0012589254117941675,0.002,2000000,99,-0.7671875,1.265625,completed,0.06601892877292488,0.18404094172511856,9.994332850723445e-07,-1005.1363683177007,762.7328992853103,8925,success_index1,S_L,gradient_tolerance,,raw_state_verified,run.py:numpy-batch
SI-pHiSD,0.0012589254117941675,0.002,2000000,65,-0.7859375000000001,1.246875,completed,0.0660189287629827,0.18404094172295818,9.99511283123119e-07,-1005.1363683099778,762.732899274235,8928,success_index1,S_L,gradient_tolerance,,raw_state_verified,run.py:numpy-batch
SI-pHiSD,0.0012589254117941675,0.002,2000000,504,-0.5703125,1.4906249999999999,completed,0.06601892878547429,0.1840409417282531,9.998064758894446e-07,-1005.136368329107,762.7328992989327,8929,success_index1,S_L,gradient_tolerance,,raw_state_verified,run.py:numpy-batch
SI-pHiSD,0.0012589254117941675,0.002,2000000,234,-0.7015625000000001,1.340625,completed,0.0660189287698061,0.18404094172486352,9.998362873457938e-07,-1005.1363683169982,762.7328992814655,8931,success_index1,S_L,gradient_tolerance,,raw_state_verified,run.py:numpy-batch
SI-pHiSD,0.0012589254117941675,0.002,2000000,470,-0.5890625,1.4718749999999998,completed,0.0660189287754226,0.18404094172399169,9.978998415927403e-07,-1005.1363683128479,762.7328992895568,8934,success_index1,S_L,gradient_tolerance,,raw_state_verified,run.py:numpy-batch
SI-pHiSD,0.0012589254117941675,0.002,2000000,200,-0.7203125,1.321875,completed,0.06601892876816493,0.18404094172389165,9.992860047537729e-07,-1005.1363683132197,762.7328992801769,8940,success_index1,S_L,gradient_tolerance,,raw_state_verified,run.py:numpy-batch
SI-pHiSD,0.0012589254117941675,0.002,2000000,369,-0.6359375,1.415625,completed,0.06601892878444346,0.18404094172699562,9.98858649914231e-07,-1005.1363683241013,762.7328992986907,8940,success_index1,S_L,gradient_tolerance,,raw_state_verified,run.py:numpy-batch
SI-pHiSD,0.0012589254117941675,0.002,2000000,390,-0.7390625000000001,1.434375,completed,1.1390080084038086,4.868701908279009,16049006040.537582,1530256827.0556984,140980698250.08344,8944,state_safeguard,U,state_safeguard,source_norm2_gt_5,raw_state_verified,run.py:numpy-batch
SI-pHiSD,0.0012589254117941675,0.002,2000000,335,-0.6546875000000001,1.3968749999999999,completed,0.06601892877361208,0.1840409417233227,9.976539541112424e-07,-1005.1363683103209,762.732899287781,8944,success_index1,S_L,gradient_tolerance,,raw_state_verified,run.py:numpy-batch
SI-pHiSD,0.0012589254117941675,0.002,2000000,436,-0.6078125000000001,1.453125,completed,0.06601892876995409,0.18404094172368182,9.987265777335602e-07,-1005.1363683121738,762.7328992826948,8946,success_index1,S_L,gradient_tolerance,,raw_state_verified,run.py:numpy-batch
SI-pHiSD,0.0012589254117941675,0.002,2000000,166,-0.7390625000000001,1.3031249999999999,completed,0.06601892876652427,0.18404094172216434,9.980473526526648e-07,-1005.1363683063684,762.732899279551,8948,success_index1,S_L,gradient_tolerance,,raw_state_verified,run.py:numpy-batch
SI-pHiSD,0.0012589254117941675,0.002,2000000,301,-0.6734375,1.378125,completed,0.06601892876950398,0.1840409417242752,9.993608972235833e-07,-1005.1363683146365,762.7328992815873,8953,success_index1,S_L,gradient_tolerance,,raw_state_verified,run.py:numpy-batch
SI-pHiSD,0.0012589254117941675,0.002,2000000,132,-0.7578125,1.284375,completed,0.06601892876375864,0.1840409417215207,9.980354599073413e-07,-1005.136368304046,762.7328992765076,8954,success_index1,S_L,gradient_tolerance,,raw_state_verified,run.py:numpy-batch
SI-pHiSD,0.0012589254117941675,0.002,2000000,98,-0.7765625,1.265625,completed,0.06601892876050583,0.18404094172088623,9.98140416556866e-07,-1005.1363683018137,762.7328992728204,8960,success_index1,S_L,gradient_tolerance,,raw_state_verified,run.py:numpy-batch
SI-pHiSD,0.0012589254117941675,0.002,2000000,402,-0.6265625,1.434375,completed,0.06601892877260593,0.18404094172425198,9.987064961379884e-07,-1005.1363683142092,762.7328992856542,8961,success_index1,S_L,gradient_tolerance,,raw_state_verified,run.py:numpy-batch
SI-pHiSD,0.0012589254117941675,0.002,2000000,503,-0.5796875,1.4906249999999999,completed,0.06601892877903531,0.1840409417249422,9.980464555889986e-07,-1005.1363683163277,762.7328992934357,8962,success_index1,S_L,gradient_tolerance,,raw_state_verified,run.py:numpy-batch
SI-pHiSD,0.0012589254117941675,0.002,2000000,267,-0.6921875000000001,1.359375,completed,0.06601892876946022,0.18404094172445085,9.995302838273394e-07,-1005.1363683153562,762.7328992813764,8963,success_index1,S_L,gradient_tolerance,,raw_state_verified,run.py:numpy-batch
SI-pHiSD,0.0012589254117941675,0.002,2000000,64,-0.7953125000000001,1.246875,completed,0.06601892875799613,0.18404094172047172,9.98294939086195e-07,-1005.1363683003968,762.7328992699099,8965,success_index1,S_L,gradient_tolerance,,raw_state_verified,run.py:numpy-batch
SI-pHiSD,0.0012589254117941675,0.002,2000000,233,-0.7109375,1.340625,completed,0.0660189287674733,0.18404094172307153,9.986796517081986e-07,-1005.1363683099573,762.7328992799934,8973,success_index1,S_L,gradient_tolerance,,raw_state_verified,run.py:numpy-batch
SI-pHiSD,0.0012589254117941675,0.002,2000000,469,-0.5984375000000001,1.4718749999999998,completed,0.06601892877430542,0.184040941725575,9.9957086531392e-07,-1005.1363683194096,762.7328992867114,8976,success_index1,S_L,gradient_tolerance,,raw_state_verified,run.py:numpy-batch
SI-pHiSD,0.0012589254117941675,0.002,2000000,199,-0.7296875,1.321875,completed,0.06601892876832137,0.18404094172426483,9.995946095153183e-07,-1005.1363683147213,762.7328992800539,8982,success_index1,S_L,gradient_tolerance,,raw_state_verified,run.py:numpy-batch
SI-pHiSD,0.0012589254117941675,0.002,2000000,368,-0.6453125000000001,1.415625,completed,0.06601892879295662,0.1840409417280009,9.981457631447123e-07,-1005.1363683272782,762.7328993089145,8985,success_index1,S_L,gradient_tolerance,,raw_state_verified,run.py:numpy-batch
SI-pHiSD,0.0012589254117941675,0.002,2000000,334,-0.6640625,1.3968749999999999,completed,0.06601892877087644,0.18404094172272265,9.976619061941818e-07,-1005.1363683081727,762.7328992847386,8987,success_index1,S_L,gradient_tolerance,,raw_state_verified,run.py:numpy-batch
SI-pHiSD,0.0012589254117941675,0.002,2000000,165,-0.7484375000000001,1.3031249999999999,completed,0.06601892876314863,0.18404094172169386,9.98321488835007e-07,-1005.1363683048161,762.7328992755603,8989,success_index1,S_L,gradient_tolerance,,raw_state_verified,run.py:numpy-batch
SI-pHiSD,0.0012589254117941675,0.002,2000000,435,-0.6171875,1.453125,completed,0.06601892877421625,0.18404094172467103,9.987632487337713e-07,-1005.136368315741,762.7328992873877,8992,success_index1,S_L,gradient_tolerance,,raw_state_verified,run.py:numpy-batch
SI-pHiSD,0.0012589254117941675,0.002,2000000,131,-0.7671875,1.284375,completed,0.06601892875909984,0.18404094172181545,9.992875070476871e-07,-1005.1363683057458,762.7328992701714,8994,success_index1,S_L,gradient_tolerance,,raw_state_verified,run.py:numpy-batch
SI-pHiSD,0.0012589254117941675,0.002,2000000,97,-0.7859375000000001,1.265625,completed,0.06601892875708254,0.18404094172118068,9.991379051312946e-07,-1005.1363683033798,762.7328992680965,9001,success_index1,S_L,gradient_tolerance,,raw_state_verified,run.py:numpy-batch
SI-pHiSD,0.0012589254117941675,0.002,2000000,300,-0.6828125,1.378125,completed,0.06601892877607682,0.1840409417239632,9.977425809027411e-07,-1005.1363683126618,762.7328992904351,9001,success_index1,S_L,gradient_tolerance,,raw_state_verified,run.py:numpy-batch
SI-pHiSD,0.0012589254117941675,0.002,2000000,502,-0.5890625,1.4906249999999999,completed,0.0660189287779602,0.18404094172661714,9.997896636745038e-07,-1005.1363683232573,762.7328992905652,9006,success_index1,S_L,gradient_tolerance,,raw_state_verified,run.py:numpy-batch
SI-pHiSD,0.0012589254117941675,0.002,2000000,266,-0.7015625000000001,1.359375,completed,0.0660189287707085,0.18404094172471772,9.995184263258894e-07,-1005.1363683163075,762.7328992827707,9009,success_index1,S_L,gradient_tolerance,,raw_state_verified,run.py:numpy-batch
SI-pHiSD,0.0012589254117941675,0.002,2000000,289,-0.7859375000000001,1.378125,completed,1.1387796714711433,4.868810069396452,16040881983.227472,1529520772.9680793,140907026182.34082,9014,state_safeguard,U,state_safeguard,source_norm2_gt_5,raw_state_verified,run.py:numpy-batch
SI-pHiSD,0.0012589254117941675,0.002,2000000,401,-0.6359375,1.434375,completed,0.06601892878708918,0.1840409417270966,9.98438558666075e-07,-1005.1363683242288,762.7328993020533,9015,success_index1,S_L,gradient_tolerance,,raw_state_verified,run.py:numpy-batch
SI-pHiSD,0.0012589254117941675,0.002,2000000,232,-0.7203125,1.340625,completed,0.0660189287692453,0.18404094172239377,9.97695549211574e-07,-1005.1363683070097,762.7328992828992,9020,success_index1,S_L,gradient_tolerance,,raw_state_verified,run.py:numpy-batch
SI-pHiSD,0.0012589254117941675,0.002,2000000,367,-0.6546875000000001,1.415625,completed,0.06601892877589897,0.18404094172572513,9.993872274587436e-07,-1005.1363683198499,762.732899288658,9023,success_index1,S_L,gradient_tolerance,,raw_state_verified,run.py:numpy-batch
SI-pHiSD,0.0012589254117941675,0.002,2000000,468,-0.6078125000000001,1.4718749999999998,completed,0.06601892878251188,0.18404094172576607,9.981132186747726e-07,-1005.1363683193063,762.7328992972488,9027,success_index1,S_L,gradient_tolerance,,raw_state_verified,run.py:numpy-batch
SI-pHiSD,0.0012589254117941675,0.002,2000000,198,-0.7390625000000001,1.321875,completed,0.06601892876817404,0.18404094172392454,9.993141478060936e-07,-1005.1363683133524,762.7328992801599,9028,success_index1,S_L,gradient_tolerance,,raw_state_verified,run.py:numpy-batch
SI-pHiSD,0.0012589254117941675,0.002,2000000,164,-0.7578125,1.3031249999999999,completed,0.06601892875860156,0.18404094172239044,9.999188173258071e-07,-1005.1363683081381,762.7328992690178,9033,success_index1,S_L,gradient_tolerance,,raw_state_verified,run.py:numpy-batch
SI-pHiSD,0.0012589254117941675,0.002,2000000,333,-0.6734375,1.3968749999999999,completed,0.06601892877065116,0.18404094172298047,9.979434072046142e-07,-1005.1363683092457,762.7328992842189,9035,success_index1,S_L,gradient_tolerance,,raw_state_verified,run.py:numpy-batch
SI-pHiSD,0.0012589254117941675,0.002,2000000,130,-0.7765625,1.284375,completed,0.06601892875484743,0.18404094172033925,9.988492778977471e-07,-1005.1363683001957,762.732899265919,9039,success_index1,S_L,gradient_tolerance,,raw_state_verified,run.py:numpy-batch
SI-pHiSD,0.0012589254117941675,0.002,2000000,96,-0.7953125000000001,1.265625,completed,0.06601892875974774,0.18404094172087682,9.98292419993659e-07,-1005.136368301857,762.7328992718396,9048,success_index1,S_L,gradient_tolerance,,raw_state_verified,run.py:numpy-batch
SI-pHiSD,0.0012589254117941675,0.002,2000000,299,-0.6921875000000001,1.378125,completed,0.06601892877137339,0.1840409417240635,9.987851638603235e-07,-1005.1363683135744,762.7328992842113,9048,success_index1,S_L,gradient_tolerance,,raw_state_verified,run.py:numpy-batch
SI-pHiSD,0.0012589254117941675,0.002,2000000,434,-0.6265625,1.453125,completed,0.0660189287911545,0.1840409417282528,9.987165664032877e-07,-1005.1363683284964,762.7328993063426,9050,success_index1,S_L,gradient_tolerance,,raw_state_verified,run.py:numpy-batch
SI-pHiSD,0.0012589254117941675,0.002,2000000,265,-0.7109375,1.359375,completed,0.06601892876668118,0.1840409417243148,9.999792204722522e-07,-1005.1363683151008,762.7328992778704,9057,success_index1,S_L,gradient_tolerance,,raw_state_verified,run.py:numpy-batch
SI-pHiSD,0.0012589254117941675,0.002,2000000,400,-0.6453125000000001,1.434375,completed,0.0660189287765563,0.18404094172589744,9.994128272088084e-07,-1005.1363683204801,762.7328992893645,9059,success_index1,S_L,gradient_tolerance,,raw_state_verified,run.py:numpy-batch
SI-pHiSD,0.0012589254117941675,0.002,2000000,501,-0.5984375000000001,1.4906249999999999,completed,0.06601892879329924,0.1840409417299611,9.998702483253098e-07,-1005.1363683352166,762.7328993076426,9062,success_index1,S_L,gradient_tolerance,,raw_state_verified,run.py:numpy-batch
SI-pHiSD,0.0012589254117941675,0.002,2000000,231,-0.7296875,1.340625,completed,0.06601892876191838,0.18404094172277358,9.995663814865254e-07,-1005.1363683093412,762.7328992730086,9067,success_index1,S_L,gradient_tolerance,,raw_state_verified,run.py:numpy-batch
SI-pHiSD,0.0012589254117941675,0.002,2000000,424,-0.7203125,1.453125,completed,1.1390626789829805,4.868566023100808,16038825727.94488,1529303208.451391,140889303163.41217,9071,state_safeguard,U,state_safeguard,source_norm2_gt_5,raw_state_verified,run.py:numpy-batch
SI-pHiSD,0.0012589254117941675,0.002,2000000,366,-0.6640625,1.415625,completed,0.0660189287742831,0.18404094172366905,9.978347044941682e-07,-1005.1363683116572,762.7328992883532,9075,success_index1,S_L,gradient_tolerance,,raw_state_verified,run.py:numpy-batch
SI-pHiSD,0.0012589254117941675,0.002,2000000,197,-0.7484375000000001,1.321875,completed,0.06601892876374284,0.18404094172247384,9.98909503911204e-07,-1005.1363683079256,762.7328992756513,9078,success_index1,S_L,gradient_tolerance,,raw_state_verified,run.py:numpy-batch
SI-pHiSD,0.0012589254117941675,0.002,2000000,491,-0.6921875000000001,1.4906249999999999,completed,1.139288424838385,4.868532310500805,16054933355.796164,1530783389.563522,141034758995.71887,9082,state_safeguard,U,state_safeguard,source_norm2_gt_5,raw_state_verified,run.py:numpy-batch
SI-pHiSD,0.0012589254117941675,0.002,2000000,163,-0.7671875,1.3031249999999999,completed,0.0660189287549126,0.1840409417210924,9.995233629062987e-07,-1005.1363683032532,762.7328992653435,9083,success_index1,S_L,gradient_tolerance,,raw_state_verified,run.py:numpy-batch
SI-pHiSD,0.0012589254117941675,0.002,2000000,467,-0.6171875,1.4718749999999998,completed,0.06601892879157527,0.18404094172847393,9.988386151125712e-07,-1005.1363683293506,762.7328993066978,9083,success_index1,S_L,gradient_tolerance,,raw_state_verified,run.py:numpy-batch
SI-pHiSD,0.0012589254117941675,0.002,2000000,323,-0.7671875,1.3968749999999999,completed,1.138783381442708,4.868699978700781,16029077475.910042,1528420456.563959,140800889746.20197,9086,state_safeguard,U,state_safeguard,source_norm2_gt_5,raw_state_verified,run.py:numpy-batch
SI-pHiSD,0.0012589254117941675,0.002,2000000,129,-0.7859375000000001,1.284375,completed,0.06601892875004357,0.18404094171886654,9.985475991842875e-07,-1005.1363682947193,762.7328992609433,9089,success_index1,S_L,gradient_tolerance,,raw_state_verified,run.py:numpy-batch
SI-pHiSD,0.0012589254117941675,0.002,2000000,332,-0.6828125,1.3968749999999999,completed,0.06601892877341814,0.18404094172338356,9.977488034004743e-07,-1005.136368310589,762.732899287475,9090,success_index1,S_L,gradient_tolerance,,raw_state_verified,run.py:numpy-batch
SI-pHiSD,0.0012589254117941675,0.002,2000000,433,-0.6359375,1.453125,completed,0.06601892878109526,0.18404094172520682,9.978808208525756e-07,-1005.136368317183,762.7328992958913,9099,success_index1,S_L,gradient_tolerance,,raw_state_verified,run.py:numpy-batch
SI-pHiSD,0.0012589254117941675,0.002,2000000,298,-0.7015625000000001,1.378125,completed,0.06601892877478055,0.18404094172574822,9.996332408290153e-07,-1005.1363683200635,762.7328992871788,9104,success_index1,S_L,gradient_tolerance,,raw_state_verified,run.py:numpy-batch
SI-pHiSD,0.0012589254117941675,0.002,2000000,264,-0.7203125,1.359375,completed,0.06601892876299985,0.18404094172104665,9.97761467401501e-07,-1005.1363683021996,762.7328992759332,9113,success_index1,S_L,gradient_tolerance,,raw_state_verified,run.py:numpy-batch
SI-pHiSD,0.0012589254117941675,0.002,2000000,399,-0.6546875000000001,1.434375,completed,0.06601892877981902,0.18404094172687177,9.996531007789847e-07,-1005.1363683240941,762.7328992927665,9117,success_index1,S_L,gradient_tolerance,,raw_state_verified,run.py:numpy-batch
SI-pHiSD,0.0012589254117941675,0.002,2000000,500,-0.6078125000000001,1.4906249999999999,completed,0.06601892879085941,0.184040941727035,9.976610294480709e-07,-1005.136368323573,762.7328993070257,9118,success_index1,S_L,gradient_tolerance,,raw_state_verified,run.py:numpy-batch
SI-pHiSD,0.0012589254117941675,0.002,2000000,230,-0.7390625000000001,1.340625,completed,0.06601892876241601,0.18404094172092764,9.977753792574518e-07,-1005.1363683017778,762.7328992752758,9124,success_index1,S_L,gradient_tolerance,,raw_state_verified,run.py:numpy-batch
SI-pHiSD,0.0012589254117941675,0.002,2000000,196,-0.7578125,1.321875,completed,0.06601892875730032,0.18404094172000554,9.980177037286937e-07,-1005.136368298575,762.7328992694111,9132,success_index1,S_L,gradient_tolerance,,raw_state_verified,run.py:numpy-batch
SI-pHiSD,0.0012589254117941675,0.002,2000000,162,-0.7765625,1.3031249999999999,completed,0.0660189287508582,0.18404094171918015,9.986559658746152e-07,-1005.1363682959079,762.7328992617313,9139,success_index1,S_L,gradient_tolerance,,raw_state_verified,run.py:numpy-batch
SI-pHiSD,0.0012589254117941675,0.002,2000000,365,-0.6734375,1.415625,completed,0.06601892878685005,0.18404094172696925,9.983684238337732e-07,-1005.1363683237364,762.7328993018527,9139,success_index1,S_L,gradient_tolerance,,raw_state_verified,run.py:numpy-batch
SI-pHiSD,0.0012589254117941675,0.002,2000000,466,-0.6265625,1.4718749999999998,completed,0.06601892878710934,0.1840409417263431,9.977468105340271e-07,-1005.1363683211605,762.7328993027402,9140,success_index1,S_L,gradient_tolerance,,raw_state_verified,run.py:numpy-batch
SI-pHiSD,0.0012589254117941675,0.002,2000000,128,-0.7953125000000001,1.284375,completed,0.06601892874607253,0.18404094171681135,9.975449467391205e-07,-1005.136368286784,762.732899257565,9145,success_index1,S_L,gradient_tolerance,,raw_state_verified,run.py:numpy-batch
SI-pHiSD,0.0012589254117941675,0.002,2000000,331,-0.6921875000000001,1.3968749999999999,completed,0.0660189287700178,0.18404094172269192,9.978093825968488e-07,-1005.1363683081398,762.7328992836459,9149,success_index1,S_L,gradient_tolerance,,raw_state_verified,run.py:numpy-batch
SI-pHiSD,0.0012589254117941675,0.002,2000000,297,-0.7109375,1.378125,completed,0.06601892876886485,0.1840409417224337,9.978101545654254e-07,-1005.1363683072129,762.7328992823678,9164,success_index1,S_L,gradient_tolerance,,raw_state_verified,run.py:numpy-batch
SI-pHiSD,0.0012589254117941675,0.002,2000000,432,-0.6453125000000001,1.453125,completed,0.06601892879938634,0.18404094173128605,9.999463166808049e-07,-1005.1363683399536,762.7328993144218,9167,success_index1,S_L,gradient_tolerance,,raw_state_verified,run.py:numpy-batch
SI-pHiSD,0.0012589254117941675,0.002,2000000,263,-0.7296875,1.359375,completed,0.06601892876142249,0.18404094172178373,9.987666594252981e-07,-1005.1363683053673,762.7328992732294,9175,success_index1,S_L,gradient_tolerance,,raw_state_verified,run.py:numpy-batch
SI-pHiSD,0.0012589254117941675,0.002,2000000,398,-0.6640625,1.434375,completed,0.06601892877927927,0.18404094172676083,9.996586951163388e-07,-1005.1363683237005,762.7328992921597,9181,success_index1,S_L,gradient_tolerance,,raw_state_verified,run.py:numpy-batch
SI-pHiSD,0.0012589254117941675,0.002,2000000,229,-0.7484375000000001,1.340625,completed,0.06601892876034422,0.18404094172173163,9.98946976735235e-07,-1005.1363683052707,762.7328992718685,9187,success_index1,S_L,gradient_tolerance,,raw_state_verified,run.py:numpy-batch
SI-pHiSD,0.0012589254117941675,0.002,2000000,499,-0.6171875,1.4906249999999999,completed,0.06601892881477986,0.18404094173360774,9.993170915554533e-07,-1005.1363683477477,762.7328993324671,9189,success_index1,S_L,gradient_tolerance,,raw_state_verified,run.py:numpy-batch
SI-pHiSD,0.0012589254117941675,0.002,2000000,195,-0.7671875,1.321875,completed,0.06601892875185186,0.18404094172004426,9.992287832271239e-07,-1005.1363682993173,762.7328992622696,9195,success_index1,S_L,gradient_tolerance,,raw_state_verified,run.py:numpy-batch
SI-pHiSD,0.0012589254117941675,0.002,2000000,364,-0.6828125,1.415625,completed,0.0660189287765318,0.18404094172465876,9.982865767903519e-07,-1005.1363683154427,762.7328992904188,9201,success_index1,S_L,gradient_tolerance,,raw_state_verified,run.py:numpy-batch
SI-pHiSD,0.0012589254117941675,0.002,2000000,357,-0.7484375000000001,1.415625,completed,1.1388002368950187,4.868593067242835,16018784077.49324,1527459731.2843726,140708378254.75146,9204,state_safeguard,U,state_safeguard,source_norm2_gt_5,raw_state_verified,run.py:numpy-batch
SI-pHiSD,0.0012589254117941675,0.002,2000000,161,-0.7859375000000001,1.3031249999999999,completed,0.0660189287527964,0.1840409417188237,9.979082589513098e-07,-1005.1363682942497,762.7328992645722,9205,success_index1,S_L,gradient_tolerance,,raw_state_verified,run.py:numpy-batch
SI-pHiSD,0.0012589254117941675,0.002,2000000,465,-0.6359375,1.4718749999999998,completed,0.06601892879785286,0.18404094172968932,9.987722912575055e-07,-1005.1363683336223,762.732899313821,9210,success_index1,S_L,gradient_tolerance,,raw_state_verified,run.py:numpy-batch
SI-pHiSD,0.0012589254117941675,0.002,2000000,330,-0.7015625000000001,1.3968749999999999,completed,0.06601892877052443,0.18404094172295074,9.979421662178766e-07,-1005.1363683091384,762.7328992840796,9218,success_index1,S_L,gradient_tolerance,,raw_state_verified,run.py:numpy-batch
SI-pHiSD,0.0012589254117941675,0.002,2000000,431,-0.6546875000000001,1.453125,completed,0.0660189287860743,0.18404094172816549,9.996102523957122e-07,-1005.1363683286863,762.7328992997923,9232,success_index1,S_L,gradient_tolerance,,raw_state_verified,run.py:numpy-batch
SI-pHiSD,0.0012589254117941675,0.002,2000000,296,-0.7203125,1.378125,completed,0.06601892878320181,0.18404094172733138,9.9940737282652e-07,-1005.1363683256012,762.7328992967763,9241,success_index1,S_L,gradient_tolerance,,raw_state_verified,run.py:numpy-batch
SI-pHiSD,0.0012589254117941675,0.002,2000000,262,-0.7390625000000001,1.359375,completed,0.06601892875879144,0.18404094172220964,9.997132374421345e-07,-1005.1363683073824,762.7328992694239,9247,success_index1,S_L,gradient_tolerance,,raw_state_verified,run.py:numpy-batch
SI-pHiSD,0.0012589254117941675,0.002,2000000,397,-0.6734375,1.434375,completed,0.06601892878124149,0.18404094172668742,9.992039498237043e-07,-1005.1363683231909,762.732899294784,9256,success_index1,S_L,gradient_tolerance,,raw_state_verified,run.py:numpy-batch
SI-pHiSD,0.0012589254117941675,0.002,2000000,498,-0.6265625,1.4906249999999999,completed,0.06601892880500061,0.1840409417320443,9.996165781494246e-07,-1005.1363683424358,762.7328993210808,9258,success_index1,S_L,gradient_tolerance,,raw_state_verified,run.py:numpy-batch
SI-pHiSD,0.0012589254117941675,0.002,2000000,228,-0.7578125,1.340625,completed,0.06601892875585394,0.18404094172108013,9.99309491166521e-07,-1005.136368303102,762.7328992665822,9259,success_index1,S_L,gradient_tolerance,,raw_state_verified,run.py:numpy-batch
SI-pHiSD,0.0012589254117941675,0.002,2000000,194,-0.7765625,1.321875,completed,0.06601892876055465,0.18404094172177202,9.98939299764933e-07,-1005.1363683054126,762.7328992721078,9273,success_index1,S_L,gradient_tolerance,,raw_state_verified,run.py:numpy-batch
SI-pHiSD,0.0012589254117941675,0.002,2000000,160,-0.7953125000000001,1.3031249999999999,completed,0.06601892874365878,0.1840409417173605,9.985842008248385e-07,-1005.1363682892775,762.7328992539349,9276,success_index1,S_L,gradient_tolerance,,raw_state_verified,run.py:numpy-batch
SI-pHiSD,0.0012589254117941675,0.002,2000000,363,-0.6921875000000001,1.415625,completed,0.06601892877463551,0.1840409417244593,9.9848534255105e-07,-1005.1363683148352,762.7328992881197,9278,success_index1,S_L,gradient_tolerance,,raw_state_verified,run.py:numpy-batch
SI-pHiSD,0.0012589254117941675,0.002,2000000,458,-0.7015625000000001,1.4718749999999998,completed,1.1392606287641975,4.8686442209813166,16064840071.198748,1531709017.4163043,141123769053.81293,9284,state_safeguard,U,state_safeguard,source_norm2_gt_5,raw_state_verified,run.py:numpy-batch
SI-pHiSD,0.0012589254117941675,0.002,2000000,464,-0.6453125000000001,1.4718749999999998,completed,0.06601892879498161,0.1840409417301702,9.997452638121696e-07,-1005.1363683358866,762.732899309654,9286,success_index1,S_L,gradient_tolerance,,raw_state_verified,run.py:numpy-batch
SI-pHiSD,0.0012589254117941675,0.002,2000000,329,-0.7109375,1.3968749999999999,completed,0.06601892876967087,0.18404094172489632,9.99893966228827e-07,-1005.1363683171458,762.7328992812603,9298,success_index1,S_L,gradient_tolerance,,raw_state_verified,run.py:numpy-batch
SI-pHiSD,0.0012589254117941675,0.002,2000000,295,-0.7296875,1.378125,completed,0.06601892876467215,0.18404094172267163,9.988959656108202e-07,-1005.1363683086307,762.7328992766903,9317,success_index1,S_L,gradient_tolerance,,raw_state_verified,run.py:numpy-batch
SI-pHiSD,0.0012589254117941675,0.002,2000000,430,-0.6640625,1.453125,completed,0.06601892879470074,0.18404094172857352,9.983407904272644e-07,-1005.1363683294206,762.7328993106875,9319,success_index1,S_L,gradient_tolerance,,raw_state_verified,run.py:numpy-batch
SI-pHiSD,0.0012589254117941675,0.002,2000000,261,-0.7484375000000001,1.359375,completed,0.0660189287562615,0.18404094171958119,9.978524931307596e-07,-1005.1363682969594,762.7328992684284,9333,success_index1,S_L,gradient_tolerance,,raw_state_verified,run.py:numpy-batch
SI-pHiSD,0.0012589254117941675,0.002,2000000,497,-0.6359375,1.4906249999999999,completed,0.066018928809727,0.18404094173172436,9.98482465026864e-07,-1005.1363683406272,762.7328993275269,9345,success_index1,S_L,gradient_tolerance,,raw_state_verified,run.py:numpy-batch
SI-pHiSD,0.0012589254117941675,0.002,2000000,227,-0.7671875,1.340625,completed,0.06601892875036876,0.1840409417184181,9.980666702642322e-07,-1005.1363682928603,762.7328992617606,9346,success_index1,S_L,gradient_tolerance,,raw_state_verified,run.py:numpy-batch
SI-pHiSD,0.0012589254117941675,0.002,2000000,396,-0.6828125,1.434375,completed,0.06601892878339985,0.18404094172625102,9.983822721400039e-07,-1005.136368321184,762.732899297982,9346,success_index1,S_L,gradient_tolerance,,raw_state_verified,run.py:numpy-batch
SI-pHiSD,0.0012589254117941675,0.002,2000000,193,-0.7859375000000001,1.321875,completed,0.06601892874434993,0.18404094171708904,9.98181848065738e-07,-1005.1363682880988,762.7328992550746,9356,success_index1,S_L,gradient_tolerance,,raw_state_verified,run.py:numpy-batch
SI-pHiSD,0.0012589254117941675,0.002,2000000,362,-0.7015625000000001,1.415625,completed,0.06601892877613079,0.18404094172583588,9.99441850543997e-07,-1005.136368320275,762.7328992888636,9372,success_index1,S_L,gradient_tolerance,,raw_state_verified,run.py:numpy-batch
SI-pHiSD,0.0012589254117941675,0.002,2000000,463,-0.6546875000000001,1.4718749999999998,completed,0.06601892880364779,0.1840409417312953,9.9917737538147e-07,-1005.1363683395336,762.7328993199728,9384,success_index1,S_L,gradient_tolerance,,raw_state_verified,run.py:numpy-batch
SI-pHiSD,0.0012589254117941675,0.002,2000000,328,-0.7203125,1.3968749999999999,completed,0.06601892876789847,0.18404094172287883,9.984158439615556e-07,-1005.1363683091275,762.7328992807174,9396,success_index1,S_L,gradient_tolerance,,raw_state_verified,run.py:numpy-batch
SI-pHiSD,0.0012589254117941675,0.002,2000000,429,-0.6734375,1.453125,completed,0.06601892878999661,0.18404094172724314,9.980152238042828e-07,-1005.1363683245128,762.7328993057175,9418,success_index1,S_L,gradient_tolerance,,raw_state_verified,run.py:numpy-batch
SI-pHiSD,0.0012589254117941675,0.002,2000000,391,-0.7296875,1.434375,completed,1.1390318228611163,4.868713058715117,16052327655.39437,1530564147.3912792,141010631698.02942,9419,state_safeguard,U,state_safeguard,source_norm2_gt_5,raw_state_verified,run.py:numpy-batch
SI-pHiSD,0.0012589254117941675,0.002,2000000,294,-0.7390625000000001,1.378125,completed,0.06601892876556308,0.184040941723966,9.998927736171777e-07,-1005.1363683138017,762.7328992767175,9420,success_index1,S_L,gradient_tolerance,,raw_state_verified,run.py:numpy-batch
SI-pHiSD,0.0012589254117941675,0.002,2000000,260,-0.7578125,1.359375,completed,0.06601892876410036,0.18404094172293842,9.992591850146706e-07,-1005.1363683097779,762.7328992757102,9441,success_index1,S_L,gradient_tolerance,,raw_state_verified,run.py:numpy-batch
SI-pHiSD,0.0012589254117941675,0.002,2000000,496,-0.6453125000000001,1.4906249999999999,completed,0.06601892881898314,0.18404094173429605,9.992241718749855e-07,-1005.1363683500971,762.7328993373466,9451,success_index1,S_L,gradient_tolerance,,raw_state_verified,run.py:numpy-batch
SI-pHiSD,0.0012589254117941675,0.002,2000000,226,-0.7765625,1.340625,completed,0.06601892874768997,0.1840409417177252,9.980221733884352e-07,-1005.1363682903284,762.7328992588739,9453,success_index1,S_L,gradient_tolerance,,raw_state_verified,run.py:numpy-batch
SI-pHiSD,0.0012589254117941675,0.002,2000000,395,-0.6921875000000001,1.434375,completed,0.06601892878248329,0.1840409417274318,9.996396818621154e-07,-1005.1363683260864,762.7328992957513,9453,success_index1,S_L,gradient_tolerance,,raw_state_verified,run.py:numpy-batch
SI-pHiSD,0.0012589254117941675,0.002,2000000,192,-0.7953125000000001,1.321875,completed,0.06601892874091815,0.18404094171673793,9.986305022054004e-07,-1005.1363682870385,762.7328992509056,9464,success_index1,S_L,gradient_tolerance,,raw_state_verified,run.py:numpy-batch
SI-pHiSD,0.0012589254117941675,0.002,2000000,361,-0.7109375,1.415625,completed,0.06601892877365353,0.18404094172345523,9.977665929998497e-07,-1005.1363683108552,762.7328992877191,9488,success_index1,S_L,gradient_tolerance,,raw_state_verified,run.py:numpy-batch
SI-pHiSD,0.0012589254117941675,0.002,2000000,462,-0.6640625,1.4718749999999998,completed,0.06601892880107775,0.1840409417310925,9.994596513908125e-07,-1005.136368338985,762.7328993167978,9497,success_index1,S_L,gradient_tolerance,,raw_state_verified,run.py:numpy-batch
SI-pHiSD,0.0012589254117941675,0.002,2000000,327,-0.7296875,1.3968749999999999,completed,0.06601892877037774,0.18404094172345817,9.984355650039273e-07,-1005.136368311219,762.7328992834433,9522,success_index1,S_L,gradient_tolerance,,raw_state_verified,run.py:numpy-batch
SI-pHiSD,0.0012589254117941675,0.002,2000000,256,-0.7953125000000001,1.359375,completed,1.1386122656856879,4.868703909457251,16014507979.108202,1527078482.236071,140669419688.41476,9545,state_safeguard,U,state_safeguard,source_norm2_gt_5,raw_state_verified,run.py:numpy-batch
SI-pHiSD,0.0012589254117941675,0.002,2000000,428,-0.6828125,1.453125,completed,0.06601892879433865,0.18404094172942342,9.99184223256784e-07,-1005.1363683329178,762.73289930947,9548,success_index1,S_L,gradient_tolerance,,raw_state_verified,run.py:numpy-batch
SI-pHiSD,0.0012589254117941675,0.002,2000000,293,-0.7484375000000001,1.378125,completed,0.06601892875901016,0.1840409417225065,9.999379166831459e-07,-1005.1363683085664,762.7328992694491,9549,success_index1,S_L,gradient_tolerance,,raw_state_verified,run.py:numpy-batch
SI-pHiSD,0.0012589254117941675,0.002,2000000,259,-0.7671875,1.359375,completed,0.06601892875473418,0.18404094172019464,9.98741593890533e-07,-1005.1363682996199,762.7328992658977,9575,success_index1,S_L,gradient_tolerance,,raw_state_verified,run.py:numpy-batch
SI-pHiSD,0.0012589254117941675,0.002,2000000,495,-0.6546875000000001,1.4906249999999999,completed,0.06601892880979979,0.18404094173155988,9.983196655234807e-07,-1005.1363683399502,762.7328993277662,9580,success_index1,S_L,gradient_tolerance,,raw_state_verified,run.py:numpy-batch
SI-pHiSD,0.0012589254117941675,0.002,2000000,225,-0.7859375000000001,1.340625,completed,0.06601892874387623,0.18404094171713456,9.983291634506106e-07,-1005.1363682883348,762.7328992544166,9593,success_index1,S_L,gradient_tolerance,,raw_state_verified,run.py:numpy-batch
SI-pHiSD,0.0012589254117941675,0.002,2000000,394,-0.7015625000000001,1.434375,completed,0.06601892878679659,0.18404094172736074,9.98736113824393e-07,-1005.1363683253346,762.7328993014397,9599,success_index1,S_L,gradient_tolerance,,raw_state_verified,run.py:numpy-batch
SI-pHiSD,0.0012589254117941675,0.002,2000000,360,-0.7203125,1.415625,completed,0.06601892878257196,0.1840409417277126,9.998786953679823e-07,-1005.1363683272194,762.7328992956207,9649,success_index1,S_L,gradient_tolerance,,raw_state_verified,run.py:numpy-batch
SI-pHiSD,0.0012589254117941675,0.002,2000000,461,-0.6734375,1.4718749999999998,completed,0.06601892880298367,0.1840409417302407,9.98335560487349e-07,-1005.1363683353144,762.7328993200312,9652,success_index1,S_L,gradient_tolerance,,raw_state_verified,run.py:numpy-batch
SI-pHiSD,0.0012589254117941675,0.002,2000000,326,-0.7390625000000001,1.3968749999999999,completed,0.06601892876371594,0.18404094172176202,9.982648623497815e-07,-1005.1363683050329,762.7328992762403,9692,success_index1,S_L,gradient_tolerance,,raw_state_verified,run.py:numpy-batch
SI-pHiSD,0.0012589254117941675,0.002,2000000,427,-0.6921875000000001,1.453125,completed,0.06601892879495935,0.1840409417299014,9.995041613693499e-07,-1005.136368334795,762.732899309861,9728,success_index1,S_L,gradient_tolerance,,raw_state_verified,run.py:numpy-batch
SI-pHiSD,0.0012589254117941675,0.002,2000000,292,-0.7578125,1.378125,completed,0.06601892875697066,0.1840409417195909,9.977093521699439e-07,-1005.1363682969233,762.7328992693446,9735,success_index1,S_L,gradient_tolerance,,raw_state_verified,run.py:numpy-batch
SI-pHiSD,0.0012589254117941675,0.002,2000000,494,-0.6640625,1.4906249999999999,completed,0.06601892881133534,0.18404094173216434,9.986008163888407e-07,-1005.1363683422449,762.7328993292388,9767,success_index1,S_L,gradient_tolerance,,raw_state_verified,run.py:numpy-batch
SI-pHiSD,0.0012589254117941675,0.002,2000000,258,-0.7765625,1.359375,completed,0.06601892874850754,0.1840409417196357,9.995876550943312e-07,-1005.136368298014,762.7328992582654,9771,success_index1,S_L,gradient_tolerance,,raw_state_verified,run.py:numpy-batch
SI-pHiSD,0.0012589254117941675,0.002,2000000,290,-0.7765625,1.378125,completed,1.1387928589892324,4.8687873655711105,16039537140.270975,1529394247.8813977,140894968972.6267,9786,state_safeguard,U,state_safeguard,source_norm2_gt_5,raw_state_verified,run.py:numpy-batch
SI-pHiSD,0.0012589254117941675,0.002,2000000,224,-0.7953125000000001,1.340625,completed,0.0660189287417377,0.18404094171762778,9.99259074159059e-07,-1005.1363682905711,762.7328992511947,9800,success_index1,S_L,gradient_tolerance,,raw_state_verified,run.py:numpy-batch
SI-pHiSD,0.0012589254117941675,0.002,2000000,393,-0.7109375,1.434375,completed,0.0660189287804642,0.18404094172715127,9.997807432055534e-07,-1005.1363683251615,762.7328992933634,9806,success_index1,S_L,gradient_tolerance,,raw_state_verified,run.py:numpy-batch
SI-pHiSD,0.0012589254117941675,0.002,2000000,492,-0.6828125,1.4906249999999999,completed,1.1393806867120584,4.868691271663152,16080597488.96582,1533166182.6198902,141265795236.64313,9850,state_safeguard,U,state_safeguard,source_norm2_gt_5,raw_state_verified,run.py:numpy-batch
SI-pHiSD,0.0012589254117941675,0.002,2000000,460,-0.6828125,1.4718749999999998,completed,0.06601892880422315,0.18404094173162588,9.993749774611566e-07,-1005.136368340817,762.7328993204337,9889,success_index1,S_L,gradient_tolerance,,raw_state_verified,run.py:numpy-batch
SI-pHiSD,0.0012589254117941675,0.002,2000000,359,-0.7296875,1.415625,completed,0.06601892877099293,0.18404094172405175,9.988520317220378e-07,-1005.1363683135676,762.7328992837256,9891,success_index1,S_L,gradient_tolerance,,raw_state_verified,run.py:numpy-batch
SI-pHiSD,0.0012589254117941675,0.002,2000000,325,-0.7484375000000001,1.3968749999999999,completed,0.06601892876168455,0.1840409417227475,9.995918370275e-07,-1005.1363683092598,762.7328992727265,9979,success_index1,S_L,gradient_tolerance,,raw_state_verified,run.py:numpy-batch
SI-pHiSD,0.0012589254117941675,0.002,2000000,426,-0.7015625000000001,1.453125,completed,0.06601892879555972,0.18404094172994934,9.994357321031489e-07,-1005.1363683349258,762.7328993106017,10038,success_index1,S_L,gradient_tolerance,,raw_state_verified,run.py:numpy-batch
SI-pHiSD,0.0012589254117941675,0.002,2000000,291,-0.7671875,1.378125,completed,0.06601892875360744,0.18404094171914878,9.980294491896926e-07,-1005.1363682954856,762.7328992653447,10067,success_index1,S_L,gradient_tolerance,,raw_state_verified,run.py:numpy-batch
SI-pHiSD,0.0012589254117941675,0.002,2000000,425,-0.7109375,1.453125,completed,1.139001500693085,4.868619103104466,16039305767.971224,1529353549.8481364,140893453951.40942,10096,state_safeguard,U,state_safeguard,source_norm2_gt_5,raw_state_verified,run.py:numpy-batch
SI-pHiSD,0.0012589254117941675,0.002,2000000,493,-0.6734375,1.4906249999999999,completed,0.06601892880955902,0.18404094173283556,9.995255086752937e-07,-1005.1363683451667,762.7328993263334,10098,success_index1,S_L,gradient_tolerance,,raw_state_verified,run.py:numpy-batch
SI-pHiSD,0.0012589254117941675,0.002,2000000,257,-0.7859375000000001,1.359375,completed,0.06601892874469821,0.1840409417173503,9.983429234549829e-07,-1005.136368289124,762.7328992553,10147,success_index1,S_L,gradient_tolerance,,raw_state_verified,run.py:numpy-batch
SI-pHiSD,0.0012589254117941675,0.002,2000000,392,-0.7203125,1.434375,completed,0.06601892878163677,0.18404094172754284,9.99907274835213e-07,-1005.1363683266289,762.7328992945493,10235,success_index1,S_L,gradient_tolerance,,raw_state_verified,run.py:numpy-batch
SI-pHiSD,0.0012589254117941675,0.002,2000000,459,-0.6921875000000001,1.4718749999999998,completed,0.0660189287960815,0.18404094172877256,9.982645712035869e-07,-1005.136368330082,762.7328993123144,10459,success_index1,S_L,gradient_tolerance,,raw_state_verified,run.py:numpy-batch
SI-pHiSD,0.0012589254117941675,0.002,2000000,358,-0.7390625000000001,1.415625,completed,0.06601892876653419,0.18404094172411953,9.99831319060184e-07,-1005.1363683143219,762.7328992778498,10541,success_index1,S_L,gradient_tolerance,,raw_state_verified,run.py:numpy-batch
SI-pHiSD,0.0012589254117941675,0.002,2000000,324,-0.7578125,1.3968749999999999,completed,0.06601892875587732,0.18404094172184093,9.999995782760636e-07,-1005.136368306195,762.7328992659458,11645,success_index1,S_L,gradient_tolerance,,raw_state_verified,run.py:numpy-batch
