iteration,residual,refreeze_id,eta_current
0,22.3850809010541,0,1e-05
1,22.3859830944762,0,1e-05
2,22.4047601293942,0,1e-05
3,22.393482845835,0,1e-05
4,22.3620639206759,0,1e-05
5,22.4202281571901,0,1e-05
6,22.3518168899387,0,1e-05
7,22.4582414769298,0,1e-05
8,22.3634917577834,0,1e-05
9,22.5014586152421,0,1e-05
10,22.3890133591202,0,1e-05
11,22.5463895958297,0,1e-05
12,22.4225170996057,0,1e-05
13,22.5907460159766,0,1e-05
14,22.4599265295853,0,1e-05
15,22.633274997206,0,1e-05
16,22.4986556086655,0,1e-05
17,22.6734685024459,0,1e-05
18,22.5372122731639,0,1e-05
19,22.7112246559751,0,1e-05
20,22.5748083425516,0,1e-05
21,22.7466300957576,0,1e-05
22,22.6110711089315,0,1e-05
23,22.7798485849974,0,1e-05
24,22.6458624504311,0,1e-05
25,22.8110658299135,0,1e-05
26,22.6791668011546,0,1e-05
27,22.8404620351745,0,1e-05
28,22.7110278509628,0,1e-05
29,22.8682003669219,0,1e-05
30,22.7415121186265,0,1e-05
31,22.8944225449242,0,1e-05
32,22.7706892198092,0,1e-05
33,22.9192485939579,0,1e-05
34,22.7986225289029,0,1e-05
35,22.9427786688737,0,1e-05
36,22.8253657585919,0,1e-05
37,22.9650958196382,0,1e-05
38,22.8509628622528,0,1e-05
39,22.9862690661575,0,1e-05
40,22.8754493887985,0,1e-05
41,23.0063562086203,0,1e-05
42,22.8988545390086,0,1e-05
43,23.0254064458115,0,1e-05
44,22.9212030537279,0,1e-05
45,23.0434624689082,0,1e-05
46,22.9425168585274,0,1e-05
47,23.0605619400185,0,1e-05
48,22.9628164440228,0,1e-05
49,23.0767391149086,0,1e-05
50,22.9821218417896,0,1e-05
51,23.0920254942979,0,1e-05
52,23.0004530680491,0,1e-05
53,23.1064506108249,0,1e-05
54,23.0178307044892,0,1e-05
55,23.1200425601474,0,1e-05
56,23.0342757722542,0,1e-05
57,23.1328281034929,0,1e-05
58,23.0498098949102,0,1e-05
59,23.1448329149236,0,1e-05
60,23.0644553986708,0,1e-05
61,23.1560819117473,0,1e-05
62,23.0782347765378,0,1e-05
63,23.1665989201038,0,1e-05
64,23.0911707412048,0,1e-05
65,23.1764069406241,0,1e-05
66,23.1032858613193,0,1e-05
67,23.1855280021127,0,1e-05
68,23.1146029023316,0,1e-05
69,23.1939834880835,0,1e-05
70,23.1251440092064,0,1e-05
71,23.2017935693936,0,1e-05
72,23.1349310484999,0,1e-05
73,23.2089777815168,0,1e-05
74,23.143985259514,0,1e-05
75,23.2155545442294,0,1e-05
76,23.1523273358308,0,1e-05
77,23.2215416162922,0,1e-05
78,23.1599772563396,0,1e-05
79,23.2269557834647,0,1e-05
80,23.1669543576253,0,1e-05
81,23.2318130197032,0,1e-05
82,23.1732771669686,0,1e-05
83,23.2361285438282,0,1e-05
84,23.1789635191753,0,1e-05
85,23.2399168226643,0,1e-05
86,23.184030589432,0,1e-05
87,23.2431916838485,0,1e-05
88,23.1884949166469,0,1e-05
89,23.245966326561,0,1e-05
90,23.1923723473278,0,1e-05
91,23.2482533338991,0,1e-05
92,23.1956782463501,0,1e-05
93,23.2500647996894,0,1e-05
94,23.1984272229432,0,1e-05
95,23.2514122208199,0,1e-05
96,23.2006333546879,0,1e-05
97,23.2523067258289,0,1e-05
98,23.2023104883257,0,1e-05
99,23.2527592085329,0,1e-05
100,23.2034719218344,0,1e-05
101,23.2527800147843,0,1e-05
102,23.2041305372649,0,1e-05
103,23.2523793247624,0,1e-05
104,23.2042988868756,0,1e-05
105,23.2515670057558,0,1e-05
106,23.2039893209375,0,1e-05
107,23.2503527280883,0,1e-05
108,23.2032138694453,0,1e-05
109,23.2487459888681,0,1e-05
110,23.20198430262,0,1e-05
111,23.2467561252689,0,1e-05
112,23.2003123072287,0,1e-05
113,23.2443923611858,0,1e-05
114,23.1982092299041,0,1e-05
115,23.2416636982545,0,1e-05
116,23.1956863531431,0,1e-05
117,23.238579137988,0,1e-05
118,23.1927548580135,0,1e-05
119,23.2351475822336,0,1e-05
120,23.1894257804463,0,1e-05
121,23.2313778636721,0,1e-05
122,23.1857099658638,0,1e-05
123,23.2272787262645,0,1e-05
124,23.1816183181298,0,1e-05
125,23.2228589084753,0,1e-05
126,23.1771614874722,0,1e-05
127,23.218126981552,0,1e-05
128,23.1723500955934,0,1e-05
129,23.2130915961898,0,1e-05
130,23.1671946905965,0,1e-05
131,23.207761257683,0,1e-05
132,23.1617057142046,0,1e-05
133,23.2021444442293,0,1e-05
134,23.1558935070248,0,1e-05
135,23.1962496380714,0,1e-05
136,23.1497683138083,0,1e-05
137,23.1900851677671,0,1e-05
138,23.1433402567005,0,1e-05
139,23.183659288068,0,1e-05
140,23.1366193493108,0,1e-05
141,23.1769802395626,0,1e-05
142,23.1296154713983,0,1e-05
143,23.1700561265543,0,1e-05
144,23.1223383985964,0,1e-05
145,23.1628950043031,0,1e-05
146,23.1147977131074,0,1e-05
147,23.155504744268,0,1e-05
148,23.1070029204327,0,1e-05
149,23.1478932355575,0,1e-05
150,23.098963315127,0,1e-05
151,23.1400681440222,0,1e-05
152,23.0906880822656,0,1e-05
153,23.1320370950886,0,1e-05
154,23.0821861749933,0,1e-05
155,23.1238075066529,0,1e-05
156,23.0734663996013,0,1e-05
157,23.1153867217543,0,1e-05
158,23.0645374094047,0,1e-05
159,23.1067819262226,0,1e-05
160,23.0554075864179,0,1e-05
161,23.0980001289955,0,1e-05
162,23.0460851401155,0,1e-05
163,23.0890481862183,0,1e-05
164,23.0365781224855,0,1e-05
165,23.0799328364062,0,1e-05
166,23.0268942933094,0,1e-05
167,23.0706606101057,0,1e-05
168,23.0170412836601,0,1e-05
169,23.0612379022286,0,1e-05
170,23.0070264389395,0,1e-05
171,23.0516708939421,0,1e-05
172,22.9968569465007,0,1e-05
173,23.041965663659,0,1e-05
174,22.9865397097605,0,1e-05
175,23.0321280434278,0,1e-05
176,22.9760814633742,0,1e-05
177,23.0221637267704,0,1e-05
178,22.9654886917781,0,1e-05
179,23.0120782279901,0,1e-05
180,22.954767672002,0,1e-05
181,23.0018768542418,0,1e-05
182,22.9439244170335,0,1e-05
183,22.9915647618726,0,1e-05
184,22.9329647870007,0,1e-05
185,22.9811469233663,0,1e-05
186,22.9218943588782,0,1e-05
187,22.9706281332211,0,1e-05
188,22.9107185624297,0,1e-05
189,22.960013033612,0,1e-05
190,22.8994425495223,0,1e-05
191,22.9493060414188,0,1e-05
192,22.8880712935368,0,1e-05
193,22.9385114659337,0,1e-05
194,22.8766095590525,0,1e-05
195,22.9276333994472,0,1e-05
196,22.8650619154723,0,1e-05
197,22.9166758084145,0,1e-05
198,22.8534327474099,0,1e-05
199,22.9056424948962,0,1e-05
200,22.8417262280389,0,1e-05
201,22.8945371011217,0,1e-05
202,22.8299463554167,0,1e-05
203,22.8833630964985,0,1e-05
204,22.8180969327392,0,1e-05
205,22.872123843737,0,1e-05
206,22.8061816282645,0,1e-05
207,22.8608225441439,0,1e-05
208,22.7942039074117,0,1e-05
209,22.8494622458497,0,1e-05
210,22.7821670957884,0,1e-05
211,22.8380458927908,0,1e-05
212,22.7700743321412,0,1e-05
213,22.8265762620302,0,1e-05
214,22.7579286074883,0,1e-05
215,22.8150560179652,0,1e-05
216,22.7457328034679,0,1e-05
217,22.8034877218339,0,1e-05
218,22.7334896192813,0,1e-05
219,22.7918738148287,0,1e-05
220,22.7212016608722,0,1e-05
221,22.7802166261764,0,1e-05
222,22.7088713877985,0,1e-05
223,22.7685183746801,0,1e-05
224,22.6965011444095,0,1e-05
225,22.7567811735205,0,1e-05
226,22.6840931313386,0,1e-05
227,22.7450070435867,0,1e-05
228,22.671649472206,0,1e-05
229,22.7331979117018,0,1e-05
230,22.6591721819773,0,1e-05
231,22.7213556295232,0,1e-05
232,22.6466631729014,0,1e-05
233,22.7094819450443,0,1e-05
234,22.6341242397895,0,1e-05
235,22.6975785432405,0,1e-05
236,22.6215571431302,0,1e-05
237,22.6856470397346,0,1e-05
238,22.6089635141501,0,1e-05
239,22.6736889502763,0,1e-05
240,22.5963449075679,0,1e-05
241,22.6617057322071,0,1e-05
242,22.5837027961298,0,1e-05
243,22.6496987812411,0,1e-05
244,22.5710386214753,0,1e-05
245,22.6376694548202,0,1e-05
246,22.5583537321879,0,1e-05
247,22.6256190313013,0,1e-05
248,22.5456494207588,0,1e-05
249,22.6135487387323,0,1e-05
250,22.5329269192026,0,1e-05
251,22.6014597517618,0,1e-05
252,22.5201874030623,0,1e-05
253,22.589353203964,0,1e-05
254,22.5074320030845,0,1e-05
255,22.5772301855719,0,1e-05
256,22.4946617961991,0,1e-05
257,22.5650917397659,0,1e-05
258,22.4818778111746,0,1e-05
259,22.5529388642412,0,1e-05
260,22.4690810448051,0,1e-05
261,22.540772535057,0,1e-05
262,22.4562724631511,0,1e-05
263,22.5285936999721,0,1e-05
264,22.4434529893343,0,1e-05
265,22.5164032584357,0,1e-05
266,22.4306235040562,0,1e-05
267,22.5042020804275,0,1e-05
268,22.417784876614,0,1e-05
269,22.4919910213013,0,1e-05
270,22.4049379401068,0,1e-05
271,22.4797709073611,0,1e-05
272,22.3920835033299,0,1e-05
273,22.4675425424629,0,1e-05
274,22.3792223516086,0,1e-05
275,22.4553067030308,0,1e-05
276,22.3663552442387,0,1e-05
277,22.4430641448699,0,1e-05
278,22.3534829221989,0,1e-05
279,22.4308156068415,0,1e-05
280,22.3406061096647,0,1e-05
281,22.4185618178182,0,1e-05
282,22.3277255212591,0,1e-05
283,22.4063034812307,0,1e-05
284,22.3148418403855,0,1e-05
285,22.3940412873308,0,1e-05
286,22.3019557502768,0,1e-05
287,22.3817759177452,0,1e-05
288,22.2890679230064,0,1e-05
289,22.3695080406874,0,1e-05
290,22.2761790132634,0,1e-05
291,22.3572383159918,0,1e-05
292,22.2632896708032,0,1e-05
293,22.3449673859363,0,1e-05
294,22.2504005327292,0,1e-05
295,22.332695890665,0,1e-05
296,22.2375122313333,0,1e-05
297,22.3204244587868,0,1e-05
298,22.2246253901205,0,1e-05
299,22.3081537091125,0,1e-05
300,22.2117406228279,0,1e-05
301,22.2958842502671,0,1e-05
302,22.1988585380829,0,1e-05
303,22.2836166910856,0,1e-05
304,22.1859797416403,0,1e-05
305,22.2713516273661,0,1e-05
306,22.1731048363235,0,1e-05
307,22.2590896575568,0,1e-05
308,22.1602344142936,0,1e-05
309,22.2468313625594,0,1e-05
310,22.1473690651824,0,1e-05
311,22.2345773300243,0,1e-05
312,22.134509378895,0,1e-05
313,22.2223281366843,0,1e-05
314,22.1216559412161,0,1e-05
315,22.2100843564035,0,1e-05
316,22.1088093365939,0,1e-05
317,22.1978465643561,0,1e-05
318,22.0959701462131,0,1e-05
319,22.185615323692,0,1e-05
320,22.0831389440923,0,1e-05
321,22.1733911952863,0,1e-05
322,22.0703163044579,0,1e-05
323,22.1611747394305,0,1e-05
324,22.0575028017898,0,1e-05
325,22.1489665113905,0,1e-05
326,22.0446990033362,0,1e-05
327,22.1367670623001,0,1e-05
328,22.0319054766294,0,1e-05
329,22.1245769400413,0,1e-05
330,22.0191227879179,0,1e-05
331,22.1123966883396,0,1e-05
332,22.0063515007935,0,1e-05
333,22.1002268528144,0,1e-05
334,21.9935921796965,0,1e-05
335,22.088067970948,0,1e-05
336,21.9808453812352,0,1e-05
337,22.0759205777419,0,1e-05
338,21.9681116611076,0,1e-05
339,22.0637852047863,0,1e-05
340,21.955391574939,0,1e-05
341,22.0516623807639,0,1e-05
342,21.9426856716441,0,1e-05
343,22.039552631073,0,1e-05
344,21.9299944972696,0,1e-05
345,22.0274564742919,0,1e-05
346,21.917318605728,0,1e-05
347,22.0153744336682,0,1e-05
348,21.9046585390816,0,1e-05
349,22.0033070207133,0,1e-05
350,21.8920148351808,0,1e-05
351,21.9912547455058,0,1e-05
352,21.8793880312798,0,1e-05
353,21.979218112996,0,1e-05
354,21.8667786566636,0,1e-05
355,21.9671976249136,0,1e-05
356,21.8541872449592,0,1e-05
357,21.9551937801349,0,1e-05
358,21.8416143197551,0,1e-05
359,21.9432070701438,0,1e-05
360,21.8290604028397,0,1e-05
361,21.9312379851689,0,1e-05
362,21.8165260120365,0,1e-05
363,21.9192870083986,0,1e-05
364,21.8040116620119,0,1e-05
365,21.9073546197726,0,1e-05
366,21.7915178597543,0,1e-05
367,21.8954412928798,0,1e-05
368,21.7790451077175,0,1e-05
369,21.883547494389,0,1e-05
370,21.7665939029125,0,1e-05
371,21.871673687271,0,1e-05
372,21.7541647382423,0,1e-05
373,21.8598203301085,0,1e-05
374,21.7417581028999,0,1e-05
375,21.8479878742145,0,1e-05
376,21.7293744766506,0,1e-05
377,21.836176765944,0,1e-05
378,21.7170143371314,0,1e-05
379,21.8243874457292,0,1e-05
380,21.704678151588,0,1e-05
381,21.8126203456841,0,1e-05
382,21.6923663837551,0,1e-05
383,21.8008758939424,0,1e-05
384,21.6800794925433,0,1e-05
385,21.7891545123182,0,1e-05
386,21.6678179277578,0,1e-05
387,21.7774566148913,0,1e-05
388,21.6555821336625,0,1e-05
389,21.7657826099697,0,1e-05
390,21.6433725466099,0,1e-05
391,21.7541328983992,0,1e-05
392,21.6311895952673,0,1e-05
393,21.7425078727819,0,1e-05
394,21.6190337008535,0,1e-05
395,21.7309079198238,0,1e-05
396,21.6069052804625,0,1e-05
397,21.7193334197228,0,1e-05
398,21.5948047390205,0,1e-05
399,21.7077847440221,0,1e-05
400,21.5827324777665,0,1e-05
401,21.6962622575298,0,1e-05
402,21.5706888867341,0,1e-05
403,21.6847663173902,0,1e-05
404,21.5586743504155,0,1e-05
405,21.6732972730897,0,1e-05
406,21.5466892444821,0,1e-05
407,21.6618554662458,0,1e-05
408,21.5347339359207,0,1e-05
409,21.6504412306215,0,1e-05
410,21.5228087828014,0,1e-05
411,21.6390548918074,0,1e-05
412,21.5109141367046,0,1e-05
413,21.6276967682638,0,1e-05
414,21.499050338484,0,1e-05
415,21.616367168788,0,1e-05
416,21.487217721556,0,1e-05
417,21.6050663962247,0,1e-05
418,21.4754166119818,0,1e-05
419,21.5937947441309,0,1e-05
420,21.4636473252643,0,1e-05
421,21.5825524973922,0,1e-05
422,21.451910168191,0,1e-05
423,21.5713399334284,0,1e-05
424,21.4402054400549,0,1e-05
425,21.5601573212355,0,1e-05
426,21.4285334296597,0,1e-05
427,21.5490049213514,0,1e-05
428,21.4168944184055,0,1e-05
429,21.5378829863951,0,1e-05
430,21.4052886779614,0,1e-05
431,21.5267917600426,0,1e-05
432,21.3937164711099,0,1e-05
433,21.5157314777868,0,1e-05
434,21.3821780511498,0,1e-05
435,21.5047023669368,0,1e-05
436,21.3706736631979,0,1e-05
437,21.493704646368,0,1e-05
438,21.3592035430203,0,1e-05
439,21.4827385264433,0,1e-05
440,21.3477679172818,0,1e-05
441,21.4718042093384,0,1e-05
442,21.3363670042536,0,1e-05
443,21.4609018890607,0,1e-05
444,21.3250010125842,0,1e-05
445,21.450031751221,0,1e-05
446,21.3136701421257,0,1e-05
447,21.4391939729723,0,1e-05
448,21.3023745840728,0,1e-05
449,21.4283887235948,0,1e-05
450,21.2911145206976,0,1e-05
451,21.4176161639853,0,1e-05
452,21.279890125216,0,1e-05
453,21.406876446794,0,1e-05
454,21.2687015623661,0,1e-05
455,21.3961697169816,0,1e-05
456,21.2575489880293,0,1e-05
457,21.385496111042,0,1e-05
458,21.2464325493917,0,1e-05
459,21.3748557577972,0,1e-05
460,21.2353523849024,0,1e-05
461,21.3642487778525,0,1e-05
462,21.2243086246146,0,1e-05
463,21.3536752841378,0,1e-05
464,21.2133013901431,0,1e-05
465,21.3431353818961,0,1e-05
466,21.2023307946679,0,1e-05
467,21.3326291685563,0,1e-05
468,21.1913969431573,0,1e-05
469,21.3221567339119,0,1e-05
470,21.1804999320675,0,1e-05
471,21.3117181602553,0,1e-05
472,21.1696398498454,0,1e-05
473,21.3013135224214,0,1e-05
474,21.1588167768205,0,1e-05
475,21.2909428877446,0,1e-05
476,21.1480307855842,0,1e-05
477,21.2806063166045,0,1e-05
478,21.1372819407979,0,1e-05
479,21.2703038619325,0,1e-05
480,21.1265702992296,0,1e-05
481,21.2600355696211,0,1e-05
482,21.1158959100829,0,1e-05
483,21.2498014786363,0,1e-05
484,21.1052588149623,0,1e-05
485,21.2396016209694,0,1e-05
486,21.094659048108,0,1e-05
487,21.2294360219325,0,1e-05
488,21.0840966363214,0,1e-05
489,21.2193047000093,0,1e-05
490,21.0735715993184,0,1e-05
491,21.2092076672966,0,1e-05
492,21.0630839496131,0,1e-05
493,21.1991449292863,0,1e-05
494,21.0526336927996,0,1e-05
495,21.1891164851633,0,1e-05
496,21.0422208275999,0,1e-05
497,21.1791223279218,0,1e-05
498,21.0318453459772,0,1e-05
499,21.16916244435,0,1e-05
500,21.021507233292,0,1e-05
501,21.1592368152675,0,1e-05
502,21.0112064683891,0,1e-05
503,21.1493454155827,0,1e-05
504,21.0009430237687,0,1e-05
505,21.1394882144239,0,1e-05
506,20.9907168656783,0,1e-05
507,21.1296651752674,0,1e-05
508,20.9805279542507,0,1e-05
509,21.1198762560305,0,1e-05
510,20.9703762436223,0,1e-05
511,21.1101214092065,0,1e-05
512,20.9602616820703,0,1e-05
513,21.1004005819797,0,1e-05
514,20.950184212137,0,1e-05
515,21.090713716341,0,1e-05
516,20.9401437707575,0,1e-05
517,21.0810607492118,0,1e-05
518,20.9301402893878,0,1e-05
519,21.0714416125575,0,1e-05
520,20.920173694132,0,1e-05
521,21.0618562335083,0,1e-05
522,20.9102439058716,0,1e-05
523,21.0523045344794,0,1e-05
524,20.9003508403926,0,1e-05
525,21.0427864332872,0,1e-05
526,20.8904944085148,0,1e-05
527,21.0333018432681,0,1e-05
528,20.8806745162164,0,1e-05
529,21.0238506733945,0,1e-05
530,20.8708910647597,0,1e-05
531,21.0144328283937,0,1e-05
532,20.8611439508201,0,1e-05
533,21.0050482088646,0,1e-05
534,20.8514330666126,0,1e-05
535,20.9956967113915,0,1e-05
536,20.8417583000154,0,1e-05
537,20.9863782286678,0,1e-05
538,20.8321195346906,0,1e-05
539,20.9770926495972,0,1e-05
540,20.8225166501987,0,1e-05
541,20.9678398593998,0,1e-05
542,20.8129495221385,0,1e-05
543,20.9586197397424,0,1e-05
544,20.8034180222199,0,1e-05
545,20.9494321688222,0,1e-05
546,20.7939220184808,0,1e-05
547,20.9402770215552,0,1e-05
548,20.7844613753534,0,1e-05
549,20.9311541695989,0,1e-05
550,20.7750359537101,0,1e-05
551,20.9220634814736,0,1e-05
552,20.7656456110748,0,1e-05
553,20.9130048227001,0,1e-05
554,20.7562902017087,0,1e-05
555,20.9039780558678,0,1e-05
556,20.7469695767066,0,1e-05
557,20.8949830407549,0,1e-05
558,20.7376835841429,0,1e-05
559,20.8860196345351,0,1e-05
560,20.7284320691582,0,1e-05
561,20.877087691631,0,1e-05
562,20.7192148740366,0,1e-05
563,20.8681870640609,0,1e-05
564,20.7100318383841,0,1e-05
565,20.8593176014035,0,1e-05
566,20.7008827990815,0,1e-05
567,20.8504791508657,0,1e-05
568,20.6917675906163,0,1e-05
569,20.8416715576132,0,1e-05
570,20.6826860451289,0,1e-05
571,20.832894664452,0,1e-05
572,20.6736379923047,0,1e-05
573,20.8241483124354,0,1e-05
574,20.6646232597015,0,1e-05
575,20.8154323405218,0,1e-05
576,20.655641672727,0,1e-05
577,20.8067465857752,0,1e-05
578,20.6466930547933,0,1e-05
579,20.7980908835819,0,1e-05
580,20.6377772274315,0,1e-05
581,20.7894650676327,0,1e-05
582,20.6288940102674,0,1e-05
583,20.7808689701154,0,1e-05
584,20.6200432210875,0,1e-05
585,20.7723024214834,0,1e-05
586,20.6112246762356,0,1e-05
587,20.7637652510552,0,1e-05
588,20.6024381904809,0,1e-05
589,20.7552572865432,0,1e-05
590,20.593683576996,0,1e-05
591,20.7467783544948,0,1e-05
592,20.5849606474836,0,1e-05
593,20.7383282803424,0,1e-05
594,20.5762692125324,0,1e-05
595,20.7299068881982,0,1e-05
596,20.5676090813763,0,1e-05
597,20.7215140014036,0,1e-05
598,20.558980062114,0,1e-05
599,20.7131494419788,0,1e-05
600,20.5503819617034,0,1e-05
601,20.7048130314378,0,1e-05
602,20.541814586242,0,1e-05
603,20.6965045902079,0,1e-05
604,20.5332777406117,0,1e-05
605,20.688223937792,0,1e-05
606,20.5247712292828,0,1e-05
607,20.679970893693,0,1e-05
608,20.5162948554523,0,1e-05
609,20.6717452757834,0,1e-05
610,20.5078484218988,0,1e-05
611,20.6635469019922,0,1e-05
612,20.4994317304637,0,1e-05
613,20.6553755896224,0,1e-05
614,20.4910445826188,0,1e-05
615,20.647231155445,0,1e-05
616,20.4826867794315,0,1e-05
617,20.6391134158269,0,1e-05
618,20.4743581209416,0,1e-05
619,20.6310221867417,0,1e-05
620,20.4660584070888,0,1e-05
621,20.622957284033,0,1e-05
622,20.457787438059,0,1e-05
623,20.6149185233811,0,1e-05
624,20.449545012559,0,1e-05
625,20.6069057198124,0,1e-05
626,20.4413309301116,0,1e-05
627,20.5989186888042,0,1e-05
628,20.433144989147,0,1e-05
629,20.5909572450216,0,1e-05
630,20.4249869888603,0,1e-05
631,20.5830212039493,0,1e-05
632,20.4168567280051,0,1e-05
633,20.5751103808432,0,1e-05
634,20.4087540050292,0,1e-05
635,20.5672245904184,0,1e-05
636,20.4006786186491,0,1e-05
637,20.559363648378,0,1e-05
638,20.3926303677359,0,1e-05
639,20.5515273696483,0,1e-05
640,20.3846090507525,0,1e-05
641,20.5437155695773,0,1e-05
642,20.3766144664309,0,1e-05
643,20.5359280642702,0,1e-05
644,20.3686464145664,0,1e-05
645,20.5281646695192,0,1e-05
646,20.3607046938164,0,1e-05
647,20.5204252015343,0,1e-05
648,20.3527891043034,0,1e-05
649,20.5127094770971,0,1e-05
650,20.3448994458901,0,1e-05
651,20.5050173131403,0,1e-05
652,20.3370355187317,0,1e-05
653,20.4973485271048,0,1e-05
654,20.3291971235334,0,1e-05
655,20.4897029370198,0,1e-05
656,20.3213840618122,0,1e-05
657,20.4820803610656,0,1e-05
658,20.3135961345894,0,1e-05
659,20.474480617883,0,1e-05
660,20.3058331441162,0,1e-05
661,20.4669035266954,0,1e-05
662,20.2980948930622,0,1e-05
663,20.4593489075777,0,1e-05
664,20.2903811848503,0,1e-05
665,20.4518165809554,0,1e-05
666,20.2826918222776,0,1e-05
667,20.4443063674947,0,1e-05
668,20.2750266102451,0,1e-05
669,20.4368180889033,0,1e-05
670,20.2673853533018,0,1e-05
671,20.4293515676635,0,1e-05
672,20.2597678573721,0,1e-05
673,20.4219066268055,0,1e-05
674,20.2521739293595,0,1e-05
675,20.4144830901122,0,1e-05
676,20.244603375221,0,1e-05
677,20.4070807816127,0,1e-05
678,20.2370560026933,0,1e-05
679,20.3996995266606,0,1e-05
680,20.2295316208225,0,1e-05
681,20.3923391512748,0,1e-05
682,20.222030038634,0,1e-05
683,20.3849994822864,0,1e-05
684,20.2145510662055,0,1e-05
685,20.3776803468808,0,1e-05
686,20.2070945147541,0,1e-05
687,20.3703815738667,0,1e-05
688,20.199660195677,0,1e-05
689,20.3631029920927,0,1e-05
690,20.1922479215785,0,1e-05
691,20.3558444315133,0,1e-05
692,20.1848575065676,0,1e-05
693,20.3486057235437,0,1e-05
694,20.1774887643505,0,1e-05
695,20.3413866993691,0,1e-05
696,20.170141510557,0,1e-05
697,20.3341871916838,0,1e-05
698,20.1628155608022,0,1e-05
699,20.3270070338702,0,1e-05
700,20.1555107330046,0,1e-05
701,20.3198460610859,0,1e-05
702,20.1482268448374,0,1e-05
703,20.3127041086066,0,1e-05
704,20.1409637159203,0,1e-05
705,20.3055810128816,0,1e-05
706,20.1337211658741,0,1e-05
707,20.2984766111462,0,1e-05
708,20.1264990166444,0,1e-05
709,20.29139074203,0,1e-05
710,20.1192970899177,0,1e-05
711,20.2843232448285,0,1e-05
712,20.1121152085539,0,1e-05
713,20.2772739591205,0,1e-05
714,20.1049531969974,0,1e-05
715,20.2702427269402,0,1e-05
716,20.0978108797214,0,1e-05
717,20.26322939021,0,1e-05
718,20.0906880837796,0,1e-05
719,20.2562337922055,0,1e-05
720,20.0835846356685,0,1e-05
721,20.2492557775995,0,1e-05
722,20.0765003648109,0,1e-05
723,20.2422951917252,0,1e-05
724,20.0694351010202,0,1e-05
725,20.2353518808289,0,1e-05
726,20.0623886741245,0,1e-05
727,20.2284256927633,0,1e-05
728,20.0553609160985,0,1e-05
729,20.2215164757144,0,1e-05
730,20.0483516591778,0,1e-05
731,20.2146240791809,0,1e-05
732,20.0413607373705,0,1e-05
733,20.2077483538746,0,1e-05
734,20.0343879861263,0,1e-05
735,20.2008891515561,0,1e-05
736,20.0274332408584,0,1e-05
737,20.1940463248355,0,1e-05
738,20.0204963395841,0,1e-05
739,20.1872197275225,0,1e-05
740,20.0135771201682,0,1e-05
741,20.1804092147751,0,1e-05
742,20.0066754225165,0,1e-05
743,20.1736146418391,0,1e-05
744,19.9997910866752,0,1e-05
745,20.16683586605,0,1e-05
746,19.9929239547071,0,1e-05
747,20.1600727459149,0,1e-05
748,19.9860738702558,0,1e-05
749,20.1533251407252,0,1e-05
750,19.9792406771199,0,1e-05
751,20.1465929105516,0,1e-05
752,19.9724242195586,0,1e-05
753,20.1398759160574,0,1e-05
754,19.9656243443373,0,1e-05
755,20.1331740198601,0,1e-05
756,19.958840898435,0,1e-05
757,20.1264870852645,0,1e-05
758,19.9520737308625,0,1e-05
759,20.1198149775026,0,1e-05
760,19.9453226915713,0,1e-05
761,20.1131575622093,0,1e-05
762,19.9385876315594,0,1e-05
763,20.1065147058602,0,1e-05
764,19.9318684031418,0,1e-05
765,20.0998862765357,0,1e-05
766,19.9251648593925,0,1e-05
767,20.0932721426918,0,1e-05
768,19.9184768542554,0,1e-05
769,20.0866721741634,0,1e-05
770,19.9118042431788,0,1e-05
771,20.0800862424065,0,1e-05
772,19.9051468832619,0,1e-05
773,20.0735142191738,0,1e-05
774,19.8985046321934,0,1e-05
775,20.0669559780658,0,1e-05
776,19.8918773489915,0,1e-05
777,20.0604113929379,0,1e-05
778,19.8852648939895,0,1e-05
779,20.0538803397914,0,1e-05
780,19.8786671288194,0,1e-05
781,20.0473626952444,0,1e-05
782,19.8720839157814,0,1e-05
783,20.0408583362713,0,1e-05
784,19.8655151180282,0,1e-05
785,20.0343671408025,0,1e-05
786,19.8589605996743,0,1e-05
787,20.027888988897,0,1e-05
788,19.8524202268079,0,1e-05
789,20.0214237614445,0,1e-05
790,19.8458938668275,0,1e-05
791,20.0149713399421,0,1e-05
792,19.8393813875683,0,1e-05
793,20.0085316064838,0,1e-05
794,19.83288265836,0,1e-05
795,20.0021044456544,0,1e-05
796,19.8263975501549,0,1e-05
797,19.9956897426291,0,1e-05
798,19.8199259340813,0,1e-05
799,19.9892873831924,0,1e-05
800,19.8134676836298,0,1e-05
801,19.982897254266,0,1e-05
802,19.8070226708725,0,1e-05
803,19.9765192425083,0,1e-05
804,19.8005907707528,0,1e-05
805,19.9701532379016,0,1e-05
806,19.7941718603394,0,1e-05
807,19.9637991306915,0,1e-05
808,19.787765815779,0,1e-05
809,19.9574568110216,0,1e-05
810,19.7813725148973,0,1e-05
811,19.9511261713552,0,1e-05
812,19.774991837661,0,1e-05
813,19.9448071044887,0,1e-05
814,19.76862366357,0,1e-05
815,19.9384995041856,0,1e-05
816,19.762267874746,0,1e-05
817,19.932203266362,0,1e-05
818,19.7559243539295,0,1e-05
819,19.9259182862308,0,1e-05
820,19.7495929835276,0,1e-05
821,19.9196444609444,0,1e-05
822,19.7432736494018,0,1e-05
823,19.9133816886716,0,1e-05
824,19.7369662366692,0,1e-05
825,19.9071298682363,0,1e-05
826,19.7306706321574,0,1e-05
827,19.9008888997242,0,1e-05
828,19.7243867240804,0,1e-05
829,19.8946586846098,0,1e-05
830,19.7181144011884,0,1e-05
831,19.8884391236528,0,1e-05
832,19.7118535528309,0,1e-05
833,19.8822301205391,0,1e-05
834,19.7056040704172,0,1e-05
835,19.8760315782168,0,1e-05
836,19.6993658456126,0,1e-05
837,19.8698434015041,0,1e-05
838,19.6931387713403,0,1e-05
839,19.8636654967361,0,1e-05
840,19.6869227424901,0,1e-05
841,19.8574977702782,0,1e-05
842,19.6807176527062,0,1e-05
843,19.8513401288852,0,1e-05
844,19.6745233986948,0,1e-05
845,19.845192481129,0,1e-05
846,19.6683398775665,0,1e-05
847,19.8390547371697,0,1e-05
848,19.6621669883857,0,1e-05
849,19.8329268073043,0,1e-05
850,19.656004630036,0,1e-05
851,19.8268086025984,0,1e-05
852,19.6498527015528,0,1e-05
853,19.8207000344898,0,1e-05
854,19.643711105055,0,1e-05
855,19.8146010165209,0,1e-05
856,19.637579741461,0,1e-05
857,19.8085114621171,0,1e-05
858,19.6314585149271,0,1e-05
859,19.8024312869217,0,1e-05
860,19.6253473294973,0,1e-05
861,19.796360405803,0,1e-05
862,19.6192460890485,0,1e-05
863,19.7902987349088,0,1e-05
864,19.6131546995349,0,1e-05
865,19.7842461920322,0,1e-05
866,19.6070730684087,0,1e-05
867,19.7782026956547,0,1e-05
868,19.6010011033541,0,1e-05
869,19.7721681646544,0,1e-05
870,19.5949387133339,0,1e-05
871,19.7661425182096,0,1e-05
872,19.5888858073393,0,1e-05
873,19.760125677788,0,1e-05
874,19.5828422962485,0,1e-05
875,19.7541175645,0,1e-05
876,19.5768080915008,0,1e-05
877,19.7481181016141,0,1e-05
878,19.5707831064649,0,1e-05
879,19.7421272120455,0,1e-05
880,19.5647672530444,0,1e-05
881,19.7361448191516,0,1e-05
882,19.558760446235,0,1e-05
883,19.7301708485044,0,1e-05
884,19.5527626008213,0,1e-05
885,19.7242052256648,0,1e-05
886,19.5467736333967,0,1e-05
887,19.7182478771004,0,1e-05
888,19.5407934600984,0,1e-05
889,19.7122987294475,0,1e-05
890,19.5348219988222,0,1e-05
891,19.7063577110409,0,1e-05
892,19.5288591677847,0,1e-05
893,19.7004247507835,0,1e-05
894,19.5229048876279,0,1e-05
895,19.6944997790281,0,1e-05
896,19.5169590781908,0,1e-05
897,19.6885827253966,0,1e-05
898,19.5110216611846,0,1e-05
899,19.6826735213304,0,1e-05
900,19.5050925574491,0,1e-05
901,19.6767720979883,0,1e-05
902,19.4991716901808,0,1e-05
903,19.6708783885408,0,1e-05
904,19.4932589837672,0,1e-05
905,19.6649923263669,0,1e-05
906,19.4873543624893,0,1e-05
907,19.6591138454948,0,1e-05
908,19.4814577508455,0,1e-05
909,19.6532428798608,0,1e-05
910,19.475569076282,0,1e-05
911,19.6473793666944,0,1e-05
912,19.4696882656966,0,1e-05
913,19.6415232420589,0,1e-05
914,19.4638152463892,0,1e-05
915,19.6356744420915,0,1e-05
916,19.45794994667,0,1e-05
917,19.6298329051241,0,1e-05
918,19.4520922962101,0,1e-05
919,19.6239985696228,0,1e-05
920,19.4462422256908,0,1e-05
921,19.6181713737195,0,1e-05
922,19.4403996653433,0,1e-05
923,19.6123512586445,0,1e-05
924,19.4345645471458,0,1e-05
925,19.6065381637979,0,1e-05
926,19.4287368026696,0,1e-05
927,19.600732030206,0,1e-05
928,19.4229163654689,0,1e-05
929,19.5949328006657,0,1e-05
930,19.417103170954,0,1e-05
931,19.5891404175666,0,1e-05
932,19.4112971520248,0,1e-05
933,19.583354823235,0,1e-05
934,19.4054982445509,0,1e-05
935,19.5775759609993,0,1e-05
936,19.3997063846458,0,1e-05
937,19.5718037772964,0,1e-05
938,19.3939215102328,0,1e-05
939,19.5660382164687,0,1e-05
940,19.3881435573425,0,1e-05
941,19.5602792235989,0,1e-05
942,19.3823724648846,0,1e-05
943,19.5545267455936,0,1e-05
944,19.3766081722442,0,1e-05
945,19.5487807290812,0,1e-05
946,19.370850619576,0,1e-05
947,19.5430411230422,0,1e-05
948,19.365099746974,0,1e-05
949,19.537307874595,0,1e-05
950,19.3593554947899,0,1e-05
951,19.5315809322155,0,1e-05
952,19.3536178044199,0,1e-05
953,19.5258602453942,0,1e-05
954,19.3478866190445,0,1e-05
955,19.5201457648014,0,1e-05
956,19.3421618820138,0,1e-05
957,19.5144374409621,0,1e-05
958,19.3364435370878,0,1e-05
959,19.5087352252358,0,1e-05
960,19.3307315285497,0,1e-05
961,19.5030390694717,0,1e-05
962,19.3250258017414,0,1e-05
963,19.4973489258844,0,1e-05
964,19.3193263019863,0,1e-05
965,19.4916647467325,0,1e-05
966,19.313632976179,0,1e-05
967,19.4859864868644,0,1e-05
968,19.3079457713985,0,1e-05
969,19.4803140998772,0,1e-05
970,19.302264635012,0,1e-05
971,19.4746475406915,0,1e-05
972,19.2965895148659,0,1e-05
973,19.4689867634185,0,1e-05
974,19.2909203602183,0,1e-05
975,19.4633317249179,0,1e-05
976,19.2852571221384,0,1e-05
977,19.457682382046,0,1e-05
978,19.2795997485297,0,1e-05
979,19.4520386905425,0,1e-05
980,19.2739481908133,0,1e-05
981,19.4464006070709,0,1e-05
982,19.2683024007709,0,1e-05
983,19.4407680918231,0,1e-05
984,19.2626623303271,0,1e-05
985,19.4351411012344,0,1e-05
986,19.2570279306008,0,1e-05
987,19.4295195940442,0,1e-05
988,19.2513991557338,0,1e-05
989,19.4239035309571,0,1e-05
990,19.2457759601584,0,1e-05
991,19.4182928718466,0,1e-05
992,19.2401582973698,0,1e-05
993,19.4126875768762,0,1e-05
994,19.2345461230015,0,1e-05
995,19.4070876072483,0,1e-05
996,19.2289393920545,0,1e-05
997,19.40149292497,0,1e-05
998,19.223338060005,0,1e-05
999,19.3959034902933,0,1e-05
1000,19.2177420826384,0,1e-05
1001,19.3903192660677,0,1e-05
1002,19.2121514178919,0,1e-05
1003,19.3847402155902,0,1e-05
1004,19.2065660229878,0,1e-05
1005,19.3791663020964,0,1e-05
1006,19.2009858558748,0,1e-05
1007,19.3735974888936,0,1e-05
1008,19.1954108745368,0,1e-05
1009,19.368033740548,0,1e-05
1010,19.1898410398124,0,1e-05
1011,19.3624750226076,0,1e-05
1012,19.184276310293,0,1e-05
1013,19.356921299389,0,1e-05
1014,19.178716646409,0,1e-05
1015,19.3513725373135,0,1e-05
1016,19.173162008785,0,1e-05
1017,19.3458287016108,0,1e-05
1018,19.167612358855,0,1e-05
1019,19.3402897592353,0,1e-05
1020,19.1620676575463,0,1e-05
1021,19.334755676945,0,1e-05
1022,19.1565278677121,0,1e-05
1023,19.3292264222035,0,1e-05
1024,19.1509929510331,0,1e-05
1025,19.323701962371,0,1e-05
1026,19.1454628721003,0,1e-05
1027,19.3181822666489,0,1e-05
1028,19.139937592875,0,1e-05
1029,19.3126673022572,0,1e-05
1030,19.134417077962,0,1e-05
1031,19.3071570392772,0,1e-05
1032,19.1289012924694,0,1e-05
1033,19.3016514474663,0,1e-05
1034,19.1233902020483,0,1e-05
1035,19.2961504966741,0,1e-05
1036,19.1178837712378,0,1e-05
1037,19.2906541568005,0,1e-05
1038,19.1123819658558,0,1e-05
1039,19.2851623981033,0,1e-05
1040,19.106884751736,0,1e-05
1041,19.2796751917872,0,1e-05
1042,19.1013920963185,0,1e-05
1043,19.2741925093687,0,1e-05
1044,19.095903967552,0,1e-05
1045,19.2687143231618,0,1e-05
1046,19.0904203318243,0,1e-05
1047,19.263240604959,0,1e-05
1048,19.0849411583106,0,1e-05
1049,19.2577713273698,0,1e-05
1050,19.0794664150345,0,1e-05
1051,19.2523064633279,0,1e-05
1052,19.0739960713817,0,1e-05
1053,19.2468459866042,0,1e-05
1054,19.0685300966617,0,1e-05
1055,19.2413898703079,0,1e-05
1056,19.0630684605495,0,1e-05
1057,19.2359380890148,0,1e-05
1058,19.057611133316,0,1e-05
1059,19.2304906166217,0,1e-05
1060,19.0521580851737,0,1e-05
1061,19.2250474279066,0,1e-05
1062,19.0467092872594,0,1e-05
1063,19.2196084978587,0,1e-05
1064,19.0412647109567,0,1e-05
1065,19.2141738018799,0,1e-05
1066,19.0358243284204,0,1e-05
1067,19.2087433165674,0,1e-05
1068,19.0303881124995,0,1e-05
1069,19.203317018009,0,1e-05
1070,19.0249560346809,0,1e-05
1071,19.197894881568,0,1e-05
1072,19.0195280676382,0,1e-05
1073,19.1924768840947,0,1e-05
1074,19.0141041847641,0,1e-05
1075,19.1870630030431,0,1e-05
1076,19.0086843605234,0,1e-05
1077,19.1816532158996,0,1e-05
1078,19.0032685684626,0,1e-05
1079,19.1762475003374,0,1e-05
1080,18.9978567837199,0,1e-05
1081,19.1708458350578,0,1e-05
1082,18.9924489807793,0,1e-05
1083,19.1654481978001,0,1e-05
1084,18.9870451344459,0,1e-05
1085,19.160054567747,0,1e-05
1086,18.9816452206,0,1e-05
1087,19.1546649228267,0,1e-05
1088,18.9762492143614,0,1e-05
1089,19.1492792428226,0,1e-05
1090,18.9708570926445,0,1e-05
1091,19.143897507796,0,1e-05
1092,18.9654688318202,0,1e-05
1093,19.138519697221,0,1e-05
1094,18.9600844086312,0,1e-05
1095,19.1331457911713,0,1e-05
1096,18.9547038002542,0,1e-05
1097,19.1277757699473,0,1e-05
1098,18.9493269839745,0,1e-05
1099,19.1224096143263,0,1e-05
1100,18.9439539383597,0,1e-05
1101,19.1170473056682,0,1e-05
1102,18.9385846412538,0,1e-05
1103,19.11168882527,0,1e-05
1104,18.9332190711038,0,1e-05
1105,19.1063341545636,0,1e-05
1106,18.9278572071023,0,1e-05
1107,19.1009832752729,0,1e-05
1108,18.9224990279403,0,1e-05
1109,19.0956361694995,0,1e-05
1110,18.9171445132603,0,1e-05
1111,19.0902928199258,0,1e-05
1112,18.9117936426203,0,1e-05
1113,19.0849532090376,0,1e-05
1114,18.9064463955306,0,1e-05
1115,19.0796173187171,0,1e-05
1116,18.9011027527299,0,1e-05
1117,19.074285133127,0,1e-05
1118,18.8957626945466,0,1e-05
1119,19.0689566352002,0,1e-05
1120,18.890426202734,0,1e-05
1121,19.0636318090219,0,1e-05
1122,18.885093257907,0,1e-05
1123,19.0583106382416,0,1e-05
1124,18.8797638412661,0,1e-05
1125,19.052993106793,0,1e-05
1126,18.8744379347632,0,1e-05
1127,19.0476791990633,0,1e-05
1128,18.8691155205603,0,1e-05
1129,19.0423688996877,0,1e-05
1130,18.8637965812432,0,1e-05
1131,19.0370621939132,0,1e-05
1132,18.8584810992582,0,1e-05
1133,19.0317590666284,0,1e-05
1134,18.8531690571003,0,1e-05
1135,19.0264595030102,0,1e-05
1136,18.847860438046,0,1e-05
1137,19.0211634883282,0,1e-05
1138,18.8425552258813,0,1e-05
1139,19.0158710093912,0,1e-05
1140,18.8372534041392,0,1e-05
1141,19.0105820507624,0,1e-05
1142,18.8319549556434,0,1e-05
1143,19.0052965993462,0,1e-05
1144,18.8266598659312,0,1e-05
1145,19.0000146415335,0,1e-05
1146,18.8213681188938,0,1e-05
1147,18.9947361640166,0,1e-05
1148,18.816079699099,0,1e-05
1149,18.9894611533624,0,1e-05
1150,18.810794591087,0,1e-05
1151,18.984189596685,0,1e-05
1152,18.8055127804166,0,1e-05
1153,18.9789214811363,0,1e-05
1154,18.8002342517982,0,1e-05
1155,18.9736567940668,0,1e-05
1156,18.7949589908514,0,1e-05
1157,18.9683955225359,0,1e-05
1158,18.7896869834341,0,1e-05
1159,18.9631376551144,0,1e-05
1160,18.7844182159712,0,1e-05
1161,18.9578831803026,0,1e-05
1162,18.7791526754699,0,1e-05
1163,18.9526320856898,0,1e-05
1164,18.7738903479473,0,1e-05
1165,18.9473843602878,0,1e-05
1166,18.7686312195287,0,1e-05
1167,18.942139991695,0,1e-05
1168,18.7633752762224,0,1e-05
1169,18.9368989686615,0,1e-05
1170,18.7581225066622,0,1e-05
1171,18.9316612809716,0,1e-05
1172,18.7528728985259,0,1e-05
1173,18.9264269178404,0,1e-05
1174,18.747626438663,0,1e-05
1175,18.9211958680034,0,1e-05
1176,18.7423831146613,0,1e-05
1177,18.9159681210876,0,1e-05
1178,18.7371429146619,0,1e-05
1179,18.9107436671365,0,1e-05
1180,18.7319058268272,0,1e-05
1181,18.905522495271,0,1e-05
1182,18.726671838885,0,1e-05
1183,18.9003045953559,0,1e-05
1184,18.7214409403011,0,1e-05
1185,18.8950899586672,0,1e-05
1186,18.7162131199573,0,1e-05
1187,18.8898785748679,0,1e-05
1188,18.7109883657858,0,1e-05
1189,18.8846704343499,0,1e-05
1190,18.7057666681683,0,1e-05
1191,18.8794655285341,0,1e-05
1192,18.7005480155317,0,1e-05
1193,18.8742638474939,0,1e-05
1194,18.6953323974109,0,1e-05
1195,18.8690653821647,0,1e-05
1196,18.6901198036647,0,1e-05
1197,18.8638701237025,0,1e-05
1198,18.6849102243766,0,1e-05
1199,18.8586780636358,0,1e-05
1200,18.6797036492789,0,1e-05
1201,18.8534891934506,0,1e-05
1202,18.6745000685799,0,1e-05
1203,18.8483035042571,0,1e-05
1204,18.6692994725218,0,1e-05
1205,18.8431209881893,0,1e-05
1206,18.6641018521097,0,1e-05
1207,18.8379416371032,0,1e-05
1208,18.6589071979767,0,1e-05
1209,18.8327654430287,0,1e-05
1210,18.6537155005969,0,1e-05
1211,18.8275923978115,0,1e-05
1212,18.6485267520312,0,1e-05
1213,18.8224224941331,0,1e-05
1214,18.643340942102,0,1e-05
1215,18.8172557237742,0,1e-05
1216,18.638158062699,0,1e-05
1217,18.8120920796355,0,1e-05
1218,18.6329781056061,0,1e-05
1219,18.8069315546683,0,1e-05
1220,18.6278010625368,0,1e-05
1221,18.8017741415656,0,1e-05
1222,18.6226269253737,0,1e-05
1223,18.7966198330537,0,1e-05
1224,18.617455685759,0,1e-05
1225,18.7914686221797,0,1e-05
1226,18.6122873356907,0,1e-05
1227,18.7863205022483,0,1e-05
1228,18.607121867774,0,1e-05
1229,18.7811754665171,0,1e-05
1230,18.6019592742159,0,1e-05
1231,18.7760335081795,0,1e-05
1232,18.5967995477501,0,1e-05
1233,18.7708946215296,0,1e-05
1234,18.5916426812752,0,1e-05
1235,18.7657587996511,0,1e-05
1236,18.586488667442,0,1e-05
1237,18.7606260365349,0,1e-05
1238,18.581337498853,0,1e-05
1239,18.7554963258,0,1e-05
1240,18.5761891693801,0,1e-05
1241,18.7503696623244,0,1e-05
1242,18.5710436720006,0,1e-05
1243,18.7452460392702,0,1e-05
1244,18.5659010001153,0,1e-05
1245,18.7401254515767,0,1e-05
1246,18.5607611466228,0,1e-05
1247,18.7350078926739,0,1e-05
1248,18.5556241058877,0,1e-05
1249,18.7298933578814,0,1e-05
1250,18.5504898709864,0,1e-05
1251,18.7247818410888,0,1e-05
1252,18.545358436216,0,1e-05
1253,18.7196733376238,0,1e-05
1254,18.5402297954824,0,1e-05
1255,18.7145678416453,0,1e-05
1256,18.5351039428424,0,1e-05
1257,18.7094653482741,0,1e-05
1258,18.5299808726868,0,1e-05
1259,18.7043658524919,0,1e-05
1260,18.5248605795308,0,1e-05
1261,18.6992693496522,0,1e-05
1262,18.5197430576404,0,1e-05
1263,18.6941758343576,0,1e-05
1264,18.514628301686,0,1e-05
1265,18.6890853022094,0,1e-05
1266,18.5095163059941,0,1e-05
1267,18.6839977484248,0,1e-05
1268,18.504407066086,0,1e-05
1269,18.6789131688598,0,1e-05
1270,18.4993005764812,0,1e-05
1271,18.6738315585622,0,1e-05
1272,18.4941968322744,0,1e-05
1273,18.6687529132741,0,1e-05
1274,18.4890958284217,0,1e-05
1275,18.6636772283617,0,1e-05
1276,18.4839975603002,0,1e-05
1277,18.6586045001901,0,1e-05
1278,18.4789020233936,0,1e-05
1279,18.6535347244609,0,1e-05
1280,18.4738092128436,0,1e-05
1281,18.6484678970412,0,1e-05
1282,18.4687191241385,0,1e-05
1283,18.6434040140133,0,1e-05
1284,18.46363175374,0,1e-05
1285,18.6383430716411,0,1e-05
1286,18.4585470963343,0,1e-05
1287,18.6332850659724,0,1e-05
1288,18.4534651482493,0,1e-05
1289,18.6282299929572,0,1e-05
1290,18.4483859049967,0,1e-05
1291,18.6231778491514,0,1e-05
1292,18.4433093627887,0,1e-05
1293,18.6181286307416,0,1e-05
1294,18.4382355176472,0,1e-05
1295,18.6130823347091,0,1e-05
1296,18.4331643658255,0,1e-05
1297,18.6080389573512,0,1e-05
1298,18.4280959037474,0,1e-05
1299,18.6029984954051,0,1e-05
1300,18.4230301277131,0,1e-05
1301,18.597960945887,0,1e-05
1302,18.4179670338909,0,1e-05
1303,18.5929263050715,0,1e-05
1304,18.4129066190743,0,1e-05
1305,18.5878945700437,0,1e-05
1306,18.4078488799747,0,1e-05
1307,18.5828657379414,0,1e-05
1308,18.4027938132756,0,1e-05
1309,18.5778398055702,0,1e-05
1310,18.3977414158051,0,1e-05
1311,18.5728167700444,0,1e-05
1312,18.3926916841776,0,1e-05
1313,18.567796628351,0,1e-05
1314,18.3876446150582,0,1e-05
1315,18.5627793776682,0,1e-05
1316,18.3826002061046,0,1e-05
1317,18.5577650154444,0,1e-05
1318,18.3775584536228,0,1e-05
1319,18.5527535386363,0,1e-05
1320,18.3725193554809,0,1e-05
1321,18.5477449448467,0,1e-05
1322,18.3674829082371,0,1e-05
1323,18.5427392314283,0,1e-05
1324,18.3624491097534,0,1e-05
1325,18.5377363962476,0,1e-05
1326,18.3574179574494,0,1e-05
1327,18.5327364366716,0,1e-05
1328,18.352389448604,0,1e-05
1329,18.5277393503449,0,1e-05
1330,18.3473635804024,0,1e-05
1331,18.5227451344789,0,1e-05
1332,18.3423403506839,0,1e-05
1333,18.5177537870142,0,1e-05
1334,18.3373197569078,0,1e-05
1335,18.5127653056422,0,1e-05
1336,18.3323017969342,0,1e-05
1337,18.5077796885158,0,1e-05
1338,18.3272864683732,0,1e-05
1339,18.5027969332029,0,1e-05
1340,18.3222737690388,0,1e-05
1341,18.4978170375871,0,1e-05
1342,18.3172636970345,0,1e-05
1343,18.4928399999413,0,1e-05
1344,18.3122562502323,0,1e-05
1345,18.4878658181624,0,1e-05
1346,18.3072514264657,0,1e-05
1347,18.4828944899674,0,1e-05
1348,18.3022492235066,0,1e-05
1349,18.4779260133935,0,1e-05
1350,18.2972496399036,0,1e-05
1351,18.4729603870053,0,1e-05
1352,18.2922526735552,0,1e-05
1353,18.4679976087015,0,1e-05
1354,18.2872583229274,0,1e-05
1355,18.4630376772832,0,1e-05
1356,18.2822665863162,0,1e-05
1357,18.4580805904893,0,1e-05
1358,18.2772774619776,0,1e-05
1359,18.4531263468765,0,1e-05
1360,18.2722909481135,0,1e-05
1361,18.4481749447784,0,1e-05
1362,18.2673070434273,0,1e-05
1363,18.4432263827803,0,1e-05
1364,18.2623257464049,0,1e-05
1365,18.4382806592892,0,1e-05
1366,18.2573470556416,0,1e-05
1367,18.4333377724508,0,1e-05
1368,18.2523709693738,0,1e-05
1369,18.4283977211197,0,1e-05
1370,18.2473974861785,0,1e-05
1371,18.4234605035853,0,1e-05
1372,18.2424266050915,0,1e-05
1373,18.418526118661,0,1e-05
1374,18.2374583245884,0,1e-05
1375,18.4135945650649,0,1e-05
1376,18.2324926436081,0,1e-05
1377,18.4086658414985,0,1e-05
1378,18.2275295608285,0,1e-05
1379,18.4037399462561,0,1e-05
1380,18.2225690749427,0,1e-05
1381,18.3988168784138,0,1e-05
1382,18.2176111854079,0,1e-05
1383,18.393896636819,0,1e-05
1384,18.2126558907254,0,1e-05
1385,18.3889792200336,0,1e-05
1386,18.2077031897093,0,1e-05
1387,18.3840646271655,0,1e-05
1388,18.202753081426,0,1e-05
1389,18.3791528567432,0,1e-05
1390,18.1978055652655,0,1e-05
1391,18.3742439079995,0,1e-05
1392,18.1928606400224,0,1e-05
1393,18.3693377798154,0,1e-05
1394,18.1879183049824,0,1e-05
1395,18.3644344711069,0,1e-05
1396,18.1829785593656,0,1e-05
1397,18.3595339807087,0,1e-05
1398,18.178041402256,0,1e-05
1399,18.3546363078162,0,1e-05
1400,18.1731068325058,0,1e-05
1401,18.3497414512878,0,1e-05
1402,18.1681748494296,0,1e-05
1403,18.3448494101055,0,1e-05
1404,18.1632454524909,0,1e-05
1405,18.3399601836781,0,1e-05
1406,18.1583186416411,0,1e-05
1407,18.3350737713429,0,1e-05
1408,18.1533944156451,0,1e-05
1409,18.3301901720542,0,1e-05
1410,18.1484727741949,0,1e-05
1411,18.3253093849356,0,1e-05
1412,18.1435537165806,0,1e-05
1413,18.3204314090596,0,1e-05
1414,18.1386372424016,0,1e-05
1415,18.3155562440196,0,1e-05
1416,18.1337233508197,0,1e-05
1417,18.3106838886785,0,1e-05
1418,18.128812041216,0,1e-05
1419,18.3058143421852,0,1e-05
1420,18.1239033134335,0,1e-05
1421,18.3009476041331,0,1e-05
1422,18.1189971671701,0,1e-05
1423,18.2960836740463,0,1e-05
1424,18.1140936016346,0,1e-05
1425,18.2912225506081,0,1e-05
1426,18.1091926164983,0,1e-05
1427,18.2863642336026,0,1e-05
1428,18.104294211893,0,1e-05
1429,18.2815087226104,0,1e-05
1430,18.0993983874599,0,1e-05
1431,18.2766560169234,0,1e-05
1432,18.0945051425417,0,1e-05
1433,18.2718061156416,0,1e-05
1434,18.0896144768969,0,1e-05
1435,18.266959018396,0,1e-05
1436,18.0847263904207,0,1e-05
1437,18.2621147247195,0,1e-05
1438,18.0798408827047,0,1e-05
1439,18.2572732337402,0,1e-05
1440,18.0749579536372,0,1e-05
1441,18.2524345451347,0,1e-05
1442,18.070077602971,0,1e-05
1443,18.2475986585564,0,1e-05
1444,18.0651998306893,0,1e-05
1445,18.2427655732699,0,1e-05
1446,18.0603246362177,0,1e-05
1447,18.2379352885912,0,1e-05
1448,18.0554520195909,0,1e-05
1449,18.2331078044935,0,1e-05
1450,18.0505819810084,0,1e-05
1451,18.2282831205279,0,1e-05
1452,18.0457145202932,0,1e-05
1453,18.2234612361469,0,1e-05
1454,18.0408496373467,0,1e-05
1455,18.2186421509439,0,1e-05
1456,18.0359873320126,0,1e-05
1457,18.2138258646268,0,1e-05
1458,18.0311276043773,0,1e-05
1459,18.2090123767721,0,1e-05
1460,18.0262704544101,0,1e-05
1461,18.2042016868193,0,1e-05
1462,18.0214158819352,0,1e-05
1463,18.1993937944677,0,1e-05
1464,18.0165638874876,0,1e-05
1465,18.1945886995843,0,1e-05
1466,18.0117144706432,0,1e-05
1467,18.1897864016187,0,1e-05
1468,18.0068676314391,0,1e-05
1469,18.1849869004142,0,1e-05
1470,18.0020233702309,0,1e-05
1471,18.1801901955501,0,1e-05
1472,17.9971816868056,0,1e-05
1473,18.1753962867013,0,1e-05
1474,17.9923425812738,0,1e-05
1475,18.1706051735616,0,1e-05
1476,17.9875060539363,0,1e-05
1477,18.1658168557143,0,1e-05
1478,17.9826721047633,0,1e-05
1479,18.1610313330446,0,1e-05
1480,17.9778407336632,0,1e-05
1481,18.1562486050024,0,1e-05
1482,17.9730119409701,0,1e-05
1483,18.1514686716566,0,1e-05
1484,17.9681857266967,0,1e-05
1485,18.1466915324403,0,1e-05
1486,17.9633620912749,0,1e-05
1487,18.1419171874031,0,1e-05
1488,17.9585410348647,0,1e-05
1489,18.1371456361948,0,1e-05
1490,17.953722557261,0,1e-05
1491,18.1323768783139,0,1e-05
1492,17.9489066589481,0,1e-05
1493,18.1276109138171,0,1e-05
1494,17.9440933399132,0,1e-05
1495,18.1228477424967,0,1e-05
1496,17.9392826008492,0,1e-05
1497,18.1180873640025,0,1e-05
1498,17.9344744415465,0,1e-05
1499,18.1133297784367,0,1e-05
1500,17.9296688625683,0,1e-05
1501,18.1085749853073,0,1e-05
1502,17.9248658638111,0,1e-05
1503,18.1038229844141,0,1e-05
1504,17.9200654456916,0,1e-05
1505,18.0990737756198,0,1e-05
1506,17.9152676083895,0,1e-05
1507,18.094327358659,0,1e-05
1508,17.9104723523312,0,1e-05
1509,18.0895837336106,0,1e-05
1510,17.9056796778129,0,1e-05
1511,18.0848429001876,0,1e-05
1512,17.900889584811,0,1e-05
1513,18.0801048579987,0,1e-05
1514,17.8961020738098,0,1e-05
1515,18.0753696069051,0,1e-05
1516,17.891317144838,0,1e-05
1517,18.0706371467028,0,1e-05
1518,17.8865347983399,0,1e-05
1519,18.0659074773521,0,1e-05
1520,17.8817550347215,0,1e-05
1521,18.0611805986243,0,1e-05
1522,17.8769778543056,0,1e-05
1523,18.0564565104318,0,1e-05
1524,17.8722032572496,0,1e-05
1525,18.0517352127617,0,1e-05
1526,17.8674312440973,0,1e-05
1527,18.0470167054428,0,1e-05
1528,17.8626618150844,0,1e-05
1529,18.0423009878967,0,1e-05
1530,17.8578949699587,0,1e-05
1531,18.0375880600021,0,1e-05
1532,17.8531307094207,0,1e-05
1533,18.0328779217305,0,1e-05
1534,17.8483690339044,0,1e-05
1535,18.0281705730177,0,1e-05
1536,17.8436099435693,0,1e-05
1537,18.0234660135592,0,1e-05
1538,17.838853439156,0,1e-05
1539,18.0187642436639,0,1e-05
1540,17.8340995206203,0,1e-05
1541,18.0140652628078,0,1e-05
1542,17.8293481883868,0,1e-05
1543,18.0093690708031,0,1e-05
1544,17.8245994427808,0,1e-05
1545,18.0046756674708,0,1e-05
1546,17.8198532839451,0,1e-05
1547,17.9999850527074,0,1e-05
1548,17.8151097124832,0,1e-05
1549,17.9952972263327,0,1e-05
1550,17.810368728789,0,1e-05
1551,17.9906121884399,0,1e-05
1552,17.80563033295,0,1e-05
1553,17.9859299386196,0,1e-05
1554,17.8008945254817,0,1e-05
1555,17.9812504765924,0,1e-05
1556,17.7961613066088,0,1e-05
1557,17.9765738025724,0,1e-05
1558,17.7914306768188,0,1e-05
1559,17.9718999161811,0,1e-05
1560,17.7867026362833,0,1e-05
1561,17.9672288171731,0,1e-05
1562,17.7819771851903,0,1e-05
1563,17.9625605053764,0,1e-05
1564,17.7772543243424,0,1e-05
1565,17.9578949811015,0,1e-05
1566,17.7725340539422,0,1e-05
1567,17.9532322438118,0,1e-05
1568,17.7678163743272,0,1e-05
1569,17.9485722932586,0,1e-05
1570,17.7631012856836,0,1e-05
1571,17.9439151294985,0,1e-05
1572,17.7583887883352,0,1e-05
1573,17.9392607520993,0,1e-05
1574,17.7536788824479,0,1e-05
1575,17.9346091608366,0,1e-05
1576,17.7489715688542,0,1e-05
1577,17.9299603558076,0,1e-05
1578,17.7442668475613,0,1e-05
1579,17.9253143367783,0,1e-05
1580,17.739564718962,0,1e-05
1581,17.9206711035965,0,1e-05
1582,17.7348651833142,0,1e-05
1583,17.9160306558095,0,1e-05
1584,17.7301682407655,0,1e-05
1585,17.9113929933033,0,1e-05
1586,17.7254738918786,0,1e-05
1587,17.9067581159721,0,1e-05
1588,17.720782136998,0,1e-05
1589,17.9021260236997,0,1e-05
1590,17.7160929763871,0,1e-05
1591,17.8974967161024,0,1e-05
1592,17.7114064102897,0,1e-05
1593,17.8928701929875,0,1e-05
1594,17.706722439073,0,1e-05
1595,17.8882464542372,0,1e-05
1596,17.7020410631718,0,1e-05
1597,17.883625499765,0,1e-05
1598,17.6973622829688,0,1e-05
1599,17.8790073293124,0,1e-05
1600,17.6926860984833,0,1e-05
1601,17.8743919423702,0,1e-05
1602,17.6880125096592,0,1e-05
1603,17.869779338628,0,1e-05
1604,17.6833415173693,0,1e-05
1605,17.8651695181436,0,1e-05
1606,17.678673121642,0,1e-05
1607,17.8605624806921,0,1e-05
1608,17.6740073230238,0,1e-05
1609,17.855958225918,0,1e-05
1610,17.6693441215973,0,1e-05
1611,17.8513567536752,0,1e-05
1612,17.6646835177119,0,1e-05
1613,17.846758063567,0,1e-05
1614,17.6600255114732,0,1e-05
1615,17.842162155444,0,1e-05
1616,17.6553701032356,0,1e-05
1617,17.837569029077,0,1e-05
1618,17.6507172933848,0,1e-05
1619,17.8329786842202,0,1e-05
1620,17.6460670820272,0,1e-05
1621,17.8283911204348,0,1e-05
1622,17.6414194695224,0,1e-05
1623,17.823806337597,0,1e-05
1624,17.6367744559187,0,1e-05
1625,17.8192243352039,0,1e-05
1626,17.6321320414415,0,1e-05
1627,17.814645112912,0,1e-05
1628,17.6274922263496,0,1e-05
1629,17.8100686706679,0,1e-05
1630,17.6228550109754,0,1e-05
1631,17.8054950080691,0,1e-05
1632,17.6182203957489,0,1e-05
1633,17.8009241249236,0,1e-05
1634,17.6135883805459,0,1e-05
1635,17.7963560208493,0,1e-05
1636,17.6089589656781,0,1e-05
1637,17.7917906954318,0,1e-05
1638,17.6043321512727,0,1e-05
1639,17.7872281482941,0,1e-05
1640,17.5997079376237,0,1e-05
1641,17.7826683791072,0,1e-05
1642,17.5950863248323,0,1e-05
1643,17.7781113877713,0,1e-05
1644,17.5904673132575,0,1e-05
1645,17.773557173866,0,1e-05
1646,17.5858509028296,0,1e-05
1647,17.7690057369357,0,1e-05
1648,17.5812370937657,0,1e-05
1649,17.7644570763056,0,1e-05
1650,17.5766258861766,0,1e-05
1651,17.7599111919369,0,1e-05
1652,17.5720172803961,0,1e-05
1653,17.7553680835545,0,1e-05
1654,17.5674112765173,0,1e-05
1655,17.7508277507155,0,1e-05
1656,17.5628078748975,0,1e-05
1657,17.7462901930128,0,1e-05
1658,17.5582070751483,0,1e-05
1659,17.7417554099473,0,1e-05
1660,17.5536088779325,0,1e-05
1661,17.7372234012883,0,1e-05
1662,17.5490132830442,0,1e-05
1663,17.7326941663857,0,1e-05
1664,17.5444202905367,0,1e-05
1665,17.7281677049021,0,1e-05
1666,17.5398299007235,0,1e-05
1667,17.7236440164806,0,1e-05
1668,17.5352421136466,0,1e-05
1669,17.71912310059,0,1e-05
1670,17.5306569293283,0,1e-05
1671,17.7146049568445,0,1e-05
1672,17.5260743477864,0,1e-05
1673,17.71008958479,0,1e-05
1674,17.5214943694516,0,1e-05
1675,17.7055769841922,0,1e-05
1676,17.5169169941271,0,1e-05
1677,17.7010671542435,0,1e-05
1678,17.5123422218795,0,1e-05
1679,17.696560094655,0,1e-05
1680,17.5077700528065,0,1e-05
1681,17.6920558049377,0,1e-05
1682,17.5032004867655,0,1e-05
1683,17.6875542845307,0,1e-05
1684,17.498633524024,0,1e-05
1685,17.6830555329564,0,1e-05
1686,17.4940691643641,0,1e-05
1687,17.6785595496711,0,1e-05
1688,17.489507407963,0,1e-05
1689,17.6740663342007,0,1e-05
1690,17.4849482547626,0,1e-05
1691,17.669575885974,0,1e-05
1692,17.4803917050147,0,1e-05
1693,17.6650882048596,0,1e-05
1694,17.475837758667,0,1e-05
1695,17.6606032900329,0,1e-05
1696,17.4712864157247,0,1e-05
1697,17.6561211411013,0,1e-05
1698,17.4667376760703,0,1e-05
1699,17.6516417573256,0,1e-05
1700,17.4621915395515,0,1e-05
1701,17.6471651380919,0,1e-05
1702,17.4576480060437,0,1e-05
1703,17.6426912828817,0,1e-05
1704,17.4531070757733,0,1e-05
1705,17.6382201912723,0,1e-05
1706,17.4485687484584,0,1e-05
1707,17.6337518624424,0,1e-05
1708,17.4440330241245,0,1e-05
1709,17.6292862959977,0,1e-05
1710,17.4394999027648,0,1e-05
1711,17.6248234912186,0,1e-05
1712,17.434969384284,0,1e-05
1713,17.6203634477238,0,1e-05
1714,17.4304414686115,0,1e-05
1715,17.6159061647376,0,1e-05
1716,17.4259161557252,0,1e-05
1717,17.6114516417114,0,1e-05
1718,17.4213934453116,0,1e-05
1719,17.6069998778667,0,1e-05
1720,17.4168733372195,0,1e-05
1721,17.6025508726284,0,1e-05
1722,17.4123558314375,0,1e-05
1723,17.5981046254857,0,1e-05
1724,17.4078409280198,0,1e-05
1725,17.5936611357835,0,1e-05
1726,17.4033286266934,0,1e-05
1727,17.5892204027774,0,1e-05
1728,17.3988189272813,0,1e-05
1729,17.5847824258257,0,1e-05
1730,17.3943118295519,0,1e-05
1731,17.5803472041137,0,1e-05
1732,17.3898073333283,0,1e-05
1733,17.5759147370564,0,1e-05
1734,17.3853054385492,0,1e-05
1735,17.5714850241285,0,1e-05
1736,17.3808061450086,0,1e-05
1737,17.5670580643715,0,1e-05
1738,17.3763094525108,0,1e-05
1739,17.5626338572966,0,1e-05
1740,17.3718153607628,0,1e-05
1741,17.5582124020344,0,1e-05
1742,17.3673238697,0,1e-05
1743,17.5537936980108,0,1e-05
1744,17.3628349791548,0,1e-05
1745,17.5493777444907,0,1e-05
1746,17.3583486886046,0,1e-05
1747,17.5449645404423,0,1e-05
1748,17.3538649979826,0,1e-05
1749,17.5405540852704,0,1e-05
1750,17.3493839071426,0,1e-05
1751,17.5361463784721,0,1e-05
1752,17.344905415774,0,1e-05
1753,17.5317414190387,0,1e-05
1754,17.3404295234726,0,1e-05
1755,17.5273392061609,0,1e-05
1756,17.3359562300665,0,1e-05
1757,17.5229397391246,0,1e-05
1758,17.3314855352037,0,1e-05
1759,17.5185430171002,0,1e-05
1760,17.3270174388324,0,1e-05
1761,17.5141490394495,0,1e-05
1762,17.3225519403093,0,1e-05
1763,17.5097578051497,0,1e-05
1764,17.3180890393336,0,1e-05
1765,17.5053693134283,0,1e-05
1766,17.3136287357776,0,1e-05
1767,17.5009835635473,0,1e-05
1768,17.3091710293599,0,1e-05
1769,17.4966005546558,0,1e-05
1770,17.3047159196337,0,1e-05
1771,17.492220285919,0,1e-05
1772,17.3002634062509,0,1e-05
1773,17.4878427564839,0,1e-05
1774,17.295813488696,0,1e-05
1775,17.4834679653727,0,1e-05
1776,17.2913661668112,0,1e-05
1777,17.4790959118647,0,1e-05
1778,17.2869214402132,0,1e-05
1779,17.4747265951115,0,1e-05
1780,17.2824793084834,0,1e-05
1781,17.4703600141355,0,1e-05
1782,17.2780397712053,0,1e-05
1783,17.4659961681129,0,1e-05
1784,17.2736028281513,0,1e-05
1785,17.4616350561287,0,1e-05
1786,17.2691684786265,0,1e-05
1787,17.4572766773005,0,1e-05
1788,17.2647367224091,0,1e-05
1789,17.4529210307662,0,1e-05
1790,17.2603075591523,0,1e-05
1791,17.4485681155901,0,1e-05
1792,17.255880988289,0,1e-05
1793,17.4442179307778,0,1e-05
1794,17.251457009302,0,1e-05
1795,17.4398704754326,0,1e-05
1796,17.2470356218695,0,1e-05
1797,17.4355257486156,0,1e-05
1798,17.2426168253693,0,1e-05
1799,17.4311837492022,0,1e-05
1800,17.2382006192807,0,1e-05
1801,17.4268444763387,0,1e-05
1802,17.2337870033935,0,1e-05
1803,17.4225079292472,0,1e-05
1804,17.2293759771248,0,1e-05
1805,17.4181741067364,0,1e-05
1806,17.224967539881,0,1e-05
1807,17.4138430078155,0,1e-05
1808,17.2205616911124,0,1e-05
1809,17.4095146315482,0,1e-05
1810,17.2161584304014,0,1e-05
1811,17.4051889769825,0,1e-05
1812,17.2117577573049,0,1e-05
1813,17.4008660431644,0,1e-05
1814,17.2073596712304,0,1e-05
1815,17.3965458289831,0,1e-05
1816,17.2029641715954,0,1e-05
1817,17.3922283334538,0,1e-05
1818,17.1985712578354,0,1e-05
1819,17.3879135554188,0,1e-05
1820,17.1941809293973,0,1e-05
1821,17.3836014939918,0,1e-05
1822,17.1897931855734,0,1e-05
1823,17.3792921479919,0,1e-05
1824,17.1854080259157,0,1e-05
1825,17.3749855165501,0,1e-05
1826,17.1810254501035,0,1e-05
1827,17.3706815985585,0,1e-05
1828,17.1766454571826,0,1e-05
1829,17.3663803928684,0,1e-05
1830,17.17226804663,0,1e-05
1831,17.3620818983664,0,1e-05
1832,17.1678932177943,0,1e-05
1833,17.3577861139684,0,1e-05
1834,17.1635209700735,0,1e-05
1835,17.353493038615,0,1e-05
1836,17.1591513028724,0,1e-05
1837,17.3492026712957,0,1e-05
1838,17.154784215553,0,1e-05
1839,17.3449150107686,0,1e-05
1840,17.1504197073693,0,1e-05
1841,17.3406300559854,0,1e-05
1842,17.1460577778826,0,1e-05
1843,17.3363478058834,0,1e-05
1844,17.1416984261874,0,1e-05
1845,17.3320682590414,0,1e-05
1846,17.1373416515067,0,1e-05
1847,17.3277914145412,0,1e-05
1848,17.1329874533486,0,1e-05
1849,17.3235172712604,0,1e-05
1850,17.128635831125,0,1e-05
1851,17.3192458280866,0,1e-05
1852,17.1242867840949,0,1e-05
1853,17.3149770838118,0,1e-05
1854,17.1199403114442,0,1e-05
1855,17.31071103734,0,1e-05
1856,17.1155964125066,0,1e-05
1857,17.3064476873303,0,1e-05
1858,17.1112550866896,0,1e-05
1859,17.3021870327655,0,1e-05
1860,17.1069163330868,0,1e-05
1861,17.2979290723026,0,1e-05
1862,17.1025801508439,0,1e-05
1863,17.2936738047484,0,1e-05
1864,17.0982465393333,0,1e-05
1865,17.2894212289528,0,1e-05
1866,17.0939154978064,0,1e-05
1867,17.2851713437055,0,1e-05
1868,17.0895870254952,0,1e-05
1869,17.2809241478031,0,1e-05
1870,17.0852611216544,0,1e-05
1871,17.276679639925,0,1e-05
1872,17.0809377853661,0,1e-05
1873,17.272437818994,0,1e-05
1874,17.0766170159904,0,1e-05
1875,17.2681986836445,0,1e-05
1876,17.0722988125607,0,1e-05
1877,17.2639622325841,0,1e-05
1878,17.0679831743926,0,1e-05
1879,17.2597284646742,0,1e-05
1880,17.0636701005798,0,1e-05
1881,17.255497378554,0,1e-05
1882,17.0593595903801,0,1e-05
1883,17.2512689730922,0,1e-05
1884,17.0550516429537,0,1e-05
1885,17.2470432469725,0,1e-05
1886,17.0507462574488,0,1e-05
1887,17.2428201988677,0,1e-05
1888,17.0464434330693,0,1e-05
1889,17.2385998274971,0,1e-05
1890,17.0421431688522,0,1e-05
1891,17.2343821315188,0,1e-05
1892,17.0378454638671,0,1e-05
1893,17.2301671096022,0,1e-05
1894,17.033550317356,0,1e-05
1895,17.2259547605811,0,1e-05
1896,17.0292577282734,0,1e-05
1897,17.2217450828791,0,1e-05
1898,17.0249676960191,0,1e-05
1899,17.2175380755176,0,1e-05
1900,17.0206802194704,0,1e-05
1901,17.2133337368869,0,1e-05
1902,17.01639529763,0,1e-05
1903,17.2091320657081,0,1e-05
1904,17.0121129297417,0,1e-05
1905,17.2049330605991,0,1e-05
1906,17.0078331148482,0,1e-05
1907,17.2007367203413,0,1e-05
1908,17.003555852061,0,1e-05
1909,17.1965430434828,0,1e-05
1910,16.9992811402471,0,1e-05
1911,17.1923520285801,0,1e-05
1912,16.9950089786976,0,1e-05
1913,17.1881636744906,0,1e-05
1914,16.9907393664293,0,1e-05
1915,17.1839779796218,0,1e-05
1916,16.9864723024386,0,1e-05
1917,17.1797949427478,0,1e-05
1918,16.9822077857106,0,1e-05
1919,17.1756145623078,0,1e-05
1920,16.9779458152806,0,1e-05
1921,17.171436837043,0,1e-05
1922,16.9736863901043,0,1e-05
1923,17.1672617653418,0,1e-05
1924,16.9694295092371,0,1e-05
1925,17.1630893460307,0,1e-05
1926,16.9651751717519,0,1e-05
1927,17.1589195775884,0,1e-05
1928,16.9609233764729,0,1e-05
1929,17.154752458538,0,1e-05
1930,16.9566741225236,0,1e-05
1931,17.1505879875289,0,1e-05
1932,16.952427408892,0,1e-05
1933,17.1464261632225,0,1e-05
1934,16.9481832345212,0,1e-05
1935,17.14226698397,0,1e-05
1936,16.9439415983137,0,1e-05
1937,17.138110448436,0,1e-05
1938,16.9397024991644,0,1e-05
1939,17.1339565550849,0,1e-05
1940,16.9354659363011,0,1e-05
1941,17.1298053026543,0,1e-05
1942,16.9312319084428,0,1e-05
1943,17.1256566893966,0,1e-05
1944,16.9270004144833,0,1e-05
1945,17.1215107139221,0,1e-05
1946,16.9227714532695,0,1e-05
1947,17.1173673747083,0,1e-05
1948,16.9185450238602,0,1e-05
1949,17.1132266702562,0,1e-05
1950,16.9143211251581,0,1e-05
1951,17.109088599339,0,1e-05
1952,16.9100997562224,0,1e-05
1953,17.1049531604072,0,1e-05
1954,16.9058809158313,0,1e-05
1955,17.1008203517341,0,1e-05
1956,16.9016646027122,0,1e-05
1957,17.0966901718372,0,1e-05
1958,16.8974508159165,0,1e-05
1959,17.0925626193517,0,1e-05
1960,16.8932395542824,0,1e-05
1961,17.0884376926591,0,1e-05
1962,16.889030816646,0,1e-05
1963,17.0843153901835,0,1e-05
1964,16.8848246019084,0,1e-05
1965,17.0801957104975,0,1e-05
1966,16.8806209089015,0,1e-05
1967,17.0760786519967,0,1e-05
1968,16.8764197365766,0,1e-05
1969,17.0719642131671,0,1e-05
1970,16.8722210836444,0,1e-05
1971,17.0678523923874,0,1e-05
1972,16.868024948868,0,1e-05
1973,17.0637431880747,0,1e-05
1974,16.8638313310811,0,1e-05
1975,17.0596365986721,0,1e-05
1976,16.8596402291239,0,1e-05
1977,17.0555326227084,0,1e-05
1978,16.8554516420297,0,1e-05
1979,17.0514312587588,0,1e-05
1980,16.8512655685348,0,1e-05
1981,17.0473325049859,0,1e-05
1982,16.8470820073345,0,1e-05
1983,17.0432363599369,0,1e-05
1984,16.8429009571118,0,1e-05
1985,17.0391428217757,0,1e-05
1986,16.8387224168154,0,1e-05
1987,17.0350518891929,0,1e-05
1988,16.8345463851574,0,1e-05
1989,17.0309635604248,0,1e-05
1990,16.8303728609237,0,1e-05
1991,17.0268778338619,0,1e-05
1992,16.8262018428128,0,1e-05
1993,17.0227947079301,0,1e-05
1994,16.8220333297384,0,1e-05
1995,17.0187141811038,0,1e-05
1996,16.8178673203986,0,1e-05
1997,17.0146362516627,0,1e-05
1998,16.8137038134141,0,1e-05
1999,17.01056091794,0,1e-05
2000,16.8095428076693,0,1e-05
2001,17.0064881783867,0,1e-05
2002,16.8053843018063,0,1e-05
2003,17.0024180313725,0,1e-05
2004,16.8012282946565,0,1e-05
2005,16.9983504752197,0,1e-05
2006,16.79707478499,0,1e-05
2007,16.9942855083658,0,1e-05
2008,16.7929237714178,0,1e-05
2009,16.9902231290048,0,1e-05
2010,16.7887752526622,0,1e-05
2011,16.986163335538,0,1e-05
2012,16.7846292273936,0,1e-05
2013,16.9821061263257,0,1e-05
2014,16.7804856942828,0,1e-05
2015,16.9780514995641,0,1e-05
2016,16.7763446520563,0,1e-05
2017,16.9739994537604,0,1e-05
2018,16.7722060993723,0,1e-05
2019,16.9699499870988,0,1e-05
2020,16.7680700349607,0,1e-05
2021,16.965903097967,0,1e-05
2022,16.7639364574189,0,1e-05
2023,16.9618587846493,0,1e-05
2024,16.7598053655128,0,1e-05
2025,16.9578170454648,0,1e-05
2026,16.7556767578556,0,1e-05
2027,16.9537778787474,0,1e-05
2028,16.7515506332122,0,1e-05
2029,16.9497412828126,0,1e-05
2030,16.7474269901095,0,1e-05
2031,16.9457072558775,0,1e-05
2032,16.7433058271456,0,1e-05
2033,16.9416757962485,0,1e-05
2034,16.739187143059,0,1e-05
2035,16.937646902263,0,1e-05
2036,16.735070936403,0,1e-05
2037,16.9336205720222,0,1e-05
2038,16.7309572060195,0,1e-05
2039,16.9295968040774,0,1e-05
2040,16.7268459502631,0,1e-05
2041,16.9255755964291,0,1e-05
2042,16.722737167761,0,1e-05
2043,16.9215569474493,0,1e-05
2044,16.7186308572639,0,1e-05
2045,16.9175408554897,0,1e-05
2046,16.7145270173162,0,1e-05
2047,16.913527318705,0,1e-05
2048,16.7104256465045,0,1e-05
2049,16.9095163352846,0,1e-05
2050,16.7063267434338,0,1e-05
2051,16.905507903634,0,1e-05
2052,16.7022303066656,0,1e-05
2053,16.9015020218698,0,1e-05
2054,16.6981363348691,0,1e-05
2055,16.8974986883009,0,1e-05
2056,16.6940448265024,0,1e-05
2057,16.8934979010835,0,1e-05
2058,16.6899557800772,0,1e-05
2059,16.8894996584189,0,1e-05
2060,16.6858691941824,0,1e-05
2061,16.8855039585115,0,1e-05
2062,16.6817850675695,0,1e-05
2063,16.881510799785,0,1e-05
2064,16.6777033986426,0,1e-05
2065,16.8775201803406,0,1e-05
2066,16.6736241860659,0,1e-05
2067,16.8735320984569,0,1e-05
2068,16.6695474284191,0,1e-05
2069,16.8695465523404,0,1e-05
2070,16.6654731240172,0,1e-05
2071,16.8655635400122,0,1e-05
2072,16.6614012714991,0,1e-05
2073,16.8615830598802,0,1e-05
2074,16.6573318695267,0,1e-05
2075,16.8576051100499,0,1e-05
2076,16.6532649163707,0,1e-05
2077,16.853629688602,0,1e-05
2078,16.6492004106939,0,1e-05
2079,16.8496567938769,0,1e-05
2080,16.6451383509555,0,1e-05
2081,16.8456864239622,0,1e-05
2082,16.6410787357614,0,1e-05
2083,16.8417185771227,0,1e-05
2084,16.6370215635838,0,1e-05
2085,16.8377532516103,0,1e-05
2086,16.6329668329424,0,1e-05
2087,16.8337904454203,0,1e-05
2088,16.6289145422612,0,1e-05
2089,16.8298301568431,0,1e-05
2090,16.6248646901256,0,1e-05
2091,16.8258723840037,0,1e-05
2092,16.6208172749256,0,1e-05
2093,16.8219171249495,0,1e-05
2094,16.6167722951856,0,1e-05
2095,16.8179643780608,0,1e-05
2096,16.6127297493506,0,1e-05
2097,16.8140141412996,0,1e-05
2098,16.6086896358159,0,1e-05
2099,16.810066412825,0,1e-05
2100,16.6046519531637,0,1e-05
2101,16.8061211909032,0,1e-05
2102,16.6006166998972,0,1e-05
2103,16.8021784736593,0,1e-05
2104,16.5965838743064,0,1e-05
2105,16.7982382590832,0,1e-05
2106,16.5925534748545,0,1e-05
2107,16.7943005453827,0,1e-05
2108,16.5885255001827,0,1e-05
2109,16.7903653308077,0,1e-05
2110,16.5844999487077,0,1e-05
2111,16.7864326134055,0,1e-05
2112,16.5804768186911,0,1e-05
2113,16.7825023912637,0,1e-05
2114,16.5764561086089,0,1e-05
2115,16.7785746625297,0,1e-05
2116,16.5724378169863,0,1e-05
2117,16.7746494253032,0,1e-05
2118,16.5684219421647,0,1e-05
2119,16.770726677747,0,1e-05
2120,16.5644084827369,0,1e-05
2121,16.766806418019,0,1e-05
2122,16.5603974369728,0,1e-05
2123,16.7628886441519,0,1e-05
2124,16.5563888032341,0,1e-05
2125,16.7589733542045,0,1e-05
2126,16.5523825800264,0,1e-05
2127,16.7550605462871,0,1e-05
2128,16.5483787657067,0,1e-05
2129,16.7511502186076,0,1e-05
2130,16.5443773587901,0,1e-05
2131,16.7472423692477,0,1e-05
2132,16.5403783574811,0,1e-05
2133,16.7433369961183,0,1e-05
2134,16.536381760189,0,1e-05
2135,16.739434097417,0,1e-05
2136,16.5323875655093,0,1e-05
2137,16.7355336714005,0,1e-05
2138,16.5283957716527,0,1e-05
2139,16.7316357158669,0,1e-05
2140,16.5244063769207,0,1e-05
2141,16.7277402289855,0,1e-05
2142,16.5204193798009,0,1e-05
2143,16.7238472088925,0,1e-05
2144,16.5164347787617,0,1e-05
2145,16.7199566536777,0,1e-05
2146,16.5124525721321,0,1e-05
2147,16.7160685614724,0,1e-05
2148,16.5084727581461,0,1e-05
2149,16.7121829301717,0,1e-05
2150,16.5044953352604,0,1e-05
2151,16.7082997579491,0,1e-05
2152,16.500520301843,0,1e-05
2153,16.7044190428707,0,1e-05
2154,16.4965476561563,0,1e-05
2155,16.7005407828657,0,1e-05
2156,16.4925773965119,0,1e-05
2157,16.6966649760179,0,1e-05
2158,16.4886095213435,0,1e-05
2159,16.6927916204508,0,1e-05
2160,16.4846440290519,0,1e-05
2161,16.6889207142682,0,1e-05
2162,16.4806809178648,0,1e-05
2163,16.6850522554255,0,1e-05
2164,16.4767201861897,0,1e-05
2165,16.6811862420366,0,1e-05
2166,16.472761832317,0,1e-05
2167,16.6773226720557,0,1e-05
2168,16.4688058545306,0,1e-05
2169,16.6734615435736,0,1e-05
2170,16.464852251192,0,1e-05
2171,16.6696028545719,0,1e-05
2172,16.4609010205917,0,1e-05
2173,16.6657466031253,0,1e-05
2174,16.4569521610992,0,1e-05
2175,16.6618927873874,0,1e-05
2176,16.4530056710255,0,1e-05
2177,16.6580414051725,0,1e-05
2178,16.449061548667,0,1e-05
2179,16.6541924546782,0,1e-05
2180,16.4451197923789,0,1e-05
2181,16.6503459338987,0,1e-05
2182,16.4411804004158,0,1e-05
2183,16.6465018407966,0,1e-05
2184,16.4372433709792,0,1e-05
2185,16.6426601733558,0,1e-05
2186,16.4333087025839,0,1e-05
2187,16.6388209297377,0,1e-05
2188,16.4293763933385,0,1e-05
2189,16.6349841078371,0,1e-05
2190,16.4254464415423,0,1e-05
2191,16.6311497056316,0,1e-05
2192,16.4215188455454,0,1e-05
2193,16.6273177212872,0,1e-05
2194,16.4175936035817,0,1e-05
2195,16.6234881526956,0,1e-05
2196,16.4136707138389,0,1e-05
2197,16.6196609978348,0,1e-05
2198,16.4097501747484,0,1e-05
2199,16.6158362547667,0,1e-05
2200,16.405831984526,0,1e-05
2201,16.6120139214482,0,1e-05
2202,16.4019161414488,0,1e-05
2203,16.6081939959268,0,1e-05
2204,16.3980026437712,0,1e-05
2205,16.6043764762435,0,1e-05
2206,16.3940914898522,0,1e-05
2207,16.6005613603634,0,1e-05
2208,16.3901826778738,0,1e-05
2209,16.5967486462831,0,1e-05
2210,16.3862762061025,0,1e-05
2211,16.5929383319256,0,1e-05
2212,16.3823720727669,0,1e-05
2213,16.5891304153315,0,1e-05
2214,16.3784702760404,0,1e-05
2215,16.5853248943634,0,1e-05
2216,16.3745708142913,0,1e-05
2217,16.5815217671792,0,1e-05
2218,16.3706736856761,0,1e-05
2219,16.5777210316372,0,1e-05
2220,16.3667788885202,0,1e-05
2221,16.5739226858022,0,1e-05
2222,16.3628864209919,0,1e-05
2223,16.570126727606,0,1e-05
2224,16.3589962813257,0,1e-05
2225,16.5663331549426,0,1e-05
2226,16.3551084677627,0,1e-05
2227,16.5625419658759,0,1e-05
2228,16.3512229784681,0,1e-05
2229,16.5587531583348,0,1e-05
2230,16.3473398117583,0,1e-05
2231,16.5549667303274,0,1e-05
2232,16.3434589659074,0,1e-05
2233,16.5511826798682,0,1e-05
2234,16.3395804390855,0,1e-05
2235,16.5474010048839,0,1e-05
2236,16.3357042295298,0,1e-05
2237,16.5436217033063,0,1e-05
2238,16.3318303353835,0,1e-05
2239,16.5398447731049,0,1e-05
2240,16.3279587549749,0,1e-05
2241,16.5360702123035,0,1e-05
2242,16.3240894865224,0,1e-05
2243,16.5322980189093,0,1e-05
2244,16.3202225282443,0,1e-05
2245,16.5285281908202,0,1e-05
2246,16.3163578782395,0,1e-05
2247,16.5247607259412,0,1e-05
2248,16.3124955347583,0,1e-05
2249,16.5209956222257,0,1e-05
2250,16.3086354959247,0,1e-05
2251,16.5172328776088,0,1e-05
2252,16.3047777600279,0,1e-05
2253,16.5134724900661,0,1e-05
2254,16.3009223251692,0,1e-05
2255,16.5097144575552,0,1e-05
2256,16.2970691896591,0,1e-05
2257,16.5059587780457,0,1e-05
2258,16.2932183516592,0,1e-05
2259,16.5022054494184,0,1e-05
2260,16.2893698092968,0,1e-05
2261,16.4984544696458,0,1e-05
2262,16.2855235608429,0,1e-05
2263,16.4947058366801,0,1e-05
2264,16.2816796043357,0,1e-05
2265,16.490959548425,0,1e-05
2266,16.277837938133,0,1e-05
2267,16.4872156029706,0,1e-05
2268,16.2739985603353,0,1e-05
2269,16.4834739981172,0,1e-05
2270,16.2701614691803,0,1e-05
2271,16.4797347318718,0,1e-05
2272,16.266326662763,0,1e-05
2273,16.475997802031,0,1e-05
2274,16.2624941392247,0,1e-05
2275,16.4722632066343,0,1e-05
2276,16.2586638968556,0,1e-05
2277,16.468530943706,0,1e-05
2278,16.2548359337216,0,1e-05
2279,16.4648010109893,0,1e-05
2280,16.2510102480469,0,1e-05
2281,16.4610734065373,0,1e-05
2282,16.2471868379363,0,1e-05
2283,16.4573481281599,0,1e-05
2284,16.2433657015412,0,1e-05
2285,16.453625173797,0,1e-05
2286,16.2395468370656,0,1e-05
2287,16.4499045415188,0,1e-05
2288,16.2357302427252,0,1e-05
2289,16.4461862291636,0,1e-05
2290,16.2319159166833,0,1e-05
2291,16.4424702347041,0,1e-05
2292,16.2281038570744,0,1e-05
2293,16.438756556043,0,1e-05
2294,16.2242940620495,0,1e-05
2295,16.4350451911261,0,1e-05
2296,16.2204865296942,0,1e-05
2297,16.4313361378201,0,1e-05
2298,16.2166812582179,0,1e-05
2299,16.4276293940872,0,1e-05
2300,16.2128782457655,0,1e-05
2301,16.4239249577792,0,1e-05
2302,16.2090774904294,0,1e-05
2303,16.4202228268526,0,1e-05
2304,16.2052789903636,0,1e-05
2305,16.4165229991747,0,1e-05
2306,16.2014827437177,0,1e-05
2307,16.4128254726804,0,1e-05
2308,16.19768874858,0,1e-05
2309,16.4091302452858,0,1e-05
2310,16.1938970031659,0,1e-05
2311,16.4054373148933,0,1e-05
2312,16.1901075055853,0,1e-05
2313,16.4017466794655,0,1e-05
2314,16.1863202539363,0,1e-05
2315,16.3980583368693,0,1e-05
2316,16.1825352463539,0,1e-05
2317,16.3943722850364,0,1e-05
2318,16.1787524810799,0,1e-05
2319,16.3906885219209,0,1e-05
2320,16.1749719562073,0,1e-05
2321,16.3870070454122,0,1e-05
2322,16.1711936698039,0,1e-05
2323,16.383327853325,0,1e-05
2324,16.1674176200362,0,1e-05
2325,16.3796509436995,0,1e-05
2326,16.1636438050454,0,1e-05
2327,16.3759763143371,0,1e-05
2328,16.1598722229042,0,1e-05
2329,16.3723039631744,0,1e-05
2330,16.1561028717303,0,1e-05
2331,16.3686338881073,0,1e-05
2332,16.1523357497267,0,1e-05
2333,16.3649660871231,0,1e-05
2334,16.1485708548262,0,1e-05
2335,16.3613005579172,0,1e-05
2336,16.1448081852639,0,1e-05
2337,16.3576372985161,0,1e-05
2338,16.1410477392016,0,1e-05
2339,16.3539763069296,0,1e-05
2340,16.1372895148275,0,1e-05
2341,16.350317580999,0,1e-05
2342,16.1335335100895,0,1e-05
2343,16.3466611184999,0,1e-05
2344,16.1297797230026,0,1e-05
2345,16.3430069173327,0,1e-05
2346,16.1260281518461,0,1e-05
2347,16.3393549755037,0,1e-05
2348,16.1222787947031,0,1e-05
2349,16.3357052908355,0,1e-05
2350,16.1185316496271,0,1e-05
2351,16.3320578612124,0,1e-05
2352,16.1147867147751,0,1e-05
2353,16.3284126846285,0,1e-05
2354,16.1110439883038,0,1e-05
2355,16.3247697589783,0,1e-05
2356,16.1073034681467,0,1e-05
2357,16.3211290820415,0,1e-05
2358,16.1035651525084,0,1e-05
2359,16.3174906517477,0,1e-05
2360,16.0998290395381,0,1e-05
2361,16.3138544660148,0,1e-05
2362,16.0960951272521,0,1e-05
2363,16.3102205227391,0,1e-05
2364,16.0923634137982,0,1e-05
2365,16.3065888198125,0,1e-05
2366,16.0886338972328,0,1e-05
2367,16.3029593551106,0,1e-05
2368,16.0849065756918,0,1e-05
2369,16.2993321265116,0,1e-05
2370,16.0811814471366,0,1e-05
2371,16.2957071318805,0,1e-05
2372,16.0774585097861,0,1e-05
2373,16.2920843691909,0,1e-05
2374,16.0737377617901,0,1e-05
2375,16.2884638363457,0,1e-05
2376,16.0700192010341,0,1e-05
2377,16.284845531079,0,1e-05
2378,16.0663028257716,0,1e-05
2379,16.2812294514951,0,1e-05
2380,16.0625886341126,0,1e-05
2381,16.2776155953164,0,1e-05
2382,16.0588766240677,0,1e-05
2383,16.2740039605239,0,1e-05
2384,16.055166793742,0,1e-05
2385,16.2703945449281,0,1e-05
2386,16.0514591411181,0,1e-05
2387,16.2667873463657,0,1e-05
2388,16.0477536644843,0,1e-05
2389,16.2631823629754,0,1e-05
2390,16.0440503618203,0,1e-05
2391,16.259579592411,0,1e-05
2392,16.0403492311601,0,1e-05
2393,16.2559790325701,0,1e-05
2394,16.036650270604,0,1e-05
2395,16.2523806814119,0,1e-05
2396,16.0329534783615,0,1e-05
2397,16.2487845369329,0,1e-05
2398,16.0292588522994,0,1e-05
2399,16.2451905967659,0,1e-05
2400,16.0255663907246,0,1e-05
2401,16.2415988590543,0,1e-05
2402,16.0218760915377,0,1e-05
2403,16.2380093214566,0,1e-05
2404,16.0181879528844,0,1e-05
2405,16.2344219820162,0,1e-05
2406,16.014501972861,0,1e-05
2407,16.2308368385429,0,1e-05
2408,16.0108181495334,0,1e-05
2409,16.2272538889685,0,1e-05
2410,16.0071364809649,0,1e-05
2411,16.2236731311474,0,1e-05
2412,16.0034569652237,0,1e-05
2413,16.2200945629436,0,1e-05
2414,15.9997796002613,0,1e-05
2415,16.216518182173,0,1e-05
2416,15.9961043842407,0,1e-05
2417,16.2129439868207,0,1e-05
2418,15.9924313152529,0,1e-05
2419,16.2093719747375,0,1e-05
2420,15.988760391364,0,1e-05
2421,16.2058021438115,0,1e-05
2422,15.9850916106407,0,1e-05
2423,16.2022344919625,0,1e-05
2424,15.9814249711705,0,1e-05
2425,16.1986690170073,0,1e-05
2426,15.9777604710051,0,1e-05
2427,16.1951057169198,0,1e-05
2428,15.9740981081843,0,1e-05
2429,16.191544589479,0,1e-05
2430,15.9704378808024,0,1e-05
2431,16.1879856326213,0,1e-05
2432,15.9667797869656,0,1e-05
2433,16.1844288442768,0,1e-05
2434,15.9631238246675,0,1e-05
2435,16.1808742222095,0,1e-05
2436,15.9594699919853,0,1e-05
2437,16.1773217643544,0,1e-05
2438,15.9558182869244,0,1e-05
2439,16.1737714686086,0,1e-05
2440,15.9521687076459,0,1e-05
2441,16.170223332888,0,1e-05
2442,15.9485212521744,0,1e-05
2443,16.1666773549994,0,1e-05
2444,15.9448759185785,0,1e-05
2445,16.1631335328332,0,1e-05
2446,15.9412327049182,0,1e-05
2447,16.1595918643623,0,1e-05
2448,15.9375916093786,0,1e-05
2449,16.1560523475556,0,1e-05
2450,15.9339526298307,0,1e-05
2451,16.1525149800415,0,1e-05
2452,15.9303157644417,0,1e-05
2453,16.1489797598898,0,1e-05
2454,15.9266810112759,0,1e-05
2455,16.1454466849449,0,1e-05
2456,15.9230483683664,0,1e-05
2457,16.1419157530779,0,1e-05
2458,15.9194178338165,0,1e-05
2459,16.1383869621936,0,1e-05
2460,15.9157894056002,0,1e-05
2461,16.1348603101061,0,1e-05
2462,15.9121630818168,0,1e-05
2463,16.1313357947305,0,1e-05
2464,15.9085388603697,0,1e-05
2465,16.1278134138374,0,1e-05
2466,15.9049167394228,0,1e-05
2467,16.1242931654873,0,1e-05
2468,15.9012967171404,0,1e-05
2469,16.1207750475185,0,1e-05
2470,15.8976787915424,0,1e-05
2471,16.1172590578381,0,1e-05
2472,15.8940629606448,0,1e-05
2473,16.1137451943298,0,1e-05
2474,15.8904492226087,0,1e-05
2475,16.1102334548996,0,1e-05
2476,15.886837575339,0,1e-05
2477,16.106723837388,0,1e-05
2478,15.8832280169717,0,1e-05
2479,16.1032163396752,0,1e-05
2480,15.8796205455006,0,1e-05
2481,16.0997109597098,0,1e-05
2482,15.8760151590321,0,1e-05
2483,16.0962076952576,0,1e-05
2484,15.8724118555276,0,1e-05
2485,16.0927065442468,0,1e-05
2486,15.8688106331659,0,1e-05
2487,16.089207504644,0,1e-05
2488,15.8652114899914,0,1e-05
2489,16.0857105743598,0,1e-05
2490,15.8616144240676,0,1e-05
2491,16.0822157512024,0,1e-05
2492,15.8580194333835,0,1e-05
2493,16.0787230330896,0,1e-05
2494,15.8544265160009,0,1e-05
2495,16.0752324178516,0,1e-05
2496,15.8508356699831,0,1e-05
2497,16.0717439034152,0,1e-05
2498,15.8472468934128,0,1e-05
2499,16.0682574877015,0,1e-05
2500,15.8436601842507,0,1e-05
2501,16.064773168572,0,1e-05
2502,15.8400755406583,0,1e-05
2503,16.0612909438893,0,1e-05
2504,15.8364929606616,0,1e-05
2505,16.0578108116545,0,1e-05
2506,15.8329124422809,0,1e-05
2507,16.0543327696811,0,1e-05
2508,15.8293339836417,0,1e-05
2509,16.0508568158719,0,1e-05
2510,15.825757582723,0,1e-05
2511,16.0473829480728,0,1e-05
2512,15.8221832375672,0,1e-05
2513,16.0439111642094,0,1e-05
2514,15.8186109461936,0,1e-05
2515,16.0404414622077,0,1e-05
2516,15.8150407068673,0,1e-05
2517,16.0369738400163,0,1e-05
2518,15.8114725174713,0,1e-05
2519,16.0335082954557,0,1e-05
2520,15.8079063760811,0,1e-05
2521,16.0300448263831,0,1e-05
2522,15.8043422807176,0,1e-05
2523,16.026583430682,0,1e-05
2524,15.8007802294179,0,1e-05
2525,16.0231241063181,0,1e-05
2526,15.7972202202931,0,1e-05
2527,16.0196668512386,0,1e-05
2528,15.7936622514442,0,1e-05
2529,16.0162116632235,0,1e-05
2530,15.7901063208074,0,1e-05
2531,16.0127585402572,0,1e-05
2532,15.7865524265463,0,1e-05
2533,16.0093074802131,0,1e-05
2534,15.7830005667052,0,1e-05
2535,16.0058584810073,0,1e-05
2536,15.7794507392731,0,1e-05
2537,16.0024115405653,0,1e-05
2538,15.775902942357,0,1e-05
2539,15.9989666567662,0,1e-05
2540,15.7723571740219,0,1e-05
2541,15.9955238274848,0,1e-05
2542,15.768813432229,0,1e-05
2543,15.9920830505963,0,1e-05
2544,15.7652717151015,0,1e-05
2545,15.9886443240884,0,1e-05
2546,15.7617320206846,0,1e-05
2547,15.985207645801,0,1e-05
2548,15.7581943470042,0,1e-05
2549,15.9817730136355,0,1e-05
2550,15.7546586922029,0,1e-05
2551,15.978340425586,0,1e-05
2552,15.7511250542825,0,1e-05
2553,15.9749098794508,0,1e-05
2554,15.7475934312663,0,1e-05
2555,15.9714813732114,0,1e-05
2556,15.744063821182,0,1e-05
2557,15.9680549046756,0,1e-05
2558,15.7405362221459,0,1e-05
2559,15.9646304718474,0,1e-05
2560,15.7370106321563,0,1e-05
2561,15.9612080725538,0,1e-05
2562,15.733487049323,0,1e-05
2563,15.9577877048058,0,1e-05
2564,15.7299654717666,0,1e-05
2565,15.9543693665038,0,1e-05
2566,15.7264458973885,0,1e-05
2567,15.950953055451,0,1e-05
2568,15.7229283243309,0,1e-05
2569,15.9475387696245,0,1e-05
2570,15.7194127505793,0,1e-05
2571,15.9441265069248,0,1e-05
2572,15.7158991742992,0,1e-05
2573,15.9407162653001,0,1e-05
2574,15.7123875935451,0,1e-05
2575,15.9373080427032,0,1e-05
2576,15.7088780063333,0,1e-05
2577,15.933901836961,0,1e-05
2578,15.7053704107025,0,1e-05
2579,15.930497646047,0,1e-05
2580,15.7018648047581,0,1e-05
2581,15.9270954677909,0,1e-05
2582,15.698361186482,0,1e-05
2583,15.9236953002052,0,1e-05
2584,15.694859553967,0,1e-05
2585,15.9202971411763,0,1e-05
2586,15.6913599054015,0,1e-05
2587,15.9169009887019,0,1e-05
2588,15.6878622387167,0,1e-05
2589,15.9135068405738,0,1e-05
2590,15.6843665519957,0,1e-05
2591,15.9101146947896,0,1e-05
2592,15.6808728433451,0,1e-05
2593,15.9067245493288,0,1e-05
2594,15.6773811107704,0,1e-05
2595,15.903336402009,0,1e-05
2596,15.6738913523638,0,1e-05
2597,15.899950250788,0,1e-05
2598,15.6704035661237,0,1e-05
2599,15.8965660935496,0,1e-05
2600,15.666917750097,0,1e-05
2601,15.8931839282363,0,1e-05
2602,15.6634339024594,0,1e-05
2603,15.8898037527992,0,1e-05
2604,15.6599520211785,0,1e-05
2605,15.8864255652113,0,1e-05
2606,15.656472104389,0,1e-05
2607,15.883049363297,0,1e-05
2608,15.6529941501113,0,1e-05
2609,15.8796751450765,0,1e-05
2610,15.6495181564738,0,1e-05
2611,15.8763029084944,0,1e-05
2612,15.6460441214954,0,1e-05
2613,15.8729326514034,0,1e-05
2614,15.6425720432511,0,1e-05
2615,15.8695643717605,0,1e-05
2616,15.6391019198069,0,1e-05
2617,15.8661980675215,0,1e-05
2618,15.635633749281,0,1e-05
2619,15.8628337366712,0,1e-05
2620,15.6321675296264,0,1e-05
2621,15.8594713770288,0,1e-05
2622,15.6287032589405,0,1e-05
2623,15.8561109865368,0,1e-05
2624,15.6252409353241,0,1e-05
2625,15.8527525632278,0,1e-05
2626,15.6217805568133,0,1e-05
2627,15.8493961049782,0,1e-05
2628,15.6183221215836,0,1e-05
2629,15.8460416097828,0,1e-05
2630,15.6148656276089,0,1e-05
2631,15.8426890754988,0,1e-05
2632,15.6114110729287,0,1e-05
2633,15.8393385000864,0,1e-05
2634,15.6079584557278,0,1e-05
2635,15.8359898815638,0,1e-05
2636,15.604507774054,0,1e-05
2637,15.8326432178944,0,1e-05
2638,15.601059025982,0,1e-05
2639,15.8292985069401,0,1e-05
2640,15.5976122095441,0,1e-05
2641,15.8259557466808,0,1e-05
2642,15.5941673228272,0,1e-05
2643,15.8226149350224,0,1e-05
2644,15.5907243639259,0,1e-05
2645,15.8192760699818,0,1e-05
2646,15.5872833308875,0,1e-05
2647,15.8159391494698,0,1e-05
2648,15.5838442217729,0,1e-05
2649,15.8126041714001,0,1e-05
2650,15.5804070346486,0,1e-05
2651,15.809271133737,0,1e-05
2652,15.5769717676234,0,1e-05
2653,15.8059400344707,0,1e-05
2654,15.5735384187572,0,1e-05
2655,15.8026108715581,0,1e-05
2656,15.5701069862275,0,1e-05
2657,15.7992836429329,0,1e-05
2658,15.5666774679769,0,1e-05
2659,15.7959583465672,0,1e-05
2660,15.5632498621806,0,1e-05
2661,15.7926349803819,0,1e-05
2662,15.5598241668891,0,1e-05
2663,15.789313542397,0,1e-05
2664,15.5564003802017,0,1e-05
2665,15.7859940305293,0,1e-05
2666,15.5529785002595,0,1e-05
2667,15.7826764428184,0,1e-05
2668,15.5495585250049,0,1e-05
2669,15.779360777089,0,1e-05
2670,15.5461404526203,0,1e-05
2671,15.7760470314165,0,1e-05
2672,15.5427242811473,0,1e-05
2673,15.7727352037296,0,1e-05
2674,15.5393100086965,0,1e-05
2675,15.7694252919706,0,1e-05
2676,15.5358976333418,0,1e-05
2677,15.7661172941135,0,1e-05
2678,15.5324871531279,0,1e-05
2679,15.7628112081323,0,1e-05
2680,15.52907856623,0,1e-05
2681,15.7595070320426,0,1e-05
2682,15.5256718707693,0,1e-05
2683,15.7562047637851,0,1e-05
2684,15.5222670646995,0,1e-05
2685,15.7529044012737,0,1e-05
2686,15.5188641461953,0,1e-05
2687,15.7496059425833,0,1e-05
2688,15.5154631134093,0,1e-05
2689,15.7463093857139,0,1e-05
2690,15.5120639643467,0,1e-05
2691,15.7430147284989,0,1e-05
2692,15.5086666970862,0,1e-05
2693,15.7397219689882,0,1e-05
2694,15.5052713097985,0,1e-05
2695,15.7364311051713,0,1e-05
2696,15.5018778004867,0,1e-05
2697,15.7331421349773,0,1e-05
2698,15.4984861672987,0,1e-05
2699,15.7298550564472,0,1e-05
2700,15.4950964082949,0,1e-05
2701,15.7265698675549,0,1e-05
2702,15.4917085216547,0,1e-05
2703,15.7232865663072,0,1e-05
2704,15.4883225054551,0,1e-05
2705,15.7200051506823,0,1e-05
2706,15.4849383577561,0,1e-05
2707,15.7167256185649,0,1e-05
2708,15.4815560767389,0,1e-05
2709,15.7134479680903,0,1e-05
2710,15.4781756604173,0,1e-05
2711,15.71017219711,0,1e-05
2712,15.4747971068886,0,1e-05
2713,15.7068983036816,0,1e-05
2714,15.4714204143593,0,1e-05
2715,15.7036262858119,0,1e-05
2716,15.4680455807534,0,1e-05
2717,15.7003561413869,0,1e-05
2718,15.4646726042579,0,1e-05
2719,15.697087868488,0,1e-05
2720,15.4613014830696,0,1e-05
2721,15.6938214651785,0,1e-05
2722,15.4579322151734,0,1e-05
2723,15.690556929301,0,1e-05
2724,15.4545647987538,0,1e-05
2725,15.6872942589842,0,1e-05
2726,15.4511992318976,0,1e-05
2727,15.6840334521476,0,1e-05
2728,15.4478355127162,0,1e-05
2729,15.6807745068645,0,1e-05
2730,15.4444736393325,0,1e-05
2731,15.6775174211027,0,1e-05
2732,15.4411136098571,0,1e-05
2733,15.6742621928358,0,1e-05
2734,15.437755422459,0,1e-05
2735,15.6710088201952,0,1e-05
2736,15.4343990752358,0,1e-05
2737,15.6677573010758,0,1e-05
2738,15.4310445661988,0,1e-05
2739,15.6645076334437,0,1e-05
2740,15.4276918935246,0,1e-05
2741,15.6612598153877,0,1e-05
2742,15.4243410553921,0,1e-05
2743,15.6580138449153,0,1e-05
2744,15.4209920498778,0,1e-05
2745,15.6547697200023,0,1e-05
2746,15.4176448750071,0,1e-05
2747,15.6515274386206,0,1e-05
2748,15.414299529002,0,1e-05
2749,15.6482869988827,0,1e-05
2750,15.4109560099364,0,1e-05
2751,15.6450483987981,0,1e-05
2752,15.4076143160101,0,1e-05
2753,15.6418116362879,0,1e-05
2754,15.4042744451863,0,1e-05
2755,15.6385767094245,0,1e-05
2756,15.4009363958095,0,1e-05
2757,15.6353436163161,0,1e-05
2758,15.3976001658955,0,1e-05
2759,15.6321123549165,0,1e-05
2760,15.3942657536281,0,1e-05
2761,15.6288829232778,0,1e-05
2762,15.3909331570954,0,1e-05
2763,15.6256553193656,0,1e-05
2764,15.3876023744108,0,1e-05
2765,15.6224295412236,0,1e-05
2766,15.3842734036769,0,1e-05
2767,15.6192055869146,0,1e-05
2768,15.3809462431052,0,1e-05
2769,15.6159834544347,0,1e-05
2770,15.3776208907452,0,1e-05
2771,15.6127631418091,0,1e-05
2772,15.3742973448038,0,1e-05
2773,15.6095446471069,0,1e-05
2774,15.3709756033769,0,1e-05
2775,15.6063279683061,0,1e-05
2776,15.3676556645917,0,1e-05
2777,15.6031131034668,0,1e-05
2778,15.3643375265637,0,1e-05
2779,15.5999000506035,0,1e-05
2780,15.3610211875113,0,1e-05
2781,15.5966888078286,0,1e-05
2782,15.357706645557,0,1e-05
2783,15.593479373174,0,1e-05
2784,15.3543938988634,0,1e-05
2785,15.5902717446785,0,1e-05
2786,15.3510829454987,0,1e-05
2787,15.5870659202846,0,1e-05
2788,15.3477737835881,0,1e-05
2789,15.5838618981005,0,1e-05
2790,15.3444664113067,0,1e-05
2791,15.5806596761085,0,1e-05
2792,15.3411608268363,0,1e-05
2793,15.577459252481,0,1e-05
2794,15.3378570282731,0,1e-05
2795,15.5742606251868,0,1e-05
2796,15.3345550138456,0,1e-05
2797,15.5710637923925,0,1e-05
2798,15.3312547816739,0,1e-05
2799,15.5678687520071,0,1e-05
2800,15.3279563297825,0,1e-05
2801,15.5646755020541,0,1e-05
2802,15.3246596564692,0,1e-05
2803,15.5614840407139,0,1e-05
2804,15.3213647598348,0,1e-05
2805,15.5582943659646,0,1e-05
2806,15.3180716379931,0,1e-05
2807,15.5551064758974,0,1e-05
2808,15.3147802891965,0,1e-05
2809,15.5519203685828,0,1e-05
2810,15.3114907115447,0,1e-05
2811,15.5487360421047,0,1e-05
2812,15.3082029032458,0,1e-05
2813,15.5455534944442,0,1e-05
2814,15.3049168624146,0,1e-05
2815,15.542372723753,0,1e-05
2816,15.3016325871678,0,1e-05
2817,15.5391937280201,0,1e-05
2818,15.2983500757603,0,1e-05
2819,15.5360165053623,0,1e-05
2820,15.2950693262411,0,1e-05
2821,15.5328410537607,0,1e-05
2822,15.2917903368062,0,1e-05
2823,15.5296673713644,0,1e-05
2824,15.2885131057344,0,1e-05
2825,15.5264954562933,0,1e-05
2826,15.2852376311314,0,1e-05
2827,15.5233253066236,0,1e-05
2828,15.281963911172,0,1e-05
2829,15.5201569203764,0,1e-05
2830,15.2786919440391,0,1e-05
2831,15.516990295622,0,1e-05
2832,15.2754217277616,0,1e-05
2833,15.5138254303721,0,1e-05
2834,15.2721532606263,0,1e-05
2835,15.5106623228269,0,1e-05
2836,15.2688865408356,0,1e-05
2837,15.507500971042,0,1e-05
2838,15.265621566539,0,1e-05
2839,15.5043413731018,0,1e-05
2840,15.2623583359278,0,1e-05
2841,15.5011835270729,0,1e-05
2842,15.2590968471416,0,1e-05
2843,15.4980274309774,0,1e-05
2844,15.255837098309,0,1e-05
2845,15.4948730829831,0,1e-05
2846,15.2525790876618,0,1e-05
2847,15.4917204811322,0,1e-05
2848,15.249322813379,0,1e-05
2849,15.4885696235673,0,1e-05
2850,15.2460682736738,0,1e-05
2851,15.4854205083146,0,1e-05
2852,15.242815466676,0,1e-05
2853,15.4822731335517,0,1e-05
2854,15.2395643906416,0,1e-05
2855,15.4791274973503,0,1e-05
2856,15.2363150436963,0,1e-05
2857,15.4759835977569,0,1e-05
2858,15.2330674239953,0,1e-05
2859,15.4728414329293,0,1e-05
2860,15.2298215298433,0,1e-05
2861,15.4697010009482,0,1e-05
2862,15.2265773592851,0,1e-05
2863,15.4665622998491,0,1e-05
2864,15.2233349105531,0,1e-05
2865,15.4634253277896,0,1e-05
2866,15.2200941818608,0,1e-05
2867,15.4602900828855,0,1e-05
2868,15.2168551714354,0,1e-05
2869,15.4571565632681,0,1e-05
2870,15.2136178774828,0,1e-05
2871,15.4540247670661,0,1e-05
2872,15.210382298216,0,1e-05
2873,15.4508946923509,0,1e-05
2874,15.2071484317745,0,1e-05
2875,15.4477663372146,0,1e-05
2876,15.2039162762933,0,1e-05
2877,15.4446396997735,0,1e-05
2878,15.2006858300917,0,1e-05
2879,15.441514778208,0,1e-05
2880,15.1974570913824,0,1e-05
2881,15.4383915706058,0,1e-05
2882,15.1942300583807,0,1e-05
2883,15.4352700751093,0,1e-05
2884,15.1910047292102,0,1e-05
2885,15.4321502897656,0,1e-05
2886,15.1877811020783,0,1e-05
2887,15.429032212749,0,1e-05
2888,15.1845591751342,0,1e-05
2889,15.4259158421271,0,1e-05
2890,15.1813389467528,0,1e-05
2891,15.422801176119,0,1e-05
2892,15.178120415058,0,1e-05
2893,15.4196882127829,0,1e-05
2894,15.1749035782608,0,1e-05
2895,15.4165769502404,0,1e-05
2896,15.1716884345397,0,1e-05
2897,15.4134673866082,0,1e-05
2898,15.1684749820658,0,1e-05
2899,15.4103595200513,0,1e-05
2900,15.1652632191422,0,1e-05
2901,15.4072533487296,0,1e-05
2902,15.162053144003,0,1e-05
2903,15.404148870777,0,1e-05
2904,15.1588447548708,0,1e-05
2905,15.4010460843204,0,1e-05
2906,15.1556380499266,0,1e-05
2907,15.3979449874539,0,1e-05
2908,15.1524330274162,0,1e-05
2909,15.394845578369,0,1e-05
2910,15.1492296854989,0,1e-05
2911,15.3917478551611,0,1e-05
2912,15.1460280224764,0,1e-05
2913,15.3886518160542,0,1e-05
2914,15.1428280365435,0,1e-05
2915,15.3855574591221,0,1e-05
2916,15.1396297259388,0,1e-05
2917,15.3824647825516,0,1e-05
2918,15.136433088794,0,1e-05
2919,15.3793737844518,0,1e-05
2920,15.1332381235021,0,1e-05
2921,15.3762844630186,0,1e-05
2922,15.1300448282066,0,1e-05
2923,15.3731968164356,0,1e-05
2924,15.1268532011699,0,1e-05
2925,15.3701108428096,0,1e-05
2926,15.1236632406174,0,1e-05
2927,15.3670265402932,0,1e-05
2928,15.1204749447785,0,1e-05
2929,15.3639439070412,0,1e-05
2930,15.1172883119165,0,1e-05
2931,15.3608629412318,0,1e-05
2932,15.1141033401764,0,1e-05
2933,15.35778364094,0,1e-05
2934,15.1109200279192,0,1e-05
2935,15.3547060044403,0,1e-05
2936,15.107738373302,0,1e-05
2937,15.3516300298488,0,1e-05
2938,15.104558374573,0,1e-05
2939,15.3485557153163,0,1e-05
2940,15.1013800300505,0,1e-05
2941,15.3454830591185,0,1e-05
2942,15.0982033379116,0,1e-05
2943,15.3424120593499,0,1e-05
2944,15.0950282964316,0,1e-05
2945,15.3393427140973,0,1e-05
2946,15.0918549038204,0,1e-05
2947,15.3362750216657,0,1e-05
2948,15.0886831584151,0,1e-05
2949,15.3332089801932,0,1e-05
2950,15.0855130583113,0,1e-05
2951,15.3301445878114,0,1e-05
2952,15.08234460196,0,1e-05
2953,15.3270818427556,0,1e-05
2954,15.0791777875308,0,1e-05
2955,15.3240207432193,0,1e-05
2956,15.0760126133175,0,1e-05
2957,15.3209612873259,0,1e-05
2958,15.0728490774509,0,1e-05
2959,15.3179034732715,0,1e-05
2960,15.0696871783115,0,1e-05
2961,15.314847299324,0,1e-05
2962,15.0665269141456,0,1e-05
2963,15.3117927635772,0,1e-05
2964,15.0633682832021,0,1e-05
2965,15.3087398642579,0,1e-05
2966,15.0602112837624,0,1e-05
2967,15.3056885995714,0,1e-05
2968,15.0570559139703,0,1e-05
2969,15.3026389675894,0,1e-05
2970,15.0539021722528,0,1e-05
2971,15.2995909666548,0,1e-05
2972,15.0507500567885,0,1e-05
2973,15.2965445948781,0,1e-05
2974,15.0475995659321,0,1e-05
2975,15.2934998505119,0,1e-05
2976,15.0444506978079,0,1e-05
2977,15.2904567316795,0,1e-05
2978,15.0413034508118,0,1e-05
2979,15.2874152367122,0,1e-05
2980,15.0381578232107,0,1e-05
2981,15.2843753636903,0,1e-05
2982,15.0350138132326,0,1e-05
2983,15.281337110886,0,1e-05
2984,15.0318714192009,0,1e-05
2985,15.278300476497,0,1e-05
2986,15.0287306393912,0,1e-05
2987,15.2752654587762,0,1e-05
2988,15.0255914720834,0,1e-05
2989,15.2722320558747,0,1e-05
2990,15.0224539155881,0,1e-05
2991,15.2692002660633,0,1e-05
2992,15.0193179680565,0,1e-05
2993,15.2661700873332,0,1e-05
2994,15.0161836278216,0,1e-05
2995,15.2631415180823,0,1e-05
2996,15.0130508931438,0,1e-05
2997,15.2601145564534,0,1e-05
2998,15.0099197624117,0,1e-05
2999,15.2570892008137,0,1e-05
3000,15.0067902338745,0,1e-05
3001,15.254065449265,0,1e-05
3002,15.0036623058749,0,1e-05
3003,15.2510433001347,0,1e-05
3004,15.0005359766793,0,1e-05
3005,15.2480227515776,0,1e-05
3006,14.9974112446333,0,1e-05
3007,15.2450038018824,0,1e-05
3008,14.9942881080051,0,1e-05
3009,15.2419864492209,0,1e-05
3010,14.991166565053,0,1e-05
3011,15.2389706917821,0,1e-05
3012,14.9880466139554,0,1e-05
3013,15.2359565277989,0,1e-05
3014,14.9849282531929,0,1e-05
3015,15.2329439555517,0,1e-05
3016,14.9818114810282,0,1e-05
3017,15.2299329732996,0,1e-05
3018,14.9786962957044,0,1e-05
3019,15.2269235792034,0,1e-05
3020,14.9755826956165,0,1e-05
3021,15.2239157716029,0,1e-05
3022,14.9724706790058,0,1e-05
3023,15.2209095486595,0,1e-05
3024,14.9693602441995,0,1e-05
3025,15.2179049085948,0,1e-05
3026,14.9662513895443,0,1e-05
3027,15.2149018497515,0,1e-05
3028,14.963144113347,0,1e-05
3029,15.2119003703452,0,1e-05
3030,14.9600384138848,0,1e-05
3031,15.2089004686195,0,1e-05
3032,14.9569342894575,0,1e-05
3033,15.20590214278,0,1e-05
3034,14.9538317384454,0,1e-05
3035,15.2029053911124,0,1e-05
3036,14.9507307591048,0,1e-05
3037,15.1999102118278,0,1e-05
3038,14.9476313497494,0,1e-05
3039,15.1969166031866,0,1e-05
3040,14.9445335086931,0,1e-05
3041,15.1939245634413,0,1e-05
3042,14.9414372342233,0,1e-05
3043,15.1909340908486,0,1e-05
3044,14.9383425248161,0,1e-05
3045,15.1879451837955,0,1e-05
3046,14.9352493787589,0,1e-05
3047,15.1849578404562,0,1e-05
3048,14.9321577943385,0,1e-05
3049,15.1819720590843,0,1e-05
3050,14.9290677698883,0,1e-05
3051,15.178987837959,0,1e-05
3052,14.9259793036674,0,1e-05
3053,15.1760051752865,0,1e-05
3054,14.9228923940585,0,1e-05
3055,15.173024069409,0,1e-05
3056,14.919807039493,0,1e-05
3057,15.1700445185915,0,1e-05
3058,14.9167232381633,0,1e-05
3059,15.1670665210463,0,1e-05
3060,14.9136409884812,0,1e-05
3061,15.164090075139,0,1e-05
3062,14.9105602887366,0,1e-05
3063,15.1611151790611,0,1e-05
3064,14.9074811373056,0,1e-05
3065,15.1581418311593,0,1e-05
3066,14.9044035326679,0,1e-05
3067,15.1551700297576,0,1e-05
3068,14.901327472982,0,1e-05
3069,15.1521997730879,0,1e-05
3070,14.8982529566663,0,1e-05
3071,15.149231059401,0,1e-05
3072,14.8951799820058,0,1e-05
3073,15.1462638869644,0,1e-05
3074,14.8921085473438,0,1e-05
3075,15.1432982540711,0,1e-05
3076,14.8890386510702,0,1e-05
3077,15.1403341590363,0,1e-05
3078,14.885970291533,0,1e-05
3079,15.1373716001718,0,1e-05
3080,14.8829034670824,0,1e-05
3081,15.1344105757161,0,1e-05
3082,14.8798381761176,0,1e-05
3083,15.1314510840736,0,1e-05
3084,14.8767744169935,0,1e-05
3085,15.1284931234792,0,1e-05
3086,14.8737121880362,0,1e-05
3087,15.1255366922228,0,1e-05
3088,14.8706514875663,0,1e-05
3089,15.1225817885851,0,1e-05
3090,14.8675923140383,0,1e-05
3091,15.1196284109394,0,1e-05
3092,14.8645346657656,0,1e-05
3093,15.1166765575414,0,1e-05
3094,14.8614785411501,0,1e-05
3095,15.1137262267115,0,1e-05
3096,14.8584239385185,0,1e-05
3097,15.1107774167431,0,1e-05
3098,14.855370856199,0,1e-05
3099,15.1078301259336,0,1e-05
3100,14.8523192926358,0,1e-05
3101,15.1048843525968,0,1e-05
3102,14.8492692461172,0,1e-05
3103,15.1019400950414,0,1e-05
3104,14.8462207150046,0,1e-05
3105,15.0989973515842,0,1e-05
3106,14.8431736978246,0,1e-05
3107,15.0960561205964,0,1e-05
3108,14.8401281928067,0,1e-05
3109,15.0931164002839,0,1e-05
3110,14.8370841983673,0,1e-05
3111,15.0901781890558,0,1e-05
3112,14.8340417129431,0,1e-05
3113,15.0872414852149,0,1e-05
3114,14.8310007347753,0,1e-05
3115,15.0843062870271,0,1e-05
3116,14.8279612623752,0,1e-05
3117,15.08137259294,0,1e-05
3118,14.8249232941414,0,1e-05
3119,15.0784404012024,0,1e-05
3120,14.8218868283487,0,1e-05
3121,15.0755097101296,0,1e-05
3122,14.818851863441,0,1e-05
3123,15.0725805180984,0,1e-05
3124,14.8158183978204,0,1e-05
3125,15.0696528234057,0,1e-05
3126,14.8127864298489,0,1e-05
3127,15.0667266243777,0,1e-05
3128,14.8097559579882,0,1e-05
3129,15.0638019194585,0,1e-05
3130,14.8067269805792,0,1e-05
3131,15.0608787068693,0,1e-05
3132,14.8036994959859,0,1e-05
3133,15.0579569850013,0,1e-05
3134,14.8006735027139,0,1e-05
3135,15.0550367522533,0,1e-05
3136,14.7976489990837,0,1e-05
3137,15.0521180069013,0,1e-05
3138,14.7946259834845,0,1e-05
3139,15.0492007472552,0,1e-05
3140,14.7916044543297,0,1e-05
3141,15.0462849717253,0,1e-05
3142,14.7885844100907,0,1e-05
3143,15.0433706786987,0,1e-05
3144,14.7855658490521,0,1e-05
3145,15.0404578663611,0,1e-05
3146,14.782548769645,0,1e-05
3147,15.0375465331399,0,1e-05
3148,14.7795331702918,0,1e-05
3149,15.0346366774464,0,1e-05
3150,14.7765190494228,0,1e-05
3151,15.0317282975835,0,1e-05
3152,14.7735064054677,0,1e-05
3153,15.0288213919696,0,1e-05
3154,14.7704952368311,0,1e-05
3155,15.0259159589108,0,1e-05
3156,14.7674855419288,0,1e-05
3157,15.0230119968329,0,1e-05
3158,14.7644773192562,0,1e-05
3159,15.0201095040937,0,1e-05
3160,14.7614705670505,0,1e-05
3161,15.0172084789594,0,1e-05
3162,14.7584652838373,0,1e-05
3163,15.0143089198694,0,1e-05
3164,14.7554614680682,0,1e-05
3165,15.0114108252195,0,1e-05
3166,14.7524591181146,0,1e-05
3167,15.0085141933376,0,1e-05
3168,14.7494582324033,0,1e-05
3169,15.0056190225889,0,1e-05
3170,14.7464588093467,0,1e-05
3171,15.0027253113522,0,1e-05
3172,14.7434608473391,0,1e-05
3173,14.9998330579373,0,1e-05
3174,14.7404643448799,0,1e-05
3175,14.9969422608817,0,1e-05
3176,14.7374693004626,0,1e-05
3177,14.9940529185584,0,1e-05
3178,14.734475712467,0,1e-05
3179,14.9911650292623,0,1e-05
3180,14.7314835792923,0,1e-05
3181,14.9882785913996,0,1e-05
3182,14.7284928994184,0,1e-05
3183,14.985393603367,0,1e-05
3184,14.7255036712703,0,1e-05
3185,14.9825100635672,0,1e-05
3186,14.7225158932529,0,1e-05
3187,14.9796279703349,0,1e-05
3188,14.719529563819,0,1e-05
3189,14.9767473221057,0,1e-05
3190,14.7165446814341,0,1e-05
3191,14.9738681172441,0,1e-05
3192,14.7135612444918,0,1e-05
3193,14.9709903541053,0,1e-05
3194,14.710579251473,0,1e-05
3195,14.9681140311791,0,1e-05
3196,14.7075987008098,0,1e-05
3197,14.9652391468113,0,1e-05
3198,14.7046195910669,0,1e-05
3199,14.9623656994968,0,1e-05
3200,14.7016419205881,0,1e-05
3201,14.9594936875376,0,1e-05
3202,14.6986656878095,0,1e-05
3203,14.9566231093137,0,1e-05
3204,14.6956908912685,0,1e-05
3205,14.9537539633667,0,1e-05
3206,14.6927175293589,0,1e-05
3207,14.9508862480011,0,1e-05
3208,14.6897456005551,0,1e-05
3209,14.9480199615591,0,1e-05
3210,14.6867751032359,0,1e-05
3211,14.9451551025112,0,1e-05
3212,14.683806035937,0,1e-05
3213,14.9422916693302,0,1e-05
3214,14.6808383971579,0,1e-05
3215,14.9394296603876,0,1e-05
3216,14.6778721853488,0,1e-05
3217,14.9365690741164,0,1e-05
3218,14.6749073989309,0,1e-05
3219,14.9337099089325,0,1e-05
3220,14.6719440364054,0,1e-05
3221,14.9308521632256,0,1e-05
3222,14.6689820962997,0,1e-05
3223,14.9279958355466,0,1e-05
3224,14.6660215769844,0,1e-05
3225,14.9251409241524,0,1e-05
3226,14.6630624769317,0,1e-05
3227,14.9222874275014,0,1e-05
3228,14.6601047946137,0,1e-05
3229,14.9194353440501,0,1e-05
3230,14.6571485285879,0,1e-05
3231,14.9165846722503,0,1e-05
3232,14.6541936772924,0,1e-05
3233,14.9137354105286,0,1e-05
3234,14.6512402391739,0,1e-05
3235,14.91088755729,0,1e-05
3236,14.6482882127806,0,1e-05
3237,14.9080411109755,0,1e-05
3238,14.6453375965047,0,1e-05
3239,14.9051960700306,0,1e-05
3240,14.6423883889213,0,1e-05
3241,14.9023524329158,0,1e-05
3242,14.6394405884427,0,1e-05
3243,14.8995101980055,0,1e-05
3244,14.636494193605,0,1e-05
3245,14.8966693638305,0,1e-05
3246,14.6335492028695,0,1e-05
3247,14.8938299287347,0,1e-05
3248,14.6306056146997,0,1e-05
3249,14.8909918912381,0,1e-05
3250,14.6276634277093,0,1e-05
3251,14.8881552498257,0,1e-05
3252,14.6247226403244,0,1e-05
3253,14.8853200028871,0,1e-05
3254,14.6217832510522,0,1e-05
3255,14.8824861489122,0,1e-05
3256,14.6188452584171,0,1e-05
3257,14.8796536863478,0,1e-05
3258,14.615908660895,0,1e-05
3259,14.8768226136575,0,1e-05
3260,14.6129734568826,0,1e-05
3261,14.8739929291944,0,1e-05
3262,14.6100396450737,0,1e-05
3263,14.8711646315787,0,1e-05
3264,14.607107223812,0,1e-05
3265,14.8683377191324,0,1e-05
3266,14.6041761916103,0,1e-05
3267,14.8655121903118,0,1e-05
3268,14.6012465469979,0,1e-05
3269,14.8626880436079,0,1e-05
3270,14.5983182885263,0,1e-05
3271,14.8598652775827,0,1e-05
3272,14.5953914147213,0,1e-05
3273,14.8570438906414,0,1e-05
3274,14.5924659240587,0,1e-05
3275,14.8542238812339,0,1e-05
3276,14.589541815001,0,1e-05
3277,14.8514052477663,0,1e-05
3278,14.5866190860722,0,1e-05
3279,14.8485879888041,0,1e-05
3280,14.5836977359074,0,1e-05
3281,14.8457721028854,0,1e-05
3282,14.580777762952,0,1e-05
3283,14.8429575884214,0,1e-05
3284,14.577859165739,0,1e-05
3285,14.8401444438721,0,1e-05
3286,14.5749419427744,0,1e-05
3287,14.8373326677121,0,1e-05
3288,14.572026092563,0,1e-05
3289,14.8345222584056,0,1e-05
3290,14.5691116137166,0,1e-05
3291,14.8317132145292,0,1e-05
3292,14.5661985047327,0,1e-05
3293,14.8289055345288,0,1e-05
3294,14.5632867640611,0,1e-05
3295,14.8260992168346,0,1e-05
3296,14.5603763902962,0,1e-05
3297,14.8232942599755,0,1e-05
3298,14.5574673819947,0,1e-05
3299,14.8204906625381,0,1e-05
3300,14.5545597376764,0,1e-05
3301,14.81768842287,0,1e-05
3302,14.5516534558568,0,1e-05
3303,14.8148875395016,0,1e-05
3304,14.5487485350442,0,1e-05
3305,14.8120880109543,0,1e-05
3306,14.5458449738155,0,1e-05
3307,14.8092898357135,0,1e-05
3308,14.5429427706852,0,1e-05
3309,14.806493012266,0,1e-05
3310,14.540041924245,0,1e-05
3311,14.8036975391773,0,1e-05
3312,14.5371424330418,0,1e-05
3313,14.8009034149214,0,1e-05
3314,14.5342442955504,0,1e-05
3315,14.798110637931,0,1e-05
3316,14.5313475103035,0,1e-05
3317,14.7953192067425,0,1e-05
3318,14.5284520759053,0,1e-05
3319,14.7925291198945,0,1e-05
3320,14.525557990961,0,1e-05
3321,14.7897403760096,0,1e-05
3322,14.5226652539889,0,1e-05
3323,14.7869529734559,0,1e-05
3324,14.5197738635419,0,1e-05
3325,14.7841669108086,0,1e-05
3326,14.5168838181384,0,1e-05
3327,14.7813821865256,0,1e-05
3328,14.5139951163033,0,1e-05
3329,14.7785987991444,0,1e-05
3330,14.5111077566497,0,1e-05
3331,14.7758167471862,0,1e-05
3332,14.5082217377632,0,1e-05
3333,14.7730360292102,0,1e-05
3334,14.5053370581843,0,1e-05
3335,14.7702566437193,0,1e-05
3336,14.5024537164528,0,1e-05
3337,14.767478589209,0,1e-05
3338,14.499571711184,0,1e-05
3339,14.7647018643321,0,1e-05
3340,14.4966910410103,0,1e-05
3341,14.7619264675511,0,1e-05
3342,14.4938117043623,0,1e-05
3343,14.7591523972865,0,1e-05
3344,14.4909336998445,0,1e-05
3345,14.7563796521825,0,1e-05
3346,14.488057026008,0,1e-05
3347,14.7536082307273,0,1e-05
3348,14.4851816814698,0,1e-05
3349,14.7508381314451,0,1e-05
3350,14.4823076647667,0,1e-05
3351,14.7480693528866,0,1e-05
3352,14.4794349745051,0,1e-05
3353,14.7453018936145,0,1e-05
3354,14.4765636092586,0,1e-05
3355,14.7425357521686,0,1e-05
3356,14.4736935675804,0,1e-05
3357,14.7397709270127,0,1e-05
3358,14.4708248480257,0,1e-05
3359,14.7370074167535,0,1e-05
3360,14.4679574492339,0,1e-05
3361,14.7342452199421,0,1e-05
3362,14.4650913698448,0,1e-05
3363,14.7314843352245,0,1e-05
3364,14.4622266084113,0,1e-05
3365,14.7287247610176,0,1e-05
3366,14.4593631634799,0,1e-05
3367,14.7259664958793,0,1e-05
3368,14.4565010336527,0,1e-05
3369,14.7232095384257,0,1e-05
3370,14.4536402175726,0,1e-05
3371,14.7204538871976,0,1e-05
3372,14.4507807137119,0,1e-05
3373,14.7176995407049,0,1e-05
3374,14.4479225207962,0,1e-05
3375,14.7149464975557,0,1e-05
3376,14.4450656373455,0,1e-05
3377,14.7121947562764,0,1e-05
3378,14.4422100620289,0,1e-05
3379,14.7094443154789,0,1e-05
3380,14.4393557933752,0,1e-05
3381,14.7066951736692,0,1e-05
3382,14.4365028300506,0,1e-05
3383,14.7039473295035,0,1e-05
3384,14.4336511706459,0,1e-05
3385,14.7012007814755,0,1e-05
3386,14.4308008136952,0,1e-05
3387,14.6984555281701,0,1e-05
3388,14.4279517578829,0,1e-05
3389,14.6957115681867,0,1e-05
3390,14.4251040017466,0,1e-05
3391,14.6929689000536,0,1e-05
3392,14.4222575439757,0,1e-05
3393,14.6902275223789,0,1e-05
3394,14.4194123831613,0,1e-05
3395,14.6874874337176,0,1e-05
3396,14.4165685178636,0,1e-05
3397,14.6847486326313,0,1e-05
3398,14.4137259467395,0,1e-05
3399,14.6820111177376,0,1e-05
3400,14.4108846683961,0,1e-05
3401,14.6792748875633,0,1e-05
3402,14.4080446814459,0,1e-05
3403,14.6765399407192,0,1e-05
3404,14.4052059844993,0,1e-05
3405,14.6738062758506,0,1e-05
3406,14.4023685762212,0,1e-05
3407,14.6710738914906,0,1e-05
3408,14.3995324551781,0,1e-05
3409,14.6683427862195,0,1e-05
3410,14.3966976200692,0,1e-05
3411,14.6656129586713,0,1e-05
3412,14.3938640694432,0,1e-05
3413,14.6628844073708,0,1e-05
3414,14.3910318019581,0,1e-05
3415,14.6601571309547,0,1e-05
3416,14.3882008162904,0,1e-05
3417,14.6574311280604,0,1e-05
3418,14.3853711110157,0,1e-05
3419,14.6547063972094,0,1e-05
3420,14.3825426847592,0,1e-05
3421,14.6519829370386,0,1e-05
3422,14.3797155361778,0,1e-05
3423,14.6492607461359,0,1e-05
3424,14.3768896638894,0,1e-05
3425,14.6465398231596,0,1e-05
3426,14.3740650665754,0,1e-05
3427,14.6438201666509,0,1e-05
3428,14.3712417428653,0,1e-05
3429,14.6411017752491,0,1e-05
3430,14.3684196913527,0,1e-05
3431,14.6383846475112,0,1e-05
3432,14.3655989106891,0,1e-05
3433,14.6356687820802,0,1e-05
3434,14.3627793995406,0,1e-05
3435,14.6329541775707,0,1e-05
3436,14.3599611564969,0,1e-05
3437,14.6302408325393,0,1e-05
3438,14.3571441803024,0,1e-05
3439,14.6275287457065,0,1e-05
3440,14.3543284695537,0,1e-05
3441,14.6248179156144,0,1e-05
3442,14.3515140229387,0,1e-05
3443,14.6221083409577,0,1e-05
3444,14.3487008390578,0,1e-05
3445,14.6194000202963,0,1e-05
3446,14.3458889165945,0,1e-05
3447,14.616692952261,0,1e-05
3448,14.3430782541958,0,1e-05
3449,14.6139871354743,0,1e-05
3450,14.3402688505835,0,1e-05
3451,14.6112825686832,0,1e-05
3452,14.337460704416,0,1e-05
3453,14.6085792503516,0,1e-05
3454,14.3346538142263,0,1e-05
3455,14.6058771790945,0,1e-05
3456,14.331848178701,0,1e-05
3457,14.6031763536035,0,1e-05
3458,14.3290437965795,0,1e-05
3459,14.6004767725386,0,1e-05
3460,14.3262406664549,0,1e-05
3461,14.5977784344558,0,1e-05
3462,14.3234387870644,0,1e-05
3463,14.5950813380545,0,1e-05
3464,14.32063815703,0,1e-05
3465,14.5923854819638,0,1e-05
3466,14.3178387750252,0,1e-05
3467,14.5896908648146,0,1e-05
3468,14.3150406397652,0,1e-05
3469,14.5869974853149,0,1e-05
3470,14.3122437499091,0,1e-05
3471,14.5843053420341,0,1e-05
3472,14.3094481041094,0,1e-05
3473,14.5816144335991,0,1e-05
3474,14.3066537010394,0,1e-05
3475,14.5789247587094,0,1e-05
3476,14.3038605393654,0,1e-05
3477,14.5762363159705,0,1e-05
3478,14.3010686178015,0,1e-05
3479,14.5735491040534,0,1e-05
3480,14.2982779350023,0,1e-05
3481,14.570863121606,0,1e-05
3482,14.2954884896779,0,1e-05
3483,14.568178367298,0,1e-05
3484,14.2927002804498,0,1e-05
3485,14.5654948397163,0,1e-05
3486,14.2899133060839,0,1e-05
3487,14.5628125376581,0,1e-05
3488,14.2871275652544,0,1e-05
3489,14.5601314596882,0,1e-05
3490,14.2843430566247,0,1e-05
3491,14.5574516044374,0,1e-05
3492,14.2815597789272,0,1e-05
3493,14.5547729706494,0,1e-05
3494,14.2787777308076,0,1e-05
3495,14.5520955569033,0,1e-05
3496,14.2759969109291,0,1e-05
3497,14.5494193618657,0,1e-05
3498,14.2732173180559,0,1e-05
3499,14.5467443842433,0,1e-05
3500,14.2704389508581,0,1e-05
3501,14.5440706227163,0,1e-05
3502,14.2676618079882,0,1e-05
3503,14.5413980758891,0,1e-05
3504,14.2648858881658,0,1e-05
3505,14.5387267424621,0,1e-05
3506,14.2621111901466,0,1e-05
3507,14.5360566211754,0,1e-05
3508,14.2593377126566,0,1e-05
3509,14.5333877106829,0,1e-05
3510,14.2565654543682,0,1e-05
3511,14.5307200096116,0,1e-05
3512,14.253794413947,0,1e-05
3513,14.5280535166453,0,1e-05
3514,14.2510245901097,0,1e-05
3515,14.5253882304844,0,1e-05
3516,14.2482559815574,0,1e-05
3517,14.5227241498275,0,1e-05
3518,14.24548858709,0,1e-05
3519,14.5200612733504,0,1e-05
3520,14.2427224053457,0,1e-05
3521,14.5173995997374,0,1e-05
3522,14.239957435016,0,1e-05
3523,14.51473912761,0,1e-05
3524,14.2371936748501,0,1e-05
3525,14.5120798557173,0,1e-05
3526,14.2344311235503,0,1e-05
3527,14.5094217827469,0,1e-05
3528,14.231669779829,0,1e-05
3529,14.5067649073904,0,1e-05
3530,14.2289096424524,0,1e-05
3531,14.5041092283374,0,1e-05
3532,14.2261507101451,0,1e-05
3533,14.501454744292,0,1e-05
3534,14.2233929816092,0,1e-05
3535,14.4988014539665,0,1e-05
3536,14.22063645563,0,1e-05
3537,14.4961493560694,0,1e-05
3538,14.2178811309118,0,1e-05
3539,14.4934984493093,0,1e-05
3540,14.2151270061033,0,1e-05
3541,14.4908487322866,0,1e-05
3542,14.2123740799778,0,1e-05
3543,14.488200203784,0,1e-05
3544,14.209622351265,0,1e-05
3545,14.485552862481,0,1e-05
3546,14.2068718187052,0,1e-05
3547,14.4829067070704,0,1e-05
3548,14.2041224810412,0,1e-05
3549,14.4802617363344,0,1e-05
3550,14.2013743370282,0,1e-05
3551,14.4776179489235,0,1e-05
3552,14.1986273853776,0,1e-05
3553,14.4749753436025,0,1e-05
3554,14.195881624816,0,1e-05
3555,14.4723339189999,0,1e-05
3556,14.1931370540369,0,1e-05
3557,14.469693673804,0,1e-05
3558,14.1903936718494,0,1e-05
3559,14.4670546068144,0,1e-05
3560,14.1876514769411,0,1e-05
3561,14.4644167166923,0,1e-05
3562,14.1849104680679,0,1e-05
3563,14.4617800021728,0,1e-05
3564,14.1821706439889,0,1e-05
3565,14.4591444620225,0,1e-05
3566,14.1794320035656,0,1e-05
3567,14.4565100949899,0,1e-05
3568,14.1766945454888,0,1e-05
3569,14.4538768997924,0,1e-05
3570,14.1739582684194,0,1e-05
3571,14.451244875049,0,1e-05
3572,14.17122317121,0,1e-05
3573,14.4486140196342,0,1e-05
3574,14.1684892526021,0,1e-05
3575,14.4459843321978,0,1e-05
3576,14.1657565112968,0,1e-05
3577,14.4433558114661,0,1e-05
3578,14.1630249460952,0,1e-05
3579,14.4407284562071,0,1e-05
3580,14.1602945557873,0,1e-05
3581,14.4381022651512,0,1e-05
3582,14.1575653391295,0,1e-05
3583,14.4354772370521,0,1e-05
3584,14.1548372948353,0,1e-05
3585,14.4328533705539,0,1e-05
3586,14.1521104216516,0,1e-05
3587,14.4302306644505,0,1e-05
3588,14.1493847183394,0,1e-05
3589,14.4276091174934,0,1e-05
3590,14.146660183749,0,1e-05
3591,14.4249887284306,0,1e-05
3592,14.1439368166581,0,1e-05
3593,14.4223694960182,0,1e-05
3594,14.1412146157032,0,1e-05
3595,14.4197514189517,0,1e-05
3596,14.138493579798,0,1e-05
3597,14.4171344960642,0,1e-05
3598,14.1357737076141,0,1e-05
3599,14.4145187259946,0,1e-05
3600,14.1330549979669,0,1e-05
3601,14.4119041075448,0,1e-05
3602,14.1303374496298,0,1e-05
3603,14.4092906394844,0,1e-05
3604,14.1276210614226,0,1e-05
3605,14.4066783205809,0,1e-05
3606,14.1249058320762,0,1e-05
3607,14.4040671495337,0,1e-05
3608,14.1221917603931,0,1e-05
3609,14.4014571251458,0,1e-05
3610,14.1194788451512,0,1e-05
3611,14.3988482461865,0,1e-05
3612,14.1167670851456,0,1e-05
3613,14.3962405114108,0,1e-05
3614,14.1140564791786,0,1e-05
3615,14.3936339195798,0,1e-05
3616,14.1113470259512,0,1e-05
3617,14.3910284694348,0,1e-05
3618,14.1086387243859,0,1e-05
3619,14.3884241597429,0,1e-05
3620,14.105931573105,0,1e-05
3621,14.3858209892422,0,1e-05
3622,14.1032255710134,0,1e-05
3623,14.3832189567471,0,1e-05
3624,14.1005207168843,0,1e-05
3625,14.3806180610089,0,1e-05
3626,14.0978170095325,0,1e-05
3627,14.3780183008502,0,1e-05
3628,14.0951144477398,0,1e-05
3629,14.3754196749941,0,1e-05
3630,14.0924130303287,0,1e-05
3631,14.3728221822476,0,1e-05
3632,14.0897127560659,0,1e-05
3633,14.3702258214133,0,1e-05
3634,14.0870136237935,0,1e-05
3635,14.367630591194,0,1e-05
3636,14.0843156322698,0,1e-05
3637,14.3650364904021,0,1e-05
3638,14.0816187802725,0,1e-05
3639,14.3624435178261,0,1e-05
3640,14.0789230666611,0,1e-05
3641,14.3598516722207,0,1e-05
3642,14.076228490264,0,1e-05
3643,14.3572609524533,0,1e-05
3644,14.0735350498101,0,1e-05
3645,14.3546713572111,0,1e-05
3646,14.0708427441301,0,1e-05
3647,14.3520828852709,0,1e-05
3648,14.0681515720399,0,1e-05
3649,14.3494955355244,0,1e-05
3650,14.0654615324406,0,1e-05
3651,14.3469093067432,0,1e-05
3652,14.0627726240945,0,1e-05
3653,14.3443241977071,0,1e-05
3654,14.0600848458303,0,1e-05
3655,14.3417402072091,0,1e-05
3656,14.0573981964219,0,1e-05
3657,14.3391573339932,0,1e-05
3658,14.0547126746222,0,1e-05
3659,14.3365755768463,0,1e-05
3660,14.0520282793505,0,1e-05
3661,14.3339949346557,0,1e-05
3662,14.0493450094414,0,1e-05
3663,14.3314154062054,0,1e-05
3664,14.0466628637086,0,1e-05
3665,14.3288369902606,0,1e-05
3666,14.0439818408978,0,1e-05
3667,14.3262596856243,0,1e-05
3668,14.0413019398877,0,1e-05
3669,14.3236834911083,0,1e-05
3670,14.0386231595166,0,1e-05
3671,14.3211084055334,0,1e-05
3672,14.0359454986134,0,1e-05
3673,14.31853442771,0,1e-05
3674,14.0332689560057,0,1e-05
3675,14.3159615564471,0,1e-05
3676,14.0305935305418,0,1e-05
3677,14.3133897905526,0,1e-05
3678,14.0279192210416,0,1e-05
3679,14.3108191288752,0,1e-05
3680,14.025246026383,0,1e-05
3681,14.3082495701804,0,1e-05
3682,14.0225739453346,0,1e-05
3683,14.305681113291,0,1e-05
3684,14.0199029767895,0,1e-05
3685,14.3031137570645,0,1e-05
3686,14.017233119558,0,1e-05
3687,14.3005475002831,0,1e-05
3688,14.0145643724729,0,1e-05
3689,14.2979823418004,0,1e-05
3690,14.0118967344579,0,1e-05
3691,14.2954182804298,0,1e-05
3692,14.0092302042458,0,1e-05
3693,14.2928553149641,0,1e-05
3694,14.006564780765,0,1e-05
3695,14.2902934442477,0,1e-05
3696,14.0039004628132,0,1e-05
3697,14.2877326671278,0,1e-05
3698,14.0012372492872,0,1e-05
3699,14.2851729824225,0,1e-05
3700,13.9985751389889,0,1e-05
3701,14.2826143889547,0,1e-05
3702,13.9959141307459,0,1e-05
3703,14.2800568855269,0,1e-05
3704,13.9932542234616,0,1e-05
3705,14.2775004710088,0,1e-05
3706,13.9905954160063,0,1e-05
3707,14.2749451442425,0,1e-05
3708,13.987937707229,0,1e-05
3709,14.2723909040855,0,1e-05
3710,13.9852810960032,0,1e-05
3711,14.2698377493503,0,1e-05
3712,13.9826255810875,0,1e-05
3713,14.2672856788448,0,1e-05
3714,13.9799711614354,0,1e-05
3715,14.2647346914168,0,1e-05
3716,13.9773178358438,0,1e-05
3717,14.2621847859296,0,1e-05
3718,13.9746656032509,0,1e-05
3719,14.2596359612361,0,1e-05
3720,13.9720144624738,0,1e-05
3721,14.2570882161625,0,1e-05
3722,13.9693644124056,0,1e-05
3723,14.2545415496032,0,1e-05
3724,13.9667154519506,0,1e-05
3725,14.2519959603886,0,1e-05
3726,13.9640675799549,0,1e-05
3727,14.2494514473772,0,1e-05
3728,13.9614207952512,0,1e-05
3729,14.2469080093836,0,1e-05
3730,13.9587750967263,0,1e-05
3731,14.2443656452883,0,1e-05
3732,13.956130483285,0,1e-05
3733,14.2418243539378,0,1e-05
3734,13.9534869537334,0,1e-05
3735,14.2392841341642,0,1e-05
3736,13.950844507014,0,1e-05
3737,14.2367449848638,0,1e-05
3738,13.9482031419551,0,1e-05
3739,14.2342069048324,0,1e-05
3740,13.9455628574603,0,1e-05
3741,14.2316698930339,0,1e-05
3742,13.9429236524307,0,1e-05
3743,14.2291339482371,0,1e-05
3744,13.9402855256919,0,1e-05
3745,14.226599069374,0,1e-05
3746,13.9376484762265,0,1e-05
3747,14.2240652552895,0,1e-05
3748,13.9350125028307,0,1e-05
3749,14.2215325048327,0,1e-05
3750,13.9323776044484,0,1e-05
3751,14.2190008169027,0,1e-05
3752,13.9297437799045,0,1e-05
3753,14.2164701903022,0,1e-05
3754,13.9271110280897,0,1e-05
3755,14.2139406239509,0,1e-05
3756,13.9244793479928,0,1e-05
3757,14.211412116775,0,1e-05
3758,13.9218487383973,0,1e-05
3759,14.208884667577,0,1e-05
3760,13.9192191983091,0,1e-05
3761,14.2063582752645,0,1e-05
3762,13.9165907265835,0,1e-05
3763,14.2038329387581,0,1e-05
3764,13.9139633220273,0,1e-05
3765,14.2013086567935,0,1e-05
3766,13.9113369836074,0,1e-05
3767,14.1987854284,0,1e-05
3768,13.9087117102677,0,1e-05
3769,14.1962632524462,0,1e-05
3770,13.9060875008923,0,1e-05
3771,14.1937421277502,0,1e-05
3772,13.9034643543325,0,1e-05
3773,14.1912220532264,0,1e-05
3774,13.900842269514,0,1e-05
3775,14.1887030277798,0,1e-05
3776,13.8982212453747,0,1e-05
3777,14.186185050289,0,1e-05
3778,13.8956012807561,0,1e-05
3779,14.1836681195533,0,1e-05
3780,13.8929823745959,0,1e-05
3781,14.1811522345641,0,1e-05
3782,13.8903645257936,0,1e-05
3783,14.1786373942205,0,1e-05
3784,13.8877477333194,0,1e-05
3785,14.1761235973741,0,1e-05
3786,13.8851319960516,0,1e-05
3787,14.1736108429445,0,1e-05
3788,13.8825173129174,0,1e-05
3789,14.1710991298705,0,1e-05
3790,13.8799036828328,0,1e-05
3791,14.1685884569613,0,1e-05
3792,13.8772911046566,0,1e-05
3793,14.1660788231638,0,1e-05
3794,13.8746795772763,0,1e-05
3795,14.1635702273203,0,1e-05
3796,13.8720690997174,0,1e-05
3797,14.1610626684343,0,1e-05
3798,13.8694596709005,0,1e-05
3799,14.1585561453741,0,1e-05
3800,13.8668512896719,0,1e-05
3801,14.1560506570246,0,1e-05
3802,13.864243955033,0,1e-05
3803,14.1535462023149,0,1e-05
3804,13.8616376658656,0,1e-05
3805,14.1510427801366,0,1e-05
3806,13.8590324211082,0,1e-05
3807,14.1485403894138,0,1e-05
3808,13.8564282196941,0,1e-05
3809,14.146039029076,0,1e-05
3810,13.8538250606042,0,1e-05
3811,14.1435386980641,0,1e-05
3812,13.8512229426655,0,1e-05
3813,14.1410393951817,0,1e-05
3814,13.8486218648505,0,1e-05
3815,14.1385411194337,0,1e-05
3816,13.8460218261404,0,1e-05
3817,14.1360438697537,0,1e-05
3818,13.8434228254207,0,1e-05
3819,14.1335476450119,0,1e-05
3820,13.840824861695,0,1e-05
3821,14.1310524441892,0,1e-05
3822,13.8382279338351,0,1e-05
3823,14.1285582661389,0,1e-05
3824,13.8356320407947,0,1e-05
3825,14.1260651097994,0,1e-05
3826,13.8330371814648,0,1e-05
3827,14.1235729740733,0,1e-05
3828,13.8304433548245,0,1e-05
3829,14.1210818579043,0,1e-05
3830,13.8278505598395,0,1e-05
3831,14.1185917602732,0,1e-05
3832,13.8252587954268,0,1e-05
3833,14.1161026800071,0,1e-05
3834,13.8226680605329,0,1e-05
3835,14.1136146161323,0,1e-05
3836,13.8200783541428,0,1e-05
3837,14.1111275675612,0,1e-05
3838,13.8174896751969,0,1e-05
3839,14.1086415332424,0,1e-05
3840,13.8149020226342,0,1e-05
3841,14.1061565120715,0,1e-05
3842,13.8123153954186,0,1e-05
3843,14.1036725030288,0,1e-05
3844,13.8097297925177,0,1e-05
3845,14.101189505043,0,1e-05
3846,13.8071452128747,0,1e-05
3847,14.0987075170307,0,1e-05
3848,13.8045616554323,0,1e-05
3849,14.0962265379113,0,1e-05
3850,13.8019791190725,0,1e-05
3851,14.0937465666159,0,1e-05
3852,13.7993976028412,0,1e-05
3853,14.0912676021287,0,1e-05
3854,13.7968171056849,0,1e-05
3855,14.0887896434191,0,1e-05
3856,13.7942376265826,0,1e-05
3857,14.0863126894052,0,1e-05
3858,13.7916591644939,0,1e-05
3859,14.083836739063,0,1e-05
3860,13.7890817183062,0,1e-05
3861,14.0813617912914,0,1e-05
3862,13.786505287109,0,1e-05
3863,14.0788878450816,0,1e-05
3864,13.7839298698141,0,1e-05
3865,14.0764148993677,0,1e-05
3866,13.7813554653664,0,1e-05
3867,14.0739429531157,0,1e-05
3868,13.7787820727961,0,1e-05
3869,14.0714720052991,0,1e-05
3870,13.7762096910281,0,1e-05
3871,14.069002054841,0,1e-05
3872,13.7736383190156,0,1e-05
3873,14.066533100694,0,1e-05
3874,13.7710679557251,0,1e-05
3875,14.0640651418064,0,1e-05
3876,13.7684986001756,0,1e-05
3877,14.0615981771895,0,1e-05
3878,13.7659302513427,0,1e-05
3879,14.0591322057766,0,1e-05
3880,13.7633629081883,0,1e-05
3881,14.0566672265291,0,1e-05
3882,13.7607965696955,0,1e-05
3883,14.0542032384446,0,1e-05
3884,13.758231234829,0,1e-05
3885,14.0517402404177,0,1e-05
3886,13.7556669026171,0,1e-05
3887,14.0492782314895,0,1e-05
3888,13.7531035719845,0,1e-05
3889,14.0468172106195,0,1e-05
3890,13.7505412419835,0,1e-05
3891,14.0443571767627,0,1e-05
3892,13.747979911564,0,1e-05
3893,14.0418981289054,0,1e-05
3894,13.7454195797257,0,1e-05
3895,14.0394400660426,0,1e-05
3896,13.742860245461,0,1e-05
3897,14.0369829870945,0,1e-05
3898,13.7403019077137,0,1e-05
3899,14.0345268910399,0,1e-05
3900,13.7377445654759,0,1e-05
3901,14.0320717768706,0,1e-05
3902,13.7351882177721,0,1e-05
3903,14.0296176435554,0,1e-05
3904,13.732632863585,0,1e-05
3905,14.0271644901152,0,1e-05
3906,13.7300785018981,0,1e-05
3907,14.0247123154963,0,1e-05
3908,13.7275251317647,0,1e-05
3909,14.0222611187054,0,1e-05
3910,13.7249727521074,0,1e-05
3911,14.0198108986802,0,1e-05
3912,13.7224213619743,0,1e-05
3913,14.0173616544671,0,1e-05
3914,13.7198709603563,0,1e-05
3915,14.0149133850613,0,1e-05
3916,13.7173215462587,0,1e-05
3917,14.0124660894065,0,1e-05
3918,13.714773118675,0,1e-05
3919,14.0100197664942,0,1e-05
3920,13.7122256766214,0,1e-05
3921,14.0075744153038,0,1e-05
3922,13.7096792191066,0,1e-05
3923,14.0051300348904,0,1e-05
3924,13.7071337451108,0,1e-05
3925,14.0026866241998,0,1e-05
3926,13.7045892536877,0,1e-05
3927,14.0002441822826,0,1e-05
3928,13.7020457437766,0,1e-05
3929,13.9978027080374,0,1e-05
3930,13.6995032144674,0,1e-05
3931,13.9953622005882,0,1e-05
3932,13.6969616647611,0,1e-05
3933,13.9929226588554,0,1e-05
3934,13.6944210936757,0,1e-05
3935,13.990484081869,0,1e-05
3936,13.6918815001626,0,1e-05
3937,13.9880464685865,0,1e-05
3938,13.6893428832382,0,1e-05
3939,13.9856098180134,0,1e-05
3940,13.6868052420034,0,1e-05
3941,13.9831741291933,0,1e-05
3942,13.6842685754037,0,1e-05
3943,13.9807394011307,0,1e-05
3944,13.6817328824651,0,1e-05
3945,13.9783056328067,0,1e-05
3946,13.6791981622646,0,1e-05
3947,13.9758728232873,0,1e-05
3948,13.6766644137878,0,1e-05
3949,13.9734409715385,0,1e-05
3950,13.6741316360758,0,1e-05
3951,13.9710100765783,0,1e-05
3952,13.6715998281431,0,1e-05
3953,13.9685801374261,0,1e-05
3954,13.6690689890492,0,1e-05
3955,13.9661511531391,0,1e-05
3956,13.666539117787,0,1e-05
3957,13.9637231226779,0,1e-05
3958,13.6640102133912,0,1e-05
3959,13.9612960450538,0,1e-05
3960,13.6614822748795,0,1e-05
3961,13.9588699193302,0,1e-05
3962,13.6589553013087,0,1e-05
3963,13.9564447444588,0,1e-05
3964,13.6564292916598,0,1e-05
3965,13.9540205195005,0,1e-05
3966,13.6539042449728,0,1e-05
3967,13.9515972434324,0,1e-05
3968,13.6513801603121,0,1e-05
3969,13.9491749153486,0,1e-05
3970,13.6488570367592,0,1e-05
3971,13.9467535342991,0,1e-05
3972,13.6463348733192,0,1e-05
3973,13.9443330992597,0,1e-05
3974,13.643813669007,0,1e-05
3975,13.9419136092419,0,1e-05
3976,13.6412934228884,0,1e-05
3977,13.9394950633175,0,1e-05
3978,13.6387741339495,0,1e-05
3979,13.9370774604517,0,1e-05
3980,13.6362558013214,0,1e-05
3981,13.9346607997518,0,1e-05
3982,13.6337384240162,0,1e-05
3983,13.9322450802379,0,1e-05
3984,13.6312220010703,0,1e-05
3985,13.9298303009164,0,1e-05
3986,13.6287065315685,0,1e-05
3987,13.9274164608668,0,1e-05
3988,13.6261920144908,0,1e-05
3989,13.9250035590607,0,1e-05
3990,13.62367844892,0,1e-05
3991,13.9225915945933,0,1e-05
3992,13.6211658339257,0,1e-05
3993,13.920180566501,0,1e-05
3994,13.6186541685506,0,1e-05
3995,13.9177704738168,0,1e-05
3996,13.6161434518374,0,1e-05
3997,13.9153613155552,0,1e-05
3998,13.6136336828357,0,1e-05
3999,13.9129530907635,0,1e-05
4000,13.6111248606025,0,1e-05
4001,13.9105457985255,0,1e-05
4002,13.6086169842157,0,1e-05
4003,13.9081394378524,0,1e-05
4004,13.6061100527392,0,1e-05
4005,13.905734007809,0,1e-05
4006,13.6036040652307,0,1e-05
4007,13.9033295074791,0,1e-05
4008,13.6010990207478,0,1e-05
4009,13.9009259358882,0,1e-05
4010,13.5985949183355,0,1e-05
4011,13.8985232920931,0,1e-05
4012,13.5960917570953,0,1e-05
4013,13.8961215751365,0,1e-05
4014,13.5935895360648,0,1e-05
4015,13.8937207840513,0,1e-05
4016,13.5910882543216,0,1e-05
4017,13.8913209179508,0,1e-05
4018,13.5885879109347,0,1e-05
4019,13.8889219758619,0,1e-05
4020,13.5860885049995,0,1e-05
4021,13.8865239568352,0,1e-05
4022,13.5835900355162,0,1e-05
4023,13.8841268599131,0,1e-05
4024,13.5810925015606,0,1e-05
4025,13.8817306841678,0,1e-05
4026,13.5785959022405,0,1e-05
4027,13.8793354286547,0,1e-05
4028,13.5761002365966,0,1e-05
4029,13.876941092458,0,1e-05
4030,13.5736055037522,0,1e-05
4031,13.8745476746474,0,1e-05
4032,13.5711117027456,0,1e-05
4033,13.872155174251,0,1e-05
4034,13.5686188326564,0,1e-05
4035,13.8697635903579,0,1e-05
4036,13.5661268925545,0,1e-05
4037,13.8673729220194,0,1e-05
4038,13.5636358815756,0,1e-05
4039,13.8649831683805,0,1e-05
4040,13.5611457987881,0,1e-05
4041,13.8625943284729,0,1e-05
4042,13.5586566432629,0,1e-05
4043,13.8602064013662,0,1e-05
4044,13.5561684141093,0,1e-05
4045,13.8578193861585,0,1e-05
4046,13.553681110345,0,1e-05
4047,13.8554332818545,0,1e-05
4048,13.5511947310894,0,1e-05
4049,13.8530480875569,0,1e-05
4050,13.5487092754493,0,1e-05
4051,13.8506638023837,0,1e-05
4052,13.546224742451,0,1e-05
4053,13.8482804253729,0,1e-05
4054,13.5437411312654,0,1e-05
4055,13.8458979556302,0,1e-05
4056,13.5412584409125,0,1e-05
4057,13.8435163922049,0,1e-05
4058,13.5387766705462,0,1e-05
4059,13.8411357342313,0,1e-05
4060,13.5362958192429,0,1e-05
4061,13.8387559807763,0,1e-05
4062,13.5338158861129,0,1e-05
4063,13.8363771309286,0,1e-05
4064,13.5313368702141,0,1e-05
4065,13.8339991837377,0,1e-05
4066,13.5288587706491,0,1e-05
4067,13.8316221383122,0,1e-05
4068,13.5263815865293,0,1e-05
4069,13.8292459937275,0,1e-05
4070,13.5239053169272,0,1e-05
4071,13.8268707490854,0,1e-05
4072,13.5214299609942,0,1e-05
4073,13.8244964034954,0,1e-05
4074,13.5189555177983,0,1e-05
4075,13.8221229560282,0,1e-05
4076,13.5164819864497,0,1e-05
4077,13.8197504058258,0,1e-05
4078,13.5140093660908,0,1e-05
4079,13.8173787519528,0,1e-05
4080,13.5115376557757,0,1e-05
4081,13.81500799348,0,1e-05
4082,13.5090668545865,0,1e-05
4083,13.8126381295092,0,1e-05
4084,13.5065969617045,0,1e-05
4085,13.8102691591724,0,1e-05
4086,13.5041279761968,0,1e-05
4087,13.8079010815475,0,1e-05
4088,13.5016598971735,0,1e-05
4089,13.8055338957436,0,1e-05
4090,13.4991927237487,0,1e-05
4091,13.8031676008537,0,1e-05
4092,13.4967264550646,0,1e-05
4093,13.800802196029,0,1e-05
4094,13.4942610902202,0,1e-05
4095,13.7984376803048,0,1e-05
4096,13.4917966283,0,1e-05
4097,13.7960740528293,0,1e-05
4098,13.489333068477,0,1e-05
4099,13.7937113127189,0,1e-05
4100,13.4868704098534,0,1e-05
4101,13.7913494590656,0,1e-05
4102,13.484408651522,0,1e-05
4103,13.7889884909661,0,1e-05
4104,13.4819477926018,0,1e-05
4105,13.7866284075456,0,1e-05
4106,13.4794878322563,0,1e-05
4107,13.7842692079392,0,1e-05
4108,13.4770287695789,0,1e-05
4109,13.781910891229,0,1e-05
4110,13.4745706036354,0,1e-05
4111,13.7795534564993,0,1e-05
4112,13.4721133336467,0,1e-05
4113,13.7771969029566,0,1e-05
4114,13.4696569586992,0,1e-05
4115,13.7748412296841,0,1e-05
4116,13.4672014779184,0,1e-05
4117,13.7724864357522,0,1e-05
4118,13.4647468904407,0,1e-05
4119,13.7701325203279,0,1e-05
4120,13.4622931954207,0,1e-05
4121,13.7677794825855,0,1e-05
4122,13.4598403919634,0,1e-05
4123,13.7654273215593,0,1e-05
4124,13.4573884791937,0,1e-05
4125,13.763076036386,0,1e-05
4126,13.4549374562513,0,1e-05
4127,13.7607256261888,0,1e-05
4128,13.4524873222676,0,1e-05
4129,13.7583760901175,0,1e-05
4130,13.4500380763231,0,1e-05
4131,13.7560274272542,0,1e-05
4132,13.4475897176383,0,1e-05
4133,13.7536796367973,0,1e-05
4134,13.4451422453256,0,1e-05
4135,13.7513327178399,0,1e-05
4136,13.4426956585075,0,1e-05
4137,13.7489866694831,0,1e-05
4138,13.4402499562933,0,1e-05
4139,13.746641490893,0,1e-05
4140,13.4378051379067,0,1e-05
4141,13.744297181222,0,1e-05
4142,13.4353612024484,0,1e-05
4143,13.7419537395819,0,1e-05
4144,13.4329181490611,0,1e-05
4145,13.7396111651085,0,1e-05
4146,13.4304759769243,0,1e-05
4147,13.7372694569714,0,1e-05
4148,13.428034685148,0,1e-05
4149,13.7349286142671,0,1e-05
4150,13.4255942728638,0,1e-05
4151,13.7325886361229,0,1e-05
4152,13.4231547392313,0,1e-05
4153,13.7302495216912,0,1e-05
4154,13.4207160834153,0,1e-05
4155,13.7279112701565,0,1e-05
4156,13.4182783045769,0,1e-05
4157,13.7255738806443,0,1e-05
4158,13.4158414018479,0,1e-05
4159,13.7232373522648,0,1e-05
4160,13.4134053743982,0,1e-05
4161,13.7209016841806,0,1e-05
4162,13.4109702213466,0,1e-05
4163,13.7185668755533,0,1e-05
4164,13.4085359418666,0,1e-05
4165,13.7162329255185,0,1e-05
4166,13.4061025351164,0,1e-05
4167,13.7138998332188,0,1e-05
4168,13.4036700002818,0,1e-05
4169,13.711567597829,0,1e-05
4170,13.4012383365047,0,1e-05
4171,13.7092362184956,0,1e-05
4172,13.3988075429385,0,1e-05
4173,13.7069056943882,0,1e-05
4174,13.3963776187612,0,1e-05
4175,13.7045760246161,0,1e-05
4176,13.3939485630966,0,1e-05
4177,13.7022472083493,0,1e-05
4178,13.3915203751424,0,1e-05
4179,13.699919244784,0,1e-05
4180,13.3890930540328,0,1e-05
4181,13.6975921329923,0,1e-05
4182,13.3866665989464,0,1e-05
4183,13.6952658721707,0,1e-05
4184,13.3842410090856,0,1e-05
4185,13.6929404615212,0,1e-05
4186,13.3818162835472,0,1e-05
4187,13.6906159001474,0,1e-05
4188,13.3793924215447,0,1e-05
4189,13.6882921872428,0,1e-05
4190,13.3769694222419,0,1e-05
4191,13.6859693219863,0,1e-05
4192,13.3745472848198,0,1e-05
4193,13.6836473035292,0,1e-05
4194,13.3721260084456,0,1e-05
4195,13.6813261310034,0,1e-05
4196,13.3697055922938,0,1e-05
4197,13.6790058036294,0,1e-05
4198,13.3672860355443,0,1e-05
4199,13.6766863205375,0,1e-05
4200,13.3648673373432,0,1e-05
4201,13.6743676808912,0,1e-05
4202,13.362449496893,0,1e-05
4203,13.6720498838907,0,1e-05
4204,13.3600325133678,0,1e-05
4205,13.6697329286719,0,1e-05
4206,13.3576163859271,0,1e-05
4207,13.6674168144011,0,1e-05
4208,13.355201113757,0,1e-05
4209,13.6651015403192,0,1e-05
4210,13.3527866960559,0,1e-05
4211,13.6627871055563,0,1e-05
4212,13.3503731320194,0,1e-05
4213,13.6604735093006,0,1e-05
4214,13.3479604208064,0,1e-05
4215,13.6581607507194,0,1e-05
4216,13.3455485616427,0,1e-05
4217,13.6558488290197,0,1e-05
4218,13.3431375536522,0,1e-05
4219,13.6535377433474,0,1e-05
4220,13.3407273960619,0,1e-05
4221,13.6512274928822,0,1e-05
4222,13.3383180880684,0,1e-05
4223,13.6489180768205,0,1e-05
4224,13.3359096287807,0,1e-05
4225,13.6466094942832,0,1e-05
4226,13.3335020174566,0,1e-05
4227,13.6443017445518,0,1e-05
4228,13.3310952532996,0,1e-05
4229,13.6419948267628,0,1e-05
4230,13.3286893354613,0,1e-05
4231,13.639688740094,0,1e-05
4232,13.3262842631544,0,1e-05
4233,13.6373834837387,0,1e-05
4234,13.3238800355896,0,1e-05
4235,13.6350790569178,0,1e-05
4236,13.321476651934,0,1e-05
4237,13.6327754587807,0,1e-05
4238,13.3190741114154,0,1e-05
4239,13.630472688548,0,1e-05
4240,13.3166724132094,0,1e-05
4241,13.6281707454078,0,1e-05
4242,13.3142715565118,0,1e-05
4243,13.6258696285205,0,1e-05
4244,13.3118715405363,0,1e-05
4245,13.6235693371071,0,1e-05
4246,13.3094723644877,0,1e-05
4247,13.6212698703826,0,1e-05
4248,13.3070740275257,0,1e-05
4249,13.6189712274925,0,1e-05
4250,13.3046765289024,0,1e-05
4251,13.6166734076582,0,1e-05
4252,13.3022798677984,0,1e-05
4253,13.614376410087,0,1e-05
4254,13.2998840434611,0,1e-05
4255,13.6120802339747,0,1e-05
4256,13.2974890550291,0,1e-05
4257,13.6097848784969,0,1e-05
4258,13.2950949017224,0,1e-05
4259,13.6074903428647,0,1e-05
4260,13.292701582766,0,1e-05
4261,13.6051966262988,0,1e-05
4262,13.2903090973665,0,1e-05
4263,13.6029037279783,0,1e-05
4264,13.2879174447746,0,1e-05
4265,13.6006116471549,0,1e-05
4266,13.2855266241724,0,1e-05
4267,13.5983203830066,0,1e-05
4268,13.2831366347356,0,1e-05
4269,13.5960299347098,0,1e-05
4270,13.2807474757332,0,1e-05
4271,13.5937403015303,0,1e-05
4272,13.2783591463572,0,1e-05
4273,13.5914514826448,0,1e-05
4274,13.2759716458282,0,1e-05
4275,13.5891634772722,0,1e-05
4276,13.2735849733643,0,1e-05
4277,13.5868762846438,0,1e-05
4278,13.2711991282092,0,1e-05
4279,13.5845899039447,0,1e-05
4280,13.2688141095094,0,1e-05
4281,13.5823043343867,0,1e-05
4282,13.2664299165501,0,1e-05
4283,13.5800195752053,0,1e-05
4284,13.2640465485518,0,1e-05
4285,13.5777356256306,0,1e-05
4286,13.2616640046692,0,1e-05
4287,13.5754524848013,0,1e-05
4288,13.2592822841836,0,1e-05
4289,13.5731701520417,0,1e-05
4290,13.2569013863427,0,1e-05
4291,13.5708886265056,0,1e-05
4292,13.2545213103334,0,1e-05
4293,13.5686079074254,0,1e-05
4294,13.2521420554025,0,1e-05
4295,13.5663279940281,0,1e-05
4296,13.2497636207631,0,1e-05
4297,13.5640488855197,0,1e-05
4298,13.2473860056379,0,1e-05
4299,13.5617705811621,0,1e-05
4300,13.2450092092967,0,1e-05
4301,13.5594930801707,0,1e-05
4302,13.2426332309444,0,1e-05
4303,13.5572163817614,0,1e-05
4304,13.2402580698283,0,1e-05
4305,13.5549404851713,0,1e-05
4306,13.2378837251233,0,1e-05
4307,13.5526653895529,0,1e-05
4308,13.2355101960889,0,1e-05
4309,13.5503910942195,0,1e-05
4310,13.2331374819699,0,1e-05
4311,13.5481175983606,0,1e-05
4312,13.2307655820122,0,1e-05
4313,13.5458449012277,0,1e-05
4314,13.2283944954196,0,1e-05
4315,13.5435730020364,0,1e-05
4316,13.2260242214777,0,1e-05
4317,13.5413019000746,0,1e-05
4318,13.2236547594386,0,1e-05
4319,13.5390315945617,0,1e-05
4320,13.2212861085189,0,1e-05
4321,13.5367620846827,0,1e-05
4322,13.2189182679493,0,1e-05
4323,13.5344933696901,0,1e-05
4324,13.2165512369588,0,1e-05
4325,13.5322254488327,0,1e-05
4326,13.2141850148159,0,1e-05
4327,13.5299583213577,0,1e-05
4328,13.2118196007445,0,1e-05
4329,13.5276919864699,0,1e-05
4330,13.2094549939871,0,1e-05
4331,13.5254264434306,0,1e-05
4332,13.2070911938248,0,1e-05
4333,13.5231616914902,0,1e-05
4334,13.2047281994742,0,1e-05
4335,13.5208977298852,0,1e-05
4336,13.2023660102085,0,1e-05
4337,13.5186345578704,0,1e-05
4338,13.2000046252488,0,1e-05
4339,13.5163721746851,0,1e-05
4340,13.1976440438694,0,1e-05
4341,13.5141105795651,0,1e-05
4342,13.1952842652923,0,1e-05
4343,13.5118497717518,0,1e-05
4344,13.1929252888255,0,1e-05
4345,13.5095897505326,0,1e-05
4346,13.190567113681,0,1e-05
4347,13.5073305151256,0,1e-05
4348,13.188209739125,0,1e-05
4349,13.5050720647983,0,1e-05
4350,13.1858531644065,0,1e-05
4351,13.5028143987948,0,1e-05
4352,13.1834973888009,0,1e-05
4353,13.5005575163633,0,1e-05
4354,13.1811424115613,0,1e-05
4355,13.4983014167651,0,1e-05
4356,13.1787882319651,0,1e-05
4357,13.4960460992756,0,1e-05
4358,13.1764348492354,0,1e-05
4359,13.4937915631122,0,1e-05
4360,13.1740822626505,0,1e-05
4361,13.4915378075577,0,1e-05
4362,13.1717304714582,0,1e-05
4363,13.4892848318508,0,1e-05
4364,13.1693794749415,0,1e-05
4365,13.4870326352544,0,1e-05
4366,13.1670292723489,0,1e-05
4367,13.4847812170374,0,1e-05
4368,13.1646798629498,0,1e-05
4369,13.4825305764431,0,1e-05
4370,13.1623312460027,0,1e-05
4371,13.4802807127308,0,1e-05
4372,13.1599834207529,0,1e-05
4373,13.4780316251502,0,1e-05
4374,13.1576363864923,0,1e-05
4375,13.4757833129827,0,1e-05
4376,13.1552901425025,0,1e-05
4377,13.4735357755018,0,1e-05
4378,13.1529446880432,0,1e-05
4379,13.4712890119949,0,1e-05
4380,13.1506000224066,0,1e-05
4381,13.4690430217121,0,1e-05
4382,13.1482561448372,0,1e-05
4383,13.4667978038924,0,1e-05
4384,13.145913054614,0,1e-05
4385,13.4645533578219,0,1e-05
4386,13.1435707509905,0,1e-05
4387,13.462309682771,0,1e-05
4388,13.1412292332718,0,1e-05
4389,13.4600667780171,0,1e-05
4390,13.1388885007443,0,1e-05
4391,13.4578246428409,0,1e-05
4392,13.1365485526646,0,1e-05
4393,13.4555832765358,0,1e-05
4394,13.1342093883198,0,1e-05
4395,13.453342678342,0,1e-05
4396,13.131871007003,0,1e-05
4397,13.4511028475578,0,1e-05
4398,13.1295334080126,0,1e-05
4399,13.4488637834538,0,1e-05
4400,13.1271965905449,0,1e-05
4401,13.4466254852529,0,1e-05
4402,13.1248605539402,0,1e-05
4403,13.4443879523087,0,1e-05
4404,13.1225252974839,0,1e-05
4405,13.4421511838679,0,1e-05
4406,13.1201908204536,0,1e-05
4407,13.4399151791919,0,1e-05
4408,13.1178571221062,0,1e-05
4409,13.4376799375748,0,1e-05
4410,13.1155242017569,0,1e-05
4411,13.4354454583163,0,1e-05
4412,13.113192058691,0,1e-05
4413,13.433211740696,0,1e-05
4414,13.1108606921688,0,1e-05
4415,13.4309787839726,0,1e-05
4416,13.10853010152,0,1e-05
4417,13.4287465874652,0,1e-05
4418,13.106200286017,0,1e-05
4419,13.4265151504293,0,1e-05
4420,13.1038712449156,0,1e-05
4421,13.4242844721508,0,1e-05
4422,13.1015429775422,0,1e-05
4423,13.4220545519457,0,1e-05
4424,13.0992154831984,0,1e-05
4425,13.4198253891157,0,1e-05
4426,13.0968887611749,0,1e-05
4427,13.4175969828992,0,1e-05
4428,13.094562810784,0,1e-05
4429,13.415369332642,0,1e-05
4430,13.0922376312875,0,1e-05
4431,13.4131424376134,0,1e-05
4432,13.089913222019,0,1e-05
4433,13.4109162971217,0,1e-05
4434,13.087589582245,0,1e-05
4435,13.4086909104518,0,1e-05
4436,13.0852667112818,0,1e-05
4437,13.4064662768578,0,1e-05
4438,13.0829446084003,0,1e-05
4439,13.4042423956514,0,1e-05
4440,13.0806232728787,0,1e-05
4441,13.4020192661487,0,1e-05
4442,13.0783027040623,0,1e-05
4443,13.3997968876402,0,1e-05
4444,13.075982901252,0,1e-05
4445,13.3975752594346,0,1e-05
4446,13.0736638637166,0,1e-05
4447,13.3953543808202,0,1e-05
4448,13.0713455907904,0,1e-05
4449,13.3931342510762,0,1e-05
4450,13.0690280817859,0,1e-05
4451,13.3909148695603,0,1e-05
4452,13.0667113360073,0,1e-05
4453,13.3886962355506,0,1e-05
4454,13.0643953527765,0,1e-05
4455,13.3864783483529,0,1e-05
4456,13.0620801313592,0,1e-05
4457,13.3842612072536,0,1e-05
4458,13.0597656710687,0,1e-05
4459,13.3820448115595,0,1e-05
4460,13.0574519712532,0,1e-05
4461,13.3798291606229,0,1e-05
4462,13.0551390312207,0,1e-05
4463,13.3776142537072,0,1e-05
4464,13.0528268502371,0,1e-05
4465,13.3754000901132,0,1e-05
4466,13.0505154276387,0,1e-05
4467,13.3731866691711,0,1e-05
4468,13.0482047627275,0,1e-05
4469,13.3709739901866,0,1e-05
4470,13.0458948548608,0,1e-05
4471,13.3687620524828,0,1e-05
4472,13.0435857033145,0,1e-05
4473,13.3665508553754,0,1e-05
4474,13.0412773074385,0,1e-05
4475,13.364340398156,0,1e-05
4476,13.0389696665137,0,1e-05
4477,13.362130680168,0,1e-05
4478,13.0366627798881,0,1e-05
4479,13.3599217007002,0,1e-05
4480,13.0343566468617,0,1e-05
4481,13.3577134590817,0,1e-05
4482,13.0320512667441,0,1e-05
4483,13.3555059546102,0,1e-05
4484,13.029746638866,0,1e-05
4485,13.353299186624,0,1e-05
4486,13.0274427625982,0,1e-05
4487,13.351093154458,0,1e-05
4488,13.0251396372189,0,1e-05
4489,13.3488878574088,0,1e-05
4490,13.0228372620405,0,1e-05
4491,13.3466832948137,0,1e-05
4492,13.0205356364247,0,1e-05
4493,13.3444794660032,0,1e-05
4494,13.0182347596875,0,1e-05
4495,13.3422763702768,0,1e-05
4496,13.0159346311593,0,1e-05
4497,13.3400740069802,0,1e-05
4498,13.0136352501322,0,1e-05
4499,13.3378723754024,0,1e-05
4500,13.0113366159572,0,1e-05
4501,13.3356714748635,0,1e-05
4502,13.0090387279424,0,1e-05
4503,13.3334713047227,0,1e-05
4504,13.0067415854553,0,1e-05
4505,13.3312718643248,0,1e-05
4506,13.0044451878127,0,1e-05
4507,13.3290731529625,0,1e-05
4508,13.002149534342,0,1e-05
4509,13.3268751699736,0,1e-05
4510,12.9998546243877,0,1e-05
4511,13.324677914716,0,1e-05
4512,12.9975604572626,0,1e-05
4513,13.3224813864784,0,1e-05
4514,12.9952670323236,0,1e-05
4515,13.3202855846078,0,1e-05
4516,12.9929743488967,0,1e-05
4517,13.3180905084611,0,1e-05
4518,12.9906824063432,0,1e-05
4519,13.315896157356,0,1e-05
4520,12.9883912039711,0,1e-05
4521,13.3137025306391,0,1e-05
4522,12.9861007411493,0,1e-05
4523,13.3115096276343,0,1e-05
4524,12.9838110171836,0,1e-05
4525,13.3093174476698,0,1e-05
4526,12.981522031423,0,1e-05
4527,13.3071259900967,0,1e-05
4528,12.9792337832012,0,1e-05
4529,13.3049352542365,0,1e-05
4530,12.976946271869,0,1e-05
4531,13.3027452394368,0,1e-05
4532,12.9746594967801,0,1e-05
4533,13.3005559450633,0,1e-05
4534,12.9723734572875,0,1e-05
4535,13.2983673704471,0,1e-05
4536,12.9700881526899,0,1e-05
4537,13.2961795149038,0,1e-05
4538,12.9678035823915,0,1e-05
4539,13.2939923778217,0,1e-05
4540,12.9655197457056,0,1e-05
4541,13.2918059585164,0,1e-05
4542,12.9632366419837,0,1e-05
4543,13.2896202563127,0,1e-05
4544,12.960954270554,0,1e-05
4545,13.2874352705885,0,1e-05
4546,12.9586726308036,0,1e-05
4547,13.2852510006816,0,1e-05
4548,12.9563917220533,0,1e-05
4549,13.2830674459491,0,1e-05
4550,12.9541115436972,0,1e-05
4551,13.2808846057598,0,1e-05
4552,12.9518320950524,0,1e-05
4553,13.2787024794048,0,1e-05
4554,12.9495533754657,0,1e-05
4555,13.2765210662841,0,1e-05
4556,12.9472753842903,0,1e-05
4557,13.2743403657112,0,1e-05
4558,12.9449981209222,0,1e-05
4559,13.2721603770804,0,1e-05
4560,12.9427215846737,0,1e-05
4561,13.2699810997136,0,1e-05
4562,12.9404457749024,0,1e-05
4563,13.267802532962,0,1e-05
4564,12.938170690992,0,1e-05
4565,13.2656246762475,0,1e-05
4566,12.9358963323295,0,1e-05
4567,13.2634475288666,0,1e-05
4568,12.9336226982178,0,1e-05
4569,13.2612710901664,0,1e-05
4570,12.9313497880247,0,1e-05
4571,13.2590953595131,0,1e-05
4572,12.9290776010914,0,1e-05
4573,13.2569203362721,0,1e-05
4574,12.9268061368474,0,1e-05
4575,13.2547460198303,0,1e-05
4576,12.924535394586,0,1e-05
4577,13.2525724095151,0,1e-05
4578,12.9222653737132,0,1e-05
4579,13.2503995047013,0,1e-05
4580,12.919996073583,0,1e-05
4581,13.2482273047437,0,1e-05
4582,12.9177274935692,0,1e-05
4583,13.2460558090259,0,1e-05
4584,12.9154596330395,0,1e-05
4585,13.2438850168898,0,1e-05
4586,12.9131924913319,0,1e-05
4587,13.2417149277137,0,1e-05
4588,12.9109260678321,0,1e-05
4589,13.2395455408491,0,1e-05
4590,12.9086603619085,0,1e-05
4591,13.2373768556824,0,1e-05
4592,12.9063953729559,0,1e-05
4593,13.2352088715878,0,1e-05
4594,12.9041311003147,0,1e-05
4595,13.2330415879035,0,1e-05
4596,12.9018675433637,0,1e-05
4597,13.2308750040251,0,1e-05
4598,12.8996047014804,0,1e-05
4599,13.2287091193127,0,1e-05
4600,12.8973425740065,0,1e-05
4601,13.226543933121,0,1e-05
4602,12.8950811603739,0,1e-05
4603,13.2243794448798,0,1e-05
4604,12.8928204599552,0,1e-05
4605,13.2222156539391,0,1e-05
4606,12.8905604720885,0,1e-05
4607,13.2200525596317,0,1e-05
4608,12.8883011961687,0,1e-05
4609,13.2178901613641,0,1e-05
4610,12.8860426315626,0,1e-05
4611,13.2157284585039,0,1e-05
4612,12.8837847776404,0,1e-05
4613,13.2135674504309,0,1e-05
4614,12.8815276338023,0,1e-05
4615,13.211407136509,0,1e-05
4616,12.8792711993995,0,1e-05
4617,13.209247516121,0,1e-05
4618,12.8770154738237,0,1e-05
4619,13.2070885886534,0,1e-05
4620,12.8747604564815,0,1e-05
4621,13.2049303534963,0,1e-05
4622,12.872506146729,0,1e-05
4623,13.2027728100177,0,1e-05
4624,12.8702525439372,0,1e-05
4625,13.2006159575939,0,1e-05
4626,12.8679996475281,0,1e-05
4627,13.1984597956252,0,1e-05
4628,12.8657474568833,0,1e-05
4629,13.1963043234879,0,1e-05
4630,12.8634959713484,0,1e-05
4631,13.1941495405529,0,1e-05
4632,12.8612451903655,0,1e-05
4633,13.1919954462563,0,1e-05
4634,12.8589951132849,0,1e-05
4635,13.1898420399221,0,1e-05
4636,12.8567457395175,0,1e-05
4637,13.1876893209663,0,1e-05
4638,12.8544970684215,0,1e-05
4639,13.1855372887589,0,1e-05
4640,12.8522490994194,0,1e-05
4641,13.183385942709,0,1e-05
4642,12.8500018318998,0,1e-05
4643,13.1812352822049,0,1e-05
4644,12.8477552652372,0,1e-05
4645,13.17908530662,0,1e-05
4646,12.8455093988088,0,1e-05
4647,13.1769360153485,0,1e-05
4648,12.8432642320511,0,1e-05
4649,13.1747874078052,0,1e-05
4650,12.8410197643386,0,1e-05
4651,13.1726394833821,0,1e-05
4652,12.8387759950557,0,1e-05
4653,13.1704922414456,0,1e-05
4654,12.8365329236297,0,1e-05
4655,13.1683456814064,0,1e-05
4656,12.834290549441,0,1e-05
4657,13.1661998026622,0,1e-05
4658,12.832048871876,0,1e-05
4659,13.164054604629,0,1e-05
4660,12.8298078903501,0,1e-05
4661,13.1619100866744,0,1e-05
4662,12.8275676042504,0,1e-05
4663,13.1597662482093,0,1e-05
4664,12.8253280129882,0,1e-05
4665,13.1576230886236,0,1e-05
4666,12.8230891159488,0,1e-05
4667,13.1554806072923,0,1e-05
4668,12.8208509125426,0,1e-05
4669,13.1533388036639,0,1e-05
4670,12.818613402156,0,1e-05
4671,13.1511976771236,0,1e-05
4672,12.8163765842379,0,1e-05
4673,13.1490572270694,0,1e-05
4674,12.8141404581347,0,1e-05
4675,13.1469174528934,0,1e-05
4676,12.8119050232974,0,1e-05
4677,13.1447783540291,0,1e-05
4678,12.8096702791285,0,1e-05
4679,13.1426399298665,0,1e-05
4680,12.8074362250007,0,1e-05
4681,13.1405021797905,0,1e-05
4682,12.8052028603675,0,1e-05
4683,13.1383651032468,0,1e-05
4684,12.8029701845967,0,1e-05
4685,13.1362286996064,0,1e-05
4686,12.8007381971054,0,1e-05
4687,13.1340929682841,0,1e-05
4688,12.7985068973015,0,1e-05
4689,13.1319579087014,0,1e-05
4690,12.7962762846164,0,1e-05
4691,13.1298235202763,0,1e-05
4692,12.7940463584645,0,1e-05
4693,13.127689802417,0,1e-05
4694,12.7918171182506,0,1e-05
4695,13.1255567545281,0,1e-05
4696,12.7895885633696,0,1e-05
4697,13.1234243760079,0,1e-05
4698,12.7873606932599,0,1e-05
4699,13.1212926662763,0,1e-05
4700,12.7851335072924,0,1e-05
4701,13.1191616247337,0,1e-05
4702,12.7829070049256,0,1e-05
4703,13.1170312508363,0,1e-05
4704,12.7806811855922,0,1e-05
4705,13.1149015439875,0,1e-05
4706,12.7784560486631,0,1e-05
4707,13.1127725035754,0,1e-05
4708,12.7762315935886,0,1e-05
4709,13.1106441290257,0,1e-05
4710,12.774007819761,0,1e-05
4711,13.1085164197678,0,1e-05
4712,12.771784726623,0,1e-05
4713,13.1063893752282,0,1e-05
4714,12.7695623135871,0,1e-05
4715,13.1042629948014,0,1e-05
4716,12.767340580072,0,1e-05
4717,13.1021372779321,0,1e-05
4718,12.7651195254814,0,1e-05
4719,13.1000122240098,0,1e-05
4720,12.7628991492787,0,1e-05
4721,13.0978878325118,0,1e-05
4722,12.7606794508834,0,1e-05
4723,13.0957641028206,0,1e-05
4724,12.758460429696,0,1e-05
4725,13.0936410343657,0,1e-05
4726,12.7562420851454,0,1e-05
4727,13.0915186265649,0,1e-05
4728,12.7540244166678,0,1e-05
4729,13.0893968788557,0,1e-05
4730,12.7518074236683,0,1e-05
4731,13.0872757906417,0,1e-05
4732,12.7495911055789,0,1e-05
4733,13.0851553613661,0,1e-05
4734,12.7473754618366,0,1e-05
4735,13.083035590463,0,1e-05
4736,12.7451604919038,0,1e-05
4737,13.0809164773693,0,1e-05
4738,12.7429461951548,0,1e-05
4739,13.0787980214804,0,1e-05
4740,12.7407325710864,0,1e-05
4741,13.0766802222768,0,1e-05
4742,12.7385196190735,0,1e-05
4743,13.0745630791547,0,1e-05
4744,12.7363073385525,0,1e-05
4745,13.0724465915345,0,1e-05
4746,12.73409572897,0,1e-05
4747,13.0703307588589,0,1e-05
4748,12.7318847897689,0,1e-05
4749,13.0682155805719,0,1e-05
4750,12.7296745203623,0,1e-05
4751,13.0661010560958,0,1e-05
4752,12.7274649202101,0,1e-05
4753,13.0639871848832,0,1e-05
4754,12.7252559887273,0,1e-05
4755,13.0618739663294,0,1e-05
4756,12.7230477253339,0,1e-05
4757,13.0597613998941,0,1e-05
4758,12.7208401294763,0,1e-05
4759,13.0576494850079,0,1e-05
4760,12.7186332006127,0,1e-05
4761,13.0555382211115,0,1e-05
4762,12.7164269381667,0,1e-05
4763,13.053427607652,0,1e-05
4764,12.7142213416089,0,1e-05
4765,13.0513176440858,0,1e-05
4766,12.7120164103762,0,1e-05
4767,13.0492083298529,0,1e-05
4768,12.7098121439193,0,1e-05
4769,13.0470996643802,0,1e-05
4770,12.7076085416306,0,1e-05
4771,13.0449916470953,0,1e-05
4772,12.7054056029663,0,1e-05
4773,13.0428842774358,0,1e-05
4774,12.703203327392,0,1e-05
4775,13.0407775548632,0,1e-05
4776,12.7010017143253,0,1e-05
4777,13.0386714788142,0,1e-05
4778,12.6988007632206,0,1e-05
4779,13.0365660487316,0,1e-05
4780,12.6966004735379,0,1e-05
4781,13.0344612640618,0,1e-05
4782,12.6944008447228,0,1e-05
4783,13.0323571242732,0,1e-05
4784,12.692201876224,0,1e-05
4785,13.0302536287938,0,1e-05
4786,12.6900035674955,0,1e-05
4787,13.0281507770946,0,1e-05
4788,12.6878059179877,0,1e-05
4789,13.0260485685988,0,1e-05
4790,12.685608927134,0,1e-05
4791,13.0239470027616,0,1e-05
4792,12.6834125943824,0,1e-05
4793,13.0218460790274,0,1e-05
4794,12.6812169191861,0,1e-05
4795,13.0197457968451,0,1e-05
4796,12.6790219010133,0,1e-05
4797,13.0176461556783,0,1e-05
4798,12.6768275393068,0,1e-05
4799,13.0155471549723,0,1e-05
4800,12.6746338335004,0,1e-05
4801,13.0134487941652,0,1e-05
4802,12.67244078307,0,1e-05
4803,13.0113510727515,0,1e-05
4804,12.6702483874815,0,1e-05
4805,13.0092539901591,0,1e-05
4806,12.6680566461829,0,1e-05
4807,13.0071575458554,0,1e-05
4808,12.6658655586309,0,1e-05
4809,13.0050617392964,0,1e-05
4810,12.6636751242785,0,1e-05
4811,13.0029665699177,0,1e-05
4812,12.6614853425716,0,1e-05
4813,13.0008720371945,0,1e-05
4814,12.6592962129929,0,1e-05
4815,12.9987781405761,0,1e-05
4816,12.6571077349836,0,1e-05
4817,12.996684879533,0,1e-05
4818,12.6549199080227,0,1e-05
4819,12.9945922535273,0,1e-05
4820,12.6527327315744,0,1e-05
4821,12.9925002620216,0,1e-05
4822,12.6505462050867,0,1e-05
4823,12.9904089044522,0,1e-05
4824,12.6483603279862,0,1e-05
4825,12.9883181802974,0,1e-05
4826,12.6461750997509,0,1e-05
4827,12.9862280890002,0,1e-05
4828,12.6439905198844,0,1e-05
4829,12.9841386300635,0,1e-05
4830,12.6418065878271,0,1e-05
4831,12.9820498029194,0,1e-05
4832,12.6396233030459,0,1e-05
4833,12.9799616070426,0,1e-05
4834,12.6374406650291,0,1e-05
4835,12.9778740419326,0,1e-05
4836,12.6352586732159,0,1e-05
4837,12.9757871070276,0,1e-05
4838,12.6330773270897,0,1e-05
4839,12.9737008017826,0,1e-05
4840,12.6308966261328,0,1e-05
4841,12.9716151257063,0,1e-05
4842,12.6287165697883,0,1e-05
4843,12.9695300782169,0,1e-05
4844,12.6265371575145,0,1e-05
4845,12.9674456588056,0,1e-05
4846,12.6243583887879,0,1e-05
4847,12.9653618669211,0,1e-05
4848,12.6221802630999,0,1e-05
4849,12.9632787020781,0,1e-05
4850,12.6200027799257,0,1e-05
4851,12.9611961637246,0,1e-05
4852,12.6178259387202,0,1e-05
4853,12.9591142513463,0,1e-05
4854,12.6156497389759,0,1e-05
4855,12.9570329644138,0,1e-05
4856,12.6134741801489,0,1e-05
4857,12.9549523023816,0,1e-05
4858,12.6112992617506,0,1e-05
4859,12.952872264759,0,1e-05
4860,12.6091249832056,0,1e-05
4861,12.9507928509886,0,1e-05
4862,12.6069513440104,0,1e-05
4863,12.948714060561,0,1e-05
4864,12.6047783436497,0,1e-05
4865,12.9466358929549,0,1e-05
4866,12.602605981587,0,1e-05
4867,12.944558347653,0,1e-05
4868,12.6004342573108,0,1e-05
4869,12.942481424099,0,1e-05
4870,12.5982631702974,0,1e-05
4871,12.940405121807,0,1e-05
4872,12.5960927200302,0,1e-05
4873,12.938329440248,0,1e-05
4874,12.5939229059754,0,1e-05
4875,12.9362543788928,0,1e-05
4876,12.5917537276373,0,1e-05
4877,12.9341799372471,0,1e-05
4878,12.58958518449,0,1e-05
4879,12.9321061147624,0,1e-05
4880,12.587417275989,0,1e-05
4881,12.9300329109374,0,1e-05
4882,12.5852500016427,0,1e-05
4883,12.9279603252529,0,1e-05
4884,12.5830833609401,0,1e-05
4885,12.9258883571974,0,1e-05
4886,12.5809173533611,0,1e-05
4887,12.9238170062583,0,1e-05
4888,12.5787519783875,0,1e-05
4889,12.9217462719052,0,1e-05
4890,12.5765872355127,0,1e-05
4891,12.9196761536486,0,1e-05
4892,12.5744231242354,0,1e-05
4893,12.9176066509785,0,1e-05
4894,12.5722596440217,0,1e-05
4895,12.9155377633614,0,1e-05
4896,12.5700967943807,0,1e-05
4897,12.9134694902996,0,1e-05
4898,12.5679345747699,0,1e-05
4899,12.9114018312484,0,1e-05
4900,12.5657729846849,0,1e-05
4901,12.9093347857282,0,1e-05
4902,12.5636120236345,0,1e-05
4903,12.9072683532208,0,1e-05
4904,12.5614516910883,0,1e-05
4905,12.9052025332194,0,1e-05
4906,12.5592919865824,0,1e-05
4907,12.9031373252421,0,1e-05
4908,12.5571329095702,0,1e-05
4909,12.90107272875,0,1e-05
4910,12.5549744595435,0,1e-05
4911,12.8990087432338,0,1e-05
4912,12.5528166360166,0,1e-05
4913,12.8969453681892,0,1e-05
4914,12.5506594384514,0,1e-05
4915,12.8948826031287,0,1e-05
4916,12.5485028663678,0,1e-05
4917,12.8928204475313,0,1e-05
4918,12.5463469192733,0,1e-05
4919,12.8907589009117,0,1e-05
4920,12.5441915966509,0,1e-05
4921,12.8886979627708,0,1e-05
4922,12.542036898006,0,1e-05
4923,12.8866376325774,0,1e-05
4924,12.539882822838,0,1e-05
4925,12.8845779098579,0,1e-05
4926,12.5377293706405,0,1e-05
4927,12.8825187940931,0,1e-05
4928,12.535576540886,0,1e-05
4929,12.8804602847664,0,1e-05
4930,12.5334243331095,0,1e-05
4931,12.8784023814257,0,1e-05
4932,12.531272746811,0,1e-05
4933,12.8763450835346,0,1e-05
4934,12.5291217814746,0,1e-05
4935,12.8742883906053,0,1e-05
4936,12.5269714366061,0,1e-05
4937,12.8722323021522,0,1e-05
4938,12.5248217117308,0,1e-05
4939,12.8701768176462,0,1e-05
4940,12.5226726063069,0,1e-05
4941,12.868121936602,0,1e-05
4942,12.5205241198716,0,1e-05
4943,12.8660676585399,0,1e-05
4944,12.5183762519294,0,1e-05
4945,12.86401398297,0,1e-05
4946,12.5162290019773,0,1e-05
4947,12.8619609093792,0,1e-05
4948,12.5140823695426,0,1e-05
4949,12.8599084373059,0,1e-05
4950,12.5119363541272,0,1e-05
4951,12.8578565662335,0,1e-05
4952,12.5097909552133,0,1e-05
4953,12.8558052956609,0,1e-05
4954,12.5076461723279,0,1e-05
4955,12.8537546251156,0,1e-05
4956,12.5055020049863,0,1e-05
4957,12.8517045541018,0,1e-05
4958,12.5033584526768,0,1e-05
4959,12.8496550821133,0,1e-05
4960,12.5012155149084,0,1e-05
4961,12.8476062086645,0,1e-05
4962,12.4990731911911,0,1e-05
4963,12.8455579332616,0,1e-05
4964,12.4969314810488,0,1e-05
4965,12.8435102554424,0,1e-05
4966,12.4947903839869,0,1e-05
4967,12.8414631746961,0,1e-05
4968,12.492649899547,0,1e-05
4969,12.8394166905762,0,1e-05
4970,12.490510027219,0,1e-05
4971,12.8373708025469,0,1e-05
4972,12.4883707665208,0,1e-05
4973,12.8353255101628,0,1e-05
4974,12.4862321169658,0,1e-05
4975,12.8332808128969,0,1e-05
4976,12.4840940780682,0,1e-05
4977,12.8312367103027,0,1e-05
4978,12.4819566493384,0,1e-05
4979,12.8291932018803,0,1e-05
4980,12.4798198302971,0,1e-05
4981,12.8271502871494,0,1e-05
4982,12.4776836204774,0,1e-05
4983,12.8251079656359,0,1e-05
4984,12.4755480193901,0,1e-05
4985,12.8230662368497,0,1e-05
4986,12.4734130265436,0,1e-05
4987,12.8210251002999,0,1e-05
4988,12.4712786414664,0,1e-05
4989,12.8189845555211,0,1e-05
4990,12.4691448636705,0,1e-05
4991,12.816944602027,0,1e-05
4992,12.4670116926816,0,1e-05
4993,12.8149052393511,0,1e-05
4994,12.4648791280103,0,1e-05
4995,12.8128664669939,0,1e-05
4996,12.4627471692035,0,1e-05
4997,12.8108282844986,0,1e-05
4998,12.4606158157856,0,1e-05
4999,12.8087906913925,0,1e-05
5000,12.4584850672445,0,1e-05
5001,12.8067536871728,0,1e-05
5002,12.4563549231272,0,1e-05
5003,12.8047172713856,0,1e-05
5004,12.4542253829626,0,1e-05
5005,12.8026814435551,0,1e-05
5006,12.4520964462708,0,1e-05
5007,12.8006462031982,0,1e-05
5008,12.4499681125782,0,1e-05
5009,12.7986115498495,0,1e-05
5010,12.447840381403,0,1e-05
5011,12.796577483006,0,1e-05
5012,12.4457132522799,0,1e-05
5013,12.7945440022257,0,1e-05
5014,12.4435867247342,0,1e-05
5015,12.792511107025,0,1e-05
5016,12.4414607982927,0,1e-05
5017,12.7904787969595,0,1e-05
5018,12.4393354724979,0,1e-05
5019,12.7884470715308,0,1e-05
5020,12.4372107468696,0,1e-05
5021,12.7864159302866,0,1e-05
5022,12.4350866209376,0,1e-05
5023,12.7843853727382,0,1e-05
5024,12.4329630942291,0,1e-05
5025,12.7823553984301,0,1e-05
5026,12.4308401662934,0,1e-05
5027,12.7803260069174,0,1e-05
5028,12.4287178366685,0,1e-05
5029,12.7782971977093,0,1e-05
5030,12.4265961048503,0,1e-05
5031,12.776268970322,0,1e-05
5032,12.424474970401,0,1e-05
5033,12.7742413243151,0,1e-05
5034,12.4223544328323,0,1e-05
5035,12.7722142592068,0,1e-05
5036,12.4202344916925,0,1e-05
5037,12.770187774545,0,1e-05
5038,12.4181151465048,0,1e-05
5039,12.7681618698504,0,1e-05
5040,12.4159963968297,0,1e-05
5041,12.7661365446783,0,1e-05
5042,12.4138782422098,0,1e-05
5043,12.7641117985691,0,1e-05
5044,12.4117606821708,0,1e-05
5045,12.7620876310578,0,1e-05
5046,12.4096437162351,0,1e-05
5047,12.7600640416566,0,1e-05
5048,12.4075273439545,0,1e-05
5049,12.7580410299358,0,1e-05
5050,12.4054115648673,0,1e-05
5051,12.756018595438,0,1e-05
5052,12.4032963785174,0,1e-05
5053,12.7539967376833,0,1e-05
5054,12.4011817844483,0,1e-05
5055,12.7519754562377,0,1e-05
5056,12.3990677821938,0,1e-05
5057,12.7499547506142,0,1e-05
5058,12.3969543712936,0,1e-05
5059,12.7479346203684,0,1e-05
5060,12.3948415512869,0,1e-05
5061,12.7459150650388,0,1e-05
5062,12.3927293217169,0,1e-05
5063,12.743896084174,0,1e-05
5064,12.3906176821439,0,1e-05
5065,12.7418776773163,0,1e-05
5066,12.3885066320914,0,1e-05
5067,12.7398598440101,0,1e-05
5068,12.3863961711258,0,1e-05
5069,12.7378425838096,0,1e-05
5070,12.3842862987803,0,1e-05
5071,12.735825896258,0,1e-05
5072,12.3821770146167,0,1e-05
5073,12.733809780912,0,1e-05
5074,12.380068318154,0,1e-05
5075,12.7317942372999,0,1e-05
5076,12.3779602089771,0,1e-05
5077,12.7297792649944,0,1e-05
5078,12.3758526866124,0,1e-05
5079,12.7277648635173,0,1e-05
5080,12.3737457506101,0,1e-05
5081,12.725751032432,0,1e-05
5082,12.3716394005106,0,1e-05
5083,12.723737771272,0,1e-05
5084,12.3695336358446,0,1e-05
5085,12.7217250795838,0,1e-05
5086,12.3674284562054,0,1e-05
5087,12.719712956946,0,1e-05
5088,12.3653238611248,0,1e-05
5089,12.7177014029093,0,1e-05
5090,12.3632198501599,0,1e-05
5091,12.7156904170216,0,1e-05
5092,12.3611164228744,0,1e-05
5093,12.7136799988372,0,1e-05
5094,12.3590135787929,0,1e-05
5095,12.7116701478837,0,1e-05
5096,12.3569113174897,0,1e-05
5097,12.7096608637542,0,1e-05
5098,12.3548096385065,0,1e-05
5099,12.7076521459715,0,1e-05
5100,12.3527085414022,0,1e-05
5101,12.7056439940864,0,1e-05
5102,12.3506080257212,0,1e-05
5103,12.7036364076792,0,1e-05
5104,12.3485080910496,0,1e-05
5105,12.7016293863253,0,1e-05
5106,12.3464087369414,0,1e-05
5107,12.6996229295621,0,1e-05
5108,12.3443099629369,0,1e-05
5109,12.6976170369276,0,1e-05
5110,12.3422117685858,0,1e-05
5111,12.6956117079926,0,1e-05
5112,12.3401141534518,0,1e-05
5113,12.6936069423154,0,1e-05
5114,12.3380171171115,0,1e-05
5115,12.6916027394731,0,1e-05
5116,12.335920659107,0,1e-05
5117,12.6895990990032,0,1e-05
5118,12.3338247789981,0,1e-05
5119,12.6875960204763,0,1e-05
5120,12.3317294763507,0,1e-05
5121,12.6855935034534,0,1e-05
5122,12.3296347507405,0,1e-05
5123,12.6835915474992,0,1e-05
5124,12.3275406017037,0,1e-05
5125,12.681590152172,0,1e-05
5126,12.3254470288256,0,1e-05
5127,12.6795893170555,0,1e-05
5128,12.3233540316571,0,1e-05
5129,12.6775890416853,0,1e-05
5130,12.3212616097688,0,1e-05
5131,12.6755893256411,0,1e-05
5132,12.3191697627159,0,1e-05
5133,12.673590168487,0,1e-05
5134,12.3170784900764,0,1e-05
5135,12.6715915697875,0,1e-05
5136,12.3149877914086,0,1e-05
5137,12.6695935291063,0,1e-05
5138,12.3128976662705,0,1e-05
5139,12.6675960459937,0,1e-05
5140,12.3108081142227,0,1e-05
5141,12.6655991200347,0,1e-05
5142,12.3087191348643,0,1e-05
5143,12.6636027508115,0,1e-05
5144,12.3066307277295,0,1e-05
5145,12.6616069378786,0,1e-05
5146,12.3045428924023,0,1e-05
5147,12.6596116807983,0,1e-05
5148,12.3024556284518,0,1e-05
5149,12.6576169791531,0,1e-05
5150,12.3003689354591,0,1e-05
5151,12.6556228325099,0,1e-05
5152,12.2982828129694,0,1e-05
5153,12.6536292404362,0,1e-05
5154,12.2961972605801,0,1e-05
5155,12.6516362025147,0,1e-05
5156,12.2941122778482,0,1e-05
5157,12.6496437183103,0,1e-05
5158,12.2920278643497,0,1e-05
5159,12.6476517873965,0,1e-05
5160,12.2899440196531,0,1e-05
5161,12.6456604093429,0,1e-05
5162,12.2878607433251,0,1e-05
5163,12.6436695837193,0,1e-05
5164,12.2857780349542,0,1e-05
5165,12.6416793101012,0,1e-05
5166,12.2836958941033,0,1e-05
5167,12.6396895880923,0,1e-05
5168,12.2816143203671,0,1e-05
5169,12.6377004172482,0,1e-05
5170,12.279533313305,0,1e-05
5171,12.6357117971407,0,1e-05
5172,12.2774528724922,0,1e-05
5173,12.6337237273449,0,1e-05
5174,12.2753729975107,0,1e-05
5175,12.6317362074443,0,1e-05
5176,12.2732936879241,0,1e-05
5177,12.6297492370166,0,1e-05
5178,12.2712149433161,0,1e-05
5179,12.6277628156334,0,1e-05
5180,12.2691367632688,0,1e-05
5181,12.6257769428747,0,1e-05
5182,12.267059147369,0,1e-05
5183,12.6237916183328,0,1e-05
5184,12.2649820951925,0,1e-05
5185,12.6218068415819,0,1e-05
5186,12.2629056063121,0,1e-05
5187,12.6198226122035,0,1e-05
5188,12.2608296803111,0,1e-05
5189,12.6178389297698,0,1e-05
5190,12.2587543167634,0,1e-05
5191,12.6158557938699,0,1e-05
5192,12.2566795152507,0,1e-05
5193,12.6138732040773,0,1e-05
5194,12.2546052753708,0,1e-05
5195,12.6118911600103,0,1e-05
5196,12.2525315967069,0,1e-05
5197,12.6099096612175,0,1e-05
5198,12.2504584788449,0,1e-05
5199,12.6079287072919,0,1e-05
5200,12.2483859213557,0,1e-05
5201,12.6059482978236,0,1e-05
5202,12.2463139238277,0,1e-05
5203,12.6039684323998,0,1e-05
5204,12.2442424858379,0,1e-05
5205,12.6019891105917,0,1e-05
5206,12.2421716069828,0,1e-05
5207,12.6000103319998,0,1e-05
5208,12.2401012868395,0,1e-05
5209,12.5980320961995,0,1e-05
5210,12.2380315249994,0,1e-05
5211,12.5960544027873,0,1e-05
5212,12.2359623210521,0,1e-05
5213,12.5940772513376,0,1e-05
5214,12.2338936745811,0,1e-05
5215,12.592100641464,0,1e-05
5216,12.2318255851766,0,1e-05
5217,12.5901245727411,0,1e-05
5218,12.2297580524385,0,1e-05
5219,12.5881490447697,0,1e-05
5220,12.2276910759417,0,1e-05
5221,12.5861740571325,0,1e-05
5222,12.2256246552858,0,1e-05
5223,12.5841996094137,0,1e-05
5224,12.2235587900559,0,1e-05
5225,12.5822257012096,0,1e-05
5226,12.2214934798283,0,1e-05
5227,12.5802523321105,0,1e-05
5228,12.2194287242139,0,1e-05
5229,12.5782795017074,0,1e-05
5230,12.2173645227889,0,1e-05
5231,12.5763072095942,0,1e-05
5232,12.2153008751618,0,1e-05
5233,12.5743354553776,0,1e-05
5234,12.213237780941,0,1e-05
5235,12.5723642386599,0,1e-05
5236,12.2111752397099,0,1e-05
5237,12.5703935590248,0,1e-05
5238,12.2091132510688,0,1e-05
5239,12.5684234160706,0,1e-05
5240,12.2070518145981,0,1e-05
5241,12.5664538093862,0,1e-05
5242,12.2049909298918,0,1e-05
5243,12.5644847385649,0,1e-05
5244,12.2029305965429,0,1e-05
5245,12.5625162031917,0,1e-05
5246,12.2008708141453,0,1e-05
5247,12.5605482028833,0,1e-05
5248,12.198811582323,0,1e-05
5249,12.5585807372494,0,1e-05
5250,12.1967529006558,0,1e-05
5251,12.5566138058745,0,1e-05
5252,12.1946947687465,0,1e-05
5253,12.5546474083508,0,1e-05
5254,12.192637186182,0,1e-05
5255,12.5526815442756,0,1e-05
5256,12.1905801525541,0,1e-05
5257,12.5507162132514,0,1e-05
5258,12.188523667489,0,1e-05
5259,12.5487514148989,0,1e-05
5260,12.1864677305753,0,1e-05
5261,12.5467871488023,0,1e-05
5262,12.1844123414232,0,1e-05
5263,12.5448234145739,0,1e-05
5264,12.1823574996174,0,1e-05
5265,12.5428602118161,0,1e-05
5266,12.1803032047761,0,1e-05
5267,12.5408975401135,0,1e-05
5268,12.1782494564884,0,1e-05
5269,12.5389353990952,0,1e-05
5270,12.1761962543677,0,1e-05
5271,12.5369737883478,0,1e-05
5272,12.1741435980163,0,1e-05
5273,12.5350127074833,0,1e-05
5274,12.17209148703,0,1e-05
5275,12.5330521561004,0,1e-05
5276,12.1700399210344,0,1e-05
5277,12.531092133818,0,1e-05
5278,12.1679888996063,0,1e-05
5279,12.5291326402322,0,1e-05
5280,12.165938422375,0,1e-05
5281,12.5271736749545,0,1e-05
5282,12.1638884889364,0,1e-05
5283,12.525215237591,0,1e-05
5284,12.1618390988993,0,1e-05
5285,12.5232573277534,0,1e-05
5286,12.1597902518712,0,1e-05
5287,12.521299945047,0,1e-05
5288,12.1577419474534,0,1e-05
5289,12.5193430890661,0,1e-05
5290,12.1556941852458,0,1e-05
5291,12.5173867594227,0,1e-05
5292,12.1536469648749,0,1e-05
5293,12.5154309557508,0,1e-05
5294,12.1516002859528,0,1e-05
5295,12.5134756776611,0,1e-05
5296,12.1495541481002,0,1e-05
5297,12.5115209247531,0,1e-05
5298,12.147508550911,0,1e-05
5299,12.5095666966343,0,1e-05
5300,12.1454634939943,0,1e-05
5301,12.507612992916,0,1e-05
5302,12.1434189769622,0,1e-05
5303,12.5056598132175,0,1e-05
5304,12.1413749994319,0,1e-05
5305,12.5037071571513,0,1e-05
5306,12.1393315610084,0,1e-05
5307,12.5017550243215,0,1e-05
5308,12.1372886613059,0,1e-05
5309,12.4998034143587,0,1e-05
5310,12.1352462999513,0,1e-05
5311,12.4978523268742,0,1e-05
5312,12.1332044765502,0,1e-05
5313,12.4959017614872,0,1e-05
5314,12.1311631907271,0,1e-05
5315,12.4939517177999,0,1e-05
5316,12.1291224420962,0,1e-05
5317,12.4920021954403,0,1e-05
5318,12.1270822302586,0,1e-05
5319,12.4900531940156,0,1e-05
5320,12.1250425548213,0,1e-05
5321,12.4881047131329,0,1e-05
5322,12.1230034154176,0,1e-05
5323,12.4861567524387,0,1e-05
5324,12.1209648116753,0,1e-05
5325,12.484209311535,0,1e-05
5326,12.1189267431837,0,1e-05
5327,12.4822623900397,0,1e-05
5328,12.1168892095857,0,1e-05
5329,12.4803159875758,0,1e-05
5330,12.1148522105006,0,1e-05
5331,12.4783701037626,0,1e-05
5332,12.112815745534,0,1e-05
5333,12.4764247382236,0,1e-05
5334,12.1107798143078,0,1e-05
5335,12.4744798905713,0,1e-05
5336,12.1087444164467,0,1e-05
5337,12.4725355604259,0,1e-05
5338,12.1067095515736,0,1e-05
5339,12.4705917474221,0,1e-05
5340,12.1046752193012,0,1e-05
5341,12.4686484511781,0,1e-05
5342,12.1026414192696,0,1e-05
5343,12.4667056713216,0,1e-05
5344,12.1006081510896,0,1e-05
5345,12.4647634074689,0,1e-05
5346,12.0985754143845,0,1e-05
5347,12.462821659249,0,1e-05
5348,12.096543208771,0,1e-05
5349,12.4608804262778,0,1e-05
5350,12.0945115338677,0,1e-05
5351,12.4589397081737,0,1e-05
5352,12.0924803893246,0,1e-05
5353,12.4569995045884,0,1e-05
5354,12.090449774745,0,1e-05
5355,12.4550598151231,0,1e-05
5356,12.0884196897572,0,1e-05
5357,12.4531206394219,0,1e-05
5358,12.0863901340012,0,1e-05
5359,12.4511819771081,0,1e-05
5360,12.0843611070914,0,1e-05
5361,12.4492438278087,0,1e-05
5362,12.0823326086599,0,1e-05
5363,12.4473061911459,0,1e-05
5364,12.0803046383319,0,1e-05
5365,12.4453690667558,0,1e-05
5366,12.0782771957391,0,1e-05
5367,12.4434324542577,0,1e-05
5368,12.0762502804989,0,1e-05
5369,12.4414963532814,0,1e-05
5370,12.0742238922545,0,1e-05
5371,12.4395607634695,0,1e-05
5372,12.0721980306222,0,1e-05
5373,12.4376256844448,0,1e-05
5374,12.0701726952465,0,1e-05
5375,12.4356911158422,0,1e-05
5376,12.0681478857397,0,1e-05
5377,12.4337570572898,0,1e-05
5378,12.0661236017476,0,1e-05
5379,12.4318235084199,0,1e-05
5380,12.0640998428987,0,1e-05
5381,12.429890468875,0,1e-05
5382,12.0620766088363,0,1e-05
5383,12.4279579382707,0,1e-05
5384,12.0600538991621,0,1e-05
5385,12.4260259162419,0,1e-05
5386,12.0580317135209,0,1e-05
5387,12.424094402432,0,1e-05
5388,12.0560100515562,0,1e-05
5389,12.4221633964807,0,1e-05
5390,12.0539889129015,0,1e-05
5391,12.4202328980089,0,1e-05
5392,12.0519682971796,0,1e-05
5393,12.4183029066539,0,1e-05
5394,12.0499482040373,0,1e-05
5395,12.4163734220656,0,1e-05
5396,12.0479286331077,0,1e-05
5397,12.4144444438701,0,1e-05
5398,12.0459095840252,0,1e-05
5399,12.4125159717183,0,1e-05
5400,12.0438910564386,0,1e-05
5401,12.410588005234,0,1e-05
5402,12.0418730499638,0,1e-05
5403,12.4086605440591,0,1e-05
5404,12.0398555642503,0,1e-05
5405,12.4067335878268,0,1e-05
5406,12.0378385989345,0,1e-05
5407,12.4048071361923,0,1e-05
5408,12.0358221536654,0,1e-05
5409,12.4028811887829,0,1e-05
5410,12.0338062280666,0,1e-05
5411,12.4009557452359,0,1e-05
5412,12.0317908217706,0,1e-05
5413,12.3990308051806,0,1e-05
5414,12.0297759344242,0,1e-05
5415,12.3971063682668,0,1e-05
5416,12.0277615656631,0,1e-05
5417,12.395182434143,0,1e-05
5418,12.0257477151296,0,1e-05
5419,12.3932590024407,0,1e-05
5420,12.0237343824619,0,1e-05
5421,12.3913360727988,0,1e-05
5422,12.0217215673057,0,1e-05
5423,12.3894136448781,0,1e-05
5424,12.0197092693106,0,1e-05
5425,12.3874917183244,0,1e-05
5426,12.0176974881301,0,1e-05
5427,12.3855702927782,0,1e-05
5428,12.0156862233926,0,1e-05
5429,12.3836493678859,0,1e-05
5430,12.0136754747546,0,1e-05
5431,12.3817289432896,0,1e-05
5432,12.0116652418393,0,1e-05
5433,12.3798090186147,0,1e-05
5434,12.009655524308,0,1e-05
5435,12.3778895935361,0,1e-05
5436,12.0076463217982,0,1e-05
5437,12.3759706676904,0,1e-05
5438,12.0056376339516,0,1e-05
5439,12.3740522407116,0,1e-05
5440,12.0036294604204,0,1e-05
5441,12.3721343122565,0,1e-05
5442,12.0016218008537,0,1e-05
5443,12.3702168819771,0,1e-05
5444,11.9996146548885,0,1e-05
5445,12.3682999495137,0,1e-05
5446,11.9976080221684,0,1e-05
5447,12.3663835145116,0,1e-05
5448,11.9956019023569,0,1e-05
5449,12.3644675766279,0,1e-05
5450,11.9935962950944,0,1e-05
5451,12.3625521355104,0,1e-05
5452,11.9915912000275,0,1e-05
5453,12.3606371908,0,1e-05
5454,11.9895866167974,0,1e-05
5455,12.3587227421495,0,1e-05
5456,11.9875825450689,0,1e-05
5457,12.3568087892128,0,1e-05
5458,11.985578984482,0,1e-05
5459,12.3548953316429,0,1e-05
5460,11.9835759346913,0,1e-05
5461,12.3529823690873,0,1e-05
5462,11.9815733953502,0,1e-05
5463,12.3510699012048,0,1e-05
5464,11.9795713661093,0,1e-05
5465,12.3491579276455,0,1e-05
5466,11.9775698466144,0,1e-05
5467,12.3472464480666,0,1e-05
5468,11.9755688365286,0,1e-05
5469,12.3453354621189,0,1e-05
5470,11.9735683355079,0,1e-05
5471,12.3434249694585,0,1e-05
5472,11.9715683432008,0,1e-05
5473,12.3415149697371,0,1e-05
5474,11.9695688592454,0,1e-05
5475,12.3396054626058,0,1e-05
5476,11.9675698833101,0,1e-05
5477,12.3376964477211,0,1e-05
5478,11.9655714150541,0,1e-05
5479,12.3357879247472,0,1e-05
5480,11.96357345413,0,1e-05
5481,12.3338798933379,0,1e-05
5482,11.9615760001822,0,1e-05
5483,12.3319723531378,0,1e-05
5484,11.9595790528786,0,1e-05
5485,12.3300653038264,0,1e-05
5486,11.957582611877,0,1e-05
5487,12.3281587450484,0,1e-05
5488,11.9555866768307,0,1e-05
5489,12.3262526764651,0,1e-05
5490,11.9535912473908,0,1e-05
5491,12.3243470977305,0,1e-05
5492,11.9515963232293,0,1e-05
5493,12.3224420085123,0,1e-05
5494,11.9496019039961,0,1e-05
5495,12.3205374084588,0,1e-05
5496,11.9476079893514,0,1e-05
5497,12.3186332972411,0,1e-05
5498,11.9456145789531,0,1e-05
5499,12.3167296745183,0,1e-05
5500,11.9436216724665,0,1e-05
5501,12.3148265399504,0,1e-05
5502,11.9416292695502,0,1e-05
5503,12.3129238931968,0,1e-05
5504,11.9396373698597,0,1e-05
5505,12.3110217339183,0,1e-05
5506,11.9376459730648,0,1e-05
5507,12.309120061777,0,1e-05
5508,11.9356550788143,0,1e-05
5509,12.3072188764314,0,1e-05
5510,11.9336646867876,0,1e-05
5511,12.3053181775597,0,1e-05
5512,11.9316747966265,0,1e-05
5513,12.3034179648123,0,1e-05
5514,11.9296854080008,0,1e-05
5515,12.3015182378609,0,1e-05
5516,11.9276965205887,0,1e-05
5517,12.2996189963683,0,1e-05
5518,11.9257081340365,0,1e-05
5519,12.2977202399955,0,1e-05
5520,11.9237202480158,0,1e-05
5521,12.2958219684036,0,1e-05
5522,11.9217328621931,0,1e-05
5523,12.293924181265,0,1e-05
5524,11.9197459762321,0,1e-05
5525,12.2920268782591,0,1e-05
5526,11.9177595898016,0,1e-05
5527,12.2901300590441,0,1e-05
5528,11.9157737025569,0,1e-05
5529,12.2882337232764,0,1e-05
5530,11.91378831418,0,1e-05
5531,12.2863378706318,0,1e-05
5532,11.9118034243298,0,1e-05
5533,12.2844425007798,0,1e-05
5534,11.9098190326675,0,1e-05
5535,12.2825476133858,0,1e-05
5536,11.9078351388665,0,1e-05
5537,12.2806532081221,0,1e-05
5538,11.9058517426074,0,1e-05
5539,12.2787592846567,0,1e-05
5540,11.9038688435394,0,1e-05
5541,12.2768658426607,0,1e-05
5542,11.9018864413403,0,1e-05
5543,12.2749728817981,0,1e-05
5544,11.8999045356776,0,1e-05
5545,12.2730804017457,0,1e-05
5546,11.8979231262199,0,1e-05
5547,12.2711884021741,0,1e-05
5548,11.8959422126481,0,1e-05
5549,12.2692968827583,0,1e-05
5550,11.8939617946182,0,1e-05
5551,12.2674058431614,0,1e-05
5552,11.8919818718108,0,1e-05
5553,12.2655152830676,0,1e-05
5554,11.8900024439033,0,1e-05
5555,12.2636252021437,0,1e-05
5556,11.8880235105665,0,1e-05
5557,12.2617356000664,0,1e-05
5558,11.8860450714633,0,1e-05
5559,12.2598464765044,0,1e-05
5560,11.8840671262648,0,1e-05
5561,12.2579578311304,0,1e-05
5562,11.882089674658,0,1e-05
5563,12.2560696636217,0,1e-05
5564,11.8801127163144,0,1e-05
5565,12.2541819736625,0,1e-05
5566,11.878136250888,0,1e-05
5567,12.2522947609121,0,1e-05
5568,11.8761602780839,0,1e-05
5569,12.250408025062,0,1e-05
5570,11.8741847975565,0,1e-05
5571,12.2485217657824,0,1e-05
5572,11.8722098089878,0,1e-05
5573,12.2466359827435,0,1e-05
5574,11.8702353120573,0,1e-05
5575,12.2447506756307,0,1e-05
5576,11.8682613064356,0,1e-05
5577,12.2428658441233,0,1e-05
5578,11.8662877918046,0,1e-05
5579,12.2409814878903,0,1e-05
5580,11.8643147678349,0,1e-05
5581,12.2390976066162,0,1e-05
5582,11.8623422342118,0,1e-05
5583,12.2372141999798,0,1e-05
5584,11.8603701906142,0,1e-05
5585,12.2353312676629,0,1e-05
5586,11.8583986367138,0,1e-05
5587,12.2334488093437,0,1e-05
5588,11.8564275722006,0,1e-05
5589,12.2315668247028,0,1e-05
5590,11.8544569967404,0,1e-05
5591,12.2296853134186,0,1e-05
5592,11.8524869100267,0,1e-05
5593,12.2278042751721,0,1e-05
5594,11.8505173117228,0,1e-05
5595,12.2259237096419,0,1e-05
5596,11.8485482015267,0,1e-05
5597,12.2240436165203,0,1e-05
5598,11.8465795791154,0,1e-05
5599,12.2221639954925,0,1e-05
5600,11.8446114441734,0,1e-05
5601,12.220284846231,0,1e-05
5602,11.8426437963852,0,1e-05
5603,12.2184061684297,0,1e-05
5604,11.840676635424,0,1e-05
5605,12.2165279617612,0,1e-05
5606,11.8387099609755,0,1e-05
5607,12.2146502259125,0,1e-05
5608,11.8367437727194,0,1e-05
5609,12.2127729605693,0,1e-05
5610,11.8347780703459,0,1e-05
5611,12.2108961654171,0,1e-05
5612,11.8328128535351,0,1e-05
5613,12.2090198401384,0,1e-05
5614,11.830848121972,0,1e-05
5615,12.2071439844175,0,1e-05
5616,11.8288838753466,0,1e-05
5617,12.2052685979458,0,1e-05
5618,11.8269201133352,0,1e-05
5619,12.2033936804071,0,1e-05
5620,11.8249568356322,0,1e-05
5621,12.2015192314863,0,1e-05
5622,11.8229940419175,0,1e-05
5623,12.1996452508764,0,1e-05
5624,11.8210317318812,0,1e-05
5625,12.1977717382626,0,1e-05
5626,11.8190699052079,0,1e-05
5627,12.1958986933278,0,1e-05
5628,11.8171085615812,0,1e-05
5629,12.1940261157701,0,1e-05
5630,11.8151477007072,0,1e-05
5631,12.1921540052797,0,1e-05
5632,11.8131873222605,0,1e-05
5633,12.1902823615311,0,1e-05
5634,11.8112274259275,0,1e-05
5635,12.1884111842274,0,1e-05
5636,11.8092680113998,0,1e-05
5637,12.1865404730516,0,1e-05
5638,11.8073090783708,0,1e-05
5639,12.1846702277015,0,1e-05
5640,11.8053506265225,0,1e-05
5641,12.1828004478629,0,1e-05
5642,11.8033926555612,0,1e-05
5643,12.1809311332348,0,1e-05
5644,11.8014351651657,0,1e-05
5645,12.1790622834951,0,1e-05
5646,11.7994781550194,0,1e-05
5647,12.1771938983447,0,1e-05
5648,11.7975216248303,0,1e-05
5649,12.1753259774786,0,1e-05
5650,11.7955655742851,0,1e-05
5651,12.1734585205927,0,1e-05
5652,11.7936100030717,0,1e-05
5653,12.1715915273758,0,1e-05
5654,11.7916549108907,0,1e-05
5655,12.1697249975258,0,1e-05
5656,11.7897002974329,0,1e-05
5657,12.167858930728,0,1e-05
5658,11.7877461623902,0,1e-05
5659,12.1659933266879,0,1e-05
5660,11.7857925054584,0,1e-05
5661,12.1641281850947,0,1e-05
5662,11.7838393263329,0,1e-05
5663,12.162263505644,0,1e-05
5664,11.7818866246972,0,1e-05
5665,12.1603992880284,0,1e-05
5666,11.7799344002616,0,1e-05
5667,12.1585355319569,0,1e-05
5668,11.7779826527175,0,1e-05
5669,12.1566722371222,0,1e-05
5670,11.7760313817583,0,1e-05
5671,12.1548094032113,0,1e-05
5672,11.7740805870807,0,1e-05
5673,12.1529470299263,0,1e-05
5674,11.7721302683866,0,1e-05
5675,12.1510851169762,0,1e-05
5676,11.7701804253712,0,1e-05
5677,12.1492236640422,0,1e-05
5678,11.768231057725,0,1e-05
5679,12.1473626708304,0,1e-05
5680,11.7662821651485,0,1e-05
5681,12.1455021370405,0,1e-05
5682,11.7643337473438,0,1e-05
5683,12.1436420623664,0,1e-05
5684,11.7623858040041,0,1e-05
5685,12.1417824465188,0,1e-05
5686,11.7604383348436,0,1e-05
5687,12.1399232891923,0,1e-05
5688,11.7584913395463,0,1e-05
5689,12.1380645900967,0,1e-05
5690,11.7565448178267,0,1e-05
5691,12.1362063489286,0,1e-05
5692,11.7545987693764,0,1e-05
5693,12.1343485653884,0,1e-05
5694,11.7526531939036,0,1e-05
5695,12.1324912391759,0,1e-05
5696,11.750708091095,0,1e-05
5697,12.130634369988,0,1e-05
5698,11.7487634606583,0,1e-05
5699,12.1287779575281,0,1e-05
5700,11.7468193022935,0,1e-05
5701,12.126922001505,0,1e-05
5702,11.7448756157089,0,1e-05
5703,12.1250665016218,0,1e-05
5704,11.7429324006044,0,1e-05
5705,12.1232114575816,0,1e-05
5706,11.7409896566839,0,1e-05
5707,12.1213568690908,0,1e-05
5708,11.7390473836543,0,1e-05
5709,12.1195027358587,0,1e-05
5710,11.737105581219,0,1e-05
5711,12.1176490575808,0,1e-05
5712,11.7351642490811,0,1e-05
5713,12.1157958339691,0,1e-05
5714,11.7332233869444,0,1e-05
5715,12.1139430647293,0,1e-05
5716,11.7312829945114,0,1e-05
5717,12.1120907495596,0,1e-05
5718,11.729343071489,0,1e-05
5719,12.1102388881703,0,1e-05
5720,11.7274036175855,0,1e-05
5721,12.1083874802724,0,1e-05
5722,11.7254646325022,0,1e-05
5723,12.1065365255674,0,1e-05
5724,11.7235261159509,0,1e-05
5725,12.1046860237697,0,1e-05
5726,11.7215880676436,0,1e-05
5727,12.1028359745833,0,1e-05
5728,11.7196504872676,0,1e-05
5729,12.1009863777142,0,1e-05
5730,11.7177133745496,0,1e-05
5731,12.0991372328807,0,1e-05
5732,11.7157767291971,0,1e-05
5733,12.0972885397893,0,1e-05
5734,11.7138405509109,0,1e-05
5735,12.0954402981419,0,1e-05
5736,11.711904839411,0,1e-05
5737,12.0935925076606,0,1e-05
5738,11.7099695943952,0,1e-05
5739,12.0917451680451,0,1e-05
5740,11.7080348155791,0,1e-05
5741,12.0898982790088,0,1e-05
5742,11.7061005026656,0,1e-05
5743,12.0880518402653,0,1e-05
5744,11.704166655373,0,1e-05
5745,12.0862058515212,0,1e-05
5746,11.7022332734122,0,1e-05
5747,12.0843603125009,0,1e-05
5748,11.7003003564923,0,1e-05
5749,12.0825152229017,0,1e-05
5750,11.6983679043266,0,1e-05
5751,12.0806705824445,0,1e-05
5752,11.6964359166247,0,1e-05
5753,12.0788263908378,0,1e-05
5754,11.6945043930977,0,1e-05
5755,12.0769826477997,0,1e-05
5756,11.6925733334641,0,1e-05
5757,12.0751393530442,0,1e-05
5758,11.6906427374347,0,1e-05
5759,12.0732965062892,0,1e-05
5760,11.6887126047224,0,1e-05
5761,12.0714541072384,0,1e-05
5762,11.6867829350477,0,1e-05
5763,12.0696121556149,0,1e-05
5764,11.6848537281086,0,1e-05
5765,12.0677706511303,0,1e-05
5766,11.6829249836356,0,1e-05
5767,12.0659295935012,0,1e-05
5768,11.6809967013361,0,1e-05
5769,12.0640889824425,0,1e-05
5770,11.6790688809215,0,1e-05
5771,12.0622488176701,0,1e-05
5772,11.6771415221123,0,1e-05
5773,12.0604090989002,0,1e-05
5774,11.6752146246267,0,1e-05
5775,12.0585698258575,0,1e-05
5776,11.6732881881876,0,1e-05
5777,12.0567309982629,0,1e-05
5778,11.6713622125031,0,1e-05
5779,12.0548926158231,0,1e-05
5780,11.6694366972966,0,1e-05
5781,12.0530546782645,0,1e-05
5782,11.6675116422833,0,1e-05
5783,12.0512171853027,0,1e-05
5784,11.6655870471787,0,1e-05
5785,12.0493801366528,0,1e-05
5786,11.6636629116992,0,1e-05
5787,12.0475435320392,0,1e-05
5788,11.6617392355655,0,1e-05
5789,12.045707371177,0,1e-05
5790,11.659816018497,0,1e-05
5791,12.0438716537892,0,1e-05
5792,11.6578932602183,0,1e-05
5793,12.0420363795976,0,1e-05
5794,11.6559709604462,0,1e-05
5795,12.0402015483207,0,1e-05
5796,11.6540491188984,0,1e-05
5797,12.0383671596786,0,1e-05
5798,11.6521277352987,0,1e-05
5799,12.0365332133989,0,1e-05
5800,11.6502068093652,0,1e-05
5801,12.0346997091974,0,1e-05
5802,11.6482863408179,0,1e-05
5803,12.032866646796,0,1e-05
5804,11.6463663293843,0,1e-05
5805,12.0310340259277,0,1e-05
5806,11.6444467747811,0,1e-05
5807,12.0292018463071,0,1e-05
5808,11.6425276767397,0,1e-05
5809,12.0273701076661,0,1e-05
5810,11.6406090349738,0,1e-05
5811,12.0255388097155,0,1e-05
5812,11.6386908492169,0,1e-05
5813,12.0237079521855,0,1e-05
5814,11.6367731191777,0,1e-05
5815,12.0218775347988,0,1e-05
5816,11.6348558445871,0,1e-05
5817,12.0200475572849,0,1e-05
5818,11.6329390251692,0,1e-05
5819,12.0182180193606,0,1e-05
5820,11.6310226606495,0,1e-05
5821,12.0163889207646,0,1e-05
5822,11.6291067507509,0,1e-05
5823,12.0145602612113,0,1e-05
5824,11.6271912952058,0,1e-05
5825,12.012732040434,0,1e-05
5826,11.6252762937343,0,1e-05
5827,12.0109042581551,0,1e-05
5828,11.6233617460596,0,1e-05
5829,12.0090769141055,0,1e-05
5830,11.6214476519166,0,1e-05
5831,12.0072500080125,0,1e-05
5832,11.6195340110222,0,1e-05
5833,12.0054235395973,0,1e-05
5834,11.6176208231081,0,1e-05
5835,12.0035975085939,0,1e-05
5836,11.6157080879029,0,1e-05
5837,12.00177191473,0,1e-05
5838,11.6137958051369,0,1e-05
5839,11.9999467577354,0,1e-05
5840,11.6118839745311,0,1e-05
5841,11.998122037333,0,1e-05
5842,11.6099725958157,0,1e-05
5843,11.9962977532558,0,1e-05
5844,11.6080616687222,0,1e-05
5845,11.9944739052328,0,1e-05
5846,11.606151192978,0,1e-05
5847,11.9926504929949,0,1e-05
5848,11.6042411683119,0,1e-05
5849,11.990827516274,0,1e-05
5850,11.6023315944607,0,1e-05
5851,11.9890049748088,0,1e-05
5852,11.6004224711548,0,1e-05
5853,11.9871828683234,0,1e-05
5854,11.598513798119,0,1e-05
5855,11.9853611965481,0,1e-05
5856,11.596605575087,0,1e-05
5857,11.9835399592155,0,1e-05
5858,11.5946978017859,0,1e-05
5859,11.9817191560592,0,1e-05
5860,11.5927904779529,0,1e-05
5861,11.9798987868086,0,1e-05
5862,11.5908836033143,0,1e-05
5863,11.9780788511976,0,1e-05
5864,11.5889771776106,0,1e-05
5865,11.9762593489649,0,1e-05
5866,11.5870712005615,0,1e-05
5867,11.9744402798391,0,1e-05
5868,11.5851656719143,0,1e-05
5869,11.9726216435543,0,1e-05
5870,11.583260591395,0,1e-05
5871,11.9708034398452,0,1e-05
5872,11.581355958746,0,1e-05
5873,11.9689856684541,0,1e-05
5874,11.5794517736911,0,1e-05
5875,11.967168329107,0,1e-05
5876,11.5775480359686,0,1e-05
5877,11.9653514215427,0,1e-05
5878,11.5756447453136,0,1e-05
5879,11.9635349454948,0,1e-05
5880,11.5737419014599,0,1e-05
5881,11.9617189007005,0,1e-05
5882,11.5718395041453,0,1e-05
5883,11.959903286896,0,1e-05
5884,11.5699375531053,0,1e-05
5885,11.9580881038253,0,1e-05
5886,11.5680360480763,0,1e-05
5887,11.9562733512143,0,1e-05
5888,11.5661349887977,0,1e-05
5889,11.9544590288082,0,1e-05
5890,11.5642343750025,0,1e-05
5891,11.9526451363455,0,1e-05
5892,11.5623342064249,0,1e-05
5893,11.9508316735551,0,1e-05
5894,11.560434482806,0,1e-05
5895,11.9490186401802,0,1e-05
5896,11.558535203886,0,1e-05
5897,11.9472060359635,0,1e-05
5898,11.5566363694038,0,1e-05
5899,11.945393860646,0,1e-05
5900,11.5547379790971,0,1e-05
5901,11.9435821139597,0,1e-05
5902,11.5528400327006,0,1e-05
5903,11.9417707956437,0,1e-05
5904,11.5509425299542,0,1e-05
5905,11.9399599054443,0,1e-05
5906,11.5490454706007,0,1e-05
5907,11.938149443099,0,1e-05
5908,11.5471488543771,0,1e-05
5909,11.9363394083461,0,1e-05
5910,11.5452526810221,0,1e-05
5911,11.9345298009314,0,1e-05
5912,11.543356950286,0,1e-05
5913,11.9327206205984,0,1e-05
5914,11.5414616619008,0,1e-05
5915,11.9309118670829,0,1e-05
5916,11.5395668156155,0,1e-05
5917,11.9291035401336,0,1e-05
5918,11.5376724111668,0,1e-05
5919,11.9272956394908,0,1e-05
5920,11.535778448298,0,1e-05
5921,11.9254881648971,0,1e-05
5922,11.5338849267501,0,1e-05
5923,11.9236811160909,0,1e-05
5924,11.5319918462649,0,1e-05
5925,11.9218744928183,0,1e-05
5926,11.530099206584,0,1e-05
5927,11.9200682948289,0,1e-05
5928,11.5282070074591,0,1e-05
5929,11.9182625218628,0,1e-05
5930,11.526315248631,0,1e-05
5931,11.9164571736648,0,1e-05
5932,11.5244239298373,0,1e-05
5933,11.9146522499795,0,1e-05
5934,11.5225330508282,0,1e-05
5935,11.9128477505533,0,1e-05
5936,11.5206426113462,0,1e-05
5937,11.9110436751305,0,1e-05
5938,11.5187526111376,0,1e-05
5939,11.9092400234552,0,1e-05
5940,11.5168630499503,0,1e-05
5941,11.9074367952788,0,1e-05
5942,11.5149739275279,0,1e-05
5943,11.9056339903422,0,1e-05
5944,11.513085243614,0,1e-05
5945,11.9038316083944,0,1e-05
5946,11.5111969979539,0,1e-05
5947,11.9020296491822,0,1e-05
5948,11.5093091902964,0,1e-05
5949,11.9002281124524,0,1e-05
5950,11.5074218203888,0,1e-05
5951,11.8984269979581,0,1e-05
5952,11.5055348879827,0,1e-05
5953,11.8966263054433,0,1e-05
5954,11.5036483928238,0,1e-05
5955,11.8948260346614,0,1e-05
5956,11.5017623346562,0,1e-05
5957,11.8930261853534,0,1e-05
5958,11.4998767132286,0,1e-05
5959,11.8912267572714,0,1e-05
5960,11.4979915282957,0,1e-05
5961,11.8894277501639,0,1e-05
5962,11.4961067796011,0,1e-05
5963,11.8876291637825,0,1e-05
5964,11.4942224668919,0,1e-05
5965,11.8858309978741,0,1e-05
5966,11.492338589921,0,1e-05
5967,11.8840332521946,0,1e-05
5968,11.4904551484394,0,1e-05
5969,11.8822359264932,0,1e-05
5970,11.4885721421981,0,1e-05
5971,11.8804390205223,0,1e-05
5972,11.4866895709505,0,1e-05
5973,11.8786425340321,0,1e-05
5974,11.4848074344408,0,1e-05
5975,11.8768464667735,0,1e-05
5976,11.4829257324185,0,1e-05
5977,11.8750508184926,0,1e-05
5978,11.4810444646418,0,1e-05
5979,11.873255588952,0,1e-05
5980,11.4791636308638,0,1e-05
5981,11.8714607779001,0,1e-05
5982,11.477283230834,0,1e-05
5983,11.8696663850924,0,1e-05
5984,11.4754032643039,0,1e-05
5985,11.8678724102789,0,1e-05
5986,11.4735237310299,0,1e-05
5987,11.8660788532165,0,1e-05
5988,11.4716446307566,0,1e-05
5989,11.8642857136521,0,1e-05
5990,11.4697659632442,0,1e-05
5991,11.8624929913441,0,1e-05
5992,11.4678877282426,0,1e-05
5993,11.8607006860475,0,1e-05
5994,11.4660099255105,0,1e-05
5995,11.8589087975174,0,1e-05
5996,11.4641325547984,0,1e-05
5997,11.8571173255071,0,1e-05
5998,11.4622556158657,0,1e-05
5999,11.8553262697783,0,1e-05
6000,11.4603791084648,0,1e-05
6001,11.8535356300777,0,1e-05
6002,11.4585030323496,0,1e-05
6003,11.8517454061698,0,1e-05
6004,11.4566273872832,0,1e-05
6005,11.849955597808,0,1e-05
6006,11.4547521730114,0,1e-05
6007,11.8481662047482,0,1e-05
6008,11.4528773892993,0,1e-05
6009,11.8463772267486,0,1e-05
6010,11.4510030358966,0,1e-05
6011,11.8445886635648,0,1e-05
6012,11.4491291125652,0,1e-05
6013,11.8428005149566,0,1e-05
6014,11.4472556190627,0,1e-05
6015,11.8410127806802,0,1e-05
6016,11.4453825551428,0,1e-05
6017,11.8392254604943,0,1e-05
6018,11.4435099205636,0,1e-05
6019,11.837438554159,0,1e-05
6020,11.4416377150902,0,1e-05
6021,11.8356520614383,0,1e-05
6022,11.4397659384769,0,1e-05
6023,11.8338659820838,0,1e-05
6024,11.4378945904794,0,1e-05
6025,11.8320803158549,0,1e-05
6026,11.4360236708625,0,1e-05
6027,11.8302950625147,0,1e-05
6028,11.4341531793798,0,1e-05
6029,11.8285102218262,0,1e-05
6030,11.4322831157967,0,1e-05
6031,11.8267257935441,0,1e-05
6032,11.4304134798689,0,1e-05
6033,11.8249417774293,0,1e-05
6034,11.4285442713562,0,1e-05
6035,11.8231581732455,0,1e-05
6036,11.4266754900223,0,1e-05
6037,11.8213749807523,0,1e-05
6038,11.4248071356264,0,1e-05
6039,11.8195921997105,0,1e-05
6040,11.4229392079358,0,1e-05
6041,11.8178098298902,0,1e-05
6042,11.4210717067036,0,1e-05
6043,11.8160278710416,0,1e-05
6044,11.4192046316969,0,1e-05
6045,11.8142463229371,0,1e-05
6046,11.4173379826778,0,1e-05
6047,11.8124651853351,0,1e-05
6048,11.4154717594099,0,1e-05
6049,11.8106844580049,0,1e-05
6050,11.413605961657,0,1e-05
6051,11.8089041407081,0,1e-05
6052,11.4117405891791,0,1e-05
6053,11.807124233205,0,1e-05
6054,11.40987564174,0,1e-05
6055,11.8053447352591,0,1e-05
6056,11.408011119107,0,1e-05
6057,11.80356564664,0,1e-05
6058,11.4061470210426,0,1e-05
6059,11.8017869671101,0,1e-05
6060,11.4042833473075,0,1e-05
6061,11.8000086964299,0,1e-05
6062,11.4024200976699,0,1e-05
6063,11.7982308343716,0,1e-05
6064,11.4005572718948,0,1e-05
6065,11.7964533806969,0,1e-05
6066,11.3986948697451,0,1e-05
6067,11.7946763351729,0,1e-05
6068,11.3968328909901,0,1e-05
6069,11.7928996975691,0,1e-05
6070,11.394971335396,0,1e-05
6071,11.7911234676473,0,1e-05
6072,11.3931102027284,0,1e-05
6073,11.7893476451771,0,1e-05
6074,11.3912494927528,0,1e-05
6075,11.7875722299253,0,1e-05
6076,11.3893892052343,0,1e-05
6077,11.7857972216568,0,1e-05
6078,11.3875293399402,0,1e-05
6079,11.7840226201412,0,1e-05
6080,11.3856698966398,0,1e-05
6081,11.7822484251439,0,1e-05
6082,11.3838108750969,0,1e-05
6083,11.7804746364343,0,1e-05
6084,11.3819522750816,0,1e-05
6085,11.778701253783,0,1e-05
6086,11.3800940963653,0,1e-05
6087,11.7769282769579,0,1e-05
6088,11.3782363387144,0,1e-05
6089,11.7751557057318,0,1e-05
6090,11.3763790018978,0,1e-05
6091,11.7733835398714,0,1e-05
6092,11.3745220856897,0,1e-05
6093,11.7716117791486,0,1e-05
6094,11.3726655898556,0,1e-05
6095,11.7698404233318,0,1e-05
6096,11.3708095141625,0,1e-05
6097,11.7680694721913,0,1e-05
6098,11.3689538583882,0,1e-05
6099,11.7662989255028,0,1e-05
6100,11.3670986222992,0,1e-05
6101,11.7645287830313,0,1e-05
6102,11.3652438056677,0,1e-05
6103,11.7627590445533,0,1e-05
6104,11.3633894082631,0,1e-05
6105,11.760989709836,0,1e-05
6106,11.3615354298586,0,1e-05
6107,11.7592207786537,0,1e-05
6108,11.3596818702191,0,1e-05
6109,11.7574522507735,0,1e-05
6110,11.357828729123,0,1e-05
6111,11.7556841259735,0,1e-05
6112,11.3559760063402,0,1e-05
6113,11.7539164040235,0,1e-05
6114,11.3541237016467,0,1e-05
6115,11.7521490846999,0,1e-05
6116,11.3522718148138,0,1e-05
6117,11.7503821677742,0,1e-05
6118,11.3504203456092,0,1e-05
6119,11.7486156530188,0,1e-05
6120,11.3485692938118,0,1e-05
6121,11.7468495402081,0,1e-05
6122,11.3467186591936,0,1e-05
6123,11.7450838291162,0,1e-05
6124,11.3448684415308,0,1e-05
6125,11.7433185195177,0,1e-05
6126,11.3430186405918,0,1e-05
6127,11.7415536111892,0,1e-05
6128,11.3411692561588,0,1e-05
6129,11.7397891039076,0,1e-05
6130,11.3393202880034,0,1e-05
6131,11.7380249974447,0,1e-05
6132,11.3374717359049,0,1e-05
6133,11.7362612915792,0,1e-05
6134,11.3356235996319,0,1e-05
6135,11.7344979860839,0,1e-05
6136,11.3337758789631,0,1e-05
6137,11.7327350807339,0,1e-05
6138,11.3319285736745,0,1e-05
6139,11.7309725753109,0,1e-05
6140,11.330081683542,0,1e-05
6141,11.7292104695893,0,1e-05
6142,11.3282352083448,0,1e-05
6143,11.7274487633471,0,1e-05
6144,11.3263891478567,0,1e-05
6145,11.725687456357,0,1e-05
6146,11.3245435018564,0,1e-05
6147,11.7239265484024,0,1e-05
6148,11.3226982701163,0,1e-05
6149,11.7221660392577,0,1e-05
6150,11.3208534524221,0,1e-05
6151,11.720405928703,0,1e-05
6152,11.3190090485487,0,1e-05
6153,11.7186462165168,0,1e-05
6154,11.3171650582761,0,1e-05
6155,11.7168869024799,0,1e-05
6156,11.3153214813784,0,1e-05
6157,11.7151279863629,0,1e-05
6158,11.3134783176348,0,1e-05
6159,11.7133694679532,0,1e-05
6160,11.3116355668285,0,1e-05
6161,11.7116113470313,0,1e-05
6162,11.3097932287386,0,1e-05
6163,11.709853623375,0,1e-05
6164,11.3079513031455,0,1e-05
6165,11.7080962967656,0,1e-05
6166,11.3061097898254,0,1e-05
6167,11.7063393669814,0,1e-05
6168,11.3042686885619,0,1e-05
6169,11.7045828338036,0,1e-05
6170,11.3024279991352,0,1e-05
6171,11.7028266970132,0,1e-05
6172,11.3005877213262,0,1e-05
6173,11.7010709563942,0,1e-05
6174,11.2987478549151,0,1e-05
6175,11.6993156117257,0,1e-05
6176,11.2969083996816,0,1e-05
6177,11.6975606627875,0,1e-05
6178,11.2950693554099,0,1e-05
6179,11.6958061093658,0,1e-05
6180,11.2932307218807,0,1e-05
6181,11.6940519512415,0,1e-05
6182,11.2913924988792,0,1e-05
6183,11.6922981881976,0,1e-05
6184,11.289554686187,0,1e-05
6185,11.6905448200188,0,1e-05
6186,11.2877172835848,0,1e-05
6187,11.6887918464847,0,1e-05
6188,11.2858802908548,0,1e-05
6189,11.687039267381,0,1e-05
6190,11.2840437077826,0,1e-05
6191,11.6852870824887,0,1e-05
6192,11.2822075341524,0,1e-05
6193,11.683535291597,0,1e-05
6194,11.280371769749,0,1e-05
6195,11.6817838944884,0,1e-05
6196,11.2785364143546,0,1e-05
6197,11.6800328909452,0,1e-05
6198,11.2767014677552,0,1e-05
6199,11.6782822807542,0,1e-05
6200,11.2748669297336,0,1e-05
6201,11.6765320637003,0,1e-05
6202,11.2730328000768,0,1e-05
6203,11.6747822395703,0,1e-05
6204,11.2711990785686,0,1e-05
6205,11.6730328081482,0,1e-05
6206,11.2693657649953,0,1e-05
6207,11.671283769221,0,1e-05
6208,11.267532859144,0,1e-05
6209,11.6695351225734,0,1e-05
6210,11.2657003607966,0,1e-05
6211,11.6677868679921,0,1e-05
6212,11.2638682697452,0,1e-05
6213,11.6660390052674,0,1e-05
6214,11.2620365857746,0,1e-05
6215,11.6642915341834,0,1e-05
6216,11.2602053086694,0,1e-05
6217,11.662544454527,0,1e-05
6218,11.2583744382181,0,1e-05
6219,11.6607977660872,0,1e-05
6220,11.256543974212,0,1e-05
6221,11.6590514686528,0,1e-05
6222,11.2547139164345,0,1e-05
6223,11.6573055620102,0,1e-05
6224,11.2528842646773,0,1e-05
6225,11.655560045952,0,1e-05
6226,11.2510550187283,0,1e-05
6227,11.6538149202629,0,1e-05
6228,11.2492261783714,0,1e-05
6229,11.6520701847328,0,1e-05
6230,11.2473977433986,0,1e-05
6231,11.650325839148,0,1e-05
6232,11.2455697135983,0,1e-05
6233,11.6485818833007,0,1e-05
6234,11.2437420887616,0,1e-05
6235,11.6468383169833,0,1e-05
6236,11.2419148686787,0,1e-05
6237,11.645095139983,0,1e-05
6238,11.2400880531372,0,1e-05
6239,11.6433523520893,0,1e-05
6240,11.2382616419315,0,1e-05
6241,11.6416099530982,0,1e-05
6242,11.2364356348505,0,1e-05
6243,11.639867942796,0,1e-05
6244,11.2346100316827,0,1e-05
6245,11.638126320972,0,1e-05
6246,11.2327848322199,0,1e-05
6247,11.636385087421,0,1e-05
6248,11.2309600362512,0,1e-05
6249,11.6346442419327,0,1e-05
6250,11.2291356435722,0,1e-05
6251,11.6329037842994,0,1e-05
6252,11.2273116539729,0,1e-05
6253,11.6311637143159,0,1e-05
6254,11.2254880672473,0,1e-05
6255,11.6294240317703,0,1e-05
6256,11.2236648831859,0,1e-05
6257,11.6276847364606,0,1e-05
6258,11.221842101583,0,1e-05
6259,11.6259458281762,0,1e-05
6260,11.2200197222294,0,1e-05
6261,11.6242073067104,0,1e-05
6262,11.2181977449196,0,1e-05
6263,11.6224691718571,0,1e-05
6264,11.2163761694474,0,1e-05
6265,11.6207314234111,0,1e-05
6266,11.2145549956069,0,1e-05
6267,11.6189940611666,0,1e-05
6268,11.2127342231899,0,1e-05
6269,11.6172570849162,0,1e-05
6270,11.2109138519928,0,1e-05
6271,11.6155204944579,0,1e-05
6272,11.2090938818108,0,1e-05
6273,11.6137842895832,0,1e-05
6274,11.2072743124369,0,1e-05
6275,11.6120484700895,0,1e-05
6276,11.2054551436679,0,1e-05
6277,11.6103130357697,0,1e-05
6278,11.2036363752974,0,1e-05
6279,11.6085779864195,0,1e-05
6280,11.2018180071223,0,1e-05
6281,11.6068433218348,0,1e-05
6282,11.2000000389381,0,1e-05
6283,11.6051090418144,0,1e-05
6284,11.19818247054,0,1e-05
6285,11.6033751461532,0,1e-05
6286,11.1963653017266,0,1e-05
6287,11.6016416346486,0,1e-05
6288,11.1945485322937,0,1e-05
6289,11.5999085070972,0,1e-05
6290,11.1927321620368,0,1e-05
6291,11.5981757632949,0,1e-05
6292,11.1909161907549,0,1e-05
6293,11.5964434030391,0,1e-05
6294,11.1891006182422,0,1e-05
6295,11.5947114261274,0,1e-05
6296,11.1872854443008,0,1e-05
6297,11.5929798323591,0,1e-05
6298,11.1854706687252,0,1e-05
6299,11.5912486215313,0,1e-05
6300,11.1836562913161,0,1e-05
6301,11.5895177934423,0,1e-05
6302,11.1818423118705,0,1e-05
6303,11.5877873478913,0,1e-05
6304,11.180028730186,0,1e-05
6305,11.5860572846755,0,1e-05
6306,11.178215546062,0,1e-05
6307,11.5843276035947,0,1e-05
6308,11.1764027592989,0,1e-05
6309,11.5825983044506,0,1e-05
6310,11.1745903696963,0,1e-05
6311,11.5808693870428,0,1e-05
6312,11.1727783770543,0,1e-05
6313,11.5791408511702,0,1e-05
6314,11.1709667811722,0,1e-05
6315,11.5774126966326,0,1e-05
6316,11.1691555818503,0,1e-05
6317,11.5756849232306,0,1e-05
6318,11.1673447788889,0,1e-05
6319,11.5739575307661,0,1e-05
6320,11.1655343720881,0,1e-05
6321,11.5722305190395,0,1e-05
6322,11.1637243612524,0,1e-05
6323,11.5705038878521,0,1e-05
6324,11.1619147461819,0,1e-05
6325,11.5687776370071,0,1e-05
6326,11.1601055266773,0,1e-05
6327,11.5670517663022,0,1e-05
6328,11.1582967025373,0,1e-05
6329,11.5653262755399,0,1e-05
6330,11.1564882735681,0,1e-05
6331,11.5636011645235,0,1e-05
6332,11.1546802395687,0,1e-05
6333,11.5618764330553,0,1e-05
6334,11.1528726003419,0,1e-05
6335,11.5601520809363,0,1e-05
6336,11.1510653556907,0,1e-05
6337,11.5584281079715,0,1e-05
6338,11.1492585054217,0,1e-05
6339,11.5567045139647,0,1e-05
6340,11.1474520493348,0,1e-05
6341,11.554981298719,0,1e-05
6342,11.1456459872351,0,1e-05
6343,11.553258462038,0,1e-05
6344,11.143840318926,0,1e-05
6345,11.5515360037265,0,1e-05
6346,11.1420350442108,0,1e-05
6347,11.5498139235856,0,1e-05
6348,11.1402301628941,0,1e-05
6349,11.5480922214219,0,1e-05
6350,11.1384256747824,0,1e-05
6351,11.546370897041,0,1e-05
6352,11.1366215796786,0,1e-05
6353,11.5446499502463,0,1e-05
6354,11.1348178773885,0,1e-05
6355,11.5429293808442,0,1e-05
6356,11.1330145677174,0,1e-05
6357,11.5412091886402,0,1e-05
6358,11.1312116504692,0,1e-05
6359,11.5394893734384,0,1e-05
6360,11.1294091254523,0,1e-05
6361,11.5377699350454,0,1e-05
6362,11.1276069924726,0,1e-05
6363,11.5360508732675,0,1e-05
6364,11.125805251334,0,1e-05
6365,11.5343321879106,0,1e-05
6366,11.1240039018438,0,1e-05
6367,11.5326138787837,0,1e-05
6368,11.1222029438101,0,1e-05
6369,11.5308959456906,0,1e-05
6370,11.1204023770396,0,1e-05
6371,11.5291783884413,0,1e-05
6372,11.1186022013403,0,1e-05
6373,11.52746120684,0,1e-05
6374,11.1168024165174,0,1e-05
6375,11.5257444006963,0,1e-05
6376,11.1150030223778,0,1e-05
6377,11.5240279698161,0,1e-05
6378,11.1132040187331,0,1e-05
6379,11.5223119140113,0,1e-05
6380,11.1114054053914,0,1e-05
6381,11.5205962330886,0,1e-05
6382,11.10960718216,0,1e-05
6383,11.5188809268559,0,1e-05
6384,11.1078093488485,0,1e-05
6385,11.5171659951225,0,1e-05
6386,11.1060119052638,0,1e-05
6387,11.5154514376962,0,1e-05
6388,11.1042148512161,0,1e-05
6389,11.5137372543873,0,1e-05
6390,11.1024181865165,0,1e-05
6391,11.5120234450075,0,1e-05
6392,11.1006219109736,0,1e-05
6393,11.5103100093617,0,1e-05
6394,11.0988260243972,0,1e-05
6395,11.5085969472656,0,1e-05
6396,11.0970305265982,0,1e-05
6397,11.5068842585251,0,1e-05
6398,11.0952354173851,0,1e-05
6399,11.5051719429512,0,1e-05
6400,11.0934406965693,0,1e-05
6401,11.5034600003547,0,1e-05
6402,11.0916463639621,0,1e-05
6403,11.5017484305483,0,1e-05
6404,11.0898524193759,0,1e-05
6405,11.5000372333432,0,1e-05
6406,11.0880588626219,0,1e-05
6407,11.4983264085502,0,1e-05
6408,11.0862656935101,0,1e-05
6409,11.4966159559793,0,1e-05
6410,11.0844729118528,0,1e-05
6411,11.4949058754451,0,1e-05
6412,11.082680517463,0,1e-05
6413,11.4931961667577,0,1e-05
6414,11.0808885101537,0,1e-05
6415,11.4914868297313,0,1e-05
6416,11.0790968897369,0,1e-05
6417,11.4897778641785,0,1e-05
6418,11.077305656026,0,1e-05
6419,11.4880692699119,0,1e-05
6420,11.0755148088339,0,1e-05
6421,11.4863610467443,0,1e-05
6422,11.0737243479739,0,1e-05
6423,11.484653194489,0,1e-05
6424,11.0719342732586,0,1e-05
6425,11.4829457129591,0,1e-05
6426,11.0701445845036,0,1e-05
6427,11.4812386019675,0,1e-05
6428,11.0683552815207,0,1e-05
6429,11.4795318613303,0,1e-05
6430,11.0665663641254,0,1e-05
6431,11.4778254908602,0,1e-05
6432,11.0647778321317,0,1e-05
6433,11.4761194903732,0,1e-05
6434,11.0629896853567,0,1e-05
6435,11.4744138596847,0,1e-05
6436,11.0612019236141,0,1e-05
6437,11.472708598609,0,1e-05
6438,11.0594145467189,0,1e-05
6439,11.4710037069597,0,1e-05
6440,11.0576275544852,0,1e-05
6441,11.4692991845529,0,1e-05
6442,11.0558409467307,0,1e-05
6443,11.4675950312052,0,1e-05
6444,11.0540547232705,0,1e-05
6445,11.4658912467317,0,1e-05
6446,11.05226888392,0,1e-05
6447,11.4641878309486,0,1e-05
6448,11.0504834284968,0,1e-05
6449,11.4624847836728,0,1e-05
6450,11.0486983568173,0,1e-05
6451,11.4607821047203,0,1e-05
6452,11.0469136686988,0,1e-05
6453,11.4590797939087,0,1e-05
6454,11.0451293639598,0,1e-05
6455,11.4573778510564,0,1e-05
6456,11.043345442414,0,1e-05
6457,11.4556762759776,0,1e-05
6458,11.0415619038815,0,1e-05
6459,11.4539750684923,0,1e-05
6460,11.0397787481794,0,1e-05
6461,11.4522742284162,0,1e-05
6462,11.0379959751255,0,1e-05
6463,11.4505737555687,0,1e-05
6464,11.0362135845394,0,1e-05
6465,11.4488736497683,0,1e-05
6466,11.0344315762395,0,1e-05
6467,11.447173910833,0,1e-05
6468,11.0326499500439,0,1e-05
6469,11.4454745385811,0,1e-05
6470,11.0308687057714,0,1e-05
6471,11.4437755328312,0,1e-05
6472,11.02908784324,0,1e-05
6473,11.4420768934005,0,1e-05
6474,11.0273073622717,0,1e-05
6475,11.4403786201115,0,1e-05
6476,11.0255272626838,0,1e-05
6477,11.4386807127821,0,1e-05
6478,11.0237475442971,0,1e-05
6479,11.4369831712323,0,1e-05
6480,11.0219682069316,0,1e-05
6481,11.4352859952827,0,1e-05
6482,11.020189250407,0,1e-05
6483,11.4335891847534,0,1e-05
6484,11.0184106745459,0,1e-05
6485,11.4318927394646,0,1e-05
6486,11.0166324791685,0,1e-05
6487,11.4301966592383,0,1e-05
6488,11.0148546640956,0,1e-05
6489,11.4285009438941,0,1e-05
6490,11.0130772291492,0,1e-05
6491,11.4268055932545,0,1e-05
6492,11.0113001741503,0,1e-05
6493,11.4251106071399,0,1e-05
6494,11.009523498921,0,1e-05
6495,11.4234159853724,0,1e-05
6496,11.0077472032821,0,1e-05
6497,11.4217217277727,0,1e-05
6498,11.0059712870561,0,1e-05
6499,11.4200278341633,0,1e-05
6500,11.0041957500654,0,1e-05
6501,11.4183343043664,0,1e-05
6502,11.0024205921335,0,1e-05
6503,11.4166411382042,0,1e-05
6504,11.0006458130827,0,1e-05
6505,11.4149483355011,0,1e-05
6506,10.9988714127353,0,1e-05
6507,11.4132558960782,0,1e-05
6508,10.9970973909157,0,1e-05
6509,11.4115638197595,0,1e-05
6510,10.9953237474466,0,1e-05
6511,11.4098721063671,0,1e-05
6512,10.9935504821515,0,1e-05
6513,11.4081807557249,0,1e-05
6514,10.9917775948554,0,1e-05
6515,11.4064897676575,0,1e-05
6516,10.9900050853829,0,1e-05
6517,11.4047991419895,0,1e-05
6518,10.988232953558,0,1e-05
6519,11.4031088785441,0,1e-05
6520,10.9864611992044,0,1e-05
6521,11.4014189771456,0,1e-05
6522,10.9846898221478,0,1e-05
6523,11.3997294376198,0,1e-05
6524,10.9829188222133,0,1e-05
6525,11.3980402597898,0,1e-05
6526,10.981148199226,0,1e-05
6527,11.3963514434824,0,1e-05
6528,10.9793779530127,0,1e-05
6529,11.3946629885242,0,1e-05
6530,10.9776080833987,0,1e-05
6531,11.3929748947385,0,1e-05
6532,10.9758385902093,0,1e-05
6533,11.3912871619518,0,1e-05
6534,10.9740694732707,0,1e-05
6535,11.3895997899891,0,1e-05
6536,10.9723007324093,0,1e-05
6537,11.3879127786789,0,1e-05
6538,10.970532367452,0,1e-05
6539,11.3862261278458,0,1e-05
6540,10.9687643782273,0,1e-05
6541,11.384539837317,0,1e-05
6542,10.9669967645597,0,1e-05
6543,11.382853906919,0,1e-05
6544,10.9652295262775,0,1e-05
6545,11.3811683364798,0,1e-05
6546,10.9634626632086,0,1e-05
6547,11.3794831258261,0,1e-05
6548,10.961696175181,0,1e-05
6549,11.3777982747851,0,1e-05
6550,10.9599300620222,0,1e-05
6551,11.3761137831853,0,1e-05
6552,10.958164323561,0,1e-05
6553,11.3744296508534,0,1e-05
6554,10.9563989596244,0,1e-05
6555,11.3727458776175,0,1e-05
6556,10.9546339700411,0,1e-05
6557,11.3710624633064,0,1e-05
6558,10.95286935464,0,1e-05
6559,11.3693794077494,0,1e-05
6560,10.9511051132523,0,1e-05
6561,11.3676967107752,0,1e-05
6562,10.9493412457052,0,1e-05
6563,11.3660143722132,0,1e-05
6564,10.9475777518297,0,1e-05
6565,11.3643323918917,0,1e-05
6566,10.9458146314545,0,1e-05
6567,11.3626507696409,0,1e-05
6568,10.9440518844096,0,1e-05
6569,11.3609695052893,0,1e-05
6570,10.9422895105257,0,1e-05
6571,11.3592885986674,0,1e-05
6572,10.9405275096318,0,1e-05
6573,11.3576080496054,0,1e-05
6574,10.9387658815594,0,1e-05
6575,11.3559278579325,0,1e-05
6576,10.9370046261389,0,1e-05
6577,11.3542480234801,0,1e-05
6578,10.9352437432018,0,1e-05
6579,11.3525685460788,0,1e-05
6580,10.9334832325791,0,1e-05
6581,11.3508894255598,0,1e-05
6582,10.9317230941023,0,1e-05
6583,11.3492106617542,0,1e-05
6584,10.9299633276034,0,1e-05
6585,11.3475322544939,0,1e-05
6586,10.9282039329146,0,1e-05
6587,11.3458542036105,0,1e-05
6588,10.9264449098681,0,1e-05
6589,11.3441765089355,0,1e-05
6590,10.9246862582956,0,1e-05
6591,11.3424991702998,0,1e-05
6592,10.9229279780295,0,1e-05
6593,11.340822187536,0,1e-05
6594,10.9211700689025,0,1e-05
6595,11.3391455604773,0,1e-05
6596,10.9194125307477,0,1e-05
6597,11.3374692889554,0,1e-05
6598,10.9176553633989,0,1e-05
6599,11.3357933728044,0,1e-05
6600,10.9158985666891,0,1e-05
6601,11.3341178118561,0,1e-05
6602,10.9141421404508,0,1e-05
6603,11.332442605943,0,1e-05
6604,10.9123860845183,0,1e-05
6605,11.3307677549009,0,1e-05
6606,10.9106303987261,0,1e-05
6607,11.329093258561,0,1e-05
6608,10.9088750829079,0,1e-05
6609,11.3274191167586,0,1e-05
6610,10.907120136899,0,1e-05
6611,11.3257453293271,0,1e-05
6612,10.9053655605342,0,1e-05
6613,11.3240718961015,0,1e-05
6614,10.9036113536468,0,1e-05
6615,11.3223988169158,0,1e-05
6616,10.9018575160721,0,1e-05
6617,11.320726091604,0,1e-05
6618,10.9001040476464,0,1e-05
6619,11.3190537200022,0,1e-05
6620,10.8983509482046,0,1e-05
6621,11.3173817019455,0,1e-05
6622,10.8965982175823,0,1e-05
6623,11.3157100372677,0,1e-05
6624,10.8948458556158,0,1e-05
6625,11.3140387258051,0,1e-05
6626,10.8930938621408,0,1e-05
6627,11.3123677673935,0,1e-05
6628,10.8913422369935,0,1e-05
6629,11.310697161869,0,1e-05
6630,10.8895909800112,0,1e-05
6631,11.3090269090678,0,1e-05
6632,10.8878400910302,0,1e-05
6633,11.3073570088253,0,1e-05
6634,10.8860895698876,0,1e-05
6635,11.3056874609791,0,1e-05
6636,10.8843394164199,0,1e-05
6637,11.304018265366,0,1e-05
6638,10.8825896304659,0,1e-05
6639,11.3023494218223,0,1e-05
6640,10.8808402118621,0,1e-05
6641,11.300680930186,0,1e-05
6642,10.8790911604467,0,1e-05
6643,11.2990127902941,0,1e-05
6644,10.8773424760567,0,1e-05
6645,11.2973450019826,0,1e-05
6646,10.8755941585311,0,1e-05
6647,11.2956775650909,0,1e-05
6648,10.8738462077074,0,1e-05
6649,11.294010479455,0,1e-05
6650,10.872098623425,0,1e-05
6651,11.2923437449153,0,1e-05
6652,10.8703514055222,0,1e-05
6653,11.2906773613089,0,1e-05
6654,10.8686045538388,0,1e-05
6655,11.2890113284754,0,1e-05
6656,10.866858068213,0,1e-05
6657,11.2873456462526,0,1e-05
6658,10.8651119484852,0,1e-05
6659,11.2856803144794,0,1e-05
6660,10.8633661944936,0,1e-05
6661,11.2840153329945,0,1e-05
6662,10.8616208060788,0,1e-05
6663,11.2823507016382,0,1e-05
6664,10.8598757830816,0,1e-05
6665,11.2806864202508,0,1e-05
6666,10.8581311253419,0,1e-05
6667,11.2790224886709,0,1e-05
6668,10.8563868326997,0,1e-05
6669,11.2773589067384,0,1e-05
6670,10.8546429049956,0,1e-05
6671,11.2756956742932,0,1e-05
6672,10.8528993420704,0,1e-05
6673,11.2740327911765,0,1e-05
6674,10.851156143765,0,1e-05
6675,11.272370257228,0,1e-05
6676,10.8494133099209,0,1e-05
6677,11.2707080722885,0,1e-05
6678,10.8476708403789,0,1e-05
6679,11.2690462361994,0,1e-05
6680,10.8459287349827,0,1e-05
6681,11.267384748802,0,1e-05
6682,10.8441869935721,0,1e-05
6683,11.2657236099372,0,1e-05
6684,10.8424456159892,0,1e-05
6685,11.2640628194465,0,1e-05
6686,10.8407046020764,0,1e-05
6687,11.2624023771712,0,1e-05
6688,10.8389639516764,0,1e-05
6689,11.2607422829528,0,1e-05
6690,10.837223664632,0,1e-05
6691,11.2590825366355,0,1e-05
6692,10.8354837407862,0,1e-05
6693,11.2574231380604,0,1e-05
6694,10.8337441799816,0,1e-05
6695,11.2557640870695,0,1e-05
6696,10.8320049820607,0,1e-05
6697,11.2541053835057,0,1e-05
6698,10.8302661468676,0,1e-05
6699,11.252447027212,0,1e-05
6700,10.8285276742463,0,1e-05
6701,11.2507890180319,0,1e-05
6702,10.8267895640402,0,1e-05
6703,11.2491313558083,0,1e-05
6704,10.8250518160937,0,1e-05
6705,11.2474740403847,0,1e-05
6706,10.8233144302508,0,1e-05
6707,11.2458170716051,0,1e-05
6708,10.8215774063566,0,1e-05
6709,11.2441604493133,0,1e-05
6710,10.8198407442542,0,1e-05
6711,11.2425041733531,0,1e-05
6712,10.81810444379,0,1e-05
6713,11.2408482435684,0,1e-05
6714,10.8163685048074,0,1e-05
6715,11.2391926598036,0,1e-05
6716,10.8146329271525,0,1e-05
6717,11.237537421904,0,1e-05
6718,10.8128977106709,0,1e-05
6719,11.2358825297148,0,1e-05
6720,10.811162855208,0,1e-05
6721,11.2342279830801,0,1e-05
6722,10.8094283606102,0,1e-05
6723,11.2325737818458,0,1e-05
6724,10.8076942267227,0,1e-05
6725,11.2309199258569,0,1e-05
6726,10.8059604533919,0,1e-05
6727,11.2292664149587,0,1e-05
6728,10.804227040464,0,1e-05
6729,11.2276132489979,0,1e-05
6730,10.8024939877856,0,1e-05
6731,11.2259604278191,0,1e-05
6732,10.800761295204,0,1e-05
6733,11.2243079512697,0,1e-05
6734,10.7990289625654,0,1e-05
6735,11.2226558191954,0,1e-05
6736,10.7972969897176,0,1e-05
6737,11.2210040314426,0,1e-05
6738,10.7955653765073,0,1e-05
6739,11.2193525878585,0,1e-05
6740,10.7938341227821,0,1e-05
6741,11.2177014882902,0,1e-05
6742,10.7921032283906,0,1e-05
6743,11.2160507325846,0,1e-05
6744,10.79037269318,0,1e-05
6745,11.2144003205883,0,1e-05
6746,10.7886425169985,0,1e-05
6747,11.2127502521496,0,1e-05
6748,10.786912699695,0,1e-05
6749,11.2111005271164,0,1e-05
6750,10.785183241117,0,1e-05
6751,11.2094511453362,0,1e-05
6752,10.7834541411141,0,1e-05
6753,11.2078021066567,0,1e-05
6754,10.7817253995344,0,1e-05
6755,11.2061534109267,0,1e-05
6756,10.7799970162273,0,1e-05
6757,11.2045050579944,0,1e-05
6758,10.7782689910424,0,1e-05
6759,11.2028570477084,0,1e-05
6760,10.7765413238295,0,1e-05
6761,11.2012093799175,0,1e-05
6762,10.7748140144368,0,1e-05
6763,11.1995620544706,0,1e-05
6764,10.773087062716,0,1e-05
6765,11.1979150712169,0,1e-05
6766,10.7713604685153,0,1e-05
6767,11.1962684300056,0,1e-05
6768,10.7696342316858,0,1e-05
6769,11.1946221306864,0,1e-05
6770,10.7679083520781,0,1e-05
6771,11.1929761731093,0,1e-05
6772,10.7661828295428,0,1e-05
6773,11.1913305571247,0,1e-05
6774,10.7644576639302,0,1e-05
6775,11.1896852825816,0,1e-05
6776,10.7627328550921,0,1e-05
6777,11.1880403493309,0,1e-05
6778,10.7610084028791,0,1e-05
6779,11.1863957572231,0,1e-05
6780,10.7592843071423,0,1e-05
6781,11.1847515061084,0,1e-05
6782,10.7575605677337,0,1e-05
6783,11.1831075958385,0,1e-05
6784,10.7558371845054,0,1e-05
6785,11.181464026264,0,1e-05
6786,10.7541141573089,0,1e-05
6787,11.1798207972363,0,1e-05
6788,10.7523914859966,0,1e-05
6789,11.1781779086063,0,1e-05
6790,10.7506691704201,0,1e-05
6791,11.176535360226,0,1e-05
6792,10.7489472104324,0,1e-05
6793,11.174893151947,0,1e-05
6794,10.747225605886,0,1e-05
6795,11.1732512836216,0,1e-05
6796,10.745504356634,0,1e-05
6797,11.1716097551011,0,1e-05
6798,10.7437834625294,0,1e-05
6799,11.1699685662384,0,1e-05
6800,10.7420629234246,0,1e-05
6801,11.1683277168855,0,1e-05
6802,10.7403427391736,0,1e-05
6803,11.1666872068958,0,1e-05
6804,10.7386229096305,0,1e-05
6805,11.165047036122,0,1e-05
6806,10.7369034346493,0,1e-05
6807,11.1634072044174,0,1e-05
6808,10.7351843140832,0,1e-05
6809,11.1617677116349,0,1e-05
6810,10.7334655477864,0,1e-05
6811,11.1601285576276,0,1e-05
6812,10.7317471356137,0,1e-05
6813,11.1584897422496,0,1e-05
6814,10.730029077419,0,1e-05
6815,11.1568512653542,0,1e-05
6816,10.7283113730577,0,1e-05
6817,11.1552131267957,0,1e-05
6818,10.7265940223843,0,1e-05
6819,11.1535753264282,0,1e-05
6820,10.7248770252536,0,1e-05
6821,11.1519378641058,0,1e-05
6822,10.7231603815215,0,1e-05
6823,11.1503007396837,0,1e-05
6824,10.7214440910436,0,1e-05
6825,11.1486639530161,0,1e-05
6826,10.7197281536749,0,1e-05
6827,11.1470275039577,0,1e-05
6828,10.7180125692719,0,1e-05
6829,11.1453913923636,0,1e-05
6830,10.7162973376901,0,1e-05
6831,11.1437556180895,0,1e-05
6832,10.7145824587856,0,1e-05
6833,11.1421201809899,0,1e-05
6834,10.7128679324149,0,1e-05
6835,11.1404850809211,0,1e-05
6836,10.7111537584347,0,1e-05
6837,11.1388503177381,0,1e-05
6838,10.7094399367009,0,1e-05
6839,11.137215891297,0,1e-05
6840,10.7077264670714,0,1e-05
6841,11.1355818014545,0,1e-05
6842,10.7060133494028,0,1e-05
6843,11.1339480480667,0,1e-05
6844,10.704300583553,0,1e-05
6845,11.1323146309897,0,1e-05
6846,10.7025881693786,0,1e-05
6847,11.1306815500806,0,1e-05
6848,10.7008761067382,0,1e-05
6849,11.1290488051962,0,1e-05
6850,10.6991643954887,0,1e-05
6851,11.1274163961933,0,1e-05
6852,10.697453035489,0,1e-05
6853,11.125784322929,0,1e-05
6854,10.6957420265965,0,1e-05
6855,11.1241525852611,0,1e-05
6856,10.6940313686702,0,1e-05
6857,11.1225211830466,0,1e-05
6858,10.6923210615678,0,1e-05
6859,11.1208901161429,0,1e-05
6860,10.6906111051486,0,1e-05
6861,11.1192593844086,0,1e-05
6862,10.6889014992716,0,1e-05
6863,11.1176289877014,0,1e-05
6864,10.6871922437952,0,1e-05
6865,11.1159989258793,0,1e-05
6866,10.6854833385792,0,1e-05
6867,11.1143691988011,0,1e-05
6868,10.6837747834828,0,1e-05
6869,11.1127398063249,0,1e-05
6870,10.6820665783657,0,1e-05
6871,11.1111107483099,0,1e-05
6872,10.6803587230877,0,1e-05
6873,11.1094820246151,0,1e-05
6874,10.678651217509,0,1e-05
6875,11.1078536350992,0,1e-05
6876,10.6769440614895,0,1e-05
6877,11.1062255796222,0,1e-05
6878,10.6752372548897,0,1e-05
6879,11.1045978580425,0,1e-05
6880,10.6735307975696,0,1e-05
6881,11.1029704702204,0,1e-05
6882,10.6718246893905,0,1e-05
6883,11.1013434160151,0,1e-05
6884,10.6701189302126,0,1e-05
6885,11.0997166952872,0,1e-05
6886,10.6684135198972,0,1e-05
6887,11.0980903078964,0,1e-05
6888,10.6667084583056,0,1e-05
6889,11.0964642537031,0,1e-05
6890,10.6650037452991,0,1e-05
6891,11.0948385325679,0,1e-05
6892,10.663299380739,0,1e-05
6893,11.0932131443514,0,1e-05
6894,10.6615953644875,0,1e-05
6895,11.091588088914,0,1e-05
6896,10.659891696406,0,1e-05
6897,11.0899633661174,0,1e-05
6898,10.6581883763572,0,1e-05
6899,11.0883389758226,0,1e-05
6900,10.6564854042033,0,1e-05
6901,11.086714917891,0,1e-05
6902,10.6547827798064,0,1e-05
6903,11.0850911921839,0,1e-05
6904,10.6530805030289,0,1e-05
6905,11.0834677985627,0,1e-05
6906,10.6513785737337,0,1e-05
6907,11.0818447368894,0,1e-05
6908,10.649676991784,0,1e-05
6909,11.0802220070262,0,1e-05
6910,10.6479757570429,0,1e-05
6911,11.0785996088354,0,1e-05
6912,10.6462748693734,0,1e-05
6913,11.076977542179,0,1e-05
6914,10.644574328639,0,1e-05
6915,11.0753558069194,0,1e-05
6916,10.6428741347033,0,1e-05
6917,11.0737344029195,0,1e-05
6918,10.6411742874302,0,1e-05
6919,11.0721133300424,0,1e-05
6920,10.639474786684,0,1e-05
6921,11.070492588151,0,1e-05
6922,10.6377756323288,0,1e-05
6923,11.0688721771082,0,1e-05
6924,10.6360768242282,0,1e-05
6925,11.0672520967779,0,1e-05
6926,10.6343783622475,0,1e-05
6927,11.065632347023,0,1e-05
6928,10.6326802462512,0,1e-05
6929,11.064012927708,0,1e-05
6930,10.6309824761037,0,1e-05
6931,11.0623938386963,0,1e-05
6932,10.6292850516705,0,1e-05
6933,11.0607750798515,0,1e-05
6934,10.6275879728169,0,1e-05
6935,11.0591566510388,0,1e-05
6936,10.6258912394079,0,1e-05
6937,11.057538552122,0,1e-05
6938,10.624194851309,0,1e-05
6939,11.0559207829653,0,1e-05
6940,10.6224988083859,0,1e-05
6941,11.054303343434,0,1e-05
6942,10.6208031105045,0,1e-05
6943,11.0526862333931,0,1e-05
6944,10.6191077575315,0,1e-05
6945,11.051069452707,0,1e-05
6946,10.6174127493319,0,1e-05
6947,11.0494530012411,0,1e-05
6948,10.6157180857732,0,1e-05
6949,11.0478368788613,0,1e-05
6950,10.6140237667216,0,1e-05
6951,11.0462210854327,0,1e-05
6952,10.6123297920434,0,1e-05
6953,11.0446056208211,0,1e-05
6954,10.6106361616058,0,1e-05
6955,11.0429904848922,0,1e-05
6956,10.6089428752756,0,1e-05
6957,11.0413756775125,0,1e-05
6958,10.6072499329208,0,1e-05
6959,11.0397611985475,0,1e-05
6960,10.6055573344081,0,1e-05
6961,11.0381470478639,0,1e-05
6962,10.603865079605,0,1e-05
6963,11.0365332253282,0,1e-05
6964,10.6021731683793,0,1e-05
6965,11.0349197308073,0,1e-05
6966,10.6004816005993,0,1e-05
6967,11.0333065641677,0,1e-05
6968,10.5987903761322,0,1e-05
6969,11.0316937252765,0,1e-05
6970,10.597099494847,0,1e-05
6971,11.0300812140008,0,1e-05
6972,10.5954089566115,0,1e-05
6973,11.0284690302081,0,1e-05
6974,10.5937187612948,0,1e-05
6975,11.026857173766,0,1e-05
6976,10.5920289087652,0,1e-05
6977,11.0252456445421,0,1e-05
6978,10.5903393988918,0,1e-05
6979,11.0236344424042,0,1e-05
6980,10.5886502315439,0,1e-05
6981,11.0220235672204,0,1e-05
6982,10.5869614065903,0,1e-05
6983,11.0204130188582,0,1e-05
6984,10.5852729239006,0,1e-05
6985,11.0188027971872,0,1e-05
6986,10.5835847833441,0,1e-05
6987,11.0171929020746,0,1e-05
6988,10.5818969847909,0,1e-05
6989,11.0155833333899,0,1e-05
6990,10.5802095281106,0,1e-05
6991,11.0139740910015,0,1e-05
6992,10.5785224131733,0,1e-05
6993,11.0123651747785,0,1e-05
6994,10.5768356398496,0,1e-05
6995,11.0107565845903,0,1e-05
6996,10.5751492080095,0,1e-05
6997,11.0091483203059,0,1e-05
6998,10.5734631175236,0,1e-05
6999,11.0075403817946,0,1e-05
7000,10.5717773682625,0,1e-05
7001,11.0059327689262,0,1e-05
7002,10.5700919600975,0,1e-05
7003,11.0043254815706,0,1e-05
7004,10.568406892899,0,1e-05
7005,11.0027185195974,0,1e-05
7006,10.5667221665385,0,1e-05
7007,11.0011118828768,0,1e-05
7008,10.5650377808872,0,1e-05
7009,10.9995055712789,0,1e-05
7010,10.5633537358169,0,1e-05
7011,10.9978995846746,0,1e-05
7012,10.5616700311992,0,1e-05
7013,10.9962939229343,0,1e-05
7014,10.5599866669058,0,1e-05
7015,10.9946885859282,0,1e-05
7016,10.5583036428088,0,1e-05
7017,10.9930835735277,0,1e-05
7018,10.5566209587805,0,1e-05
7019,10.9914788856038,0,1e-05
7020,10.5549386146929,0,1e-05
7021,10.9898745220277,0,1e-05
7022,10.5532566104189,0,1e-05
7023,10.9882704826706,0,1e-05
7024,10.5515749458308,0,1e-05
7025,10.9866667674042,0,1e-05
7026,10.5498936208019,0,1e-05
7027,10.9850633761003,0,1e-05
7028,10.5482126352046,0,1e-05
7029,10.9834603086302,0,1e-05
7030,10.5465319889123,0,1e-05
7031,10.9818575648663,0,1e-05
7032,10.5448516817981,0,1e-05
7033,10.9802551446807,0,1e-05
7034,10.5431717137357,0,1e-05
7035,10.9786530479456,0,1e-05
7036,10.5414920845987,0,1e-05
7037,10.9770512745335,0,1e-05
7038,10.539812794261,0,1e-05
7039,10.9754498243169,0,1e-05
7040,10.5381338425961,0,1e-05
7041,10.9738486971691,0,1e-05
7042,10.5364552294786,0,1e-05
7043,10.9722478929621,0,1e-05
7044,10.5347769547821,0,1e-05
7045,10.9706474115697,0,1e-05
7046,10.5330990183817,0,1e-05
7047,10.9690472528651,0,1e-05
7048,10.5314214201518,0,1e-05
7049,10.9674474167216,0,1e-05
7050,10.5297441599671,0,1e-05
7051,10.9658479030128,0,1e-05
7052,10.5280672377024,0,1e-05
7053,10.9642487116123,0,1e-05
7054,10.5263906532325,0,1e-05
7055,10.9626498423939,0,1e-05
7056,10.5247144064333,0,1e-05
7057,10.9610512952315,0,1e-05
7058,10.5230384971795,0,1e-05
7059,10.9594530699998,0,1e-05
7060,10.521362925347,0,1e-05
7061,10.9578551665727,0,1e-05
7062,10.5196876908115,0,1e-05
7063,10.9562575848249,0,1e-05
7064,10.5180127934481,0,1e-05
7065,10.9546603246307,0,1e-05
7066,10.5163382331339,0,1e-05
7067,10.9530633858651,0,1e-05
7068,10.5146640097443,0,1e-05
7069,10.9514667684033,0,1e-05
7070,10.512990123156,0,1e-05
7071,10.9498704721198,0,1e-05
7072,10.5113165732452,0,1e-05
7073,10.9482744968901,0,1e-05
7074,10.5096433598886,0,1e-05
7075,10.9466788425897,0,1e-05
7076,10.5079704829629,0,1e-05
7077,10.9450835090945,0,1e-05
7078,10.5062979423455,0,1e-05
7079,10.9434884962796,0,1e-05
7080,10.5046257379127,0,1e-05
7081,10.941893804021,0,1e-05
7082,10.5029538695424,0,1e-05
7083,10.9402994321949,0,1e-05
7084,10.5012823371119,0,1e-05
7085,10.9387053806775,0,1e-05
7086,10.4996111404987,0,1e-05
7087,10.9371116493451,0,1e-05
7088,10.4979402795802,0,1e-05
7089,10.9355182380738,0,1e-05
7090,10.496269754235,0,1e-05
7091,10.9339251467411,0,1e-05
7092,10.4945995643405,0,1e-05
7093,10.9323323752228,0,1e-05
7094,10.492929709775,0,1e-05
7095,10.9307399233961,0,1e-05
7096,10.491260190417,0,1e-05
7097,10.9291477911382,0,1e-05
7098,10.4895910061445,0,1e-05
7099,10.9275559783262,0,1e-05
7100,10.4879221568368,0,1e-05
7101,10.9259644848377,0,1e-05
7102,10.4862536423721,0,1e-05
7103,10.9243733105499,0,1e-05
7104,10.4845854626296,0,1e-05
7105,10.9227824553407,0,1e-05
7106,10.4829176174886,0,1e-05
7107,10.9211919190879,0,1e-05
7108,10.4812501068282,0,1e-05
7109,10.9196017016693,0,1e-05
7110,10.4795829305274,0,1e-05
7111,10.9180118029633,0,1e-05
7112,10.4779160884664,0,1e-05
7113,10.9164222228478,0,1e-05
7114,10.4762495805244,0,1e-05
7115,10.9148329612016,0,1e-05
7116,10.4745834065814,0,1e-05
7117,10.913244017903,0,1e-05
7118,10.472917566518,0,1e-05
7119,10.9116553928312,0,1e-05
7120,10.4712520602137,0,1e-05
7121,10.9100670858643,0,1e-05
7122,10.4695868875489,0,1e-05
7123,10.9084790968819,0,1e-05
7124,10.467922048404,0,1e-05
7125,10.9068914257629,0,1e-05
7126,10.4662575426596,0,1e-05
7127,10.9053040723868,0,1e-05
7128,10.4645933701972,0,1e-05
7129,10.9037170366328,0,1e-05
7130,10.4629295308967,0,1e-05
7131,10.9021303183806,0,1e-05
7132,10.4612660246399,0,1e-05
7133,10.9005439175102,0,1e-05
7134,10.4596028513074,0,1e-05
7135,10.8989578339013,0,1e-05
7136,10.4579400107813,0,1e-05
7137,10.8973720674339,0,1e-05
7138,10.4562775029427,0,1e-05
7139,10.8957866179883,0,1e-05
7140,10.4546153276732,0,1e-05
7141,10.8942014854449,0,1e-05
7142,10.4529534848549,0,1e-05
7143,10.8926166696842,0,1e-05
7144,10.4512919743695,0,1e-05
7145,10.8910321705866,0,1e-05
7146,10.4496307960994,0,1e-05
7147,10.8894479880331,0,1e-05
7148,10.4479699499268,0,1e-05
7149,10.8878641219042,0,1e-05
7150,10.4463094357337,0,1e-05
7151,10.8862805720818,0,1e-05
7152,10.4446492534033,0,1e-05
7153,10.8846973384466,0,1e-05
7154,10.4429894028181,0,1e-05
7155,10.8831144208802,0,1e-05
7156,10.4413298838608,0,1e-05
7157,10.8815318192634,0,1e-05
7158,10.4396706964145,0,1e-05
7159,10.8799495334786,0,1e-05
7160,10.4380118403622,0,1e-05
7161,10.8783675634075,0,1e-05
7162,10.4363533155875,0,1e-05
7163,10.8767859089317,0,1e-05
7164,10.4346951219738,0,1e-05
7165,10.8752045699334,0,1e-05
7166,10.4330372594043,0,1e-05
7167,10.8736235462949,0,1e-05
7168,10.4313797277636,0,1e-05
7169,10.8720428378992,0,1e-05
7170,10.4297225269349,0,1e-05
7171,10.8704624446278,0,1e-05
7172,10.4280656568024,0,1e-05
7173,10.8688823663638,0,1e-05
7174,10.4264091172503,0,1e-05
7175,10.8673026029904,0,1e-05
7176,10.424752908163,0,1e-05
7177,10.8657231543898,0,1e-05
7178,10.4230970294248,0,1e-05
7179,10.8641440204455,0,1e-05
7180,10.4214414809205,0,1e-05
7181,10.8625652010405,0,1e-05
7182,10.4197862625351,0,1e-05
7183,10.8609866960586,0,1e-05
7184,10.418131374153,0,1e-05
7185,10.859408505383,0,1e-05
7186,10.4164768156599,0,1e-05
7187,10.8578306288975,0,1e-05
7188,10.4148225869405,0,1e-05
7189,10.856253066486,0,1e-05
7190,10.4131686878806,0,1e-05
7191,10.8546758180325,0,1e-05
7192,10.4115151183654,0,1e-05
7193,10.8530988834209,0,1e-05
7194,10.4098618782807,0,1e-05
7195,10.8515222625352,0,1e-05
7196,10.4082089675117,0,1e-05
7197,10.8499459552602,0,1e-05
7198,10.4065563859451,0,1e-05
7199,10.8483699614803,0,1e-05
7200,10.4049041334669,0,1e-05
7201,10.8467942810799,0,1e-05
7202,10.403252209963,0,1e-05
7203,10.8452189139442,0,1e-05
7204,10.40160061532,0,1e-05
7205,10.843643859958,0,1e-05
7206,10.3999493494243,0,1e-05
7207,10.8420691190062,0,1e-05
7208,10.3982984121626,0,1e-05
7209,10.8404946909741,0,1e-05
7210,10.396647803422,0,1e-05
7211,10.8389205757476,0,1e-05
7212,10.3949975230889,0,1e-05
7213,10.8373467732116,0,1e-05
7214,10.3933475710507,0,1e-05
7215,10.8357732832517,0,1e-05
7216,10.3916979471947,0,1e-05
7217,10.8342001057541,0,1e-05
7218,10.3900486514085,0,1e-05
7219,10.8326272406043,0,1e-05
7220,10.3883996835787,0,1e-05
7221,10.8310546876886,0,1e-05
7222,10.386751043594,0,1e-05
7223,10.8294824468931,0,1e-05
7224,10.3851027313412,0,1e-05
7225,10.8279105181043,0,1e-05
7226,10.3834547467091,0,1e-05
7227,10.8263389012084,0,1e-05
7228,10.3818070895855,0,1e-05
7229,10.8247675960922,0,1e-05
7230,10.3801597598585,0,1e-05
7231,10.8231966026427,0,1e-05
7232,10.3785127574167,0,1e-05
7233,10.8216259207463,0,1e-05
7234,10.3768660821483,0,1e-05
7235,10.8200555502904,0,1e-05
7236,10.3752197339423,0,1e-05
7237,10.8184854911621,0,1e-05
7238,10.3735737126878,0,1e-05
7239,10.8169157432485,0,1e-05
7240,10.3719280182728,0,1e-05
7241,10.8153463064372,0,1e-05
7242,10.3702826505867,0,1e-05
7243,10.813777180616,0,1e-05
7244,10.3686376095191,0,1e-05
7245,10.8122083656724,0,1e-05
7246,10.3669928949593,0,1e-05
7247,10.8106398614942,0,1e-05
7248,10.3653485067965,0,1e-05
7249,10.8090716679698,0,1e-05
7250,10.3637044449208,0,1e-05
7251,10.8075037849866,0,1e-05
7252,10.3620607092213,0,1e-05
7253,10.8059362124336,0,1e-05
7254,10.3604172995883,0,1e-05
7255,10.8043689501987,0,1e-05
7256,10.3587742159122,0,1e-05
7257,10.8028019981707,0,1e-05
7258,10.3571314580822,0,1e-05
7259,10.8012353562383,0,1e-05
7260,10.3554890259898,0,1e-05
7261,10.7996690242903,0,1e-05
7262,10.3538469195246,0,1e-05
7263,10.7981030022155,0,1e-05
7264,10.3522051385777,0,1e-05
7265,10.7965372899027,0,1e-05
7266,10.3505636830395,0,1e-05
7267,10.7949718872421,0,1e-05
7268,10.3489225528013,0,1e-05
7269,10.7934067941223,0,1e-05
7270,10.3472817477538,0,1e-05
7271,10.7918420104328,0,1e-05
7272,10.3456412677881,0,1e-05
7273,10.7902775360635,0,1e-05
7274,10.344001112796,0,1e-05
7275,10.788713370904,0,1e-05
7276,10.3423612826684,0,1e-05
7277,10.7871495148445,0,1e-05
7278,10.3407217772972,0,1e-05
7279,10.7855859677744,0,1e-05
7280,10.3390825965739,0,1e-05
7281,10.7840227295845,0,1e-05
7282,10.3374437403907,0,1e-05
7283,10.7824598001647,0,1e-05
7284,10.3358052086391,0,1e-05
7285,10.7808971794058,0,1e-05
7286,10.3341670012115,0,1e-05
7287,10.7793348671982,0,1e-05
7288,10.3325291180003,0,1e-05
7289,10.7777728634326,0,1e-05
7290,10.3308915588978,0,1e-05
7291,10.7762111679994,0,1e-05
7292,10.3292543237965,0,1e-05
7293,10.7746497807902,0,1e-05
7294,10.3276174125887,0,1e-05
7295,10.7730887016957,0,1e-05
7296,10.3259808251676,0,1e-05
7297,10.7715279306077,0,1e-05
7298,10.3243445614261,0,1e-05
7299,10.7699674674167,0,1e-05
7300,10.3227086212571,0,1e-05
7301,10.7684073120144,0,1e-05
7302,10.3210730045543,0,1e-05
7303,10.7668474642935,0,1e-05
7304,10.3194377112107,0,1e-05
7305,10.7652879241448,0,1e-05
7306,10.3178027411197,0,1e-05
7307,10.7637286914604,0,1e-05
7308,10.3161680941751,0,1e-05
7309,10.7621697661323,0,1e-05
7310,10.3145337702708,0,1e-05
7311,10.7606111480526,0,1e-05
7312,10.3128997693003,0,1e-05
7313,10.759052837114,0,1e-05
7314,10.311266091158,0,1e-05
7315,10.7574948332083,0,1e-05
7316,10.3096327357378,0,1e-05
7317,10.7559371362283,0,1e-05
7318,10.3079997029339,0,1e-05
7319,10.7543797460666,0,1e-05
7320,10.3063669926408,0,1e-05
7321,10.7528226626164,0,1e-05
7322,10.3047346047531,0,1e-05
7323,10.7512658857701,0,1e-05
7324,10.3031025391657,0,1e-05
7325,10.7497094154213,0,1e-05
7326,10.3014707957731,0,1e-05
7327,10.7481532514629,0,1e-05
7328,10.2998393744702,0,1e-05
7329,10.7465973937882,0,1e-05
7330,10.2982082751526,0,1e-05
7331,10.7450418422909,0,1e-05
7332,10.2965774977153,0,1e-05
7333,10.7434865968649,0,1e-05
7334,10.2949470420535,0,1e-05
7335,10.7419316574033,0,1e-05
7336,10.2933169080629,0,1e-05
7337,10.7403770238002,0,1e-05
7338,10.291687095639,0,1e-05
7339,10.7388226959497,0,1e-05
7340,10.2900576046775,0,1e-05
7341,10.7372686737456,0,1e-05
7342,10.2884284350744,0,1e-05
7343,10.7357149570825,0,1e-05
7344,10.2867995867253,0,1e-05
7345,10.7341615458546,0,1e-05
7346,10.2851710595269,0,1e-05
7347,10.7326084399565,0,1e-05
7348,10.2835428533757,0,1e-05
7349,10.7310556392829,0,1e-05
7350,10.2819149681674,0,1e-05
7351,10.7295031437283,0,1e-05
7352,10.280287403799,0,1e-05
7353,10.727950953188,0,1e-05
7354,10.2786601601668,0,1e-05
7355,10.7263990675566,0,1e-05
7356,10.2770332371679,0,1e-05
7357,10.7248474867294,0,1e-05
7358,10.2754066346992,0,1e-05
7359,10.7232962106017,0,1e-05
7360,10.2737803526578,0,1e-05
7361,10.7217452390691,0,1e-05
7362,10.2721543909407,0,1e-05
7363,10.7201945720266,0,1e-05
7364,10.2705287494454,0,1e-05
7365,10.7186442093703,0,1e-05
7366,10.2689034280692,0,1e-05
7367,10.7170941509958,0,1e-05
7368,10.2672784267101,0,1e-05
7369,10.7155443967993,0,1e-05
7370,10.2656537452651,0,1e-05
7371,10.7139949466766,0,1e-05
7372,10.264029383633,0,1e-05
7373,10.7124458005237,0,1e-05
7374,10.262405341711,0,1e-05
7375,10.7108969582374,0,1e-05
7376,10.2607816193976,0,1e-05
7377,10.7093484197138,0,1e-05
7378,10.2591582165906,0,1e-05
7379,10.7078001848493,0,1e-05
7380,10.2575351331892,0,1e-05
7381,10.7062522535413,0,1e-05
7382,10.2559123690912,0,1e-05
7383,10.7047046256859,0,1e-05
7384,10.2542899241954,0,1e-05
7385,10.7031573011801,0,1e-05
7386,10.2526677984004,0,1e-05
7387,10.7016102799211,0,1e-05
7388,10.2510459916055,0,1e-05
7389,10.7000635618058,0,1e-05
7390,10.2494245037091,0,1e-05
7391,10.6985171467319,0,1e-05
7392,10.247803334611,0,1e-05
7393,10.6969710345967,0,1e-05
7394,10.2461824842102,0,1e-05
7395,10.6954252252982,0,1e-05
7396,10.2445619524067,0,1e-05
7397,10.6938797187335,0,1e-05
7398,10.2429417390983,0,1e-05
7399,10.6923345148002,0,1e-05
7400,10.2413218441859,0,1e-05
7401,10.6907896133964,0,1e-05
7402,10.239702267569,0,1e-05
7403,10.6892450144201,0,1e-05
7404,10.2380830091477,0,1e-05
7405,10.68770071777,0,1e-05
7406,10.2364640688216,0,1e-05
7407,10.6861567233439,0,1e-05
7408,10.2348454464913,0,1e-05
7409,10.6846130310405,0,1e-05
7410,10.2332271420572,0,1e-05
7411,10.6830696407579,0,1e-05
7412,10.2316091554192,0,1e-05
7413,10.6815265523953,0,1e-05
7414,10.2299914864776,0,1e-05
7415,10.6799837658512,0,1e-05
7416,10.228374135134,0,1e-05
7417,10.6784412810246,0,1e-05
7418,10.2267571012885,0,1e-05
7419,10.6768990978145,0,1e-05
7420,10.2251403848421,0,1e-05
7421,10.6753572161201,0,1e-05
7422,10.223523985696,0,1e-05
7423,10.6738156358407,0,1e-05
7424,10.2219079037514,0,1e-05
7425,10.6722743568759,0,1e-05
7426,10.2202921389093,0,1e-05
7427,10.6707333791244,0,1e-05
7428,10.2186766910709,0,1e-05
7429,10.6691927024866,0,1e-05
7430,10.2170615601388,0,1e-05
7431,10.6676523268629,0,1e-05
7432,10.2154467460141,0,1e-05
7433,10.6661122521521,0,1e-05
7434,10.2138322485976,0,1e-05
7435,10.6645724782546,0,1e-05
7436,10.2122180677928,0,1e-05
7437,10.6630330050703,0,1e-05
7438,10.210604203501,0,1e-05
7439,10.6614938325002,0,1e-05
7440,10.2089906556243,0,1e-05
7441,10.6599549604442,0,1e-05
7442,10.207377424065,0,1e-05
7443,10.6584163888026,0,1e-05
7444,10.2057645087256,0,1e-05
7445,10.6568781174761,0,1e-05
7446,10.2041519095089,0,1e-05
7447,10.6553401463659,0,1e-05
7448,10.2025396263168,0,1e-05
7449,10.6538024753724,0,1e-05
7450,10.2009276590528,0,1e-05
7451,10.6522651043968,0,1e-05
7452,10.1993160076192,0,1e-05
7453,10.65072803334,0,1e-05
7454,10.1977046719196,0,1e-05
7455,10.6491912621036,0,1e-05
7456,10.1960936518568,0,1e-05
7457,10.6476547905889,0,1e-05
7458,10.1944829473343,0,1e-05
7459,10.6461186186972,0,1e-05
7460,10.1928725582559,0,1e-05
7461,10.6445827463304,0,1e-05
7462,10.1912624845242,0,1e-05
7463,10.6430471733898,0,1e-05
7464,10.1896527260432,0,1e-05
7465,10.6415118997773,0,1e-05
7466,10.1880432827167,0,1e-05
7467,10.6399769253949,0,1e-05
7468,10.1864341544482,0,1e-05
7469,10.6384422501445,0,1e-05
7470,10.184825341142,0,1e-05
7471,10.6369078739287,0,1e-05
7472,10.1832168427021,0,1e-05
7473,10.6353737966492,0,1e-05
7474,10.1816086590331,0,1e-05
7475,10.633840018209,0,1e-05
7476,10.1800007900392,0,1e-05
7477,10.6323065385106,0,1e-05
7478,10.178393235625,0,1e-05
7479,10.6307733574563,0,1e-05
7480,10.1767859956947,0,1e-05
7481,10.6292404749492,0,1e-05
7482,10.1751790701536,0,1e-05
7483,10.6277078908926,0,1e-05
7484,10.1735724589064,0,1e-05
7485,10.6261756051892,0,1e-05
7486,10.1719661618578,0,1e-05
7487,10.6246436177418,0,1e-05
7488,10.1703601789131,0,1e-05
7489,10.6231119284542,0,1e-05
7490,10.1687545099777,0,1e-05
7491,10.6215805372293,0,1e-05
7492,10.1671491549561,0,1e-05
7493,10.6200494439706,0,1e-05
7494,10.1655441137547,0,1e-05
7495,10.6185186485817,0,1e-05
7496,10.1639393862787,0,1e-05
7497,10.6169881509669,0,1e-05
7498,10.1623349724333,0,1e-05
7499,10.615457951029,0,1e-05
7500,10.1607308721249,0,1e-05
7501,10.6139280486727,0,1e-05
7502,10.1591270852593,0,1e-05
7503,10.6123984438021,0,1e-05
7504,10.1575236117423,0,1e-05
7505,10.6108691363211,0,1e-05
7506,10.1559204514806,0,1e-05
7507,10.6093401261342,0,1e-05
7508,10.15431760438,0,1e-05
7509,10.6078114131458,0,1e-05
7510,10.1527150703475,0,1e-05
7511,10.6062829972607,0,1e-05
7512,10.1511128492891,0,1e-05
7513,10.6047548783832,0,1e-05
7514,10.149510941111,0,1e-05
7515,10.6032270564181,0,1e-05
7516,10.1479093457205,0,1e-05
7517,10.6016995312698,0,1e-05
7518,10.1463080630248,0,1e-05
7519,10.6001723028444,0,1e-05
7520,10.1447070929304,0,1e-05
7521,10.5986453710464,0,1e-05
7522,10.1431064353446,0,1e-05
7523,10.5971187357817,0,1e-05
7524,10.1415060901753,0,1e-05
7525,10.5955923969549,0,1e-05
7526,10.1399060573291,0,1e-05
7527,10.5940663544715,0,1e-05
7528,10.1383063367134,0,1e-05
7529,10.5925406082374,0,1e-05
7530,10.1367069282359,0,1e-05
7531,10.5910151581582,0,1e-05
7532,10.1351078318047,0,1e-05
7533,10.58949000414,0,1e-05
7534,10.1335090473268,0,1e-05
7535,10.587965146088,0,1e-05
7536,10.1319105747109,0,1e-05
7537,10.5864405839086,0,1e-05
7538,10.1303124138642,0,1e-05
7539,10.5849163175081,0,1e-05
7540,10.1287145646958,0,1e-05
7541,10.5833923467933,0,1e-05
7542,10.1271170271144,0,1e-05
7543,10.5818686716697,0,1e-05
7544,10.1255198010272,0,1e-05
7545,10.5803452920442,0,1e-05
7546,10.1239228863435,0,1e-05
7547,10.5788222078235,0,1e-05
7548,10.1223262829711,0,1e-05
7549,10.5772994189141,0,1e-05
7550,10.120729990819,0,1e-05
7551,10.5757769252228,0,1e-05
7552,10.1191340097966,0,1e-05
7553,10.5742547266565,0,1e-05
7554,10.1175383398126,0,1e-05
7555,10.5727328231225,0,1e-05
7556,10.1159429807766,0,1e-05
7557,10.5712112145282,0,1e-05
7558,10.1143479325967,0,1e-05
7559,10.5696899007801,0,1e-05
7560,10.1127531951825,0,1e-05
7561,10.568168881786,0,1e-05
7562,10.1111587684439,0,1e-05
7563,10.5666481574534,0,1e-05
7564,10.1095646522899,0,1e-05
7565,10.5651277276901,0,1e-05
7566,10.1079708466311,0,1e-05
7567,10.5636075924039,0,1e-05
7568,10.1063773513769,0,1e-05
7569,10.5620877515035,0,1e-05
7570,10.1047841664373,0,1e-05
7571,10.560568204896,0,1e-05
7572,10.1031912917217,0,1e-05
7573,10.5590489524886,0,1e-05
7574,10.1015987271408,0,1e-05
7575,10.5575299941904,0,1e-05
7576,10.1000064726043,0,1e-05
7577,10.5560113299093,0,1e-05
7578,10.0984145280227,0,1e-05
7579,10.5544929595543,0,1e-05
7580,10.0968228933069,0,1e-05
7581,10.5529748830337,0,1e-05
7582,10.0952315683672,0,1e-05
7583,10.5514571002563,0,1e-05
7584,10.0936405531144,0,1e-05
7585,10.5499396111302,0,1e-05
7586,10.0920498474597,0,1e-05
7587,10.5484224155652,0,1e-05
7588,10.0904594513132,0,1e-05
7589,10.5469055134693,0,1e-05
7590,10.0888693645866,0,1e-05
7591,10.5453889047522,0,1e-05
7592,10.0872795871898,0,1e-05
7593,10.5438725893223,0,1e-05
7594,10.0856901190359,0,1e-05
7595,10.5423565670903,0,1e-05
7596,10.0841009600347,0,1e-05
7597,10.5408408379638,0,1e-05
7598,10.0825121100983,0,1e-05
7599,10.5393254018538,0,1e-05
7600,10.0809235691383,0,1e-05
7601,10.5378102586696,0,1e-05
7602,10.0793353370666,0,1e-05
7603,10.5362954083205,0,1e-05
7604,10.0777474137949,0,1e-05
7605,10.5347808507173,0,1e-05
7606,10.0761597992354,0,1e-05
7607,10.5332665857691,0,1e-05
7608,10.0745724932999,0,1e-05
7609,10.5317526133862,0,1e-05
7610,10.0729854959,0,1e-05
7611,10.5302389334794,0,1e-05
7612,10.071398806949,0,1e-05
7613,10.5287255459578,0,1e-05
7614,10.0698124263587,0,1e-05
7615,10.5272124507321,0,1e-05
7616,10.0682263540411,0,1e-05
7617,10.5256996477138,0,1e-05
7618,10.0666405899104,0,1e-05
7619,10.5241871368127,0,1e-05
7620,10.0650551338775,0,1e-05
7621,10.5226749179397,0,1e-05
7622,10.0634699858566,0,1e-05
7623,10.5211629910063,0,1e-05
7624,10.0618851457602,0,1e-05
7625,10.5196513559222,0,1e-05
7626,10.0603006135005,0,1e-05
7627,10.5181400125989,0,1e-05
7628,10.0587163889913,0,1e-05
7629,10.5166289609475,0,1e-05
7630,10.0571324721463,0,1e-05
7631,10.515118200879,0,1e-05
7632,10.0555488628784,0,1e-05
7633,10.5136077323052,0,1e-05
7634,10.0539655611001,0,1e-05
7635,10.5120975551373,0,1e-05
7636,10.0523825667261,0,1e-05
7637,10.5105876692877,0,1e-05
7638,10.0507998796706,0,1e-05
7639,10.5090780746681,0,1e-05
7640,10.0492174998475,0,1e-05
7641,10.5075687711894,0,1e-05
7642,10.0476354271696,0,1e-05
7643,10.5060597587641,0,1e-05
7644,10.0460536615519,0,1e-05
7645,10.5045510373044,0,1e-05
7646,10.0444722029077,0,1e-05
7647,10.5030426067212,0,1e-05
7648,10.042891051152,0,1e-05
7649,10.5015344669279,0,1e-05
7650,10.0413102061986,0,1e-05
7651,10.5000266178366,0,1e-05
7652,10.0397296679613,0,1e-05
7653,10.4985190593588,0,1e-05
7654,10.0381494363557,0,1e-05
7655,10.4970117914079,0,1e-05
7656,10.0365695112958,0,1e-05
7657,10.4955048138965,0,1e-05
7658,10.034989892696,0,1e-05
7659,10.4939981267368,0,1e-05
7660,10.0334105804728,0,1e-05
7661,10.4924917298426,0,1e-05
7662,10.0318315745404,0,1e-05
7663,10.4909856231259,0,1e-05
7664,10.0302528748129,0,1e-05
7665,10.4894798065006,0,1e-05
7666,10.0286744812071,0,1e-05
7667,10.4879742798794,0,1e-05
7668,10.0270963936374,0,1e-05
7669,10.4864690431761,0,1e-05
7670,10.0255186120208,0,1e-05
7671,10.4849640963049,0,1e-05
7672,10.0239411362714,0,1e-05
7673,10.4834594391774,0,1e-05
7674,10.0223639663045,0,1e-05
7675,10.4819550717087,0,1e-05
7676,10.0207871020375,0,1e-05
7677,10.4804509938116,0,1e-05
7678,10.019210543385,0,1e-05
7679,10.4789472053995,0,1e-05
7680,10.0176342902628,0,1e-05
7681,10.4774437063877,0,1e-05
7682,10.0160583425873,0,1e-05
7683,10.4759404966888,0,1e-05
7684,10.0144827002746,0,1e-05
7685,10.4744375762177,0,1e-05
7686,10.0129073632418,0,1e-05
7687,10.4729349448889,0,1e-05
7688,10.0113323314043,0,1e-05
7689,10.4714326026166,0,1e-05
7690,10.0097576046785,0,1e-05
7691,10.4699305493147,0,1e-05
7692,10.0081831829825,0,1e-05
7693,10.4684287848991,0,1e-05
7694,10.006609066231,0,1e-05
7695,10.4669273092825,0,1e-05
7696,10.0050352543418,0,1e-05
7697,10.4654261223809,0,1e-05
7698,10.0034617472318,0,1e-05
7699,10.4639252241087,0,1e-05
7700,10.0018885448181,0,1e-05
7701,10.4624246143809,0,1e-05
7702,10.0003156470182,0,1e-05
7703,10.4609242931134,0,1e-05
7704,9.99874305374834,0,1e-05
7705,10.4594242602205,0,1e-05
7706,9.9971707649268,0,1e-05
7707,10.4579245156174,0,1e-05
7708,9.99559878047024,0,1e-05
7709,10.4564250592192,0,1e-05
7710,9.99402710029635,0,1e-05
7711,10.4549258909422,0,1e-05
7712,9.99245572432296,0,1e-05
7713,10.4534270107018,0,1e-05
7714,9.99088465246738,0,1e-05
7715,10.451928418413,0,1e-05
7716,9.98931388464942,0,1e-05
7717,10.4504301139929,0,1e-05
7718,9.98774342078547,0,1e-05
7719,10.4489320973565,0,1e-05
7720,9.98617326079313,0,1e-05
7721,10.4474343684193,0,1e-05
7722,9.98460340459116,0,1e-05
7723,10.4459369270977,0,1e-05
7724,9.98303385209699,0,1e-05
7725,10.4444397733078,0,1e-05
7726,9.98146460322981,0,1e-05
7727,10.4429429069666,0,1e-05
7728,9.97989565790984,0,1e-05
7729,10.4414463279909,0,1e-05
7730,9.97832701605343,0,1e-05
7731,10.4399500362954,0,1e-05
7732,9.97675867757958,0,1e-05
7733,10.4384540317974,0,1e-05
7734,9.97519064240638,0,1e-05
7735,10.4369583144133,0,1e-05
7736,9.97362291045319,0,1e-05
7737,10.4354628840608,0,1e-05
7738,9.97205548163998,0,1e-05
7739,10.433967740657,0,1e-05
7740,9.97048835588549,0,1e-05
7741,10.432472884118,0,1e-05
7742,9.96892153310949,0,1e-05
7743,10.4309783143614,0,1e-05
7744,9.96735501322996,0,1e-05
7745,10.4294840313041,0,1e-05
7746,9.96578879616674,0,1e-05
7747,10.4279900348632,0,1e-05
7748,9.96422288183944,0,1e-05
7749,10.426496324956,0,1e-05
7750,9.96265727016795,0,1e-05
7751,10.4250029015003,0,1e-05
7752,9.96109196107077,0,1e-05
7753,10.4235097644143,0,1e-05
7754,9.95952695446971,0,1e-05
7755,10.4220169136153,0,1e-05
7756,9.95796225028404,0,1e-05
7757,10.4205243490197,0,1e-05
7758,9.95639784843191,0,1e-05
7759,10.4190320705469,0,1e-05
7760,9.95483374883576,0,1e-05
7761,10.4175400781148,0,1e-05
7762,9.95326995141446,0,1e-05
7763,10.4160483716412,0,1e-05
7764,9.95170645608853,0,1e-05
7765,10.4145569510446,0,1e-05
7766,9.95014326277951,0,1e-05
7767,10.4130658162432,0,1e-05
7768,9.94858037140667,0,1e-05
7769,10.4115749671554,0,1e-05
7770,9.94701778189113,0,1e-05
7771,10.4100844036997,0,1e-05
7772,9.94545549415427,0,1e-05
7773,10.4085941257942,0,1e-05
7774,9.94389350811596,0,1e-05
7775,10.4071041333588,0,1e-05
7776,9.94233182369783,0,1e-05
7777,10.4056144263116,0,1e-05
7778,9.94077044082016,0,1e-05
7779,10.4041250045708,0,1e-05
7780,9.93920935940422,0,1e-05
7781,10.4026358680563,0,1e-05
7782,9.93764857937159,0,1e-05
7783,10.4011470166876,0,1e-05
7784,9.9360881006437,0,1e-05
7785,10.3996584503831,0,1e-05
7786,9.93452792314205,0,1e-05
7787,10.3981701690607,0,1e-05
7788,9.93296804678783,0,1e-05
7789,10.3966821726417,0,1e-05
7790,9.93140847150235,0,1e-05
7791,10.3951944610443,0,1e-05
7792,9.92984919720693,0,1e-05
7793,10.3937070341901,0,1e-05
7794,9.92829022382477,0,1e-05
7795,10.3922198919971,0,1e-05
7796,9.9267315512779,0,1e-05
7797,10.3907330343856,0,1e-05
7798,9.9251731794875,0,1e-05
7799,10.3892464612749,0,1e-05
7800,9.92361510837677,0,1e-05
7801,10.3877601725859,0,1e-05
7802,9.9220573378656,0,1e-05
7803,10.3862741682382,0,1e-05
7804,9.92049986787768,0,1e-05
7805,10.3847884481512,0,1e-05
7806,9.91894269833546,0,1e-05
7807,10.383303012246,0,1e-05
7808,9.91738582916063,0,1e-05
7809,10.3818178604424,0,1e-05
7810,9.91582926027624,0,1e-05
7811,10.3803329926612,0,1e-05
7812,9.91427299160605,0,1e-05
7813,10.3788484088229,0,1e-05
7814,9.91271702307143,0,1e-05
7815,10.3773641088482,0,1e-05
7816,9.91116135459625,0,1e-05
7817,10.3758800926584,0,1e-05
7818,9.90960598610242,0,1e-05
7819,10.3743963601725,0,1e-05
7820,9.90805091751395,0,1e-05
7821,10.3729129113125,0,1e-05
7822,9.90649614875439,0,1e-05
7823,10.3714297459996,0,1e-05
7824,9.90494167974661,0,1e-05
7825,10.3699468641558,0,1e-05
7826,9.90338751041396,0,1e-05
7827,10.3684642657005,0,1e-05
7828,9.9018336406791,0,1e-05
7829,10.3669819505553,0,1e-05
7830,9.90028007046633,0,1e-05
7831,10.3654999186422,0,1e-05
7832,9.89872679969826,0,1e-05
7833,10.364018169882,0,1e-05
7834,9.89717382829988,0,1e-05
7835,10.3625367041964,0,1e-05
7836,9.8956211561942,0,1e-05
7837,10.3610555215083,0,1e-05
7838,9.89406878330678,0,1e-05
7839,10.359574621738,0,1e-05
7840,9.89251670956046,0,1e-05
7841,10.3580940048075,0,1e-05
7842,9.89096493487913,0,1e-05
7843,10.356613670639,0,1e-05
7844,9.88941345918762,0,1e-05
7845,10.3551336191554,0,1e-05
7846,9.88786228241132,0,1e-05
7847,10.353653850279,0,1e-05
7848,9.88631140447307,0,1e-05
7849,10.3521743639308,0,1e-05
7850,9.88476082529829,0,1e-05
7851,10.350695160033,0,1e-05
7852,9.88321054481074,0,1e-05
7853,10.3492162385088,0,1e-05
7854,9.88166056293594,0,1e-05
7855,10.3477375992809,0,1e-05
7856,9.88011087959815,0,1e-05
7857,10.3462592422712,0,1e-05
7858,9.87856149472136,0,1e-05
7859,10.3447811674015,0,1e-05
7860,9.87701240823075,0,1e-05
7861,10.343303374596,0,1e-05
7862,9.87546362005435,0,1e-05
7863,10.3418258637785,0,1e-05
7864,9.87391513011528,0,1e-05
7865,10.3403486348711,0,1e-05
7866,9.87236693833831,0,1e-05
7867,10.3388716877959,0,1e-05
7868,9.87081904464981,0,1e-05
7869,10.3373950224772,0,1e-05
7870,9.8692714489748,0,1e-05
7871,10.3359186388381,0,1e-05
7872,9.86772415123876,0,1e-05
7873,10.3344425368021,0,1e-05
7874,9.86617715136808,0,1e-05
7875,10.3329667162931,0,1e-05
7876,9.86463044928898,0,1e-05
7877,10.3314911772339,0,1e-05
7878,9.86308404492616,0,1e-05
7879,10.3300159195478,0,1e-05
7880,9.86153793820636,0,1e-05
7881,10.3285409431595,0,1e-05
7882,9.85999212905435,0,1e-05
7883,10.3270662479921,0,1e-05
7884,9.85844661739792,0,1e-05
7885,10.3255918339712,0,1e-05
7886,9.85690140316324,0,1e-05
7887,10.3241177010182,0,1e-05
7888,9.85535648627497,0,1e-05
7889,10.3226438490578,0,1e-05
7890,9.85381186666049,0,1e-05
7891,10.3211702780148,0,1e-05
7892,9.85226754424573,0,1e-05
7893,10.319696987814,0,1e-05
7894,9.85072351895804,0,1e-05
7895,10.3182239783786,0,1e-05
7896,9.8491797907232,0,1e-05
7897,10.3167512496334,0,1e-05
7898,9.84763635946917,0,1e-05
7899,10.3152788015042,0,1e-05
7900,9.84609322512237,0,1e-05
7901,10.3138066339145,0,1e-05
7902,9.84455038761126,0,1e-05
7903,10.3123347467893,0,1e-05
7904,9.84300784686125,0,1e-05
7905,10.3108631400521,0,1e-05
7906,9.84146560279865,0,1e-05
7907,10.3093918136285,0,1e-05
7908,9.83992365535242,0,1e-05
7909,10.3079207674438,0,1e-05
7910,9.83838200444717,0,1e-05
7911,10.3064500014228,0,1e-05
7912,9.83684065001292,0,1e-05
7913,10.304979515491,0,1e-05
7914,9.83529959197658,0,1e-05
7915,10.3035093095736,0,1e-05
7916,9.83375883026474,0,1e-05
7917,10.3020393835946,0,1e-05
7918,9.83221836480541,0,1e-05
7919,10.3005697374811,0,1e-05
7920,9.8306781955268,0,1e-05
7921,10.2991003711591,0,1e-05
7922,9.82913832235772,0,1e-05
7923,10.2976312845523,0,1e-05
7924,9.82759874522537,0,1e-05
7925,10.2961624775883,0,1e-05
7926,9.82605946405805,0,1e-05
7927,10.2946939501932,0,1e-05
7928,9.82452047878439,0,1e-05
7929,10.2932257022922,0,1e-05
7930,9.82298178933205,0,1e-05
7931,10.2917577338113,0,1e-05
7932,9.8214433956288,0,1e-05
7933,10.2902900446752,0,1e-05
7934,9.81990529760338,0,1e-05
7935,10.288822634812,0,1e-05
7936,9.81836749518482,0,1e-05
7937,10.2873555041473,0,1e-05
7938,9.81682998830129,0,1e-05
7939,10.285888652608,0,1e-05
7940,9.81529277688152,0,1e-05
7941,10.2844220801199,0,1e-05
7942,9.81375586085549,0,1e-05
7943,10.2829557866102,0,1e-05
7944,9.81221924015099,0,1e-05
7945,10.2814897720045,0,1e-05
7946,9.81068291469655,0,1e-05
7947,10.2800240362306,0,1e-05
7948,9.80914688442317,0,1e-05
7949,10.2785585792134,0,1e-05
7950,9.80761114925926,0,1e-05
7951,10.2770934008813,0,1e-05
7952,9.80607570913139,0,1e-05
7953,10.275628501161,0,1e-05
7954,9.80454056397229,0,1e-05
7955,10.2741638799797,0,1e-05
7956,9.8030057137102,0,1e-05
7957,10.2726995372651,0,1e-05
7958,9.80147115827392,0,1e-05
7959,10.271235472943,0,1e-05
7960,9.79993689759477,0,1e-05
7961,10.2697716869426,0,1e-05
7962,9.79840293160062,0,1e-05
7963,10.2683081791911,0,1e-05
7964,9.7968692602244,0,1e-05
7965,10.2668449496136,0,1e-05
7966,9.79533588339133,0,1e-05
7967,10.265381998138,0,1e-05
7968,9.79380280103385,0,1e-05
7969,10.2639193246939,0,1e-05
7970,9.79227001308143,0,1e-05
7971,10.2624569292084,0,1e-05
7972,9.79073751946319,0,1e-05
7973,10.2609948116084,0,1e-05
7974,9.78920532011212,0,1e-05
7975,10.2595329718221,0,1e-05
7976,9.78767341495613,0,1e-05
7977,10.2580714097772,0,1e-05
7978,9.78614180392457,0,1e-05
7979,10.256610125403,0,1e-05
7980,9.78461048695033,0,1e-05
7981,10.2551491186265,0,1e-05
7982,9.7830794639635,0,1e-05
7983,10.2536883893775,0,1e-05
7984,9.78154873489492,0,1e-05
7985,10.2522279375833,0,1e-05
7986,9.78001829967382,0,1e-05
7987,10.2507677631736,0,1e-05
7988,9.77848815823438,0,1e-05
7989,10.2493078660753,0,1e-05
7990,9.77695831050437,0,1e-05
7991,10.2478482462169,0,1e-05
7992,9.77542875641547,0,1e-05
7993,10.2463889035284,0,1e-05
7994,9.77389949590018,0,1e-05
7995,10.244929837937,0,1e-05
7996,9.77237052888747,0,1e-05
7997,10.2434710493736,0,1e-05
7998,9.77084185531034,0,1e-05
7999,10.2420125377653,0,1e-05
8000,9.76931347509817,0,1e-05
8001,10.2405543030412,0,1e-05
8002,9.76778538818389,0,1e-05
8003,10.2390963451293,0,1e-05
8004,9.76625759449783,0,1e-05
8005,10.2376386639621,0,1e-05
8006,9.76473009397223,0,1e-05
8007,10.2361812594652,0,1e-05
8008,9.7632028865397,0,1e-05
8009,10.234724131573,0,1e-05
8010,9.76167597213067,0,1e-05
8011,10.2332672802121,0,1e-05
8012,9.76014935067864,0,1e-05
8013,10.2318107053127,0,1e-05
8014,9.75862302211462,0,1e-05
8015,10.2303544068017,0,1e-05
8016,9.75709698636961,0,1e-05
8017,10.2288983846116,0,1e-05
8018,9.75557124337826,0,1e-05
8019,10.2274426386721,0,1e-05
8020,9.75404579307116,0,1e-05
8021,10.2259871689123,0,1e-05
8022,9.75252063538052,0,1e-05
8023,10.2245319752617,0,1e-05
8024,9.75099577023787,0,1e-05
8025,10.2230770576518,0,1e-05
8026,9.74947119757677,0,1e-05
8027,10.2216224160112,0,1e-05
8028,9.74794691733014,0,1e-05
8029,10.22016805027,0,1e-05
8030,9.74642292942946,0,1e-05
8031,10.2187139603596,0,1e-05
8032,9.74489923380817,0,1e-05
8033,10.2172601462115,0,1e-05
8034,9.74337583039831,0,1e-05
8035,10.2158066077533,0,1e-05
8036,9.74185271913375,0,1e-05
8037,10.2143533449166,0,1e-05
8038,9.74032989994745,0,1e-05
8039,10.2129003576328,0,1e-05
8040,9.73880737277296,0,1e-05
8041,10.2114476458323,0,1e-05
8042,9.73728513754079,0,1e-05
8043,10.2099952094451,0,1e-05
8044,9.73576319418521,0,1e-05
8045,10.2085430484024,0,1e-05
8046,9.73424154264049,0,1e-05
8047,10.2070911626364,0,1e-05
8048,9.73272018284068,0,1e-05
8049,10.2056395520765,0,1e-05
8050,9.73119911471647,0,1e-05
8051,10.204188216655,0,1e-05
8052,9.72967833820391,0,1e-05
8053,10.2027371563035,0,1e-05
8054,9.72815785323779,0,1e-05
8055,10.2012863709528,0,1e-05
8056,9.72663765974983,0,1e-05
8057,10.1998358605339,0,1e-05
8058,9.72511775767273,0,1e-05
8059,10.1983856249774,0,1e-05
8060,9.72359814694118,0,1e-05
8061,10.1969356642158,0,1e-05
8062,9.72207882749012,0,1e-05
8063,10.1954859781823,0,1e-05
8064,9.72055979925322,0,1e-05
8065,10.1940365668051,0,1e-05
8066,9.71904106216446,0,1e-05
8067,10.1925874300181,0,1e-05
8068,9.71752261615791,0,1e-05
8069,10.1911385677527,0,1e-05
8070,9.71600446116695,0,1e-05
8071,10.1896899799414,0,1e-05
8072,9.71448659712705,0,1e-05
8073,10.1882416665155,0,1e-05
8074,9.71296902397292,0,1e-05
8075,10.1867936274074,0,1e-05
8076,9.71145174163896,0,1e-05
8077,10.1853458625492,0,1e-05
8078,9.70993475005895,0,1e-05
8079,10.1838983718727,0,1e-05
8080,9.70841804916791,0,1e-05
8081,10.1824511553107,0,1e-05
8082,9.70690163889939,0,1e-05
8083,10.1810042127979,0,1e-05
8084,9.70538551919139,0,1e-05
8085,10.1795575442651,0,1e-05
8086,9.7038696899787,0,1e-05
8087,10.1781111496456,0,1e-05
8088,9.70235415119564,0,1e-05
8089,10.1766650288689,0,1e-05
8090,9.70083890277421,0,1e-05
8091,10.1752191818694,0,1e-05
8092,9.69932394465179,0,1e-05
8093,10.1737736085813,0,1e-05
8094,9.69780927676423,0,1e-05
8095,10.1723283089377,0,1e-05
8096,9.69629489904705,0,1e-05
8097,10.1708832828698,0,1e-05
8098,9.69478081143489,0,1e-05
8099,10.1694385303109,0,1e-05
8100,9.69326701386255,0,1e-05
8101,10.1679940511941,0,1e-05
8102,9.69175350626679,0,1e-05
8103,10.166549845455,0,1e-05
8104,9.69024028858445,0,1e-05
8105,10.1651059130244,0,1e-05
8106,9.68872736074853,0,1e-05
8107,10.1636622538373,0,1e-05
8108,9.68721472269599,0,1e-05
8109,10.1622188678249,0,1e-05
8110,9.68570237436334,0,1e-05
8111,10.1607757549227,0,1e-05
8112,9.68419031568626,0,1e-05
8113,10.1593329150653,0,1e-05
8114,9.68267854660272,0,1e-05
8115,10.1578903481832,0,1e-05
8116,9.68116706704397,0,1e-05
8117,10.1564480542108,0,1e-05
8118,9.67965587694973,0,1e-05
8119,10.1550060330844,0,1e-05
8120,9.67814497625646,0,1e-05
8121,10.1535642847372,0,1e-05
8122,9.67663436490018,0,1e-05
8123,10.1521228091007,0,1e-05
8124,9.67512404281699,0,1e-05
8125,10.1506816061127,0,1e-05
8126,9.67361400994265,0,1e-05
8127,10.1492406757036,0,1e-05
8128,9.67210426621433,0,1e-05
8129,10.1478000178088,0,1e-05
8130,9.67059481156605,0,1e-05
8131,10.1463596323621,0,1e-05
8132,9.6690856459384,0,1e-05
8133,10.1449195192988,0,1e-05
8134,9.66757676926631,0,1e-05
8135,10.1434796785533,0,1e-05
8136,9.66606818148724,0,1e-05
8137,10.1420401100624,0,1e-05
8138,9.66455988253964,0,1e-05
8139,10.140600813759,0,1e-05
8140,9.66305187235938,0,1e-05
8141,10.1391617895768,0,1e-05
8142,9.66154415088445,0,1e-05
8143,10.1377230374517,0,1e-05
8144,9.66003671804951,0,1e-05
8145,10.1362845573192,0,1e-05
8146,9.65852957379511,0,1e-05
8147,10.1348463491125,0,1e-05
8148,9.65702271805631,0,1e-05
8149,10.1334084127687,0,1e-05
8150,9.65551615077398,0,1e-05
8151,10.1319707482223,0,1e-05
8152,9.65400987188369,0,1e-05
8153,10.1305333554085,0,1e-05
8154,9.65250388132272,0,1e-05
8155,10.1290962342614,0,1e-05
8156,9.65099817902953,0,1e-05
8157,10.1276593847163,0,1e-05
8158,9.64949276493956,0,1e-05
8159,10.1262228067103,0,1e-05
8160,9.64798763899309,0,1e-05
8161,10.1247865001787,0,1e-05
8162,9.6464828011285,0,1e-05
8163,10.1233504650552,0,1e-05
8164,9.64497825128322,0,1e-05
8165,10.121914701279,0,1e-05
8166,9.64347398939378,0,1e-05
8167,10.1204792087807,0,1e-05
8168,9.64197001539763,0,1e-05
8169,10.1190439875001,0,1e-05
8170,9.64046632923833,0,1e-05
8171,10.1176090373724,0,1e-05
8172,9.63896293085035,0,1e-05
8173,10.1161743583327,0,1e-05
8174,9.63745982017322,0,1e-05
8175,10.1147399503188,0,1e-05
8176,9.63595699714428,0,1e-05
8177,10.113305813264,0,1e-05
8178,9.63445446170202,0,1e-05
8179,10.1118719471059,0,1e-05
8180,9.63295221378584,0,1e-05
8181,10.1104383517781,0,1e-05
8182,9.63145025333336,0,1e-05
8183,10.1090050272192,0,1e-05
8184,9.62994858028229,0,1e-05
8185,10.1075719733639,0,1e-05
8186,9.62844719457256,0,1e-05
8187,10.106139190152,0,1e-05
8188,9.62694609614494,0,1e-05
8189,10.1047066775188,0,1e-05
8190,9.62544528493774,0,1e-05
8191,10.1032744354006,0,1e-05
8192,9.62394476088873,0,1e-05
8193,10.1018424637352,0,1e-05
8194,9.62244452393916,0,1e-05
8195,10.1004107624578,0,1e-05
8196,9.62094457402687,0,1e-05
8197,10.0989793315034,0,1e-05
8198,9.61944491109006,0,1e-05
8199,10.0975481708119,0,1e-05
8200,9.61794553507052,0,1e-05
8201,10.0961172803209,0,1e-05
8202,9.61644644590474,0,1e-05
8203,10.0946866599662,0,1e-05
8204,9.61494764353681,0,1e-05
8205,10.0932563096846,0,1e-05
8206,9.61344912790323,0,1e-05
8207,10.091826229414,0,1e-05
8208,9.61195089894526,0,1e-05
8209,10.0903964190931,0,1e-05
8210,9.61045295660123,0,1e-05
8211,10.0889668786557,0,1e-05
8212,9.60895530081229,0,1e-05
8213,10.0875376080408,0,1e-05
8214,9.60745793151569,0,1e-05
8215,10.086108607185,0,1e-05
8216,9.60596084865212,0,1e-05
8217,10.0846798760286,0,1e-05
8218,9.60446405216485,0,1e-05
8219,10.0832514145067,0,1e-05
8220,9.60296754198842,0,1e-05
8221,10.0818232225591,0,1e-05
8222,9.6014713180683,0,1e-05
8223,10.0803953001235,0,1e-05
8224,9.59997538034384,0,1e-05
8225,10.0789676471354,0,1e-05
8226,9.59847972875368,0,1e-05
8227,10.0775402635349,0,1e-05
8228,9.59698436323965,0,1e-05
8229,10.0761131492591,0,1e-05
8230,9.59548928374149,0,1e-05
8231,10.0746863042443,0,1e-05
8232,9.59399449019931,0,1e-05
8233,10.0732597284299,0,1e-05
8234,9.59249998255446,0,1e-05
8235,10.071833421757,0,1e-05
8236,9.59100576074818,0,1e-05
8237,10.0704073841607,0,1e-05
8238,9.58951182471999,0,1e-05
8239,10.068981615581,0,1e-05
8240,9.58801817441083,0,1e-05
8241,10.0675561159543,0,1e-05
8242,9.58652480976085,0,1e-05
8243,10.0661308852246,0,1e-05
8244,9.58503173071638,0,1e-05
8245,10.0647059233241,0,1e-05
8246,9.5835389372152,0,1e-05
8247,10.0632812301951,0,1e-05
8248,9.58204642919583,0,1e-05
8249,10.0618568057756,0,1e-05
8250,9.58055420660378,0,1e-05
8251,10.0604326500051,0,1e-05
8252,9.57906226937872,0,1e-05
8253,10.0590087628179,0,1e-05
8254,9.57757061745918,0,1e-05
8255,10.0575851441595,0,1e-05
8256,9.57607925078818,0,1e-05
8257,10.0561617939669,0,1e-05
8258,9.57458816930875,0,1e-05
8259,10.0547387121797,0,1e-05
8260,9.57309737296351,0,1e-05
8261,10.0533158987344,0,1e-05
8262,9.57160686169045,0,1e-05
8263,10.0518933535709,0,1e-05
8264,9.57011663543626,0,1e-05
8265,10.0504710766296,0,1e-05
8266,9.56862669413874,0,1e-05
8267,10.0490490678518,0,1e-05
8268,9.56713703774181,0,1e-05
8269,10.0476273271749,0,1e-05
8270,9.56564766618535,0,1e-05
8271,10.0462058545389,0,1e-05
8272,9.56415857941698,0,1e-05
8273,10.0447846498827,0,1e-05
8274,9.56266977737039,0,1e-05
8275,10.0433637131455,0,1e-05
8276,9.56118125999303,0,1e-05
8277,10.0419430442658,0,1e-05
8278,9.55969302722553,0,1e-05
8279,10.0405226431843,0,1e-05
8280,9.55820507900827,0,1e-05
8281,10.0391025098426,0,1e-05
8282,9.556717415285,0,1e-05
8283,10.0376826441797,0,1e-05
8284,9.55523003600075,0,1e-05
8285,10.0362630461337,0,1e-05
8286,9.55374294109439,0,1e-05
8287,10.0348437156504,0,1e-05
8288,9.55225613051322,0,1e-05
8289,10.0334246526653,0,1e-05
8290,9.550769604194,0,1e-05
8291,10.0320058571185,0,1e-05
8292,9.54928336208132,0,1e-05
8293,10.0305873289506,0,1e-05
8294,9.54779740411786,0,1e-05
8295,10.0291690681039,0,1e-05
8296,9.54631173025208,0,1e-05
8297,10.0277510745173,0,1e-05
8298,9.54482634042026,0,1e-05
8299,10.026333348131,0,1e-05
8300,9.54334123456765,0,1e-05
8301,10.0249158888874,0,1e-05
8302,9.54185641263863,0,1e-05
8303,10.0234986967266,0,1e-05
8304,9.54037187457508,0,1e-05
8305,10.022081771588,0,1e-05
8306,9.53888762032092,0,1e-05
8307,10.0206651134131,0,1e-05
8308,9.53740364981851,0,1e-05
8309,10.0192487221437,0,1e-05
8310,9.5359199630115,0,1e-05
8311,10.0178325977193,0,1e-05
8312,9.53443655984248,0,1e-05
8313,10.0164167400826,0,1e-05
8314,9.53295344025527,0,1e-05
8315,10.0150011491729,0,1e-05
8316,9.53147060419594,0,1e-05
8317,10.0135858249314,0,1e-05
8318,9.5299880516035,0,1e-05
8319,10.0121707673014,0,1e-05
8320,9.528505782425,0,1e-05
8321,10.0107559762203,0,1e-05
8322,9.52702379660061,0,1e-05
8323,10.0093414516305,0,1e-05
8324,9.52554209407757,0,1e-05
8325,10.0079271934751,0,1e-05
8326,9.52406067479716,0,1e-05
8327,10.0065132016942,0,1e-05
8328,9.52257953870849,0,1e-05
8329,10.0050994762302,0,1e-05
8330,9.52109868575189,0,1e-05
8331,10.0036860170255,0,1e-05
8332,9.51961811587057,0,1e-05
8333,10.002272824021,0,1e-05
8334,9.51813782901017,0,1e-05
8335,10.0008598971571,0,1e-05
8336,9.51665782511338,0,1e-05
8337,9.99944723637755,0,1e-05
8338,9.5151781041263,0,1e-05
8339,9.99803484162379,0,1e-05
8340,9.51369866599206,0,1e-05
8341,9.99662271283625,0,1e-05
8342,9.51221951065589,0,1e-05
8343,9.9952108499585,0,1e-05
8344,9.51074063806247,0,1e-05
8345,9.99379925293464,0,1e-05
8346,9.50926204815924,0,1e-05
8347,9.99238792170561,0,1e-05
8348,9.50778374088696,0,1e-05
8349,9.99097685621133,0,1e-05
8350,9.50630571619312,0,1e-05
8351,9.98956605639727,0,1e-05
8352,9.50482797402085,0,1e-05
8353,9.98815552220407,0,1e-05
8354,9.5033505143147,0,1e-05
8355,9.98674525357385,0,1e-05
8356,9.50187333702067,0,1e-05
8357,9.9853352504501,0,1e-05
8358,9.50039644208545,0,1e-05
8359,9.98392551277488,0,1e-05
8360,9.49891982944941,0,1e-05
8361,9.98251604049226,0,1e-05
8362,9.49744349905893,0,1e-05
8363,9.98110683354135,0,1e-05
8364,9.49596745086282,0,1e-05
8365,9.97969789186731,0,1e-05
8366,9.49449168480343,0,1e-05
8367,9.97828921541125,0,1e-05
8368,9.49301620082479,0,1e-05
8369,9.97688080411857,0,1e-05
8370,9.49154099887281,0,1e-05
8371,9.97547265793011,0,1e-05
8372,9.490066078896,0,1e-05
8373,9.97406477679264,0,1e-05
8374,9.48859144083757,0,1e-05
8375,9.9726571606441,0,1e-05
8376,9.48711708464365,0,1e-05
8377,9.97124980942952,0,1e-05
8378,9.48564301025763,0,1e-05
8379,9.96984272309061,0,1e-05
8380,9.48416921762852,0,1e-05
8381,9.96843590157472,0,1e-05
8382,9.48269570669909,0,1e-05
8383,9.96702934481951,0,1e-05
8384,9.48122247741673,0,1e-05
8385,9.96562305277313,0,1e-05
8386,9.47974952972834,0,1e-05
8387,9.96421702537991,0,1e-05
8388,9.47827686357816,0,1e-05
8389,9.9628112625775,0,1e-05
8390,9.47680447891485,0,1e-05
8391,9.96140576431462,0,1e-05
8392,9.4753323756795,0,1e-05
8393,9.96000053053371,0,1e-05
8394,9.47386055382333,0,1e-05
8395,9.95859556117605,0,1e-05
8396,9.47238901328607,0,1e-05
8397,9.95719085618625,0,1e-05
8398,9.47091775401946,0,1e-05
8399,9.95578641550875,0,1e-05
8400,9.46944677596829,0,1e-05
8401,9.95438223908971,0,1e-05
8402,9.46797607908039,0,1e-05
8403,9.95297832687277,0,1e-05
8404,9.46650566330351,0,1e-05
8405,9.95157467879986,0,1e-05
8406,9.46503552858342,0,1e-05
8407,9.95017129481835,0,1e-05
8408,9.46356567486474,0,1e-05
8409,9.94876817486997,0,1e-05
8410,9.46209610209662,0,1e-05
8411,9.94736531890056,0,1e-05
8412,9.4606268102262,0,1e-05
8413,9.94596272685087,0,1e-05
8414,9.45915779919648,0,1e-05
8415,9.94456039866922,0,1e-05
8416,9.45768906895477,0,1e-05
8417,9.94315833429832,0,1e-05
8418,9.45622061945135,0,1e-05
8419,9.94175653368454,0,1e-05
8420,9.45475245063361,0,1e-05
8421,9.94035499676877,0,1e-05
8422,9.453284562443,0,1e-05
8423,9.9389537234983,0,1e-05
8424,9.45181695483086,0,1e-05
8425,9.9375527138132,0,1e-05
8426,9.45034962774043,0,1e-05
8427,9.93615196766421,0,1e-05
8428,9.44888258112598,0,1e-05
8429,9.93475148499558,0,1e-05
8430,9.44741581493004,0,1e-05
8431,9.93335126574962,0,1e-05
8432,9.44594932910037,0,1e-05
8433,9.93195130987298,0,1e-05
8434,9.44448312358587,0,1e-05
8435,9.93055161730847,0,1e-05
8436,9.44301719833032,0,1e-05
8437,9.92915218800261,0,1e-05
8438,9.44155155328586,0,1e-05
8439,9.92775302189991,0,1e-05
8440,9.44008618839622,0,1e-05
8441,9.92635411894675,0,1e-05
8442,9.43862110361155,0,1e-05
8443,9.92495547909211,0,1e-05
8444,9.43715629888341,0,1e-05
8445,9.92355710227692,0,1e-05
8446,9.43569177415435,0,1e-05
8447,9.92215898844564,0,1e-05
8448,9.43422752937401,0,1e-05
8449,9.92076113754324,0,1e-05
8450,9.4327635644875,0,1e-05
8451,9.9193635495208,0,1e-05
8452,9.4312998794458,0,1e-05
8453,9.91796622431743,0,1e-05
8454,9.42983647419578,0,1e-05
8455,9.916569161881,0,1e-05
8456,9.42837334868999,0,1e-05
8457,9.91517236215804,0,1e-05
8458,9.4269105028696,0,1e-05
8459,9.91377582509359,0,1e-05
8460,9.42544793668925,0,1e-05
8461,9.91237955063139,0,1e-05
8462,9.42398565008845,0,1e-05
8463,9.91098353871758,0,1e-05
8464,9.42252364302284,0,1e-05
8465,9.9095877892983,0,1e-05
8466,9.42106191543748,0,1e-05
8467,9.9081923023266,0,1e-05
8468,9.41960046728226,0,1e-05
8469,9.90679707774026,0,1e-05
8470,9.41813929850796,0,1e-05
8471,9.90540211549023,0,1e-05
8472,9.41667840906215,0,1e-05
8473,9.9040074155229,0,1e-05
8474,9.4152177988915,0,1e-05
8475,9.90261297777931,0,1e-05
8476,9.41375746794586,0,1e-05
8477,9.9012188022067,0,1e-05
8478,9.4122974161728,0,1e-05
8479,9.89982488875418,0,1e-05
8480,9.41083764352148,0,1e-05
8481,9.8984312373692,0,1e-05
8482,9.40937814994016,0,1e-05
8483,9.89703784799548,0,1e-05
8484,9.40791893538108,0,1e-05
8485,9.89564472058539,0,1e-05
8486,9.40645999979472,0,1e-05
8487,9.89425185508247,0,1e-05
8488,9.40500134312987,0,1e-05
8489,9.8928592514313,0,1e-05
8490,9.4035429653311,0,1e-05
8491,9.89146690957553,0,1e-05
8492,9.40208486634868,0,1e-05
8493,9.89007482946613,0,1e-05
8494,9.40062704613191,0,1e-05
8495,9.88868301105182,0,1e-05
8496,9.39916950463028,0,1e-05
8497,9.88729145427769,0,1e-05
8498,9.39771224179587,0,1e-05
8499,9.88590015908928,0,1e-05
8500,9.39625525757508,0,1e-05
8501,9.88450912543751,0,1e-05
8502,9.39479855192069,0,1e-05
8503,9.88311835326364,0,1e-05
8504,9.39334212478074,0,1e-05
8505,9.88172784251955,0,1e-05
8506,9.39188597610441,0,1e-05
8507,9.88033759314983,0,1e-05
8508,9.39043010584046,0,1e-05
8509,9.87894760510336,0,1e-05
8510,9.38897451393976,0,1e-05
8511,9.87755787832517,0,1e-05
8512,9.38751920035292,0,1e-05
8513,9.87616841276692,0,1e-05
8514,9.38606416503074,0,1e-05
8515,9.87477920837316,0,1e-05
8516,9.38460940791932,0,1e-05
8517,9.87339026508914,0,1e-05
8518,9.38315492897172,0,1e-05
8519,9.8720015828655,0,1e-05
8520,9.38170072813394,0,1e-05
8521,9.87061316165181,0,1e-05
8522,9.38024680536186,0,1e-05
8523,9.86922500139387,0,1e-05
8524,9.37879316060075,0,1e-05
8525,9.86783710203712,0,1e-05
8526,9.37733979380576,0,1e-05
8527,9.86644946353105,0,1e-05
8528,9.37588670492532,0,1e-05
8529,9.86506208582409,0,1e-05
8530,9.37443389390658,0,1e-05
8531,9.86367496886273,0,1e-05
8532,9.37298136070273,0,1e-05
8533,9.86228811259673,0,1e-05
8534,9.37152910526374,0,1e-05
8535,9.86090151697364,0,1e-05
8536,9.37007712754059,0,1e-05
8537,9.85951518194177,0,1e-05
8538,9.36862542748497,0,1e-05
8539,9.85812910744613,0,1e-05
8540,9.3671740050418,0,1e-05
8541,9.85674329343836,0,1e-05
8542,9.36572286016586,0,1e-05
8543,9.85535773986888,0,1e-05
8544,9.36427199281183,0,1e-05
8545,9.85397244668255,0,1e-05
8546,9.36282140292611,0,1e-05
8547,9.85258741382679,0,1e-05
8548,9.36137109046015,0,1e-05
8549,9.85120264125423,0,1e-05
8550,9.3599210553685,0,1e-05
8551,9.8498181289099,0,1e-05
8552,9.35847129759411,0,1e-05
8553,9.84843387674408,0,1e-05
8554,9.35702181709912,0,1e-05
8555,9.84704988470191,0,1e-05
8556,9.35557261382441,0,1e-05
8557,9.84566615273483,0,1e-05
8558,9.35412368772301,0,1e-05
8559,9.84428268079329,0,1e-05
8560,9.3526750387493,0,1e-05
8561,9.84289946882202,0,1e-05
8562,9.35122666685086,0,1e-05
8563,9.84151651676991,0,1e-05
8564,9.34977857198365,0,1e-05
8565,9.8401338245915,0,1e-05
8566,9.34833075409602,0,1e-05
8567,9.83875139223465,0,1e-05
8568,9.34688321314256,0,1e-05
8569,9.83736921964325,0,1e-05
8570,9.34543594907104,0,1e-05
8571,9.83598730676909,0,1e-05
8572,9.34398896183514,0,1e-05
8573,9.83460565356092,0,1e-05
8574,9.34254225138596,0,1e-05
8575,9.83322425996704,0,1e-05
8576,9.34109581767152,0,1e-05
8577,9.83184312593798,0,1e-05
8578,9.33964966064826,0,1e-05
8579,9.83046225142061,0,1e-05
8580,9.33820378026501,0,1e-05
8581,9.82908163637001,0,1e-05
8582,9.33675817647595,0,1e-05
8583,9.82770128073236,0,1e-05
8584,9.33531284923471,0,1e-05
8585,9.82632118445551,0,1e-05
8586,9.33386779849102,0,1e-05
8587,9.82494134748802,0,1e-05
8588,9.3324230241941,0,1e-05
8589,9.82356176978422,0,1e-05
8590,9.33097852629882,0,1e-05
8591,9.82218245128908,0,1e-05
8592,9.32953430475706,0,1e-05
8593,9.82080339195248,0,1e-05
8594,9.32809035951728,0,1e-05
8595,9.81942459172707,0,1e-05
8596,9.32664669053771,0,1e-05
8597,9.81804605056549,0,1e-05
8598,9.32520329776749,0,1e-05
8599,9.81666776841156,0,1e-05
8600,9.32376018115879,0,1e-05
8601,9.81528974521851,0,1e-05
8602,9.32231734066611,0,1e-05
8603,9.81391198093162,0,1e-05
8604,9.32087477623902,0,1e-05
8605,9.81253447550703,0,1e-05
8606,9.319432487835,0,1e-05
8607,9.81115722889323,0,1e-05
8608,9.31799047539956,0,1e-05
8609,9.80978024103851,0,1e-05
8610,9.31654873888966,0,1e-05
8611,9.80840351189667,0,1e-05
8612,9.31510727826085,0,1e-05
8613,9.80702704141621,0,1e-05
8614,9.31366609346418,0,1e-05
8615,9.80565082954661,0,1e-05
8616,9.31222518444581,0,1e-05
8617,9.80427487623708,0,1e-05
8618,9.31078455116748,0,1e-05
8619,9.80289918143916,0,1e-05
8620,9.30934419357959,0,1e-05
8621,9.80152374510585,0,1e-05
8622,9.30790411163236,0,1e-05
8623,9.80014856718115,0,1e-05
8624,9.3064643052791,0,1e-05
8625,9.79877364762453,0,1e-05
8626,9.30502477447652,0,1e-05
8627,9.7973989863823,0,1e-05
8628,9.30358551917452,0,1e-05
8629,9.79602458340013,0,1e-05
8630,9.30214653932177,0,1e-05
8631,9.79465043863449,0,1e-05
8632,9.30070783487682,0,1e-05
8633,9.79327655203761,0,1e-05
8634,9.2992694057959,0,1e-05
8635,9.79190292355708,0,1e-05
8636,9.29783125202529,0,1e-05
8637,9.79052955314437,0,1e-05
8638,9.29639337352643,0,1e-05
8639,9.78915644075063,0,1e-05
8640,9.29495577024927,0,1e-05
8641,9.78778358632949,0,1e-05
8642,9.29351844214527,0,1e-05
8643,9.78641098982817,0,1e-05
8644,9.29208138916783,0,1e-05
8645,9.78503865119758,0,1e-05
8646,9.29064461127206,0,1e-05
8647,9.78366657039054,0,1e-05
8648,9.28920810841133,0,1e-05
8649,9.78229474735924,0,1e-05
8650,9.28777188054237,0,1e-05
8651,9.78092318205352,0,1e-05
8652,9.28633592761468,0,1e-05
8653,9.77955187442535,0,1e-05
8654,9.28490024958615,0,1e-05
8655,9.77818082442498,0,1e-05
8656,9.28346484640323,0,1e-05
8657,9.77681003200147,0,1e-05
8658,9.2820297180232,0,1e-05
8659,9.7754394971115,0,1e-05
8660,9.28059486440015,0,1e-05
8661,9.77406921969875,0,1e-05
8662,9.27916028548764,0,1e-05
8663,9.77269919972617,0,1e-05
8664,9.27772598124215,0,1e-05
8665,9.77132943713407,0,1e-05
8666,9.27629195161857,0,1e-05
8667,9.76995993188179,0,1e-05
8668,9.27485819656679,0,1e-05
8669,9.76859068392212,0,1e-05
8670,9.27342471604311,0,1e-05
8671,9.76722169320193,0,1e-05
8672,9.27199151000098,0,1e-05
8673,9.76585295967475,0,1e-05
8674,9.2705585783997,0,1e-05
8675,9.76448448329133,0,1e-05
8676,9.26912592118704,0,1e-05
8677,9.76311626400513,0,1e-05
8678,9.26769353832331,0,1e-05
8679,9.76174830176761,0,1e-05
8680,9.26626142975272,0,1e-05
8681,9.7603805965307,0,1e-05
8682,9.26482959544015,0,1e-05
8683,9.75901314824446,0,1e-05
8684,9.263398035333,0,1e-05
8685,9.75764595686631,0,1e-05
8686,9.26196674939261,0,1e-05
8687,9.75627902234834,0,1e-05
8688,9.26053573757458,0,1e-05
8689,9.75491234463873,0,1e-05
8690,9.25910499982578,0,1e-05
8691,9.75354592369066,0,1e-05
8692,9.25767453610524,0,1e-05
8693,9.75217975945737,0,1e-05
8694,9.25624434637066,0,1e-05
8695,9.7508138518905,0,1e-05
8696,9.25481443056857,0,1e-05
8697,9.74944820094311,0,1e-05
8698,9.25338478865964,0,1e-05
8699,9.74808280656949,0,1e-05
8700,9.25195542060383,0,1e-05
8701,9.74671766872152,0,1e-05
8702,9.25052632635043,0,1e-05
8703,9.74535278735119,0,1e-05
8704,9.24909750585268,0,1e-05
8705,9.74398816240861,0,1e-05
8706,9.24766895907135,0,1e-05
8707,9.74262379384874,0,1e-05
8708,9.24624068595329,0,1e-05
8709,9.74125968162524,0,1e-05
8710,9.2448126864595,0,1e-05
8711,9.73989582568704,0,1e-05
8712,9.24338496054205,0,1e-05
8713,9.73853222598791,0,1e-05
8714,9.24195750815599,0,1e-05
8715,9.73716888247993,0,1e-05
8716,9.24053032926003,0,1e-05
8717,9.73580579512359,0,1e-05
8718,9.23910342381091,0,1e-05
8719,9.73444296386156,0,1e-05
8720,9.23767679176195,0,1e-05
8721,9.73308038865807,0,1e-05
8722,9.23625043306397,0,1e-05
8723,9.73171806945922,0,1e-05
8724,9.23482434768472,0,1e-05
8725,9.73035600621954,0,1e-05
8726,9.23339853556492,0,1e-05
8727,9.72899419888819,0,1e-05
8728,9.23197299666669,0,1e-05
8729,9.7276326474266,0,1e-05
8730,9.23054773094903,0,1e-05
8731,9.72627135178237,0,1e-05
8732,9.22912273836403,0,1e-05
8733,9.72491031191447,0,1e-05
8734,9.22769801886925,0,1e-05
8735,9.72354952776718,0,1e-05
8736,9.22627357241532,0,1e-05
8737,9.72218899930312,0,1e-05
8738,9.22484939896975,0,1e-05
8739,9.72082872647449,0,1e-05
8740,9.22342549848078,0,1e-05
8741,9.71946870923013,0,1e-05
8742,9.22200187090526,0,1e-05
8743,9.71810894752067,0,1e-05
8744,9.22057851619494,0,1e-05
8745,9.71674944130801,0,1e-05
8746,9.21915543431787,0,1e-05
8747,9.71539019054249,0,1e-05
8748,9.21773262521911,0,1e-05
8749,9.71403119517971,0,1e-05
8750,9.21631008885596,0,1e-05
8751,9.71267245516854,0,1e-05
8752,9.21488782518345,0,1e-05
8753,9.71131397047274,0,1e-05
8754,9.21346583416197,0,1e-05
8755,9.70995574103333,0,1e-05
8756,9.21204411575014,0,1e-05
8757,9.70859776681129,0,1e-05
8758,9.21062266989902,0,1e-05
8759,9.70724004776283,0,1e-05
8760,9.20920149657433,0,1e-05
8761,9.70588258384283,0,1e-05
8762,9.20778059572377,0,1e-05
8763,9.70452537500249,0,1e-05
8764,9.2063599673069,0,1e-05
8765,9.70316842119561,0,1e-05
8766,9.20493961128092,0,1e-05
8767,9.70181172237283,0,1e-05
8768,9.20351952759639,0,1e-05
8769,9.70045527849549,0,1e-05
8770,9.20209971621832,0,1e-05
8771,9.69909908951228,0,1e-05
8772,9.20068017709549,0,1e-05
8773,9.69774315538175,0,1e-05
8774,9.19926091019291,0,1e-05
8775,9.6963874760524,0,1e-05
8776,9.19784191546208,0,1e-05
8777,9.69503205148151,0,1e-05
8778,9.19642319285806,0,1e-05
8779,9.69367688162588,0,1e-05
8780,9.19500474234495,0,1e-05
8781,9.69232196644069,0,1e-05
8782,9.19358656387571,0,1e-05
8783,9.69096730588383,0,1e-05
8784,9.19216865740742,0,1e-05
8785,9.68961289989642,0,1e-05
8786,9.19075102289474,0,1e-05
8787,9.68825874844402,0,1e-05
8788,9.18933366029619,0,1e-05
8789,9.68690485147844,0,1e-05
8790,9.18791656957341,0,1e-05
8791,9.68555120895737,0,1e-05
8792,9.18649975067866,0,1e-05
8793,9.6841978208317,0,1e-05
8794,9.18508320356918,0,1e-05
8795,9.68284468705519,0,1e-05
8796,9.18366692820403,0,1e-05
8797,9.68149180758648,0,1e-05
8798,9.1822509245415,0,1e-05
8799,9.68013918238065,0,1e-05
8800,9.18083519253517,0,1e-05
8801,9.67878681138716,0,1e-05
8802,9.179419732146,0,1e-05
8803,9.67743469456497,0,1e-05
8804,9.17800454332547,0,1e-05
8805,9.67608283186653,0,1e-05
8806,9.1765896260356,0,1e-05
8807,9.67473122324926,0,1e-05
8808,9.17517498023569,0,1e-05
8809,9.67337986867361,0,1e-05
8810,9.17376060588185,0,1e-05
8811,9.67202876809221,0,1e-05
8812,9.17234650293675,0,1e-05
8813,9.67067792146091,0,1e-05
8814,9.1709326713494,0,1e-05
8815,9.66932732872677,0,1e-05
8816,9.16951911108262,0,1e-05
8817,9.66797698985243,0,1e-05
8818,9.16810582208465,0,1e-05
8819,9.66662690479619,0,1e-05
8820,9.16669280432959,0,1e-05
8821,9.66527707351102,0,1e-05
8822,9.16528005776895,0,1e-05
8823,9.66392749595254,0,1e-05
8824,9.16386758236211,0,1e-05
8825,9.66257817207351,0,1e-05
8826,9.16245537806464,0,1e-05
8827,9.66122910183058,0,1e-05
8828,9.16104344483025,0,1e-05
8829,9.65988028517637,0,1e-05
8830,9.15963178262307,0,1e-05
8831,9.65853172207249,0,1e-05
8832,9.15822039139549,0,1e-05
8833,9.65718341247276,0,1e-05
8834,9.15680927111434,0,1e-05
8835,9.65583535633369,0,1e-05
8836,9.15539842172818,0,1e-05
8837,9.65448755361022,0,1e-05
8838,9.15398784320514,0,1e-05
8839,9.65314000425538,0,1e-05
8840,9.1525775354955,0,1e-05
8841,9.65179270822688,0,1e-05
8842,9.1511674985587,0,1e-05
8843,9.65044566547779,0,1e-05
8844,9.14975773235497,0,1e-05
8845,9.64909887597055,0,1e-05
8846,9.14834823684298,0,1e-05
8847,9.64775233965793,0,1e-05
8848,9.14693901197881,0,1e-05
8849,9.6464060564923,0,1e-05
8850,9.14553005771559,0,1e-05
8851,9.64506002643711,0,1e-05
8852,9.14412137402323,0,1e-05
8853,9.64371424944368,0,1e-05
8854,9.14271296085415,0,1e-05
8855,9.64236872546718,0,1e-05
8856,9.14130481816463,0,1e-05
8857,9.64102345446563,0,1e-05
8858,9.13989694591889,0,1e-05
8859,9.63967843639209,0,1e-05
8860,9.13848934407348,0,1e-05
8861,9.63833367120786,0,1e-05
8862,9.13708201258646,0,1e-05
8863,9.63698915886923,0,1e-05
8864,9.13567495141732,0,1e-05
8865,9.6356448993275,0,1e-05
8866,9.13426816052467,0,1e-05
8867,9.63430089255063,0,1e-05
8868,9.13286163987121,0,1e-05
8869,9.63295713849073,0,1e-05
8870,9.1314553894126,0,1e-05
8871,9.63161363709914,0,1e-05
8872,9.13004940910904,0,1e-05
8873,9.63027038833829,0,1e-05
8874,9.12864369891917,0,1e-05
8875,9.62892739216226,0,1e-05
8876,9.12723825880085,0,1e-05
8877,9.62758464852582,0,1e-05
8878,9.12583308871048,0,1e-05
8879,9.62624215738848,0,1e-05
8880,9.12442818861516,0,1e-05
8881,9.62489991870626,0,1e-05
8882,9.12302355846585,0,1e-05
8883,9.62355793243502,0,1e-05
8884,9.12161919822798,0,1e-05
8885,9.62221619853374,0,1e-05
8886,9.12021510785664,0,1e-05
8887,9.62087471695638,0,1e-05
8888,9.11881128731389,0,1e-05
8889,9.61953348766167,0,1e-05
8890,9.11740773655779,0,1e-05
8891,9.6181925106107,0,1e-05
8892,9.11600445554639,0,1e-05
8893,9.61685178575864,0,1e-05
8894,9.11460144424566,0,1e-05
8895,9.61551131305657,0,1e-05
8896,9.11319870261118,0,1e-05
8897,9.61417109246894,0,1e-05
8898,9.11179623059583,0,1e-05
8899,9.61283112394637,0,1e-05
8900,9.11039402816763,0,1e-05
8901,9.61149140745157,0,1e-05
8902,9.1089920952778,0,1e-05
8903,9.61015194293854,0,1e-05
8904,9.10759043189534,0,1e-05
8905,9.60881273036691,0,1e-05
8906,9.10618903797789,0,1e-05
8907,9.60747376969029,0,1e-05
8908,9.10478791348163,0,1e-05
8909,9.60613506086967,0,1e-05
8910,9.10338705836892,0,1e-05
8911,9.60479660386354,0,1e-05
8912,9.101986472599,0,1e-05
8913,9.60345839862766,0,1e-05
8914,9.10058615613603,0,1e-05
8915,9.60212044511649,0,1e-05
8916,9.09918610893177,0,1e-05
8917,9.60078274328704,0,1e-05
8918,9.09778633094606,0,1e-05
8919,9.59944529310836,0,1e-05
8920,9.09638682214804,0,1e-05
8921,9.59810809452778,0,1e-05
8922,9.09498758249258,0,1e-05
8923,9.59677114750947,0,1e-05
8924,9.09358861193991,0,1e-05
8925,9.59543445200154,0,1e-05
8926,9.09218991044755,0,1e-05
8927,9.59409800796286,0,1e-05
8928,9.09079147797452,0,1e-05
8929,9.59276181535735,0,1e-05
8930,9.08939331448041,0,1e-05
8931,9.59142587413883,0,1e-05
8932,9.08799541992575,0,1e-05
8933,9.59009018426696,0,1e-05
8934,9.08659779427978,0,1e-05
8935,9.58875474569709,0,1e-05
8936,9.08520043748956,0,1e-05
8937,9.58741955839375,0,1e-05
8938,9.08380334952939,0,1e-05
8939,9.586084622312,0,1e-05
8940,9.08240653035108,0,1e-05
8941,9.58474993740504,0,1e-05
8942,9.08100997991741,0,1e-05
8943,9.58341550363854,0,1e-05
8944,9.07961369818866,0,1e-05
8945,9.58208132096627,0,1e-05
8946,9.07821768511875,0,1e-05
8947,9.58074738934523,0,1e-05
8948,9.07682194067809,0,1e-05
8949,9.57941370874081,0,1e-05
8950,9.07542646482626,0,1e-05
8951,9.57808027910513,0,1e-05
8952,9.07403125752351,0,1e-05
8953,9.57674710040446,0,1e-05
8954,9.07263631872642,0,1e-05
8955,9.57541417258838,0,1e-05
8956,9.07124164840556,0,1e-05
8957,9.57408149561833,0,1e-05
8958,9.06984724650919,0,1e-05
8959,9.57274906945472,0,1e-05
8960,9.06845311300085,0,1e-05
8961,9.57141689405081,0,1e-05
8962,9.06705924784759,0,1e-05
8963,9.57008496937146,0,1e-05
8964,9.06566565100665,0,1e-05
8965,9.5687532953689,0,1e-05
8966,9.06427232243342,0,1e-05
8967,9.56742187200411,0,1e-05
8968,9.06287926209335,0,1e-05
8969,9.56609069923431,0,1e-05
8970,9.0614864699517,0,1e-05
8971,9.56475977702794,0,1e-05
8972,9.06009394596262,0,1e-05
8973,9.56342910533088,0,1e-05
8974,9.05870169009553,0,1e-05
8975,9.5620986841147,0,1e-05
8976,9.05730970230503,0,1e-05
8977,9.56076851332753,0,1e-05
8978,9.05591798255217,0,1e-05
8979,9.55943859293195,0,1e-05
8980,9.05452653080342,0,1e-05
8981,9.55810892288998,0,1e-05
8982,9.05313534701362,0,1e-05
8983,9.5567795031461,0,1e-05
8984,9.05174443115114,0,1e-05
8985,9.5554503336769,0,1e-05
8986,9.05035378316195,0,1e-05
8987,9.55412141442843,0,1e-05
8988,9.04896340302242,0,1e-05
8989,9.55279274536903,0,1e-05
8990,9.04757329068769,0,1e-05
8991,9.5514643264583,0,1e-05
8992,9.04618344611703,0,1e-05
8993,9.55013615764818,0,1e-05
8994,9.04479386927739,0,1e-05
8995,9.54880823890033,0,1e-05
8996,9.04340456013112,0,1e-05
8997,9.54748057017998,0,1e-05
8998,9.04201551863944,0,1e-05
8999,9.54615315144277,0,1e-05
9000,9.04062674476454,0,1e-05
9001,9.54482598264351,0,1e-05
9002,9.03923823845507,0,1e-05
9003,9.54349906374589,0,1e-05
9004,9.03784999968954,0,1e-05
9005,9.5421723947119,0,1e-05
9006,9.03646202842401,0,1e-05
9007,9.54084597549884,0,1e-05
9008,9.03507432461735,0,1e-05
9009,9.53951980605639,0,1e-05
9010,9.03368688822813,0,1e-05
9011,9.53819388635367,0,1e-05
9012,9.03229971922707,0,1e-05
9013,9.5368682163517,0,1e-05
9014,9.03091281757083,0,1e-05
9015,9.5355427960095,0,1e-05
9016,9.02952618322714,0,1e-05
9017,9.53421762528366,0,1e-05
9018,9.02813981615202,0,1e-05
9019,9.53289270413351,0,1e-05
9020,9.02675371630311,0,1e-05
9021,9.53156803251776,0,1e-05
9022,9.02536788364983,0,1e-05
9023,9.53024361039411,0,1e-05
9024,9.02398231814878,0,1e-05
9025,9.528919437725,0,1e-05
9026,9.02259701976285,0,1e-05
9027,9.52759551447448,0,1e-05
9028,9.02121198846014,0,1e-05
9029,9.52627184059569,0,1e-05
9030,9.01982722419286,0,1e-05
9031,9.52494841605555,0,1e-05
9032,9.0184427269315,0,1e-05
9033,9.52362524080183,0,1e-05
9034,9.01705849662659,0,1e-05
9035,9.5223023148026,0,1e-05
9036,9.01567453324845,0,1e-05
9037,9.52097963802688,0,1e-05
9038,9.01429083677051,0,1e-05
9039,9.51965721042845,0,1e-05
9040,9.01290740714557,0,1e-05
9041,9.51833503196625,0,1e-05
9042,9.01152424433973,0,1e-05
9043,9.51701310260798,0,1e-05
9044,9.01014134831513,0,1e-05
9045,9.51569142229393,0,1e-05
9046,9.00875871901671,0,1e-05
9047,9.51436999099659,0,1e-05
9048,9.0073763564268,0,1e-05
9049,9.51304880868102,0,1e-05
9050,9.00599426049771,0,1e-05
9051,9.51172787529593,0,1e-05
9052,9.00461243120067,0,1e-05
9053,9.5104071908136,0,1e-05
9054,9.00323086849299,0,1e-05
9055,9.50908675518834,0,1e-05
9056,9.00184957233862,0,1e-05
9057,9.50776656838203,0,1e-05
9058,9.00046854270154,0,1e-05
9059,9.50644663034735,0,1e-05
9060,8.99908777953841,0,1e-05
9061,9.50512694105382,0,1e-05
9062,8.99770728281725,0,1e-05
9063,9.50380750045879,0,1e-05
9064,8.99632705249642,0,1e-05
9065,9.50248830852312,0,1e-05
9066,8.99494708854334,0,1e-05
9067,9.50116936520404,0,1e-05
9068,8.99356739091523,0,1e-05
9069,9.49985067046562,0,1e-05
9070,8.99218795957718,0,1e-05
9071,9.49853222427011,0,1e-05
9072,8.99080879449666,0,1e-05
9073,9.49721402657734,0,1e-05
9074,8.98942989562597,0,1e-05
9075,9.49589607733943,0,1e-05
9076,8.9880512629399,0,1e-05
9077,9.49457837653003,0,1e-05
9078,8.98667289639626,0,1e-05
9079,9.49326092410633,0,1e-05
9080,8.98529479596278,0,1e-05
9081,9.49194372003045,0,1e-05
9082,8.98391696160387,0,1e-05
9083,9.49062676425847,0,1e-05
9084,8.98253939326771,0,1e-05
9085,9.48931005675342,0,1e-05
9086,8.98116209093041,0,1e-05
9087,9.48799359746983,0,1e-05
9088,8.97978505454788,0,1e-05
9089,9.48667738637475,0,1e-05
9090,8.97840828408842,0,1e-05
9091,9.48536142343439,0,1e-05
9092,8.977031779511,0,1e-05
9093,9.48404570860249,0,1e-05
9094,8.97565554078009,0,1e-05
9095,9.48273024184054,0,1e-05
9096,8.97427956786035,0,1e-05
9097,9.4814150231104,0,1e-05
9098,8.97290386071233,0,1e-05
9099,9.48010005237119,0,1e-05
9100,8.97152841930631,0,1e-05
9101,9.4787853295897,0,1e-05
9102,8.97015324360307,0,1e-05
9103,9.47747085472396,0,1e-05
9104,8.96877833356388,0,1e-05
9105,9.47615662773426,0,1e-05
9106,8.96740368915418,0,1e-05
9107,9.47484264857837,0,1e-05
9108,8.96602931032516,0,1e-05
9109,9.47352891722003,0,1e-05
9110,8.96465519705364,0,1e-05
9111,9.4722154336246,0,1e-05
9112,8.96328134929824,0,1e-05
9113,9.4709021977506,0,1e-05
9114,8.96190776702375,0,1e-05
9115,9.4695892095572,0,1e-05
9116,8.96053445019751,0,1e-05
9117,9.4682764690138,0,1e-05
9118,8.95916139877889,0,1e-05
9119,9.46696397607557,0,1e-05
9120,8.95778861273558,0,1e-05
9121,9.46565173070487,0,1e-05
9122,8.95641609203092,0,1e-05
9123,9.46433973286015,0,1e-05
9124,8.95504383661841,0,1e-05
9125,9.46302798251003,0,1e-05
9126,8.95367184647066,0,1e-05
9127,9.46171647961836,0,1e-05
9128,8.95230012156191,0,1e-05
9129,9.4604052241418,0,1e-05
9130,8.95092866184115,0,1e-05
9131,9.45909421604122,0,1e-05
9132,8.94955746727244,0,1e-05
9133,9.45778345527405,0,1e-05
9134,8.94818653782288,0,1e-05
9135,9.45647294180097,0,1e-05
9136,8.94681587345168,0,1e-05
9137,9.45516267558168,0,1e-05
9138,8.94544547411922,0,1e-05
9139,9.45385265658403,0,1e-05
9140,8.94407533979748,0,1e-05
9141,9.45254288477549,0,1e-05
9142,8.94270547045685,0,1e-05
9143,9.45123336010792,0,1e-05
9144,8.94133586605001,0,1e-05
9145,9.44992408255761,0,1e-05
9146,8.93996652654517,0,1e-05
9147,9.44861505208254,0,1e-05
9148,8.93859745191659,0,1e-05
9149,9.44730626863874,0,1e-05
9150,8.93722864211951,0,1e-05
9151,9.44599773218145,0,1e-05
9152,8.93586009710974,0,1e-05
9153,9.44468944267718,0,1e-05
9154,8.93449181685721,0,1e-05
9155,9.44338140008968,0,1e-05
9156,8.93312380132613,0,1e-05
9157,9.4420736043874,0,1e-05
9158,8.93175605049057,0,1e-05
9159,9.44076605553422,0,1e-05
9160,8.93038856430535,0,1e-05
9161,9.43945875348148,0,1e-05
9162,8.92902134273709,0,1e-05
9163,9.43815169819853,0,1e-05
9164,8.92765438574963,0,1e-05
9165,9.43684488964234,0,1e-05
9166,8.92628769330902,0,1e-05
9167,9.43553832777804,0,1e-05
9168,8.92492126537982,0,1e-05
9169,9.43423201255418,0,1e-05
9170,8.92355510191862,0,1e-05
9171,9.43292594395492,0,1e-05
9172,8.92218920289659,0,1e-05
9173,9.43162012193443,0,1e-05
9174,8.92082356827855,0,1e-05
9175,9.43031454645601,0,1e-05
9176,8.91945819802844,0,1e-05
9177,9.429009217487,0,1e-05
9178,8.91809309211573,0,1e-05
9179,9.42770413498079,0,1e-05
9180,8.91672825049346,0,1e-05
9181,9.42639929889996,0,1e-05
9182,8.91536367313869,0,1e-05
9183,9.42509470921299,0,1e-05
9184,8.91399936000651,0,1e-05
9185,9.42379036587829,0,1e-05
9186,8.91263531106817,0,1e-05
9187,9.42248626886196,0,1e-05
9188,8.91127152628221,0,1e-05
9189,9.42118241811892,0,1e-05
9190,8.90990800561439,0,1e-05
9191,9.41987881360713,0,1e-05
9192,8.90854474902474,0,1e-05
9193,9.41857545530104,0,1e-05
9194,8.90718175648214,0,1e-05
9195,9.41727234316677,0,1e-05
9196,8.90581902796396,0,1e-05
9197,9.41596947715327,0,1e-05
9198,8.90445656341644,0,1e-05
9199,9.4146668572415,0,1e-05
9200,8.90309436282585,0,1e-05
9201,9.41336448338777,0,1e-05
9202,8.90173242613956,0,1e-05
9203,9.41206235555207,0,1e-05
9204,8.90037075332988,0,1e-05
9205,9.41076047369291,0,1e-05
9206,8.89900934436104,0,1e-05
9207,9.40945883777546,0,1e-05
9208,8.89764819918847,0,1e-05
9209,9.40815744776736,0,1e-05
9210,8.89628731778789,0,1e-05
9211,9.40685630362785,0,1e-05
9212,8.89492670011839,0,1e-05
9213,9.4055554053208,0,1e-05
9214,8.89356634615118,0,1e-05
9215,9.40425475280792,0,1e-05
9216,8.89220625584996,0,1e-05
9217,9.40295434605212,0,1e-05
9218,8.89084642917747,0,1e-05
9219,9.40165418501004,0,1e-05
9220,8.88948686609188,0,1e-05
9221,9.40035426965665,0,1e-05
9222,8.88812756657012,0,1e-05
9223,9.3990545999471,0,1e-05
9224,8.88676853057431,0,1e-05
9225,9.39775517585543,0,1e-05
9226,8.88540975806862,0,1e-05
9227,9.39645599733969,0,1e-05
9228,8.88405124902028,0,1e-05
9229,9.39515706435926,0,1e-05
9230,8.88269300339415,0,1e-05
9231,9.39385837688402,0,1e-05
9232,8.8813350211545,0,1e-05
9233,9.3925599348719,0,1e-05
9234,8.87997730226813,0,1e-05
9235,9.39126173828421,0,1e-05
9236,8.8786198467032,0,1e-05
9237,9.38996378708887,0,1e-05
9238,8.87726265442115,0,1e-05
9239,9.38866608124211,0,1e-05
9240,8.87590572538399,0,1e-05
9241,9.38736862070994,0,1e-05
9242,8.87454905956102,0,1e-05
9243,9.38607140546608,0,1e-05
9244,8.87319265691317,0,1e-05
9245,9.38477443546758,0,1e-05
9246,8.87183651740898,0,1e-05
9247,9.38347771067613,0,1e-05
9248,8.87048064101832,0,1e-05
9249,9.38218123105417,0,1e-05
9250,8.86912502770292,0,1e-05
9251,9.38088499657097,0,1e-05
9252,8.86776967743437,0,1e-05
9253,9.37958900717885,0,1e-05
9254,8.86641459016077,0,1e-05
9255,9.37829326284859,0,1e-05
9256,8.86505976586924,0,1e-05
9257,9.37699776354473,0,1e-05
9258,8.86370520452336,0,1e-05
9259,9.37570250923894,0,1e-05
9260,8.86235090607802,0,1e-05
9261,9.37440749988743,0,1e-05
9262,8.86099687050186,0,1e-05
9263,9.37311273545199,0,1e-05
9264,8.85964309776797,0,1e-05
9265,9.37181821588972,0,1e-05
9266,8.85828958783245,0,1e-05
9267,9.37052394117251,0,1e-05
9268,8.85693634065389,0,1e-05
9269,9.36922991126516,0,1e-05
9270,8.85558335620739,0,1e-05
9271,9.36793612612881,0,1e-05
9272,8.85423063446931,0,1e-05
9273,9.36664258572799,0,1e-05
9274,8.85287817539777,0,1e-05
9275,9.36534929002184,0,1e-05
9276,8.8515259789559,0,1e-05
9277,9.36405623898172,0,1e-05
9278,8.85017404510208,0,1e-05
9279,9.36276343256296,0,1e-05
9280,8.84882237381023,0,1e-05
9281,9.36147087073528,0,1e-05
9282,8.84747096505514,0,1e-05
9283,9.36017855346959,0,1e-05
9284,8.84611981878611,0,1e-05
9285,9.35888648071318,0,1e-05
9286,8.84476893497967,0,1e-05
9287,9.35759465244201,0,1e-05
9288,8.84341831359389,0,1e-05
9289,9.35630306860982,0,1e-05
9290,8.8420679546079,0,1e-05
9291,9.35501172921037,0,1e-05
9292,8.8407178579733,0,1e-05
9293,9.35372063416113,0,1e-05
9294,8.83936802367099,0,1e-05
9295,9.35242978346277,0,1e-05
9296,8.83801845164987,0,1e-05
9297,9.3511391770668,0,1e-05
9298,8.83666914189516,0,1e-05
9299,9.34984881494085,0,1e-05
9300,8.83532009436838,0,1e-05
9301,9.34855869704921,0,1e-05
9302,8.83397130903071,0,1e-05
9303,9.34726882335972,0,1e-05
9304,8.83262278585752,0,1e-05
9305,9.34597919382674,0,1e-05
9306,8.83127452479473,0,1e-05
9307,9.34468980841824,0,1e-05
9308,8.82992652582225,0,1e-05
9309,9.34340066709346,0,1e-05
9310,8.82857878890622,0,1e-05
9311,9.34211176982421,0,1e-05
9312,8.82723131400644,0,1e-05
9313,9.34082311656355,0,1e-05
9314,8.82588410108706,0,1e-05
9315,9.33953470728452,0,1e-05
9316,8.82453715013037,0,1e-05
9317,9.33824654196581,0,1e-05
9318,8.82319046110137,0,1e-05
9319,9.33695862055735,0,1e-05
9320,8.82184403395421,0,1e-05
9321,9.33567094302777,0,1e-05
9322,8.82049786866544,0,1e-05
9323,9.33438350933864,0,1e-05
9324,8.81915196520363,0,1e-05
9325,9.33309631946589,0,1e-05
9326,8.81780632352695,0,1e-05
9327,9.33180937336313,0,1e-05
9328,8.81646094361146,0,1e-05
9329,9.33052267099975,0,1e-05
9330,8.81511582542412,0,1e-05
9331,9.32923621233174,0,1e-05
9332,8.813770968921,0,1e-05
9333,9.32794999733946,0,1e-05
9334,8.81242637407539,0,1e-05
9335,9.32666402596679,0,1e-05
9336,8.81108204083912,0,1e-05
9337,9.32537829819618,0,1e-05
9338,8.80973796920387,0,1e-05
9339,9.32409281397464,0,1e-05
9340,8.80839415911418,0,1e-05
9341,9.32280757328109,0,1e-05
9342,8.80705061054445,0,1e-05
9343,9.32152257607351,0,1e-05
9344,8.80570732347123,0,1e-05
9345,9.32023782231464,0,1e-05
9346,8.80436429785053,0,1e-05
9347,9.3189533119711,0,1e-05
9348,8.80302153364224,0,1e-05
9349,9.31766904501442,0,1e-05
9350,8.80167903083389,0,1e-05
9351,9.31638502141377,0,1e-05
9352,8.80033678938103,0,1e-05
9353,9.31510124112478,0,1e-05
9354,8.79899480926123,0,1e-05
9355,9.31381770412262,0,1e-05
9356,8.79765309042887,0,1e-05
9357,9.3125344103588,0,1e-05
9358,8.79631163284417,0,1e-05
9359,9.31125135980466,0,1e-05
9360,8.79497043649367,0,1e-05
9361,9.30996855242991,0,1e-05
9362,8.79362950133266,0,1e-05
9363,9.30868598818235,0,1e-05
9364,8.79228882733153,0,1e-05
9365,9.3074036670409,0,1e-05
9366,8.79094841444827,0,1e-05
9367,9.30612158897562,0,1e-05
9368,8.78960826266487,0,1e-05
9369,9.30483975394398,0,1e-05
9370,8.7882683719461,0,1e-05
9371,9.30355816192117,0,1e-05
9372,8.78692874225816,0,1e-05
9373,9.30227681285649,0,1e-05
9374,8.78558937355557,0,1e-05
9375,9.300995706716,0,1e-05
9376,8.78425026581675,0,1e-05
9377,9.29971484346993,0,1e-05
9378,8.78291141900034,0,1e-05
9379,9.29843422308741,0,1e-05
9380,8.7815728330725,0,1e-05
9381,9.29715384552557,0,1e-05
9382,8.78023450801356,0,1e-05
9383,9.29587371076269,0,1e-05
9384,8.77889644378442,0,1e-05
9385,9.29459381874914,0,1e-05
9386,8.77755864035402,0,1e-05
9387,9.2933141694692,0,1e-05
9388,8.77622109768238,0,1e-05
9389,9.29203476286775,0,1e-05
9390,8.77488381574381,0,1e-05
9391,9.29075559891848,0,1e-05
9392,8.77354679451521,0,1e-05
9393,9.28947667758944,0,1e-05
9394,8.77221003394074,0,1e-05
9395,9.28819799883802,0,1e-05
9396,8.77087353400568,0,1e-05
9397,9.28691956263504,0,1e-05
9398,8.76953729467178,0,1e-05
9399,9.28564136895028,0,1e-05
9400,8.76820131590753,0,1e-05
9401,9.28436341774106,0,1e-05
9402,8.76686559767379,0,1e-05
9403,9.2830857089849,0,1e-05
9404,8.76553013995147,0,1e-05
9405,9.28180824264141,0,1e-05
9406,8.7641949426928,0,1e-05
9407,9.28053101867147,0,1e-05
9408,8.76286000587936,0,1e-05
9409,9.27925403704818,0,1e-05
9410,8.76152532947844,0,1e-05
9411,9.27797729773924,0,1e-05
9412,8.76019091345115,0,1e-05
9413,9.27670080069737,0,1e-05
9414,8.75885675776599,0,1e-05
9415,9.2754245459027,0,1e-05
9416,8.75752286239156,0,1e-05
9417,9.27414853332242,0,1e-05
9418,8.75618922729679,0,1e-05
9419,9.27287276291463,0,1e-05
9420,8.75485585245255,0,1e-05
9421,9.27159723463671,0,1e-05
9422,8.75352273782999,0,1e-05
9423,9.27032194846891,0,1e-05
9424,8.75218988337003,0,1e-05
9425,9.26904690437161,0,1e-05
9426,8.75085728906754,0,1e-05
9427,9.26777210231543,0,1e-05
9428,8.74952495489153,0,1e-05
9429,9.26649754226365,0,1e-05
9430,8.74819288079171,0,1e-05
9431,9.26522322419046,0,1e-05
9432,8.74686106675587,0,1e-05
9433,9.26394914805109,0,1e-05
9434,8.74552951275605,0,1e-05
9435,9.2626753138136,0,1e-05
9436,8.74419821872344,0,1e-05
9437,9.26140172142741,0,1e-05
9438,8.74286718465441,0,1e-05
9439,9.26012837088201,0,1e-05
9440,8.74153641050391,0,1e-05
9441,9.25885526212488,0,1e-05
9442,8.74020589624159,0,1e-05
9443,9.25758239513289,0,1e-05
9444,8.73887564183622,0,1e-05
9445,9.25630976987781,0,1e-05
9446,8.73754564726829,0,1e-05
9447,9.25503738631927,0,1e-05
9448,8.7362159125061,0,1e-05
9449,9.25376524442766,0,1e-05
9450,8.7348864375028,0,1e-05
9451,9.25249334415654,0,1e-05
9452,8.73355722221921,0,1e-05
9453,9.25122168547911,0,1e-05
9454,8.7322282666385,0,1e-05
9455,9.24995026835479,0,1e-05
9456,8.73089957071582,0,1e-05
9457,9.2486790927689,0,1e-05
9458,8.72957113443091,0,1e-05
9459,9.24740815866573,0,1e-05
9460,8.72824295775861,0,1e-05
9461,9.24613746602774,0,1e-05
9462,8.72691504065099,0,1e-05
9463,9.24486701480265,0,1e-05
9464,8.72558738307276,0,1e-05
9465,9.24359680497634,0,1e-05
9466,8.72425998500989,0,1e-05
9467,9.24232683650055,0,1e-05
9468,8.72293284641886,0,1e-05
9469,9.24105710934449,0,1e-05
9470,8.72160596725886,0,1e-05
9471,9.23978762347654,0,1e-05
9472,8.72027934751091,0,1e-05
9473,9.23851837886701,0,1e-05
9474,8.71895298715358,0,1e-05
9475,9.23724937547975,0,1e-05
9476,8.71762688614393,0,1e-05
9477,9.23598061328164,0,1e-05
9478,8.71630104443363,0,1e-05
9479,9.23471209223671,0,1e-05
9480,8.71497546201971,0,1e-05
9481,9.23344381231603,0,1e-05
9482,8.71365013885788,0,1e-05
9483,9.2321757734811,0,1e-05
9484,8.71232507492433,0,1e-05
9485,9.23090797570817,0,1e-05
9486,8.71100027017605,0,1e-05
9487,9.22964041895842,0,1e-05
9488,8.70967572458969,0,1e-05
9489,9.22837310319831,0,1e-05
9490,8.70835143812412,0,1e-05
9491,9.22710602838017,0,1e-05
9492,8.70702741074589,0,1e-05
9493,9.22583919449345,0,1e-05
9494,8.70570364243524,0,1e-05
9495,9.22457260148349,0,1e-05
9496,8.70438013315903,0,1e-05
9497,9.22330624933547,0,1e-05
9498,8.70305688289121,0,1e-05
9499,9.22204013801947,0,1e-05
9500,8.70173389159232,0,1e-05
9501,9.22077426749089,0,1e-05
9502,8.70041115922559,0,1e-05
9503,9.21950863771622,0,1e-05
9504,8.69908868577361,0,1e-05
9505,9.21824324866263,0,1e-05
9506,8.69776647119033,0,1e-05
9507,9.21697810030017,0,1e-05
9508,8.69644451544601,0,1e-05
9509,9.21571319258342,0,1e-05
9510,8.69512281851344,0,1e-05
9511,9.21444852549882,0,1e-05
9512,8.69380138035613,0,1e-05
9513,9.21318409898639,0,1e-05
9514,8.69248020095293,0,1e-05
9515,9.21191991304499,0,1e-05
9516,8.69115928025033,0,1e-05
9517,9.21065596761307,0,1e-05
9518,8.68983861824375,0,1e-05
9519,9.2093922626824,0,1e-05
9520,8.68851821489268,0,1e-05
9521,9.20812879820381,0,1e-05
9522,8.68719807015913,0,1e-05
9523,9.20686557414841,0,1e-05
9524,8.68587818402716,0,1e-05
9525,9.20560259048729,0,1e-05
9526,8.68455855644068,0,1e-05
9527,9.20433984717631,0,1e-05
9528,8.68323918739219,0,1e-05
9529,9.20307734419709,0,1e-05
9530,8.68192007684773,0,1e-05
9531,9.20181508151585,0,1e-05
9532,8.68060122478007,0,1e-05
9533,9.20055305910124,0,1e-05
9534,8.67928263115146,0,1e-05
9535,9.19929127690745,0,1e-05
9536,8.67796429591737,0,1e-05
9537,9.1980297349016,0,1e-05
9538,8.6766462190635,0,1e-05
9539,9.19676843305384,0,1e-05
9540,8.67532840053935,0,1e-05
9541,9.19550737133553,0,1e-05
9542,8.67401084033062,0,1e-05
9543,9.19424654971045,0,1e-05
9544,8.67269353840853,0,1e-05
9545,9.19298596815642,0,1e-05
9546,8.67137649473429,0,1e-05
9547,9.19172562662242,0,1e-05
9548,8.67005970927448,0,1e-05
9549,9.19046552509057,0,1e-05
9550,8.6687431820043,0,1e-05
9551,9.18920566350706,0,1e-05
9552,8.66742691288307,0,1e-05
9553,9.18794604185566,0,1e-05
9554,8.66611090188654,0,1e-05
9555,9.18668666009919,0,1e-05
9556,8.6647951489699,0,1e-05
9557,9.18542751819868,0,1e-05
9558,8.66347965411524,0,1e-05
9559,9.18416861611973,0,1e-05
9560,8.66216441727953,0,1e-05
9561,9.18290995384192,0,1e-05
9562,8.66084943844662,0,1e-05
9563,9.18165153133498,0,1e-05
9564,8.659534717604,0,1e-05
9565,9.18039334856273,0,1e-05
9566,8.65822025469668,0,1e-05
9567,9.17913540549509,0,1e-05
9568,8.65690604969732,0,1e-05
9569,9.17787770210682,0,1e-05
9570,8.65559210257857,0,1e-05
9571,9.17662023836129,0,1e-05
9572,8.65427841331177,0,1e-05
9573,9.17536301422212,0,1e-05
9574,8.65296498186522,0,1e-05
9575,9.17410602966004,0,1e-05
9576,8.65165180819934,0,1e-05
9577,9.17284928463652,0,1e-05
9578,8.65033889230151,0,1e-05
9579,9.17159277911937,0,1e-05
9580,8.64902623411301,0,1e-05
9581,9.17033651307253,0,1e-05
9582,8.64771383362505,0,1e-05
9583,9.16908048646814,0,1e-05
9584,8.64640169079344,0,1e-05
9585,9.16782469926566,0,1e-05
9586,8.64508980558469,0,1e-05
9587,9.16656915143346,0,1e-05
9588,8.64377817798018,0,1e-05
9589,9.16531384295165,0,1e-05
9590,8.6424668079343,0,1e-05
9591,9.1640587737612,0,1e-05
9592,8.64115569542254,0,1e-05
9593,9.16280394386396,0,1e-05
9594,8.63984484042507,0,1e-05
9595,9.16154935320597,0,1e-05
9596,8.63853424289699,0,1e-05
9597,9.16029500176698,0,1e-05
9598,8.63722390281592,0,1e-05
9599,9.15904088950233,0,1e-05
9600,8.63591382015133,0,1e-05
9601,9.15778701641018,0,1e-05
9602,8.63460399488119,0,1e-05
9603,9.15653338243274,0,1e-05
9604,8.63329442697211,0,1e-05
9605,9.15527998753915,0,1e-05
9606,8.63198511637729,0,1e-05
9607,9.15402683168009,0,1e-05
9608,8.63067606306799,0,1e-05
9609,9.15277391484863,0,1e-05
9610,8.6293672670183,0,1e-05
9611,9.15152123699989,0,1e-05
9612,8.6280587281942,0,1e-05
9613,9.15026879809968,0,1e-05
9614,8.62675044656181,0,1e-05
9615,9.14901659812342,0,1e-05
9616,8.62544242210721,0,1e-05
9617,9.14776463704639,0,1e-05
9618,8.62413465477568,0,1e-05
9619,9.14651291480406,0,1e-05
9620,8.62282714456729,0,1e-05
9621,9.14526143140501,0,1e-05
9622,8.62151989143996,0,1e-05
9623,9.1440101868081,0,1e-05
9624,8.62021289536388,0,1e-05
9625,9.14275918097438,0,1e-05
9626,8.61890615630332,0,1e-05
9627,9.14150841386163,0,1e-05
9628,8.61759967423441,0,1e-05
9629,9.14025788546346,0,1e-05
9630,8.61629344913086,0,1e-05
9631,9.13900759572664,0,1e-05
9632,8.6149874809452,0,1e-05
9633,9.13775754461647,0,1e-05
9634,8.61368176965333,0,1e-05
9635,9.13650773212172,0,1e-05
9636,8.61237631521733,0,1e-05
9637,9.13525815818438,0,1e-05
9638,8.61107111762214,0,1e-05
9639,9.13400882278862,0,1e-05
9640,8.60976617684273,0,1e-05
9641,9.13275972590063,0,1e-05
9642,8.60846149282135,0,1e-05
9643,9.13151086747424,0,1e-05
9644,8.60715706554691,0,1e-05
9645,9.13026224750056,0,1e-05
9646,8.60585289499132,0,1e-05
9647,9.1290138659429,0,1e-05
9648,8.60454898112729,0,1e-05
9649,9.12776572275974,0,1e-05
9650,8.60324532390071,0,1e-05
9651,9.12651781792782,0,1e-05
9652,8.60194192331732,0,1e-05
9653,9.12527015142749,0,1e-05
9654,8.60063877932025,0,1e-05
9655,9.12402272319955,0,1e-05
9656,8.5993358918857,0,1e-05
9657,9.12277553321255,0,1e-05
9658,8.59803326098184,0,1e-05
9659,9.12152858144451,0,1e-05
9660,8.59673088656608,0,1e-05
9661,9.12028186785433,0,1e-05
9662,8.59542876861614,0,1e-05
9663,9.11903539242979,0,1e-05
9664,8.59412690711587,0,1e-05
9665,9.1177891551193,0,1e-05
9666,8.59282530202228,0,1e-05
9667,9.1165431559041,0,1e-05
9668,8.59152395330981,0,1e-05
9669,9.11529739474331,0,1e-05
9670,8.59022286093915,0,1e-05
9671,9.11405187160584,0,1e-05
9672,8.58892202489039,0,1e-05
9673,9.11280658647075,0,1e-05
9674,8.58762144513451,0,1e-05
9675,9.11156153930276,0,1e-05
9676,8.58632112162945,0,1e-05
9677,9.11031673005557,0,1e-05
9678,8.58502105434872,0,1e-05
9679,9.10907215870743,0,1e-05
9680,8.58372124327917,0,1e-05
9681,9.10782782523682,0,1e-05
9682,8.5824216883835,0,1e-05
9683,9.10658372960257,0,1e-05
9684,8.58112238962016,0,1e-05
9685,9.1053398717842,0,1e-05
9686,8.57982334695538,0,1e-05
9687,9.10409625172815,0,1e-05
9688,8.57852456038145,0,1e-05
9689,9.10285286941889,0,1e-05
9690,8.57722602984887,0,1e-05
9691,9.10160972480885,0,1e-05
9692,8.57592775533548,0,1e-05
9693,9.10036681788386,0,1e-05
9694,8.57462973680472,0,1e-05
9695,9.09912414858818,0,1e-05
9696,8.57333197422401,0,1e-05
9697,9.09788171691379,0,1e-05
9698,8.57203446757796,0,1e-05
9699,9.09663952283,0,1e-05
9700,8.57073721681829,0,1e-05
9701,9.09539756629962,0,1e-05
9702,8.56944022194375,0,1e-05
9703,9.09415584729568,0,1e-05
9704,8.56814348290002,0,1e-05
9705,9.09291436577735,0,1e-05
9706,8.56684699967284,0,1e-05
9707,9.09167312172812,0,1e-05
9708,8.56555077222516,0,1e-05
9709,9.09043211509474,0,1e-05
9710,8.56425480051509,0,1e-05
9711,9.08919134585248,0,1e-05
9712,8.56295908450581,0,1e-05
9713,9.08795081397732,0,1e-05
9714,8.56166362419681,0,1e-05
9715,9.08671051944051,0,1e-05
9716,8.56036841953879,0,1e-05
9717,9.08547046217884,0,1e-05
9718,8.55907347050178,0,1e-05
9719,9.08423064219367,0,1e-05
9720,8.5577787770745,0,1e-05
9721,9.08299105946306,0,1e-05
9722,8.5564843392202,0,1e-05
9723,9.0817517139298,0,1e-05
9724,8.55519015690276,0,1e-05
9725,9.08051260556402,0,1e-05
9726,8.55389623009201,0,1e-05
9727,9.07927373436158,0,1e-05
9728,8.5526025587464,0,1e-05
9729,9.07803510026176,0,1e-05
9730,8.55130914287485,0,1e-05
9731,9.07679670324811,0,1e-05
9732,8.55001598240413,0,1e-05
9733,9.07555854327779,0,1e-05
9734,8.54872307733509,0,1e-05
9735,9.07432062034237,0,1e-05
9736,8.54743042764412,0,1e-05
9737,9.07308293439963,0,1e-05
9738,8.54613803325942,0,1e-05
9739,9.07184548539632,0,1e-05
9740,8.54484589417014,0,1e-05
9741,9.07060827332176,0,1e-05
9742,8.54355401034711,0,1e-05
9743,9.06937129811607,0,1e-05
9744,8.54226238175354,0,1e-05
9745,9.06813455978386,0,1e-05
9746,8.54097100838784,0,1e-05
9747,9.06689805829274,0,1e-05
9748,8.53967989020678,0,1e-05
9749,9.06566179359318,0,1e-05
9750,8.5383890271518,0,1e-05
9751,9.0644257656561,0,1e-05
9752,8.53709841923021,0,1e-05
9753,9.06318997447545,0,1e-05
9754,8.53580806639639,0,1e-05
9755,9.0619544200099,0,1e-05
9756,8.53451796864975,0,1e-05
9757,9.06071910221078,0,1e-05
9758,8.53322812591492,0,1e-05
9759,9.05948402105192,0,1e-05
9760,8.53193853819267,0,1e-05
9761,9.05824917651306,0,1e-05
9762,8.53064920544385,0,1e-05
9763,9.05701456855766,0,1e-05
9764,8.52936012763842,0,1e-05
9765,9.05578019714177,0,1e-05
9766,8.5280713047456,0,1e-05
9767,9.05454606223727,0,1e-05
9768,8.52678273672454,0,1e-05
9769,9.05331216384463,0,1e-05
9770,8.52549442357084,0,1e-05
9771,9.05207850189644,0,1e-05
9772,8.52420636521564,0,1e-05
9773,9.05084507636529,0,1e-05
9774,8.52291856167285,0,1e-05
9775,9.04961188723901,0,1e-05
9776,8.52163101288675,0,1e-05
9777,9.048378934473,0,1e-05
9778,8.52034371884875,0,1e-05
9779,9.04714621805,0,1e-05
9780,8.51905667950268,0,1e-05
9781,9.0459137379137,0,1e-05
9782,8.51776989483831,0,1e-05
9783,9.0446814940644,0,1e-05
9784,8.51648336482366,0,1e-05
9785,9.04344948644624,0,1e-05
9786,8.51519708942632,0,1e-05
9787,9.04221771504489,0,1e-05
9788,8.51391106861748,0,1e-05
9789,9.04098617982154,0,1e-05
9790,8.51262530236806,0,1e-05
9791,9.03975488074079,0,1e-05
9792,8.51133979063909,0,1e-05
9793,9.03852381778302,0,1e-05
9794,8.51005453342651,0,1e-05
9795,9.0372929909059,0,1e-05
9796,8.50876953066969,0,1e-05
9797,9.0360624000733,0,1e-05
9798,8.50748478234812,0,1e-05
9799,9.03483204528183,0,1e-05
9800,8.50620028843597,0,1e-05
9801,9.03360192646264,0,1e-05
9802,8.50491604891946,0,1e-05
9803,9.03237204361777,0,1e-05
9804,8.5036320637334,0,1e-05
9805,9.03114239669727,0,1e-05
9806,8.50234833285706,0,1e-05
9807,9.02991298566015,0,1e-05
9808,8.50106485627662,0,1e-05
9809,9.02868381050012,0,1e-05
9810,8.4997816339748,0,1e-05
9811,9.02745487119658,0,1e-05
9812,8.49849866588756,0,1e-05
9813,9.02622616767988,0,1e-05
9814,8.49721595202983,0,1e-05
9815,9.02499769994559,0,1e-05
9816,8.4959334923167,0,1e-05
9817,9.02376946793026,0,1e-05
9818,8.49465128673552,0,1e-05
9819,9.0225414716357,0,1e-05
9820,8.49336933527093,0,1e-05
9821,9.02131371101756,0,1e-05
9822,8.49208763789689,0,1e-05
9823,9.02008618606862,0,1e-05
9824,8.49080619458091,0,1e-05
9825,9.01885889673857,0,1e-05
9826,8.48952500528735,0,1e-05
9827,9.01763184299444,0,1e-05
9828,8.48824406998252,0,1e-05
9829,9.01640502481224,0,1e-05
9830,8.48696338866852,0,1e-05
9831,9.0151784421717,0,1e-05
9832,8.48568296129096,0,1e-05
9833,9.01395209501876,0,1e-05
9834,8.48440278780804,0,1e-05
9835,9.01272598333104,0,1e-05
9836,8.48312286821015,0,1e-05
9837,9.01150010707647,0,1e-05
9838,8.48184320245266,0,1e-05
9839,9.0102744662323,0,1e-05
9840,8.48056379049761,0,1e-05
9841,9.00904906075671,0,1e-05
9842,8.47928463234416,0,1e-05
9843,9.00782389063552,0,1e-05
9844,8.47800572797161,0,1e-05
9845,9.00659895583384,0,1e-05
9846,8.47672707734052,0,1e-05
9847,9.00537425633664,0,1e-05
9848,8.47544868039518,0,1e-05
9849,9.00414979206694,0,1e-05
9850,8.47417053712088,0,1e-05
9851,9.00292556303535,0,1e-05
9852,8.47289264750466,0,1e-05
9853,9.00170156919898,0,1e-05
9854,8.47161501151568,0,1e-05
9855,9.00047781052487,0,1e-05
9856,8.47033762911184,0,1e-05
9857,8.99925428699737,0,1e-05
9858,8.4690605002579,0,1e-05
9859,8.99803099855803,0,1e-05
9860,8.46778362494058,0,1e-05
9861,8.99680794519174,0,1e-05
9862,8.46650700312572,0,1e-05
9863,8.99558512687071,0,1e-05
9864,8.46523063476562,0,1e-05
9865,8.99436254354982,0,1e-05
9866,8.46395451985163,0,1e-05
9867,8.99314019522004,0,1e-05
9868,8.46267865836722,0,1e-05
9869,8.99191808184124,0,1e-05
9870,8.46140305023807,0,1e-05
9871,8.9906962033692,0,1e-05
9872,8.46012769546923,0,1e-05
9873,8.98947455978053,0,1e-05
9874,8.45885259402149,0,1e-05
9875,8.98825315104813,0,1e-05
9876,8.45757774587518,0,1e-05
9877,8.98703197715215,0,1e-05
9878,8.45630315098443,0,1e-05
9879,8.98581103803679,0,1e-05
9880,8.45502880933594,0,1e-05
9881,8.98459033370057,0,1e-05
9882,8.45375472088624,0,1e-05
9883,8.98336986409701,0,1e-05
9884,8.45248088561234,0,1e-05
9885,8.98214962918851,0,1e-05
9886,8.4512073034756,0,1e-05
9887,8.98092962894871,0,1e-05
9888,8.44993397445952,0,1e-05
9889,8.97970986335412,0,1e-05
9890,8.44866089852644,0,1e-05
9891,8.97849033236045,0,1e-05
9892,8.44738807565574,0,1e-05
9893,8.97727103596232,0,1e-05
9894,8.44611550581398,0,1e-05
9895,8.97605197411634,0,1e-05
9896,8.44484318898821,0,1e-05
9897,8.9748331467944,0,1e-05
9898,8.4435711251261,0,1e-05
9899,8.97361455395597,0,1e-05
9900,8.44229931420354,0,1e-05
9901,8.97239619558266,0,1e-05
9902,8.44102775619469,0,1e-05
9903,8.97117807164668,0,1e-05
9904,8.43975645106423,0,1e-05
9905,8.96996018209622,0,1e-05
9906,8.43848539878634,0,1e-05
9907,8.9687425269155,0,1e-05
9908,8.43721459935889,0,1e-05
9909,8.96752510609436,0,1e-05
9910,8.43594405271872,0,1e-05
9911,8.96630791956069,0,1e-05
9912,8.43467375884646,0,1e-05
9913,8.965090967325,0,1e-05
9914,8.43340371771325,0,1e-05
9915,8.96387424931303,0,1e-05
9916,8.43213392928339,0,1e-05
9917,8.96265776554012,0,1e-05
9918,8.43086439353384,0,1e-05
9919,8.96144151593647,0,1e-05
9920,8.42959511043997,0,1e-05
9921,8.96022550049029,0,1e-05
9922,8.42832607995258,0,1e-05
9923,8.95900971917003,0,1e-05
9924,8.42705730208028,0,1e-05
9925,8.95779417194577,0,1e-05
9926,8.42578877675216,0,1e-05
9927,8.95657885879386,0,1e-05
9928,8.42452050396484,0,1e-05
9929,8.95536377967311,0,1e-05
9930,8.42325248368685,0,1e-05
9931,8.95414893456534,0,1e-05
9932,8.42198471587037,0,1e-05
9933,8.95293432340591,0,1e-05
9934,8.42071720052083,0,1e-05
9935,8.95171994620623,0,1e-05
9936,8.41944993758532,0,1e-05
9937,8.95050580291803,0,1e-05
9938,8.4181829270326,0,1e-05
9939,8.94929189350285,0,1e-05
9940,8.41691616883521,0,1e-05
9941,8.94807821795184,0,1e-05
9942,8.41564966295206,0,1e-05
9943,8.94686477622452,0,1e-05
9944,8.41438340939938,0,1e-05
9945,8.94565156829204,0,1e-05
9946,8.41311740809686,0,1e-05
9947,8.94443859410177,0,1e-05
9948,8.41185165903821,0,1e-05
9949,8.94322585364028,0,1e-05
9950,8.41058616219246,0,1e-05
9951,8.94201334688573,0,1e-05
9952,8.40932091753496,0,1e-05
9953,8.94080107382243,0,1e-05
9954,8.40805592504225,0,1e-05
9955,8.93958903439333,0,1e-05
9956,8.40679118467589,0,1e-05
9957,8.93837722857596,0,1e-05
9958,8.40552669641723,0,1e-05
9959,8.93716565634101,0,1e-05
9960,8.40426246019956,0,1e-05
9961,8.93595431763062,0,1e-05
9962,8.40299847601715,0,1e-05
9963,8.93474321244725,0,1e-05
9964,8.40173474385763,0,1e-05
9965,8.93353234077713,0,1e-05
9966,8.40047126369649,0,1e-05
9967,8.93232170258493,0,1e-05
9968,8.39920803549141,0,1e-05
9969,8.93111129781589,0,1e-05
9970,8.39794505923283,0,1e-05
9971,8.92990112646407,0,1e-05
9972,8.39668233485139,0,1e-05
9973,8.92869118846992,0,1e-05
9974,8.39541986233905,0,1e-05
9975,8.92748148382138,0,1e-05
9976,8.39415764167838,0,1e-05
9977,8.92627201247494,0,1e-05
9978,8.39289567279435,0,1e-05
9979,8.92506277439933,0,1e-05
9980,8.39163395568079,0,1e-05
9981,8.92385376957064,0,1e-05
9982,8.39037249031605,0,1e-05
9983,8.92264499797309,0,1e-05
9984,8.38911127668551,0,1e-05
9985,8.92143645956735,0,1e-05
9986,8.3878503147539,0,1e-05
9987,8.92022815433239,0,1e-05
9988,8.38658960448675,0,1e-05
9989,8.91902008222263,0,1e-05
9990,8.3853291458684,0,1e-05
9991,8.91781224319927,0,1e-05
9992,8.38406893882877,0,1e-05
9993,8.91660463723762,0,1e-05
9994,8.38280898336723,0,1e-05
9995,8.91539726432257,0,1e-05
9996,8.3815492794391,0,1e-05
9997,8.91419012439786,0,1e-05
9998,8.3802898270322,0,1e-05
9999,8.9129832174605,0,1e-05
10000,8.37903062611589,0,1e-05
10001,8.91177654346676,0,1e-05
10002,8.37777167665443,0,1e-05
10003,8.91057010239912,0,1e-05
10004,8.37651297861674,0,1e-05
10005,8.90936389418832,0,1e-05
10006,8.37525453197259,0,1e-05
10007,8.90815791884178,0,1e-05
10008,8.37399633670197,0,1e-05
10009,8.90695217632706,0,1e-05
10010,8.37273839279283,0,1e-05
10011,8.90574666662695,0,1e-05
10012,8.37148070019191,0,1e-05
10013,8.90454138969754,0,1e-05
10014,8.37022325885428,0,1e-05
10015,8.90333634549063,0,1e-05
10016,8.36896606878939,0,1e-05
10017,8.90213153399233,0,1e-05
10018,8.36770912994174,0,1e-05
10019,8.9009269551701,0,1e-05
10020,8.36645244228943,0,1e-05
10021,8.89972260898683,0,1e-05
10022,8.36519600580868,0,1e-05
10023,8.89851849543532,0,1e-05
10024,8.36393982047443,0,1e-05
10025,8.89731461446162,0,1e-05
10026,8.36268388623847,0,1e-05
10027,8.89611096604473,0,1e-05
10028,8.36142820307971,0,1e-05
10029,8.89490755013251,0,1e-05
10030,8.3601727709658,0,1e-05
10031,8.89370436672258,0,1e-05
10032,8.35891758988372,0,1e-05
10033,8.89250141579105,0,1e-05
10034,8.35766265981366,0,1e-05
10035,8.8912986973044,0,1e-05
10036,8.35640798070043,0,1e-05
10037,8.89009621123135,0,1e-05
10038,8.35515355252085,0,1e-05
10039,8.8888939575101,0,1e-05
10040,8.35389937522886,0,1e-05
10041,8.88769193614042,0,1e-05
10042,8.35264544882511,0,1e-05
10043,8.88649014708363,0,1e-05
10044,8.35139177328195,0,1e-05
10045,8.88528859032075,0,1e-05
10046,8.3501383485586,0,1e-05
10047,8.88408726582422,0,1e-05
10048,8.34888517462676,0,1e-05
10049,8.88288617354689,0,1e-05
10050,8.34763225145751,0,1e-05
10051,8.88168531348077,0,1e-05
10052,8.34637957904491,0,1e-05
10053,8.88048468560303,0,1e-05
10054,8.34512715732238,0,1e-05
10055,8.87928428983992,0,1e-05
10056,8.34387498628445,0,1e-05
10057,8.87808412619294,0,1e-05
10058,8.34262306589564,0,1e-05
10059,8.87688419463509,0,1e-05
10060,8.3413713961321,0,1e-05
10061,8.87568449512184,0,1e-05
10062,8.34011997697318,0,1e-05
10063,8.87448502763408,0,1e-05
10064,8.33886880836308,0,1e-05
10065,8.87328579211126,0,1e-05
10066,8.3376178902827,0,1e-05
10067,8.87208678854772,0,1e-05
10068,8.33636722269941,0,1e-05
10069,8.87088801693512,0,1e-05
10070,8.3351168055928,0,1e-05
10071,8.86968947719053,0,1e-05
10072,8.33386663892808,0,1e-05
10073,8.86849116932827,0,1e-05
10074,8.33261672267751,0,1e-05
10075,8.86729309331364,0,1e-05
10076,8.33136705681586,0,1e-05
10077,8.86609524912827,0,1e-05
10078,8.33011764133313,0,1e-05
10079,8.86489763669496,0,1e-05
10080,8.32886847617069,0,1e-05
10081,8.86370025601117,0,1e-05
10082,8.32761956130452,0,1e-05
10083,8.8625031070532,0,1e-05
10084,8.32637089670547,0,1e-05
10085,8.8613061897829,0,1e-05
10086,8.32512248234192,0,1e-05
10087,8.86010950416419,0,1e-05
10088,8.32387431820954,0,1e-05
10089,8.85891305018694,0,1e-05
10090,8.32262640423524,0,1e-05
10091,8.85771682778711,0,1e-05
10092,8.32137874041643,0,1e-05
10093,8.85652083696435,0,1e-05
10094,8.32013132674082,0,1e-05
10095,8.85532507767379,0,1e-05
10096,8.31888416311679,0,1e-05
10097,8.85412954987192,0,1e-05
10098,8.31763724959931,0,1e-05
10099,8.85293425358071,0,1e-05
10100,8.31639058611178,0,1e-05
10101,8.85173918874394,0,1e-05
10102,8.31514417265201,0,1e-05
10103,8.85054435533706,0,1e-05
10104,8.31389800917027,0,1e-05
10105,8.84934975331409,0,1e-05
10106,8.31265209563138,0,1e-05
10107,8.84815538262753,0,1e-05
10108,8.31140643201105,0,1e-05
10109,8.84696124326265,0,1e-05
10110,8.31016101827114,0,1e-05
10111,8.84576733522359,0,1e-05
10112,8.30891585442937,0,1e-05
10113,8.84457365846685,0,1e-05
10114,8.30767094041292,0,1e-05
10115,8.84338021293385,0,1e-05
10116,8.30642627620549,0,1e-05
10117,8.84218699858818,0,1e-05
10118,8.30518186175292,0,1e-05
10119,8.84099401542839,0,1e-05
10120,8.30393769704636,0,1e-05
10121,8.83980126342257,0,1e-05
10122,8.30269378206568,0,1e-05
10123,8.83860874254932,0,1e-05
10124,8.30145011679429,0,1e-05
10125,8.83741645276869,0,1e-05
10126,8.30020670119746,0,1e-05
10127,8.83622439404904,0,1e-05
10128,8.29896353522673,0,1e-05
10129,8.83503256635468,0,1e-05
10130,8.29772061884366,0,1e-05
10131,8.83384096966193,0,1e-05
10132,8.29647795202552,0,1e-05
10133,8.83264960393755,0,1e-05
10134,8.29523553476223,0,1e-05
10135,8.83145846915415,0,1e-05
10136,8.29399336703635,0,1e-05
10137,8.83026756531497,0,1e-05
10138,8.29275144880027,0,1e-05
10139,8.82907689233969,0,1e-05
10140,8.29150978002863,0,1e-05
10141,8.82788645021963,0,1e-05
10142,8.29026836064569,0,1e-05
10143,8.82669623888791,0,1e-05
10144,8.28902719068102,0,1e-05
10145,8.82550625838331,0,1e-05
10146,8.28778627008304,0,1e-05
10147,8.82431650863923,0,1e-05
10148,8.28654559884478,0,1e-05
10149,8.82312698963393,0,1e-05
10150,8.28530517694517,0,1e-05
10151,8.82193770134676,0,1e-05
10152,8.28406500431122,0,1e-05
10153,8.82074864371373,0,1e-05
10154,8.28282508092586,0,1e-05
10155,8.8195598167357,0,1e-05
10156,8.28158540679327,0,1e-05
10157,8.81837122037474,0,1e-05
10158,8.28034598185039,0,1e-05
10159,8.81718285459254,0,1e-05
10160,8.27910680608458,0,1e-05
10161,8.81599471934726,0,1e-05
10162,8.27786787943079,0,1e-05
10163,8.81480681460603,0,1e-05
10164,8.27662920187196,0,1e-05
10165,8.81361914036684,0,1e-05
10166,8.27539077339853,0,1e-05
10167,8.81243169658971,0,1e-05
10168,8.27415259398516,0,1e-05
10169,8.81124448325348,0,1e-05
10170,8.2729146636191,0,1e-05
10171,8.81005750034795,0,1e-05
10172,8.2716769822345,0,1e-05
10173,8.80887074780061,0,1e-05
10174,8.27043954980434,0,1e-05
10175,8.80768422558245,0,1e-05
10176,8.26920236628757,0,1e-05
10177,8.80649793364654,0,1e-05
10178,8.26796543168606,0,1e-05
10179,8.80531187202464,0,1e-05
10180,8.26672874597095,0,1e-05
10181,8.80412604066495,0,1e-05
10182,8.26549230909776,0,1e-05
10183,8.80294043951552,0,1e-05
10184,8.26425612105576,0,1e-05
10185,8.80175506858031,0,1e-05
10186,8.26302018179993,0,1e-05
10187,8.80056992777912,0,1e-05
10188,8.26178449127797,0,1e-05
10189,8.79938501711255,0,1e-05
10190,8.2605490495004,0,1e-05
10191,8.79820033655603,0,1e-05
10192,8.25931385643199,0,1e-05
10193,8.79701588608915,0,1e-05
10194,8.25807891206187,0,1e-05
10195,8.79583166566007,0,1e-05
10196,8.25684421631676,0,1e-05
10197,8.79464767526076,0,1e-05
10198,8.25560976917851,0,1e-05
10199,8.79346391483972,0,1e-05
10200,8.25437557065683,0,1e-05
10201,8.79228038439857,0,1e-05
10202,8.25314162069068,0,1e-05
10203,8.79109708387371,0,1e-05
10204,8.2519079192454,0,1e-05
10205,8.7899140132292,0,1e-05
10206,8.25067446631296,0,1e-05
10207,8.78873117246883,0,1e-05
10208,8.249441261839,0,1e-05
10209,8.78754856155704,0,1e-05
10210,8.24820830581868,0,1e-05
10211,8.78636618045615,0,1e-05
10212,8.24697559822669,0,1e-05
10213,8.785184029137,0,1e-05
10214,8.24574313900142,0,1e-05
10215,8.78400210756349,0,1e-05
10216,8.24451092816224,0,1e-05
10217,8.78282041572255,0,1e-05
10218,8.24327896562514,0,1e-05
10219,8.78163895354775,0,1e-05
10220,8.24204725137556,0,1e-05
10221,8.78045772101405,0,1e-05
10222,8.24081578537804,0,1e-05
10223,8.77927671811937,0,1e-05
10224,8.23958456764111,0,1e-05
10225,8.77809594482597,0,1e-05
10226,8.23835359811336,0,1e-05
10227,8.7769154011008,0,1e-05
10228,8.23712287676612,0,1e-05
10229,8.7757350869342,0,1e-05
10230,8.23589240358378,0,1e-05
10231,8.77455500230599,0,1e-05
10232,8.23466217855451,0,1e-05
10233,8.77337514715969,0,1e-05
10234,8.23343220160949,0,1e-05
10235,8.77219552146724,0,1e-05
10236,8.23220247271944,0,1e-05
10237,8.77101612515797,0,1e-05
10238,8.23097299186455,0,1e-05
10239,8.76983695825851,0,1e-05
10240,8.22974375902087,0,1e-05
10241,8.76865802073706,0,1e-05
10242,8.22851477414043,0,1e-05
10243,8.76747931252483,0,1e-05
10244,8.22728603723753,0,1e-05
10245,8.76630083365102,0,1e-05
10246,8.22605754825048,0,1e-05
10247,8.76512258402604,0,1e-05
10248,8.22482930714211,0,1e-05
10249,8.7639445636374,0,1e-05
10250,8.22360131388541,0,1e-05
10251,8.76276677248053,0,1e-05
10252,8.22237356847262,0,1e-05
10253,8.76158921049825,0,1e-05
10254,8.22114607085912,0,1e-05
10255,8.76041187765802,0,1e-05
10256,8.21991882103765,0,1e-05
10257,8.7592347739437,0,1e-05
10258,8.21869181894604,0,1e-05
10259,8.75805789932614,0,1e-05
10260,8.21746506455612,0,1e-05
10261,8.75688125375828,0,1e-05
10262,8.21623855785506,0,1e-05
10263,8.75570483725082,0,1e-05
10264,8.21501229881447,0,1e-05
10265,8.75452864974252,0,1e-05
10266,8.21378628741317,0,1e-05
10267,8.75335269121487,0,1e-05
10268,8.21256052361948,0,1e-05
10269,8.7521769616459,0,1e-05
10270,8.21133500738993,0,1e-05
10271,8.75100146096367,0,1e-05
10272,8.21010973868124,0,1e-05
10273,8.7498261891652,0,1e-05
10274,8.20888471750922,0,1e-05
10275,8.74865114623767,0,1e-05
10276,8.20765994380913,0,1e-05
10277,8.74747633212471,0,1e-05
10278,8.20643541754338,0,1e-05
10279,8.74630174680387,0,1e-05
10280,8.20521113872224,0,1e-05
10281,8.74512739023738,0,1e-05
10282,8.20398710729888,0,1e-05
10283,8.74395326242378,0,1e-05
10284,8.20276332320767,0,1e-05
10285,8.7427793632741,0,1e-05
10286,8.20153978642881,0,1e-05
10287,8.74160569278934,0,1e-05
10288,8.20031649693892,0,1e-05
10289,8.74043225095686,0,1e-05
10290,8.19909345473815,0,1e-05
10291,8.73925903772279,0,1e-05
10292,8.19787065977303,0,1e-05
10293,8.73808605308746,0,1e-05
10294,8.19664811203666,0,1e-05
10295,8.73691329699268,0,1e-05
10296,8.19542581146225,0,1e-05
10297,8.73574076941739,0,1e-05
10298,8.19420375804061,0,1e-05
10299,8.73456847032104,0,1e-05
10300,8.19298195173908,0,1e-05
10301,8.73339639970937,0,1e-05
10302,8.19176039255184,0,1e-05
10303,8.73222455752408,0,1e-05
10304,8.19053908045071,0,1e-05
10305,8.73105294377509,0,1e-05
10306,8.18931801540304,0,1e-05
10307,8.72988155842419,0,1e-05
10308,8.18809719734077,0,1e-05
10309,8.72871040140943,0,1e-05
10310,8.18687662630489,0,1e-05
10311,8.7275394727082,0,1e-05
10312,8.18565630219421,0,1e-05
10313,8.7263687722881,0,1e-05
10314,8.18443622504,0,1e-05
10315,8.72519830014441,0,1e-05
10316,8.18321639475906,0,1e-05
10317,8.72402805621121,0,1e-05
10318,8.18199681132945,0,1e-05
10319,8.72285804046688,0,1e-05
10320,8.18077747474094,0,1e-05
10321,8.72168825290113,0,1e-05
10322,8.17955838496229,0,1e-05
10323,8.72051869346133,0,1e-05
10324,8.17833954198211,0,1e-05
10325,8.71934936214752,0,1e-05
10326,8.17712094574503,0,1e-05
10327,8.71818025889869,0,1e-05
10328,8.17590259622384,0,1e-05
10329,8.71701138369846,0,1e-05
10330,8.17468449339577,0,1e-05
10331,8.71584273653093,0,1e-05
10332,8.17346663722984,0,1e-05
10333,8.71467431732658,0,1e-05
10334,8.17224902764903,0,1e-05
10335,8.71350612604347,0,1e-05
10336,8.17103166465508,0,1e-05
10337,8.71233816268648,0,1e-05
10338,8.16981454822466,0,1e-05
10339,8.71117042721414,0,1e-05
10340,8.16859767835302,0,1e-05
10341,8.71000291964431,0,1e-05
10342,8.16738105502482,0,1e-05
10343,8.70883563993706,0,1e-05
10344,8.16616467815331,0,1e-05
10345,8.70766858799312,0,1e-05
10346,8.16494854773242,0,1e-05
10347,8.70650176384984,0,1e-05
10348,8.16373266372983,0,1e-05
10349,8.70533516741135,0,1e-05
10350,8.16251702611016,0,1e-05
10351,8.70416879869097,0,1e-05
10352,8.16130163485926,0,1e-05
10353,8.70300265768549,0,1e-05
10354,8.16008648995843,0,1e-05
10355,8.70183674433263,0,1e-05
10356,8.15887159136012,0,1e-05
10357,8.70067105861879,0,1e-05
10358,8.15765693902128,0,1e-05
10359,8.69950560049299,0,1e-05
10360,8.15644253293531,0,1e-05
10361,8.69834036990068,0,1e-05
10362,8.15522837306133,0,1e-05
10363,8.69717536686985,0,1e-05
10364,8.15401445940763,0,1e-05
10365,8.69601059136093,0,1e-05
10366,8.15280079186209,0,1e-05
10367,8.69484604328637,0,1e-05
10368,8.1515873704342,0,1e-05
10369,8.69368172267326,0,1e-05
10370,8.15037419507486,0,1e-05
10371,8.69251762945134,0,1e-05
10372,8.14916126581602,0,1e-05
10373,8.6913537636516,0,1e-05
10374,8.1479485826268,0,1e-05
10375,8.69019012521781,0,1e-05
10376,8.14673614541898,0,1e-05
10377,8.68902671410593,0,1e-05
10378,8.14552395421772,0,1e-05
10379,8.68786353029559,0,1e-05
10380,8.1443120089883,0,1e-05
10381,8.68670057378415,0,1e-05
10382,8.14310030967022,0,1e-05
10383,8.68553784447928,0,1e-05
10384,8.14188885621264,0,1e-05
10385,8.68437534237169,0,1e-05
10386,8.14067764864499,0,1e-05
10387,8.68321306745764,0,1e-05
10388,8.1394666869164,0,1e-05
10389,8.68205101970306,0,1e-05
10390,8.13825597097561,0,1e-05
10391,8.68088919903735,0,1e-05
10392,8.13704550079761,0,1e-05
10393,8.67972760546013,0,1e-05
10394,8.13583527638333,0,1e-05
10395,8.67856623895936,0,1e-05
10396,8.13462529767458,0,1e-05
10397,8.67740509946139,0,1e-05
10398,8.13341556464083,0,1e-05
10399,8.67624418699565,0,1e-05
10400,8.13220607728828,0,1e-05
10401,8.67508350147957,0,1e-05
10402,8.13099683553842,0,1e-05
10403,8.67392304288316,0,1e-05
10404,8.12978783938352,0,1e-05
10405,8.67276281120647,0,1e-05
10406,8.128579088789,0,1e-05
10407,8.67160280639634,0,1e-05
10408,8.12737058373546,0,1e-05
10409,8.67044302842093,0,1e-05
10410,8.12616232417617,0,1e-05
10411,8.66928347728312,0,1e-05
10412,8.12495431011422,0,1e-05
10413,8.66812415291235,0,1e-05
10414,8.12374654147286,0,1e-05
10415,8.66696505529716,0,1e-05
10416,8.12253901825332,0,1e-05
10417,8.66580618439601,0,1e-05
10418,8.12133174043141,0,1e-05
10419,8.66464754021581,0,1e-05
10420,8.12012470794237,0,1e-05
10421,8.66348912266496,0,1e-05
10422,8.11891792079492,0,1e-05
10423,8.66233093178728,0,1e-05
10424,8.11771137894249,0,1e-05
10425,8.66117296750735,0,1e-05
10426,8.11650508235756,0,1e-05
10427,8.66001522979632,0,1e-05
10428,8.11529903099742,0,1e-05
10429,8.65885771862539,0,1e-05
10430,8.11409322483274,0,1e-05
10431,8.6577004339513,0,1e-05
10432,8.11288766383411,0,1e-05
10433,8.65654337579278,0,1e-05
10434,8.11168234802421,0,1e-05
10435,8.65538654407457,0,1e-05
10436,8.11047727730865,0,1e-05
10437,8.65422993876686,0,1e-05
10438,8.10927245169255,0,1e-05
10439,8.65307355989597,0,1e-05
10440,8.10806787114928,0,1e-05
10441,8.65191740737589,0,1e-05
10442,8.10686353563954,0,1e-05
10443,8.6507614811884,0,1e-05
10444,8.10565944513205,0,1e-05
10445,8.6496057813106,0,1e-05
10446,8.10445559958332,0,1e-05
10447,8.64845030769889,0,1e-05
10448,8.1032519989704,0,1e-05
10449,8.64729506032786,0,1e-05
10450,8.10204864325952,0,1e-05
10451,8.64614003915576,0,1e-05
10452,8.10084553241449,0,1e-05
10453,8.64498524414651,0,1e-05
10454,8.09964266643674,0,1e-05
10455,8.64383067533973,0,1e-05
10456,8.09844004527894,0,1e-05
10457,8.64267633265643,0,1e-05
10458,8.09723766891212,0,1e-05
10459,8.64152221607883,0,1e-05
10460,8.09603553732197,0,1e-05
10461,8.6403683255557,0,1e-05
10462,8.09483365044118,0,1e-05
10463,8.63921466104438,0,1e-05
10464,8.09363200825235,0,1e-05
10465,8.63806122251915,0,1e-05
10466,8.09243061073077,0,1e-05
10467,8.63690800998557,0,1e-05
10468,8.09122945788056,0,1e-05
10469,8.63575502338807,0,1e-05
10470,8.09002854962152,0,1e-05
10471,8.63460226267298,0,1e-05
10472,8.08882788590426,0,1e-05
10473,8.6334497278337,0,1e-05
10474,8.08762746677169,0,1e-05
10475,8.63229741886508,0,1e-05
10476,8.08642729215311,0,1e-05
10477,8.63114533572649,0,1e-05
10478,8.08522736201869,0,1e-05
10479,8.62999347837515,0,1e-05
10480,8.0840276763431,0,1e-05
10481,8.62884184678125,0,1e-05
10482,8.08282823510184,0,1e-05
10483,8.62769044093217,0,1e-05
10484,8.08162903827201,0,1e-05
10485,8.62653926075972,0,1e-05
10486,8.08043008578231,0,1e-05
10487,8.62538830625548,0,1e-05
10488,8.07923137763427,0,1e-05
10489,8.62423757737657,0,1e-05
10490,8.0780329137864,0,1e-05
10491,8.62308707411237,0,1e-05
10492,8.07683469421868,0,1e-05
10493,8.62193679642602,0,1e-05
10494,8.07563671890852,0,1e-05
10495,8.62078674429182,0,1e-05
10496,8.07443898778775,0,1e-05
10497,8.61963691765309,0,1e-05
10498,8.07324150084795,0,1e-05
10499,8.61848731649895,0,1e-05
10500,8.07204425808457,0,1e-05
10501,8.6173379407947,0,1e-05
10502,8.07084725944594,0,1e-05
10503,8.61618879053411,0,1e-05
10504,8.06965050489656,0,1e-05
10505,8.61503986566187,0,1e-05
10506,8.06845399442726,0,1e-05
10507,8.61389116612955,0,1e-05
10508,8.06725772795487,0,1e-05
10509,8.61274269188916,0,1e-05
10510,8.06606170549922,0,1e-05
10511,8.61159444295976,0,1e-05
10512,8.06486592701582,0,1e-05
10513,8.61044641933108,0,1e-05
10514,8.06367039245901,0,1e-05
10515,8.60929862091883,0,1e-05
10516,8.06247510182047,0,1e-05
10517,8.6081510477272,0,1e-05
10518,8.06128005508659,0,1e-05
10519,8.60700369972896,0,1e-05
10520,8.06008525221638,0,1e-05
10521,8.60585657685802,0,1e-05
10522,8.05889069315162,0,1e-05
10523,8.60470967911249,0,1e-05
10524,8.05769637784714,0,1e-05
10525,8.60356300645897,0,1e-05
10526,8.05650230631545,0,1e-05
10527,8.60241655884111,0,1e-05
10528,8.05530847851273,0,1e-05
10529,8.60127033624709,0,1e-05
10530,8.05411489440888,0,1e-05
10531,8.60012433862743,0,1e-05
10532,8.05292155397967,0,1e-05
10533,8.59897856601778,0,1e-05
10534,8.05172845719741,0,1e-05
10535,8.59783301832903,0,1e-05
10536,8.05053560401092,0,1e-05
10537,8.59668769553224,0,1e-05
10538,8.04934299442731,0,1e-05
10539,8.59554259761512,0,1e-05
10540,8.0481506283588,0,1e-05
10541,8.59439772454005,0,1e-05
10542,8.04695850586554,0,1e-05
10543,8.59325307630532,0,1e-05
10544,8.04576662681704,0,1e-05
10545,8.59210865283104,0,1e-05
10546,8.04457499123523,0,1e-05
10547,8.59096445412824,0,1e-05
10548,8.04338359909379,0,1e-05
10549,8.58982048013384,0,1e-05
10550,8.04219245035956,0,1e-05
10551,8.58867673083919,0,1e-05
10552,8.04100154497231,0,1e-05
10553,8.58753320619231,0,1e-05
10554,8.03981088292611,0,1e-05
10555,8.58638990621335,0,1e-05
10556,8.03862046421008,0,1e-05
10557,8.58524683081441,0,1e-05
10558,8.03743028878013,0,1e-05
10559,8.58410397999904,0,1e-05
10560,8.03624035660814,0,1e-05
10561,8.5829613537345,0,1e-05
10562,8.03505066761664,0,1e-05
10563,8.58181895194391,0,1e-05
10564,8.03386122179977,0,1e-05
10565,8.58067677464684,0,1e-05
10566,8.03267201912734,0,1e-05
10567,8.57953482177821,0,1e-05
10568,8.03148305958521,0,1e-05
10569,8.57839309332798,0,1e-05
10570,8.03029434316662,0,1e-05
10571,8.57725158930668,0,1e-05
10572,8.02910586977066,0,1e-05
10573,8.5761103095821,0,1e-05
10574,8.02791763947078,0,1e-05
10575,8.57496925421931,0,1e-05
10576,8.02672965211475,0,1e-05
10577,8.57382842310106,0,1e-05
10578,8.02554190772932,0,1e-05
10579,8.57268781629377,0,1e-05
10580,8.02435440625128,0,1e-05
10581,8.57154743365142,0,1e-05
10582,8.02316714768739,0,1e-05
10583,8.57040727524205,0,1e-05
10584,8.0219801320186,0,1e-05
10585,8.56926734100021,0,1e-05
10586,8.0207933591941,0,1e-05
10587,8.56812763092014,0,1e-05
10588,8.01960682917918,0,1e-05
10589,8.56698814490279,0,1e-05
10590,8.01842054195723,0,1e-05
10591,8.56584888299951,0,1e-05
10592,8.01723449745545,0,1e-05
10593,8.5647098451062,0,1e-05
10594,8.0160486957138,0,1e-05
10595,8.56357103128394,0,1e-05
10596,8.01486313668369,0,1e-05
10597,8.56243244144713,0,1e-05
10598,8.01367782031248,0,1e-05
10599,8.56129407555151,0,1e-05
10600,8.01249274656638,0,1e-05
10601,8.56015593355681,0,1e-05
10602,8.01130791542166,0,1e-05
10603,8.55901801549006,0,1e-05
10604,8.01012332688554,0,1e-05
10605,8.55788032130245,0,1e-05
10606,8.00893898087733,0,1e-05
10607,8.55674285090967,0,1e-05
10608,8.00775487733229,0,1e-05
10609,8.55560560432825,0,1e-05
10610,8.00657101629826,0,1e-05
10611,8.55446858151994,0,1e-05
10612,8.00538739770054,0,1e-05
10613,8.55333178245917,0,1e-05
10614,8.00420402152189,0,1e-05
10615,8.5521952071357,0,1e-05
10616,8.00302088776281,0,1e-05
10617,8.55105885544821,0,1e-05
10618,8.00183799630492,0,1e-05
10619,8.54992272738966,0,1e-05
10620,8.00065534719322,0,1e-05
10621,8.54878682294561,0,1e-05
10622,7.9994729403764,0,1e-05
10623,8.54765114216301,0,1e-05
10624,7.99829077587167,0,1e-05
10625,8.54651568491283,0,1e-05
10626,7.99710885351513,0,1e-05
10627,8.54538045112789,0,1e-05
10628,7.99592717337762,0,1e-05
10629,8.5442454408352,0,1e-05
10630,7.99474573541389,0,1e-05
10631,8.54311065401214,0,1e-05
10632,7.9935645395775,0,1e-05
10633,8.5419760906112,0,1e-05
10634,7.99238358584376,0,1e-05
10635,8.54084175062607,0,1e-05
10636,7.9912028742162,0,1e-05
10637,8.53970763401218,0,1e-05
10638,7.99002240457203,0,1e-05
10639,8.5385737406863,0,1e-05
10640,7.98884217694138,0,1e-05
10641,8.53744007067774,0,1e-05
10642,7.98766219131815,0,1e-05
10643,8.53630662396696,0,1e-05
10644,7.98648244764608,0,1e-05
10645,8.53517340050859,0,1e-05
10646,7.98530294589184,0,1e-05
10647,8.53404040024174,0,1e-05
10648,7.98412368605142,0,1e-05
10649,8.53290762318888,0,1e-05
10650,7.98294466802586,0,1e-05
10651,8.53177506929017,0,1e-05
10652,7.98176589182941,0,1e-05
10653,8.5306427384624,0,1e-05
10654,7.98058735744861,0,1e-05
10655,8.5295106307415,0,1e-05
10656,7.97940906480751,0,1e-05
10657,8.52837874608158,0,1e-05
10658,7.97823101393971,0,1e-05
10659,8.52724708447335,0,1e-05
10660,7.97705320478113,0,1e-05
10661,8.52611564586552,0,1e-05
10662,7.97587563729532,0,1e-05
10663,8.5249844301881,0,1e-05
10664,7.97469831139829,0,1e-05
10665,8.52385343744585,0,1e-05
10666,7.97352122716265,0,1e-05
10667,8.52272266762542,0,1e-05
10668,7.97234438446657,0,1e-05
10669,8.52159212064309,0,1e-05
10670,7.97116778335243,0,1e-05
10671,8.52046179652793,0,1e-05
10672,7.96999142371651,0,1e-05
10673,8.51933169517381,0,1e-05
10674,7.96881530555281,0,1e-05
10675,8.51820181662059,0,1e-05
10676,7.96763942884316,0,1e-05
10677,8.51707216083854,0,1e-05
10678,7.96646379358922,0,1e-05
10679,8.51594272775325,0,1e-05
10680,7.96528839970975,0,1e-05
10681,8.51481351734343,0,1e-05
10682,7.96411324714515,0,1e-05
10683,8.51368452957733,0,1e-05
10684,7.96293833591844,0,1e-05
10685,8.51255576441909,0,1e-05
10686,7.96176366601525,0,1e-05
10687,8.51142722189311,0,1e-05
10688,7.96058923739611,0,1e-05
10689,8.51029890191941,0,1e-05
10690,7.95941504994025,0,1e-05
10691,8.50917080442666,0,1e-05
10692,7.95824110368999,0,1e-05
10693,8.50804292943547,0,1e-05
10694,7.95706739860062,0,1e-05
10695,8.50691527686917,0,1e-05
10696,7.9558939346526,0,1e-05
10697,8.50578784676437,0,1e-05
10698,7.95472071182688,0,1e-05
10699,8.50466063907909,0,1e-05
10700,7.95354773004727,0,1e-05
10701,8.50353365374366,0,1e-05
10702,7.95237498930874,0,1e-05
10703,8.50240689071869,0,1e-05
10704,7.95120248954777,0,1e-05
10705,8.50128034999298,0,1e-05
10706,7.95003023083361,0,1e-05
10707,8.50015403157271,0,1e-05
10708,7.94885821298586,0,1e-05
10709,8.49902793533712,0,1e-05
10710,7.94768643602727,0,1e-05
10711,8.49790206131569,0,1e-05
10712,7.94651489998056,0,1e-05
10713,8.49677640950028,0,1e-05
10714,7.94534360482184,0,1e-05
10715,8.49565097983236,0,1e-05
10716,7.94417255044624,0,1e-05
10717,8.49452577226227,0,1e-05
10718,7.94300173683105,0,1e-05
10719,8.49340078675778,0,1e-05
10720,7.94183116396619,0,1e-05
10721,8.49227602330297,0,1e-05
10722,7.94066083185383,0,1e-05
10723,8.49115148189315,0,1e-05
10724,7.93949074044994,0,1e-05
10725,8.49002716248527,0,1e-05
10726,7.9383208897053,0,1e-05
10727,8.48890306505229,0,1e-05
10728,7.93715127955091,0,1e-05
10729,8.48777918951136,0,1e-05
10730,7.93598191001869,0,1e-05
10731,8.48665553588889,0,1e-05
10732,7.93481278106403,0,1e-05
10733,8.48553210413235,0,1e-05
10734,7.93364389267108,0,1e-05
10735,8.48440889422328,0,1e-05
10736,7.93247524470541,0,1e-05
10737,8.48328590607414,0,1e-05
10738,7.93130683725042,0,1e-05
10739,8.4821631397211,0,1e-05
10740,7.93013867023594,0,1e-05
10741,8.48104059510953,0,1e-05
10742,7.9289707436118,0,1e-05
10743,8.4799182721851,0,1e-05
10744,7.92780305739605,0,1e-05
10745,8.47879617095624,0,1e-05
10746,7.92663561151504,0,1e-05
10747,8.47767429136173,0,1e-05
10748,7.92546840594721,0,1e-05
10749,8.47655263339193,0,1e-05
10750,7.92430144062676,0,1e-05
10751,8.47543119701028,0,1e-05
10752,7.92313471556779,0,1e-05
10753,8.4743099821391,0,1e-05
10754,7.92196823070809,0,1e-05
10755,8.47318898883617,0,1e-05
10756,7.92080198607024,0,1e-05
10757,8.47206821702116,0,1e-05
10758,7.91963598159468,0,1e-05
10759,8.47094766663506,0,1e-05
10760,7.91847021723384,0,1e-05
10761,8.46982733769514,0,1e-05
10762,7.91730469295043,0,1e-05
10763,8.46870723011698,0,1e-05
10764,7.91613940870539,0,1e-05
10765,8.46758734390335,0,1e-05
10766,7.91497436449297,0,1e-05
10767,8.46646767901337,0,1e-05
10768,7.91380956029705,0,1e-05
10769,8.46534823544667,0,1e-05
10770,7.91264499603585,0,1e-05
10771,8.4642290131393,0,1e-05
10772,7.91148067174576,0,1e-05
10773,8.46311001205973,0,1e-05
10774,7.91031658731106,0,1e-05
10775,8.46199123218307,0,1e-05
10776,7.9091527427919,0,1e-05
10777,8.46087267351894,0,1e-05
10778,7.90798913808803,0,1e-05
10779,8.45975433596742,0,1e-05
10780,7.90682577317854,0,1e-05
10781,8.45863621948615,0,1e-05
10782,7.90566264800138,0,1e-05
10783,8.45751832409395,0,1e-05
10784,7.90449976257707,0,1e-05
10785,8.45640064971959,0,1e-05
10786,7.90333711679706,0,1e-05
10787,8.45528319632759,0,1e-05
10788,7.90217471071149,0,1e-05
10789,8.45416596389058,0,1e-05
10790,7.90101254425602,0,1e-05
10791,8.45304895241744,0,1e-05
10792,7.89985061738056,0,1e-05
10793,8.45193216185067,0,1e-05
10794,7.8986889300878,0,1e-05
10795,8.45081559217075,0,1e-05
10796,7.89752748233512,0,1e-05
10797,8.44969924334702,0,1e-05
10798,7.89636627409471,0,1e-05
10799,8.44858311532628,0,1e-05
10800,7.89520530537513,0,1e-05
10801,8.44746720812841,0,1e-05
10802,7.89404457607022,0,1e-05
10803,8.44635152172437,0,1e-05
10804,7.8928840862101,0,1e-05
10805,8.44523605598053,0,1e-05
10806,7.89172383570507,0,1e-05
10807,8.44412081093726,0,1e-05
10808,7.8905638245535,0,1e-05
10809,8.44300578652001,0,1e-05
10810,7.88940405267436,0,1e-05
10811,8.4418909827187,0,1e-05
10812,7.88824452008057,0,1e-05
10813,8.44077639953892,0,1e-05
10814,7.88708522674724,0,1e-05
10815,8.43966203690455,0,1e-05
10816,7.88592617263284,0,1e-05
10817,8.43854789479332,0,1e-05
10818,7.88476735764784,0,1e-05
10819,8.43743397314012,0,1e-05
10820,7.88360878183456,0,1e-05
10821,8.43632027196382,0,1e-05
10822,7.88245044512806,0,1e-05
10823,8.43520679127366,0,1e-05
10824,7.88129234754583,0,1e-05
10825,8.43409353095035,0,1e-05
10826,7.88013448903085,0,1e-05
10827,8.43298049101243,0,1e-05
10828,7.87897686950236,0,1e-05
10829,8.43186767136857,0,1e-05
10830,7.87781948893543,0,1e-05
10831,8.43075507205167,0,1e-05
10832,7.87666234736807,0,1e-05
10833,8.42964269302147,0,1e-05
10834,7.87550544472915,0,1e-05
10835,8.42853053421136,0,1e-05
10836,7.87434878092622,0,1e-05
10837,8.42741859561422,0,1e-05
10838,7.87319235601362,0,1e-05
10839,8.4263068771986,0,1e-05
10840,7.87203616992249,0,1e-05
10841,8.42519537890591,0,1e-05
10842,7.87088022258703,0,1e-05
10843,8.4240841007215,0,1e-05
10844,7.86972451405896,0,1e-05
10845,8.42297304261596,0,1e-05
10846,7.86856904424601,0,1e-05
10847,8.42186220455032,0,1e-05
10848,7.86741381308771,0,1e-05
10849,8.42075158647012,0,1e-05
10850,7.86625882058442,0,1e-05
10851,8.41964118839376,0,1e-05
10852,7.86510406671392,0,1e-05
10853,8.41853101023207,0,1e-05
10854,7.86394955141134,0,1e-05
10855,8.41742105195559,0,1e-05
10856,7.86279527469376,0,1e-05
10857,8.41631131364359,0,1e-05
10858,7.86164123649696,0,1e-05
10859,8.41520179509746,0,1e-05
10860,7.86048743679811,0,1e-05
10861,8.41409249639731,0,1e-05
10862,7.85933387553365,0,1e-05
10863,8.41298341748613,0,1e-05
10864,7.85818055272352,0,1e-05
10865,8.41187455831926,0,1e-05
10866,7.8570274683332,0,1e-05
10867,8.41076591887513,0,1e-05
10868,7.85587462227582,0,1e-05
10869,8.40965749917394,0,1e-05
10870,7.854722014584,0,1e-05
10871,8.40854929908273,0,1e-05
10872,7.85356964516576,0,1e-05
10873,8.40744131864293,0,1e-05
10874,7.85241751402389,0,1e-05
10875,8.40633355777495,0,1e-05
10876,7.85126562112727,0,1e-05
10877,8.40522601649712,0,1e-05
10878,7.85011396642178,0,1e-05
10879,8.40411869470886,0,1e-05
10880,7.84896254986932,0,1e-05
10881,8.40301159236261,0,1e-05
10882,7.84781137143939,0,1e-05
10883,8.40190470952826,0,1e-05
10884,7.8466604311323,0,1e-05
10885,8.40079804612717,0,1e-05
10886,7.84550972889474,0,1e-05
10887,8.39969160210955,0,1e-05
10888,7.8443592646905,0,1e-05
10889,8.39858537746475,0,1e-05
10890,7.84320903847884,0,1e-05
10891,8.39747937212809,0,1e-05
10892,7.84205905017854,0,1e-05
10893,8.39637358606858,0,1e-05
10894,7.84090929988317,0,1e-05
10895,8.39526801933182,0,1e-05
10896,7.83975978745984,0,1e-05
10897,8.39416267183889,0,1e-05
10898,7.83861051299211,0,1e-05
10899,8.39305754357041,0,1e-05
10900,7.83746147633021,0,1e-05
10901,8.39195263441815,0,1e-05
10902,7.8363126774045,0,1e-05
10903,8.39084794439247,0,1e-05
10904,7.83516411623008,0,1e-05
10905,8.3897434734025,0,1e-05
10906,7.83401579278376,0,1e-05
10907,8.38863922155925,0,1e-05
10908,7.83286770706695,0,1e-05
10909,8.38753518871895,0,1e-05
10910,7.83171985902232,0,1e-05
10911,8.38643137492414,0,1e-05
10912,7.83057224861209,0,1e-05
10913,8.38532778008548,0,1e-05
10914,7.82942487582844,0,1e-05
10915,8.38422440420877,0,1e-05
10916,7.82827774062818,0,1e-05
10917,8.38312124724075,0,1e-05
10918,7.82713084299897,0,1e-05
10919,8.3820183091261,0,1e-05
10920,7.82598418281091,0,1e-05
10921,8.38091558983941,0,1e-05
10922,7.8248377600879,0,1e-05
10923,8.37981308935779,0,1e-05
10924,7.82369157478623,0,1e-05
10925,8.37871080761371,0,1e-05
10926,7.82254562683119,0,1e-05
10927,8.37760874459607,0,1e-05
10928,7.82139991623519,0,1e-05
10929,8.37650690026777,0,1e-05
10930,7.82025444295199,0,1e-05
10931,8.37540527460769,0,1e-05
10932,7.8191092069785,0,1e-05
10933,8.37430386759342,0,1e-05
10934,7.81796420829564,0,1e-05
10935,8.37320267923017,0,1e-05
10936,7.81681944683722,0,1e-05
10937,8.37210170940629,0,1e-05
10938,7.81567492255847,0,1e-05
10939,8.37100095811946,0,1e-05
10940,7.81453063548401,0,1e-05
10941,8.36990042535083,0,1e-05
10942,7.81338658548775,0,1e-05
10943,8.36880011103852,0,1e-05
10944,7.81224277263803,0,1e-05
10945,8.36770001519652,0,1e-05
10946,7.81109919683618,0,1e-05
10947,8.36660013779504,0,1e-05
10948,7.80995585809203,0,1e-05
10949,8.36550047874499,0,1e-05
10950,7.80881275629758,0,1e-05
10951,8.36440103799017,0,1e-05
10952,7.80766989144349,0,1e-05
10953,8.36330181557663,0,1e-05
10954,7.80652726351789,0,1e-05
10955,8.36220281141289,0,1e-05
10956,7.80538487249484,0,1e-05
10957,8.36110402551843,0,1e-05
10958,7.80424271833673,0,1e-05
10959,8.36000545782034,0,1e-05
10960,7.80310080098857,0,1e-05
10961,8.35890710828374,0,1e-05
10962,7.80195912043074,0,1e-05
10963,8.35780897685602,0,1e-05
10964,7.80081767656876,0,1e-05
10965,8.35671106350577,0,1e-05
10966,7.79967646947317,0,1e-05
10967,8.35561336829665,0,1e-05
10968,7.79853549906207,0,1e-05
10969,8.35451589111931,0,1e-05
10970,7.79739476529717,0,1e-05
10971,8.35341863196203,0,1e-05
10972,7.79625426821907,0,1e-05
10973,8.35232159078787,0,1e-05
10974,7.7951140077004,0,1e-05
10975,8.35122476755394,0,1e-05
10976,7.7939739837051,0,1e-05
10977,8.35012816221436,0,1e-05
10978,7.79283419626377,0,1e-05
10979,8.34903177476824,0,1e-05
10980,7.7916946452818,0,1e-05
10981,8.34793560516259,0,1e-05
10982,7.79055533074949,0,1e-05
10983,8.34683965332592,0,1e-05
10984,7.78941625264695,0,1e-05
10985,8.34574391927022,0,1e-05
10986,7.78827741088962,0,1e-05
10987,8.34464840295864,0,1e-05
10988,7.78713880549821,0,1e-05
10989,8.34355310437107,0,1e-05
10990,7.78600043642845,0,1e-05
10991,8.34245802342664,0,1e-05
10992,7.78486230361172,0,1e-05
10993,8.34136316014874,0,1e-05
10994,7.78372440702411,0,1e-05
10995,8.34026851443757,0,1e-05
10996,7.78258674666905,0,1e-05
10997,8.33917408628787,0,1e-05
10998,7.78144932246381,0,1e-05
10999,8.33807987567485,0,1e-05
11000,7.78031213442722,0,1e-05
11001,8.33698588260448,0,1e-05
11002,7.77917518249196,0,1e-05
11003,8.33589210699869,0,1e-05
11004,7.77803846660874,0,1e-05
11005,8.33479854885619,0,1e-05
11006,7.77690198679869,0,1e-05
11007,8.33370520810962,0,1e-05
11008,7.77576574298629,0,1e-05
11009,8.33261208473061,0,1e-05
11010,7.77462973511157,0,1e-05
11011,8.33151917867302,0,1e-05
11012,7.77349396318233,0,1e-05
11013,8.33042648993059,0,1e-05
11014,7.77235842709769,0,1e-05
11015,8.32933401834711,0,1e-05
11016,7.77122312686899,0,1e-05
11017,8.32824176406994,0,1e-05
11018,7.77008806248555,0,1e-05
11019,8.32714972696545,0,1e-05
11020,7.76895323387658,0,1e-05
11021,8.32605790708122,0,1e-05
11022,7.76781864106432,0,1e-05
11023,8.32496630429727,0,1e-05
11024,7.76668428395919,0,1e-05
11025,8.32387491860595,0,1e-05
11026,7.76555016250826,0,1e-05
11027,8.3227837499661,0,1e-05
11028,7.76441627672784,0,1e-05
11029,8.32169279839068,0,1e-05
11030,7.76328262660293,0,1e-05
11031,8.32060206381979,0,1e-05
11032,7.76214921209501,0,1e-05
11033,8.31951154622126,0,1e-05
11034,7.7610160331405,0,1e-05
11035,8.31842124557778,0,1e-05
11036,7.75988308973017,0,1e-05
11037,8.31733116183081,0,1e-05
11038,7.75875038177407,0,1e-05
11039,8.3162412949396,0,1e-05
11040,7.75761790922736,0,1e-05
11041,8.31515164484982,0,1e-05
11042,7.75648567213687,0,1e-05
11043,8.31406221159979,0,1e-05
11044,7.75535367037098,0,1e-05
11045,8.31297299504066,0,1e-05
11046,7.75422190396008,0,1e-05
11047,8.31188399524482,0,1e-05
11048,7.75309037286177,0,1e-05
11049,8.3107952121499,0,1e-05
11050,7.75195907708231,0,1e-05
11051,8.30970664576491,0,1e-05
11052,7.75082801659136,0,1e-05
11053,8.30861829603633,0,1e-05
11054,7.74969719127169,0,1e-05
11055,8.30753016282616,0,1e-05
11056,7.74856660110318,0,1e-05
11057,8.30644224619081,0,1e-05
11058,7.74743624609323,0,1e-05
11059,8.30535454608208,0,1e-05
11060,7.7463061261825,0,1e-05
11061,8.30426706247943,0,1e-05
11062,7.74517624133422,0,1e-05
11063,8.30317979535905,0,1e-05
11064,7.74404659153198,0,1e-05
11065,8.30209274465025,0,1e-05
11066,7.74291717672774,0,1e-05
11067,8.30100591030635,0,1e-05
11068,7.74178799686571,0,1e-05
11069,8.29991929233681,0,1e-05
11070,7.74065905190131,0,1e-05
11071,8.29883289058912,0,1e-05
11072,7.7395303417731,0,1e-05
11073,8.29774670513301,0,1e-05
11074,7.73840186649262,0,1e-05
11075,8.2966607359401,0,1e-05
11076,7.73727362603468,0,1e-05
11077,8.2955749829617,0,1e-05
11078,7.73614562031992,0,1e-05
11079,8.29448944608874,0,1e-05
11080,7.73501784939203,0,1e-05
11081,8.29340412540939,0,1e-05
11082,7.73389031315454,0,1e-05
11083,8.29231902082939,0,1e-05
11084,7.73276301157995,0,1e-05
11085,8.29123413228525,0,1e-05
11086,7.73163594463178,0,1e-05
11087,8.2901494598328,0,1e-05
11088,7.73050911233203,0,1e-05
11089,8.2890650034571,0,1e-05
11090,7.72938251464524,0,1e-05
11091,8.28798076301489,0,1e-05
11092,7.72825615144217,0,1e-05
11093,8.28689673846815,0,1e-05
11094,7.72713002275427,0,1e-05
11095,8.28581292986382,0,1e-05
11096,7.72600412851487,0,1e-05
11097,8.28472933711569,0,1e-05
11098,7.72487846869561,0,1e-05
11099,8.28364596018491,0,1e-05
11100,7.72375304323255,0,1e-05
11101,8.28256279903821,0,1e-05
11102,7.72262785220548,0,1e-05
11103,8.28147985376137,0,1e-05
11104,7.7215028955213,0,1e-05
11105,8.28039712416361,0,1e-05
11106,7.72037817310785,0,1e-05
11107,8.2793146102809,0,1e-05
11108,7.71925368492475,0,1e-05
11109,8.27823231206757,0,1e-05
11110,7.7181294309568,0,1e-05
11111,8.27715022944471,0,1e-05
11112,7.71700541119291,0,1e-05
11113,8.27606836244679,0,1e-05
11114,7.71588162554397,0,1e-05
11115,8.27498671098699,0,1e-05
11116,7.71475807403382,0,1e-05
11117,8.27390527504922,0,1e-05
11118,7.71363475656411,0,1e-05
11119,8.27282405458864,0,1e-05
11120,7.71251167311162,0,1e-05
11121,8.27174304956047,0,1e-05
11122,7.7113888236661,0,1e-05
11123,8.2706622600049,0,1e-05
11124,7.71026620817572,0,1e-05
11125,8.26958168583122,0,1e-05
11126,7.70914382663265,0,1e-05
11127,8.26850132697163,0,1e-05
11128,7.70802167900725,0,1e-05
11129,8.26742118349608,0,1e-05
11130,7.70689976524859,0,1e-05
11131,8.26634125525746,0,1e-05
11132,7.70577808526013,0,1e-05
11133,8.26526154228111,0,1e-05
11134,7.70465663907822,0,1e-05
11135,8.26418204449419,0,1e-05
11136,7.70353542664284,0,1e-05
11137,8.26310276188491,0,1e-05
11138,7.70241444792044,0,1e-05
11139,8.26202369436724,0,1e-05
11140,7.70129370285547,0,1e-05
11141,8.26094484198645,0,1e-05
11142,7.70017319144345,0,1e-05
11143,8.25986620465965,0,1e-05
11144,7.69905291358926,0,1e-05
11145,8.25878778236286,0,1e-05
11146,7.69793286934744,0,1e-05
11147,8.25770957507442,0,1e-05
11148,7.69681305860818,0,1e-05
11149,8.25663158271356,0,1e-05
11150,7.69569348137452,0,1e-05
11151,8.2555538053292,0,1e-05
11152,7.69457413757197,0,1e-05
11153,8.2544762427779,0,1e-05
11154,7.69345502721786,0,1e-05
11155,8.25339889514121,0,1e-05
11156,7.69233615028856,0,1e-05
11157,8.2523217623365,0,1e-05
11158,7.69121750662823,0,1e-05
11159,8.25124484426442,0,1e-05
11160,7.69009909630147,0,1e-05
11161,8.25016814095476,0,1e-05
11162,7.68898091926456,0,1e-05
11163,8.24909165235029,0,1e-05
11164,7.68786297547158,0,1e-05
11165,8.24801537845693,0,1e-05
11166,7.68674526486974,0,1e-05
11167,8.24693931916416,0,1e-05
11168,7.68562778743953,0,1e-05
11169,8.24586347453715,0,1e-05
11170,7.68451054312018,0,1e-05
11171,8.24478784447459,0,1e-05
11172,7.68339353193858,0,1e-05
11173,8.24371242895879,0,1e-05
11174,7.68227675381692,0,1e-05
11175,8.2426372279369,0,1e-05
11176,7.68116020876092,0,1e-05
11177,8.24156224145662,0,1e-05
11178,7.68004389660759,0,1e-05
11179,8.2404874693087,0,1e-05
11180,7.67892781741223,0,1e-05
11181,8.23941291157215,0,1e-05
11182,7.67781197116478,0,1e-05
11183,8.23833856826194,0,1e-05
11184,7.67669635786378,0,1e-05
11185,8.23726443931881,0,1e-05
11186,7.67558097736174,0,1e-05
11187,8.23619052465495,0,1e-05
11188,7.67446582967944,0,1e-05
11189,8.2351168242649,0,1e-05
11190,7.67335091476829,0,1e-05
11191,8.23404333809296,0,1e-05
11192,7.67223623260155,0,1e-05
11193,8.23297006611758,0,1e-05
11194,7.67112178308837,0,1e-05
11195,8.23189700829062,0,1e-05
11196,7.67000756628176,0,1e-05
11197,8.23082416458792,0,1e-05
11198,7.66889358217753,0,1e-05
11199,8.22975153507591,0,1e-05
11200,7.66777983064498,0,1e-05
11201,8.22867911954688,0,1e-05
11202,7.66666631167939,0,1e-05
11203,8.22760691808817,0,1e-05
11204,7.66555302518137,0,1e-05
11205,8.22653493051812,0,1e-05
11206,7.66443997122122,0,1e-05
11207,8.22546315696165,0,1e-05
11208,7.66332714961434,0,1e-05
11209,8.22439159724867,0,1e-05
11210,7.66221456042534,0,1e-05
11211,8.22332025141839,0,1e-05
11212,7.66110220364055,0,1e-05
11213,8.22224911944022,0,1e-05
11214,7.65999007917284,0,1e-05
11215,8.22117820127349,0,1e-05
11216,7.65887818702482,0,1e-05
11217,8.22010749688817,0,1e-05
11218,7.65776652717884,0,1e-05
11219,8.21903700625403,0,1e-05
11220,7.6566550994779,0,1e-05
11221,8.21796672922671,0,1e-05
11222,7.65554390394929,0,1e-05
11223,8.21689666589551,0,1e-05
11224,7.65443294054786,0,1e-05
11225,8.21582681616248,0,1e-05
11226,7.65332220933522,0,1e-05
11227,8.21475718008757,0,1e-05
11228,7.6522117101402,0,1e-05
11229,8.21368775744629,0,1e-05
11230,7.65110144292932,0,1e-05
11231,8.21261854834955,0,1e-05
11232,7.64999140776094,0,1e-05
11233,8.21154955271026,0,1e-05
11234,7.64888160461074,0,1e-05
11235,8.21048077061672,0,1e-05
11236,7.64777203335044,0,1e-05
11237,8.20941220191465,0,1e-05
11238,7.64666269400398,0,1e-05
11239,8.20834384655308,0,1e-05
11240,7.64555358650014,0,1e-05
11241,8.20727570453823,0,1e-05
11242,7.64444471078124,0,1e-05
11243,8.20620777581577,0,1e-05
11244,7.64333606680038,0,1e-05
11245,8.20514006034326,0,1e-05
11246,7.64222765467634,0,1e-05
11247,8.20407255814982,0,1e-05
11248,7.64111947418243,0,1e-05
11249,8.20300526909223,0,1e-05
11250,7.64001152529847,0,1e-05
11251,8.20193819318924,0,1e-05
11252,7.63890380811452,0,1e-05
11253,8.20087133040921,0,1e-05
11254,7.63779632250488,0,1e-05
11255,8.19980468072253,0,1e-05
11256,7.63668906841345,0,1e-05
11257,8.19873824406681,0,1e-05
11258,7.63558204592067,0,1e-05
11259,8.19767202052578,0,1e-05
11260,7.63447525488846,0,1e-05
11261,8.19660600988062,0,1e-05
11262,7.63336869533558,0,1e-05
11263,8.19554021226842,0,1e-05
11264,7.63226236722517,0,1e-05
11265,8.19447462755815,0,1e-05
11266,7.6311562704681,0,1e-05
11267,8.1934092556569,0,1e-05
11268,7.63005040494579,0,1e-05
11269,8.19234409653401,0,1e-05
11270,7.62894477069149,0,1e-05
11271,8.19127915019584,0,1e-05
11272,7.62783936771717,0,1e-05
11273,8.19021441665858,0,1e-05
11274,7.62673419598364,0,1e-05
11275,8.18914989585473,0,1e-05
11276,7.62562925540801,0,1e-05
11277,8.18808558771116,0,1e-05
11278,7.62452454597758,0,1e-05
11279,8.1870214922046,0,1e-05
11280,7.62342006760698,0,1e-05
11281,8.18595760923964,0,1e-05
11282,7.62231582029684,0,1e-05
11283,8.18489393891658,0,1e-05
11284,7.62121180403996,0,1e-05
11285,8.18383048112822,0,1e-05
11286,7.62010801873746,0,1e-05
11287,8.1827672358231,0,1e-05
11288,7.61900446443202,0,1e-05
11289,8.18170420298706,0,1e-05
11290,7.6179011409692,0,1e-05
11291,8.18064138251073,0,1e-05
11292,7.61679804832836,0,1e-05
11293,8.17957877444571,0,1e-05
11294,7.61569518657315,0,1e-05
11295,8.17851637875838,0,1e-05
11296,7.61459255562925,0,1e-05
11297,8.17745419541767,0,1e-05
11298,7.61349015550706,0,1e-05
11299,8.17639222438319,0,1e-05
11300,7.61238798603445,0,1e-05
11301,8.17533046554155,0,1e-05
11302,7.61128604720993,0,1e-05
11303,8.17426891890338,0,1e-05
11304,7.61018433913825,0,1e-05
11305,8.17320758450184,0,1e-05
11306,7.60908286167244,0,1e-05
11307,8.17214646223739,0,1e-05
11308,7.60798161474178,0,1e-05
11309,8.17108555205747,0,1e-05
11310,7.60688059836078,0,1e-05
11311,8.1700248539266,0,1e-05
11312,7.6057798124134,0,1e-05
11313,8.16896436783963,0,1e-05
11314,7.60467925698678,0,1e-05
11315,8.1679040937467,0,1e-05
11316,7.60357893196866,0,1e-05
11317,8.16684403160918,0,1e-05
11318,7.60247883735243,0,1e-05
11319,8.16578418140907,0,1e-05
11320,7.60137897310296,0,1e-05
11321,8.16472454310996,0,1e-05
11322,7.60027933911207,0,1e-05
11323,8.16366511659771,0,1e-05
11324,7.59917993540529,0,1e-05
11325,8.16260590189602,0,1e-05
11326,7.59808076198303,0,1e-05
11327,8.16154689905729,0,1e-05
11328,7.59698181873386,0,1e-05
11329,8.16048810792452,0,1e-05
11330,7.59588310564653,0,1e-05
11331,8.15942952848073,0,1e-05
11332,7.59478462266801,0,1e-05
11333,8.15837116072389,0,1e-05
11334,7.59368636970436,0,1e-05
11335,8.15731300448478,0,1e-05
11336,7.59258834681329,0,1e-05
11337,8.15625505994663,0,1e-05
11338,7.59149055388591,0,1e-05
11339,8.15519732685728,0,1e-05
11340,7.59039299098003,0,1e-05
11341,8.15413980534441,0,1e-05
11342,7.58929565793535,0,1e-05
11343,8.15308249523528,0,1e-05
11344,7.58819855477038,0,1e-05
11345,8.15202539656295,0,1e-05
11346,7.58710168146638,0,1e-05
11347,8.15096850931631,0,1e-05
11348,7.58600503798691,0,1e-05
11349,8.14991183335396,0,1e-05
11350,7.58490862411335,0,1e-05
11351,8.14885536869228,0,1e-05
11352,7.58381244008706,0,1e-05
11353,8.14779911543259,0,1e-05
11354,7.58271648569843,0,1e-05
11355,8.14674307334179,0,1e-05
11356,7.58162076097588,0,1e-05
11357,8.14568724249113,0,1e-05
11358,7.58052526587308,0,1e-05
11359,8.14463162281957,0,1e-05
11360,7.57943000034056,0,1e-05
11361,8.14357621428835,0,1e-05
11362,7.57833496439401,0,1e-05
11363,8.14252101686614,0,1e-05
11364,7.57724015784494,0,1e-05
11365,8.14146603043998,0,1e-05
11366,7.57614558078959,0,1e-05
11367,8.14041125509946,0,1e-05
11368,7.57505123314036,0,1e-05
11369,8.13935669071871,0,1e-05
11370,7.5739571148819,0,1e-05
11371,8.13830233730218,0,1e-05
11372,7.57286322590863,0,1e-05
11373,8.13724819478724,0,1e-05
11374,7.57176956631875,0,1e-05
11375,8.13619426315752,0,1e-05
11376,7.57067613588661,0,1e-05
11377,8.13514054235491,0,1e-05
11378,7.56958293471783,0,1e-05
11379,8.13408703235397,0,1e-05
11380,7.56848996274685,0,1e-05
11381,8.1330337331005,0,1e-05
11382,7.56739721987867,0,1e-05
11383,8.13198064455997,0,1e-05
11384,7.56630470612067,0,1e-05
11385,8.1309277667083,0,1e-05
11386,7.56521242147784,0,1e-05
11387,8.12987509949279,0,1e-05
11388,7.5641203657659,0,1e-05
11389,8.12882264292007,0,1e-05
11390,7.56302853905584,0,1e-05
11391,8.12777039687603,0,1e-05
11392,7.56193694140672,0,1e-05
11393,8.1267183614846,0,1e-05
11394,7.56084557258531,0,1e-05
11395,8.12566653648074,0,1e-05
11396,7.55975443264291,0,1e-05
11397,8.12461492198261,0,1e-05
11398,7.55866352157947,0,1e-05
11399,8.12356351799654,0,1e-05
11400,7.55757283921769,0,1e-05
11401,8.12251232423298,0,1e-05
11402,7.55648238562079,0,1e-05
11403,8.12146134085323,0,1e-05
11404,7.55539216070552,0,1e-05
11405,8.12041056777947,0,1e-05
11406,7.55430216441917,0,1e-05
11407,8.11936000493511,0,1e-05
11408,7.55321239685939,0,1e-05
11409,8.11830965246289,0,1e-05
11410,7.55212285788524,0,1e-05
11411,8.11725951010253,0,1e-05
11412,7.55103354751386,0,1e-05
11413,8.11620957799514,0,1e-05
11414,7.5499444656297,0,1e-05
11415,8.11515985594688,0,1e-05
11416,7.5488556121156,0,1e-05
11417,8.11411034388532,0,1e-05
11418,7.54776698708434,0,1e-05
11419,8.11306104195771,0,1e-05
11420,7.54667859050464,0,1e-05
11421,8.11201195005732,0,1e-05
11422,7.54559042219739,0,1e-05
11423,8.11096306802346,0,1e-05
11424,7.54450248221136,0,1e-05
11425,8.10991439596457,0,1e-05
11426,7.54341477051914,0,1e-05
11427,8.10886593385237,0,1e-05
11428,7.54232728707102,0,1e-05
11429,8.1078176815137,0,1e-05
11430,7.54124003183044,0,1e-05
11431,8.106769639081,0,1e-05
11432,7.54015300472819,0,1e-05
11433,8.10572180634149,0,1e-05
11434,7.53906620573828,0,1e-05
11435,8.10467418342589,0,1e-05
11436,7.53797963487901,0,1e-05
11437,8.1036267702119,0,1e-05
11438,7.53689329208072,0,1e-05
11439,8.10257956666958,0,1e-05
11440,7.53580717728613,0,1e-05
11441,8.1015325727484,0,1e-05
11442,7.53472129046456,0,1e-05
11443,8.10048578837982,0,1e-05
11444,7.53363563146663,0,1e-05
11445,8.09943921354249,0,1e-05
11446,7.53255020037527,0,1e-05
11447,8.09839284825003,0,1e-05
11448,7.53146499709398,0,1e-05
11449,8.09734669240257,0,1e-05
11450,7.53038002171224,0,1e-05
11451,8.0963007460339,0,1e-05
11452,7.52929527397374,0,1e-05
11453,8.09525500903971,0,1e-05
11454,7.52821075402135,0,1e-05
11455,8.09420948142152,0,1e-05
11456,7.52712646171433,0,1e-05
11457,8.09316416307741,0,1e-05
11458,7.52604239701975,0,1e-05
11459,8.09211905396442,0,1e-05
11460,7.52495855991506,0,1e-05
11461,8.09107415412162,0,1e-05
11462,7.5238749503005,0,1e-05
11463,8.09002946342277,0,1e-05
11464,7.52279156826489,0,1e-05
11465,8.08898498194704,0,1e-05
11466,7.52170841370374,0,1e-05
11467,8.08794070958493,0,1e-05
11468,7.52062548653764,0,1e-05
11469,8.08689664631003,0,1e-05
11470,7.51954278680303,0,1e-05
11471,8.08585279209028,0,1e-05
11472,7.51846031449035,0,1e-05
11473,8.08480914693592,0,1e-05
11474,7.51737806938747,0,1e-05
11475,8.0837657106337,0,1e-05
11476,7.51629605162714,0,1e-05
11477,8.08272248336098,0,1e-05
11478,7.51521426108743,0,1e-05
11479,8.08167946498011,0,1e-05
11480,7.51413269779188,0,1e-05
11481,8.08063665550191,0,1e-05
11482,7.51305136168836,0,1e-05
11483,8.07959405483078,0,1e-05
11484,7.51197025264198,0,1e-05
11485,8.07855166290241,0,1e-05
11486,7.51088937059662,0,1e-05
11487,8.07750947962216,0,1e-05
11488,7.50980871564407,0,1e-05
11489,8.07646750510493,0,1e-05
11490,7.50872828762185,0,1e-05
11491,8.07542573925366,0,1e-05
11492,7.50764808657794,0,1e-05
11493,8.07438418201036,0,1e-05
11494,7.50656811239521,0,1e-05
11495,8.07334283331367,0,1e-05
11496,7.50548836508187,0,1e-05
11497,8.07230169317643,0,1e-05
11498,7.50440884470756,0,1e-05
11499,8.07126076161592,0,1e-05
11500,7.50332955105876,0,1e-05
11501,8.0702200384808,0,1e-05
11502,7.50225048413344,0,1e-05
11503,8.06917952373395,0,1e-05
11504,7.50117164388974,0,1e-05
11505,8.06813921731693,0,1e-05
11506,7.50009303030954,0,1e-05
11507,8.06709911930155,0,1e-05
11508,7.49901464337499,0,1e-05
11509,8.06605922967555,0,1e-05
11510,7.4979364830127,0,1e-05
11511,8.06501954822716,0,1e-05
11512,7.49685854921581,0,1e-05
11513,8.06398007507332,0,1e-05
11514,7.4957808419391,0,1e-05
11515,8.06294081009664,0,1e-05
11516,7.49470336115447,0,1e-05
11517,8.06190175339492,0,1e-05
11518,7.49362610688553,0,1e-05
11519,8.0608629048328,0,1e-05
11520,7.49254907893928,0,1e-05
11521,8.05982426430036,0,1e-05
11522,7.49147227738694,0,1e-05
11523,8.05878583188493,0,1e-05
11524,7.49039570207824,0,1e-05
11525,8.05774760734393,0,1e-05
11526,7.48931935304423,0,1e-05
11527,8.05670959081571,0,1e-05
11528,7.48824323021959,0,1e-05
11529,8.05567178220301,0,1e-05
11530,7.48716733355235,0,1e-05
11531,8.0546341814631,0,1e-05
11532,7.48609166299445,0,1e-05
11533,8.05359678849449,0,1e-05
11534,7.48501621852012,0,1e-05
11535,8.05255960334874,0,1e-05
11536,7.48394100010637,0,1e-05
11537,8.05152262597545,0,1e-05
11538,7.48286600767979,0,1e-05
11539,8.05048585634123,0,1e-05
11540,7.48179124127442,0,1e-05
11541,8.04944929440615,0,1e-05
11542,7.48071670089973,0,1e-05
11543,8.04841294019571,0,1e-05
11544,7.4796423863105,0,1e-05
11545,8.04737679347001,0,1e-05
11546,7.47856829757478,0,1e-05
11547,8.04634085434543,0,1e-05
11548,7.47749443471525,0,1e-05
11549,8.04530512280631,0,1e-05
11550,7.47642079752016,0,1e-05
11551,8.04426959872686,0,1e-05
11552,7.47534738608113,0,1e-05
11553,8.04323428209956,0,1e-05
11554,7.47427420039362,0,1e-05
11555,8.04219917291094,0,1e-05
11556,7.4732012403181,0,1e-05
11557,8.04116427106915,0,1e-05
11558,7.47212850581252,0,1e-05
11559,8.04012957650238,0,1e-05
11560,7.4710559968308,0,1e-05
11561,8.03909508926488,0,1e-05
11562,7.46998371339951,0,1e-05
11563,8.03806080925725,0,1e-05
11564,7.46891165542491,0,1e-05
11565,8.03702673645206,0,1e-05
11566,7.46783982286568,0,1e-05
11567,8.03599287079143,0,1e-05
11568,7.466768215725,0,1e-05
11569,8.03495921235225,0,1e-05
11570,7.46569683384799,0,1e-05
11571,8.0339257608552,0,1e-05
11572,7.46462567729361,0,1e-05
11573,8.03289251646918,0,1e-05
11574,7.46355474603224,0,1e-05
11575,8.03185947912936,0,1e-05
11576,7.4624840399879,0,1e-05
11577,8.03082664871732,0,1e-05
11578,7.46141355902819,0,1e-05
11579,8.02979402513201,0,1e-05
11580,7.46034330326665,0,1e-05
11581,8.0287616085552,0,1e-05
11582,7.4592732726285,0,1e-05
11583,8.02772939879946,0,1e-05
11584,7.45820346700416,0,1e-05
11585,8.02669739584179,0,1e-05
11586,7.45713388640385,0,1e-05
11587,8.02566559968804,0,1e-05
11588,7.45606453085274,0,1e-05
11589,8.02463401033565,0,1e-05
11590,7.45499540019112,0,1e-05
11591,8.02360262758867,0,1e-05
11592,7.45392649437529,0,1e-05
11593,8.02257145150161,0,1e-05
11594,7.45285781345032,0,1e-05
11595,8.02154048199472,0,1e-05
11596,7.45178935728755,0,1e-05
11597,8.02050971911076,0,1e-05
11598,7.45072112597525,0,1e-05
11599,8.01947916276232,0,1e-05
11600,7.44965311926087,0,1e-05
11601,8.01844881283329,0,1e-05
11602,7.44858533732278,0,1e-05
11603,8.01741866942615,0,1e-05
11604,7.44751778001249,0,1e-05
11605,8.01638873242394,0,1e-05
11606,7.44645044725003,0,1e-05
11607,8.01535900173431,0,1e-05
11608,7.44538333904839,0,1e-05
11609,8.0143294774037,0,1e-05
11610,7.44431645534405,0,1e-05
11611,8.01330015938671,0,1e-05
11612,7.44324979606723,0,1e-05
11613,8.012271047544,0,1e-05
11614,7.44218336122599,0,1e-05
11615,8.01124214188559,0,1e-05
11616,7.44111715071073,0,1e-05
11617,8.01021344240952,0,1e-05
11618,7.44005116467508,0,1e-05
11619,8.00918494910791,0,1e-05
11620,7.43898540280091,0,1e-05
11621,8.00815666183107,0,1e-05
11622,7.43791986522286,0,1e-05
11623,8.00712858057185,0,1e-05
11624,7.43685455178675,0,1e-05
11625,8.00610070532606,0,1e-05
11626,7.43578946248509,0,1e-05
11627,8.00507303598211,0,1e-05
11628,7.4347245972997,0,1e-05
11629,8.0040455726006,0,1e-05
11630,7.43365995624466,0,1e-05
11631,8.0030183151632,0,1e-05
11632,7.43259553930292,0,1e-05
11633,8.0019912635634,0,1e-05
11634,7.43153134624586,0,1e-05
11635,8.00096441769726,0,1e-05
11636,7.43046737709188,0,1e-05
11637,7.99993777753398,0,1e-05
11638,7.42940363193529,0,1e-05
11639,7.99891134321543,0,1e-05
11640,7.42834011063661,0,1e-05
11641,7.99788511448157,0,1e-05
11642,7.42727681315208,0,1e-05
11643,7.99685909146863,0,1e-05
11644,7.42621373944173,0,1e-05
11645,7.99583327392201,0,1e-05
11646,7.42515088941574,0,1e-05
11647,7.99480766197374,0,1e-05
11648,7.42408826312379,0,1e-05
11649,7.99378225555063,0,1e-05
11650,7.42302586046899,0,1e-05
11651,7.992757054585,0,1e-05
11652,7.4219636813672,0,1e-05
11653,7.99173205903334,0,1e-05
11654,7.42090172595892,0,1e-05
11655,7.99070726896359,0,1e-05
11656,7.41983999397425,0,1e-05
11657,7.98968268408778,0,1e-05
11658,7.41877848548589,0,1e-05
11659,7.98865830467765,0,1e-05
11660,7.41771720045765,0,1e-05
11661,7.98763413047172,0,1e-05
11662,7.41665613888631,0,1e-05
11663,7.98661016152685,0,1e-05
11664,7.41559530057191,0,1e-05
11665,7.98558639769743,0,1e-05
11666,7.41453468556927,0,1e-05
11667,7.98456283903899,0,1e-05
11668,7.41347429378578,0,1e-05
11669,7.98353948546391,0,1e-05
11670,7.41241412532897,0,1e-05
11671,7.98251633705829,0,1e-05
11672,7.41135417999534,0,1e-05
11673,7.98149339353977,0,1e-05
11674,7.41029445783071,0,1e-05
11675,7.98047065505166,0,1e-05
11676,7.40923495869949,0,1e-05
11677,7.97944812148234,0,1e-05
11678,7.40817568261554,0,1e-05
11679,7.97842579281923,0,1e-05
11680,7.40711662951147,0,1e-05
11681,7.97740366896337,0,1e-05
11682,7.40605779940917,0,1e-05
11683,7.97638174997384,0,1e-05
11684,7.40499919226958,0,1e-05
11685,7.97536003580949,0,1e-05
11686,7.40394080797683,0,1e-05
11687,7.97433852632613,0,1e-05
11688,7.40288264651713,0,1e-05
11689,7.97331722154065,0,1e-05
11690,7.40182470781054,0,1e-05
11691,7.97229612137092,0,1e-05
11692,7.40076699183093,0,1e-05
11693,7.97127522582609,0,1e-05
11694,7.3997094985503,0,1e-05
11695,7.97025453482711,0,1e-05
11696,7.39865222794298,0,1e-05
11697,7.96923404836101,0,1e-05
11698,7.39759517996366,0,1e-05
11699,7.96821376643274,0,1e-05
11700,7.39653835464178,0,1e-05
11701,7.96719368895766,0,1e-05
11702,7.39548175184591,0,1e-05
11703,7.96617381591401,0,1e-05
11704,7.39442537150357,0,1e-05
11705,7.96515414723214,0,1e-05
11706,7.39336921360795,0,1e-05
11707,7.9641346828797,0,1e-05
11708,7.3923132781205,0,1e-05
11709,7.9631154227465,0,1e-05
11710,7.39125756485704,0,1e-05
11711,7.96209636675995,0,1e-05
11712,7.39020207388837,0,1e-05
11713,7.96107751500237,0,1e-05
11714,7.38914680523949,0,1e-05
11715,7.9600588674317,0,1e-05
11716,7.38809175879449,0,1e-05
11717,7.95904042393236,0,1e-05
11718,7.38703693452426,0,1e-05
11719,7.95802218453653,0,1e-05
11720,7.38598233237473,0,1e-05
11721,7.95700414905863,0,1e-05
11722,7.38492795228372,0,1e-05
11723,7.9559863176547,0,1e-05
11724,7.3838737942769,0,1e-05
11725,7.95496869022232,0,1e-05
11726,7.38281985836423,0,1e-05
11727,7.95395126671773,0,1e-05
11728,7.38176614440503,0,1e-05
11729,7.95293404712939,0,1e-05
11730,7.38071265236755,0,1e-05
11731,7.95191703135221,0,1e-05
11732,7.37965938220067,0,1e-05
11733,7.95090021931855,0,1e-05
11734,7.37860633384246,0,1e-05
11735,7.94988361101886,0,1e-05
11736,7.37755350722839,0,1e-05
11737,7.94886720638836,0,1e-05
11738,7.37650090231862,0,1e-05
11739,7.94785100534456,0,1e-05
11740,7.37544851909813,0,1e-05
11741,7.94683500791263,0,1e-05
11742,7.37439635749378,0,1e-05
11743,7.9458192140436,0,1e-05
11744,7.37334441745696,0,1e-05
11745,7.94480362366729,0,1e-05
11746,7.3722926990186,0,1e-05
11747,7.94378823675236,0,1e-05
11748,7.37124120200486,0,1e-05
11749,7.94277305329242,0,1e-05
11750,7.37018992650667,0,1e-05
11751,7.94175807320882,0,1e-05
11752,7.36913887246315,0,1e-05
11753,7.94074329653858,0,1e-05
11754,7.36808803978158,0,1e-05
11755,7.93972872322277,0,1e-05
11756,7.36703742844897,0,1e-05
11757,7.93871435307456,0,1e-05
11758,7.36598703843736,0,1e-05
11759,7.93770018615166,0,1e-05
11760,7.36493686958244,0,1e-05
11761,7.9366862224208,0,1e-05
11762,7.3638869219406,0,1e-05
11763,7.93567246179331,0,1e-05
11764,7.36283719537054,0,1e-05
11765,7.93465890422353,0,1e-05
11766,7.36178768996382,0,1e-05
11767,7.93364554973169,0,1e-05
11768,7.3607384056065,0,1e-05
11769,7.93263239828669,0,1e-05
11770,7.35968934229226,0,1e-05
11771,7.93161944973171,0,1e-05
11772,7.35864049989731,0,1e-05
11773,7.93060670414394,0,1e-05
11774,7.35759187840125,0,1e-05
11775,7.92959416138808,0,1e-05
11776,7.35654347783038,0,1e-05
11777,7.9285818215648,0,1e-05
11778,7.35549529815514,0,1e-05
11779,7.92756968450723,0,1e-05
11780,7.35444733923739,0,1e-05
11781,7.92655775022569,0,1e-05
11782,7.35339960110714,0,1e-05
11783,7.92554601871188,0,1e-05
11784,7.3523520836847,0,1e-05
11785,7.92453448981781,0,1e-05
11786,7.35130478690863,0,1e-05
11787,7.92352316357312,0,1e-05
11788,7.35025771073383,0,1e-05
11789,7.92251203988741,0,1e-05
11790,7.3492108551677,0,1e-05
11791,7.92150111878274,0,1e-05
11792,7.34816422004192,0,1e-05
11793,7.92049040006443,0,1e-05
11794,7.34711780542804,0,1e-05
11795,7.91947988381396,0,1e-05
11796,7.34607161118596,0,1e-05
11797,7.91846956994259,0,1e-05
11798,7.34502563734124,0,1e-05
11799,7.91745945847137,0,1e-05
11800,7.3439798838349,0,1e-05
11801,7.91644954921348,0,1e-05
11802,7.34293435054659,0,1e-05
11803,7.91543984228567,0,1e-05
11804,7.3418890374746,0,1e-05
11805,7.91443033756411,0,1e-05
11806,7.34084394462738,0,1e-05
11807,7.91342103502944,0,1e-05
11808,7.33979907196006,0,1e-05
11809,7.91241193471683,0,1e-05
11810,7.33875441943977,0,1e-05
11811,7.9114030365142,0,1e-05
11812,7.33770998697976,0,1e-05
11813,7.91039434037693,0,1e-05
11814,7.33666577461713,0,1e-05
11815,7.90938584637051,0,1e-05
11816,7.33562178214796,0,1e-05
11817,7.90837755423269,0,1e-05
11818,7.33457800962115,0,1e-05
11819,7.90736946409413,0,1e-05
11820,7.33353445710021,0,1e-05
11821,7.90636157587433,0,1e-05
11822,7.33249112436714,0,1e-05
11823,7.90535388952549,0,1e-05
11824,7.33144801141723,0,1e-05
11825,7.9043464049369,0,1e-05
11826,7.3304051182899,0,1e-05
11827,7.90333912218927,0,1e-05
11828,7.32936244476646,0,1e-05
11829,7.90233204108784,0,1e-05
11830,7.32831999084671,0,1e-05
11831,7.90132516155637,0,1e-05
11832,7.3272777565579,0,1e-05
11833,7.90031848372363,0,1e-05
11834,7.32623574189095,0,1e-05
11835,7.89931200749471,0,1e-05
11836,7.3251939466673,0,1e-05
11837,7.89830573284619,0,1e-05
11838,7.32415237104667,0,1e-05
11839,7.89729965971746,0,1e-05
11840,7.32311101478884,0,1e-05
11841,7.89629378807894,0,1e-05
11842,7.32206987801073,0,1e-05
11843,7.89528811791148,0,1e-05
11844,7.32102896053389,0,1e-05
11845,7.89428264908364,0,1e-05
11846,7.31998826232895,0,1e-05
11847,7.89327738152121,0,1e-05
11848,7.31894778338096,0,1e-05
11849,7.89227231526453,0,1e-05
11850,7.31790752359523,0,1e-05
11851,7.89126745018008,0,1e-05
11852,7.31686748297986,0,1e-05
11853,7.89026278636143,0,1e-05
11854,7.3158276613796,0,1e-05
11855,7.88925832361889,0,1e-05
11856,7.31478805891392,0,1e-05
11857,7.88825406207051,0,1e-05
11858,7.31374867541009,0,1e-05
11859,7.88725000149718,0,1e-05
11860,7.31270951083748,0,1e-05
11861,7.88624614196913,0,1e-05
11862,7.31167056521123,0,1e-05
11863,7.8852424833764,0,1e-05
11864,7.31063183848753,0,1e-05
11865,7.88423902582485,0,1e-05
11866,7.30959333062046,0,1e-05
11867,7.88323576917558,0,1e-05
11868,7.30855504155521,0,1e-05
11869,7.88223271336288,0,1e-05
11870,7.3075169713121,0,1e-05
11871,7.88122985843922,0,1e-05
11872,7.30647911973811,0,1e-05
11873,7.88022720427971,0,1e-05
11874,7.30544148688896,0,1e-05
11875,7.87922475089238,0,1e-05
11876,7.30440407250472,0,1e-05
11877,7.87822249807069,0,1e-05
11878,7.3033668765989,0,1e-05
11879,7.8772204457839,0,1e-05
11880,7.3023298992754,0,1e-05
11881,7.87621859421166,0,1e-05
11882,7.3012931405057,0,1e-05
11883,7.87521694320542,0,1e-05
11884,7.30025660008836,0,1e-05
11885,7.87421549266249,0,1e-05
11886,7.29922027803135,0,1e-05
11887,7.87321424262762,0,1e-05
11888,7.29818417426769,0,1e-05
11889,7.87221319290258,0,1e-05
11890,7.29714828874468,0,1e-05
11891,7.87121234351334,0,1e-05
11892,7.29611262146867,0,1e-05
11893,7.87021169446114,0,1e-05
11894,7.29507717229129,0,1e-05
11895,7.86921124563045,0,1e-05
11896,7.29404194132546,0,1e-05
11897,7.86821099710197,0,1e-05
11898,7.293006928386,0,1e-05
11899,7.86721094875138,0,1e-05
11900,7.2919721335743,0,1e-05
11901,7.86621110059873,0,1e-05
11902,7.29093755678416,0,1e-05
11903,7.86521145253419,0,1e-05
11904,7.28990319780416,0,1e-05
11905,7.86421200443139,0,1e-05
11906,7.28886905670679,0,1e-05
11907,7.86321275631635,0,1e-05
11908,7.28783513354009,0,1e-05
11909,7.86221370824727,0,1e-05
11910,7.28680142814437,0,1e-05
11911,7.86121486013649,0,1e-05
11912,7.28576794055648,0,1e-05
11913,7.86021621190162,0,1e-05
11914,7.28473467070674,0,1e-05
11915,7.85921776348444,0,1e-05
11916,7.28370161850916,0,1e-05
11917,7.85821951489134,0,1e-05
11918,7.28266878387818,0,1e-05
11919,7.85722146602621,0,1e-05
11920,7.28163616686271,0,1e-05
11921,7.85622361688122,0,1e-05
11922,7.28060376731187,0,1e-05
11923,7.85522596730803,0,1e-05
11924,7.2795715852257,0,1e-05
11925,7.85422851741673,0,1e-05
11926,7.27853962064024,0,1e-05
11927,7.85323126704417,0,1e-05
11928,7.27750787341762,0,1e-05
11929,7.85223421618261,0,1e-05
11930,7.27647634346371,0,1e-05
11931,7.85123736475859,0,1e-05
11932,7.27544503068082,0,1e-05
11933,7.85024071274787,0,1e-05
11934,7.27441393529809,0,1e-05
11935,7.84924426016764,0,1e-05
11936,7.27338305699182,0,1e-05
11937,7.84824800692344,0,1e-05
11938,7.27235239589367,0,1e-05
11939,7.84725195292767,0,1e-05
11940,7.27132195192639,0,1e-05
11941,7.84625609831232,0,1e-05
11942,7.27029172506537,0,1e-05
11943,7.84526044291514,0,1e-05
11944,7.26926171512741,0,1e-05
11945,7.84426498659668,0,1e-05
11946,7.26823192228934,0,1e-05
11947,7.84326972952426,0,1e-05
11948,7.26720234624161,0,1e-05
11949,7.84227467146823,0,1e-05
11950,7.26617298699195,0,1e-05
11951,7.84127981237454,0,1e-05
11952,7.26514384458626,0,1e-05
11953,7.8402851522715,0,1e-05
11954,7.26411491895237,0,1e-05
11955,7.8392906910194,0,1e-05
11956,7.26308620992465,0,1e-05
11957,7.83829642867779,0,1e-05
11958,7.26205771750077,0,1e-05
11959,7.83730236509686,0,1e-05
11960,7.2610294418152,0,1e-05
11961,7.83630850049533,0,1e-05
11962,7.26000138274967,0,1e-05
11963,7.83531483458376,0,1e-05
11964,7.25897354015844,0,1e-05
11965,7.83432136737523,0,1e-05
11966,7.25794591412909,0,1e-05
11967,7.83332809893595,0,1e-05
11968,7.25691850442208,0,1e-05
11969,7.83233502894,0,1e-05
11970,7.25589131108864,0,1e-05
11971,7.83134215762437,0,1e-05
11972,7.25486433412028,0,1e-05
11973,7.83034948482791,0,1e-05
11974,7.25383757341136,0,1e-05
11975,7.82935701051092,0,1e-05
11976,7.25281102904711,0,1e-05
11977,7.82836473475564,0,1e-05
11978,7.25178470089795,0,1e-05
11979,7.82737265740972,0,1e-05
11980,7.25075858881397,0,1e-05
11981,7.82638077823565,0,1e-05
11982,7.24973269273656,0,1e-05
11983,7.82538909744911,0,1e-05
11984,7.24870701277972,0,1e-05
11985,7.82439761486333,0,1e-05
11986,7.24768154872762,0,1e-05
11987,7.82340633046007,0,1e-05
11988,7.24665630056974,0,1e-05
11989,7.82241524419327,0,1e-05
11990,7.24563126829704,0,1e-05
11991,7.82142435597947,0,1e-05
11992,7.24460645188705,0,1e-05
11993,7.82043366589981,0,1e-05
11994,7.24358185136761,0,1e-05
11995,7.81944317390003,0,1e-05
11996,7.24255746652297,0,1e-05
11997,7.81845287983142,0,1e-05
11998,7.24153329730672,0,1e-05
11999,7.81746278360771,0,1e-05
12000,7.24050934375572,0,1e-05
12001,7.8164728852356,0,1e-05
12002,7.23948560585759,0,1e-05
12003,7.81548318486253,0,1e-05
12004,7.2384620834868,0,1e-05
12005,7.81449368224248,0,1e-05
12006,7.23743877658113,0,1e-05
12007,7.81350437724907,0,1e-05
12008,7.23641568516502,0,1e-05
12009,7.81251527009664,0,1e-05
12010,7.23539280909068,0,1e-05
12011,7.81152636045454,0,1e-05
12012,7.23437014843316,0,1e-05
12013,7.81053764847743,0,1e-05
12014,7.23334770294944,0,1e-05
12015,7.80954913399304,0,1e-05
12016,7.23232547281898,0,1e-05
12017,7.80856081710606,0,1e-05
12018,7.23130345789167,0,1e-05
12019,7.80757269768126,0,1e-05
12020,7.23028165814414,0,1e-05
12021,7.80658477571397,0,1e-05
12022,7.22926007353303,0,1e-05
12023,7.80559705112563,0,1e-05
12024,7.2282387039631,0,1e-05
12025,7.8046095238299,0,1e-05
12026,7.22721754947283,0,1e-05
12027,7.80362219395918,0,1e-05
12028,7.22619660993575,0,1e-05
12029,7.80263506128701,0,1e-05
12030,7.22517588538068,0,1e-05
12031,7.80164812587327,0,1e-05
12032,7.22415537561035,0,1e-05
12033,7.80066138751053,0,1e-05
12034,7.22313508069144,0,1e-05
12035,7.79967484630718,0,1e-05
12036,7.2221150006368,0,1e-05
12037,7.7986885021379,0,1e-05
12038,7.22109513505249,0,1e-05
12039,7.79770235481076,0,1e-05
12040,7.22007548429358,0,1e-05
12041,7.79671640458359,0,1e-05
12042,7.21905604804272,0,1e-05
12043,7.79573065118348,0,1e-05
12044,7.21803682643735,0,1e-05
12045,7.79474509468979,0,1e-05
12046,7.21701781936359,0,1e-05
12047,7.7937597350623,0,1e-05
12048,7.21599902669674,0,1e-05
12049,7.79277457217798,0,1e-05
12050,7.21498044853962,0,1e-05
12051,7.79178960603055,0,1e-05
12052,7.21396208476644,0,1e-05
12053,7.79080483662359,0,1e-05
12054,7.21294393532126,0,1e-05
12055,7.78982026384987,0,1e-05
12056,7.21192600012586,0,1e-05
12057,7.78883588761328,0,1e-05
12058,7.21090827923228,0,1e-05
12059,7.78785170799296,0,1e-05
12060,7.20989077243298,0,1e-05
12061,7.78686772479383,0,1e-05
12062,7.20887347972015,0,1e-05
12063,7.7858839380352,0,1e-05
12064,7.2078564011692,0,1e-05
12065,7.78490034771548,0,1e-05
12066,7.20683953656776,0,1e-05
12067,7.78391695376714,0,1e-05
12068,7.20582288599805,0,1e-05
12069,7.78293375617502,0,1e-05
12070,7.20480644932849,0,1e-05
12071,7.78195075468323,0,1e-05
12072,7.20379022656258,0,1e-05
12073,7.78096794951062,0,1e-05
12074,7.20277421766586,0,1e-05
12075,7.77998534051536,0,1e-05
12076,7.201758422508,0,1e-05
12077,7.77900292766686,0,1e-05
12078,7.2007428411353,0,1e-05
12079,7.77802071090863,0,1e-05
12080,7.19972747343523,0,1e-05
12081,7.77703869023017,0,1e-05
12082,7.198712319484,0,1e-05
12083,7.77605686558656,0,1e-05
12084,7.19769737907448,0,1e-05
12085,7.77507523678085,0,1e-05
12086,7.19668265221396,0,1e-05
12087,7.77409380399337,0,1e-05
12088,7.19566813885025,0,1e-05
12089,7.77311256695134,0,1e-05
12090,7.19465383890531,0,1e-05
12091,7.77213152579735,0,1e-05
12092,7.19363975234208,0,1e-05
12093,7.77115068027137,0,1e-05
12094,7.19262587909659,0,1e-05
12095,7.77017003050379,0,1e-05
12096,7.19161221921733,0,1e-05
12097,7.76918957643559,0,1e-05
12098,7.19059877243551,0,1e-05
12099,7.7682093178382,0,1e-05
12100,7.18958553880724,0,1e-05
12101,7.76722925480703,0,1e-05
12102,7.18857251837502,0,1e-05
12103,7.76624938729182,0,1e-05
12104,7.18755971082553,0,1e-05
12105,7.76526971507423,0,1e-05
12106,7.18654711642893,0,1e-05
12107,7.764290238393,0,1e-05
12108,7.1855347350719,0,1e-05
12109,7.76331095717127,0,1e-05
12110,7.18452256657812,0,1e-05
12111,7.76233187116587,0,1e-05
12112,7.1835106109435,0,1e-05
12113,7.76135298046514,0,1e-05
12114,7.18249886808848,0,1e-05
12115,7.76037428487227,0,1e-05
12116,7.18148733806039,0,1e-05
12117,7.75939578455094,0,1e-05
12118,7.180476020698,0,1e-05
12119,7.75841747930144,0,1e-05
12120,7.17946491601673,0,1e-05
12121,7.7574393691512,0,1e-05
12122,7.17845402396881,0,1e-05
12123,7.75646145396203,0,1e-05
12124,7.17744334442893,0,1e-05
12125,7.75548373373788,0,1e-05
12126,7.17643287742017,0,1e-05
12127,7.75450620855487,0,1e-05
12128,7.17542262288213,0,1e-05
12129,7.75352887815017,0,1e-05
12130,7.17441258083025,0,1e-05
12131,7.7525517426604,0,1e-05
12132,7.17340275120443,0,1e-05
12133,7.75157480207704,0,1e-05
12134,7.17239313390642,0,1e-05
12135,7.75059805624098,0,1e-05
12136,7.17138372886226,0,1e-05
12137,7.74962150496169,0,1e-05
12138,7.1703745359664,0,1e-05
12139,7.7486451484126,0,1e-05
12140,7.16936555528928,0,1e-05
12141,7.74766898645463,0,1e-05
12142,7.16835678670852,0,1e-05
12143,7.74669301903835,0,1e-05
12144,7.16734823019827,0,1e-05
12145,7.74571724611665,0,1e-05
12146,7.16633988567285,0,1e-05
12147,7.74474166770804,0,1e-05
12148,7.16533175332752,0,1e-05
12149,7.74376628378561,0,1e-05
12150,7.16432383282227,0,1e-05
12151,7.74279109429957,0,1e-05
12152,7.16331612432153,0,1e-05
12153,7.74181609922613,0,1e-05
12154,7.1623086275021,0,1e-05
12155,7.74084129826927,0,1e-05
12156,7.16130134259727,0,1e-05
12157,7.73986669163109,0,1e-05
12158,7.16029426930609,0,1e-05
12159,7.73889227916988,0,1e-05
12160,7.15928740782118,0,1e-05
12161,7.73791806086601,0,1e-05
12162,7.15828075790169,0,1e-05
12163,7.73694403664671,0,1e-05
12164,7.15727431954286,0,1e-05
12165,7.73597020639591,0,1e-05
12166,7.15626809260965,0,1e-05
12167,7.73499657006936,0,1e-05
12168,7.15526207707078,0,1e-05
12169,7.73402312770112,0,1e-05
12170,7.15425627308059,0,1e-05
12171,7.73304987924018,0,1e-05
12172,7.15325068031443,0,1e-05
12173,7.73207682459766,0,1e-05
12174,7.15224529901736,0,1e-05
12175,7.7311039637846,0,1e-05
12176,7.15124012895396,0,1e-05
12177,7.73013129677524,0,1e-05
12178,7.15023517006858,0,1e-05
12179,7.72915882340203,0,1e-05
12180,7.14923042232545,0,1e-05
12181,7.72818654365126,0,1e-05
12182,7.14822588551551,0,1e-05
12183,7.72721445729367,0,1e-05
12184,7.14722155985623,0,1e-05
12185,7.72624256473288,0,1e-05
12186,7.14621744529777,0,1e-05
12187,7.72527086565444,0,1e-05
12188,7.14521354159247,0,1e-05
12189,7.72429936000925,0,1e-05
12190,7.14420984875039,0,1e-05
12191,7.72332804768317,0,1e-05
12192,7.14320636678245,0,1e-05
12193,7.72235692874629,0,1e-05
12194,7.14220309559142,0,1e-05
12195,7.72138600313314,0,1e-05
12196,7.14120003512059,0,1e-05
12197,7.72041527073244,0,1e-05
12198,7.14019718535704,0,1e-05
12199,7.71944473156794,0,1e-05
12200,7.13919454619393,0,1e-05
12201,7.71847438554468,0,1e-05
12202,7.13819211754115,0,1e-05
12203,7.71750423251861,0,1e-05
12204,7.13718989940195,0,1e-05
12205,7.71653427257924,0,1e-05
12206,7.13618789182471,0,1e-05
12207,7.71556450577999,0,1e-05
12208,7.13518609475411,0,1e-05
12209,7.71459493199679,0,1e-05
12210,7.13418450811677,0,1e-05
12211,7.71362555110213,0,1e-05
12212,7.13318313164722,0,1e-05
12213,7.71265636297242,0,1e-05
12214,7.13218196545365,0,1e-05
12215,7.7116873676647,0,1e-05
12216,7.13118100939587,0,1e-05
12217,7.71071856502821,0,1e-05
12218,7.1301802634831,0,1e-05
12219,7.70974995509477,0,1e-05
12220,7.12917972769921,0,1e-05
12221,7.70878153787569,0,1e-05
12222,7.12817940199941,0,1e-05
12223,7.70781331326516,0,1e-05
12224,7.12717928634324,0,1e-05
12225,7.706845281224,0,1e-05
12226,7.12617938069139,0,1e-05
12227,7.70587744178711,0,1e-05
12228,7.12517968486671,0,1e-05
12229,7.70490979479203,0,1e-05
12230,7.12418019895131,0,1e-05
12231,7.70394234027285,0,1e-05
12232,7.12318092284793,0,1e-05
12233,7.702975078072,0,1e-05
12234,7.12218185638522,0,1e-05
12235,7.70200800808168,0,1e-05
12236,7.12118299955073,0,1e-05
12237,7.70104113046464,0,1e-05
12238,7.1201843525011,0,1e-05
12239,7.70007444507237,0,1e-05
12240,7.11918591501541,0,1e-05
12241,7.69910795176265,0,1e-05
12242,7.11818768687205,0,1e-05
12243,7.69814165048498,0,1e-05
12244,7.1171896683264,0,1e-05
12245,7.69717554143516,0,1e-05
12246,7.11619185922053,0,1e-05
12247,7.69620962428046,0,1e-05
12248,7.11519425940917,0,1e-05
12249,7.695243899088,0,1e-05
12250,7.11419686888676,0,1e-05
12251,7.69427836584675,0,1e-05
12252,7.11319968771507,0,1e-05
12253,7.69331302446923,0,1e-05
12254,7.11220271575588,0,1e-05
12255,7.69234787499024,0,1e-05
12256,7.11120595300229,0,1e-05
12257,7.69138291726411,0,1e-05
12258,7.11020939926264,0,1e-05
12259,7.69041815117575,0,1e-05
12260,7.10921305450744,0,1e-05
12261,7.68945357676042,0,1e-05
12262,7.10821691886716,0,1e-05
12263,7.68848919400806,0,1e-05
12264,7.10722099211786,0,1e-05
12265,7.68752500274354,0,1e-05
12266,7.10622527435422,0,1e-05
12267,7.68656100312736,0,1e-05
12268,7.10522976533506,0,1e-05
12269,7.6855971949091,0,1e-05
12270,7.10423446511604,0,1e-05
12271,7.68463357811564,0,1e-05
12272,7.10323937366772,0,1e-05
12273,7.68367015275897,0,1e-05
12274,7.10224449092193,0,1e-05
12275,7.68270691874043,0,1e-05
12276,7.10124981676443,0,1e-05
12277,7.68174387597935,0,1e-05
12278,7.10025535118068,0,1e-05
12279,7.68078102436799,0,1e-05
12280,7.09926109410352,0,1e-05
12281,7.6798183639723,0,1e-05
12282,7.09826704541136,0,1e-05
12283,7.67885589457665,0,1e-05
12284,7.09727320516855,0,1e-05
12285,7.67789361634921,0,1e-05
12286,7.09627957342397,0,1e-05
12287,7.6769315292309,0,1e-05
12288,7.09528615003798,0,1e-05
12289,7.67596963302895,0,1e-05
12290,7.09429293471946,0,1e-05
12291,7.67500792767304,0,1e-05
12292,7.09329992769629,0,1e-05
12293,7.6740464132633,0,1e-05
12294,7.0923071287833,0,1e-05
12295,7.6730850896246,0,1e-05
12296,7.09131453797049,0,1e-05
12297,7.67212395671471,0,1e-05
12298,7.09032215517784,0,1e-05
12299,7.67116301456689,0,1e-05
12300,7.08932998039277,0,1e-05
12301,7.67020226309203,0,1e-05
12302,7.08833801357298,0,1e-05
12303,7.66924170218026,0,1e-05
12304,7.08734625461432,0,1e-05
12305,7.6682813319115,0,1e-05
12306,7.08635470340926,0,1e-05
12307,7.6673211521307,0,1e-05
12308,7.08536336010661,0,1e-05
12309,7.66636116288162,0,1e-05
12310,7.0843722243712,0,1e-05
12311,7.66540136390357,0,1e-05
12312,7.08338129632393,0,1e-05
12313,7.66444175535569,0,1e-05
12314,7.08239057587823,0,1e-05
12315,7.66348233707492,0,1e-05
12316,7.08140006301655,0,1e-05
12317,7.66252310905298,0,1e-05
12318,7.08040975764301,0,1e-05
12319,7.66156407134991,0,1e-05
12320,7.07941965975287,0,1e-05
12321,7.66060522378479,0,1e-05
12322,7.07842976926254,0,1e-05
12323,7.65964656629867,0,1e-05
12324,7.07744008621488,0,1e-05
12325,7.65868809905946,0,1e-05
12326,7.07645061057443,0,1e-05
12327,7.65772982178507,0,1e-05
12328,7.07546134204755,0,1e-05
12329,7.65677173450442,0,1e-05
12330,7.07447228070162,0,1e-05
12331,7.65581383709974,0,1e-05
12332,7.07348342649721,0,1e-05
12333,7.65485612953767,0,1e-05
12334,7.072494779293,0,1e-05
12335,7.65389861171862,0,1e-05
12336,7.07150633909041,0,1e-05
12337,7.6529412836852,0,1e-05
12338,7.07051810585535,0,1e-05
12339,7.6519841453593,0,1e-05
12340,7.06953007963238,0,1e-05
12341,7.65102719679266,0,1e-05
12342,7.06854226029382,0,1e-05
12343,7.65007043786035,0,1e-05
12344,7.06755464781122,0,1e-05
12345,7.64911386841213,0,1e-05
12346,7.06656724198186,0,1e-05
12347,7.64815748845389,0,1e-05
12348,7.06558004295702,0,1e-05
12349,7.64720129804207,0,1e-05
12350,7.06459305056266,0,1e-05
12351,7.64624529708344,0,1e-05
12352,7.06360626470782,0,1e-05
12353,7.64528948544694,0,1e-05
12354,7.06261968539766,0,1e-05
12355,7.64433386297826,0,1e-05
12356,7.06163331252931,0,1e-05
12357,7.64337842981797,0,1e-05
12358,7.06064714609336,0,1e-05
12359,7.64242318589434,0,1e-05
12360,7.05966118600291,0,1e-05
12361,7.64146813109923,0,1e-05
12362,7.05867543220501,0,1e-05
12363,7.6405132653435,0,1e-05
12364,7.05768988468318,0,1e-05
12365,7.63955858866704,0,1e-05
12366,7.05670454349744,0,1e-05
12367,7.63860410104876,0,1e-05
12368,7.05571940822763,0,1e-05
12369,7.63764980225926,0,1e-05
12370,7.05473447916125,0,1e-05
12371,7.6366956923468,0,1e-05
12372,7.05374975613083,0,1e-05
12373,7.63574177137363,0,1e-05
12374,7.05276523902172,0,1e-05
12375,7.63478803911571,0,1e-05
12376,7.05178092801663,0,1e-05
12377,7.63383449568602,0,1e-05
12378,7.05079682280924,0,1e-05
12379,7.63288114100518,0,1e-05
12380,7.04981292355448,0,1e-05
12381,7.6319279750104,0,1e-05
12382,7.04882923015866,0,1e-05
12383,7.63097499770529,0,1e-05
12384,7.04784574240042,0,1e-05
12385,7.63002220882114,0,1e-05
12386,7.04686246024692,0,1e-05
12387,7.62906960834009,0,1e-05
12388,7.04587938374052,0,1e-05
12389,7.62811719639326,0,1e-05
12390,7.04489651264281,0,1e-05
12391,7.62716497267692,0,1e-05
12392,7.04391384714967,0,1e-05
12393,7.62621293739952,0,1e-05
12394,7.04293138718289,0,1e-05
12395,7.62526109043172,0,1e-05
12396,7.04194913251423,0,1e-05
12397,7.62430943162833,0,1e-05
12398,7.04096708310331,0,1e-05
12399,7.6233579609529,0,1e-05
12400,7.03998523902502,0,1e-05
12401,7.62240667841393,0,1e-05
12402,7.0390036001127,0,1e-05
12403,7.62145558396259,0,1e-05
12404,7.03802216627746,0,1e-05
12405,7.62050467739806,0,1e-05
12406,7.03704093758575,0,1e-05
12407,7.61955395883638,0,1e-05
12408,7.03605991389403,0,1e-05
12409,7.61860342810831,0,1e-05
12410,7.03507909526148,0,1e-05
12411,7.61765308531761,0,1e-05
12412,7.03409848152302,0,1e-05
12413,7.61670293029751,0,1e-05
12414,7.03311807267612,0,1e-05
12415,7.61575296298338,0,1e-05
12416,7.03213786862111,0,1e-05
12417,7.61480318350315,0,1e-05
12418,7.03115786948288,0,1e-05
12419,7.61385359171844,0,1e-05
12420,7.03017807497285,0,1e-05
12421,7.61290418744336,0,1e-05
12422,7.02919848509934,0,1e-05
12423,7.61195497063981,0,1e-05
12424,7.02821909971651,0,1e-05
12425,7.61100594128272,0,1e-05
12426,7.02723991896132,0,1e-05
12427,7.61005709942167,0,1e-05
12428,7.02626094272694,0,1e-05
12429,7.60910844494161,0,1e-05
12430,7.02528217085116,0,1e-05
12431,7.60815997770678,0,1e-05
12432,7.0243036031606,0,1e-05
12433,7.60721169766016,0,1e-05
12434,7.02332523986777,0,1e-05
12435,7.6062636047728,0,1e-05
12436,7.02234708083562,0,1e-05
12437,7.60531569915807,0,1e-05
12438,7.02136912587997,0,1e-05
12439,7.60436798047551,0,1e-05
12440,7.02039137526114,0,1e-05
12441,7.60342044907526,0,1e-05
12442,7.01941382867393,0,1e-05
12443,7.60247310469747,0,1e-05
12444,7.01843648619853,0,1e-05
12445,7.60152594732301,0,1e-05
12446,7.01745934758519,0,1e-05
12447,7.60057897667934,0,1e-05
12448,7.01648241296951,0,1e-05
12449,7.59963219291694,0,1e-05
12450,7.0155056821966,0,1e-05
12451,7.59868559601568,0,1e-05
12452,7.01452915529774,0,1e-05
12453,7.59773918589427,0,1e-05
12454,7.01355283216913,0,1e-05
12455,7.59679296257756,0,1e-05
12456,7.01257671280089,0,1e-05
12457,7.59584692585411,0,1e-05
12458,7.01160079711103,0,1e-05
12459,7.59490107578984,0,1e-05
12460,7.01062508493482,0,1e-05
12461,7.593955412209,0,1e-05
12462,7.00964957640935,0,1e-05
12463,7.59300993522887,0,1e-05
12464,7.00867427125829,0,1e-05
12465,7.59206464458434,0,1e-05
12466,7.00769916958887,0,1e-05
12467,7.59111954037832,0,1e-05
12468,7.00672427135613,0,1e-05
12469,7.5901746226115,0,1e-05
12470,7.00574957639706,0,1e-05
12471,7.58922989096922,0,1e-05
12472,7.00477508469732,0,1e-05
12473,7.58828534559726,0,1e-05
12474,7.00380079618356,0,1e-05
12475,7.58734098642703,0,1e-05
12476,7.00282671087587,0,1e-05
12477,7.58639681335152,0,1e-05
12478,7.00185282859815,0,1e-05
12479,7.5854528263633,0,1e-05
12480,7.00087914917718,0,1e-05
12481,7.58450902523585,0,1e-05
12482,6.99990567290632,0,1e-05
12483,7.58356541017727,0,1e-05
12484,6.99893239953614,0,1e-05
12485,7.58262198108993,0,1e-05
12486,6.99795932901822,0,1e-05
12487,7.58167873786503,0,1e-05
12488,6.99698646136907,0,1e-05
12489,7.58073568046978,0,1e-05
12490,6.9960137965024,0,1e-05
12491,7.57979280883421,0,1e-05
12492,6.99504133424459,0,1e-05
12493,7.57885012282481,0,1e-05
12494,6.99406907470934,0,1e-05
12495,7.57790762253362,0,1e-05
12496,6.99309701767731,0,1e-05
12497,7.57696530773825,0,1e-05
12498,6.99212516313832,0,1e-05
12499,7.5760231784717,0,1e-05
12500,6.99115351111317,0,1e-05
12501,7.5750812347333,0,1e-05
12502,6.99018206145137,0,1e-05
12503,7.57413947642146,0,1e-05
12504,6.98921081409566,0,1e-05
12505,7.5731979033488,0,1e-05
12506,6.98823976902963,0,1e-05
12507,7.57225651575737,0,1e-05
12508,6.98726892628657,0,1e-05
12509,7.57131531340551,0,1e-05
12510,6.9862982857789,0,1e-05
12511,7.57037429636732,0,1e-05
12512,6.98532784736686,0,1e-05
12513,7.56943346440343,0,1e-05
12514,6.98435761096075,0,1e-05
12515,7.56849281748169,0,1e-05
12516,6.98338757648211,0,1e-05
12517,7.56755235561974,0,1e-05
12518,6.98241774393592,0,1e-05
12519,7.56661207872796,0,1e-05
12520,6.98144811340169,0,1e-05
12521,7.56567198690282,0,1e-05
12522,6.98047868461462,0,1e-05
12523,7.56473207985315,0,1e-05
12524,6.97950945754752,0,1e-05
12525,7.56379235765315,0,1e-05
12526,6.97854043235398,0,1e-05
12527,7.56285282035841,0,1e-05
12528,6.97757160887901,0,1e-05
12529,7.56191346782604,0,1e-05
12530,6.97660298700448,0,1e-05
12531,7.56097429994318,0,1e-05
12532,6.97563456665784,0,1e-05
12533,7.56003531671978,0,1e-05
12534,6.97466634769595,0,1e-05
12535,7.55909651791321,0,1e-05
12536,6.97369833009511,0,1e-05
12537,7.55815790367899,0,1e-05
12538,6.97273051408496,0,1e-05
12539,7.55721947401105,0,1e-05
12540,6.97176289925879,0,1e-05
12541,7.5562812285278,0,1e-05
12542,6.97079548557649,0,1e-05
12543,7.55534316742023,0,1e-05
12544,6.96982827317658,0,1e-05
12545,7.55440529074441,0,1e-05
12546,6.96886126198655,0,1e-05
12547,7.55346759823001,0,1e-05
12548,6.96789445174616,0,1e-05
12549,7.55253008983624,0,1e-05
12550,6.96692784252141,0,1e-05
12551,7.5515927656124,0,1e-05
12552,6.96596143424698,0,1e-05
12553,7.55065562539106,0,1e-05
12554,6.96499522684747,0,1e-05
12555,7.54971866921609,0,1e-05
12556,6.96402922025808,0,1e-05
12557,7.54878189701674,0,1e-05
12558,6.96306341453884,0,1e-05
12559,7.54784530868952,0,1e-05
12560,6.96209780946673,0,1e-05
12561,7.54690890421092,0,1e-05
12562,6.96113240499927,0,1e-05
12563,7.54597268349868,0,1e-05
12564,6.96016720120982,0,1e-05
12565,7.54503664656352,0,1e-05
12566,6.95920219813452,0,1e-05
12567,7.54410079352717,0,1e-05
12568,6.95823739555205,0,1e-05
12569,7.54316512401389,0,1e-05
12570,6.95727279328507,0,1e-05
12571,7.54222963803958,0,1e-05
12572,6.95630839142501,0,1e-05
12573,7.54129433566895,0,1e-05
12574,6.9553441899614,0,1e-05
12575,7.54035921675531,0,1e-05
12576,6.95438018874786,0,1e-05
12577,7.53942428126414,0,1e-05
12578,6.95341638776265,0,1e-05
12579,7.53848952913688,0,1e-05
12580,6.95245278681942,0,1e-05
12581,7.53755496027792,0,1e-05
12582,6.95148938601081,0,1e-05
12583,7.53662057467536,0,1e-05
12584,6.95052618522401,0,1e-05
12585,7.53568637227486,0,1e-05
12586,6.9495631843798,0,1e-05
12587,7.53475235304819,0,1e-05
12588,6.94860038339512,0,1e-05
12589,7.53381851682969,0,1e-05
12590,6.947637782321,0,1e-05
12591,7.53288486359833,0,1e-05
12592,6.94667538101642,0,1e-05
12593,7.53195139342753,0,1e-05
12594,6.94571317939671,0,1e-05
12595,7.53101810613489,0,1e-05
12596,6.94475117742132,0,1e-05
12597,7.53008500179249,0,1e-05
12598,6.94378937524252,0,1e-05
12599,7.5291520802676,0,1e-05
12600,6.94282777262742,0,1e-05
12601,7.52821934155579,0,1e-05
12602,6.94186636940644,0,1e-05
12603,7.52728678546867,0,1e-05
12604,6.9409051656659,0,1e-05
12605,7.52635441216305,0,1e-05
12606,6.93994416145792,0,1e-05
12607,7.52542222148155,0,1e-05
12608,6.93898335644199,0,1e-05
12609,7.5244902131322,0,1e-05
12610,6.9380227508144,0,1e-05
12611,7.52355838751791,0,1e-05
12612,6.93706234432698,0,1e-05
12613,7.5226267442699,0,1e-05
12614,6.93610213700284,0,1e-05
12615,7.52169528347921,0,1e-05
12616,6.93514212885096,0,1e-05
12617,7.52076400489515,0,1e-05
12618,6.934182319785,0,1e-05
12619,7.51983290868945,0,1e-05
12620,6.93322270960027,0,1e-05
12621,7.51890199468905,0,1e-05
12622,6.9322632984479,0,1e-05
12623,7.51797126294228,0,1e-05
12624,6.93130408618911,0,1e-05
12625,7.51704071330245,0,1e-05
12626,6.93034507267565,0,1e-05
12627,7.51611034560384,0,1e-05
12628,6.92938625784735,0,1e-05
12629,7.5151801598635,0,1e-05
12630,6.92842764171526,0,1e-05
12631,7.5142501561757,0,1e-05
12632,6.92746922421415,0,1e-05
12633,7.51332033425216,0,1e-05
12634,6.92651100519402,0,1e-05
12635,7.51239069413791,0,1e-05
12636,6.92555298456933,0,1e-05
12637,7.51146123570793,0,1e-05
12638,6.92459516256065,0,1e-05
12639,7.5105319590706,0,1e-05
12640,6.92363753872856,0,1e-05
12641,7.50960286399652,0,1e-05
12642,6.92268011334134,0,1e-05
12643,7.50867395055431,0,1e-05
12644,6.92172288610564,0,1e-05
12645,7.50774521879386,0,1e-05
12646,6.92076585744073,0,1e-05
12647,7.506816668728,0,1e-05
12648,6.91980902687145,0,1e-05
12649,7.50588829996789,0,1e-05
12650,6.91885239429393,0,1e-05
12651,7.50496011262175,0,1e-05
12652,6.91789595985713,0,1e-05
12653,7.50403210663094,0,1e-05
12654,6.91693972338835,0,1e-05
12655,7.50310428187533,0,1e-05
12656,6.91598368477123,0,1e-05
12657,7.5021766383441,0,1e-05
12658,6.91502784397253,0,1e-05
12659,7.50124917595227,0,1e-05
12660,6.9140722010249,0,1e-05
12661,7.50032189471669,0,1e-05
12662,6.91311675585205,0,1e-05
12663,7.49939479458179,0,1e-05
12664,6.91216150839472,0,1e-05
12665,7.49846787549638,0,1e-05
12666,6.91120645858135,0,1e-05
12667,7.4975411372591,0,1e-05
12668,6.91025160618053,0,1e-05
12669,7.49661457987616,0,1e-05
12670,6.90929695123832,0,1e-05
12671,7.49568820331759,0,1e-05
12672,6.90834249381039,0,1e-05
12673,7.49476200755973,0,1e-05
12674,6.90738823389508,0,1e-05
12675,7.49383599264445,0,1e-05
12676,6.90643417120848,0,1e-05
12677,7.49291015834737,0,1e-05
12678,6.90548030592039,0,1e-05
12679,7.49198450469946,0,1e-05
12680,6.90452663769011,0,1e-05
12681,7.4910590314826,0,1e-05
12682,6.90357316654927,0,1e-05
12683,7.49013373865261,0,1e-05
12684,6.90261989253776,0,1e-05
12685,7.48920862640778,0,1e-05
12686,6.90166681537668,0,1e-05
12687,7.48828369439614,0,1e-05
12688,6.90071393534798,0,1e-05
12689,7.48735894279999,0,1e-05
12690,6.89976125208991,0,1e-05
12691,7.4864343714207,0,1e-05
12692,6.89880876571774,0,1e-05
12693,7.48550998021821,0,1e-05
12694,6.89785647598187,0,1e-05
12695,7.48458576915258,0,1e-05
12696,6.89690438305678,0,1e-05
12697,7.48366173820232,0,1e-05
12698,6.89595248674061,0,1e-05
12699,7.48273788727528,0,1e-05
12700,6.89500078702849,0,1e-05
12701,7.48181421631023,0,1e-05
12702,6.8940492838632,0,1e-05
12703,7.48089072528284,0,1e-05
12704,6.89309797710972,0,1e-05
12705,7.47996741409464,0,1e-05
12706,6.89214686675655,0,1e-05
12707,7.47904428269929,0,1e-05
12708,6.89119595255017,0,1e-05
12709,7.47812133081237,0,1e-05
12710,6.89024523467976,0,1e-05
12711,7.47719855877309,0,1e-05
12712,6.88929471307502,0,1e-05
12713,7.4762759662788,0,1e-05
12714,6.88834438758958,0,1e-05
12715,7.47535355344083,0,1e-05
12716,6.88739425827679,0,1e-05
12717,7.47443132018042,0,1e-05
12718,6.88644432493671,0,1e-05
12719,7.47350926629332,0,1e-05
12720,6.88549458764567,0,1e-05
12721,7.47258739193466,0,1e-05
12722,6.88454504630232,0,1e-05
12723,7.47166569688793,0,1e-05
12724,6.88359570083452,0,1e-05
12725,7.47074418115304,0,1e-05
12726,6.88264655092236,0,1e-05
12727,7.46982284447689,0,1e-05
12728,6.88169759687469,0,1e-05
12729,7.46890168706902,0,1e-05
12730,6.88074883867753,0,1e-05
12731,7.46798070898209,0,1e-05
12732,6.87980027610564,0,1e-05
12733,7.46705990992735,0,1e-05
12734,6.87885190897195,0,1e-05
12735,7.46613928978914,0,1e-05
12736,6.87790373722301,0,1e-05
12737,7.46521884847164,0,1e-05
12738,6.87695576106366,0,1e-05
12739,7.46429858622411,0,1e-05
12740,6.87600798020629,0,1e-05
12741,7.46337850278181,0,1e-05
12742,6.87506039466489,0,1e-05
12743,7.46245859811079,0,1e-05
12744,6.87411300427966,0,1e-05
12745,7.46153887202914,0,1e-05
12746,6.87316580917643,0,1e-05
12747,7.4606193247356,0,1e-05
12748,6.8722188090518,0,1e-05
12749,7.45969995593206,0,1e-05
12750,6.87127200394763,0,1e-05
12751,7.45878076553121,0,1e-05
12752,6.87032539375467,0,1e-05
12753,7.45786175360502,0,1e-05
12754,6.86937897845604,0,1e-05
12755,7.45694292010801,0,1e-05
12756,6.86843275807316,0,1e-05
12757,7.45602426501806,0,1e-05
12758,6.86748673251992,0,1e-05
12759,7.45510578830924,0,1e-05
12760,6.86654090188025,0,1e-05
12761,7.45418748997716,0,1e-05
12762,6.86559526581969,0,1e-05
12763,7.45326936970197,0,1e-05
12764,6.86464982446558,0,1e-05
12765,7.45235142768041,0,1e-05
12766,6.86370457758677,0,1e-05
12767,7.45143366368291,0,1e-05
12768,6.86275952520836,0,1e-05
12769,7.45051607764632,0,1e-05
12770,6.86181466729559,0,1e-05
12771,7.44959866960576,0,1e-05
12772,6.86087000369765,0,1e-05
12773,7.44868143945051,0,1e-05
12774,6.85992553457689,0,1e-05
12775,7.44776438740694,0,1e-05
12776,6.85898125971353,0,1e-05
12777,7.44684751306533,0,1e-05
12778,6.85803717918129,0,1e-05
12779,7.44593081654317,0,1e-05
12780,6.85709329281362,0,1e-05
12781,7.44501429773734,0,1e-05
12782,6.85614960030757,0,1e-05
12783,7.44409795645112,0,1e-05
12784,6.85520610195941,0,1e-05
12785,7.4431817927749,0,1e-05
12786,6.85426279756582,0,1e-05
12787,7.44226580660363,0,1e-05
12788,6.85331968696833,0,1e-05
12789,7.44134999784596,0,1e-05
12790,6.85237677028482,0,1e-05
12791,7.44043436648914,0,1e-05
12792,6.8514340472094,0,1e-05
12793,7.43951891235911,0,1e-05
12794,6.8504915178413,0,1e-05
12795,7.43860363551683,0,1e-05
12796,6.84954918217486,0,1e-05
12797,7.43768853582382,0,1e-05
12798,6.84860703993303,0,1e-05
12799,7.43677361344276,0,1e-05
12800,6.84766509138995,0,1e-05
12801,7.4358588681144,0,1e-05
12802,6.84672333609636,0,1e-05
12803,7.43494429959192,0,1e-05
12804,6.8457817741571,0,1e-05
12805,7.43402990820406,0,1e-05
12806,6.84484040581612,0,1e-05
12807,7.43311569392416,0,1e-05
12808,6.84389923054529,0,1e-05
12809,7.43220165624765,0,1e-05
12810,6.84295824855356,0,1e-05
12811,7.43128779552049,0,1e-05
12812,6.84201745960649,0,1e-05
12813,7.43037411146937,0,1e-05
12814,6.84107686372591,0,1e-05
12815,7.42946060407525,0,1e-05
12816,6.84013646099386,0,1e-05
12817,7.42854727348107,0,1e-05
12818,6.83919625112438,0,1e-05
12819,7.42763411934703,0,1e-05
12820,6.83825623433417,0,1e-05
12821,7.42672114189603,0,1e-05
12822,6.83731641003842,0,1e-05
12823,7.42580834056823,0,1e-05
12824,6.83637677861945,0,1e-05
12825,7.42489571580985,0,1e-05
12826,6.83543734004838,0,1e-05
12827,7.42398326745664,0,1e-05
12828,6.83449809389823,0,1e-05
12829,7.42307099531681,0,1e-05
12830,6.83355904056659,0,1e-05
12831,7.42215889951919,0,1e-05
12832,6.83262017974475,0,1e-05
12833,7.42124697995953,0,1e-05
12834,6.83168151134149,0,1e-05
12835,7.42033523631009,0,1e-05
12836,6.83074303514369,0,1e-05
12837,7.41942366872929,0,1e-05
12838,6.8298047515345,0,1e-05
12839,7.41851227730423,0,1e-05
12840,6.82886666017323,0,1e-05
12841,7.4176010618477,0,1e-05
12842,6.82792876121265,0,1e-05
12843,7.41669002243155,0,1e-05
12844,6.82699105420487,0,1e-05
12845,7.41577915858089,0,1e-05
12846,6.82605353912088,0,1e-05
12847,7.41486847035352,0,1e-05
12848,6.82511621632714,0,1e-05
12849,7.41395795807922,0,1e-05
12850,6.82417908557495,0,1e-05
12851,7.41304762146994,0,1e-05
12852,6.82324214640022,0,1e-05
12853,7.41213746021488,0,1e-05
12854,6.82230539907572,0,1e-05
12855,7.41122747441487,0,1e-05
12856,6.8213688433806,0,1e-05
12857,7.41031766415191,0,1e-05
12858,6.82043247945167,0,1e-05
12859,7.40940802930428,0,1e-05
12860,6.81949630725545,0,1e-05
12861,7.40849856987136,0,1e-05
12862,6.81856032653819,0,1e-05
12863,7.40758928560606,0,1e-05
12864,6.81762453727922,0,1e-05
12865,7.40668017644049,0,1e-05
12866,6.81668893948217,0,1e-05
12867,7.40577124258444,0,1e-05
12868,6.8157535331646,0,1e-05
12869,7.40486248392521,0,1e-05
12870,6.81481831822413,0,1e-05
12871,7.40395390034141,0,1e-05
12872,6.81388329455975,0,1e-05
12873,7.40304549166768,0,1e-05
12874,6.81294846201155,0,1e-05
12875,7.40213725797935,0,1e-05
12876,6.81201382064036,0,1e-05
12877,7.40122919912362,0,1e-05
12878,6.81107937017434,0,1e-05
12879,7.40032131487427,0,1e-05
12880,6.81014511062407,0,1e-05
12881,7.3994136054397,0,1e-05
12882,6.80921104215074,0,1e-05
12883,7.39850607075376,0,1e-05
12884,6.80827716451598,0,1e-05
12885,7.39759871075425,0,1e-05
12886,6.80734347780716,0,1e-05
12887,7.39669152538705,0,1e-05
12888,6.80640998196682,0,1e-05
12889,7.39578451462557,0,1e-05
12890,6.80547667675756,0,1e-05
12891,7.39487767822681,0,1e-05
12892,6.80454356205467,0,1e-05
12893,7.39397101616847,0,1e-05
12894,6.8036106379727,0,1e-05
12895,7.3930645284195,0,1e-05
12896,6.80267790432627,0,1e-05
12897,7.39215821500113,0,1e-05
12898,6.80174536132286,0,1e-05
12899,7.39125207601174,0,1e-05
12900,6.80081300869178,0,1e-05
12901,7.39034611114899,0,1e-05
12902,6.79988084635072,0,1e-05
12903,7.38944032033708,0,1e-05
12904,6.79894887432324,0,1e-05
12905,7.38853470362581,0,1e-05
12906,6.79801709235884,0,1e-05
12907,7.38762926084969,0,1e-05
12908,6.79708550058686,0,1e-05
12909,7.38672399194877,0,1e-05
12910,6.7961540988356,0,1e-05
12911,7.38581889693306,0,1e-05
12912,6.79522288708246,0,1e-05
12913,7.384913975746,0,1e-05
12914,6.79429186517883,0,1e-05
12915,7.38400922823791,0,1e-05
12916,6.79336103307638,0,1e-05
12917,7.38310465429196,0,1e-05
12918,6.79243039072074,0,1e-05
12919,7.38220025406787,0,1e-05
12920,6.79149993812953,0,1e-05
12921,7.38129602724672,0,1e-05
12922,6.79056967512968,0,1e-05
12923,7.38039197412401,0,1e-05
12924,6.78963960182457,0,1e-05
12925,7.37948809433165,0,1e-05
12926,6.78870971814059,0,1e-05
12927,7.37858438797258,0,1e-05
12928,6.78778002383478,0,1e-05
12929,7.37768085485746,0,1e-05
12930,6.78685051904262,0,1e-05
12931,7.37677749519611,0,1e-05
12932,6.78592120361218,0,1e-05
12933,7.37587430863787,0,1e-05
12934,6.7849920772918,0,1e-05
12935,7.3749712951625,0,1e-05
12936,6.78406314047566,0,1e-05
12937,7.37406845495799,0,1e-05
12938,6.78313439260442,0,1e-05
12939,7.37316578761878,0,1e-05
12940,6.78220583381076,0,1e-05
12941,7.37226329315987,0,1e-05
12942,6.78127746394147,0,1e-05
12943,7.37136097158016,0,1e-05
12944,6.78034928317473,0,1e-05
12945,7.37045882290592,0,1e-05
12946,6.779421291174,0,1e-05
12947,7.36955684695834,0,1e-05
12948,6.7784934881669,0,1e-05
12949,7.3686550438226,0,1e-05
12950,6.77756587377957,0,1e-05
12951,7.36775341315654,0,1e-05
12952,6.77663844800766,0,1e-05
12953,7.36685195522769,0,1e-05
12954,6.77571121087075,0,1e-05
12955,7.36595066961895,0,1e-05
12956,6.77478416221691,0,1e-05
12957,7.36504955643474,0,1e-05
12958,6.77385730212924,0,1e-05
12959,7.36414861573664,0,1e-05
12960,6.77293063036902,0,1e-05
12961,7.36324784727291,0,1e-05
12962,6.77200414695701,0,1e-05
12963,7.36234725115891,0,1e-05
12964,6.77107785181091,0,1e-05
12965,7.361446827196,0,1e-05
12966,6.77015174498886,0,1e-05
12967,7.36054657549076,0,1e-05
12968,6.76922582637493,0,1e-05
12969,7.35964649591222,0,1e-05
12970,6.7683000958611,0,1e-05
12971,7.35874658830513,0,1e-05
12972,6.76737455340319,0,1e-05
12973,7.35784685279949,0,1e-05
12974,6.76644919883761,0,1e-05
12975,7.35694728912169,0,1e-05
12976,6.76552403248846,0,1e-05
12977,7.35604789755885,0,1e-05
12978,6.76459905401814,0,1e-05
12979,7.35514867784872,0,1e-05
12980,6.76367426327035,0,1e-05
12981,7.35424962981873,0,1e-05
12982,6.76274966029055,0,1e-05
12983,7.35335075354934,0,1e-05
12984,6.7618252449651,0,1e-05
12985,7.35245204886055,0,1e-05
12986,6.76090101731792,0,1e-05
12987,7.35155351587333,0,1e-05
12988,6.75997697703068,0,1e-05
12989,7.35065515406189,0,1e-05
12990,6.75905312420252,0,1e-05
12991,7.34975696371324,0,1e-05
12992,6.75812945891847,0,1e-05
12993,7.34885894502726,0,1e-05
12994,6.75720598094019,0,1e-05
12995,7.34796109748901,0,1e-05
12996,6.75628268982565,0,1e-05
12997,7.34706342090709,0,1e-05
12998,6.75535958614475,0,1e-05
12999,7.34616591575151,0,1e-05
13000,6.75443666971525,0,1e-05
13001,7.34526858169631,0,1e-05
13002,6.75351394025862,0,1e-05
13003,7.34437141878103,0,1e-05
13004,6.75259139788327,0,1e-05
13005,7.34347442684298,0,1e-05
13006,6.75166904242182,0,1e-05
13007,7.34257760597249,0,1e-05
13008,6.75074687378881,0,1e-05
13009,7.34168095573957,0,1e-05
13010,6.7498248916221,0,1e-05
13011,7.34078447612604,0,1e-05
13012,6.74890309651523,0,1e-05
13013,7.33988816770986,0,1e-05
13014,6.74798148809485,0,1e-05
13015,7.3389920298119,0,1e-05
13016,6.74706006622222,0,1e-05
13017,7.33809606253784,0,1e-05
13018,6.74613883067352,0,1e-05
13019,7.33720026568417,0,1e-05
13020,6.74521778175347,0,1e-05
13021,7.33630463952311,0,1e-05
13022,6.74429691922785,0,1e-05
13023,7.33540918376624,0,1e-05
13024,6.74337624316975,0,1e-05
13025,7.33451389855916,0,1e-05
13026,6.74245575347011,0,1e-05
13027,7.33361878373636,0,1e-05
13028,6.74153544999413,0,1e-05
13029,7.33272383909658,0,1e-05
13030,6.74061533267428,0,1e-05
13031,7.33182906473365,0,1e-05
13032,6.73969540139307,0,1e-05
13033,7.33093446052662,0,1e-05
13034,6.73877565603095,0,1e-05
13035,7.33004002623783,0,1e-05
13036,6.73785609664877,0,1e-05
13037,7.3291457620417,0,1e-05
13038,6.73693672288854,0,1e-05
13039,7.32825166747916,0,1e-05
13040,6.73601753495448,0,1e-05
13041,7.32735774294233,0,1e-05
13042,6.73509853274105,0,1e-05
13043,7.32646398810028,0,1e-05
13044,6.73417971622034,0,1e-05
13045,7.32557040313552,0,1e-05
13046,6.7332610852097,0,1e-05
13047,7.32467698778525,0,1e-05
13048,6.73234263987196,0,1e-05
13049,7.32378374213567,0,1e-05
13050,6.73142438008293,0,1e-05
13051,7.32289066625966,0,1e-05
13052,6.73050630575094,0,1e-05
13053,7.32199775986585,0,1e-05
13054,6.72958841674122,0,1e-05
13055,7.32110502294324,0,1e-05
13056,6.72867071298383,0,1e-05
13057,7.32021245528332,0,1e-05
13058,6.72775319427983,0,1e-05
13059,7.31932005689442,0,1e-05
13060,6.72683586091666,0,1e-05
13061,7.31842782799401,0,1e-05
13062,6.72591871266623,0,1e-05
13063,7.3175357681783,0,1e-05
13064,6.72500174940459,0,1e-05
13065,7.31664387769719,0,1e-05
13066,6.72408497104361,0,1e-05
13067,7.31575215607972,0,1e-05
13068,6.72316837751073,0,1e-05
13069,7.31486060350794,0,1e-05
13070,6.72225196880731,0,1e-05
13071,7.31396921995593,0,1e-05
13072,6.72133574486993,0,1e-05
13073,7.3130780052474,0,1e-05
13074,6.72041970553879,0,1e-05
13075,7.31218695937461,0,1e-05
13076,6.7195038507808,0,1e-05
13077,7.31129608214571,0,1e-05
13078,6.71858818049578,0,1e-05
13079,7.31040537363067,0,1e-05
13080,6.71767269472983,0,1e-05
13081,7.30951483385056,0,1e-05
13082,6.71675739355228,0,1e-05
13083,7.30862446271101,0,1e-05
13084,6.71584227665022,0,1e-05
13085,7.30773426015732,0,1e-05
13086,6.71492734421523,0,1e-05
13087,7.30684422613155,0,1e-05
13088,6.71401259570473,0,1e-05
13089,7.30595436029247,0,1e-05
13090,6.71309803139438,0,1e-05
13091,7.30506466272009,0,1e-05
13092,6.71218365117845,0,1e-05
13093,7.30417513362811,0,1e-05
13094,6.711269454976,0,1e-05
13095,7.30328577267551,0,1e-05
13096,6.7103554427032,0,1e-05
13097,7.30239657989976,0,1e-05
13098,6.70944161455875,0,1e-05
13099,7.30150755545832,0,1e-05
13100,6.70852797015,0,1e-05
13101,7.30061869889566,0,1e-05
13102,6.70761450945968,0,1e-05
13103,7.29973001030902,0,1e-05
13104,6.70670123229558,0,1e-05
13105,7.29884148931607,0,1e-05
13106,6.70578813855904,0,1e-05
13107,7.29795313619401,0,1e-05
13108,6.70487522847954,0,1e-05
13109,7.29706495095457,0,1e-05
13110,6.70396250209871,0,1e-05
13111,7.29617693354103,0,1e-05
13112,6.70304995890001,0,1e-05
13113,7.29528908355188,0,1e-05
13114,6.70213759904988,0,1e-05
13115,7.29440140101765,0,1e-05
13116,6.70122542234584,0,1e-05
13117,7.29351388621019,0,1e-05
13118,6.70031342900847,0,1e-05
13119,7.29262653875384,0,1e-05
13120,6.69940161875304,0,1e-05
13121,7.29173935884274,0,1e-05
13122,6.69848999165935,0,1e-05
13123,7.29085234624498,0,1e-05
13124,6.69757854742588,0,1e-05
13125,7.28996550075804,0,1e-05
13126,6.6966672860855,0,1e-05
13127,7.28907882242936,0,1e-05
13128,6.69575620773982,0,1e-05
13129,7.28819231148245,0,1e-05
13130,6.69484531233046,0,1e-05
13131,7.28730596763438,0,1e-05
13132,6.69393459963683,0,1e-05
13133,7.2864197908233,0,1e-05
13134,6.69302406966076,0,1e-05
13135,7.28553378090631,0,1e-05
13136,6.69211372212866,0,1e-05
13137,7.28464793786967,0,1e-05
13138,6.69120355710239,0,1e-05
13139,7.28376226164794,0,1e-05
13140,6.690293574571,0,1e-05
13141,7.28287675213535,0,1e-05
13142,6.68938377442084,0,1e-05
13143,7.28199140931143,0,1e-05
13144,6.68847415661441,0,1e-05
13145,7.28110623320506,0,1e-05
13146,6.68756472124839,0,1e-05
13147,7.28022122380398,0,1e-05
13148,6.68665546776803,0,1e-05
13149,7.27933638068112,0,1e-05
13150,6.68574639647239,0,1e-05
13151,7.27845170389923,0,1e-05
13152,6.68483750707355,0,1e-05
13153,7.27756719361228,0,1e-05
13154,6.6839287999789,0,1e-05
13155,7.27668284979358,0,1e-05
13156,6.6830202747132,0,1e-05
13157,7.27579867215824,0,1e-05
13158,6.68211193135901,0,1e-05
13159,7.27491466071574,0,1e-05
13160,6.68120376960625,0,1e-05
13161,7.27403081537403,0,1e-05
13162,6.68029578961667,0,1e-05
13163,7.27314713593978,0,1e-05
13164,6.67938799123139,0,1e-05
13165,7.27226362269955,0,1e-05
13166,6.67848037462531,0,1e-05
13167,7.27138027533348,0,1e-05
13168,6.67757293927622,0,1e-05
13169,7.27049709380413,0,1e-05
13170,6.67666568542893,0,1e-05
13171,7.26961407799697,0,1e-05
13172,6.67575861303595,0,1e-05
13173,7.2687312282119,0,1e-05
13174,6.67485172213842,0,1e-05
13175,7.26784854415136,0,1e-05
13176,6.67394501257622,0,1e-05
13177,7.26696602581204,0,1e-05
13178,6.67303848410142,0,1e-05
13179,7.26608367297348,0,1e-05
13180,6.67213213666871,0,1e-05
13181,7.26520148548777,0,1e-05
13182,6.67122597034759,0,1e-05
13183,7.26431946358441,0,1e-05
13184,6.67031998483148,0,1e-05
13185,7.26343760680399,0,1e-05
13186,6.669414180215,0,1e-05
13187,7.2625559153025,0,1e-05
13188,6.66850855625031,0,1e-05
13189,7.26167438892757,0,1e-05
13190,6.66760311302577,0,1e-05
13191,7.26079302778709,0,1e-05
13192,6.66669785062157,0,1e-05
13193,7.25991183175589,0,1e-05
13194,6.66579276881155,0,1e-05
13195,7.25903080070909,0,1e-05
13196,6.66488786746753,0,1e-05
13197,7.25814993476855,0,1e-05
13198,6.66398314661821,0,1e-05
13199,7.25726923349631,0,1e-05
13200,6.6630786060556,0,1e-05
13201,7.25638869695649,0,1e-05
13202,6.66217424580592,0,1e-05
13203,7.25550832533842,0,1e-05
13204,6.6612700658705,0,1e-05
13205,7.25462811850904,0,1e-05
13206,6.66036606618751,0,1e-05
13207,7.25374807625154,0,1e-05
13208,6.65946224656437,0,1e-05
13209,7.25286819855115,0,1e-05
13210,6.6585586069668,0,1e-05
13211,7.25198848533823,0,1e-05
13212,6.65765514750004,0,1e-05
13213,7.25110893671906,0,1e-05
13214,6.65675186785664,0,1e-05
13215,7.25022955231859,0,1e-05
13216,6.65584876793626,0,1e-05
13217,7.24935033236637,0,1e-05
13218,6.6549458481158,0,1e-05
13219,7.24847127669651,0,1e-05
13220,6.65404310791507,0,1e-05
13221,7.24759238522584,0,1e-05
13222,6.65314054726755,0,1e-05
13223,7.24671365765208,0,1e-05
13224,6.65223816622725,0,1e-05
13225,7.24583509434634,0,1e-05
13226,6.65133596472275,0,1e-05
13227,7.24495669512493,0,1e-05
13228,6.6504339427626,0,1e-05
13229,7.2440784597985,0,1e-05
13230,6.64953210019315,0,1e-05
13231,7.24320038851917,0,1e-05
13232,6.64863043692739,0,1e-05
13233,7.24232248088026,0,1e-05
13234,6.64772895291574,0,1e-05
13235,7.24144473707395,0,1e-05
13236,6.64682764794931,0,1e-05
13237,7.24056715663451,0,1e-05
13238,6.64592652190993,0,1e-05
13239,7.23968974004736,0,1e-05
13240,6.64502557511013,0,1e-05
13241,7.23881248690927,0,1e-05
13242,6.64412480714112,0,1e-05
13243,7.23793539726721,0,1e-05
13244,6.6432242179934,0,1e-05
13245,7.23705847093338,0,1e-05
13246,6.64232380775292,0,1e-05
13247,7.23618170797356,0,1e-05
13248,6.64142357624987,0,1e-05
13249,7.23530510846275,0,1e-05
13250,6.64052352353831,0,1e-05
13251,7.23442867220091,0,1e-05
13252,6.63962364940248,0,1e-05
13253,7.23355239908893,0,1e-05
13254,6.6387239539457,0,1e-05
13255,7.23267628907216,0,1e-05
13256,6.63782443677624,0,1e-05
13257,7.2318003419852,0,1e-05
13258,6.63692509793378,0,1e-05
13259,7.2309245579752,0,1e-05
13260,6.63602593753831,0,1e-05
13261,7.23004893675401,0,1e-05
13262,6.63512695540757,0,1e-05
13263,7.22917347837777,0,1e-05
13264,6.6342281514496,0,1e-05
13265,7.22829818283966,0,1e-05
13266,6.63332952568257,0,1e-05
13267,7.22742305016683,0,1e-05
13268,6.63243107800234,0,1e-05
13269,7.22654808004338,0,1e-05
13270,6.63153280806989,0,1e-05
13271,7.22567327222332,0,1e-05
13272,6.63063471632283,0,1e-05
13273,7.22479862721781,0,1e-05
13274,6.62973680215809,0,1e-05
13275,7.22392414437546,0,1e-05
13276,6.6288390657204,0,1e-05
13277,7.22304982400658,0,1e-05
13278,6.62794150732038,0,1e-05
13279,7.22217566617422,0,1e-05
13280,6.62704412649886,0,1e-05
13281,7.22130167044551,0,1e-05
13282,6.62614692309728,0,1e-05
13283,7.22042783691583,0,1e-05
13284,6.62524989719417,0,1e-05
13285,7.21955416533201,0,1e-05
13286,6.62435304878008,0,1e-05
13287,7.2186806559532,0,1e-05
13288,6.6234563776803,0,1e-05
13289,7.21780730857635,0,1e-05
13290,6.62255988393014,0,1e-05
13291,7.21693412313531,0,1e-05
13292,6.6216635672227,0,1e-05
13293,7.21606109952305,0,1e-05
13294,6.62076742785766,0,1e-05
13295,7.21518823763949,0,1e-05
13296,6.61987146535163,0,1e-05
13297,7.21431553761088,0,1e-05
13298,6.61897567994207,0,1e-05
13299,7.21344299901192,0,1e-05
13300,6.61808007138237,0,1e-05
13301,7.2125706219231,0,1e-05
13302,6.61718463972953,0,1e-05
13303,7.2116984065152,0,1e-05
13304,6.61628938479487,0,1e-05
13305,7.21082635247491,0,1e-05
13306,6.61539430648648,0,1e-05
13307,7.20995445974775,0,1e-05
13308,6.61449940499548,0,1e-05
13309,7.20908272862329,0,1e-05
13310,6.61360467995491,0,1e-05
13311,7.20821115859627,0,1e-05
13312,6.61271013146909,0,1e-05
13313,7.20733974958683,0,1e-05
13314,6.6118157595106,0,1e-05
13315,7.20646850188953,0,1e-05
13316,6.6109215636301,0,1e-05
13317,7.20559741500568,0,1e-05
13318,6.61002754395189,0,1e-05
13319,7.20472648917844,0,1e-05
13320,6.60913370093365,0,1e-05
13321,7.20385572459463,0,1e-05
13322,6.60824003394252,0,1e-05
13323,7.20298512072096,0,1e-05
13324,6.60734654304565,0,1e-05
13325,7.20211467784736,0,1e-05
13326,6.60645322842241,0,1e-05
13327,7.20124439580932,0,1e-05
13328,6.6055600895817,0,1e-05
13329,7.20037427406705,0,1e-05
13330,6.60466712657555,0,1e-05
13331,7.19950431316635,0,1e-05
13332,6.60377433941938,0,1e-05
13333,7.19863451281175,0,1e-05
13334,6.60288172795115,0,1e-05
13335,7.19776487280471,0,1e-05
13336,6.60198929207054,0,1e-05
13337,7.1968953931431,0,1e-05
13338,6.60109703190593,0,1e-05
13339,7.19602607402241,0,1e-05
13340,6.60020494715645,0,1e-05
13341,7.19515691497893,0,1e-05
13342,6.59931303794357,0,1e-05
13343,7.19428791617114,0,1e-05
13344,6.59842130411392,0,1e-05
13345,7.19341907756006,0,1e-05
13346,6.59752974557232,0,1e-05
13347,7.19255039905534,0,1e-05
13348,6.59663836219163,0,1e-05
13349,7.19168188044952,0,1e-05
13350,6.59574715400661,0,1e-05
13351,7.19081352175667,0,1e-05
13352,6.59485612073018,0,1e-05
13353,7.18994532288269,0,1e-05
13354,6.59396526262161,0,1e-05
13355,7.18907728386404,0,1e-05
13356,6.5930745794637,0,1e-05
13357,7.18820940461788,0,1e-05
13358,6.59218407106707,0,1e-05
13359,7.1873416849291,0,1e-05
13360,6.59129373735662,0,1e-05
13361,7.1864741245893,0,1e-05
13362,6.5904035781862,0,1e-05
13363,7.18560672382538,0,1e-05
13364,6.58951359399414,0,1e-05
13365,7.18473948285203,0,1e-05
13366,6.58862378441418,0,1e-05
13367,7.18387240113883,0,1e-05
13368,6.58773414923498,0,1e-05
13369,7.18300547876766,0,1e-05
13370,6.58684468859445,0,1e-05
13371,7.18213871566468,0,1e-05
13372,6.58595540216749,0,1e-05
13373,7.18127211163409,0,1e-05
13374,6.58506629040797,0,1e-05
13375,7.18040566702289,0,1e-05
13376,6.58417735262327,0,1e-05
13377,7.17953938137569,0,1e-05
13378,6.58328858913621,0,1e-05
13379,7.17867325469259,0,1e-05
13380,6.58239999974134,0,1e-05
13381,7.17780728706271,0,1e-05
13382,6.58151158418361,0,1e-05
13383,7.17694147805118,0,1e-05
13384,6.58062334261667,0,1e-05
13385,7.17607582788062,0,1e-05
13386,6.57973527492293,0,1e-05
13387,7.17521033638488,0,1e-05
13388,6.57884738087006,0,1e-05
13389,7.17434500360253,0,1e-05
13390,6.5779596605558,0,1e-05
13391,7.17347982920412,0,1e-05
13392,6.57707211393787,0,1e-05
13393,7.17261481350462,0,1e-05
13394,6.57618474096197,0,1e-05
13395,7.17174995630386,0,1e-05
13396,6.57529754130262,0,1e-05
13397,7.17088525741519,0,1e-05
13398,6.57441051524064,0,1e-05
13399,7.17002071679959,0,1e-05
13400,6.57352366237147,0,1e-05
13401,7.16915633451822,0,1e-05
13402,6.57263698302442,0,1e-05
13403,7.16829211034969,0,1e-05
13404,6.57175047681314,0,1e-05
13405,7.16742804435603,0,1e-05
13406,6.57086414373919,0,1e-05
13407,7.1665641364887,0,1e-05
13408,6.56997798383171,0,1e-05
13409,7.1657003865733,0,1e-05
13410,6.56909199678998,0,1e-05
13411,7.16483679454294,0,1e-05
13412,6.56820618263894,0,1e-05
13413,7.16397336031095,0,1e-05
13414,6.56732054154365,0,1e-05
13415,7.16311008407641,0,1e-05
13416,6.56643507323954,0,1e-05
13417,7.16224696541911,0,1e-05
13418,6.56554977747625,0,1e-05
13419,7.16138400431964,0,1e-05
13420,6.56466465440652,0,1e-05
13421,7.16052120068291,0,1e-05
13422,6.56377970385983,0,1e-05
13423,7.15965855482374,0,1e-05
13424,6.56289492609481,0,1e-05
13425,7.15879606651191,0,1e-05
13426,6.56201032063389,0,1e-05
13427,7.15793373549414,0,1e-05
13428,6.56112588731052,0,1e-05
13429,7.15707156152876,0,1e-05
13430,6.56024162645189,0,1e-05
13431,7.15620954500957,0,1e-05
13432,6.55935753765914,0,1e-05
13433,7.15534768547085,0,1e-05
13434,6.55847362087905,0,1e-05
13435,7.15448598295266,0,1e-05
13436,6.55758987617976,0,1e-05
13437,7.15362443757841,0,1e-05
13438,6.55670630352443,0,1e-05
13439,7.15276304916884,0,1e-05
13440,6.5558229027686,0,1e-05
13441,7.15190181762831,0,1e-05
13442,6.55493967383597,0,1e-05
13443,7.15104074284891,0,1e-05
13444,6.55405661660937,0,1e-05
13445,7.15017982489544,0,1e-05
13446,6.55317373110319,0,1e-05
13447,7.14931906347195,0,1e-05
13448,6.55229101734969,0,1e-05
13449,7.14845845916364,0,1e-05
13450,6.55140847528455,0,1e-05
13451,7.14759801118108,0,1e-05
13452,6.55052610443374,0,1e-05
13453,7.14673771957537,0,1e-05
13454,6.5496439049645,0,1e-05
13455,7.145877584355,0,1e-05
13456,6.54876187698472,0,1e-05
13457,7.14501760568846,0,1e-05
13458,6.54788002028788,0,1e-05
13459,7.14415778328232,0,1e-05
13460,6.54699833481344,0,1e-05
13461,7.14329811704702,0,1e-05
13462,6.54611682024413,0,1e-05
13463,7.14243860676573,0,1e-05
13464,6.54523547678845,0,1e-05
13465,7.14157925276856,0,1e-05
13466,6.54435430410867,0,1e-05
13467,7.14072005438795,0,1e-05
13468,6.54347330250405,0,1e-05
13469,7.13986101258339,0,1e-05
13470,6.54259247206538,0,1e-05
13471,7.13900212645858,0,1e-05
13472,6.54171181213498,0,1e-05
13473,7.13814339610199,0,1e-05
13474,6.54083132275196,0,1e-05
13475,7.13728482136382,0,1e-05
13476,6.53995100390553,0,1e-05
13477,7.13642640227761,0,1e-05
13478,6.53907085578539,0,1e-05
13479,7.13556813894452,0,1e-05
13480,6.53819087800896,0,1e-05
13481,7.13471003107902,0,1e-05
13482,6.53731107069513,0,1e-05
13483,7.13385207876756,0,1e-05
13484,6.53643143375852,0,1e-05
13485,7.13299428191722,0,1e-05
13486,6.53555196695861,0,1e-05
13487,7.13213664020533,0,1e-05
13488,6.53467267024544,0,1e-05
13489,7.13127915374495,0,1e-05
13490,6.53379354360453,0,1e-05
13491,7.13042182240724,0,1e-05
13492,6.53291458693052,0,1e-05
13493,7.12956464612196,0,1e-05
13494,6.53203580033301,0,1e-05
13495,7.1287076252167,0,1e-05
13496,6.53115718374517,0,1e-05
13497,7.12785075925208,0,1e-05
13498,6.53027873690937,0,1e-05
13499,7.12699404826259,0,1e-05
13500,6.52940045972303,0,1e-05
13501,7.12613749198981,0,1e-05
13502,6.52852235221568,0,1e-05
13503,7.12528109051677,0,1e-05
13504,6.52764441415075,0,1e-05
13505,7.12442484360261,0,1e-05
13506,6.52676664551389,0,1e-05
13507,7.12356875141406,0,1e-05
13508,6.52588904648326,0,1e-05
13509,7.12271281379945,0,1e-05
13510,6.52501161677465,0,1e-05
13511,7.12185703081638,0,1e-05
13512,6.52413435660453,0,1e-05
13513,7.12100140228741,0,1e-05
13514,6.52325726538636,0,1e-05
13515,7.12014592791281,0,1e-05
13516,6.52238034321216,0,1e-05
13517,7.11929060790554,0,1e-05
13518,6.52150359020854,0,1e-05
13519,7.11843544214542,0,1e-05
13520,6.52062700628381,0,1e-05
13521,7.11758043069488,0,1e-05
13522,6.5197505913893,0,1e-05
13523,7.11672557333558,0,1e-05
13524,6.51887434526125,0,1e-05
13525,7.11587086998292,0,1e-05
13526,6.51799826786599,0,1e-05
13527,7.11501632063236,0,1e-05
13528,6.51712235935472,0,1e-05
13529,7.11416192522791,0,1e-05
13530,6.51624661928902,0,1e-05
13531,7.1133076834463,0,1e-05
13532,6.5153710477393,0,1e-05
13533,7.1124535955906,0,1e-05
13534,6.51449564481902,0,1e-05
13535,7.11159966148347,0,1e-05
13536,6.51362041048239,0,1e-05
13537,7.11074588116561,0,1e-05
13538,6.51274534445331,0,1e-05
13539,7.1098922542048,0,1e-05
13540,6.51187044653947,0,1e-05
13541,7.10903878072153,0,1e-05
13542,6.5109957168296,0,1e-05
13543,7.10818546057321,0,1e-05
13544,6.51012115520785,0,1e-05
13545,7.1073322938333,0,1e-05
13546,6.5092467616513,0,1e-05
13547,7.10647928031721,0,1e-05
13548,6.50837253586016,0,1e-05
13549,7.10562641989302,0,1e-05
13550,6.50749847807982,0,1e-05
13551,7.1047737127651,0,1e-05
13552,6.50662458810515,0,1e-05
13553,7.10392115861705,0,1e-05
13554,6.50575086602984,0,1e-05
13555,7.10306875761142,0,1e-05
13556,6.50487731156564,0,1e-05
13557,7.10221650947419,0,1e-05
13558,6.50400392448204,0,1e-05
13559,7.10136441400389,0,1e-05
13560,6.50313070523742,0,1e-05
13561,7.10051247162722,0,1e-05
13562,6.50225765318178,0,1e-05
13563,7.09966068165004,0,1e-05
13564,6.50138476846755,0,1e-05
13565,7.09880904439093,0,1e-05
13566,6.50051205103004,0,1e-05
13567,7.09795755963021,0,1e-05
13568,6.49963950067424,0,1e-05
13569,7.0971062272413,0,1e-05
13570,6.49876711771275,0,1e-05
13571,7.09625504754961,0,1e-05
13572,6.49789490171748,0,1e-05
13573,7.095404020085,0,1e-05
13574,6.49702285249365,0,1e-05
13575,7.09455314485799,0,1e-05
13576,6.49615097035469,0,1e-05
13577,7.09370242188678,0,1e-05
13578,6.49527925492437,0,1e-05
13579,7.09285185079982,0,1e-05
13580,6.49440770622279,0,1e-05
13581,7.09200143194637,0,1e-05
13582,6.49353632422222,0,1e-05
13583,7.09115116510487,0,1e-05
13584,6.49266510887065,0,1e-05
13585,7.09030105042759,0,1e-05
13586,6.49179406025159,0,1e-05
13587,7.08945108755954,0,1e-05
13588,6.49092317817641,0,1e-05
13589,7.08860127667586,0,1e-05
13590,6.49005246226459,0,1e-05
13591,7.08775161706278,0,1e-05
13592,6.48918191259692,0,1e-05
13593,7.08690210913052,0,1e-05
13594,6.4883115291906,0,1e-05
13595,7.08605275294236,0,1e-05
13596,6.48744131205671,0,1e-05
13597,7.08520354827049,0,1e-05
13598,6.48657126070026,0,1e-05
13599,7.08435449497572,0,1e-05
13600,6.48570137534803,0,1e-05
13601,7.08350559276816,0,1e-05
13602,6.48483165593927,0,1e-05
13603,7.08265684204855,0,1e-05
13604,6.48396210258279,0,1e-05
13605,7.08180824258834,0,1e-05
13606,6.48309271477082,0,1e-05
13607,7.08095979430698,0,1e-05
13608,6.48222349275041,0,1e-05
13609,7.08011149682855,0,1e-05
13610,6.48135443614261,0,1e-05
13611,7.0792633505556,0,1e-05
13612,6.48048554537044,0,1e-05
13613,7.0784153552344,0,1e-05
13614,6.47961682000702,0,1e-05
13615,7.07756751089688,0,1e-05
13616,6.47874826018489,0,1e-05
13617,7.07671981723288,0,1e-05
13618,6.47787986567277,0,1e-05
13619,7.07587227459465,0,1e-05
13620,6.47701163645691,0,1e-05
13621,7.07502488255049,0,1e-05
13622,6.47614357242967,0,1e-05
13623,7.07417764114482,0,1e-05
13624,6.47527567354919,0,1e-05
13625,7.07333055028642,0,1e-05
13626,6.47440793961158,0,1e-05
13627,7.07248360976376,0,1e-05
13628,6.4735403707399,0,1e-05
13629,7.07163681979474,0,1e-05
13630,6.47267296679049,0,1e-05
13631,7.07079018019025,0,1e-05
13632,6.4718057276337,0,1e-05
13633,7.06994369074351,0,1e-05
13634,6.47093865316731,0,1e-05
13635,7.06909735141921,0,1e-05
13636,6.47007174339997,0,1e-05
13637,7.06825116225598,0,1e-05
13638,6.46920499831971,0,1e-05
13639,7.06740512323452,0,1e-05
13640,6.46833841772849,0,1e-05
13641,7.06655923423505,0,1e-05
13642,6.46747200142194,0,1e-05
13643,7.06571349489186,0,1e-05
13644,6.4666057494675,0,1e-05
13645,7.06486790544575,0,1e-05
13646,6.46573966180481,0,1e-05
13647,7.06402246585315,0,1e-05
13648,6.46487373860851,0,1e-05
13649,7.06317717607286,0,1e-05
13650,6.46400797947097,0,1e-05
13651,7.0623320357657,0,1e-05
13652,6.46314238437579,0,1e-05
13653,7.06148704515733,0,1e-05
13654,6.46227695344782,0,1e-05
13655,7.06064220399281,0,1e-05
13656,6.46141168631332,0,1e-05
13657,7.05979751240411,0,1e-05
13658,6.46054658307923,0,1e-05
13659,7.05895296995694,0,1e-05
13660,6.45968164337152,0,1e-05
13661,7.05810857664752,0,1e-05
13662,6.45881686752029,0,1e-05
13663,7.05726433251498,0,1e-05
13664,6.45795225508872,0,1e-05
13665,7.05642023758865,0,1e-05
13666,6.45708780609577,0,1e-05
13667,7.05557629147983,0,1e-05
13668,6.45622352048193,0,1e-05
13669,7.0547324944274,0,1e-05
13670,6.45535939850934,0,1e-05
13671,7.05388884631979,0,1e-05
13672,6.45449543961671,0,1e-05
13673,7.05304534700301,0,1e-05
13674,6.45363164402181,0,1e-05
13675,7.05220199655996,0,1e-05
13676,6.45276801153723,0,1e-05
13677,7.05135879462128,0,1e-05
13678,6.45190454208662,0,1e-05
13679,7.05051574156911,0,1e-05
13680,6.45104123575748,0,1e-05
13681,7.04967283680755,0,1e-05
13682,6.45017809228975,0,1e-05
13683,7.04883008073808,0,1e-05
13684,6.4493151117051,0,1e-05
13685,7.04798747292987,0,1e-05
13686,6.44845229378178,0,1e-05
13687,7.04714501369793,0,1e-05
13688,6.44758963899197,0,1e-05
13689,7.04630270295752,0,1e-05
13690,6.44672714681751,0,1e-05
13691,7.04546054026159,0,1e-05
13692,6.44586481710563,0,1e-05
13693,7.0446185258275,0,1e-05
13694,6.445002649787,0,1e-05
13695,7.04377665933404,0,1e-05
13696,6.44414064499535,0,1e-05
13697,7.0429349408898,0,1e-05
13698,6.4432788025959,0,1e-05
13699,7.04209337029829,0,1e-05
13700,6.4424171223534,0,1e-05
13701,7.04125194767775,0,1e-05
13702,6.4415556041474,0,1e-05
13703,7.0404106727831,0,1e-05
13704,6.44069424815472,0,1e-05
13705,7.03956954546819,0,1e-05
13706,6.43983305411635,0,1e-05
13707,7.03872856577716,0,1e-05
13708,6.43897202186557,0,1e-05
13709,7.03788773352171,0,1e-05
13710,6.43811115131938,0,1e-05
13711,7.03704704871386,0,1e-05
13712,6.43725044271452,0,1e-05
13713,7.0362065112805,0,1e-05
13714,6.4363898956249,0,1e-05
13715,7.03536612119202,0,1e-05
13716,6.43552951018792,0,1e-05
13717,7.03452587823553,0,1e-05
13718,6.43466928607968,0,1e-05
13719,7.03368578231633,0,1e-05
13720,6.4338092233893,0,1e-05
13721,7.03284583351954,0,1e-05
13722,6.43294932198026,0,1e-05
13723,7.03200603165022,0,1e-05
13724,6.43208958199126,0,1e-05
13725,7.03116637708188,0,1e-05
13726,6.43123000348056,0,1e-05
13727,7.03032686950292,0,1e-05
13728,6.43037058611232,0,1e-05
13729,7.02948750860037,0,1e-05
13730,6.42951132964009,0,1e-05
13731,7.02864829447116,0,1e-05
13732,6.42865223429135,0,1e-05
13733,7.02780922697361,0,1e-05
13734,6.42779329963934,0,1e-05
13735,7.02697030599208,0,1e-05
13736,6.42693452581201,0,1e-05
13737,7.02613153141298,0,1e-05
13738,6.4260759129831,0,1e-05
13739,7.02529290359419,0,1e-05
13740,6.42521746048107,0,1e-05
13741,7.02445442189426,0,1e-05
13742,6.42435916886278,0,1e-05
13743,7.02361608670224,0,1e-05
13744,6.42350103781898,0,1e-05
13745,7.02277789772846,0,1e-05
13746,6.42264306703783,0,1e-05
13747,7.02193985488281,0,1e-05
13748,6.42178525682781,0,1e-05
13749,7.02110195837204,0,1e-05
13750,6.42092760689289,0,1e-05
13751,7.02026420758829,0,1e-05
13752,6.42007011707053,0,1e-05
13753,7.01942660271062,0,1e-05
13754,6.41921278732225,0,1e-05
13755,7.01858914385105,0,1e-05
13756,6.41835561765414,0,1e-05
13757,7.01775183081988,0,1e-05
13758,6.41749860809715,0,1e-05
13759,7.01691466349398,0,1e-05
13760,6.41664175853021,0,1e-05
13761,7.01607764201646,0,1e-05
13762,6.41578506857292,0,1e-05
13763,7.01524076573682,0,1e-05
13764,6.41492853842429,0,1e-05
13765,7.01440403521871,0,1e-05
13766,6.4140721680583,0,1e-05
13767,7.01356745032423,0,1e-05
13768,6.41321595737222,0,1e-05
13769,7.01273101045833,0,1e-05
13770,6.41235990589553,0,1e-05
13771,7.01189471599114,0,1e-05
13772,6.411504014208,0,1e-05
13773,7.01105856704679,0,1e-05
13774,6.41064828195035,0,1e-05
13775,7.01022256324068,0,1e-05
13776,6.40979270886946,0,1e-05
13777,7.00938670437424,0,1e-05
13778,6.40893729516532,0,1e-05
13779,7.00855099083919,0,1e-05
13780,6.40808204074405,0,1e-05
13781,7.0077154220844,0,1e-05
13782,6.40722694506606,0,1e-05
13783,7.00687999811874,0,1e-05
13784,6.40637200855686,0,1e-05
13785,7.00604471902381,0,1e-05
13786,6.4055172307032,0,1e-05
13787,7.00520958427211,0,1e-05
13788,6.40466261164144,0,1e-05
13789,7.00437459435807,0,1e-05
13790,6.4038081514818,0,1e-05
13791,7.00353974930402,0,1e-05
13792,6.40295385011368,0,1e-05
13793,7.00270504862664,0,1e-05
13794,6.40209970748802,0,1e-05
13795,7.00187049251925,0,1e-05
13796,6.40124572317953,0,1e-05
13797,7.001036080738,0,1e-05
13798,6.40039189763826,0,1e-05
13799,7.0002018132624,0,1e-05
13800,6.39953823013773,0,1e-05
13801,6.99936768986362,0,1e-05
13802,6.39868472081258,0,1e-05
13803,6.99853371053541,0,1e-05
13804,6.39783136981573,0,1e-05
13805,6.99769987533964,0,1e-05
13806,6.3969781770326,0,1e-05
13807,6.99686618427983,0,1e-05
13808,6.39612514232392,0,1e-05
13809,6.99603263707372,0,1e-05
13810,6.39527226568629,0,1e-05
13811,6.99519923393817,0,1e-05
13812,6.39441954683993,0,1e-05
13813,6.99436597445174,0,1e-05
13814,6.39356698581304,0,1e-05
13815,6.99353285875296,0,1e-05
13816,6.39271458278231,0,1e-05
13817,6.99269988658492,0,1e-05
13818,6.39186233727437,0,1e-05
13819,6.9918670580418,0,1e-05
13820,6.39101024948774,0,1e-05
13821,6.99103437311074,0,1e-05
13822,6.39015831908108,0,1e-05
13823,6.99020183164892,0,1e-05
13824,6.38930654593014,0,1e-05
13825,6.98936943324821,0,1e-05
13826,6.3884549302022,0,1e-05
13827,6.98853717796371,0,1e-05
13828,6.38760347170867,0,1e-05
13829,6.98770506609634,0,1e-05
13830,6.38675217041719,0,1e-05
13831,6.98687309721981,0,1e-05
13832,6.38590102632162,0,1e-05
13833,6.98604127153206,0,1e-05
13834,6.38505003920672,0,1e-05
13835,6.9852095886317,0,1e-05
13836,6.384199209113,0,1e-05
13837,6.98437804871265,0,1e-05
13838,6.38334853574547,0,1e-05
13839,6.98354665163984,0,1e-05
13840,6.38249801929252,0,1e-05
13841,6.98271539743062,0,1e-05
13842,6.38164765968567,0,1e-05
13843,6.98188428605699,0,1e-05
13844,6.38079745665332,0,1e-05
13845,6.98105331699496,0,1e-05
13846,6.37994741014123,0,1e-05
13847,6.98022249028182,0,1e-05
13848,6.37909752011206,0,1e-05
13849,6.97939180643132,0,1e-05
13850,6.37824778658857,0,1e-05
13851,6.97856126482304,0,1e-05
13852,6.37739820932066,0,1e-05
13853,6.97773086568544,0,1e-05
13854,6.37654878853325,0,1e-05
13855,6.97690060870562,0,1e-05
13856,6.37569952366983,0,1e-05
13857,6.97607049377889,0,1e-05
13858,6.37485041465332,0,1e-05
13859,6.9752405204928,0,1e-05
13860,6.37400146173981,0,1e-05
13861,6.97441068955207,0,1e-05
13862,6.37315266478063,0,1e-05
13863,6.97358100043188,0,1e-05
13864,6.37230402343306,0,1e-05
13865,6.97275145314736,0,1e-05
13866,6.37145553792625,0,1e-05
13867,6.97192204758066,0,1e-05
13868,6.37060720816912,0,1e-05
13869,6.971092783819,0,1e-05
13870,6.36975903402399,0,1e-05
13871,6.97026366171911,0,1e-05
13872,6.36891101556733,0,1e-05
13873,6.96943468130131,0,1e-05
13874,6.36806315242809,0,1e-05
13875,6.96860584238568,0,1e-05
13876,6.36721544512171,0,1e-05
13877,6.96777714493186,0,1e-05
13878,6.36636789298796,0,1e-05
13879,6.96694858905086,0,1e-05
13880,6.36552049603931,0,1e-05
13881,6.96612017421441,0,1e-05
13882,6.36467325420695,0,1e-05
13883,6.96529190059828,0,1e-05
13884,6.36382616743,0,1e-05
13885,6.96446376812008,0,1e-05
13886,6.3629792355181,0,1e-05
13887,6.96363577659708,0,1e-05
13888,6.36213245869447,0,1e-05
13889,6.96280792621793,0,1e-05
13890,6.3612858367506,0,1e-05
13891,6.96198021662225,0,1e-05
13892,6.36043936932691,0,1e-05
13893,6.96115264786971,0,1e-05
13894,6.3595930566761,0,1e-05
13895,6.9603252197865,0,1e-05
13896,6.35874689870321,0,1e-05
13897,6.95949793252801,0,1e-05
13898,6.35790089512537,0,1e-05
13899,6.9586707858644,0,1e-05
13900,6.3570550459428,0,1e-05
13901,6.95784377964984,0,1e-05
13902,6.35620935137364,0,1e-05
13903,6.95701691415581,0,1e-05
13904,6.35536381092851,0,1e-05
13905,6.95619018875547,0,1e-05
13906,6.35451842470112,0,1e-05
13907,6.95536360373709,0,1e-05
13908,6.35367319256831,0,1e-05
13909,6.95453715923878,0,1e-05
13910,6.35282811464703,0,1e-05
13911,6.95371085476738,0,1e-05
13912,6.35198319068083,0,1e-05
13913,6.952884690395,0,1e-05
13914,6.35113842049396,0,1e-05
13915,6.95205866599401,0,1e-05
13916,6.35029380424266,0,1e-05
13917,6.95123278150519,0,1e-05
13918,6.34944934148363,0,1e-05
13919,6.95040703657912,0,1e-05
13920,6.34860503221273,0,1e-05
13921,6.94958143165548,0,1e-05
13922,6.34776087658536,0,1e-05
13923,6.94875596647351,0,1e-05
13924,6.34691687458324,0,1e-05
13925,6.94793064060825,0,1e-05
13926,6.34607302566762,0,1e-05
13927,6.94710545464758,0,1e-05
13928,6.34522933026701,0,1e-05
13929,6.94628040811459,0,1e-05
13930,6.34438578822021,0,1e-05
13931,6.94545550090978,0,1e-05
13932,6.34354239920215,0,1e-05
13933,6.94463073311975,0,1e-05
13934,6.34269916329202,0,1e-05
13935,6.94380610462606,0,1e-05
13936,6.3418560805772,0,1e-05
13937,6.94298161551446,0,1e-05
13938,6.3410131507001,0,1e-05
13939,6.94215726540845,0,1e-05
13940,6.3401703738157,0,1e-05
13941,6.94133305454569,0,1e-05
13942,6.33932774994149,0,1e-05
13943,6.94050898277675,0,1e-05
13944,6.33848527854753,0,1e-05
13945,6.93968504972103,0,1e-05
13946,6.33764295967883,0,1e-05
13947,6.93886125544448,0,1e-05
13948,6.33680079349329,0,1e-05
13949,6.93803760002918,0,1e-05
13950,6.33595877956934,0,1e-05
13951,6.93721408315306,0,1e-05
13952,6.33511691846187,0,1e-05
13953,6.93639070534142,0,1e-05
13954,6.33427520963487,0,1e-05
13955,6.93556746583396,0,1e-05
13956,6.33343365264355,0,1e-05
13957,6.93474436453843,0,1e-05
13958,6.33259224797625,0,1e-05
13959,6.93392140188421,0,1e-05
13960,6.33175099553187,0,1e-05
13961,6.93309857758052,0,1e-05
13962,6.33090989501502,0,1e-05
13963,6.93227589154043,0,1e-05
13964,6.33006894638778,0,1e-05
13965,6.93145334351119,0,1e-05
13966,6.32922814949768,0,1e-05
13967,6.93063093345253,0,1e-05
13968,6.32838750417568,0,1e-05
13969,6.92980866151069,0,1e-05
13970,6.32754701080184,0,1e-05
13971,6.92898652745354,0,1e-05
13972,6.32670666882936,0,1e-05
13973,6.92816453131734,0,1e-05
13974,6.32586647851964,0,1e-05
13975,6.92734267300689,0,1e-05
13976,6.32502643959356,0,1e-05
13977,6.9265209524232,0,1e-05
13978,6.32418655189061,0,1e-05
13979,6.92569936930288,0,1e-05
13980,6.3233468153932,0,1e-05
13981,6.92487792390217,0,1e-05
13982,6.3225072301627,0,1e-05
13983,6.92405661584872,0,1e-05
13984,6.32166779604343,0,1e-05
13985,6.92323544522432,0,1e-05
13986,6.32082851299156,0,1e-05
13987,6.92241441194121,0,1e-05
13988,6.31998938075887,0,1e-05
13989,6.92159351573597,0,1e-05
13990,6.31915039944156,0,1e-05
13991,6.92077275716086,0,1e-05
13992,6.3183115692234,0,1e-05
13993,6.91995213558238,0,1e-05
13994,6.31747288942129,0,1e-05
13995,6.91913165086503,0,1e-05
13996,6.31663436019633,0,1e-05
13997,6.91831130325549,0,1e-05
13998,6.31579598161692,0,1e-05
13999,6.91749109236645,0,1e-05
14000,6.31495775325057,0,1e-05
14001,6.91667101819399,0,1e-05
14002,6.31411967549788,0,1e-05
14003,6.91585108105088,0,1e-05
14004,6.31328174803476,0,1e-05
14005,6.91503128032175,0,1e-05
14006,6.31244397084459,0,1e-05
14007,6.91421161647978,0,1e-05
14008,6.31160634382532,0,1e-05
14009,6.91339208894382,0,1e-05
14010,6.3107688665805,0,1e-05
14011,6.91257269765026,0,1e-05
14012,6.3099315391781,0,1e-05
14013,6.91175344257006,0,1e-05
14014,6.30909436182452,0,1e-05
14015,6.9109343239048,0,1e-05
14016,6.30825733437742,0,1e-05
14017,6.91011534167027,0,1e-05
14018,6.30742045622101,0,1e-05
14019,6.90929649487652,0,1e-05
14020,6.30658372762397,0,1e-05
14021,6.9084777840777,0,1e-05
14022,6.30574714862596,0,1e-05
14023,6.90765920943747,0,1e-05
14024,6.30491071895185,0,1e-05
14025,6.90684077044568,0,1e-05
14026,6.30407443860104,0,1e-05
14027,6.9060224671459,0,1e-05
14028,6.30323830765706,0,1e-05
14029,6.90520429984923,0,1e-05
14030,6.30240232612312,0,1e-05
14031,6.90438626827029,0,1e-05
14032,6.30156649357968,0,1e-05
14033,6.90356837222092,0,1e-05
14034,6.30073081023266,0,1e-05
14035,6.9027506116527,0,1e-05
14036,6.29989527576236,0,1e-05
14037,6.90193298648082,0,1e-05
14038,6.29905989029857,0,1e-05
14039,6.90111549659038,0,1e-05
14040,6.29822465337571,0,1e-05
14041,6.90029814183559,0,1e-05
14042,6.297389565307,0,1e-05
14043,6.89948092252365,0,1e-05
14044,6.29655462584317,0,1e-05
14045,6.89866383821196,0,1e-05
14046,6.29571983528322,0,1e-05
14047,6.89784688927775,0,1e-05
14048,6.29488519337268,0,1e-05
14049,6.89703007521752,0,1e-05
14050,6.2940506998358,0,1e-05
14051,6.89621339635653,0,1e-05
14052,6.29321635488391,0,1e-05
14053,6.89539685228013,0,1e-05
14054,6.29238215819825,0,1e-05
14055,6.89458044297978,0,1e-05
14056,6.29154810927811,0,1e-05
14057,6.89376416788366,0,1e-05
14058,6.29071420870248,0,1e-05
14059,6.89294802768906,0,1e-05
14060,6.28988045583664,0,1e-05
14061,6.89213202194253,0,1e-05
14062,6.28904685112062,0,1e-05
14063,6.89131615045634,0,1e-05
14064,6.28821339427318,0,1e-05
14065,6.89050041353443,0,1e-05
14066,6.28738008526718,0,1e-05
14067,6.88968481104019,0,1e-05
14068,6.28654692410673,0,1e-05
14069,6.88886934279388,0,1e-05
14070,6.28571391020447,0,1e-05
14071,6.88805400824795,0,1e-05
14072,6.28488104393961,0,1e-05
14073,6.88723880814483,0,1e-05
14074,6.28404832541695,0,1e-05
14075,6.88642374195422,0,1e-05
14076,6.28321575391298,0,1e-05
14077,6.88560880950005,0,1e-05
14078,6.28238332982451,0,1e-05
14079,6.8847940110861,0,1e-05
14080,6.2815510531225,0,1e-05
14081,6.88397934645913,0,1e-05
14082,6.28071892346594,0,1e-05
14083,6.88316481560834,0,1e-05
14084,6.27988694089397,0,1e-05
14085,6.8823504181243,0,1e-05
14086,6.27905510499928,0,1e-05
14087,6.88153615419195,0,1e-05
14088,6.27822341612907,0,1e-05
14089,6.88072202360548,0,1e-05
14090,6.27739187385651,0,1e-05
14091,6.87990802632827,0,1e-05
14092,6.276560478615,0,1e-05
14093,6.87909416268235,0,1e-05
14094,6.27572922993063,0,1e-05
14095,6.87828043203902,0,1e-05
14096,6.274898127676,0,1e-05
14097,6.87746683434215,0,1e-05
14098,6.27406717173138,0,1e-05
14099,6.87665336985412,0,1e-05
14100,6.27323636237162,0,1e-05
14101,6.87584003827405,0,1e-05
14102,6.27240569925467,0,1e-05
14103,6.87502683955999,0,1e-05
14104,6.27157518215944,0,1e-05
14105,6.87421377369617,0,1e-05
14106,6.27074481130045,0,1e-05
14107,6.8734008405053,0,1e-05
14108,6.26991458659939,0,1e-05
14109,6.87258804001946,0,1e-05
14110,6.26908450786201,0,1e-05
14111,6.87177537245939,0,1e-05
14112,6.26825457506997,0,1e-05
14113,6.87096283702067,0,1e-05
14114,6.26742478804741,0,1e-05
14115,6.87015043430533,0,1e-05
14116,6.26659514660942,0,1e-05
14117,6.86933816378108,0,1e-05
14118,6.26576565091026,0,1e-05
14119,6.86852602564416,0,1e-05
14120,6.26493630079637,0,1e-05
14121,6.86771401965703,0,1e-05
14122,6.26410709639073,0,1e-05
14123,6.86690214600306,0,1e-05
14124,6.26327803723096,0,1e-05
14125,6.86609040435032,0,1e-05
14126,6.26244912333943,0,1e-05
14127,6.8652787947391,0,1e-05
14128,6.26162035494642,0,1e-05
14129,6.86446731681912,0,1e-05
14130,6.26079173146128,0,1e-05
14131,6.8636559709381,0,1e-05
14132,6.25996325321024,0,1e-05
14133,6.86284475678129,0,1e-05
14134,6.25913491978936,0,1e-05
14135,6.86203367419691,0,1e-05
14136,6.25830673121555,0,1e-05
14137,6.86122272333494,0,1e-05
14138,6.25747868777054,0,1e-05
14139,6.86041190398858,0,1e-05
14140,6.25665078899313,0,1e-05
14141,6.8596012161026,0,1e-05
14142,6.2558230348954,0,1e-05
14143,6.85879065957207,0,1e-05
14144,6.25499542544273,0,1e-05
14145,6.85798023437435,0,1e-05
14146,6.25416796031773,0,1e-05
14147,6.85716994034597,0,1e-05
14148,6.25334063982326,0,1e-05
14149,6.85635977760491,0,1e-05
14150,6.25251346362544,0,1e-05
14151,6.85554974573203,0,1e-05
14152,6.25168643154525,0,1e-05
14153,6.85473984481475,0,1e-05
14154,6.25085954354455,0,1e-05
14155,6.85393007481096,0,1e-05
14156,6.250032799699,0,1e-05
14157,6.85312043546834,0,1e-05
14158,6.24920619980405,0,1e-05
14159,6.85231092714458,0,1e-05
14160,6.24837974402823,0,1e-05
14161,6.85150154953394,0,1e-05
14162,6.24755343217375,0,1e-05
14163,6.85069230252036,0,1e-05
14164,6.24672726420815,0,1e-05
14165,6.84988318628677,0,1e-05
14166,6.24590123973725,0,1e-05
14167,6.84907420016813,0,1e-05
14168,6.24507535873063,0,1e-05
14169,6.84826534447113,0,1e-05
14170,6.24424962147085,0,1e-05
14171,6.84745661901619,0,1e-05
14172,6.24342402747188,0,1e-05
14173,6.84664802381017,0,1e-05
14174,6.24259857700342,0,1e-05
14175,6.84583955877813,0,1e-05
14176,6.24177326951961,0,1e-05
14177,6.84503122357327,0,1e-05
14178,6.2409481051765,0,1e-05
14179,6.84422301836722,0,1e-05
14180,6.24012308430288,0,1e-05
14181,6.84341494353418,0,1e-05
14182,6.23929820632177,0,1e-05
14183,6.84260699825707,0,1e-05
14184,6.23847347134056,0,1e-05
14185,6.84179918276541,0,1e-05
14186,6.23764887919247,0,1e-05
14187,6.84099149711613,0,1e-05
14188,6.23682442999255,0,1e-05
14189,6.84018394103315,0,1e-05
14190,6.23600012346316,0,1e-05
14191,6.83937651440038,0,1e-05
14192,6.23517595936627,0,1e-05
14193,6.83856921721154,0,1e-05
14194,6.23435193781141,0,1e-05
14195,6.83776204922601,0,1e-05
14196,6.23352805865598,0,1e-05
14197,6.83695501036423,0,1e-05
14198,6.23270432175822,0,1e-05
14199,6.83614810086885,0,1e-05
14200,6.23188072722432,0,1e-05
14201,6.83534132061421,0,1e-05
14202,6.23105727495105,0,1e-05
14203,6.83453466926485,0,1e-05
14204,6.23023396479705,0,1e-05
14205,6.83372814682821,0,1e-05
14206,6.22941079655462,0,1e-05
14207,6.83292175344461,0,1e-05
14208,6.22858777014655,0,1e-05
14209,6.83211548863742,0,1e-05
14210,6.22776488555297,0,1e-05
14211,6.8313093525496,0,1e-05
14212,6.22694214296491,0,1e-05
14213,6.83050334513211,0,1e-05
14214,6.22611954206629,0,1e-05
14215,6.82969746666375,0,1e-05
14216,6.22529708261612,0,1e-05
14217,6.82889171638107,0,1e-05
14218,6.22447476498993,0,1e-05
14219,6.82808609473923,0,1e-05
14220,6.22365258869651,0,1e-05
14221,6.82728060113901,0,1e-05
14222,6.22283055379362,0,1e-05
14223,6.82647523633651,0,1e-05
14224,6.22200866046005,0,1e-05
14225,6.8256699996748,0,1e-05
14226,6.22118690810741,0,1e-05
14227,6.82486489082193,0,1e-05
14228,6.22036529684183,0,1e-05
14229,6.82405991008431,0,1e-05
14230,6.21954382646571,0,1e-05
14231,6.82325505730375,0,1e-05
14232,6.21872249721057,0,1e-05
14233,6.82245033240713,0,1e-05
14234,6.21790130882123,0,1e-05
14235,6.82164573521003,0,1e-05
14236,6.21708026088895,0,1e-05
14237,6.82084126558131,0,1e-05
14238,6.21625935373994,0,1e-05
14239,6.82003692363812,0,1e-05
14240,6.21543858731528,0,1e-05
14241,6.81923270947625,0,1e-05
14242,6.21461796132397,0,1e-05
14243,6.81842862262585,0,1e-05
14244,6.21379747594073,0,1e-05
14245,6.81762466320054,0,1e-05
14246,6.21297713095967,0,1e-05
14247,6.8168208313185,0,1e-05
14248,6.2121569261739,0,1e-05
14249,6.81601712654461,0,1e-05
14250,6.21133686168162,0,1e-05
14251,6.81521354904352,0,1e-05
14252,6.2105169372413,0,1e-05
14253,6.81441009864714,0,1e-05
14254,6.20969715280883,0,1e-05
14255,6.81360677513572,0,1e-05
14256,6.20887750837064,0,1e-05
14257,6.81280357859616,0,1e-05
14258,6.20805800366053,0,1e-05
14259,6.81200050894106,0,1e-05
14260,6.20723863884649,0,1e-05
14261,6.81119756605861,0,1e-05
14262,6.20641941379169,0,1e-05
14263,6.81039474993889,0,1e-05
14264,6.20560032847245,0,1e-05
14265,6.80959206054064,0,1e-05
14266,6.20478138262119,0,1e-05
14267,6.80878949755467,0,1e-05
14268,6.20396257612617,0,1e-05
14269,6.807987060935,0,1e-05
14270,6.20314390893974,0,1e-05
14271,6.80718475087021,0,1e-05
14272,6.20232538083133,0,1e-05
14273,6.80638256673967,0,1e-05
14274,6.20150699220419,0,1e-05
14275,6.80558050923809,0,1e-05
14276,6.20068874265924,0,1e-05
14277,6.80477857766008,0,1e-05
14278,6.199870632159,0,1e-05
14279,6.80397677235931,0,1e-05
14280,6.19905266055258,0,1e-05
14281,6.8031750929999,0,1e-05
14282,6.1982348279583,0,1e-05
14283,6.80237353962745,0,1e-05
14284,6.19741713408796,0,1e-05
14285,6.80157211203602,0,1e-05
14286,6.19659957886441,0,1e-05
14287,6.80077081011488,0,1e-05
14288,6.19578216210425,0,1e-05
14289,6.79996963382206,0,1e-05
14290,6.19496488375982,0,1e-05
14291,6.79916858305667,0,1e-05
14292,6.19414774384652,0,1e-05
14293,6.7983676578259,0,1e-05
14294,6.19333074252621,0,1e-05
14295,6.79756685800214,0,1e-05
14296,6.19251387907295,0,1e-05
14297,6.79676618340912,0,1e-05
14298,6.19169715396158,0,1e-05
14299,6.79596563420461,0,1e-05
14300,6.19088056686526,0,1e-05
14301,6.79516521005218,0,1e-05
14302,6.19006411774964,0,1e-05
14303,6.7943649111452,0,1e-05
14304,6.18924780670793,0,1e-05
14305,6.79356473725272,0,1e-05
14306,6.18843163362042,0,1e-05
14307,6.79276468853895,0,1e-05
14308,6.18761559834764,0,1e-05
14309,6.79196476466124,0,1e-05
14310,6.18679970062526,0,1e-05
14311,6.79116496554144,0,1e-05
14312,6.18598394058029,0,1e-05
14313,6.79036529112419,0,1e-05
14314,6.18516831798639,0,1e-05
14315,6.78956574141346,0,1e-05
14316,6.18435283279189,0,1e-05
14317,6.78876631607182,0,1e-05
14318,6.18353748487468,0,1e-05
14319,6.78796701538876,0,1e-05
14320,6.18272227456402,0,1e-05
14321,6.78716783941679,0,1e-05
14322,6.18190720142214,0,1e-05
14323,6.7863687877498,0,1e-05
14324,6.18109226544276,0,1e-05
14325,6.78556986014246,0,1e-05
14326,6.18027746634008,0,1e-05
14327,6.78477105683525,0,1e-05
14328,6.1794628042384,0,1e-05
14329,6.78397237756896,0,1e-05
14330,6.17864827908111,0,1e-05
14331,6.78317382245227,0,1e-05
14332,6.17783389035386,0,1e-05
14333,6.78237539081728,0,1e-05
14334,6.177019638402,0,1e-05
14335,6.7815770835603,0,1e-05
14336,6.17620552319134,0,1e-05
14337,6.78077889976356,0,1e-05
14338,6.17539154425931,0,1e-05
14339,6.77998083978828,0,1e-05
14340,6.17457770205529,0,1e-05
14341,6.77918290357926,0,1e-05
14342,6.17376399599422,0,1e-05
14343,6.7783850907316,0,1e-05
14344,6.17295042609293,0,1e-05
14345,6.77758740124882,0,1e-05
14346,6.17213699247331,0,1e-05
14347,6.77678983526291,0,1e-05
14348,6.17132369472668,0,1e-05
14349,6.77599239233194,0,1e-05
14350,6.17051053297861,0,1e-05
14351,6.77519507278898,0,1e-05
14352,6.16969750721947,0,1e-05
14353,6.77439787630063,0,1e-05
14354,6.16888461745041,0,1e-05
14355,6.77360080309117,0,1e-05
14356,6.16807186326764,0,1e-05
14357,6.77280385277439,0,1e-05
14358,6.1672592445774,0,1e-05
14359,6.77200702508897,0,1e-05
14360,6.16644676158452,0,1e-05
14361,6.77121032035522,0,1e-05
14362,6.16563441393707,0,1e-05
14363,6.7704137383381,0,1e-05
14364,6.16482220178435,0,1e-05
14365,6.76961727901346,0,1e-05
14366,6.16401012500071,0,1e-05
14367,6.76882094237104,0,1e-05
14368,6.16319818372999,0,1e-05
14369,6.76802472841917,0,1e-05
14370,6.16238637755631,0,1e-05
14371,6.7672286367291,0,1e-05
14372,6.1615747061838,0,1e-05
14373,6.76643266726334,0,1e-05
14374,6.16076316973239,0,1e-05
14375,6.76563682008582,0,1e-05
14376,6.15995176813729,0,1e-05
14377,6.7648410947956,0,1e-05
14378,6.15914050111017,0,1e-05
14379,6.76404549169412,0,1e-05
14380,6.15832936899604,0,1e-05
14381,6.76325001058468,0,1e-05
14382,6.15751837133075,0,1e-05
14383,6.76245465143798,0,1e-05
14384,6.15670750868484,0,1e-05
14385,6.76165941448169,0,1e-05
14386,6.15589678031616,0,1e-05
14387,6.76086429920059,0,1e-05
14388,6.15508618652227,0,1e-05
14389,6.76006930574384,0,1e-05
14390,6.15427572690504,0,1e-05
14391,6.75927443373505,0,1e-05
14392,6.15346540151774,0,1e-05
14393,6.75847968338352,0,1e-05
14394,6.15265521035316,0,1e-05
14395,6.75768505447269,0,1e-05
14396,6.15184515318565,0,1e-05
14397,6.75689054705976,0,1e-05
14398,6.1510352299572,0,1e-05
14399,6.75609616085026,0,1e-05
14400,6.15022544072991,0,1e-05
14401,6.75530189586258,0,1e-05
14402,6.14941578508396,0,1e-05
14403,6.7545077520311,0,1e-05
14404,6.14860626317113,0,1e-05
14405,6.75371372931423,0,1e-05
14406,6.14779687492519,0,1e-05
14407,6.75291982718459,0,1e-05
14408,6.14698761993005,0,1e-05
14409,6.75212604631931,0,1e-05
14410,6.14617849884723,0,1e-05
14411,6.75133238615406,0,1e-05
14412,6.14536951095299,0,1e-05
14413,6.75053884696771,0,1e-05
14414,6.14456065625356,0,1e-05
14415,6.74974542830577,0,1e-05
14416,6.14375193483195,0,1e-05
14417,6.74895213032285,0,1e-05
14418,6.14294334671538,0,1e-05
14419,6.74815895279499,0,1e-05
14420,6.14213489138046,0,1e-05
14421,6.74736589572704,0,1e-05
14422,6.14132656881873,0,1e-05
14423,6.74657295875099,0,1e-05
14424,6.14051837931154,0,1e-05
14425,6.74578014218073,0,1e-05
14426,6.13971032251312,0,1e-05
14427,6.74498744566185,0,1e-05
14428,6.13890239852361,0,1e-05
14429,6.74419486959444,0,1e-05
14430,6.13809460693582,0,1e-05
14431,6.74340241304358,0,1e-05
14432,6.13728694790001,0,1e-05
14433,6.7426100767919,0,1e-05
14434,6.1364794212451,0,1e-05
14435,6.74181786048189,0,1e-05
14436,6.13567202732924,0,1e-05
14437,6.74102576399588,0,1e-05
14438,6.1348647653941,0,1e-05
14439,6.74023378723553,0,1e-05
14440,6.13405763590713,0,1e-05
14441,6.73944193010122,0,1e-05
14442,6.13325063830702,0,1e-05
14443,6.73865019248065,0,1e-05
14444,6.13244377306917,0,1e-05
14445,6.73785857444986,0,1e-05
14446,6.13163703925998,0,1e-05
14447,6.73706707549126,0,1e-05
14448,6.13083043759432,0,1e-05
14449,6.73627569607594,0,1e-05
14450,6.13002396732849,0,1e-05
14451,6.73548443552713,0,1e-05
14452,6.12921762864177,0,1e-05
14453,6.73469329421593,0,1e-05
14454,6.12841142171495,0,1e-05
14455,6.73390227191738,0,1e-05
14456,6.12760534626105,0,1e-05
14457,6.73311136868118,0,1e-05
14458,6.126799402009,0,1e-05
14459,6.73232058421258,0,1e-05
14460,6.12599358913618,0,1e-05
14461,6.73152991855473,0,1e-05
14462,6.12518790755851,0,1e-05
14463,6.73073937161632,0,1e-05
14464,6.12438235692756,0,1e-05
14465,6.72994894323232,0,1e-05
14466,6.12357693740671,0,1e-05
14467,6.72915863331487,0,1e-05
14468,6.12277164861705,0,1e-05
14469,6.72836844203774,0,1e-05
14470,6.12196649083565,0,1e-05
14471,6.72757836908653,0,1e-05
14472,6.12116146378594,0,1e-05
14473,6.72678841444878,0,1e-05
14474,6.12035656781317,0,1e-05
14475,6.72599857826419,0,1e-05
14476,6.11955180225808,0,1e-05
14477,6.72520886012698,0,1e-05
14478,6.11874716744162,0,1e-05
14479,6.72441926032231,0,1e-05
14480,6.11794266306851,0,1e-05
14481,6.72362977833193,0,1e-05
14482,6.11713828868181,0,1e-05
14483,6.72284041414912,0,1e-05
14484,6.11633404470898,0,1e-05
14485,6.72205116787021,0,1e-05
14486,6.11552993099621,0,1e-05
14487,6.72126203938692,0,1e-05
14488,6.11472594735939,0,1e-05
14489,6.72047302861872,0,1e-05
14490,6.11392209384634,0,1e-05
14491,6.71968413524175,0,1e-05
14492,6.11311837012458,0,1e-05
14493,6.71889535967656,0,1e-05
14494,6.11231477661385,0,1e-05
14495,6.71810670174392,0,1e-05
14496,6.11151131283572,0,1e-05
14497,6.71731816083225,0,1e-05
14498,6.11070797833956,0,1e-05
14499,6.71652973713785,0,1e-05
14500,6.10990477352778,0,1e-05
14501,6.71574143054953,0,1e-05
14502,6.10910169838811,0,1e-05
14503,6.71495324142322,0,1e-05
14504,6.10829875269028,0,1e-05
14505,6.71416516930515,0,1e-05
14506,6.10749593645247,0,1e-05
14507,6.7133772143744,0,1e-05
14508,6.10669324976058,0,1e-05
14509,6.71258937622931,0,1e-05
14510,6.10589069161149,0,1e-05
14511,6.71180165448748,0,1e-05
14512,6.10508826279555,0,1e-05
14513,6.71101404969704,0,1e-05
14514,6.1042859629047,0,1e-05
14515,6.71022656143944,0,1e-05
14516,6.10348379177444,0,1e-05
14517,6.70943918959859,0,1e-05
14518,6.10268174952893,0,1e-05
14519,6.70865193436448,0,1e-05
14520,6.10187983593479,0,1e-05
14521,6.70786479538332,0,1e-05
14522,6.10107805093199,0,1e-05
14523,6.7070777725725,0,1e-05
14524,6.1002763946893,0,1e-05
14525,6.70629086629619,0,1e-05
14526,6.09947486703428,0,1e-05
14527,6.70550407628136,0,1e-05
14528,6.09867346769216,0,1e-05
14529,6.70471740214056,0,1e-05
14530,6.09787219646972,0,1e-05
14531,6.70393084392641,0,1e-05
14532,6.09707105355875,0,1e-05
14533,6.70314440155932,0,1e-05
14534,6.09627003878325,0,1e-05
14535,6.70235807498995,0,1e-05
14536,6.09546915179284,0,1e-05
14537,6.70157186422867,0,1e-05
14538,6.09466839339238,0,1e-05
14539,6.70078576949562,0,1e-05
14540,6.09386776253812,0,1e-05
14541,6.69999979000769,0,1e-05
14542,6.0930672595631,0,1e-05
14543,6.69921392604599,0,1e-05
14544,6.09226688406723,0,1e-05
14545,6.69842817728836,0,1e-05
14546,6.09146663592489,0,1e-05
14547,6.69764254378189,0,1e-05
14548,6.09066651534973,0,1e-05
14549,6.69685702559471,0,1e-05
14550,6.08986652250538,0,1e-05
14551,6.69607162277401,0,1e-05
14552,6.08906665711352,0,1e-05
14553,6.69528633507099,0,1e-05
14554,6.0882669187716,0,1e-05
14555,6.69450116223797,0,1e-05
14556,6.08746730763917,0,1e-05
14557,6.69371610431571,0,1e-05
14558,6.08666782380223,0,1e-05
14559,6.69293116128854,0,1e-05
14560,6.08586846680353,0,1e-05
14561,6.69214633284709,0,1e-05
14562,6.08506923688084,0,1e-05
14563,6.69136161951437,0,1e-05
14564,6.08427013363982,0,1e-05
14565,6.69057702040686,0,1e-05
14566,6.08347115710579,0,1e-05
14567,6.68979253593237,0,1e-05
14568,6.08267230718992,0,1e-05
14569,6.68900816560871,0,1e-05
14570,6.08187358402035,0,1e-05
14571,6.68822390992574,0,1e-05
14572,6.08107498717801,0,1e-05
14573,6.68743976858716,0,1e-05
14574,6.08027651697017,0,1e-05
14575,6.68665574131012,0,1e-05
14576,6.07947817306385,0,1e-05
14577,6.68587182832312,0,1e-05
14578,6.07867995553896,0,1e-05
14579,6.68508802941332,0,1e-05
14580,6.0778818638252,0,1e-05
14581,6.68430434409969,0,1e-05
14582,6.0770838981663,0,1e-05
14583,6.68352077267629,0,1e-05
14584,6.07628605835255,0,1e-05
14585,6.6827373148315,0,1e-05
14586,6.07548834448237,0,1e-05
14587,6.68195397101161,0,1e-05
14588,6.07469075631342,0,1e-05
14589,6.68117074064681,0,1e-05
14590,6.07389329414293,0,1e-05
14591,6.68038762397489,0,1e-05
14592,6.07309595748472,0,1e-05
14593,6.67960462071688,0,1e-05
14594,6.07229874652897,0,1e-05
14595,6.6788217308624,0,1e-05
14596,6.07150166099841,0,1e-05
14597,6.67803895447894,0,1e-05
14598,6.07070470059773,0,1e-05
14599,6.67725629114214,0,1e-05
14600,6.06990786576052,0,1e-05
14601,6.67647374089677,0,1e-05
14602,6.06911115604311,0,1e-05
14603,6.67569130384237,0,1e-05
14604,6.06831457130809,0,1e-05
14605,6.67490897930836,0,1e-05
14606,6.06751811140628,0,1e-05
14607,6.67412676785391,0,1e-05
14608,6.06672177649203,0,1e-05
14609,6.67334466900321,0,1e-05
14610,6.06592556617628,0,1e-05
14611,6.67256268272581,0,1e-05
14612,6.06512948074373,0,1e-05
14613,6.67178080927301,0,1e-05
14614,6.06433352001853,0,1e-05
14615,6.67099904828677,0,1e-05
14616,6.06353768362861,0,1e-05
14617,6.67021739977681,0,1e-05
14618,6.06274197182769,0,1e-05
14619,6.66943586362917,0,1e-05
14620,6.06194638423114,0,1e-05
14621,6.6686544395545,0,1e-05
14622,6.06115092111909,0,1e-05
14623,6.66787312767182,0,1e-05
14624,6.0603555820079,0,1e-05
14625,6.66709192801164,0,1e-05
14626,6.05956036700659,0,1e-05
14627,6.66631084024445,0,1e-05
14628,6.0587652760174,0,1e-05
14629,6.66552986454678,0,1e-05
14630,6.05797030928728,0,1e-05
14631,6.66474900091055,0,1e-05
14632,6.05717546634287,0,1e-05
14633,6.66396824893755,0,1e-05
14634,6.05638074722706,0,1e-05
14635,6.66318760880674,0,1e-05
14636,6.05558615180624,0,1e-05
14637,6.66240708035163,0,1e-05
14638,6.05479167996409,0,1e-05
14639,6.66162666328647,0,1e-05
14640,6.05399733171762,0,1e-05
14641,6.66084635797473,0,1e-05
14642,6.05320310681152,0,1e-05
14643,6.66006616389724,0,1e-05
14644,6.05240900563104,0,1e-05
14645,6.65928608133301,0,1e-05
14646,6.05161502756872,0,1e-05
14647,6.65850611002574,0,1e-05
14648,6.0508211728561,0,1e-05
14649,6.6577262499578,0,1e-05
14650,6.05002744133986,0,1e-05
14651,6.65694650108929,0,1e-05
14652,6.04923383283455,0,1e-05
14653,6.65616686312716,0,1e-05
14654,6.04844034701922,0,1e-05
14655,6.65538733602874,0,1e-05
14656,6.04764698435835,0,1e-05
14657,6.65460791976225,0,1e-05
14658,6.0468537440915,0,1e-05
14659,6.65382861409866,0,1e-05
14660,6.04606062677353,0,1e-05
14661,6.65304941935981,0,1e-05
14662,6.04526763185714,0,1e-05
14663,6.65227033514623,0,1e-05
14664,6.04447475961973,0,1e-05
14665,6.65149136125226,0,1e-05
14666,6.04368200956539,0,1e-05
14667,6.65071249774806,0,1e-05
14668,6.04288938182349,0,1e-05
14669,6.64993374476377,0,1e-05
14670,6.04209687641708,0,1e-05
14671,6.64915510179154,0,1e-05
14672,6.04130449299582,0,1e-05
14673,6.64837656924205,0,1e-05
14674,6.04051223180217,0,1e-05
14675,6.64759814658988,0,1e-05
14676,6.03972009225178,0,1e-05
14677,6.64681983359865,0,1e-05
14678,6.03892807449812,0,1e-05
14679,6.64604163066819,0,1e-05
14680,6.0381361787756,0,1e-05
14681,6.64526353789069,0,1e-05
14682,6.03734440452222,0,1e-05
14683,6.64448555439242,0,1e-05
14684,6.03655275161368,0,1e-05
14685,6.64370768044882,0,1e-05
14686,6.03576122041616,0,1e-05
14687,6.64292991627384,0,1e-05
14688,6.03496981078663,0,1e-05
14689,6.64215226166132,0,1e-05
14690,6.0341785223557,0,1e-05
14691,6.64137471636535,0,1e-05
14692,6.03338735546439,0,1e-05
14693,6.64059728078439,0,1e-05
14694,6.03259630955183,0,1e-05
14695,6.63981995416554,0,1e-05
14696,6.0318053846471,0,1e-05
14697,6.63904273668363,0,1e-05
14698,6.03101458067747,0,1e-05
14699,6.63826562820657,0,1e-05
14700,6.03022389742199,0,1e-05
14701,6.63748862841522,0,1e-05
14702,6.02943333500436,0,1e-05
14703,6.63671173771117,0,1e-05
14704,6.02864289345388,0,1e-05
14705,6.63593495611546,0,1e-05
14706,6.02785257266349,0,1e-05
14707,6.6351582830016,0,1e-05
14708,6.02706237205307,0,1e-05
14709,6.63438171849058,0,1e-05
14710,6.02627229201171,0,1e-05
14711,6.63360526262426,0,1e-05
14712,6.02548233237446,0,1e-05
14713,6.63282891519865,0,1e-05
14714,6.02469249312549,0,1e-05
14715,6.63205267663817,0,1e-05
14716,6.02390277414889,0,1e-05
14717,6.63127654612882,0,1e-05
14718,6.02311317530034,0,1e-05
14719,6.63050052411271,0,1e-05
14720,6.02232369656927,0,1e-05
14721,6.62972460999086,0,1e-05
14722,6.02153433762901,0,1e-05
14723,6.62894880420268,0,1e-05
14724,6.02074509867372,0,1e-05
14725,6.62817310637448,0,1e-05
14726,6.01995597928306,0,1e-05
14727,6.62739751617655,0,1e-05
14728,6.0191669795536,0,1e-05
14729,6.62662203404275,0,1e-05
14730,6.01837809962815,0,1e-05
14731,6.625846659697,0,1e-05
14732,6.01758933907387,0,1e-05
14733,6.62507139314537,0,1e-05
14734,6.01680069819618,0,1e-05
14735,6.62429623408415,0,1e-05
14736,6.01601217661115,0,1e-05
14737,6.62352118275697,0,1e-05
14738,6.01522377413854,0,1e-05
14739,6.6227462386553,0,1e-05
14740,6.01443549095798,0,1e-05
14741,6.62197140210473,0,1e-05
14742,6.01364732664719,0,1e-05
14743,6.62119667243622,0,1e-05
14744,6.01285928112815,0,1e-05
14745,6.62042205001976,0,1e-05
14746,6.01207135470062,0,1e-05
14747,6.61964753472987,0,1e-05
14748,6.01128354712914,0,1e-05
14749,6.61887312659831,0,1e-05
14750,6.01049585806942,0,1e-05
14751,6.61809882502237,0,1e-05
14752,6.0097082875139,0,1e-05
14753,6.61732463040659,0,1e-05
14754,6.00892083552573,0,1e-05
14755,6.61655054247205,0,1e-05
14756,6.00813350193101,0,1e-05
14757,6.6157765612288,0,1e-05
14758,6.00734628687086,0,1e-05
14759,6.61500268660372,0,1e-05
14760,6.00655918977869,0,1e-05
14761,6.61422891855473,0,1e-05
14762,6.00577221117908,0,1e-05
14763,6.61345525695895,0,1e-05
14764,6.00498535064743,0,1e-05
14765,6.61268170175853,0,1e-05
14766,6.00419860814394,0,1e-05
14767,6.61190825270617,0,1e-05
14768,6.0034119833423,0,1e-05
14769,6.61113490970639,0,1e-05
14770,6.00262547639222,0,1e-05
14771,6.61036167301391,0,1e-05
14772,6.0018390875233,0,1e-05
14773,6.60958854257096,0,1e-05
14774,6.00105281616553,0,1e-05
14775,6.6088155179222,0,1e-05
14776,6.00026666239344,0,1e-05
14777,6.6080425989349,0,1e-05
14778,5.99948062587069,0,1e-05
14779,6.60726978550107,0,1e-05
14780,5.99869470648225,0,1e-05
14781,6.60649707780072,0,1e-05
14782,5.99790890481474,0,1e-05
14783,6.605724475757,0,1e-05
14784,5.99712321993205,0,1e-05
14785,6.60495197896446,0,1e-05
14786,5.99633765237727,0,1e-05
14787,6.60417958802208,0,1e-05
14788,5.99555220196289,0,1e-05
14789,6.60340730226022,0,1e-05
14790,5.99476686822334,0,1e-05
14791,6.60263512152181,0,1e-05
14792,5.99398165119626,0,1e-05
14793,6.60186304592114,0,1e-05
14794,5.9931965508298,0,1e-05
14795,6.60109107529206,0,1e-05
14796,5.99241156740258,0,1e-05
14797,6.60031920987834,0,1e-05
14798,5.99162670035726,0,1e-05
14799,6.59954744913658,0,1e-05
14800,5.990841949677,0,1e-05
14801,6.59877579331838,0,1e-05
14802,5.99005731573358,0,1e-05
14803,6.59800424241356,0,1e-05
14804,5.98927279801363,0,1e-05
14805,6.5972327960409,0,1e-05
14806,5.98848839676309,0,1e-05
14807,6.59646145478257,0,1e-05
14808,5.98770411149085,0,1e-05
14809,6.59569021746047,0,1e-05
14810,5.98691994226066,0,1e-05
14811,6.59491908490014,0,1e-05
14812,5.98613588891559,0,1e-05
14813,6.5941480562268,0,1e-05
14814,5.98535195143363,0,1e-05
14815,6.59337713214143,0,1e-05
14816,5.98456812992411,0,1e-05
14817,6.59260631218409,0,1e-05
14818,5.98378442395673,0,1e-05
14819,6.59183559622755,0,1e-05
14820,5.9830008334684,0,1e-05
14821,6.59106498419491,0,1e-05
14822,5.98221735874165,0,1e-05
14823,6.59029447622734,0,1e-05
14824,5.98143399918867,0,1e-05
14825,6.58952407189925,0,1e-05
14826,5.980650754964,0,1e-05
14827,6.58875377136389,0,1e-05
14828,5.97986762609482,0,1e-05
14829,6.58798357456894,0,1e-05
14830,5.97908461247653,0,1e-05
14831,6.58721348125805,0,1e-05
14832,5.97830171372783,0,1e-05
14833,6.58644349132359,0,1e-05
14834,5.97751892992211,0,1e-05
14835,6.58567360479747,0,1e-05
14836,5.97673626080945,0,1e-05
14837,6.58490382156408,0,1e-05
14838,5.97595370669358,0,1e-05
14839,6.58413414148572,0,1e-05
14840,5.9751712672017,0,1e-05
14841,6.583364564619,0,1e-05
14842,5.97438894235848,0,1e-05
14843,6.58259509088314,0,1e-05
14844,5.97360673213278,0,1e-05
14845,6.58182572006331,0,1e-05
14846,5.97282463624342,0,1e-05
14847,6.58105645193268,0,1e-05
14848,5.9720426547204,0,1e-05
14849,6.58028728686038,0,1e-05
14850,5.97126078719988,0,1e-05
14851,6.5795182242528,0,1e-05
14852,5.97047903401466,0,1e-05
14853,6.57874926457011,0,1e-05
14854,5.96969739511621,0,1e-05
14855,6.57798040737456,0,1e-05
14856,5.96891587006979,0,1e-05
14857,6.5772116525561,0,1e-05
14858,5.96813445893678,0,1e-05
14859,6.57644300033285,0,1e-05
14860,5.96735316161012,0,1e-05
14861,6.57567445025363,0,1e-05
14862,5.96657197771768,0,1e-05
14863,6.57490600214945,0,1e-05
14864,5.96579090762668,0,1e-05
14865,6.57413765625117,0,1e-05
14866,5.96500995093658,0,1e-05
14867,6.57336941245232,0,1e-05
14868,5.96422910774334,0,1e-05
14869,6.57260127039658,0,1e-05
14870,5.96344837789925,0,1e-05
14871,6.57183323024627,0,1e-05
14872,5.96266776104218,0,1e-05
14873,6.57106529186532,0,1e-05
14874,5.96188725785194,0,1e-05
14875,6.57029745558204,0,1e-05
14876,5.96110686760095,0,1e-05
14877,6.56952972057762,0,1e-05
14878,5.9603265903232,0,1e-05
14879,6.56876208751349,0,1e-05
14880,5.95954642624908,0,1e-05
14881,6.56799455576808,0,1e-05
14882,5.95876637471638,0,1e-05
14883,6.56722712505026,0,1e-05
14884,5.95798643583797,0,1e-05
14885,6.56645979574852,0,1e-05
14886,5.9572066098618,0,1e-05
14887,6.56569256803841,0,1e-05
14888,5.95642689654165,0,1e-05
14889,6.56492544109985,0,1e-05
14890,5.95564729545044,0,1e-05
14891,6.56415841530201,0,1e-05
14892,5.95486780667132,0,1e-05
14893,6.56339149027079,0,1e-05
14894,5.95408843053037,0,1e-05
14895,6.56262466657242,0,1e-05
14896,5.95330916659128,0,1e-05
14897,6.56185794362298,0,1e-05
14898,5.95253001474606,0,1e-05
14899,6.56109132111822,0,1e-05
14900,5.95175097485192,0,1e-05
14901,6.56032479919881,0,1e-05
14902,5.95097204675237,0,1e-05
14903,6.55955837770257,0,1e-05
14904,5.95019323057441,0,1e-05
14905,6.55879205676346,0,1e-05
14906,5.94941452598353,0,1e-05
14907,6.55802583610726,0,1e-05
14908,5.94863593312522,0,1e-05
14909,6.55725971570066,0,1e-05
14910,5.94785745179994,0,1e-05
14911,6.55649369556187,0,1e-05
14912,5.94707908221747,0,1e-05
14913,6.55572777564509,0,1e-05
14914,5.94630082397989,0,1e-05
14915,6.55496195578047,0,1e-05
14916,5.94552267734324,0,1e-05
14917,6.55419623588397,0,1e-05
14918,5.9447446416933,0,1e-05
14919,6.55343061577861,0,1e-05
14920,5.94396671709417,0,1e-05
14921,6.55266509544647,0,1e-05
14922,5.94318890348991,0,1e-05
14923,6.5518996747368,0,1e-05
14924,5.94241120108081,0,1e-05
14925,6.55113435365909,0,1e-05
14926,5.94163360953198,0,1e-05
14927,6.55036913218155,0,1e-05
14928,5.94085612861597,0,1e-05
14929,6.54960400991824,0,1e-05
14930,5.94007875812048,0,1e-05
14931,6.54883898698449,0,1e-05
14932,5.93930149843917,0,1e-05
14933,6.54807406337162,0,1e-05
14934,5.9385243491973,0,1e-05
14935,6.5473092389712,0,1e-05
14936,5.93774731043789,0,1e-05
14937,6.54654451332584,0,1e-05
14938,5.93697038178893,0,1e-05
14939,6.54577988707702,0,1e-05
14940,5.93619356362492,0,1e-05
14941,6.54501535955923,0,1e-05
14942,5.93541685564616,0,1e-05
14943,6.54425093112761,0,1e-05
14944,5.93464025769173,0,1e-05
14945,6.54348660128754,0,1e-05
14946,5.93386376965013,0,1e-05
14947,6.54272237017138,0,1e-05
14948,5.93308739145809,0,1e-05
14949,6.54195823745069,0,1e-05
14950,5.9323111233249,0,1e-05
14951,6.54119420344265,0,1e-05
14952,5.93153496460464,0,1e-05
14953,6.54043026768599,0,1e-05
14954,5.93075891565194,0,1e-05
14955,6.53966643043488,0,1e-05
14956,5.92998297605174,0,1e-05
14957,6.53890269140645,0,1e-05
14958,5.9292071460446,0,1e-05
14959,6.53813905021617,0,1e-05
14960,5.92843142510028,0,1e-05
14961,6.53737550729299,0,1e-05
14962,5.92765581349907,0,1e-05
14963,6.53661206218435,0,1e-05
14964,5.9268803110268,0,1e-05
14965,6.53584871486043,0,1e-05
14966,5.92610491762194,0,1e-05
14967,6.53508546565875,0,1e-05
14968,5.92532963319243,0,1e-05
14969,6.53432231403756,0,1e-05
14970,5.92455445791761,0,1e-05
14971,6.53355926027033,0,1e-05
14972,5.92377939133927,0,1e-05
14973,6.53279630384485,0,1e-05
14974,5.92300443335235,0,1e-05
14975,6.53203344507833,0,1e-05
14976,5.92222958423687,0,1e-05
14977,6.53127068397281,0,1e-05
14978,5.92145484381559,0,1e-05
14979,6.53050801989212,0,1e-05
14980,5.92068021178271,0,1e-05
14981,6.52974545337176,0,1e-05
14982,5.91990568808524,0,1e-05
14983,6.52898298392521,0,1e-05
14984,5.91913127258577,0,1e-05
14985,6.52822061136296,0,1e-05
14986,5.91835696535717,0,1e-05
14987,6.527458335763,0,1e-05
14988,5.91758276615009,0,1e-05
14989,6.52669615713033,0,1e-05
14990,5.91680867481719,0,1e-05
14991,6.5259340750879,0,1e-05
14992,5.91603469151352,0,1e-05
14993,6.52517208990943,0,1e-05
14994,5.91526081603036,0,1e-05
14995,6.52441020128883,0,1e-05
14996,5.91448704825621,0,1e-05
14997,6.52364840942129,0,1e-05
14998,5.91371338813889,0,1e-05
14999,6.52288671386832,0,1e-05
15000,5.9129398356859,0,1e-05
15001,6.52212511473799,0,1e-05
15002,5.91216639067069,0,1e-05
15003,6.52136361191358,0,1e-05
15004,5.91139305285331,0,1e-05
15005,6.52060220512111,0,1e-05
15006,5.91061982256423,0,1e-05
15007,6.5198408947085,0,1e-05
15008,5.90984669914228,0,1e-05
15009,6.51907967998177,0,1e-05
15010,5.90907368263588,0,1e-05
15011,6.51831856117231,0,1e-05
15012,5.9083007733108,0,1e-05
15013,6.51755753823709,0,1e-05
15014,5.90752797095488,0,1e-05
15015,6.51679661119393,0,1e-05
15016,5.90675527525781,0,1e-05
15017,6.51603577975874,0,1e-05
15018,5.90598268659323,0,1e-05
15019,6.51527504394932,0,1e-05
15020,5.90521020432409,0,1e-05
15021,6.5145144037923,0,1e-05
15022,5.90443782902356,0,1e-05
15023,6.51375385920249,0,1e-05
15024,5.90366556016914,0,1e-05
15025,6.51299341002035,0,1e-05
15026,5.90289339756771,0,1e-05
15027,6.512233055823,0,1e-05
15028,5.90212134131205,0,1e-05
15029,6.51147279706227,0,1e-05
15030,5.90134939109197,0,1e-05
15031,6.51071263307666,0,1e-05
15032,5.90057754706607,0,1e-05
15033,6.50995256433251,0,1e-05
15034,5.89980580905236,0,1e-05
15035,6.50919259050633,0,1e-05
15036,5.89903417732828,0,1e-05
15037,6.50843271174555,0,1e-05
15038,5.8982626510885,0,1e-05
15039,6.50767292719968,0,1e-05
15040,5.89749123036003,0,1e-05
15041,6.50691323752679,0,1e-05
15042,5.89671991549872,0,1e-05
15043,6.50615364224254,0,1e-05
15044,5.89594870603099,0,1e-05
15045,6.50539414143499,0,1e-05
15046,5.89517760202414,0,1e-05
15047,6.50463473496043,0,1e-05
15048,5.89440660332395,0,1e-05
15049,6.50387542296272,0,1e-05
15050,5.89363571008145,0,1e-05
15051,6.50311620494557,0,1e-05
15052,5.89286492160892,0,1e-05
15053,6.50235708126742,0,1e-05
15054,5.89209423851595,0,1e-05
15055,6.50159805141844,0,1e-05
15056,5.89132366066552,0,1e-05
15057,6.500839116021,0,1e-05
15058,5.89055318760959,0,1e-05
15059,6.50008027431246,0,1e-05
15060,5.88978281954178,0,1e-05
15061,6.49932152645627,0,1e-05
15062,5.88901255606524,0,1e-05
15063,6.49856287205659,0,1e-05
15064,5.88824239715501,0,1e-05
15065,6.49780431153134,0,1e-05
15066,5.88747234303523,0,1e-05
15067,6.49704584455761,0,1e-05
15068,5.88670239335549,0,1e-05
15069,6.4962874710517,0,1e-05
15070,5.88593254813906,0,1e-05
15071,6.49552919098797,0,1e-05
15072,5.8851628072072,0,1e-05
15073,6.49477100413348,0,1e-05
15074,5.88439317035079,0,1e-05
15075,6.4940129105968,0,1e-05
15076,5.88362363769756,0,1e-05
15077,6.4932549101,0,1e-05
15078,5.88285420923446,0,1e-05
15079,6.49249700274965,0,1e-05
15080,5.88208488451824,0,1e-05
15081,6.49173918812395,0,1e-05
15082,5.88131566357433,0,1e-05
15083,6.49098146668569,0,1e-05
15084,5.88054654671597,0,1e-05
15085,6.49022383773282,0,1e-05
15086,5.87977753315339,0,1e-05
15087,6.48946630136821,0,1e-05
15088,5.87900862312541,0,1e-05
15089,6.48870885772617,0,1e-05
15090,5.87823981673927,0,1e-05
15091,6.48795150664716,0,1e-05
15092,5.87747111375309,0,1e-05
15093,6.48719424803141,0,1e-05
15094,5.87670251399418,0,1e-05
15095,6.48643708145848,0,1e-05
15096,5.87593401747165,0,1e-05
15097,6.4856800072868,0,1e-05
15098,5.87516562386827,0,1e-05
15099,6.4849230253467,0,1e-05
15100,5.87439733340219,0,1e-05
15101,6.48416613537836,0,1e-05
15102,5.87362914591256,0,1e-05
15103,6.48340933754435,0,1e-05
15104,5.87286106125929,0,1e-05
15105,6.48265263151771,0,1e-05
15106,5.87209307931443,0,1e-05
15107,6.48189601736038,0,1e-05
15108,5.87132520007576,0,1e-05
15109,6.48113949486249,0,1e-05
15110,5.8705574235168,0,1e-05
15111,6.48038306414854,0,1e-05
15112,5.86978974930458,0,1e-05
15113,6.47962672505456,0,1e-05
15114,5.86902217729844,0,1e-05
15115,6.47887047704681,0,1e-05
15116,5.86825470752771,0,1e-05
15117,6.47811432051727,0,1e-05
15118,5.8674873399835,0,1e-05
15119,6.4773582551708,0,1e-05
15120,5.86672007460649,0,1e-05
15121,6.47660228145658,0,1e-05
15122,5.86595291154189,0,1e-05
15123,6.4758463987689,0,1e-05
15124,5.865185850376,0,1e-05
15125,6.47509060723364,0,1e-05
15126,5.86441889083442,0,1e-05
15127,6.47433490656547,0,1e-05
15128,5.86365203350738,0,1e-05
15129,6.47357929684951,0,1e-05
15130,5.86288527729177,0,1e-05
15131,6.4728237774999,0,1e-05
15132,5.86211862298972,0,1e-05
15133,6.47206834942153,0,1e-05
15134,5.86135207005539,0,1e-05
15135,6.47131301182739,0,1e-05
15136,5.86058561880701,0,1e-05
15137,6.47055776509477,0,1e-05
15138,5.85981926868758,0,1e-05
15139,6.46980260833563,0,1e-05
15140,5.8590530196791,0,1e-05
15141,6.46904754195832,0,1e-05
15142,5.85828687164686,0,1e-05
15143,6.46829256590702,0,1e-05
15144,5.85752082474876,0,1e-05
15145,6.46753768000394,0,1e-05
15146,5.85675487885078,0,1e-05
15147,6.46678288406817,0,1e-05
15148,5.85598903365046,0,1e-05
15149,6.46602817845143,0,1e-05
15150,5.85522328944896,0,1e-05
15151,6.46527356259331,0,1e-05
15152,5.85445764563913,0,1e-05
15153,6.46451903645076,0,1e-05
15154,5.85369210252794,0,1e-05
15155,6.46376460023154,0,1e-05
15156,5.8529266602902,0,1e-05
15157,6.46301025414553,0,1e-05
15158,5.85216131854646,0,1e-05
15159,6.46225599769932,0,1e-05
15160,5.85139607709621,0,1e-05
15161,6.46150183064404,0,1e-05
15162,5.8506309357528,0,1e-05
15163,6.46074775301288,0,1e-05
15164,5.84986589456307,0,1e-05
15165,6.4599937645438,0,1e-05
15166,5.84910095346776,0,1e-05
15167,6.45923986560484,0,1e-05
15168,5.84833611233344,0,1e-05
15169,6.45848605547969,0,1e-05
15170,5.84757137097178,0,1e-05
15171,6.45773233465647,0,1e-05
15172,5.84680672923482,0,1e-05
15173,6.45697870264402,0,1e-05
15174,5.84604218771396,0,1e-05
15175,6.45622516020667,0,1e-05
15176,5.84527774559036,0,1e-05
15177,6.45547170614292,0,1e-05
15178,5.84451340304017,0,1e-05
15179,6.45471834088427,0,1e-05
15180,5.84374915977029,0,1e-05
15181,6.45396506424506,0,1e-05
15182,5.84298501582414,0,1e-05
15183,6.45321187622919,0,1e-05
15184,5.84222097106038,0,1e-05
15185,6.45245877643282,0,1e-05
15186,5.84145702541516,0,1e-05
15187,6.45170576530458,0,1e-05
15188,5.84069317901828,0,1e-05
15189,6.45095284250562,0,1e-05
15190,5.83992943120551,0,1e-05
15191,6.45020000745817,0,1e-05
15192,5.8391657820572,0,1e-05
15193,6.44944726053083,0,1e-05
15194,5.83840223159671,0,1e-05
15195,6.44869460145173,0,1e-05
15196,5.83763877999539,0,1e-05
15197,6.44794203069746,0,1e-05
15198,5.83687542732858,0,1e-05
15199,6.44718954801088,0,1e-05
15200,5.83611217286925,0,1e-05
15201,6.44643715279509,0,1e-05
15202,5.83534901675,0,1e-05
15203,6.44568484520742,0,1e-05
15204,5.83458595903821,0,1e-05
15205,6.44493262529962,0,1e-05
15206,5.8338229994293,0,1e-05
15207,6.44418049280842,0,1e-05
15208,5.83306013776644,0,1e-05
15209,6.44342844770043,0,1e-05
15210,5.83229737433139,0,1e-05
15211,6.44267649001807,0,1e-05
15212,5.83153470879642,0,1e-05
15213,6.44192461961798,0,1e-05
15214,5.83077214099932,0,1e-05
15215,6.44117283626376,0,1e-05
15216,5.83000967101829,0,1e-05
15217,6.44042114002704,0,1e-05
15218,5.82924729855625,0,1e-05
15219,6.43966953050303,0,1e-05
15220,5.82848502387081,0,1e-05
15221,6.4389180084599,0,1e-05
15222,5.82772284653672,0,1e-05
15223,6.43816657289617,0,1e-05
15224,5.82696076686694,0,1e-05
15225,6.43741522431199,0,1e-05
15226,5.82619878444527,0,1e-05
15227,6.43666396226518,0,1e-05
15228,5.82543689904098,0,1e-05
15229,6.43591278680837,0,1e-05
15230,5.82467511104282,0,1e-05
15231,6.43516169782929,0,1e-05
15232,5.82391341987568,0,1e-05
15233,6.4344106952525,0,1e-05
15234,5.82315182570628,0,1e-05
15235,6.43365977895049,0,1e-05
15236,5.82239032867599,0,1e-05
15237,6.43290894904173,0,1e-05
15238,5.82162892854088,0,1e-05
15239,6.43215820549611,0,1e-05
15240,5.820867624916,0,1e-05
15241,6.43140754794781,0,1e-05
15242,5.82010641785404,0,1e-05
15243,6.43065697625595,0,1e-05
15244,5.81934530723244,0,1e-05
15245,6.42990649040609,0,1e-05
15246,5.81858429319161,0,1e-05
15247,6.42915609062189,0,1e-05
15248,5.81782337573602,0,1e-05
15249,6.42840577684727,0,1e-05
15250,5.81706255447265,0,1e-05
15251,6.42765554831399,0,1e-05
15252,5.81630182905571,0,1e-05
15253,6.42690540543032,0,1e-05
15254,5.81554119991115,0,1e-05
15255,6.42615534762101,0,1e-05
15256,5.81478066634832,0,1e-05
15257,6.42540537545948,0,1e-05
15258,5.81402022879413,0,1e-05
15259,6.42465548840559,0,1e-05
15260,5.81325988684701,0,1e-05
15261,6.42390568637336,0,1e-05
15262,5.8124996404908,0,1e-05
15263,6.42315596957315,0,1e-05
15264,5.81173948968207,0,1e-05
15265,6.42240633748033,0,1e-05
15266,5.8109794343773,0,1e-05
15267,6.42165679060622,0,1e-05
15268,5.81021947469267,0,1e-05
15269,6.42090732856753,0,1e-05
15270,5.8094596103009,0,1e-05
15271,6.42015795151115,0,1e-05
15272,5.80869984109765,0,1e-05
15273,6.41940865874161,0,1e-05
15274,5.80794016695864,0,1e-05
15275,6.41865945066384,0,1e-05
15276,5.80718058777057,0,1e-05
15277,6.41791032727703,0,1e-05
15278,5.80642110376372,0,1e-05
15279,6.41716128826615,0,1e-05
15280,5.80566171455657,0,1e-05
15281,6.41641233346615,0,1e-05
15282,5.80490242012523,0,1e-05
15283,6.41566346285581,0,1e-05
15284,5.80414322004905,0,1e-05
15285,6.41491467635429,0,1e-05
15286,5.80338411478863,0,1e-05
15287,6.41416597388946,0,1e-05
15288,5.80262510392855,0,1e-05
15289,6.41341735557012,0,1e-05
15290,5.80186618753932,0,1e-05
15291,6.4126688209125,0,1e-05
15292,5.8011073653975,0,1e-05
15293,6.41192037003871,0,1e-05
15294,5.80034863743408,0,1e-05
15295,6.41117200301642,0,1e-05
15296,5.7995900036778,0,1e-05
15297,6.41042371947969,0,1e-05
15298,5.79883146376372,0,1e-05
15299,6.40967551964302,0,1e-05
15300,5.79807301785089,0,1e-05
15301,6.40892740312516,0,1e-05
15302,5.79731466593669,0,1e-05
15303,6.40817936989176,0,1e-05
15304,5.79655640762521,0,1e-05
15305,6.40743142008133,0,1e-05
15306,5.79579824290892,0,1e-05
15307,6.406683553492,0,1e-05
15308,5.79504017172535,0,1e-05
15309,6.40593576965865,0,1e-05
15310,5.79428219405537,0,1e-05
15311,6.40518806900124,0,1e-05
15312,5.79352430974593,0,1e-05
15313,6.40444045115133,0,1e-05
15314,5.79276651857249,0,1e-05
15315,6.40369291610445,0,1e-05
15316,5.79200882082644,0,1e-05
15317,6.40294546394516,0,1e-05
15318,5.79125121599277,0,1e-05
15319,6.40219809429159,0,1e-05
15320,5.79049370413725,0,1e-05
15321,6.4014508073109,0,1e-05
15322,5.78973628537521,0,1e-05
15323,6.40070360264789,0,1e-05
15324,5.78897895921488,0,1e-05
15325,6.39995648040498,0,1e-05
15326,5.78822172575118,0,1e-05
15327,6.3992094403612,0,1e-05
15328,5.78746458482165,0,1e-05
15329,6.39846248257454,0,1e-05
15330,5.78670753660953,0,1e-05
15331,6.39771560696408,0,1e-05
15332,5.7859505808019,0,1e-05
15333,6.39696881346432,0,1e-05
15334,5.78519371753915,0,1e-05
15335,6.39622210192959,0,1e-05
15336,5.7844369463868,0,1e-05
15337,6.39547547189253,0,1e-05
15338,5.78368026730681,0,1e-05
15339,6.39472892400332,0,1e-05
15340,5.78292368046634,0,1e-05
15341,6.39398245757504,0,1e-05
15342,5.7821671855576,0,1e-05
15343,6.39323607309254,0,1e-05
15344,5.78141078291272,0,1e-05
15345,6.39248977013559,0,1e-05
15346,5.78065447192616,0,1e-05
15347,6.39174354834847,0,1e-05
15348,5.77989825253482,0,1e-05
15349,6.39099740811917,0,1e-05
15350,5.77914212500448,0,1e-05
15351,6.39025134921622,0,1e-05
15352,5.77838608901774,0,1e-05
15353,6.38950537154225,0,1e-05
15354,5.77763014460288,0,1e-05
15355,6.38875947492592,0,1e-05
15356,5.77687429130067,0,1e-05
15357,6.38801365916308,0,1e-05
15358,5.77611852928211,0,1e-05
15359,6.38726792432082,0,1e-05
15360,5.7753628583454,0,1e-05
15361,6.38652227010077,0,1e-05
15362,5.77460727860265,0,1e-05
15363,6.38577669679852,0,1e-05
15364,5.77385178977119,0,1e-05
15365,6.38503120416759,0,1e-05
15366,5.7730963919964,0,1e-05
15367,6.38428579206566,0,1e-05
15368,5.77234108509814,0,1e-05
15369,6.38354046064056,0,1e-05
15370,5.77158586875133,0,1e-05
15371,6.38279520938477,0,1e-05
15372,5.770830743174,0,1e-05
15373,6.38205003855127,0,1e-05
15374,5.77007570833212,0,1e-05
15375,6.38130494798473,0,1e-05
15376,5.76932076381865,0,1e-05
15377,6.38055993787739,0,1e-05
15378,5.76856590966528,0,1e-05
15379,6.37981500734987,0,1e-05
15380,5.76781114571305,0,1e-05
15381,6.37907015670829,0,1e-05
15382,5.76705647206261,0,1e-05
15383,6.37832538630471,0,1e-05
15384,5.76630188865448,0,1e-05
15385,6.37758069574387,0,1e-05
15386,5.76554739506877,0,1e-05
15387,6.37683608472223,0,1e-05
15388,5.76479299137933,0,1e-05
15389,6.37609155329344,0,1e-05
15390,5.76403867741131,0,1e-05
15391,6.37534710148421,0,1e-05
15392,5.76328445335638,0,1e-05
15393,6.37460272876871,0,1e-05
15394,5.76253031878846,0,1e-05
15395,6.37385843576803,0,1e-05
15396,5.76177627371645,0,1e-05
15397,6.37311422165067,0,1e-05
15398,5.76102231819269,0,1e-05
15399,6.37237008712965,0,1e-05
15400,5.76026845192771,0,1e-05
15401,6.37162603135541,0,1e-05
15402,5.75951467478938,0,1e-05
15403,6.37088205453277,0,1e-05
15404,5.75876098690164,0,1e-05
15405,6.37013815683913,0,1e-05
15406,5.75800738841188,0,1e-05
15407,6.36939433794627,0,1e-05
15408,5.75725387853529,0,1e-05
15409,6.36865059759074,0,1e-05
15410,5.75650045752924,0,1e-05
15411,6.3679069360254,0,1e-05
15412,5.75574712559251,0,1e-05
15413,6.3671633530256,0,1e-05
15414,5.75499388214058,0,1e-05
15415,6.36641984838179,0,1e-05
15416,5.75424072733545,0,1e-05
15417,6.36567642217781,0,1e-05
15418,5.75348766105481,0,1e-05
15419,6.36493307412899,0,1e-05
15420,5.75273468333166,0,1e-05
15421,6.36418980456785,0,1e-05
15422,5.75198179386786,0,1e-05
15423,6.36344661296035,0,1e-05
15424,5.7512289924344,0,1e-05
15425,6.36270349919579,0,1e-05
15426,5.75047627939094,0,1e-05
15427,6.36196046349856,0,1e-05
15428,5.74972365433085,0,1e-05
15429,6.3612175058196,0,1e-05
15430,5.7489711173389,0,1e-05
15431,6.36047462576596,0,1e-05
15432,5.74821866814573,0,1e-05
15433,6.35973182355285,0,1e-05
15434,5.74746630689361,0,1e-05
15435,6.35898909890714,0,1e-05
15436,5.74671403318417,0,1e-05
15437,6.35824645148959,0,1e-05
15438,5.74596184695679,0,1e-05
15439,6.35750388157288,0,1e-05
15440,5.74520974838177,0,1e-05
15441,6.35676138927088,0,1e-05
15442,5.7444577371642,0,1e-05
15443,6.35601897381369,0,1e-05
15444,5.74370581316211,0,1e-05
15445,6.3552766355778,0,1e-05
15446,5.74295397643949,0,1e-05
15447,6.35453437447055,0,1e-05
15448,5.74220222692679,0,1e-05
15449,6.3537921903537,0,1e-05
15450,5.74145056427034,0,1e-05
15451,6.35305008287172,0,1e-05
15452,5.74069898844049,0,1e-05
15453,6.35230805199884,0,1e-05
15454,5.7399474993274,0,1e-05
15455,6.35156609774886,0,1e-05
15456,5.73919609721027,0,1e-05
15457,6.35082422047146,0,1e-05
15458,5.7384447817212,0,1e-05
15459,6.35008241966901,0,1e-05
15460,5.73769355289977,0,1e-05
15461,6.34934069532126,0,1e-05
15462,5.73694241052944,0,1e-05
15463,6.34859904719085,0,1e-05
15464,5.73619135443948,0,1e-05
15465,6.34785747546509,0,1e-05
15466,5.7354403848512,0,1e-05
15467,6.34711597992335,0,1e-05
15468,5.73468950141729,0,1e-05
15469,6.34637456039363,0,1e-05
15470,5.73393870423981,0,1e-05
15471,6.34563321701403,0,1e-05
15472,5.73318799323498,0,1e-05
15473,6.34489194984364,0,1e-05
15474,5.73243736813826,0,1e-05
15475,6.34415075837251,0,1e-05
15476,5.73168682878018,0,1e-05
15477,6.34340964229342,0,1e-05
15478,5.73093637518595,0,1e-05
15479,6.34266860223626,0,1e-05
15480,5.73018600732282,0,1e-05
15481,6.34192763771893,0,1e-05
15482,5.72943572502303,0,1e-05
15483,6.34118674842337,0,1e-05
15484,5.72868552808006,0,1e-05
15485,6.34044593461632,0,1e-05
15486,5.72793541679273,0,1e-05
15487,6.33970519628721,0,1e-05
15488,5.72718539082035,0,1e-05
15489,6.33896453334836,0,1e-05
15490,5.72643545001005,0,1e-05
15491,6.33822394549287,0,1e-05
15492,5.72568559439621,0,1e-05
15493,6.33748343254126,0,1e-05
15494,5.72493582377576,0,1e-05
15495,6.33674299464885,0,1e-05
15496,5.72418613814028,0,1e-05
15497,6.33600263185073,0,1e-05
15498,5.72343653760856,0,1e-05
15499,6.33526234386773,0,1e-05
15500,5.72268702175402,0,1e-05
15501,6.33452213051185,0,1e-05
15502,5.72193759045967,0,1e-05
15503,6.33378199157828,0,1e-05
15504,5.72118824361003,0,1e-05
15505,6.33304192708019,0,1e-05
15506,5.72043898108771,0,1e-05
15507,6.33230193688436,0,1e-05
15508,5.71968980279618,0,1e-05
15509,6.33156202101649,0,1e-05
15510,5.71894070900623,0,1e-05
15511,6.33082217946126,0,1e-05
15512,5.71819169931143,0,1e-05
15513,6.33008241210194,0,1e-05
15514,5.71744277387151,0,1e-05
15515,6.32934271884622,0,1e-05
15516,5.71669393229703,0,1e-05
15517,6.32860309959637,0,1e-05
15518,5.71594517465173,0,1e-05
15519,6.32786355407053,0,1e-05
15520,5.71519650100577,0,1e-05
15521,6.32712408277113,0,1e-05
15522,5.71444791107694,0,1e-05
15523,6.3263846850299,0,1e-05
15524,5.71369940495692,0,1e-05
15525,6.32564536110816,0,1e-05
15526,5.71295098228253,0,1e-05
15527,6.32490611027045,0,1e-05
15528,5.71220264285656,0,1e-05
15529,6.32416693308428,0,1e-05
15530,5.71145438662525,0,1e-05
15531,6.32342782908242,0,1e-05
15532,5.71070621404715,0,1e-05
15533,6.32268879860916,0,1e-05
15534,5.70995812456594,0,1e-05
15535,6.32194984136895,0,1e-05
15536,5.70921011818409,0,1e-05
15537,6.32121095717287,0,1e-05
15538,5.70846219456928,0,1e-05
15539,6.32047214590642,0,1e-05
15540,5.70771435405383,0,1e-05
15541,6.31973340749695,0,1e-05
15542,5.70696659634929,0,1e-05
15543,6.31899474198845,0,1e-05
15544,5.70621892113295,0,1e-05
15545,6.31825614922926,0,1e-05
15546,5.70547132854224,0,1e-05
15547,6.31751762900678,0,1e-05
15548,5.70472381858631,0,1e-05
15549,6.31677918150957,0,1e-05
15550,5.70397639139367,0,1e-05
15551,6.31604080685103,0,1e-05
15552,5.7032290465334,0,1e-05
15553,6.31530250445625,0,1e-05
15554,5.70248178396459,0,1e-05
15555,6.31456427427171,0,1e-05
15556,5.70173460328878,0,1e-05
15557,6.31382611625167,0,1e-05
15558,5.70098750488338,0,1e-05
15559,6.31308803057425,0,1e-05
15560,5.70024048831623,0,1e-05
15561,6.3123500166339,0,1e-05
15562,5.699493553526,0,1e-05
15563,6.31161207460199,0,1e-05
15564,5.69874670042852,0,1e-05
15565,6.31087420426076,0,1e-05
15566,5.69799992926507,0,1e-05
15567,6.31013640619275,0,1e-05
15568,5.69725323966162,0,1e-05
15569,6.30939867944825,0,1e-05
15570,5.69650663111627,0,1e-05
15571,6.3086610240853,0,1e-05
15572,5.69576010436538,0,1e-05
15573,6.30792344068675,0,1e-05
15574,5.69501365877955,0,1e-05
15575,6.30718592851759,0,1e-05
15576,5.69426729457698,0,1e-05
15577,6.30644848764568,0,1e-05
15578,5.69352101160845,0,1e-05
15579,6.3057111182072,0,1e-05
15580,5.69277480968256,0,1e-05
15581,6.30497382003142,0,1e-05
15582,5.69202868867537,0,1e-05
15583,6.30423659280301,0,1e-05
15584,5.69128264882561,0,1e-05
15585,6.30349943688562,0,1e-05
15586,5.69053668939542,0,1e-05
15587,6.30276235122357,0,1e-05
15588,5.6897908108582,0,1e-05
15589,6.30202533686335,0,1e-05
15590,5.68904501293806,0,1e-05
15591,6.30128839327718,0,1e-05
15592,5.68829929548422,0,1e-05
15593,6.30055152005986,0,1e-05
15594,5.68755365836416,0,1e-05
15595,6.29981471752827,0,1e-05
15596,5.68680810164779,0,1e-05
15597,6.2990779852809,0,1e-05
15598,5.686062624878,0,1e-05
15599,6.29834132345814,0,1e-05
15600,5.68531722844457,0,1e-05
15601,6.29760473193825,0,1e-05
15602,5.6845719120847,0,1e-05
15603,6.29686821061352,0,1e-05
15604,5.68382667562612,0,1e-05
15605,6.2961317593773,0,1e-05
15606,5.68308151899687,0,1e-05
15607,6.29539537815655,0,1e-05
15608,5.6823364422467,0,1e-05
15609,6.29465906696725,0,1e-05
15610,5.68159144515278,0,1e-05
15611,6.29392282569246,0,1e-05
15612,5.68084652782846,0,1e-05
15613,6.29318665420456,0,1e-05
15614,5.6801016898654,0,1e-05
15615,6.29245055244421,0,1e-05
15616,5.67935693135847,0,1e-05
15617,6.29171452025068,0,1e-05
15618,5.67861225236165,0,1e-05
15619,6.29097855765903,0,1e-05
15620,5.67786765240552,0,1e-05
15621,6.29024266441234,0,1e-05
15622,5.67712313180069,0,1e-05
15623,6.28950684062124,0,1e-05
15624,5.67637869015266,0,1e-05
15625,6.28877108587798,0,1e-05
15626,5.67563432728937,0,1e-05
15627,6.2880354002502,0,1e-05
15628,5.67489004325273,0,1e-05
15629,6.2872997837267,0,1e-05
15630,5.67414583799883,0,1e-05
15631,6.28656423607063,0,1e-05
15632,5.67340171156565,0,1e-05
15633,6.28582875750854,0,1e-05
15634,5.67265766374007,0,1e-05
15635,6.28509334773038,0,1e-05
15636,5.67191369433185,0,1e-05
15637,6.28435800674184,0,1e-05
15638,5.67116980342937,0,1e-05
15639,6.28362273424711,0,1e-05
15640,5.67042599089818,0,1e-05
15641,6.28288753043083,0,1e-05
15642,5.66968225634033,0,1e-05
15643,6.28215239507939,0,1e-05
15644,5.66893860019864,0,1e-05
15645,6.28141732795229,0,1e-05
15646,5.6681950218495,0,1e-05
15647,6.28068232898082,0,1e-05
15648,5.66745152123951,0,1e-05
15649,6.27994739785789,0,1e-05
15650,5.66670809834476,0,1e-05
15651,6.27921253502485,0,1e-05
15652,5.66596475359282,0,1e-05
15653,6.27847774051887,0,1e-05
15654,5.66522148629978,0,1e-05
15655,6.27774301373022,0,1e-05
15656,5.6644782967923,0,1e-05
15657,6.27700835492892,0,1e-05
15658,5.66373518479384,0,1e-05
15659,6.27627376389164,0,1e-05
15660,5.66299215035256,0,1e-05
15661,6.27553924060652,0,1e-05
15662,5.66224919306239,0,1e-05
15663,6.27480478481536,0,1e-05
15664,5.66150631292775,0,1e-05
15665,6.27407039627894,0,1e-05
15666,5.66076350983567,0,1e-05
15667,6.2733360754623,0,1e-05
15668,5.66002078376505,0,1e-05
15669,6.27260182163886,0,1e-05
15670,5.65927813445417,0,1e-05
15671,6.27186763492719,0,1e-05
15672,5.65853556211823,0,1e-05
15673,6.27113351555853,0,1e-05
15674,5.65779306665911,0,1e-05
15675,6.27039946337403,0,1e-05
15676,5.65705064767009,0,1e-05
15677,6.26966547795713,0,1e-05
15678,5.65630830543261,0,1e-05
15679,6.26893155936687,0,1e-05
15680,5.65556603941765,0,1e-05
15681,6.26819770741431,0,1e-05
15682,5.65482384960077,0,1e-05
15683,6.26746392205577,0,1e-05
15684,5.65408173599628,0,1e-05
15685,6.26673020333042,0,1e-05
15686,5.65333969875575,0,1e-05
15687,6.26599655122141,0,1e-05
15688,5.65259773777848,0,1e-05
15689,6.2652629656603,0,1e-05
15690,5.65185585278516,0,1e-05
15691,6.26452944634321,0,1e-05
15692,5.65111404346379,0,1e-05
15693,6.26379599289885,0,1e-05
15694,5.65037230991526,0,1e-05
15695,6.26306260576943,0,1e-05
15696,5.64963065217182,0,1e-05
15697,6.26232928474363,0,1e-05
15698,5.64888907011347,0,1e-05
15699,6.2615960299879,0,1e-05
15700,5.64814756360488,0,1e-05
15701,6.26086284071776,0,1e-05
15702,5.6474061325219,0,1e-05
15703,6.26012971746777,0,1e-05
15704,5.6466647766919,0,1e-05
15705,6.25939665970871,0,1e-05
15706,5.64592349602566,0,1e-05
15707,6.25866366760857,0,1e-05
15708,5.64518229086223,0,1e-05
15709,6.25793074134559,0,1e-05
15710,5.64444116076498,0,1e-05
15711,6.25719788044347,0,1e-05
15712,5.64370010562109,0,1e-05
15713,6.25646508479233,0,1e-05
15714,5.64295912546615,0,1e-05
15715,6.25573235459615,0,1e-05
15716,5.6422182201285,0,1e-05
15717,6.25499968950276,0,1e-05
15718,5.641477389291,0,1e-05
15719,6.25426708956846,0,1e-05
15720,5.64073663344397,0,1e-05
15721,6.2535345545654,0,1e-05
15722,5.63999595174663,0,1e-05
15723,6.25280208447421,0,1e-05
15724,5.63925534439963,0,1e-05
15725,6.2520696790019,0,1e-05
15726,5.63851481161174,0,1e-05
15727,6.25133733828956,0,1e-05
15728,5.63777435277473,0,1e-05
15729,6.25060506224456,0,1e-05
15730,5.63703396846143,0,1e-05
15731,6.24987285099044,0,1e-05
15732,5.63629365819446,0,1e-05
15733,6.24914070424807,0,1e-05
15734,5.63555342187736,0,1e-05
15735,6.24840862169466,0,1e-05
15736,5.63481325939988,0,1e-05
15737,6.2476766035831,0,1e-05
15738,5.63407317080245,0,1e-05
15739,6.24694464959789,0,1e-05
15740,5.63333315567595,0,1e-05
15741,6.24621275981433,0,1e-05
15742,5.63259321444665,0,1e-05
15743,6.24548093396049,0,1e-05
15744,5.63185334650659,0,1e-05
15745,6.24474917205559,0,1e-05
15746,5.63111355206536,0,1e-05
15747,6.2440174742232,0,1e-05
15748,5.63037383101408,0,1e-05
15749,6.2432858399406,0,1e-05
15750,5.62963418325059,0,1e-05
15751,6.24255426948457,0,1e-05
15752,5.62889460854923,0,1e-05
15753,6.24182276245298,0,1e-05
15754,5.62815510681135,0,1e-05
15755,6.24109131883572,0,1e-05
15756,5.62741567786856,0,1e-05
15757,6.24035993845546,0,1e-05
15758,5.62667632181933,0,1e-05
15759,6.23962862163056,0,1e-05
15760,5.62593703844676,0,1e-05
15761,6.23889736775999,0,1e-05
15762,5.62519782805883,0,1e-05
15763,6.23816617753113,0,1e-05
15764,5.62445869012327,0,1e-05
15765,6.23743504993263,0,1e-05
15766,5.62371962465209,0,1e-05
15767,6.23670398559873,0,1e-05
15768,5.62298063168781,0,1e-05
15769,6.23597298393519,0,1e-05
15770,5.62224171080752,0,1e-05
15771,6.23524204495909,0,1e-05
15772,5.62150286202645,0,1e-05
15773,6.23451116861289,0,1e-05
15774,5.62076408559484,0,1e-05
15775,6.23378035509387,0,1e-05
15776,5.62002538107591,0,1e-05
15777,6.23304960397665,0,1e-05
15778,5.61928674846299,0,1e-05
15779,6.23231891529219,0,1e-05
15780,5.61854818754074,0,1e-05
15781,6.23158828856843,0,1e-05
15782,5.61780969826657,0,1e-05
15783,6.23085772442593,0,1e-05
15784,5.61707128099194,0,1e-05
15785,6.2301272224656,0,1e-05
15786,5.61633293526562,0,1e-05
15787,6.22939678261875,0,1e-05
15788,5.6155946609342,0,1e-05
15789,6.2286664047712,0,1e-05
15790,5.61485645787188,0,1e-05
15791,6.22793608867224,0,1e-05
15792,5.61411832629953,0,1e-05
15793,6.22720583445003,0,1e-05
15794,5.61338026577595,0,1e-05
15795,6.22647564213005,0,1e-05
15796,5.61264227670553,0,1e-05
15797,6.22574551138624,0,1e-05
15798,5.61190435827802,0,1e-05
15799,6.22501544190485,0,1e-05
15800,5.61116651087701,0,1e-05
15801,6.22428543423927,0,1e-05
15802,5.61042873448852,0,1e-05
15803,6.22355548799401,0,1e-05
15804,5.60969102873795,0,1e-05
15805,6.22282560290183,0,1e-05
15806,5.60895339367614,0,1e-05
15807,6.22209577904536,0,1e-05
15808,5.60821582917749,0,1e-05
15809,6.22136601632053,0,1e-05
15810,5.6074783350087,0,1e-05
15811,6.22063631442645,0,1e-05
15812,5.60674091138376,0,1e-05
15813,6.2199066735624,0,1e-05
15814,5.60600355777931,0,1e-05
15815,6.21917709332047,0,1e-05
15816,5.60526627438938,0,1e-05
15817,6.21844757408583,0,1e-05
15818,5.60452906127842,0,1e-05
15819,6.21771811547974,0,1e-05
15820,5.6037919181324,0,1e-05
15821,6.216988717472,0,1e-05
15822,5.60305484507592,0,1e-05
15823,6.21625938003709,0,1e-05
15824,5.60231784167407,0,1e-05
15825,6.21553010302048,0,1e-05
15826,5.60158090797725,0,1e-05
15827,6.21480088622478,0,1e-05
15828,5.60084404401531,0,1e-05
15829,6.21407172968035,0,1e-05
15830,5.60010724956418,0,1e-05
15831,6.21334263325417,0,1e-05
15832,5.59937052446101,0,1e-05
15833,6.21261359677953,0,1e-05
15834,5.59863386886215,0,1e-05
15835,6.21188462047061,0,1e-05
15836,5.59789728257121,0,1e-05
15837,6.21115570389692,0,1e-05
15838,5.5971607652652,0,1e-05
15839,6.2104268472025,0,1e-05
15840,5.59642431733927,0,1e-05
15841,6.20969805022729,0,1e-05
15842,5.59568793816613,0,1e-05
15843,6.20896931266521,0,1e-05
15844,5.59495162787513,0,1e-05
15845,6.2082406347758,0,1e-05
15846,5.59421538644462,0,1e-05
15847,6.2075120161011,0,1e-05
15848,5.59347921352172,0,1e-05
15849,6.2067834568084,0,1e-05
15850,5.59274310935286,0,1e-05
15851,6.20605495677332,0,1e-05
15852,5.59200707356047,0,1e-05
15853,6.20532651565455,0,1e-05
15854,5.59127110634942,0,1e-05
15855,6.20459813382241,0,1e-05
15856,5.5905352073816,0,1e-05
15857,6.20386981113436,0,1e-05
15858,5.58979937667083,0,1e-05
15859,6.20314154703232,0,1e-05
15860,5.5890636143671,0,1e-05
15861,6.20241334205932,0,1e-05
15862,5.58832791986069,0,1e-05
15863,6.20168519563134,0,1e-05
15864,5.58759229338781,0,1e-05
15865,6.2009571077635,0,1e-05
15866,5.58685673481957,0,1e-05
15867,6.20022907835603,0,1e-05
15868,5.58612124391701,0,1e-05
15869,6.199501107521,0,1e-05
15870,5.58538582074758,0,1e-05
15871,6.19877319498869,0,1e-05
15872,5.58465046525459,0,1e-05
15873,6.1980453407967,0,1e-05
15874,5.58391517720498,0,1e-05
15875,6.19731754478779,0,1e-05
15876,5.58317995672476,0,1e-05
15877,6.19658980688058,0,1e-05
15878,5.58244480361225,0,1e-05
15879,6.19586212701402,0,1e-05
15880,5.58170971756103,0,1e-05
15881,6.19513450501475,0,1e-05
15882,5.58097469878671,0,1e-05
15883,6.19440694088431,0,1e-05
15884,5.58023974710556,0,1e-05
15885,6.19367943441693,0,1e-05
15886,5.57950486225596,0,1e-05
15887,6.19295198572491,0,1e-05
15888,5.57877004420443,0,1e-05
15889,6.19222459446133,0,1e-05
15890,5.57803529308081,0,1e-05
15891,6.19149726066661,0,1e-05
15892,5.57730060854766,0,1e-05
15893,6.19076998431734,0,1e-05
15894,5.57656599082323,0,1e-05
15895,6.19004276547367,0,1e-05
15896,5.57583143951013,0,1e-05
15897,6.18931560379503,0,1e-05
15898,5.57509695461745,0,1e-05
15899,6.18858849926503,0,1e-05
15900,5.57436253595428,0,1e-05
15901,6.18786145142626,0,1e-05
15902,5.57362818357055,0,1e-05
15903,6.18713446084559,0,1e-05
15904,5.57289389742246,0,1e-05
15905,6.18640752709333,0,1e-05
15906,5.57215967731031,0,1e-05
15907,6.18568065008627,0,1e-05
15908,5.57142552314354,0,1e-05
15909,6.18495382984092,0,1e-05
15910,5.57069143461944,0,1e-05
15911,6.18422706598141,0,1e-05
15912,5.56995741178732,0,1e-05
15913,6.1835003585968,0,1e-05
15914,5.56922345486912,0,1e-05
15915,6.18277370776908,0,1e-05
15916,5.56848956351604,0,1e-05
15917,6.18204711317537,0,1e-05
15918,5.56775573774559,0,1e-05
15919,6.18132057508806,0,1e-05
15920,5.56702197756375,0,1e-05
15921,6.18059409337272,0,1e-05
15922,5.56628828267348,0,1e-05
15923,6.17986766749417,0,1e-05
15924,5.56555465269886,0,1e-05
15925,6.17914129728591,0,1e-05
15926,5.56482108777106,0,1e-05
15927,6.17841498289578,0,1e-05
15928,5.56408758788117,0,1e-05
15929,6.17768872473453,0,1e-05
15930,5.56335415338372,0,1e-05
15931,6.17696252202445,0,1e-05
15932,5.56262078326333,0,1e-05
15933,6.17623637504427,0,1e-05
15934,5.56188747811848,0,1e-05
15935,6.17551028339509,0,1e-05
15936,5.56115423725581,0,1e-05
15937,6.17478424707162,0,1e-05
15938,5.56042106101976,0,1e-05
15939,6.17405826612663,0,1e-05
15940,5.55968794936037,0,1e-05
15941,6.1733323406185,0,1e-05
15942,5.55895490228145,0,1e-05
15943,6.17260647022708,0,1e-05
15944,5.55822191907371,0,1e-05
15945,6.17188065466256,0,1e-05
15946,5.55748900035551,0,1e-05
15947,6.17115489436279,0,1e-05
15948,5.55675614554855,0,1e-05
15949,6.17042918880267,0,1e-05
15950,5.55602335485983,0,1e-05
15951,6.16970353824787,0,1e-05
15952,5.55529062831462,0,1e-05
15953,6.16897794256107,0,1e-05
15954,5.55455796553969,0,1e-05
15955,6.16825240130236,0,1e-05
15956,5.5538253663141,0,1e-05
15957,6.16752691471182,0,1e-05
15958,5.55309283106944,0,1e-05
15959,6.16680148267385,0,1e-05
15960,5.55236035898696,0,1e-05
15961,6.16607610477758,0,1e-05
15962,5.55162795065005,0,1e-05
15963,6.16535078124043,0,1e-05
15964,5.55089560537929,0,1e-05
15965,6.16462551185586,0,1e-05
15966,5.55016332364707,0,1e-05
15967,6.16390029653781,0,1e-05
15968,5.54943110494397,0,1e-05
15969,6.16317513533573,0,1e-05
15970,5.54869894944636,0,1e-05
15971,6.16245002816825,0,1e-05
15972,5.54796685708262,0,1e-05
15973,6.16172497492879,0,1e-05
15974,5.54723482758028,0,1e-05
15975,6.1609999754368,0,1e-05
15976,5.54650286090779,0,1e-05
15977,6.16027502938149,0,1e-05
15978,5.54577095694195,0,1e-05
15979,6.15955013717013,0,1e-05
15980,5.54503911562605,0,1e-05
15981,6.15882529826046,0,1e-05
15982,5.5443073368649,0,1e-05
15983,6.15810051283185,0,1e-05
15984,5.54357562029154,0,1e-05
15985,6.1573757804962,0,1e-05
15986,5.54284396613323,0,1e-05
15987,6.15665110143058,0,1e-05
15988,5.54211237433598,0,1e-05
15989,6.15592647549944,0,1e-05
15990,5.54138084461135,0,1e-05
15991,6.15520190278168,0,1e-05
15992,5.54064937717037,0,1e-05
15993,6.15447738293934,0,1e-05
15994,5.53991797158464,0,1e-05
15995,6.15375291581923,0,1e-05
15996,5.53918662775921,0,1e-05
15997,6.15302850152564,0,1e-05
15998,5.53845534572155,0,1e-05
15999,6.15230413978599,0,1e-05
16000,5.53772412581103,0,1e-05
16001,6.15157983111016,0,1e-05
16002,5.53699296713819,0,1e-05
16003,6.15085557461938,0,1e-05
16004,5.53626187013475,0,1e-05
16005,6.15013137046247,0,1e-05
16006,5.53553083438434,0,1e-05
16007,6.14940721875848,0,1e-05
16008,5.53479986015336,0,1e-05
16009,6.14868311931129,0,1e-05
16010,5.53406894704836,0,1e-05
16011,6.14795907205403,0,1e-05
16012,5.53333809527404,0,1e-05
16013,6.14723507683134,0,1e-05
16014,5.53260730442222,0,1e-05
16015,6.14651113346508,0,1e-05
16016,5.53187657461895,0,1e-05
16017,6.14578724208141,0,1e-05
16018,5.53114590554563,0,1e-05
16019,6.1450634024852,0,1e-05
16020,5.53041529731332,0,1e-05
16021,6.14433961448688,0,1e-05
16022,5.52968475012014,0,1e-05
16023,6.14361587862846,0,1e-05
16024,5.52895426345952,0,1e-05
16025,6.14289219411813,0,1e-05
16026,5.5282238376814,0,1e-05
16027,6.14216856127471,0,1e-05
16028,5.52749347186445,0,1e-05
16029,6.14144497962054,0,1e-05
16030,5.52676316670872,0,1e-05
16031,6.14072144929796,0,1e-05
16032,5.52603292166766,0,1e-05
16033,6.13999797020607,0,1e-05
16034,5.52530273692204,0,1e-05
16035,6.13927454243803,0,1e-05
16036,5.52457261227836,0,1e-05
16037,6.13855116537393,0,1e-05
16038,5.52384254735485,0,1e-05
16039,6.13782783924804,0,1e-05
16040,5.52311254247266,0,1e-05
16041,6.13710456417381,0,1e-05
16042,5.52238259762332,0,1e-05
16043,6.13638133975868,0,1e-05
16044,5.52165271202142,0,1e-05
16045,6.13565816582743,0,1e-05
16046,5.52092288602519,0,1e-05
16047,6.13493504246485,0,1e-05
16048,5.5201931198278,0,1e-05
16049,6.13421196968882,0,1e-05
16050,5.51946341273905,0,1e-05
16051,6.13348894701817,0,1e-05
16052,5.51873376494103,0,1e-05
16053,6.13276597489885,0,1e-05
16054,5.51800417663307,0,1e-05
16055,6.13204305292519,0,1e-05
16056,5.5172746472979,0,1e-05
16057,6.13132018075661,0,1e-05
16058,5.51654517702902,0,1e-05
16059,6.13059735911264,0,1e-05
16060,5.51581576581599,0,1e-05
16061,6.12987458732642,0,1e-05
16062,5.51508641353648,0,1e-05
16063,6.12915186541768,0,1e-05
16064,5.51435711993613,0,1e-05
16065,6.12842919313796,0,1e-05
16066,5.51362788498221,0,1e-05
16067,6.12770657050355,0,1e-05
16068,5.51289870873584,0,1e-05
16069,6.12698399771532,0,1e-05
16070,5.51216959081964,0,1e-05
16071,6.12626147424509,0,1e-05
16072,5.5114405315095,0,1e-05
16073,6.12553900028011,0,1e-05
16074,5.51071153039571,0,1e-05
16075,6.12481657555857,0,1e-05
16076,5.50998258738666,0,1e-05
16077,6.12409419998549,0,1e-05
16078,5.50925370252908,0,1e-05
16079,6.12337187355965,0,1e-05
16080,5.50852487609917,0,1e-05
16081,6.12264959652834,0,1e-05
16082,5.50779610740605,0,1e-05
16083,6.1219273683447,0,1e-05
16084,5.50706739657648,0,1e-05
16085,6.12120518892567,0,1e-05
16086,5.50633874361135,0,1e-05
16087,6.12048305837255,0,1e-05
16088,5.50561014818049,0,1e-05
16089,6.11976097657004,0,1e-05
16090,5.50488161054048,0,1e-05
16091,6.11903894366571,0,1e-05
16092,5.50415313047163,0,1e-05
16093,6.11831695896761,0,1e-05
16094,5.50342470761249,0,1e-05
16095,6.11759502293072,0,1e-05
16096,5.50269634215791,0,1e-05
16097,6.11687313512921,0,1e-05
16098,5.50196803389627,0,1e-05
16099,6.11615129553622,0,1e-05
16100,5.50123978300764,0,1e-05
16101,6.1154295045252,0,1e-05
16102,5.50051158909064,0,1e-05
16103,6.11470776149545,0,1e-05
16104,5.49978345218333,0,1e-05
16105,6.11398606621843,0,1e-05
16106,5.49905537198489,0,1e-05
16107,6.11326441915199,0,1e-05
16108,5.49832734869303,0,1e-05
16109,6.1125428199239,0,1e-05
16110,5.49759938205436,0,1e-05
16111,6.11182126818436,0,1e-05
16112,5.49687147180421,0,1e-05
16113,6.11109976410547,0,1e-05
16114,5.4961436181444,0,1e-05
16115,6.1103783077272,0,1e-05
16116,5.49541582104474,0,1e-05
16117,6.10965689892131,0,1e-05
16118,5.49468808016921,0,1e-05
16119,6.10893553745869,0,1e-05
16120,5.49396039558206,0,1e-05
16121,6.10821422327916,0,1e-05
16122,5.49323276726793,0,1e-05
16123,6.10749295643341,0,1e-05
16124,5.49250519498693,0,1e-05
16125,6.10677173673318,0,1e-05
16126,5.49177767867158,0,1e-05
16127,6.10605056427196,0,1e-05
16128,5.49105021798752,0,1e-05
16129,6.10532943820929,0,1e-05
16130,5.490322812951,0,1e-05
16131,6.1046083591769,0,1e-05
16132,5.48959546387755,0,1e-05
16133,6.10388732712397,0,1e-05
16134,5.48886817028396,0,1e-05
16135,6.10316634165747,0,1e-05
16136,5.48814093218194,0,1e-05
16137,6.10244540282234,0,1e-05
16138,5.48741374967345,0,1e-05
16139,6.10172451056343,0,1e-05
16140,5.48668662268688,0,1e-05
16141,6.1010036650338,0,1e-05
16142,5.485959550811,0,1e-05
16143,6.10028286564192,0,1e-05
16144,5.48523253397245,0,1e-05
16145,6.09956211245882,0,1e-05
16146,5.4845055722044,0,1e-05
16147,6.09884140537269,0,1e-05
16148,5.48377866509895,0,1e-05
16149,6.0981207440869,0,1e-05
16150,5.48305181289633,0,1e-05
16151,6.09740012890503,0,1e-05
16152,5.48232501530644,0,1e-05
16153,6.09667955960557,0,1e-05
16154,5.48159827259436,0,1e-05
16155,6.09595903600241,0,1e-05
16156,5.48087158427084,0,1e-05
16157,6.09523855816547,0,1e-05
16158,5.48014495024699,0,1e-05
16159,6.09451812561178,0,1e-05
16160,5.4794183707564,0,1e-05
16161,6.09379773879017,0,1e-05
16162,5.47869184549786,0,1e-05
16163,6.09307739741749,0,1e-05
16164,5.47796537447816,0,1e-05
16165,6.09235710127229,0,1e-05
16166,5.4772389573432,0,1e-05
16167,6.09163685027076,0,1e-05
16168,5.476512594307,0,1e-05
16169,6.09091664449172,0,1e-05
16170,5.47578628516438,0,1e-05
16171,6.09019648386346,0,1e-05
16172,5.47506002994508,0,1e-05
16173,6.08947636830003,0,1e-05
16174,5.47433382862336,0,1e-05
16175,6.08875629778,0,1e-05
16176,5.47360768088632,0,1e-05
16177,6.08803627206311,0,1e-05
16178,5.472881586653,0,1e-05
16179,6.08731629086186,0,1e-05
16180,5.4721555460162,0,1e-05
16181,6.08659635444646,0,1e-05
16182,5.47142955869778,0,1e-05
16183,6.08587646250915,0,1e-05
16184,5.47070362461618,0,1e-05
16185,6.08515661502022,0,1e-05
16186,5.46997774373215,0,1e-05
16187,6.08443681205338,0,1e-05
16188,5.46925191605219,0,1e-05
16189,6.08371705336617,0,1e-05
16190,5.46852614144771,0,1e-05
16191,6.08299733907118,0,1e-05
16192,5.4678004199644,0,1e-05
16193,6.0822776687876,0,1e-05
16194,5.46707475113717,0,1e-05
16195,6.08155804252951,0,1e-05
16196,5.46634913488021,0,1e-05
16197,6.08083846012928,0,1e-05
16198,5.4656235714651,0,1e-05
16199,6.08011892166175,0,1e-05
16200,5.46489806080073,0,1e-05
16201,6.07939942694751,0,1e-05
16202,5.46417260248504,0,1e-05
16203,6.07867997608632,0,1e-05
16204,5.46344719637259,0,1e-05
16205,6.07796056855718,0,1e-05
16206,5.46272184274751,0,1e-05
16207,6.07724120475437,0,1e-05
16208,5.46199654129458,0,1e-05
16209,6.07652188421819,0,1e-05
16210,5.46127129198348,0,1e-05
16211,6.07580260696823,0,1e-05
16212,5.46054609463133,0,1e-05
16213,6.07508337311143,0,1e-05
16214,5.45982094907795,0,1e-05
16215,6.07436418211437,0,1e-05
16216,5.45909585543383,0,1e-05
16217,6.07364503428241,0,1e-05
16218,5.45837081332254,0,1e-05
16219,6.07292592931818,0,1e-05
16220,5.45764582295551,0,1e-05
16221,6.07220686725857,0,1e-05
16222,5.45692088442129,0,1e-05
16223,6.07148784823769,0,1e-05
16224,5.45619599725542,0,1e-05
16225,6.07076887191998,0,1e-05
16226,5.45547116141128,0,1e-05
16227,6.07004993808952,0,1e-05
16228,5.45474637679223,0,1e-05
16229,6.0693310467978,0,1e-05
16230,5.45402164343853,0,1e-05
16231,6.06861219783931,0,1e-05
16232,5.45329696120601,0,1e-05
16233,6.06789339139781,0,1e-05
16234,5.45257233016778,0,1e-05
16235,6.06717462757603,0,1e-05
16236,5.45184775012866,0,1e-05
16237,6.06645590548207,0,1e-05
16238,5.4511232207384,0,1e-05
16239,6.06573722553274,0,1e-05
16240,5.45039874187806,0,1e-05
16241,6.06501858761285,0,1e-05
16242,5.4496743140135,0,1e-05
16243,6.06429999176806,0,1e-05
16244,5.4489499364974,0,1e-05
16245,6.06358143755742,0,1e-05
16246,5.44822560965222,0,1e-05
16247,6.06286292513641,0,1e-05
16248,5.44750133315147,0,1e-05
16249,6.06214445442085,0,1e-05
16250,5.44677710689463,0,1e-05
16251,6.06142602520991,0,1e-05
16252,5.44605293076206,0,1e-05
16253,6.06070763733789,0,1e-05
16254,5.44532880476719,0,1e-05
16255,6.05998929109129,0,1e-05
16256,5.44460472865709,0,1e-05
16257,6.05927098587755,0,1e-05
16258,5.44388070247724,0,1e-05
16259,6.05855272201955,0,1e-05
16260,5.4431567261675,0,1e-05
16261,6.05783449893574,0,1e-05
16262,5.44243279945481,0,1e-05
16263,6.05711631716077,0,1e-05
16264,5.4417089226258,0,1e-05
16265,6.05639817636186,0,1e-05
16266,5.44098509522083,0,1e-05
16267,6.05568007634162,0,1e-05
16268,5.44026131729734,0,1e-05
16269,6.05496201710327,0,1e-05
16270,5.43953758872229,0,1e-05
16271,6.05424399832673,0,1e-05
16272,5.43881390929619,0,1e-05
16273,6.05352602030081,0,1e-05
16274,5.43809027912127,0,1e-05
16275,6.05280808265448,0,1e-05
16276,5.43736669803845,0,1e-05
16277,6.05209018525834,0,1e-05
16278,5.43664316574739,0,1e-05
16279,6.05137232816767,0,1e-05
16280,5.43591968256456,0,1e-05
16281,6.05065451161498,0,1e-05
16282,5.43519624822184,0,1e-05
16283,6.04993673506519,0,1e-05
16284,5.43447286246089,0,1e-05
16285,6.04921899843955,0,1e-05
16286,5.4337495254288,0,1e-05
16287,6.04850130177617,0,1e-05
16288,5.43302623691243,0,1e-05
16289,6.04778364498398,0,1e-05
16290,5.43230299680755,0,1e-05
16291,6.04706602816153,0,1e-05
16292,5.43157980518459,0,1e-05
16293,6.04634845107595,0,1e-05
16294,5.4308566619062,0,1e-05
16295,6.04563091350089,0,1e-05
16296,5.43013356678846,0,1e-05
16297,6.04491341558801,0,1e-05
16298,5.42941051982626,0,1e-05
16299,6.0441959569693,0,1e-05
16300,5.42868752074548,0,1e-05
16301,6.04347853773647,0,1e-05
16302,5.42796456969108,0,1e-05
16303,6.04276115791316,0,1e-05
16304,5.42724166641004,0,1e-05
16305,6.04204381698859,0,1e-05
16306,5.42651881076592,0,1e-05
16307,6.04132651508923,0,1e-05
16308,5.42579600271101,0,1e-05
16309,6.04060925209529,0,1e-05
16310,5.42507324213321,0,1e-05
16311,6.03989202829276,0,1e-05
16312,5.42435052925345,0,1e-05
16313,6.03917484321321,0,1e-05
16314,5.4236278635689,0,1e-05
16315,6.03845769681197,0,1e-05
16316,5.42290524531116,0,1e-05
16317,6.03774058920242,0,1e-05
16318,5.42218267446387,0,1e-05
16319,6.03702352035714,0,1e-05
16320,5.42146015052413,0,1e-05
16321,6.03630648966685,0,1e-05
16322,5.42073767365243,0,1e-05
16323,6.03558949740796,0,1e-05
16324,5.42001524338625,0,1e-05
16325,6.03487254332087,0,1e-05
16326,5.41929286007935,0,1e-05
16327,6.03415562766611,0,1e-05
16328,5.41857052388731,0,1e-05
16329,6.03343875002588,0,1e-05
16330,5.41784823417017,0,1e-05
16331,6.03272191065932,0,1e-05
16332,5.41712599092065,0,1e-05
16333,6.03200510898239,0,1e-05
16334,5.41640379429584,0,1e-05
16335,6.03128834541318,0,1e-05
16336,5.41568164414968,0,1e-05
16337,6.03057161960634,0,1e-05
16338,5.41495954006757,0,1e-05
16339,6.02985493130068,0,1e-05
16340,5.41423748240756,0,1e-05
16341,6.02913828084488,0,1e-05
16342,5.41351547076041,0,1e-05
16343,6.02842166778176,0,1e-05
16344,5.4127935052663,0,1e-05
16345,6.02770509205972,0,1e-05
16346,5.41207158585059,0,1e-05
16347,6.02698855411908,0,1e-05
16348,5.41134971226168,0,1e-05
16349,6.02627205309454,0,1e-05
16350,5.41062788431586,0,1e-05
16351,6.02555558934479,0,1e-05
16352,5.40990610189116,0,1e-05
16353,6.02483916253358,0,1e-05
16354,5.40918436521759,0,1e-05
16355,6.02412277282052,0,1e-05
16356,5.40846267395966,0,1e-05
16357,6.02340642001321,0,1e-05
16358,5.40774102835717,0,1e-05
16359,6.02269010421282,0,1e-05
16360,5.40701942786981,0,1e-05
16361,6.0219738249362,0,1e-05
16362,5.4062978724693,0,1e-05
16363,6.02125758220062,0,1e-05
16364,5.40557636224813,0,1e-05
16365,6.02054137598137,0,1e-05
16366,5.40485489716011,0,1e-05
16367,6.0198252063637,0,1e-05
16368,5.40413347696814,0,1e-05
16369,6.01910907315195,0,1e-05
16370,5.4034121015813,0,1e-05
16371,6.01839297612888,0,1e-05
16372,5.40269077116122,0,1e-05
16373,6.01767691547102,0,1e-05
16374,5.40196948548761,0,1e-05
16375,6.01696089106915,0,1e-05
16376,5.40124824415235,0,1e-05
16377,6.01624490240606,0,1e-05
16378,5.40052704740622,0,1e-05
16379,6.01552894978098,0,1e-05
16380,5.39980589510025,0,1e-05
16381,6.0148130328747,0,1e-05
16382,5.39908478690525,0,1e-05
16383,6.01409715176383,0,1e-05
16384,5.39836372296036,0,1e-05
16385,6.01338130627064,0,1e-05
16386,5.39764270331815,0,1e-05
16387,6.01266549633884,0,1e-05
16388,5.39692172758144,0,1e-05
16389,6.01194972217645,0,1e-05
16390,5.39620079619722,0,1e-05
16391,6.0112339833936,0,1e-05
16392,5.39547990849997,0,1e-05
16393,6.01051828009385,0,1e-05
16394,5.39475906472749,0,1e-05
16395,6.00980261195979,0,1e-05
16396,5.39403826447522,0,1e-05
16397,6.00908697889391,0,1e-05
16398,5.39331750784677,0,1e-05
16399,6.00837138081528,0,1e-05
16400,5.39259679459121,0,1e-05
16401,6.00765581771815,0,1e-05
16402,5.39187612507292,0,1e-05
16403,6.00694028988043,0,1e-05
16404,5.39115549897014,0,1e-05
16405,6.00622479686709,0,1e-05
16406,5.39043491617361,0,1e-05
16407,6.00550933850744,0,1e-05
16408,5.38971437627658,0,1e-05
16409,6.00479391454085,0,1e-05
16410,5.38899387940834,0,1e-05
16411,6.00407852511047,0,1e-05
16412,5.38827342547328,0,1e-05
16413,6.00336317026192,0,1e-05
16414,5.38755301443387,0,1e-05
16415,6.00264784956809,0,1e-05
16416,5.38683264646883,0,1e-05
16417,6.00193256346143,0,1e-05
16418,5.38611232111408,0,1e-05
16419,6.00121731154205,0,1e-05
16420,5.38539203834695,0,1e-05
16421,6.00050209373348,0,1e-05
16422,5.384671798131,0,1e-05
16423,5.99978690993346,0,1e-05
16424,5.38395160022393,0,1e-05
16425,5.99907175986692,0,1e-05
16426,5.38323144465076,0,1e-05
16427,5.9983566437815,0,1e-05
16428,5.38251133145812,0,1e-05
16429,5.99764156148551,0,1e-05
16430,5.38179126047251,0,1e-05
16431,5.99692651295289,0,1e-05
16432,5.38107123174548,0,1e-05
16433,5.99621149794796,0,1e-05
16434,5.38035124487729,0,1e-05
16435,5.99549651650094,0,1e-05
16436,5.37963129954527,0,1e-05
16437,5.99478156823612,0,1e-05
16438,5.37891139647782,0,1e-05
16439,5.99406665345336,0,1e-05
16440,5.37819153487341,0,1e-05
16441,5.99335177190008,0,1e-05
16442,5.37747171502359,0,1e-05
16443,5.9926369234292,0,1e-05
16444,5.37675193651825,0,1e-05
16445,5.99192210791557,0,1e-05
16446,5.37603219946568,0,1e-05
16447,5.99120732535572,0,1e-05
16448,5.375312503932,0,1e-05
16449,5.99049257587813,0,1e-05
16450,5.37459284963113,0,1e-05
16451,5.98977785910531,0,1e-05
16452,5.37387323654223,0,1e-05
16453,5.98906317506517,0,1e-05
16454,5.37315366451311,0,1e-05
16455,5.98834852378185,0,1e-05
16456,5.37243413352342,0,1e-05
16457,5.9876339049014,0,1e-05
16458,5.37171464309538,0,1e-05
16459,5.98691931797631,0,1e-05
16460,5.3709951936857,0,1e-05
16461,5.98620476391849,0,1e-05
16462,5.37027578496521,0,1e-05
16463,5.9854902419345,0,1e-05
16464,5.36955641685819,0,1e-05
16465,5.98477575220267,0,1e-05
16466,5.368837089336,0,1e-05
16467,5.98406129440835,0,1e-05
16468,5.36811780238348,0,1e-05
16469,5.98334686895404,0,1e-05
16470,5.36739855575274,0,1e-05
16471,5.98263247518688,0,1e-05
16472,5.36667934929368,0,1e-05
16473,5.98191811324914,0,1e-05
16474,5.36596018311508,0,1e-05
16475,5.98120378298823,0,1e-05
16476,5.36524105672595,0,1e-05
16477,5.98048948430669,0,1e-05
16478,5.36452197057115,0,1e-05
16479,5.97977521737029,0,1e-05
16480,5.36380292437664,0,1e-05
16481,5.97906098189306,0,1e-05
16482,5.36308391790069,0,1e-05
16483,5.97834677781956,0,1e-05
16484,5.36236495119617,0,1e-05
16485,5.97763260488936,0,1e-05
16486,5.36164602399179,0,1e-05
16487,5.9769184631464,0,1e-05
16488,5.36092713649541,0,1e-05
16489,5.97620435275571,0,1e-05
16490,5.36020828848587,0,1e-05
16491,5.97549027326556,0,1e-05
16492,5.3594894797481,0,1e-05
16493,5.97477622448507,0,1e-05
16494,5.35877071017997,0,1e-05
16495,5.97406220676201,0,1e-05
16496,5.3580519799475,0,1e-05
16497,5.97334821987614,0,1e-05
16498,5.35733328886153,0,1e-05
16499,5.97263426348304,0,1e-05
16500,5.3566146366602,0,1e-05
16501,5.97192033776851,0,1e-05
16502,5.35589602346802,0,1e-05
16503,5.97120644284516,0,1e-05
16504,5.35517744927142,0,1e-05
16505,5.97049257813645,0,1e-05
16506,5.35445891374497,0,1e-05
16507,5.96977874380692,0,1e-05
16508,5.35374041672739,0,1e-05
16509,5.96906493969749,0,1e-05
16510,5.35302195827718,0,1e-05
16511,5.96835116548308,0,1e-05
16512,5.35230353827911,0,1e-05
16513,5.96763742158803,0,1e-05
16514,5.35158515674698,0,1e-05
16515,5.96692370767005,0,1e-05
16516,5.35086681353804,0,1e-05
16517,5.96621002360155,0,1e-05
16518,5.35014850847648,0,1e-05
16519,5.96549636940784,0,1e-05
16520,5.34943024151316,0,1e-05
16521,5.96478274484063,0,1e-05
16522,5.3487120127827,0,1e-05
16523,5.96406915030549,0,1e-05
16524,5.34799382227441,0,1e-05
16525,5.96335558528317,0,1e-05
16526,5.34727566927606,0,1e-05
16527,5.96264204964961,0,1e-05
16528,5.34655755424286,0,1e-05
16529,5.96192854342462,0,1e-05
16530,5.34583947682679,0,1e-05
16531,5.96121506637951,0,1e-05
16532,5.34512143690725,0,1e-05
16533,5.96050161853849,0,1e-05
16534,5.34440343455758,0,1e-05
16535,5.95978819993268,0,1e-05
16536,5.3436854694384,0,1e-05
16537,5.95907480994702,0,1e-05
16538,5.34296754142996,0,1e-05
16539,5.95836144906306,0,1e-05
16540,5.34224965090353,0,1e-05
16541,5.95764811701392,0,1e-05
16542,5.34153179745151,0,1e-05
16543,5.95693481374081,0,1e-05
16544,5.34081398100144,0,1e-05
16545,5.95622153915349,0,1e-05
16546,5.3400962015016,0,1e-05
16547,5.95550829309667,0,1e-05
16548,5.33937845872858,0,1e-05
16549,5.95479507550701,0,1e-05
16550,5.33866075281147,0,1e-05
16551,5.95408188640144,0,1e-05
16552,5.33794308374883,0,1e-05
16553,5.95336872564704,0,1e-05
16554,5.3372254512092,0,1e-05
16555,5.95265559303569,0,1e-05
16556,5.3365078552565,0,1e-05
16557,5.95194248875231,0,1e-05
16558,5.3357902955114,0,1e-05
16559,5.95122941224922,0,1e-05
16560,5.33507277234004,0,1e-05
16561,5.950516364142,0,1e-05
16562,5.33435528552036,0,1e-05
16563,5.94980334398366,0,1e-05
16564,5.33363783484873,0,1e-05
16565,5.94909035151831,0,1e-05
16566,5.33292042019215,0,1e-05
16567,5.94837738673506,0,1e-05
16568,5.33220304154732,0,1e-05
16569,5.94766444964266,0,1e-05
16570,5.33148569878255,0,1e-05
16571,5.94695154017132,0,1e-05
16572,5.33076839194606,0,1e-05
16573,5.94623865812268,0,1e-05
16574,5.33005112057932,0,1e-05
16575,5.9455258034208,0,1e-05
16576,5.32933388516116,0,1e-05
16577,5.94481297602198,0,1e-05
16578,5.3286166850383,0,1e-05
16579,5.94410017563261,0,1e-05
16580,5.32789952026354,0,1e-05
16581,5.94338740251793,0,1e-05
16582,5.3271823909722,0,1e-05
16583,5.94267465628863,0,1e-05
16584,5.326465296905,0,1e-05
16585,5.94196193715456,0,1e-05
16586,5.32574823827448,0,1e-05
16587,5.94124924512873,0,1e-05
16588,5.32503121460312,0,1e-05
16589,5.94053657947364,0,1e-05
16590,5.32431422573776,0,1e-05
16591,5.93982394049658,0,1e-05
16592,5.32359727194313,0,1e-05
16593,5.93911132832748,0,1e-05
16594,5.32288035300036,0,1e-05
16595,5.93839874266641,0,1e-05
16596,5.32216346880313,0,1e-05
16597,5.93768618333192,0,1e-05
16598,5.32144661930087,0,1e-05
16599,5.93697365054652,0,1e-05
16600,5.32072980464444,0,1e-05
16601,5.93626114418257,0,1e-05
16602,5.32001302428929,0,1e-05
16603,5.93554866369184,0,1e-05
16604,5.31929627819674,0,1e-05
16605,5.93483620930312,0,1e-05
16606,5.31857956642319,0,1e-05
16607,5.93412378096618,0,1e-05
16608,5.3178628890464,0,1e-05
16609,5.93341137856386,0,1e-05
16610,5.31714624568425,0,1e-05
16611,5.93269900188929,0,1e-05
16612,5.31642963634154,0,1e-05
16613,5.93198665096472,0,1e-05
16614,5.31571306101122,0,1e-05
16615,5.93127432589536,0,1e-05
16616,5.31499651967106,0,1e-05
16617,5.93056202629167,0,1e-05
16618,5.31428001202518,0,1e-05
16619,5.92984975211843,0,1e-05
16620,5.31356353795162,0,1e-05
16621,5.92913750323994,0,1e-05
16622,5.3128470974772,0,1e-05
16623,5.9284252798611,0,1e-05
16624,5.31213069069653,0,1e-05
16625,5.92771308160284,0,1e-05
16626,5.31141431736503,0,1e-05
16627,5.92700090879186,0,1e-05
16628,5.3106979774456,0,1e-05
16629,5.92628876090122,0,1e-05
16630,5.30998167072737,0,1e-05
16631,5.92557663781307,0,1e-05
16632,5.30926539689581,0,1e-05
16633,5.92486453934992,0,1e-05
16634,5.3085491559464,0,1e-05
16635,5.92415246576783,0,1e-05
16636,5.30783294827817,0,1e-05
16637,5.92344041706806,0,1e-05
16638,5.30711677357058,0,1e-05
16639,5.92272839288858,0,1e-05
16640,5.30640063162537,0,1e-05
16641,5.92201639335009,0,1e-05
16642,5.30568452242706,0,1e-05
16643,5.92130441825163,0,1e-05
16644,5.304968445737,0,1e-05
16645,5.92059246737248,0,1e-05
16646,5.30425240182268,0,1e-05
16647,5.91988054102405,0,1e-05
16648,5.30353639049166,0,1e-05
16649,5.91916863898604,0,1e-05
16650,5.30282041148074,0,1e-05
16651,5.91845676104686,0,1e-05
16652,5.30210446475558,0,1e-05
16653,5.9177449070008,0,1e-05
16654,5.30138855014401,0,1e-05
16655,5.91703307686172,0,1e-05
16656,5.30067266758273,0,1e-05
16657,5.91632127054456,0,1e-05
16658,5.29995681713067,0,1e-05
16659,5.91560948810531,0,1e-05
16660,5.29924099881099,0,1e-05
16661,5.91489772937165,0,1e-05
16662,5.29852521231549,0,1e-05
16663,5.91418599438656,0,1e-05
16664,5.29780945765868,0,1e-05
16665,5.91347428282164,0,1e-05
16666,5.29709373434138,0,1e-05
16667,5.91276259432665,0,1e-05
16668,5.29637804277161,0,1e-05
16669,5.91205092948612,0,1e-05
16670,5.29566238267258,0,1e-05
16671,5.91133928789715,0,1e-05
16672,5.29494675422129,0,1e-05
16673,5.9106276695072,0,1e-05
16674,5.29423115682528,0,1e-05
16675,5.90991607378163,0,1e-05
16676,5.29351559038248,0,1e-05
16677,5.90920450116974,0,1e-05
16678,5.29280005534352,0,1e-05
16679,5.90849295159295,0,1e-05
16680,5.29208455150458,0,1e-05
16681,5.90778142505027,0,1e-05
16682,5.29136907863627,0,1e-05
16683,5.90706992100524,0,1e-05
16684,5.29065363647943,0,1e-05
16685,5.906358439387,0,1e-05
16686,5.28993822518003,0,1e-05
16687,5.90564698056107,0,1e-05
16688,5.28922284455121,0,1e-05
16689,5.90493554429854,0,1e-05
16690,5.28850749471399,0,1e-05
16691,5.90422413037519,0,1e-05
16692,5.28779217528235,0,1e-05
16693,5.90351273864849,0,1e-05
16694,5.28707688642043,0,1e-05
16695,5.90280136932723,0,1e-05
16696,5.28636162793368,0,1e-05
16697,5.90209002225926,0,1e-05
16698,5.28564639971316,0,1e-05
16699,5.90137869692249,0,1e-05
16700,5.28493120160792,0,1e-05
16701,5.90066739357158,0,1e-05
16702,5.28421603347551,0,1e-05
16703,5.89995611203069,0,1e-05
16704,5.28350089538151,0,1e-05
16705,5.8992448522649,0,1e-05
16706,5.28278578722095,0,1e-05
16707,5.89853361439541,0,1e-05
16708,5.28207070898612,0,1e-05
16709,5.89782239803297,0,1e-05
16710,5.28135566054496,0,1e-05
16711,5.8971112033038,0,1e-05
16712,5.28064064174823,0,1e-05
16713,5.89640002988876,0,1e-05
16714,5.27992565237788,0,1e-05
16715,5.89568887774815,0,1e-05
16716,5.27921069253776,0,1e-05
16717,5.89497774713129,0,1e-05
16718,5.27849576224104,0,1e-05
16719,5.89426663764983,0,1e-05
16720,5.2777808612703,0,1e-05
16721,5.89355554932495,0,1e-05
16722,5.27706598966714,0,1e-05
16723,5.89284448213552,0,1e-05
16724,5.27635114701333,0,1e-05
16725,5.89213343568278,0,1e-05
16726,5.27563633336478,0,1e-05
16727,5.89142241006988,0,1e-05
16728,5.27492154861174,0,1e-05
16729,5.89071140503115,0,1e-05
16730,5.27420679278739,0,1e-05
16731,5.89000042089804,0,1e-05
16732,5.2734920658382,0,1e-05
16733,5.88928945727343,0,1e-05
16734,5.27277736758788,0,1e-05
16735,5.88857851416106,0,1e-05
16736,5.27206269770196,0,1e-05
16737,5.88786759129716,0,1e-05
16738,5.27134805647714,0,1e-05
16739,5.88715668888066,0,1e-05
16740,5.27063344363157,0,1e-05
16741,5.88644580658184,0,1e-05
16742,5.26991885929001,0,1e-05
16743,5.88573494466815,0,1e-05
16744,5.26920430326975,0,1e-05
16745,5.88502410283599,0,1e-05
16746,5.26848977532199,0,1e-05
16747,5.88431328095401,0,1e-05
16748,5.26777527545782,0,1e-05
16749,5.88360247891983,0,1e-05
16750,5.26706080356602,0,1e-05
16751,5.88289169664679,0,1e-05
16752,5.2663463595407,0,1e-05
16753,5.88218093404252,0,1e-05
16754,5.26563194336367,0,1e-05
16755,5.88147019112401,0,1e-05
16756,5.26491755493291,0,1e-05
16757,5.8807594676886,0,1e-05
16758,5.26420319398836,0,1e-05
16759,5.8800487637249,0,1e-05
16760,5.26348886079999,0,1e-05
16761,5.87933807926717,0,1e-05
16762,5.26277455499974,0,1e-05
16763,5.87862741410272,0,1e-05
16764,5.26206027696517,0,1e-05
16765,5.8779167683974,0,1e-05
16766,5.26134602614211,0,1e-05
16767,5.87720614175584,0,1e-05
16768,5.26063180241113,0,1e-05
16769,5.87649553392464,0,1e-05
16770,5.25991760583209,0,1e-05
16771,5.87578494509447,0,1e-05
16772,5.25920343618125,0,1e-05
16773,5.87507437512126,0,1e-05
16774,5.25848929363302,0,1e-05
16775,5.87436382413973,0,1e-05
16776,5.25777517789622,0,1e-05
16777,5.87365329176394,0,1e-05
16778,5.25706108902654,0,1e-05
16779,5.8729427778992,0,1e-05
16780,5.25634702679515,0,1e-05
16781,5.87223228264321,0,1e-05
16782,5.2556329912112,0,1e-05
16783,5.87152180594271,0,1e-05
16784,5.25491898220116,0,1e-05
16785,5.87081134755505,0,1e-05
16786,5.2542049996183,0,1e-05
16787,5.87010090742805,0,1e-05
16788,5.25349104327699,0,1e-05
16789,5.8693904854103,0,1e-05
16790,5.25277711325035,0,1e-05
16791,5.86868008153288,0,1e-05
16792,5.25206320942784,0,1e-05
16793,5.8679696957179,0,1e-05
16794,5.25134933181535,0,1e-05
16795,5.867259327923,0,1e-05
16796,5.25063548005893,0,1e-05
16797,5.86654897779677,0,1e-05
16798,5.24992165429795,0,1e-05
16799,5.86583864553499,0,1e-05
16800,5.24920785421443,0,1e-05
16801,5.86512833091714,0,1e-05
16802,5.24849408002849,0,1e-05
16803,5.86441803389499,0,1e-05
16804,5.24778033148384,0,1e-05
16805,5.86370775443757,0,1e-05
16806,5.24706660854005,0,1e-05
16807,5.86299749250079,0,1e-05
16808,5.24635291119074,0,1e-05
16809,5.86228724786484,0,1e-05
16810,5.24563923936544,0,1e-05
16811,5.86157702062446,0,1e-05
16812,5.24492559264216,0,1e-05
16813,5.8608668104394,0,1e-05
16814,5.24421197139032,0,1e-05
16815,5.86015661740667,0,1e-05
16816,5.24349837500779,0,1e-05
16817,5.85944644125333,0,1e-05
16818,5.24278480380758,0,1e-05
16819,5.85873628212223,0,1e-05
16820,5.24207125765185,0,1e-05
16821,5.85802613982518,0,1e-05
16822,5.24135773630017,0,1e-05
16823,5.8573160141472,0,1e-05
16824,5.24064423954995,0,1e-05
16825,5.85660590506501,0,1e-05
16826,5.23993076764145,0,1e-05
16827,5.8558958126713,0,1e-05
16828,5.23921732049795,0,1e-05
16829,5.85518573681333,0,1e-05
16830,5.23850389797949,0,1e-05
16831,5.85447567753345,0,1e-05
16832,5.23779049964307,0,1e-05
16833,5.85376563423394,0,1e-05
16834,5.23707712579626,0,1e-05
16835,5.85305560743707,0,1e-05
16836,5.23636377638978,0,1e-05
16837,5.85234559687449,0,1e-05
16838,5.23565045118582,0,1e-05
16839,5.8516356022953,0,1e-05
16840,5.23493715021988,0,1e-05
16841,5.85092562382408,0,1e-05
16842,5.23422387315075,0,1e-05
16843,5.85021566119954,0,1e-05
16844,5.23351062000437,0,1e-05
16845,5.84950571430485,0,1e-05
16846,5.23279739079472,0,1e-05
16847,5.84879578328824,0,1e-05
16848,5.23208418540009,0,1e-05
16849,5.84808586791568,0,1e-05
16850,5.23137100370857,0,1e-05
16851,5.84737596816549,0,1e-05
16852,5.2306578454768,0,1e-05
16853,5.84666608370057,0,1e-05
16854,5.22994471086759,0,1e-05
16855,5.84595621478187,0,1e-05
16856,5.22923159963334,0,1e-05
16857,5.84524636097458,0,1e-05
16858,5.22851851159524,0,1e-05
16859,5.84453652240276,0,1e-05
16860,5.22780544685399,0,1e-05
16861,5.8438266988972,0,1e-05
16862,5.22709240528847,0,1e-05
16863,5.84311689057142,0,1e-05
16864,5.2263793867245,0,1e-05
16865,5.8424070970591,0,1e-05
16866,5.22566639120245,0,1e-05
16867,5.84169731843218,0,1e-05
16868,5.2249534184727,0,1e-05
16869,5.84098755459018,0,1e-05
16870,5.22424046856748,0,1e-05
16871,5.84027780546877,0,1e-05
16872,5.22352754153093,0,1e-05
16873,5.83956807094703,0,1e-05
16874,5.22281463697188,0,1e-05
16875,5.83885835090104,0,1e-05
16876,5.22210175492768,0,1e-05
16877,5.83814864529307,0,1e-05
16878,5.22138889550977,0,1e-05
16879,5.83743895422878,0,1e-05
16880,5.22067605866377,0,1e-05
16881,5.83672927764251,0,1e-05
16882,5.21996324405672,0,1e-05
16883,5.83601961503427,0,1e-05
16884,5.21925045162691,0,1e-05
16885,5.83530996656742,0,1e-05
16886,5.21853768145193,0,1e-05
16887,5.83460033234327,0,1e-05
16888,5.21782493339094,0,1e-05
16889,5.83389071210195,0,1e-05
16890,5.21711220730885,0,1e-05
16891,5.83318110567401,0,1e-05
16892,5.21639950310471,0,1e-05
16893,5.83247151302611,0,1e-05
16894,5.2156868206806,0,1e-05
16895,5.8317619340787,0,1e-05
16896,5.2149741598998,0,1e-05
16897,5.83105236852798,0,1e-05
16898,5.21426152073743,0,1e-05
16899,5.8303428167041,0,1e-05
16900,5.21354890317571,0,1e-05
16901,5.82963327837733,0,1e-05
16902,5.21283630710467,0,1e-05
16903,5.82892375338129,0,1e-05
16904,5.21212373241326,0,1e-05
16905,5.82821424164053,0,1e-05
16906,5.21141117894458,0,1e-05
16907,5.8275047430922,0,1e-05
16908,5.21069864668467,0,1e-05
16909,5.82679525764553,0,1e-05
16910,5.20998613565474,0,1e-05
16911,5.8260857853339,0,1e-05
16912,5.20927364551367,0,1e-05
16913,5.82537632577473,0,1e-05
16914,5.20856117651847,0,1e-05
16915,5.82466687935912,0,1e-05
16916,5.2078487283215,0,1e-05
16917,5.82395744555603,0,1e-05
16918,5.20713630083617,0,1e-05
16919,5.82324802437695,0,1e-05
16920,5.20642389401088,0,1e-05
16921,5.8225386159121,0,1e-05
16922,5.20571150789164,0,1e-05
16923,5.82182921994599,0,1e-05
16924,5.20499914228387,0,1e-05
16925,5.82111983636292,0,1e-05
16926,5.20428679710335,0,1e-05
16927,5.82041046520619,0,1e-05
16928,5.20357447217988,0,1e-05
16929,5.8197011062389,0,1e-05
16930,5.20286216753316,0,1e-05
16931,5.81899175944702,0,1e-05
16932,5.20214988325194,0,1e-05
16933,5.81828242483212,0,1e-05
16934,5.20143761884395,0,1e-05
16935,5.81757310214849,0,1e-05
16936,5.20072537449165,0,1e-05
16937,5.81686379139463,0,1e-05
16938,5.20001315017227,0,1e-05
16939,5.81615449255174,0,1e-05
16940,5.19930094564191,0,1e-05
16941,5.81544520546162,0,1e-05
16942,5.19858876091354,0,1e-05
16943,5.81473593019813,0,1e-05
16944,5.19787659593399,0,1e-05
16945,5.81402666650306,0,1e-05
16946,5.19716445051398,0,1e-05
16947,5.81331741428855,0,1e-05
16948,5.19645232455394,0,1e-05
16949,5.81260817337555,0,1e-05
16950,5.1957402181234,0,1e-05
16951,5.8118989440738,0,1e-05
16952,5.19502813100024,0,1e-05
16953,5.81118972595749,0,1e-05
16954,5.19431606322815,0,1e-05
16955,5.81048051905567,0,1e-05
16956,5.19360401447342,0,1e-05
16957,5.80977132314114,0,1e-05
16958,5.19289198497464,0,1e-05
16959,5.80906213855037,0,1e-05
16960,5.19217997451286,0,1e-05
16961,5.8083529646881,0,1e-05
16962,5.19146798292252,0,1e-05
16963,5.8076438017775,0,1e-05
16964,5.19075601029321,0,1e-05
16965,5.80693464974922,0,1e-05
16966,5.19004405634641,0,1e-05
16967,5.80622550823931,0,1e-05
16968,5.18933212108004,0,1e-05
16969,5.80551637745084,0,1e-05
16970,5.18862020434996,0,1e-05
16971,5.80480725706139,0,1e-05
16972,5.18790830620749,0,1e-05
16973,5.80409814720368,0,1e-05
16974,5.18719642642841,0,1e-05
16975,5.80338904768997,0,1e-05
16976,5.18648456494821,0,1e-05
16977,5.80267995829982,0,1e-05
16978,5.18577272164241,0,1e-05
16979,5.80197087916308,0,1e-05
16980,5.18506089659914,0,1e-05
16981,5.80126181017043,0,1e-05
16982,5.18434908971907,0,1e-05
16983,5.80055275122873,0,1e-05
16984,5.18363730061948,0,1e-05
16985,5.79984370204195,0,1e-05
16986,5.18292552951682,0,1e-05
16987,5.79913466283667,0,1e-05
16988,5.18221377628289,0,1e-05
16989,5.79842563329712,0,1e-05
16990,5.18150204068635,0,1e-05
16991,5.79771661341369,0,1e-05
16992,5.18079032279181,0,1e-05
16993,5.79700760323458,0,1e-05
16994,5.18007862254106,0,1e-05
16995,5.7962986026005,0,1e-05
16996,5.17936693963579,0,1e-05
16997,5.79558961128161,0,1e-05
16998,5.17865527412201,0,1e-05
16999,5.79488062930685,0,1e-05
17000,5.17794362599991,0,1e-05
17001,5.79417165664868,0,1e-05
17002,5.17723199518595,0,1e-05
17003,5.79346269320841,0,1e-05
17004,5.17652038149104,0,1e-05
17005,5.79275373890464,0,1e-05
17006,5.17580878489323,0,1e-05
17007,5.79204479359338,0,1e-05
17008,5.17509720525408,0,1e-05
17009,5.79133585718564,0,1e-05
17010,5.17438564246834,0,1e-05
17011,5.79062692958873,0,1e-05
17012,5.17367409648043,0,1e-05
17013,5.78991801072267,0,1e-05
17014,5.17296256713917,0,1e-05
17015,5.78920910052448,0,1e-05
17016,5.17225105462269,0,1e-05
17017,5.7885001990395,0,1e-05
17018,5.17153955858051,0,1e-05
17019,5.78779130596055,0,1e-05
17020,5.17082807907879,0,1e-05
17021,5.78708242145917,0,1e-05
17022,5.17011661613054,0,1e-05
17023,5.78637354533843,0,1e-05
17024,5.16940516933882,0,1e-05
17025,5.78566467732793,0,1e-05
17026,5.16869373875964,0,1e-05
17027,5.78495581757081,0,1e-05
17028,5.16798232436646,0,1e-05
17029,5.78424696590049,0,1e-05
17030,5.1672709260163,0,1e-05
17031,5.78353812222363,0,1e-05
17032,5.16655954359059,0,1e-05
17033,5.78282928644596,0,1e-05
17034,5.16584817711341,0,1e-05
17035,5.78212045857591,0,1e-05
17036,5.16513682635342,0,1e-05
17037,5.78141163830362,0,1e-05
17038,5.16442549121961,0,1e-05
17039,5.78070282576756,0,1e-05
17040,5.16371417183974,0,1e-05
17041,5.77999402081695,0,1e-05
17042,5.16300286810103,0,1e-05
17043,5.77928522358019,0,1e-05
17044,5.16229157974733,0,1e-05
17045,5.77857643363135,0,1e-05
17046,5.161580306961,0,1e-05
17047,5.77786765120406,0,1e-05
17048,5.16086904951455,0,1e-05
17049,5.7771588760819,0,1e-05
17050,5.1601578073886,0,1e-05
17051,5.77645010812499,0,1e-05
17052,5.15944658013757,0,1e-05
17053,5.77574134719092,0,1e-05
17054,5.1587353681402,0,1e-05
17055,5.77503259329325,0,1e-05
17056,5.15802417111906,0,1e-05
17057,5.77432384645416,0,1e-05
17058,5.15731298901151,0,1e-05
17059,5.77361510642589,0,1e-05
17060,5.15660182172329,0,1e-05
17061,5.772906373219,0,1e-05
17062,5.15589066913471,0,1e-05
17063,5.77219764663132,0,1e-05
17064,5.1551795312462,0,1e-05
17065,5.77148892675459,0,1e-05
17066,5.15446840788722,0,1e-05
17067,5.77078021339436,0,1e-05
17068,5.15375729923752,0,1e-05
17069,5.77007150666883,0,1e-05
17070,5.15304620493237,0,1e-05
17071,5.76936280618813,0,1e-05
17072,5.15233512484883,0,1e-05
17073,5.76865411194632,0,1e-05
17074,5.15162405901611,0,1e-05
17075,5.76794542389176,0,1e-05
17076,5.15091300745803,0,1e-05
17077,5.76723674207535,0,1e-05
17078,5.15020196981928,0,1e-05
17079,5.76652806621147,0,1e-05
17080,5.1494909462171,0,1e-05
17081,5.76581939631366,0,1e-05
17082,5.14877993658623,0,1e-05
17083,5.76511073229423,0,1e-05
17084,5.14806894072585,0,1e-05
17085,5.76440207408189,0,1e-05
17086,5.14735795866175,0,1e-05
17087,5.7636934216371,0,1e-05
17088,5.14664699027598,0,1e-05
17089,5.76298477479577,0,1e-05
17090,5.1459360354341,0,1e-05
17091,5.76227613349394,0,1e-05
17092,5.1452250940426,0,1e-05
17093,5.76156749754522,0,1e-05
17094,5.14451416607429,0,1e-05
17095,5.76085886708135,0,1e-05
17096,5.14380325144055,0,1e-05
17097,5.76015024182451,0,1e-05
17098,5.14309235014167,0,1e-05
17099,5.7594416219657,0,1e-05
17100,5.14238146187199,0,1e-05
17101,5.75873300701321,0,1e-05
17102,5.14167058666027,0,1e-05
17103,5.75802439713502,0,1e-05
17104,5.14095972449163,0,1e-05
17105,5.75731579233361,0,1e-05
17106,5.14024887525714,0,1e-05
17107,5.7566071923106,0,1e-05
17108,5.13953803884723,0,1e-05
17109,5.75589859714048,0,1e-05
17110,5.13882721528828,0,1e-05
17111,5.75519000675487,0,1e-05
17112,5.13811640444068,0,1e-05
17113,5.75448142123684,0,1e-05
17114,5.13740560626441,0,1e-05
17115,5.75377284016696,0,1e-05
17116,5.13669482049077,0,1e-05
17117,5.75306426345914,0,1e-05
17118,5.13598404719024,0,1e-05
17119,5.75235569129466,0,1e-05
17120,5.13527328615567,0,1e-05
17121,5.75164712340964,0,1e-05
17122,5.13456253748357,0,1e-05
17123,5.75093855967472,0,1e-05
17124,5.13385180097596,0,1e-05
17125,5.75023000016499,0,1e-05
17126,5.13314107648474,0,1e-05
17127,5.74952144466896,0,1e-05
17128,5.13243036421771,0,1e-05
17129,5.74881289337025,0,1e-05
17130,5.13171966366941,0,1e-05
17131,5.74810434576693,0,1e-05
17132,5.13100897506927,0,1e-05
17133,5.74739580208036,0,1e-05
17134,5.13029829834244,0,1e-05
17135,5.74668726219235,0,1e-05
17136,5.12958763320781,0,1e-05
17137,5.74597872590141,0,1e-05
17138,5.12887697969109,0,1e-05
17139,5.74527019318582,0,1e-05
17140,5.12816633764942,0,1e-05
17141,5.74456166389521,0,1e-05
17142,5.12745570711003,0,1e-05
17143,5.7438531381344,0,1e-05
17144,5.12674508796425,0,1e-05
17145,5.74314461572909,0,1e-05
17146,5.12603448016494,0,1e-05
17147,5.74243609671036,0,1e-05
17148,5.12532388344593,0,1e-05
17149,5.7417275806212,0,1e-05
17150,5.12461329787023,0,1e-05
17151,5.74101906772528,0,1e-05
17152,5.12390272339565,0,1e-05
17153,5.7403105578879,0,1e-05
17154,5.12319215978808,0,1e-05
17155,5.73960205080837,0,1e-05
17156,5.12248160706001,0,1e-05
17157,5.73889354661425,0,1e-05
17158,5.12177106506409,0,1e-05
17159,5.73818504524673,0,1e-05
17160,5.12106053380666,0,1e-05
17161,5.73747654653795,0,1e-05
17162,5.12035001330314,0,1e-05
17163,5.73676805049756,0,1e-05
17164,5.11963950327557,0,1e-05
17165,5.73605955693491,0,1e-05
17166,5.11892900368424,0,1e-05
17167,5.73535106582762,0,1e-05
17168,5.11821851452707,0,1e-05
17169,5.73464257712908,0,1e-05
17170,5.11750803571755,0,1e-05
17171,5.73393409068776,0,1e-05
17172,5.11679756718818,0,1e-05
17173,5.73322560650725,0,1e-05
17174,5.11608710877421,0,1e-05
17175,5.73251712451836,0,1e-05
17176,5.11537666044289,0,1e-05
17177,5.73180864450025,0,1e-05
17178,5.11466622212539,0,1e-05
17179,5.73110016642423,0,1e-05
17180,5.11395579362111,0,1e-05
17181,5.73039169022948,0,1e-05
17182,5.11324537493035,0,1e-05
17183,5.72968321580946,0,1e-05
17184,5.11253496597308,0,1e-05
17185,5.72897474305072,0,1e-05
17186,5.11182456667436,0,1e-05
17187,5.72826627192754,0,1e-05
17188,5.11111417697564,0,1e-05
17189,5.72755780240229,0,1e-05
17190,5.11040379679259,0,1e-05
17191,5.7268493343185,0,1e-05
17192,5.10969342593827,0,1e-05
17193,5.72614086765956,0,1e-05
17194,5.10898306450339,0,1e-05
17195,5.72543240232426,0,1e-05
17196,5.1082727123811,0,1e-05
17197,5.72472393822159,0,1e-05
17198,5.10756236937514,0,1e-05
17199,5.72401547531552,0,1e-05
17200,5.10685203551764,0,1e-05
17201,5.7233070135257,0,1e-05
17202,5.10614171071756,0,1e-05
17203,5.72259855273981,0,1e-05
17204,5.10543139482882,0,1e-05
17205,5.72189009279203,0,1e-05
17206,5.10472108774422,0,1e-05
17207,5.7211816336017,0,1e-05
17208,5.10401078945237,0,1e-05
17209,5.7204731752666,0,1e-05
17210,5.1033004998273,0,1e-05
17211,5.71976471753079,0,1e-05
17212,5.10259021882065,0,1e-05
17213,5.71905626038426,0,1e-05
17214,5.10187994637846,0,1e-05
17215,5.71834780378132,0,1e-05
17216,5.10116968228398,0,1e-05
17217,5.71763934754896,0,1e-05
17218,5.10045942666464,0,1e-05
17219,5.71693089167789,0,1e-05
17220,5.09974917932551,0,1e-05
17221,5.71622243611153,0,1e-05
17222,5.09903894019224,0,1e-05
17223,5.71551398072113,0,1e-05
17224,5.09832870924813,0,1e-05
17225,5.71480552547209,0,1e-05
17226,5.09761848627798,0,1e-05
17227,5.71409707025228,0,1e-05
17228,5.0969082713654,0,1e-05
17229,5.71338861496301,0,1e-05
17230,5.09619806431726,0,1e-05
17231,5.7126801595172,0,1e-05
17232,5.0954878650278,0,1e-05
17233,5.71197170386094,0,1e-05
17234,5.09477767347371,0,1e-05
17235,5.7112632478143,0,1e-05
17236,5.09406748952364,0,1e-05
17237,5.71055479146294,0,1e-05
17238,5.09335731323135,0,1e-05
17239,5.70984633466118,0,1e-05
17240,5.09264714438579,0,1e-05
17241,5.70913787739151,0,1e-05
17242,5.09193698298039,0,1e-05
17243,5.70842941938893,0,1e-05
17244,5.09122682885336,0,1e-05
17245,5.70772096071046,0,1e-05
17246,5.09051668203989,0,1e-05
17247,5.70701250126146,0,1e-05
17248,5.08980654227461,0,1e-05
17249,5.70630404088218,0,1e-05
17250,5.08909640963275,0,1e-05
17251,5.705595579592,0,1e-05
17252,5.08838628405568,0,1e-05
17253,5.70488711734441,0,1e-05
17254,5.08767616539395,0,1e-05
17255,5.70417865396581,0,1e-05
17256,5.08696605346485,0,1e-05
17257,5.70347018930513,0,1e-05
17258,5.08625594841364,0,1e-05
17259,5.70276172347072,0,1e-05
17260,5.085545850003,0,1e-05
17261,5.70205325623135,0,1e-05
17262,5.08483575817633,0,1e-05
17263,5.70134478755867,0,1e-05
17264,5.08412567291602,0,1e-05
17265,5.70063631747785,0,1e-05
17266,5.08341559409214,0,1e-05
17267,5.69992784569955,0,1e-05
17268,5.08270552164739,0,1e-05
17269,5.69921937239149,0,1e-05
17270,5.08199545551694,0,1e-05
17271,5.69851089720103,0,1e-05
17272,5.08128539543413,0,1e-05
17273,5.69780242020078,0,1e-05
17274,5.08057534162189,0,1e-05
17275,5.69709394136128,0,1e-05
17276,5.07986529387927,0,1e-05
17277,5.69638546055058,0,1e-05
17278,5.07915525215851,0,1e-05
17279,5.69567697775706,0,1e-05
17280,5.07844521632948,0,1e-05
17281,5.69496849276818,0,1e-05
17282,5.07773518622643,0,1e-05
17283,5.6942600055155,0,1e-05
17284,5.0770251619039,0,1e-05
17285,5.69355151596092,0,1e-05
17286,5.07631514318365,0,1e-05
17287,5.69284302401597,0,1e-05
17288,5.07560513009932,0,1e-05
17289,5.69213452967729,0,1e-05
17290,5.07489512250908,0,1e-05
17291,5.69142603280353,0,1e-05
17292,5.07418512032511,0,1e-05
17293,5.69071753322587,0,1e-05
17294,5.07347512335241,0,1e-05
17295,5.69000903092112,0,1e-05
17296,5.0727651316921,0,1e-05
17297,5.68930052579923,0,1e-05
17298,5.07205514523053,0,1e-05
17299,5.68859201792279,0,1e-05
17300,5.07134516390294,0,1e-05
17301,5.6878835071017,0,1e-05
17302,5.07063518757122,0,1e-05
17303,5.6871749932428,0,1e-05
17304,5.06992521620677,0,1e-05
17305,5.68646647635033,0,1e-05
17306,5.06921524970804,0,1e-05
17307,5.6857579562786,0,1e-05
17308,5.06850528799666,0,1e-05
17309,5.6850494329004,0,1e-05
17310,5.06779533096204,0,1e-05
17311,5.68434090614915,0,1e-05
17312,5.06708537858744,0,1e-05
17313,5.68363237604921,0,1e-05
17314,5.06637543078596,0,1e-05
17315,5.6829238424455,0,1e-05
17316,5.06566548739548,0,1e-05
17317,5.68221530526152,0,1e-05
17318,5.06495554838554,0,1e-05
17319,5.68150676437663,0,1e-05
17320,5.06424561369127,0,1e-05
17321,5.68079821981049,0,1e-05
17322,5.06353568325536,0,1e-05
17323,5.68008967145289,0,1e-05
17324,5.06282575697657,0,1e-05
17325,5.67938111914991,0,1e-05
17326,5.06211583471632,0,1e-05
17327,5.67867256285213,0,1e-05
17328,5.06140591643293,0,1e-05
17329,5.67796400251998,0,1e-05
17330,5.06069600212404,0,1e-05
17331,5.67725543810111,0,1e-05
17332,5.05998609163242,0,1e-05
17333,5.67654686940778,0,1e-05
17334,5.05927618490203,0,1e-05
17335,5.67583829648466,0,1e-05
17336,5.05856628189506,0,1e-05
17337,5.67512971925844,0,1e-05
17338,5.05785638250289,0,1e-05
17339,5.67442113753539,0,1e-05
17340,5.05714648658716,0,1e-05
17341,5.67371255125059,0,1e-05
17342,5.05643659410695,0,1e-05
17343,5.67300396036231,0,1e-05
17344,5.05572670499748,0,1e-05
17345,5.67229536481337,0,1e-05
17346,5.05501681921525,0,1e-05
17347,5.67158676453877,0,1e-05
17348,5.05430693661322,0,1e-05
17349,5.67087815936661,0,1e-05
17350,5.05359705714859,0,1e-05
17351,5.67016954928742,0,1e-05
17352,5.05288718068799,0,1e-05
17353,5.66946093416744,0,1e-05
17354,5.0521773072824,0,1e-05
17355,5.66875231406731,0,1e-05
17356,5.05146743675896,0,1e-05
17357,5.66804368877933,0,1e-05
17358,5.05075756910069,0,1e-05
17359,5.6673350582899,0,1e-05
17360,5.05004770413585,0,1e-05
17361,5.66662642245607,0,1e-05
17362,5.04933784186893,0,1e-05
17363,5.66591778128975,0,1e-05
17364,5.04862798225008,0,1e-05
17365,5.6652091346529,0,1e-05
17366,5.04791812506944,0,1e-05
17367,5.66450048246321,0,1e-05
17368,5.04720827036674,0,1e-05
17369,5.66379182466377,0,1e-05
17370,5.0464984180103,0,1e-05
17371,5.66308316116628,0,1e-05
17372,5.04578856797634,0,1e-05
17373,5.66237449189506,0,1e-05
17374,5.04507872008489,0,1e-05
17375,5.66166581671934,0,1e-05
17376,5.04436887438159,0,1e-05
17377,5.66095713567063,0,1e-05
17378,5.04365903068913,0,1e-05
17379,5.66024844862121,0,1e-05
17380,5.04294918900084,0,1e-05
17381,5.6595397554279,0,1e-05
17382,5.04223934916955,0,1e-05
17383,5.6588310561252,0,1e-05
17384,5.04152951121076,0,1e-05
17385,5.65812235055912,0,1e-05
17386,5.04081967495567,0,1e-05
17387,5.65741363864823,0,1e-05
17388,5.04010984037515,0,1e-05
17389,5.65670492031723,0,1e-05
17390,5.03940000735504,0,1e-05
17391,5.65599619551972,0,1e-05
17392,5.03869017582442,0,1e-05
17393,5.65528746415833,0,1e-05
17394,5.03798034576476,0,1e-05
17395,5.65457872616637,0,1e-05
17396,5.03727051705877,0,1e-05
17397,5.65386998146414,0,1e-05
17398,5.03656068959296,0,1e-05
17399,5.65316122996025,0,1e-05
17400,5.03585086334621,0,1e-05
17401,5.65245247157362,0,1e-05
17402,5.0351410382158,0,1e-05
17403,5.65174370622422,0,1e-05
17404,5.03443121412783,0,1e-05
17405,5.65103493390421,0,1e-05
17406,5.03372139104611,0,1e-05
17407,5.65032615448163,0,1e-05
17408,5.03301156882986,0,1e-05
17409,5.64961736782354,0,1e-05
17410,5.03230174739798,0,1e-05
17411,5.64890857389109,0,1e-05
17412,5.03159192671243,0,1e-05
17413,5.64819977264961,0,1e-05
17414,5.03088210669794,0,1e-05
17415,5.64749096398721,0,1e-05
17416,5.03017228725853,0,1e-05
17417,5.64678214783296,0,1e-05
17418,5.02946246834483,0,1e-05
17419,5.64607332413037,0,1e-05
17420,5.02875264984667,0,1e-05
17421,5.64536449273817,0,1e-05
17422,5.02804283166711,0,1e-05
17423,5.64465565360992,0,1e-05
17424,5.02733301383903,0,1e-05
17425,5.64394680672748,0,1e-05
17426,5.02662319612107,0,1e-05
17427,5.64323795187779,0,1e-05
17428,5.02591337853953,0,1e-05
17429,5.6425290890811,0,1e-05
17430,5.02520356100396,0,1e-05
17431,5.64182021828311,0,1e-05
17432,5.0244937434542,0,1e-05
17433,5.64111133937524,0,1e-05
17434,5.02378392581674,0,1e-05
17435,5.64040245223353,0,1e-05
17436,5.02307410794859,0,1e-05
17437,5.63969355684881,0,1e-05
17438,5.02236428988273,0,1e-05
17439,5.63898465315108,0,1e-05
17440,5.02165447144592,0,1e-05
17441,5.63827574095765,0,1e-05
17442,5.02094465255222,0,1e-05
17443,5.63756682025053,0,1e-05
17444,5.02023483317507,0,1e-05
17445,5.63685789097528,0,1e-05
17446,5.01952501324635,0,1e-05
17447,5.63614895303892,0,1e-05
17448,5.01881519266165,0,1e-05
17449,5.63544000638795,0,1e-05
17450,5.01810537140404,0,1e-05
17451,5.63473105093852,0,1e-05
17452,5.01739554931111,0,1e-05
17453,5.63402208656325,0,1e-05
17454,5.01668572635924,0,1e-05
17455,5.63331311321742,0,1e-05
17456,5.01597590248008,0,1e-05
17457,5.63260413087009,0,1e-05
17458,5.01526607755541,0,1e-05
17459,5.63189513938689,0,1e-05
17460,5.01455625156389,0,1e-05
17461,5.63118613871637,0,1e-05
17462,5.01384642439536,0,1e-05
17463,5.63047712878139,0,1e-05
17464,5.01313659598474,0,1e-05
17465,5.62976810948765,0,1e-05
17466,5.01242676623451,0,1e-05
17467,5.62905908076514,0,1e-05
17468,5.01171693507406,0,1e-05
17469,5.62835004251218,0,1e-05
17470,5.01100710244244,0,1e-05
17471,5.62764099471237,0,1e-05
17472,5.01029726830677,0,1e-05
17473,5.62693193728472,0,1e-05
17474,5.00958743252846,0,1e-05
17475,5.62622287008397,0,1e-05
17476,5.00887759502434,0,1e-05
17477,5.62551379306236,0,1e-05
17478,5.00816775573666,0,1e-05
17479,5.62480470617141,0,1e-05
17480,5.00745791461775,0,1e-05
17481,5.62409560933696,0,1e-05
17482,5.00674807156131,0,1e-05
17483,5.62338650241463,0,1e-05
17484,5.0060382264809,0,1e-05
17485,5.62267738539042,0,1e-05
17486,5.00532837935753,0,1e-05
17487,5.62196825819752,0,1e-05
17488,5.0046185300679,0,1e-05
17489,5.62125912069942,0,1e-05
17490,5.0039086785074,0,1e-05
17491,5.6205499728325,0,1e-05
17492,5.00319882465827,0,1e-05
17493,5.61984081456947,0,1e-05
17494,5.00248896843176,0,1e-05
17495,5.61913164578147,0,1e-05
17496,5.00177910971161,0,1e-05
17497,5.61842246640166,0,1e-05
17498,5.00106924846846,0,1e-05
17499,5.61771327637967,0,1e-05
17500,5.0003593846195,0,1e-05
17501,5.61700407561016,0,1e-05
17502,4.99964951808446,0,1e-05
17503,5.61629486405337,0,1e-05
17504,4.99893964879378,0,1e-05
17505,5.61558564158684,0,1e-05
17506,4.99822977664198,0,1e-05
17507,5.61487640816523,0,1e-05
17508,4.99751990160923,0,1e-05
17509,5.61416716369167,0,1e-05
17510,4.9968100235693,0,1e-05
17511,5.61345790810974,0,1e-05
17512,4.99610014249483,0,1e-05
17513,5.6127486413683,0,1e-05
17514,4.9953902582784,0,1e-05
17515,5.61203936333953,0,1e-05
17516,4.99468037084682,0,1e-05
17517,5.61133007396494,0,1e-05
17518,4.99397048014667,0,1e-05
17519,5.61062077320504,0,1e-05
17520,4.99326058611211,0,1e-05
17521,5.60991146095113,0,1e-05
17522,4.9925506886236,0,1e-05
17523,5.60920213712466,0,1e-05
17524,4.99184078765664,0,1e-05
17525,5.60849280164973,0,1e-05
17526,4.99113088308068,0,1e-05
17527,5.60778345444016,0,1e-05
17528,4.99042097484588,0,1e-05
17529,5.60707409544199,0,1e-05
17530,4.98971106288091,0,1e-05
17531,5.60636472454445,0,1e-05
17532,4.98900114710956,0,1e-05
17533,5.60565534171831,0,1e-05
17534,4.98829122747322,0,1e-05
17535,5.60494594688296,0,1e-05
17536,4.98758130389329,0,1e-05
17537,5.60423653993503,0,1e-05
17538,4.98687137626908,0,1e-05
17539,5.60352712080087,0,1e-05
17540,4.9861614445464,0,1e-05
17541,5.60281768943443,0,1e-05
17542,4.98545150865113,0,1e-05
17543,5.60210824573511,0,1e-05
17544,4.9847415685189,0,1e-05
17545,5.60139878963263,0,1e-05
17546,4.98403162405299,0,1e-05
17547,5.60068932105654,0,1e-05
17548,4.98332167519884,0,1e-05
17549,5.59997983992629,0,1e-05
17550,4.98261172186059,0,1e-05
17551,5.59927034615398,0,1e-05
17552,4.98190176397109,0,1e-05
17553,5.5985608396759,0,1e-05
17554,4.98119180147923,0,1e-05
17555,5.59785132043923,0,1e-05
17556,4.98048183429845,0,1e-05
17557,5.59714178834582,0,1e-05
17558,4.97977186234949,0,1e-05
17559,5.59643224332257,0,1e-05
17560,4.97906188556425,0,1e-05
17561,5.59572268528913,0,1e-05
17562,4.97835190385448,0,1e-05
17563,5.59501311417169,0,1e-05
17564,4.9776419171617,0,1e-05
17565,5.59430352989998,0,1e-05
17566,4.97693192540702,0,1e-05
17567,5.59359393239435,0,1e-05
17568,4.97622192852172,0,1e-05
17569,5.59288432159341,0,1e-05
17570,4.97551192642944,0,1e-05
17571,5.59217469741121,0,1e-05
17572,4.97480191905772,0,1e-05
17573,5.5914650597683,0,1e-05
17574,4.9740919063253,0,1e-05
17575,5.59075540859136,0,1e-05
17576,4.97338188816391,0,1e-05
17577,5.59004574380538,0,1e-05
17578,4.97267186450215,0,1e-05
17579,5.58933606534117,0,1e-05
17580,4.97196183526632,0,1e-05
17581,5.58862637312509,0,1e-05
17582,4.97125180038389,0,1e-05
17583,5.58791666707218,0,1e-05
17584,4.97054175977542,0,1e-05
17585,5.5872069471123,0,1e-05
17586,4.96983171337212,0,1e-05
17587,5.58649721317127,0,1e-05
17588,4.96912166110015,0,1e-05
17589,5.58578746517336,0,1e-05
17590,4.96841160288705,0,1e-05
17591,5.58507770304464,0,1e-05
17592,4.967701538659,0,1e-05
17593,5.5843679267099,0,1e-05
17594,4.96699146834346,0,1e-05
17595,5.58365813609467,0,1e-05
17596,4.96628139186638,0,1e-05
17597,5.58294833112365,0,1e-05
17598,4.96557130915578,0,1e-05
17599,5.58223851172163,0,1e-05
17600,4.9648612201391,0,1e-05
17601,5.58152867781595,0,1e-05
17602,4.96415112474374,0,1e-05
17603,5.58081882933243,0,1e-05
17604,4.96344102289573,0,1e-05
17605,5.58010896619526,0,1e-05
17606,4.9627309145216,0,1e-05
17607,5.57939908832649,0,1e-05
17608,4.96202079954958,0,1e-05
17609,5.57868919565752,0,1e-05
17610,4.96131067790882,0,1e-05
17611,5.5779792881117,0,1e-05
17612,4.96060054952349,0,1e-05
17613,5.57726936561227,0,1e-05
17614,4.95989041432591,0,1e-05
17615,5.57655942809077,0,1e-05
17616,4.95918027223756,0,1e-05
17617,5.57584947546608,0,1e-05
17618,4.95847012318476,0,1e-05
17619,5.57513950766327,0,1e-05
17620,4.95775996710403,0,1e-05
17621,5.57442952461761,0,1e-05
17622,4.95704980391974,0,1e-05
17623,5.57371952624981,0,1e-05
17624,4.9563396335585,0,1e-05
17625,5.5730095124854,0,1e-05
17626,4.95562945593862,0,1e-05
17627,5.57229948324763,0,1e-05
17628,4.95491927100711,0,1e-05
17629,5.5715894384597,0,1e-05
17630,4.9542090786734,0,1e-05
17631,5.57087937805581,0,1e-05
17632,4.95349887888014,0,1e-05
17633,5.57016930197192,0,1e-05
17634,4.95278867155314,0,1e-05
17635,5.56945921011127,0,1e-05
17636,4.95207845661257,0,1e-05
17637,5.56874910241576,0,1e-05
17638,4.95136823396776,0,1e-05
17639,5.56803897878738,0,1e-05
17640,4.95065800359472,0,1e-05
17641,5.56732883918782,0,1e-05
17642,4.94994776538906,0,1e-05
17643,5.5666186835146,0,1e-05
17644,4.94923751927629,0,1e-05
17645,5.56590851170752,0,1e-05
17646,4.94852726520107,0,1e-05
17647,5.56519832369273,0,1e-05
17648,4.947817003078,0,1e-05
17649,5.5644881193941,0,1e-05
17650,4.94710673284798,0,1e-05
17651,5.56377789873837,0,1e-05
17652,4.94639645442364,0,1e-05
17653,5.56306766163773,0,1e-05
17654,4.94568616772972,0,1e-05
17655,5.56235740803464,0,1e-05
17656,4.94497587271547,0,1e-05
17657,5.56164713784381,0,1e-05
17658,4.94426556928409,0,1e-05
17659,5.56093685099509,0,1e-05
17660,4.94355525739802,0,1e-05
17661,5.56022654742158,0,1e-05
17662,4.94284493693667,0,1e-05
17663,5.55951622706402,0,1e-05
17664,4.9421346079127,0,1e-05
17665,5.55880588984782,0,1e-05
17666,4.94142427018506,0,1e-05
17667,5.55809553567609,0,1e-05
17668,4.94071392370693,0,1e-05
17669,5.55738516449407,0,1e-05
17670,4.94000356840569,0,1e-05
17671,5.55667477622261,0,1e-05
17672,4.93929320419727,0,1e-05
17673,5.55596437076427,0,1e-05
17674,4.93858283101785,0,1e-05
17675,5.55525394807708,0,1e-05
17676,4.93787244878367,0,1e-05
17677,5.55454350808609,0,1e-05
17678,4.93716205744759,0,1e-05
17679,5.55383305068362,0,1e-05
17680,4.9364516569128,0,1e-05
17681,5.55312257584059,0,1e-05
17682,4.93574124714696,0,1e-05
17683,5.55241208347019,0,1e-05
17684,4.93503082804771,0,1e-05
17685,5.55170157349444,0,1e-05
17686,4.93432039955083,0,1e-05
17687,5.55099104584759,0,1e-05
17688,4.93360996156544,0,1e-05
17689,5.55028050041622,0,1e-05
17690,4.93289951403364,0,1e-05
17691,5.54956993716194,0,1e-05
17692,4.93218905690734,0,1e-05
17693,5.54885935603603,0,1e-05
17694,4.93147859012775,0,1e-05
17695,5.54814875696334,0,1e-05
17696,4.93076811358195,0,1e-05
17697,5.54743813980364,0,1e-05
17698,4.93005762720751,0,1e-05
17699,5.5467275045511,0,1e-05
17700,4.92934713092302,0,1e-05
17701,5.5460168510909,0,1e-05
17702,4.92863662468151,0,1e-05
17703,5.54530617938379,0,1e-05
17704,4.92792610841781,0,1e-05
17705,5.54459548933885,0,1e-05
17706,4.92721558207705,0,1e-05
17707,5.54388478090174,0,1e-05
17708,4.92650504551581,0,1e-05
17709,5.54317405397836,0,1e-05
17710,4.92579449874524,0,1e-05
17711,5.54246330851234,0,1e-05
17712,4.92508394165282,0,1e-05
17713,5.54175254441992,0,1e-05
17714,4.92437337415463,0,1e-05
17715,5.5410417615939,0,1e-05
17716,4.9236627961967,0,1e-05
17717,5.5403309600432,0,1e-05
17718,4.92295220773997,0,1e-05
17719,5.53962013963782,0,1e-05
17720,4.92224160869374,0,1e-05
17721,5.53890930034046,0,1e-05
17722,4.92153099898653,0,1e-05
17723,5.53819844206252,0,1e-05
17724,4.9208203785389,0,1e-05
17725,5.53748756472851,0,1e-05
17726,4.92010974730882,0,1e-05
17727,5.53677666827584,0,1e-05
17728,4.9193991051805,0,1e-05
17729,5.53606575258911,0,1e-05
17730,4.91868845209216,0,1e-05
17731,5.53535481761779,0,1e-05
17732,4.91797778797627,0,1e-05
17733,5.53464386327913,0,1e-05
17734,4.91726711278883,0,1e-05
17735,5.53393288955462,0,1e-05
17736,4.91655642643876,0,1e-05
17737,5.53322189632708,0,1e-05
17738,4.91584572888374,0,1e-05
17739,5.53251088354088,0,1e-05
17740,4.91513502001503,0,1e-05
17741,5.53179985113168,0,1e-05
17742,4.9144242998191,0,1e-05
17743,5.53108879900824,0,1e-05
17744,4.91371356813895,0,1e-05
17745,5.53037772707859,0,1e-05
17746,4.91300282499293,0,1e-05
17747,5.52966663532295,0,1e-05
17748,4.91229207026092,0,1e-05
17749,5.52895552366218,0,1e-05
17750,4.91158130389178,0,1e-05
17751,5.52824439196586,0,1e-05
17752,4.910870525803,0,1e-05
17753,5.52753324025436,0,1e-05
17754,4.91015973590517,0,1e-05
17755,5.52682206829216,0,1e-05
17756,4.90944893416435,0,1e-05
17757,5.5261108762063,0,1e-05
17758,4.90873812052474,0,1e-05
17759,5.52539966385138,0,1e-05
17760,4.90802729493405,0,1e-05
17761,5.5246884311333,0,1e-05
17762,4.90731645725881,0,1e-05
17763,5.52397717799623,0,1e-05
17764,4.9066056074496,0,1e-05
17765,5.52326590434079,0,1e-05
17766,4.90589474544138,0,1e-05
17767,5.52255461012365,0,1e-05
17768,4.90518387118851,0,1e-05
17769,5.52184329531052,0,1e-05
17770,4.90447298461653,0,1e-05
17771,5.52113195973191,0,1e-05
17772,4.90376208559041,0,1e-05
17773,5.52042060337163,0,1e-05
17774,4.90305117412293,0,1e-05
17775,5.51970922617339,0,1e-05
17776,4.90234025016769,0,1e-05
17777,5.51899782810248,0,1e-05
17778,4.90162931356484,0,1e-05
17779,5.51828640900487,0,1e-05
17780,4.90091836426208,0,1e-05
17781,5.51757496880135,0,1e-05
17782,4.90020740223426,0,1e-05
17783,5.51686350748705,0,1e-05
17784,4.89949642742537,0,1e-05
17785,5.5161520250176,0,1e-05
17786,4.89878543972946,0,1e-05
17787,5.51544052124242,0,1e-05
17788,4.89807443909686,0,1e-05
17789,5.51472899610223,0,1e-05
17790,4.89736342546901,0,1e-05
17791,5.51401744959876,0,1e-05
17792,4.89665239869043,0,1e-05
17793,5.51330588155955,0,1e-05
17794,4.89594135882433,0,1e-05
17795,5.51259429199472,0,1e-05
17796,4.89523030572199,0,1e-05
17797,5.51188268076932,0,1e-05
17798,4.89451923932664,0,1e-05
17799,5.51117104788192,0,1e-05
17800,4.89380815959436,0,1e-05
17801,5.5104593932262,0,1e-05
17802,4.89309706652663,0,1e-05
17803,5.50974771674642,0,1e-05
17804,4.8923859598619,0,1e-05
17805,5.50903601833691,0,1e-05
17806,4.89167483965042,0,1e-05
17807,5.50832429789007,0,1e-05
17808,4.89096370582863,0,1e-05
17809,5.50761255549591,0,1e-05
17810,4.89025255833725,0,1e-05
17811,5.50690079086139,0,1e-05
17812,4.88954139706328,0,1e-05
17813,5.50618900412158,0,1e-05
17814,4.88883022195698,0,1e-05
17815,5.505477195081,0,1e-05
17816,4.88811903291404,0,1e-05
17817,5.50476536366322,0,1e-05
17818,4.88740782995102,0,1e-05
17819,5.50405350989368,0,1e-05
17820,4.88669661296163,0,1e-05
17821,5.50334163364385,0,1e-05
17822,4.88598538183877,0,1e-05
17823,5.50262973480405,0,1e-05
17824,4.88527413651165,0,1e-05
17825,5.50191781337381,0,1e-05
17826,4.88456287698726,0,1e-05
17827,5.50120586918989,0,1e-05
17828,4.8838516031057,0,1e-05
17829,5.50049390225082,0,1e-05
17830,4.88314031490395,0,1e-05
17831,5.49978191254429,0,1e-05
17832,4.8824290121618,0,1e-05
17833,5.4990698998322,0,1e-05
17834,4.88171769500628,0,1e-05
17835,5.49835786425795,0,1e-05
17836,4.88100636325077,0,1e-05
17837,5.49764580557946,0,1e-05
17838,4.88029501688746,0,1e-05
17839,5.49693372382505,0,1e-05
17840,4.87958365584262,0,1e-05
17841,5.49622161896372,0,1e-05
17842,4.87887227998098,0,1e-05
17843,5.49550949070685,0,1e-05
17844,4.87816088928377,0,1e-05
17845,5.49479733925516,0,1e-05
17846,4.87744948370527,0,1e-05
17847,5.49408516441529,0,1e-05
17848,4.87673806315313,0,1e-05
17849,5.49337296609436,0,1e-05
17850,4.87602662759863,0,1e-05
17851,5.4926607442713,0,1e-05
17852,4.87531517690173,0,1e-05
17853,5.49194849882899,0,1e-05
17854,4.87460371101062,0,1e-05
17855,5.49123622969253,0,1e-05
17856,4.87389222989589,0,1e-05
17857,5.49052393686712,0,1e-05
17858,4.87318073342219,0,1e-05
17859,5.48981162015554,0,1e-05
17860,4.87246922160481,0,1e-05
17861,5.4890992796365,0,1e-05
17862,4.87175769435146,0,1e-05
17863,5.48838691510452,0,1e-05
17864,4.87104615161529,0,1e-05
17865,5.48767452666972,0,1e-05
17866,4.87033459333771,0,1e-05
17867,5.48696211411678,0,1e-05
17868,4.86962301929508,0,1e-05
17869,5.48624967732092,0,1e-05
17870,4.86891142972667,0,1e-05
17871,5.48553721651995,0,1e-05
17872,4.86819982439474,0,1e-05
17873,5.48482473136414,0,1e-05
17874,4.86748820314752,0,1e-05
17875,5.48411222182583,0,1e-05
17876,4.86677656605294,0,1e-05
17877,5.48339968784477,0,1e-05
17878,4.86606491304372,0,1e-05
17879,5.48268712943227,0,1e-05
17880,4.86535324395803,0,1e-05
17881,5.48197454648228,0,1e-05
17882,4.86464155882563,0,1e-05
17883,5.48126193891787,0,1e-05
17884,4.86392985746176,0,1e-05
17885,5.48054930656448,0,1e-05
17886,4.86321813991809,0,1e-05
17887,5.47983664952416,0,1e-05
17888,4.86250640604647,0,1e-05
17889,5.47912396752027,0,1e-05
17890,4.86179465577648,0,1e-05
17891,5.47841126069454,0,1e-05
17892,4.86108288913675,0,1e-05
17893,5.47769852885973,0,1e-05
17894,4.86037110593031,0,1e-05
17895,5.47698577198494,0,1e-05
17896,4.85965930626558,0,1e-05
17897,5.47627299005195,0,1e-05
17898,4.8589474900487,0,1e-05
17899,5.47556018293804,0,1e-05
17900,4.85823565699631,0,1e-05
17901,5.47484735057103,0,1e-05
17902,4.85752380722014,0,1e-05
17903,5.47413449284661,0,1e-05
17904,4.85681194067251,0,1e-05
17905,5.47342160969186,0,1e-05
17906,4.85610005711849,0,1e-05
17907,5.47270870105329,0,1e-05
17908,4.85538815677576,0,1e-05
17909,5.47199576704754,0,1e-05
17910,4.85467623928736,0,1e-05
17911,5.47128280727537,0,1e-05
17912,4.85396430473651,0,1e-05
17913,5.47056982190834,0,1e-05
17914,4.85325235307198,0,1e-05
17915,5.46985681079487,0,1e-05
17916,4.85254038413069,0,1e-05
17917,5.46914377385156,0,1e-05
17918,4.85182839794123,0,1e-05
17919,5.46843071103181,0,1e-05
17920,4.85111639434229,0,1e-05
17921,5.46771762217398,0,1e-05
17922,4.85040437326689,0,1e-05
17923,5.46700450736262,0,1e-05
17924,4.84969233479546,0,1e-05
17925,5.46629136644178,0,1e-05
17926,4.84898027875501,0,1e-05
17927,5.4655781994548,0,1e-05
17928,4.84826820522803,0,1e-05
17929,5.46486500626285,0,1e-05
17930,4.84755611390285,0,1e-05
17931,5.46415178673169,0,1e-05
17932,4.84684400496608,0,1e-05
17933,5.4634385410086,0,1e-05
17934,4.84613187825793,0,1e-05
17935,5.46272526886207,0,1e-05
17936,4.84541973371246,0,1e-05
17937,5.46201197026245,0,1e-05
17938,4.84470757128426,0,1e-05
17939,5.46129864510556,0,1e-05
17940,4.84399539084575,0,1e-05
17941,5.46058529326433,0,1e-05
17942,4.84328319226123,0,1e-05
17943,5.45987191483897,0,1e-05
17944,4.84257097560168,0,1e-05
17945,5.45915850948352,0,1e-05
17946,4.8418587406602,0,1e-05
17947,5.45844507731042,0,1e-05
17948,4.84114648761834,0,1e-05
17949,5.45773161838015,0,1e-05
17950,4.84043421623503,0,1e-05
17951,5.45701813248728,0,1e-05
17952,4.83972192646095,0,1e-05
17953,5.45630461955784,0,1e-05
17954,4.83900961830586,0,1e-05
17955,5.45559107951251,0,1e-05
17956,4.83829729159006,0,1e-05
17957,5.45487751234176,0,1e-05
17958,4.83758494634297,0,1e-05
17959,5.4541639179224,0,1e-05
17960,4.83687258246921,0,1e-05
17961,5.45345029628083,0,1e-05
17962,4.83616019989409,0,1e-05
17963,5.45273664723325,0,1e-05
17964,4.83544779852829,0,1e-05
17965,5.45202297071947,0,1e-05
17966,4.8347353784013,0,1e-05
17967,5.45130926678933,0,1e-05
17968,4.83402293936546,0,1e-05
17969,5.45059553524099,0,1e-05
17970,4.8333104813618,0,1e-05
17971,5.44988177607363,0,1e-05
17972,4.8325980044326,0,1e-05
17973,5.4491679892827,0,1e-05
17974,4.83188550847316,0,1e-05
17975,5.448454174744,0,1e-05
17976,4.83117299321221,0,1e-05
17977,5.44774033229303,0,1e-05
17978,4.83046045886471,0,1e-05
17979,5.44702646202067,0,1e-05
17980,4.82974790535793,0,1e-05
17981,5.4463125638202,0,1e-05
17982,4.82903533233948,0,1e-05
17983,5.44559863750499,0,1e-05
17984,4.82832273999795,0,1e-05
17985,5.44488468315323,0,1e-05
17986,4.82761012835817,0,1e-05
17987,5.44417070074517,0,1e-05
17988,4.82689749706839,0,1e-05
17989,5.44345669002508,0,1e-05
17990,4.8261848462327,0,1e-05
17991,5.4427426509689,0,1e-05
17992,4.82547217575341,0,1e-05
17993,5.44202858352842,0,1e-05
17994,4.82475948543439,0,1e-05
17995,5.4413144876525,0,1e-05
17996,4.82404677526365,0,1e-05
17997,5.44060036317692,0,1e-05
17998,4.82333404554959,0,1e-05
17999,5.43988621035002,0,1e-05
18000,4.82262129604522,0,1e-05
18001,5.43917202905402,0,1e-05
18002,4.82190852645637,0,1e-05
18003,5.4384578188903,0,1e-05
18004,4.82119573684777,0,1e-05
18005,5.43774358001708,0,1e-05
18006,4.8204829271171,0,1e-05
18007,5.4370293121335,0,1e-05
18008,4.81977009711866,0,1e-05
18009,5.43631501538823,0,1e-05
18010,4.81905724713063,0,1e-05
18011,5.43560068988768,0,1e-05
18012,4.81834437693123,0,1e-05
18013,5.43488633542901,0,1e-05
18014,4.81763148645286,0,1e-05
18015,5.4341719518773,0,1e-05
18016,4.81691857553346,0,1e-05
18017,5.43345753910178,0,1e-05
18018,4.81620564412333,0,1e-05
18019,5.43274309706146,0,1e-05
18020,4.81549269220513,0,1e-05
18021,5.43202862574681,0,1e-05
18022,4.81477971966598,0,1e-05
18023,5.43131412511176,0,1e-05
18024,4.814066726591,0,1e-05
18025,5.43059959509791,0,1e-05
18026,4.81335371280763,0,1e-05
18027,5.42988503557565,0,1e-05
18028,4.81264067824793,0,1e-05
18029,5.4291704466029,0,1e-05
18030,4.81192762292375,0,1e-05
18031,5.42845582790178,0,1e-05
18032,4.81121454669432,0,1e-05
18033,5.42774117957226,0,1e-05
18034,4.81050144958176,0,1e-05
18035,5.42702650159482,0,1e-05
18036,4.80978833148257,0,1e-05
18037,5.42631179376525,0,1e-05
18038,4.80907519224961,0,1e-05
18039,5.4255970561051,0,1e-05
18040,4.80836203196129,0,1e-05
18041,5.42488228847472,0,1e-05
18042,4.80764885047986,0,1e-05
18043,5.42416749086659,0,1e-05
18044,4.8069356477751,0,1e-05
18045,5.42345266320719,0,1e-05
18046,4.80622242371401,0,1e-05
18047,5.42273780536861,0,1e-05
18048,4.8055091782255,0,1e-05
18049,5.42202291729207,0,1e-05
18050,4.80479591137165,0,1e-05
18051,5.42130799895371,0,1e-05
18052,4.80408262299789,0,1e-05
18053,5.42059305038102,0,1e-05
18054,4.8033693131437,0,1e-05
18055,5.41987807140343,0,1e-05
18056,4.8026559815006,0,1e-05
18057,5.41916306177081,0,1e-05
18058,4.80194262835017,0,1e-05
18059,5.41844802178436,0,1e-05
18060,4.80122925336109,0,1e-05
18061,5.41773295123911,0,1e-05
18062,4.80051585665796,0,1e-05
18063,5.41701784994393,0,1e-05
18064,4.79980243801659,0,1e-05
18065,5.41630271798134,0,1e-05
18066,4.79908899756779,0,1e-05
18067,5.41558755530416,0,1e-05
18068,4.79837553511635,0,1e-05
18069,5.41487236163372,0,1e-05
18070,4.79766205045882,0,1e-05
18071,5.41415713709037,0,1e-05
18072,4.79694854383119,0,1e-05
18073,5.4134418815751,0,1e-05
18074,4.79623501497795,0,1e-05
18075,5.41272659509255,0,1e-05
18076,4.79552146401358,0,1e-05
18077,5.41201127745382,0,1e-05
18078,4.79480789072239,0,1e-05
18079,5.41129592864101,0,1e-05
18080,4.79409429498859,0,1e-05
18081,5.41058054863113,0,1e-05
18082,4.79338067698468,0,1e-05
18083,5.40986513731957,0,1e-05
18084,4.79266703645557,0,1e-05
18085,5.4091496946751,0,1e-05
18086,4.79195337346547,0,1e-05
18087,5.40843422051659,0,1e-05
18088,4.7912396878289,0,1e-05
18089,5.40771871488903,0,1e-05
18090,4.79052597963286,0,1e-05
18091,5.40700317780764,0,1e-05
18092,4.78981224875561,0,1e-05
18093,5.4062876090937,0,1e-05
18094,4.78909849518695,0,1e-05
18095,5.40557200879851,0,1e-05
18096,4.78838471868078,0,1e-05
18097,5.40485637660159,0,1e-05
18098,4.78767091939194,0,1e-05
18099,5.4041407127314,0,1e-05
18100,4.78695709706205,0,1e-05
18101,5.40342501684104,0,1e-05
18102,4.78624325165866,0,1e-05
18103,5.40270928889651,0,1e-05
18104,4.78552938315082,0,1e-05
18105,5.40199352896126,0,1e-05
18106,4.78481549158365,0,1e-05
18107,5.40127773709085,0,1e-05
18108,4.78410157705085,0,1e-05
18109,5.40056191318367,0,1e-05
18110,4.78338763911344,0,1e-05
18111,5.39984605695798,0,1e-05
18112,4.78267367795397,0,1e-05
18113,5.39913016852602,0,1e-05
18114,4.78195969324319,0,1e-05
18115,5.39841424771358,0,1e-05
18116,4.78124568539752,0,1e-05
18117,5.39769829470881,0,1e-05
18118,4.78053165397728,0,1e-05
18119,5.39698230911332,0,1e-05
18120,4.77981759905212,0,1e-05
18121,5.39626629103671,0,1e-05
18122,4.77910352051028,0,1e-05
18123,5.39555024044378,0,1e-05
18124,4.77838941842807,0,1e-05
18125,5.39483415728821,0,1e-05
18126,4.7776752926011,0,1e-05
18127,5.39411804140468,0,1e-05
18128,4.77696114300218,0,1e-05
18129,5.39340189263756,0,1e-05
18130,4.77624696953852,0,1e-05
18131,5.39268571114307,0,1e-05
18132,4.77553277231694,0,1e-05
18133,5.39196949686631,0,1e-05
18134,4.77481855111059,0,1e-05
18135,5.39125324946018,0,1e-05
18136,4.77410430572866,0,1e-05
18137,5.39053696900307,0,1e-05
18138,4.77339003646826,0,1e-05
18139,5.38982065562048,0,1e-05
18140,4.77267574303154,0,1e-05
18141,5.38910430902779,0,1e-05
18142,4.77196142528085,0,1e-05
18143,5.38838792920443,0,1e-05
18144,4.77124708343074,0,1e-05
18145,5.38767151609318,0,1e-05
18146,4.77053271740336,0,1e-05
18147,5.38695506981702,0,1e-05
18148,4.76981832690358,0,1e-05
18149,5.38623859000981,0,1e-05
18150,4.76910391200852,0,1e-05
18151,5.38552207675972,0,1e-05
18152,4.76838947258652,0,1e-05
18153,5.38480552995943,0,1e-05
18154,4.7676750087355,0,1e-05
18155,5.38408894967224,0,1e-05
18156,4.76696052028227,0,1e-05
18157,5.38337233571412,0,1e-05
18158,4.76624600717682,0,1e-05
18159,5.38265568796766,0,1e-05
18160,4.76553146929598,0,1e-05
18161,5.38193900654779,0,1e-05
18162,4.76481690663827,0,1e-05
18163,5.38122229102943,0,1e-05
18164,4.76410231917943,0,1e-05
18165,5.3805055419451,0,1e-05
18166,4.76338770697811,0,1e-05
18167,5.37978875882702,0,1e-05
18168,4.76267306969767,0,1e-05
18169,5.37907194164607,0,1e-05
18170,4.76195840760588,0,1e-05
18171,5.37835509051636,0,1e-05
18172,4.76124372034813,0,1e-05
18173,5.37763820517226,0,1e-05
18174,4.76052900808633,0,1e-05
18175,5.37692128559198,0,1e-05
18176,4.75981427068792,0,1e-05
18177,5.37620433194131,0,1e-05
18178,4.75909950813181,0,1e-05
18179,5.3754873437895,0,1e-05
18180,4.75838472007101,0,1e-05
18181,5.37477032126054,0,1e-05
18182,4.75766990692464,0,1e-05
18183,5.37405326451022,0,1e-05
18184,4.75695506843067,0,1e-05
18185,5.37333617321606,0,1e-05
18186,4.75624020446823,0,1e-05
18187,5.37261904741597,0,1e-05
18188,4.75552531513469,0,1e-05
18189,5.37190188695119,0,1e-05
18190,4.75481040019229,0,1e-05
18191,5.37118469188615,0,1e-05
18192,4.75409545984565,0,1e-05
18193,5.37046746219511,0,1e-05
18194,4.75338049375435,0,1e-05
18195,5.36975019752428,0,1e-05
18196,4.7526655018907,0,1e-05
18197,5.36903289813093,0,1e-05
18198,4.75195048453734,0,1e-05
18199,5.36831556385064,0,1e-05
18200,4.75123544118458,0,1e-05
18201,5.36759819441072,0,1e-05
18202,4.75052037196101,0,1e-05
18203,5.3668807902612,0,1e-05
18204,4.74980527694419,0,1e-05
18205,5.3661633509159,0,1e-05
18206,4.74909015588822,0,1e-05
18207,5.36544587641801,0,1e-05
18208,4.74837500892939,0,1e-05
18209,5.36472836668331,0,1e-05
18210,4.74765983576153,0,1e-05
18211,5.36401082165879,0,1e-05
18212,4.74694463632148,0,1e-05
18213,5.36329324127565,0,1e-05
18214,4.74622941085181,0,1e-05
18215,5.36257562538732,0,1e-05
18216,4.74551415896459,0,1e-05
18217,5.36185797394475,0,1e-05
18218,4.74479888045332,0,1e-05
18219,5.36114028690565,0,1e-05
18220,4.74408357600541,0,1e-05
18221,5.36042256453792,0,1e-05
18222,4.74336824491831,0,1e-05
18223,5.35970480631784,0,1e-05
18224,4.74265288729287,0,1e-05
18225,5.35898701239941,0,1e-05
18226,4.74193750299543,0,1e-05
18227,5.35826918274368,0,1e-05
18228,4.74122209248374,0,1e-05
18229,5.35755131728599,0,1e-05
18230,4.74050665534408,0,1e-05
18231,5.35683341633842,0,1e-05
18232,4.73979119171259,0,1e-05
18233,5.35611547935807,0,1e-05
18234,4.73907570095891,0,1e-05
18235,5.35539750609169,0,1e-05
18236,4.73836018349805,0,1e-05
18237,5.35467949684004,0,1e-05
18238,4.73764463906423,0,1e-05
18239,5.35396145131451,0,1e-05
18240,4.7369290676929,0,1e-05
18241,5.35324336952336,0,1e-05
18242,4.73621346902302,0,1e-05
18243,5.35252525135294,0,1e-05
18244,4.73549784337093,0,1e-05
18245,5.3518070969281,0,1e-05
18246,4.73478219066738,0,1e-05
18247,5.3510889060922,0,1e-05
18248,4.73406651102902,0,1e-05
18249,5.35037067909772,0,1e-05
18250,4.73335080394475,0,1e-05
18251,5.34965241533643,0,1e-05
18252,4.73263506969967,0,1e-05
18253,5.34893411501582,0,1e-05
18254,4.7319193079161,0,1e-05
18255,5.34821577809351,0,1e-05
18256,4.73120351894253,0,1e-05
18257,5.34749740454712,0,1e-05
18258,4.73048770278354,0,1e-05
18259,5.34677899447257,0,1e-05
18260,4.7297718588379,0,1e-05
18261,5.34606054733979,0,1e-05
18262,4.72905598743489,0,1e-05
18263,5.34534206329323,0,1e-05
18264,4.72834008813876,0,1e-05
18265,5.34462354227104,0,1e-05
18266,4.72762416124753,0,1e-05
18267,5.34390498420732,0,1e-05
18268,4.72690820701939,0,1e-05
18269,5.34318638954029,0,1e-05
18270,4.72619222476138,0,1e-05
18271,5.34246775738478,0,1e-05
18272,4.72547621484963,0,1e-05
18273,5.34174908832253,0,1e-05
18274,4.72476017709151,0,1e-05
18275,5.34103038204378,0,1e-05
18276,4.72404411147993,0,1e-05
18277,5.34031163844239,0,1e-05
18278,4.72332801787626,0,1e-05
18279,5.33959285778613,0,1e-05
18280,4.72261189636616,0,1e-05
18281,5.33887403968538,0,1e-05
18282,4.72189574670937,0,1e-05
18283,5.33815518395609,0,1e-05
18284,4.72117956895622,0,1e-05
18285,5.3374362909218,0,1e-05
18286,4.72046336305764,0,1e-05
18287,5.3367173600622,0,1e-05
18288,4.7197471287939,0,1e-05
18289,5.33599839178102,0,1e-05
18290,4.71903086631125,0,1e-05
18291,5.33527938564969,0,1e-05
18292,4.71831457553277,0,1e-05
18293,5.33456034198838,0,1e-05
18294,4.717598256156,0,1e-05
18295,5.33384126016312,0,1e-05
18296,4.71688190842283,0,1e-05
18297,5.33312214077868,0,1e-05
18298,4.71616553229979,0,1e-05
18299,5.33240298347014,0,1e-05
18300,4.71544912754458,0,1e-05
18301,5.33168378812106,0,1e-05
18302,4.71473269438368,0,1e-05
18303,5.3309645549612,0,1e-05
18304,4.71401623266436,0,1e-05
18305,5.33024528364196,0,1e-05
18306,4.713299741884,0,1e-05
18307,5.32952597398793,0,1e-05
18308,4.71258322233003,0,1e-05
18309,5.32880662613778,0,1e-05
18310,4.71186667404209,0,1e-05
18311,5.32808724018721,0,1e-05
18312,4.71115009694905,0,1e-05
18313,5.32736781573376,0,1e-05
18314,4.71043349068777,0,1e-05
18315,5.32664835268971,0,1e-05
18316,4.70971685565883,0,1e-05
18317,5.32592885139608,0,1e-05
18318,4.70900019132516,0,1e-05
18319,5.3252093114032,0,1e-05
18320,4.70828349794117,0,1e-05
18321,5.32448973309343,0,1e-05
18322,4.70756677557943,0,1e-05
18323,5.3237701160988,0,1e-05
18324,4.70685002415664,0,1e-05
18325,5.32305046057357,0,1e-05
18326,4.70613324340729,0,1e-05
18327,5.32233076621841,0,1e-05
18328,4.70541643322568,0,1e-05
18329,5.32161103302619,0,1e-05
18330,4.70469959369603,0,1e-05
18331,5.3208912609729,0,1e-05
18332,4.70398272480814,0,1e-05
18333,5.32017144998389,0,1e-05
18334,4.70326582674667,0,1e-05
18335,5.31945160037005,0,1e-05
18336,4.7025488990792,0,1e-05
18337,5.31873171142796,0,1e-05
18338,4.70183194181665,0,1e-05
18339,5.31801178342551,0,1e-05
18340,4.70111495480688,0,1e-05
18341,5.31729181630054,0,1e-05
18342,4.70039793845936,0,1e-05
18343,5.31657181004346,0,1e-05
18344,4.69968089207658,0,1e-05
18345,5.31585176457119,0,1e-05
18346,4.69896381620096,0,1e-05
18347,5.3151316799476,0,1e-05
18348,4.69824671042353,0,1e-05
18349,5.31441155572637,0,1e-05
18350,4.69752957481422,0,1e-05
18351,5.31369139216141,0,1e-05
18352,4.69681240939898,0,1e-05
18353,5.3129711892397,0,1e-05
18354,4.69609521397619,0,1e-05
18355,5.31225094677588,0,1e-05
18356,4.69537798852995,0,1e-05
18357,5.31153066452544,0,1e-05
18358,4.69466073309018,0,1e-05
18359,5.31081034289065,0,1e-05
18360,4.69394344749508,0,1e-05
18361,5.31008998132612,0,1e-05
18362,4.69322613166542,0,1e-05
18363,5.30936958002561,0,1e-05
18364,4.69250878570737,0,1e-05
18365,5.30864913909405,0,1e-05
18366,4.69179140928904,0,1e-05
18367,5.30792865800883,0,1e-05
18368,4.69107400271801,0,1e-05
18369,5.30720813716062,0,1e-05
18370,4.69035656557664,0,1e-05
18371,5.30648757609997,0,1e-05
18372,4.68963909798655,0,1e-05
18373,5.30576697503039,0,1e-05
18374,4.68892160015652,0,1e-05
18375,5.30504633403111,0,1e-05
18376,4.68820407179973,0,1e-05
18377,5.30432565290448,0,1e-05
18378,4.68748651294032,0,1e-05
18379,5.30360493161425,0,1e-05
18380,4.6867689235866,0,1e-05
18381,5.30288417015081,0,1e-05
18382,4.68605130365231,0,1e-05
18383,5.30216336843924,0,1e-05
18384,4.68533365270531,0,1e-05
18385,5.30144252606755,0,1e-05
18386,4.68461597110094,0,1e-05
18387,5.30072164332362,0,1e-05
18388,4.68389825872163,0,1e-05
18389,5.30000072041377,0,1e-05
18390,4.68318051565092,0,1e-05
18391,5.29927975662422,0,1e-05
18392,4.68246274124342,0,1e-05
18393,5.29855875234323,0,1e-05
18394,4.68174493630686,0,1e-05
18395,5.29783770746387,0,1e-05
18396,4.68102710030008,0,1e-05
18397,5.29711662185072,0,1e-05
18398,4.68030923294892,0,1e-05
18399,5.29639549534592,0,1e-05
18400,4.6795913346892,0,1e-05
18401,5.29567432799256,0,1e-05
18402,4.67887340524914,0,1e-05
18403,5.29495312017938,0,1e-05
18404,4.67815544466876,0,1e-05
18405,5.29423187104674,0,1e-05
18406,4.6774374527733,0,1e-05
18407,5.29351058120943,0,1e-05
18408,4.67671942985433,0,1e-05
18409,5.29278925008563,0,1e-05
18410,4.67600137522341,0,1e-05
18411,5.29206787812877,0,1e-05
18412,4.67528328920723,0,1e-05
18413,5.29134646482083,0,1e-05
18414,4.67456517175061,0,1e-05
18415,5.29062501015381,0,1e-05
18416,4.67384702283785,0,1e-05
18417,5.28990351444289,0,1e-05
18418,4.67312884243537,0,1e-05
18419,5.28918197735387,0,1e-05
18420,4.67241063019937,0,1e-05
18421,5.28846039871972,0,1e-05
18422,4.67169238661847,0,1e-05
18423,5.2877387791464,0,1e-05
18424,4.67097411152711,0,1e-05
18425,5.28701711804093,0,1e-05
18426,4.67025580455235,0,1e-05
18427,5.28629541544596,0,1e-05
18428,4.66953746609996,0,1e-05
18429,5.2855736712397,0,1e-05
18430,4.66881909525403,0,1e-05
18431,5.28485188496929,0,1e-05
18432,4.66810069263649,0,1e-05
18433,5.28413005724864,0,1e-05
18434,4.66738225828265,0,1e-05
18435,5.2834081880282,0,1e-05
18436,4.66666379197184,0,1e-05
18437,5.28268627677076,0,1e-05
18438,4.66594529338001,0,1e-05
18439,5.28196432345465,0,1e-05
18440,4.6652267627914,0,1e-05
18441,5.28124232839878,0,1e-05
18442,4.66450819993021,0,1e-05
18443,5.28052029129391,0,1e-05
18444,4.66378960503248,0,1e-05
18445,5.27979821238013,0,1e-05
18446,4.66307097802334,0,1e-05
18447,5.27907609126917,0,1e-05
18448,4.66235231869015,0,1e-05
18449,5.27835392809859,0,1e-05
18450,4.661633627141,0,1e-05
18451,5.277631722691,0,1e-05
18452,4.6609149031914,0,1e-05
18453,5.27690947509226,0,1e-05
18454,4.66019614673875,0,1e-05
18455,5.27618718501151,0,1e-05
18456,4.65947735793836,0,1e-05
18457,5.27546485298318,0,1e-05
18458,4.65875853687832,0,1e-05
18459,5.27474247871737,0,1e-05
18460,4.65803968333026,0,1e-05
18461,5.27402006179242,0,1e-05
18462,4.65732079720208,0,1e-05
18463,5.27329760278747,0,1e-05
18464,4.65660187855091,0,1e-05
18465,5.27257510101864,0,1e-05
18466,4.65588292704726,0,1e-05
18467,5.27185255648999,0,1e-05
18468,4.65516394278899,0,1e-05
18469,5.27112996944194,0,1e-05
18470,4.65444492581659,0,1e-05
18471,5.27040733955486,0,1e-05
18472,4.65372587581412,0,1e-05
18473,5.26968466691566,0,1e-05
18474,4.65300679313652,0,1e-05
18475,5.26896195144376,0,1e-05
18476,4.65228767765141,0,1e-05
18477,5.26823919342986,0,1e-05
18478,4.65156852929251,0,1e-05
18479,5.26751639231715,0,1e-05
18480,4.65084934771644,0,1e-05
18481,5.26679354804486,0,1e-05
18482,4.65013013298605,0,1e-05
18483,5.26607066066733,0,1e-05
18484,4.64941088518826,0,1e-05
18485,5.26534773060234,0,1e-05
18486,4.6486916043995,0,1e-05
18487,5.26462475721906,0,1e-05
18488,4.64797229014932,0,1e-05
18489,5.26390174044933,0,1e-05
18490,4.64725294291214,0,1e-05
18491,5.26317868070976,0,1e-05
18492,4.64653356235553,0,1e-05
18493,5.26245557748775,0,1e-05
18494,4.64581414845318,0,1e-05
18495,5.26173243119885,0,1e-05
18496,4.64509470126086,0,1e-05
18497,5.26100924145316,0,1e-05
18498,4.64437522058848,0,1e-05
18499,5.26028600804005,0,1e-05
18500,4.64365570651232,0,1e-05
18501,5.25956273160462,0,1e-05
18502,4.64293615894979,0,1e-05
18503,5.25883941121583,0,1e-05
18504,4.64221657773185,0,1e-05
18505,5.25811604731332,0,1e-05
18506,4.6414969628396,0,1e-05
18507,5.25739263962924,0,1e-05
18508,4.64077731466538,0,1e-05
18509,5.25666918863971,0,1e-05
18510,4.64005763256286,0,1e-05
18511,5.25594569361821,0,1e-05
18512,4.63933791683324,0,1e-05
18513,5.25522215496844,0,1e-05
18514,4.63861816736056,0,1e-05
18515,5.25449857223532,0,1e-05
18516,4.63789838367359,0,1e-05
18517,5.2537749454267,0,1e-05
18518,4.63717856637903,0,1e-05
18519,5.2530512748304,0,1e-05
18520,4.63645871484321,0,1e-05
18521,5.25232755995976,0,1e-05
18522,4.63573882940946,0,1e-05
18523,5.25160380116794,0,1e-05
18524,4.635018910182,0,1e-05
18525,5.25087999821518,0,1e-05
18526,4.63429895690299,0,1e-05
18527,5.25015615135384,0,1e-05
18528,4.63357896962362,0,1e-05
18529,5.24943226012475,0,1e-05
18530,4.63285894805793,0,1e-05
18531,5.24870832463807,0,1e-05
18532,4.63213889258679,0,1e-05
18533,5.24798434496282,0,1e-05
18534,4.63141880271024,0,1e-05
18535,5.24726032084749,0,1e-05
18536,4.63069867854756,0,1e-05
18537,5.24653625223776,0,1e-05
18538,4.62997851992167,0,1e-05
18539,5.24581213899181,0,1e-05
18540,4.62925832699634,0,1e-05
18541,5.24508798131533,0,1e-05
18542,4.62853809965178,0,1e-05
18543,5.24436377896246,0,1e-05
18544,4.62781783781001,0,1e-05
18545,5.24363953192367,0,1e-05
18546,4.62709754150954,0,1e-05
18547,5.2429152401929,0,1e-05
18548,4.62637721041741,0,1e-05
18549,5.24219090365695,0,1e-05
18550,4.62565684500355,0,1e-05
18551,5.24146652256269,0,1e-05
18552,4.6249364452367,0,1e-05
18553,5.24074209674085,0,1e-05
18554,4.62421601054042,0,1e-05
18555,5.24001762620592,0,1e-05
18556,4.6234955412698,0,1e-05
18557,5.23929311012833,0,1e-05
18558,4.62277503700952,0,1e-05
18559,5.23856854958033,0,1e-05
18560,4.62205449837131,0,1e-05
18561,5.23784394386654,0,1e-05
18562,4.6213339246576,0,1e-05
18563,5.23711929296275,0,1e-05
18564,4.62061331610448,0,1e-05
18565,5.23639459700086,0,1e-05
18566,4.61989267274714,0,1e-05
18567,5.23566985580588,0,1e-05
18568,4.6191719938501,0,1e-05
18569,5.23494506910523,0,1e-05
18570,4.61845128029587,0,1e-05
18571,5.23422023715597,0,1e-05
18572,4.61773053142455,0,1e-05
18573,5.23349535992473,0,1e-05
18574,4.61700974773487,0,1e-05
18575,5.23277043734201,0,1e-05
18576,4.61628892877192,0,1e-05
18577,5.23204546915132,0,1e-05
18578,4.61556807469656,0,1e-05
18579,5.23132045556677,0,1e-05
18580,4.61484718539418,0,1e-05
18581,5.23059539675114,0,1e-05
18582,4.61412626112197,0,1e-05
18583,5.22987029222838,0,1e-05
18584,4.61340530131872,0,1e-05
18585,5.22914514201833,0,1e-05
18586,4.6126843062054,0,1e-05
18587,5.22841994615134,0,1e-05
18588,4.6119632758313,0,1e-05
18589,5.22769470461702,0,1e-05
18590,4.61124220988557,0,1e-05
18591,5.2269694172083,0,1e-05
18592,4.61052110854697,0,1e-05
18593,5.22624408418167,0,1e-05
18594,4.60979997174843,0,1e-05
18595,5.22551870499097,0,1e-05
18596,4.6090787992842,0,1e-05
18597,5.2247932800316,0,1e-05
18598,4.60835759136856,0,1e-05
18599,5.22406780908602,0,1e-05
18600,4.60763634779691,0,1e-05
18601,5.2233422920814,0,1e-05
18602,4.60691506853755,0,1e-05
18603,5.22261672909098,0,1e-05
18604,4.60619375366914,0,1e-05
18605,5.22189112008566,0,1e-05
18606,4.60547240283653,0,1e-05
18607,5.22116546469278,0,1e-05
18608,4.60475101636298,0,1e-05
18609,5.2204397631605,0,1e-05
18610,4.60402959405552,0,1e-05
18611,5.21971401545443,0,1e-05
18612,4.60330813577448,0,1e-05
18613,5.21898822147353,0,1e-05
18614,4.60258664170066,0,1e-05
18615,5.21826238112621,0,1e-05
18616,4.60186511192452,0,1e-05
18617,5.21753649427896,0,1e-05
18618,4.60114354578428,0,1e-05
18619,5.21681056087318,0,1e-05
18620,4.60042194350173,0,1e-05
18621,5.21608458098248,0,1e-05
18622,4.59970030535138,0,1e-05
18623,5.21535855470884,0,1e-05
18624,4.59897863115945,0,1e-05
18625,5.21463248186856,0,1e-05
18626,4.59825692075169,0,1e-05
18627,5.2139063622308,0,1e-05
18628,4.59753517439292,0,1e-05
18629,5.2131801963443,0,1e-05
18630,4.59681339185217,0,1e-05
18631,5.21245398358537,0,1e-05
18632,4.59609157298769,0,1e-05
18633,5.21172772397807,0,1e-05
18634,4.59536971780843,0,1e-05
18635,5.21100141761858,0,1e-05
18636,4.59464782612199,0,1e-05
18637,5.21027506403534,0,1e-05
18638,4.59392589775894,0,1e-05
18639,5.20954866339974,0,1e-05
18640,4.59320393314077,0,1e-05
18641,5.20882221587341,0,1e-05
18642,4.59248193192349,0,1e-05
18643,5.20809572136232,0,1e-05
18644,4.59175989429085,0,1e-05
18645,5.20736917981934,0,1e-05
18646,4.59103782011676,0,1e-05
18647,5.20664259112501,0,1e-05
18648,4.59031570954804,0,1e-05
18649,5.20591595555983,0,1e-05
18650,4.58959356248526,0,1e-05
18651,5.20518927284392,0,1e-05
18652,4.58887137836945,0,1e-05
18653,5.20446254234597,0,1e-05
18654,4.58814915788611,0,1e-05
18655,5.20373576515727,0,1e-05
18656,4.5874269003578,0,1e-05
18657,5.203008939918,0,1e-05
18658,4.58670460633619,0,1e-05
18659,5.20228206781342,0,1e-05
18660,4.58598227524023,0,1e-05
18661,5.20155514814124,0,1e-05
18662,4.58525990756856,0,1e-05
18663,5.20082818107617,0,1e-05
18664,4.58453750279698,0,1e-05
18665,5.20010116643794,0,1e-05
18666,4.58381506120187,0,1e-05
18667,5.19937410381426,0,1e-05
18668,4.58309258239796,0,1e-05
18669,5.1986469937346,0,1e-05
18670,4.58237006647108,0,1e-05
18671,5.19791983590907,0,1e-05
18672,4.58164751377538,0,1e-05
18673,5.19719263045515,0,1e-05
18674,4.5809249238404,0,1e-05
18675,5.19646537740576,0,1e-05
18676,4.58020229697003,0,1e-05
18677,5.19573807659353,0,1e-05
18678,4.5794796332833,0,1e-05
18679,5.19501072796853,0,1e-05
18680,4.57875693177572,0,1e-05
18681,5.1942833309117,0,1e-05
18682,4.57803419311357,0,1e-05
18683,5.19355588594834,0,1e-05
18684,4.57731141685999,0,1e-05
18685,5.19282839291122,0,1e-05
18686,4.57658860347271,0,1e-05
18687,5.19210085211108,0,1e-05
18688,4.57586575279836,0,1e-05
18689,5.19137326303228,0,1e-05
18690,4.57514286446006,0,1e-05
18691,5.19064562564577,0,1e-05
18692,4.57441993884608,0,1e-05
18693,5.18991794008726,0,1e-05
18694,4.5736969756719,0,1e-05
18695,5.18919020640491,0,1e-05
18696,4.57297397494035,0,1e-05
18697,5.18846242413496,0,1e-05
18698,4.57225093666567,0,1e-05
18699,5.18773459417297,0,1e-05
18700,4.57152786138259,0,1e-05
18701,5.18700671582917,0,1e-05
18702,4.57080474837706,0,1e-05
18703,5.18627878890064,0,1e-05
18704,4.57008159746545,0,1e-05
18705,5.18555081367474,0,1e-05
18706,4.56935840881513,0,1e-05
18707,5.18482278927781,0,1e-05
18708,4.5686351820731,0,1e-05
18709,5.18409471662537,0,1e-05
18710,4.56791191787701,0,1e-05
18711,5.183366595471,0,1e-05
18712,4.56718861588174,0,1e-05
18713,5.18263842579567,0,1e-05
18714,4.56646527621531,0,1e-05
18715,5.18191020723098,0,1e-05
18716,4.56574189858816,0,1e-05
18717,5.18118194017466,0,1e-05
18718,4.56501848290369,0,1e-05
18719,5.18045362393806,0,1e-05
18720,4.56429502947897,0,1e-05
18721,5.17972525907103,0,1e-05
18722,4.56357153762202,0,1e-05
18723,5.17899684529203,0,1e-05
18724,4.56284800792263,0,1e-05
18725,5.1782683824009,0,1e-05
18726,4.56212444011499,0,1e-05
18727,5.17753987061286,0,1e-05
18728,4.56140083411023,0,1e-05
18729,5.17681130949341,0,1e-05
18730,4.5606771898354,0,1e-05
18731,5.17608269957325,0,1e-05
18732,4.55995350748341,0,1e-05
18733,5.17535404048237,0,1e-05
18734,4.55922978664158,0,1e-05
18735,5.17462533231687,0,1e-05
18736,4.55850602791825,0,1e-05
18737,5.17389657462455,0,1e-05
18738,4.55778223051845,0,1e-05
18739,5.17316776799673,0,1e-05
18740,4.5570583952567,0,1e-05
18741,5.17243891218362,0,1e-05
18742,4.55633452147558,0,1e-05
18743,5.17171000709977,0,1e-05
18744,4.55561060929837,0,1e-05
18745,5.17098105234199,0,1e-05
18746,4.55488665863414,0,1e-05
18747,5.17025204854738,0,1e-05
18748,4.55416266950342,0,1e-05
18749,5.1695229949056,0,1e-05
18750,4.55343864217834,0,1e-05
18751,5.16879389218109,0,1e-05
18752,4.55271457588708,0,1e-05
18753,5.16806473936671,0,1e-05
18754,4.55199047120886,0,1e-05
18755,5.16733553742764,0,1e-05
18756,4.55126632787224,0,1e-05
18757,5.16660628579841,0,1e-05
18758,4.55054214614324,0,1e-05
18759,5.16587698476733,0,1e-05
18760,4.54981792584988,0,1e-05
18761,5.16514763375949,0,1e-05
18762,4.54909366651597,0,1e-05
18763,5.1644182328597,0,1e-05
18764,4.548369368656,0,1e-05
18765,5.1636887825501,0,1e-05
18766,4.54764503215756,0,1e-05
18767,5.16295928225794,0,1e-05
18768,4.5469206567215,0,1e-05
18769,5.16222973206818,0,1e-05
18770,4.54619624251695,0,1e-05
18771,5.16150013222942,0,1e-05
18772,4.54547178976057,0,1e-05
18773,5.16077048245562,0,1e-05
18774,4.54474729781264,0,1e-05
18775,5.16004078252153,0,1e-05
18776,4.54402276715729,0,1e-05
18777,5.15931103249801,0,1e-05
18778,4.54329819707245,0,1e-05
18779,5.1585812324774,0,1e-05
18780,4.54257358843929,0,1e-05
18781,5.15785138220722,0,1e-05
18782,4.54184894049985,0,1e-05
18783,5.15712148161359,0,1e-05
18784,4.5411242534842,0,1e-05
18785,5.15639153099961,0,1e-05
18786,4.54039952728648,0,1e-05
18787,5.15566152990202,0,1e-05
18788,4.53967476213524,0,1e-05
18789,5.1549314789033,0,1e-05
18790,4.5389499579977,0,1e-05
18791,5.15420137759704,0,1e-05
18792,4.53822511466507,0,1e-05
18793,5.15347122567808,0,1e-05
18794,4.53750023168481,0,1e-05
18795,5.15274102294721,0,1e-05
18796,4.53677530963023,0,1e-05
18797,5.15201077012438,0,1e-05
18798,4.536050348102,0,1e-05
18799,5.15128046664325,0,1e-05
18800,4.53532534723263,0,1e-05
18801,5.15055011261514,0,1e-05
18802,4.53460030710259,0,1e-05
18803,5.14981970816791,0,1e-05
18804,4.53387522767176,0,1e-05
18805,5.14908925296457,0,1e-05
18806,4.53315010888798,0,1e-05
18807,5.14835874724077,0,1e-05
18808,4.53242495072517,0,1e-05
18809,5.14762819063164,0,1e-05
18810,4.53169975276104,0,1e-05
18811,5.14689758370175,0,1e-05
18812,4.53097451554778,0,1e-05
18813,5.14616692559689,0,1e-05
18814,4.53024923892648,0,1e-05
18815,5.14543621657234,0,1e-05
18816,4.52952392165825,0,1e-05
18817,5.14470545598404,0,1e-05
18818,4.5287985648014,0,1e-05
18819,5.14397464453153,0,1e-05
18820,4.52807316854638,0,1e-05
18821,5.14324378265159,0,1e-05
18822,4.52734773288331,0,1e-05
18823,5.14251286957336,0,1e-05
18824,4.52662225750254,0,1e-05
18825,5.14178190550856,0,1e-05
18826,4.52589674228598,0,1e-05
18827,5.14105089036879,0,1e-05
18828,4.52517118723432,0,1e-05
18829,5.1403198238783,0,1e-05
18830,4.52444559224915,0,1e-05
18831,5.13958870630295,0,1e-05
18832,4.52371995770564,0,1e-05
18833,5.13885753812227,0,1e-05
18834,4.52299428380263,0,1e-05
18835,5.13812631864785,0,1e-05
18836,4.52226856959326,0,1e-05
18837,5.13739504738207,0,1e-05
18838,4.52154281499478,0,1e-05
18839,5.13666372471649,0,1e-05
18840,4.52081702056381,0,1e-05
18841,5.13593235057777,0,1e-05
18842,4.52009118618312,0,1e-05
18843,5.13520092533822,0,1e-05
18844,4.51936531189186,0,1e-05
18845,5.1344694489168,0,1e-05
18846,4.51863939752262,0,1e-05
18847,5.13373792038001,0,1e-05
18848,4.51791344258325,0,1e-05
18849,5.1330063403583,0,1e-05
18850,4.51718744757982,0,1e-05
18851,5.13227470846342,0,1e-05
18852,4.516461412942,0,1e-05
18853,5.13154302552772,0,1e-05
18854,4.51573533778771,0,1e-05
18855,5.13081129068139,0,1e-05
18856,4.51500922183162,0,1e-05
18857,5.13007950350875,0,1e-05
18858,4.51428306583034,0,1e-05
18859,5.12934766495978,0,1e-05
18860,4.51355686934469,0,1e-05
18861,5.12861577410565,0,1e-05
18862,4.51283063316434,0,1e-05
18863,5.12788383235383,0,1e-05
18864,4.51210435653226,0,1e-05
18865,5.12715183839444,0,1e-05
18866,4.51137803911959,0,1e-05
18867,5.12641979245293,0,1e-05
18868,4.51065168158812,0,1e-05
18869,5.12568769465239,0,1e-05
18870,4.50992528376372,0,1e-05
18871,5.12495554520309,0,1e-05
18872,4.50919884545594,0,1e-05
18873,5.12422334349256,0,1e-05
18874,4.5084723664294,0,1e-05
18875,5.12349108915826,0,1e-05
18876,4.50774584656021,0,1e-05
18877,5.12275878323734,0,1e-05
18878,4.50701928671187,0,1e-05
18879,5.12202642513033,0,1e-05
18880,4.5062926860377,0,1e-05
18881,5.12129401473095,0,1e-05
18882,4.50556604485458,0,1e-05
18883,5.12056155241063,0,1e-05
18884,4.50483936309111,0,1e-05
18885,5.11982903763022,0,1e-05
18886,4.50411264075857,0,1e-05
18887,5.11909647048301,0,1e-05
18888,4.50338587749479,0,1e-05
18889,5.11836385147174,0,1e-05
18890,4.50265907390047,0,1e-05
18891,5.11763117970574,0,1e-05
18892,4.50193222901259,0,1e-05
18893,5.11689845567161,0,1e-05
18894,4.50120534351826,0,1e-05
18895,5.11616567891107,0,1e-05
18896,4.5004784171123,0,1e-05
18897,5.11543284989396,0,1e-05
18898,4.49975145039666,0,1e-05
18899,5.1146999688372,0,1e-05
18900,4.49902444285561,0,1e-05
18901,5.11396703490734,0,1e-05
18902,4.49829739450914,0,1e-05
18903,5.11323404852782,0,1e-05
18904,4.49757030484074,0,1e-05
18905,5.11250100957147,0,1e-05
18906,4.49684317508899,0,1e-05
18907,5.11176791826676,0,1e-05
18908,4.49611600408919,0,1e-05
18909,5.11103477469746,0,1e-05
18910,4.49538879218497,0,1e-05
18911,5.11030157754889,0,1e-05
18912,4.49466153896495,0,1e-05
18913,5.10956832770051,0,1e-05
18914,4.49393424479074,0,1e-05
18915,5.10883502539516,0,1e-05
18916,4.49320690941515,0,1e-05
18917,5.10810166993189,0,1e-05
18918,4.49247953280869,0,1e-05
18919,5.1073682613773,0,1e-05
18920,4.49175211555646,0,1e-05
18921,5.10663480019755,0,1e-05
18922,4.49102465695769,0,1e-05
18923,5.1059012862664,0,1e-05
18924,4.49029715632555,0,1e-05
18925,5.10516771806874,0,1e-05
18926,4.48956961495646,0,1e-05
18927,5.10443409824728,0,1e-05
18928,4.48884203317668,0,1e-05
18929,5.10370042525562,0,1e-05
18930,4.48811440975102,0,1e-05
18931,5.10296669892043,0,1e-05
18932,4.48738674460558,0,1e-05
18933,5.10223291890038,0,1e-05
18934,4.4866590380991,0,1e-05
18935,5.10149908619225,0,1e-05
18936,4.4859312908211,0,1e-05
18937,5.10076520026022,0,1e-05
18938,4.48520350185926,0,1e-05
18939,5.10003126123995,0,1e-05
18940,4.48447567144215,0,1e-05
18941,5.09929726858817,0,1e-05
18942,4.48374779992192,0,1e-05
18943,5.0985632227549,0,1e-05
18944,4.48301988659671,0,1e-05
18945,5.09782912379931,0,1e-05
18946,4.4822919322145,0,1e-05
18947,5.09709497118301,0,1e-05
18948,4.48156393598197,0,1e-05
18949,5.09636076516691,0,1e-05
18950,4.48083589833433,0,1e-05
18951,5.09562650566417,0,1e-05
18952,4.48010781884711,0,1e-05
18953,5.09489219242079,0,1e-05
18954,4.47937969810653,0,1e-05
18955,5.09415782596154,0,1e-05
18956,4.47865153604204,0,1e-05
18957,5.09342340615535,0,1e-05
18958,4.47792333248153,0,1e-05
18959,5.09268893284833,0,1e-05
18960,4.4771950867059,0,1e-05
18961,5.09195440552079,0,1e-05
18962,4.4764667998847,0,1e-05
18963,5.09121982504684,0,1e-05
18964,4.47573847110304,0,1e-05
18965,5.09048519042664,0,1e-05
18966,4.47501010056033,0,1e-05
18967,5.08975050194225,0,1e-05
18968,4.47428168841802,0,1e-05
18969,5.08901576006079,0,1e-05
18970,4.47355323455589,0,1e-05
18971,5.08828096389268,0,1e-05
18972,4.47282473808861,0,1e-05
18973,5.08754611330388,0,1e-05
18974,4.4720961999401,0,1e-05
18975,5.08681120960793,0,1e-05
18976,4.47136762046758,0,1e-05
18977,5.08607625180877,0,1e-05
18978,4.47063899884817,0,1e-05
18979,5.08534124002068,0,1e-05
18980,4.46991033544176,0,1e-05
18981,5.0846061746989,0,1e-05
18982,4.4691816308072,0,1e-05
18983,5.08387105537062,0,1e-05
18984,4.4684528834696,0,1e-05
18985,5.08313588160308,0,1e-05
18986,4.46772409453263,0,1e-05
18987,5.08240065423069,0,1e-05
18988,4.46699526397668,0,1e-05
18989,5.08166537256537,0,1e-05
18990,4.46626639086869,0,1e-05
18991,5.08093003656141,0,1e-05
18992,4.46553747573362,0,1e-05
18993,5.08019464650716,0,1e-05
18994,4.46480851862455,0,1e-05
18995,5.07945920189878,0,1e-05
18996,4.46407951960637,0,1e-05
18997,5.07872370346523,0,1e-05
18998,4.46335047827289,0,1e-05
18999,5.0779881502203,0,1e-05
19000,4.46262139488463,0,1e-05
19001,5.07725254322139,0,1e-05
19002,4.46189226976101,0,1e-05
19003,5.07651688174176,0,1e-05
19004,4.46116310240627,0,1e-05
19005,5.07578116602958,0,1e-05
19006,4.46043389265175,0,1e-05
19007,5.075045395575,0,1e-05
19008,4.45970464032956,0,1e-05
19009,5.07430957016519,0,1e-05
19010,4.45897534590433,0,1e-05
19011,5.07357369106967,0,1e-05
19012,4.45824600967459,0,1e-05
19013,5.07283775677885,0,1e-05
19014,4.45751663062627,0,1e-05
19015,5.07210176811385,0,1e-05
19016,4.4567872087006,0,1e-05
19017,5.07136572424225,0,1e-05
19018,4.4560577452282,0,1e-05
19019,5.07062962691252,0,1e-05
19020,4.45532823910778,0,1e-05
19021,5.06989347356185,0,1e-05
19022,4.45459869059323,0,1e-05
19023,5.06915726655146,0,1e-05
19024,4.45386910022123,0,1e-05
19025,5.06842100451593,0,1e-05
19026,4.45313946685788,0,1e-05
19027,5.06768468767822,0,1e-05
19028,4.45240979136003,0,1e-05
19029,5.06694831624805,0,1e-05
19030,4.45168007321866,0,1e-05
19031,5.06621188984722,0,1e-05
19032,4.45095031317495,0,1e-05
19033,5.06547540853917,0,1e-05
19034,4.45022051007818,0,1e-05
19035,5.06473887233115,0,1e-05
19036,4.44949066459666,0,1e-05
19037,5.06400228122102,0,1e-05
19038,4.44876077630204,0,1e-05
19039,5.06326563510586,0,1e-05
19040,4.44803084537778,0,1e-05
19041,5.06252893381146,0,1e-05
19042,4.44730087220478,0,1e-05
19043,5.06179217774695,0,1e-05
19044,4.44657085614005,0,1e-05
19045,5.06105536612686,0,1e-05
19046,4.44584079725284,0,1e-05
19047,5.06031849979154,0,1e-05
19048,4.44511069634534,0,1e-05
19049,5.05958157860363,0,1e-05
19050,4.44438055268907,0,1e-05
19051,5.05884460208403,0,1e-05
19052,4.44365036631542,0,1e-05
19053,5.05810757051335,0,1e-05
19054,4.44292013711927,0,1e-05
19055,5.05737048282793,0,1e-05
19056,4.44218986440332,0,1e-05
19057,5.05663334028063,0,1e-05
19058,4.44145954977272,0,1e-05
19059,5.05589614271565,0,1e-05
19060,4.44072919190867,0,1e-05
19061,5.05515888987676,0,1e-05
19062,4.4399987916727,0,1e-05
19063,5.05442158132377,0,1e-05
19064,4.43926834773843,0,1e-05
19065,5.05368421713911,0,1e-05
19066,4.43853786169869,0,1e-05
19067,5.052946798369,0,1e-05
19068,4.43780733306355,0,1e-05
19069,5.05220932392188,0,1e-05
19070,4.43707676130656,0,1e-05
19071,5.05147179408331,0,1e-05
19072,4.43634614698487,0,1e-05
19073,5.05073420848868,0,1e-05
19074,4.43561548945065,0,1e-05
19075,5.04999656805795,0,1e-05
19076,4.43488478980276,0,1e-05
19077,5.04925887201041,0,1e-05
19078,4.43415404643685,0,1e-05
19079,5.04852112011474,0,1e-05
19080,4.43342326059453,0,1e-05
19081,5.04778331295655,0,1e-05
19082,4.43269243132013,0,1e-05
19083,5.04704544932248,0,1e-05
19084,4.43196155923061,0,1e-05
19085,5.04630753049549,0,1e-05
19086,4.43123064411848,0,1e-05
19087,5.04556955570708,0,1e-05
19088,4.4304996857464,0,1e-05
19089,5.04483152538406,0,1e-05
19090,4.42976868416117,0,1e-05
19091,5.04409343904495,0,1e-05
19092,4.42903763988036,0,1e-05
19093,5.04335529696566,0,1e-05
19094,4.42830655220126,0,1e-05
19095,5.04261709893911,0,1e-05
19096,4.42757542161281,0,1e-05
19097,5.04187884516254,0,1e-05
19098,4.42684424736121,0,1e-05
19099,5.04114053571136,0,1e-05
19100,4.42611303069663,0,1e-05
19101,5.04040216995946,0,1e-05
19102,4.42538177050984,0,1e-05
19103,5.03966374822417,0,1e-05
19104,4.42465046735519,0,1e-05
19105,5.0389252707001,0,1e-05
19106,4.4239191207537,0,1e-05
19107,5.03818673753448,0,1e-05
19108,4.42318773098531,0,1e-05
19109,5.03744814832304,0,1e-05
19110,4.42245629849424,0,1e-05
19111,5.0367095028752,0,1e-05
19112,4.42172482238646,0,1e-05
19113,5.03597080104412,0,1e-05
19114,4.42099330258901,0,1e-05
19115,5.03523204268815,0,1e-05
19116,4.42026173964836,0,1e-05
19117,5.03449322889445,0,1e-05
19118,4.419530133283,0,1e-05
19119,5.0337543582769,0,1e-05
19120,4.41879848396175,0,1e-05
19121,5.03301543187941,0,1e-05
19122,4.41806679133316,0,1e-05
19123,5.03227644924111,0,1e-05
19124,4.41733505499016,0,1e-05
19125,5.0315374106625,0,1e-05
19126,4.41660327545461,0,1e-05
19127,5.03079831518805,0,1e-05
19128,4.41587145247562,0,1e-05
19129,5.03005916384504,0,1e-05
19130,4.41513958615722,0,1e-05
19131,5.02931995564713,0,1e-05
19132,4.41440767625023,0,1e-05
19133,5.02858069110356,0,1e-05
19134,4.41367572306943,0,1e-05
19135,5.02784137044587,0,1e-05
19136,4.41294372659499,0,1e-05
19137,5.02710199379117,0,1e-05
19138,4.41221168674166,0,1e-05
19139,5.02636256020924,0,1e-05
19140,4.41147960322418,0,1e-05
19141,5.02562307005089,0,1e-05
19142,4.41074747647063,0,1e-05
19143,5.02488352408711,0,1e-05
19144,4.41001530609679,0,1e-05
19145,5.02414392069242,0,1e-05
19146,4.40928309211601,0,1e-05
19147,5.0234042610185,0,1e-05
19148,4.40855083442094,0,1e-05
19149,5.02266454461521,0,1e-05
19150,4.40781853318776,0,1e-05
19151,5.02192477201523,0,1e-05
19152,4.40708618874299,0,1e-05
19153,5.02118494234189,0,1e-05
19154,4.40635380062076,0,1e-05
19155,5.02044505617015,0,1e-05
19156,4.40562136883397,0,1e-05
19157,5.01970511345242,0,1e-05
19158,4.40488889307832,0,1e-05
19159,5.01896511370434,0,1e-05
19160,4.40415637419307,0,1e-05
19161,5.01822505735659,0,1e-05
19162,4.40342381117772,0,1e-05
19163,5.01748494425327,0,1e-05
19164,4.40269120519069,0,1e-05
19165,5.01674477477428,0,1e-05
19166,4.40195855515617,0,1e-05
19167,5.01600454764964,0,1e-05
19168,4.40122586122214,0,1e-05
19169,5.01526426393543,0,1e-05
19170,4.4004931236424,0,1e-05
19171,5.01452392301343,0,1e-05
19172,4.39976034250495,0,1e-05
19173,5.01378352581314,0,1e-05
19174,4.39902751767482,0,1e-05
19175,5.01304307162355,0,1e-05
19176,4.39829464902046,0,1e-05
19177,5.01230255985015,0,1e-05
19178,4.39756173662881,0,1e-05
19179,5.01156199141998,0,1e-05
19180,4.39682878033745,0,1e-05
19181,5.01082136578505,0,1e-05
19182,4.39609578024111,0,1e-05
19183,5.01008068292885,0,1e-05
19184,4.39536273670034,0,1e-05
19185,5.00933994382876,0,1e-05
19186,4.39462964926417,0,1e-05
19187,5.00859914701006,0,1e-05
19188,4.39389651768739,0,1e-05
19189,5.00785829338539,0,1e-05
19190,4.39316334262537,0,1e-05
19191,5.00711738254965,0,1e-05
19192,4.39243012333571,0,1e-05
19193,5.00637641390287,0,1e-05
19194,4.3916968603583,0,1e-05
19195,5.00563538873023,0,1e-05
19196,4.39096355413284,0,1e-05
19197,5.00489430633311,0,1e-05
19198,4.39023020342041,0,1e-05
19199,5.00415316634361,0,1e-05
19200,4.38949680820808,0,1e-05
19201,5.00341196908741,0,1e-05
19202,4.38876336949516,0,1e-05
19203,5.00267071435716,0,1e-05
19204,4.38802988734272,0,1e-05
19205,5.00192940307845,0,1e-05
19206,4.38729636136743,0,1e-05
19207,5.00118803411901,0,1e-05
19208,4.38656279092398,0,1e-05
19209,5.00044660718733,0,1e-05
19210,4.38582917633516,0,1e-05
19211,4.99970512335331,0,1e-05
19212,4.38509551829064,0,1e-05
19213,4.99896358227288,0,1e-05
19214,4.38436181636255,0,1e-05
19215,4.99822198371392,0,1e-05
19216,4.38362807005742,0,1e-05
19217,4.99748032713271,0,1e-05
19218,4.38289428023725,0,1e-05
19219,4.99673861429911,0,1e-05
19220,4.38216044641156,0,1e-05
19221,4.99599684310669,0,1e-05
19222,4.38142656859381,0,1e-05
19223,4.99525501497625,0,1e-05
19224,4.38069264712661,0,1e-05
19225,4.99451312917769,0,1e-05
19226,4.37995868100247,0,1e-05
19227,4.99377118523299,0,1e-05
19228,4.37922467059748,0,1e-05
19229,4.99302918377882,0,1e-05
19230,4.37849061625662,0,1e-05
19231,4.99228712501436,0,1e-05
19232,4.37775651820383,0,1e-05
19233,4.99154500862705,0,1e-05
19234,4.37702237592776,0,1e-05
19235,4.99080283420858,0,1e-05
19236,4.37628818975773,0,1e-05
19237,4.99006060222478,0,1e-05
19238,4.37555395905329,0,1e-05
19239,4.98931831233867,0,1e-05
19240,4.37481968393762,0,1e-05
19241,4.98857596461648,0,1e-05
19242,4.37408536511946,0,1e-05
19243,4.98783355943699,0,1e-05
19244,4.37335100205532,0,1e-05
19245,4.98709109552703,0,1e-05
19246,4.372616594365,0,1e-05
19247,4.98634857433429,0,1e-05
19248,4.3718821431519,0,1e-05
19249,4.98560599593378,0,1e-05
19250,4.37114764763543,0,1e-05
19251,4.98486335901042,0,1e-05
19252,4.37041310768769,0,1e-05
19253,4.98412066419081,0,1e-05
19254,4.36967852348683,0,1e-05
19255,4.98337791103518,0,1e-05
19256,4.3689438949018,0,1e-05
19257,4.98263510022366,0,1e-05
19258,4.36820922248512,0,1e-05
19259,4.98189223170822,0,1e-05
19260,4.36747450579079,0,1e-05
19261,4.98114930491694,0,1e-05
19262,4.3667397451481,0,1e-05
19263,4.980406321004,0,1e-05
19264,4.36600494059699,0,1e-05
19265,4.97966327853153,0,1e-05
19266,4.36527009096613,0,1e-05
19267,4.97892017788699,0,1e-05
19268,4.36453519730579,0,1e-05
19269,4.97817701878233,0,1e-05
19270,4.36380025943833,0,1e-05
19271,4.97743380223951,0,1e-05
19272,4.3630652774371,0,1e-05
19273,4.97669052706549,0,1e-05
19274,4.36233025075815,0,1e-05
19275,4.97594719371963,0,1e-05
19276,4.36159517957652,0,1e-05
19277,4.97520380166117,0,1e-05
19278,4.36086006391332,0,1e-05
19279,4.97446035131929,0,1e-05
19280,4.36012490428035,0,1e-05
19281,4.97371684365856,0,1e-05
19282,4.35938970036545,0,1e-05
19283,4.97297327787431,0,1e-05
19284,4.35865445237556,0,1e-05
19285,4.97222965347948,0,1e-05
19286,4.35791915971808,0,1e-05
19287,4.97148597074701,0,1e-05
19288,4.35718382288954,0,1e-05
19289,4.97074222950054,0,1e-05
19290,4.35644844209293,0,1e-05
19291,4.96999843118765,0,1e-05
19292,4.35571301733981,0,1e-05
19293,4.96925457416996,0,1e-05
19294,4.35497754766303,0,1e-05
19295,4.96851065814118,0,1e-05
19296,4.35424203329729,0,1e-05
19297,4.96776668407323,0,1e-05
19298,4.35350647482778,0,1e-05
19299,4.96702265130114,0,1e-05
19300,4.35277087207633,0,1e-05
19301,4.96627856074084,0,1e-05
19302,4.35203522491183,0,1e-05
19303,4.96553441106388,0,1e-05
19304,4.35129953285537,0,1e-05
19305,4.9647902026763,0,1e-05
19306,4.35056379689173,0,1e-05
19307,4.96404593708228,0,1e-05
19308,4.34982801666856,0,1e-05
19309,4.96330161159109,0,1e-05
19310,4.34909219149493,0,1e-05
19311,4.96255722807573,0,1e-05
19312,4.34835632239029,0,1e-05
19313,4.96181278619979,0,1e-05
19314,4.34762040831753,0,1e-05
19315,4.96106828522001,0,1e-05
19316,4.34688444961538,0,1e-05
19317,4.96032372610643,0,1e-05
19318,4.34614844750608,0,1e-05
19319,4.95957910885641,0,1e-05
19320,4.34541240076856,0,1e-05
19321,4.95883443264365,0,1e-05
19322,4.34467630917056,0,1e-05
19323,4.95808969737945,0,1e-05
19324,4.34394017302644,0,1e-05
19325,4.95734490384115,0,1e-05
19326,4.34320399274434,0,1e-05
19327,4.95660005141108,0,1e-05
19328,4.34246776772324,0,1e-05
19329,4.95585514048982,0,1e-05
19330,4.34173149814564,0,1e-05
19331,4.95511017037674,0,1e-05
19332,4.34099518384408,0,1e-05
19333,4.95436514157639,0,1e-05
19334,4.34025882574481,0,1e-05
19335,4.95362005464597,0,1e-05
19336,4.33952242292114,0,1e-05
19337,4.95287490859148,0,1e-05
19338,4.3387859753675,0,1e-05
19339,4.95212970302552,0,1e-05
19340,4.33804948287655,0,1e-05
19341,4.95138443886344,0,1e-05
19342,4.33731294597815,0,1e-05
19343,4.95063911592424,0,1e-05
19344,4.3365763647358,0,1e-05
19345,4.94989373451131,0,1e-05
19346,4.33583973934597,0,1e-05
19347,4.94914829369573,0,1e-05
19348,4.33510306886108,0,1e-05
19349,4.94840279401524,0,1e-05
19350,4.33436635397156,0,1e-05
19351,4.94765723552942,0,1e-05
19352,4.33362959458517,0,1e-05
19353,4.94691161826408,0,1e-05
19354,4.33289279093987,0,1e-05
19355,4.94616594207224,0,1e-05
19356,4.33215594251249,0,1e-05
19357,4.9454202070099,0,1e-05
19358,4.33141904959707,0,1e-05
19359,4.94467441322314,0,1e-05
19360,4.33068211263274,0,1e-05
19361,4.9439285601691,0,1e-05
19362,4.32994513130926,0,1e-05
19363,4.94318264859655,0,1e-05
19364,4.32920810488361,0,1e-05
19365,4.94243667652477,0,1e-05
19366,4.32847103297515,0,1e-05
19367,4.94169064588237,0,1e-05
19368,4.32773391687981,0,1e-05
19369,4.94094455592742,0,1e-05
19370,4.32699675594652,0,1e-05
19371,4.94019840706557,0,1e-05
19372,4.32625955136378,0,1e-05
19373,4.93945219981927,0,1e-05
19374,4.32552230203857,0,1e-05
19375,4.93870593317772,0,1e-05
19376,4.32478500811875,0,1e-05
19377,4.93795960702724,0,1e-05
19378,4.32404766969008,0,1e-05
19379,4.93721322199104,0,1e-05
19380,4.32331028710331,0,1e-05
19381,4.93646677861551,0,1e-05
19382,4.32257285963519,0,1e-05
19383,4.93572027480619,0,1e-05
19384,4.32183538741213,0,1e-05
19385,4.93497371264051,0,1e-05
19386,4.32109787087393,0,1e-05
19387,4.93422709112044,0,1e-05
19388,4.32036031037815,0,1e-05
19389,4.93348041062533,0,1e-05
19390,4.31962270400521,0,1e-05
19391,4.93273367009352,0,1e-05
19392,4.31888505338395,0,1e-05
19393,4.93198687019897,0,1e-05
19394,4.31814735866123,0,1e-05
19395,4.93124001185301,0,1e-05
19396,4.31740961981787,0,1e-05
19397,4.93049309480562,0,1e-05
19398,4.31667183593322,0,1e-05
19399,4.92974611786316,0,1e-05
19400,4.31593400723602,0,1e-05
19401,4.92899908103181,0,1e-05
19402,4.3151961341453,0,1e-05
19403,4.92825198488034,0,1e-05
19404,4.31445821651905,0,1e-05
19405,4.92750482980178,0,1e-05
19406,4.31372025344074,0,1e-05
19407,4.9267576143436,0,1e-05
19408,4.31298224670952,0,1e-05
19409,4.92601034094193,0,1e-05
19410,4.31224419566531,0,1e-05
19411,4.92526300739928,0,1e-05
19412,4.31150609923697,0,1e-05
19413,4.92451561446917,0,1e-05
19414,4.3107679586032,0,1e-05
19415,4.92376816159403,0,1e-05
19416,4.31002977326447,0,1e-05
19417,4.92302065048151,0,1e-05
19418,4.30929154314601,0,1e-05
19419,4.92227307861217,0,1e-05
19420,4.30855326849864,0,1e-05
19421,4.92152544808067,0,1e-05
19422,4.30781495003932,0,1e-05
19423,4.92077775827486,0,1e-05
19424,4.30707658659043,0,1e-05
19425,4.92003000941558,0,1e-05
19426,4.30633817883799,0,1e-05
19427,4.91928220014282,0,1e-05
19428,4.30559972660643,0,1e-05
19429,4.91853433238452,0,1e-05
19430,4.3048612305844,0,1e-05
19431,4.91778640508733,0,1e-05
19432,4.30412268948484,0,1e-05
19433,4.91703841787395,0,1e-05
19434,4.30338410362087,0,1e-05
19435,4.9162903707577,0,1e-05
19436,4.3026454727191,0,1e-05
19437,4.91554226431306,0,1e-05
19438,4.30190679782054,0,1e-05
19439,4.91479409800523,0,1e-05
19440,4.30116807774809,0,1e-05
19441,4.91404587212571,0,1e-05
19442,4.30042931391346,0,1e-05
19443,4.91329758719308,0,1e-05
19444,4.29969050536365,0,1e-05
19445,4.91254924218529,0,1e-05
19446,4.29895165172921,0,1e-05
19447,4.91180083701092,0,1e-05
19448,4.29821275340401,0,1e-05
19449,4.91105237273642,0,1e-05
19450,4.29747381141406,0,1e-05
19451,4.91030384850103,0,1e-05
19452,4.29673482403386,0,1e-05
19453,4.90955526509015,0,1e-05
19454,4.29599579258209,0,1e-05
19455,4.90880662210793,0,1e-05
19456,4.29525671692336,0,1e-05
19457,4.90805791879885,0,1e-05
19458,4.29451759632609,0,1e-05
19459,4.90730915581479,0,1e-05
19460,4.29377843060327,0,1e-05
19461,4.90656033271293,0,1e-05
19462,4.29303922061779,0,1e-05
19463,4.90581145060247,0,1e-05
19464,4.29229996655041,0,1e-05
19465,4.90506250868448,0,1e-05
19466,4.29156066783917,0,1e-05
19467,4.90431350623301,0,1e-05
19468,4.29082132458372,0,1e-05
19469,4.90356444483914,0,1e-05
19470,4.29008193678998,0,1e-05
19471,4.9028153231021,0,1e-05
19472,4.28934250413005,0,1e-05
19473,4.90206614143337,0,1e-05
19474,4.28860302700341,0,1e-05
19475,4.90131690091456,0,1e-05
19476,4.28786350538626,0,1e-05
19477,4.90056759920673,0,1e-05
19478,4.28712393890479,0,1e-05
19479,4.89981823769896,0,1e-05
19480,4.28638432826292,0,1e-05
19481,4.89906881694022,0,1e-05
19482,4.28564467343381,0,1e-05
19483,4.89831933620362,0,1e-05
19484,4.28490497395615,0,1e-05
19485,4.8975697960993,0,1e-05
19486,4.28416523045081,0,1e-05
19487,4.89682019579065,0,1e-05
19488,4.28342544155307,0,1e-05
19489,4.89607053476571,0,1e-05
19490,4.28268560804271,0,1e-05
19491,4.89532081390016,0,1e-05
19492,4.28194572978809,0,1e-05
19493,4.89457103317923,0,1e-05
19494,4.28120580708452,0,1e-05
19495,4.8938211925541,0,1e-05
19496,4.28046584037573,0,1e-05
19497,4.89307129252375,0,1e-05
19498,4.27972583015023,0,1e-05
19499,4.89232133226949,0,1e-05
19500,4.27898577445328,0,1e-05
19501,4.89157131225611,0,1e-05
19502,4.27824567462502,0,1e-05
19503,4.8908212321375,0,1e-05
19504,4.27750553008943,0,1e-05
19505,4.89007109221775,0,1e-05
19506,4.2767653425027,0,1e-05
19507,4.88932089299121,0,1e-05
19508,4.27602510990619,0,1e-05
19509,4.8885706343404,0,1e-05
19510,4.27528483339575,0,1e-05
19511,4.88782031490415,0,1e-05
19512,4.27454451224262,0,1e-05
19513,4.88706993507154,0,1e-05
19514,4.27380414620032,0,1e-05
19515,4.8863194953087,0,1e-05
19516,4.27306373561124,0,1e-05
19517,4.88556899554252,0,1e-05
19518,4.27232328091753,0,1e-05
19519,4.88481843571837,0,1e-05
19520,4.27158278138371,0,1e-05
19521,4.88406781523528,0,1e-05
19522,4.27084223739246,0,1e-05
19523,4.88331713521151,0,1e-05
19524,4.27010164998226,0,1e-05
19525,4.88256639571418,0,1e-05
19526,4.26936101777555,0,1e-05
19527,4.88181559543631,0,1e-05
19528,4.26862034065334,0,1e-05
19529,4.88106473423268,0,1e-05
19530,4.26787961923456,0,1e-05
19531,4.88031381381229,0,1e-05
19532,4.26713885410492,0,1e-05
19533,4.87956283369671,0,1e-05
19534,4.26639804451755,0,1e-05
19535,4.87881179318146,0,1e-05
19536,4.26565718949028,0,1e-05
19537,4.8780606909939,0,1e-05
19538,4.26491628989279,0,1e-05
19539,4.87730952861562,0,1e-05
19540,4.26417534628172,0,1e-05
19541,4.87655830699558,0,1e-05
19542,4.26343435808131,0,1e-05
19543,4.87580702445968,0,1e-05
19544,4.26269332615122,0,1e-05
19545,4.87505568197586,0,1e-05
19546,4.2619522495646,0,1e-05
19547,4.8743042795712,0,1e-05
19548,4.26121112882458,0,1e-05
19549,4.8735528169577,0,1e-05
19550,4.26046996298027,0,1e-05
19551,4.87280129304902,0,1e-05
19552,4.25972875320975,0,1e-05
19553,4.87204970997571,0,1e-05
19554,4.25898749991032,0,1e-05
19555,4.87129806688787,0,1e-05
19556,4.25824620142882,0,1e-05
19557,4.87054636267174,0,1e-05
19558,4.25750485912872,0,1e-05
19559,4.86979459931752,0,1e-05
19560,4.25676347325781,0,1e-05
19561,4.86904277504887,0,1e-05
19562,4.25602204278297,0,1e-05
19563,4.86829089106227,0,1e-05
19564,4.25528056763778,0,1e-05
19565,4.86753894620711,0,1e-05
19566,4.25453904805978,0,1e-05
19567,4.86678694134263,0,1e-05
19568,4.25379748536003,0,1e-05
19569,4.8660348765774,0,1e-05
19570,4.25305587824898,0,1e-05
19571,4.86528275074655,0,1e-05
19572,4.25231422605277,0,1e-05
19573,4.86453056492598,0,1e-05
19574,4.25157253040414,0,1e-05
19575,4.86377831909101,0,1e-05
19576,4.25083079044092,0,1e-05
19577,4.86302601272523,0,1e-05
19578,4.25008900541822,0,1e-05
19579,4.86227364528867,0,1e-05
19580,4.24934717690059,0,1e-05
19581,4.86152121815827,0,1e-05
19582,4.24860530389509,0,1e-05
19583,4.86076873030233,0,1e-05
19584,4.24786338705638,0,1e-05
19585,4.86001618288577,0,1e-05
19586,4.24712142609758,0,1e-05
19587,4.85926357447128,0,1e-05
19588,4.24637942131176,0,1e-05
19589,4.85851090651324,0,1e-05
19590,4.24563737213016,0,1e-05
19591,4.85775817717075,0,1e-05
19592,4.24489527898643,0,1e-05
19593,4.85700538886361,0,1e-05
19594,4.24415314276594,0,1e-05
19595,4.85625253933847,0,1e-05
19596,4.24341096073242,0,1e-05
19597,4.85549962893608,0,1e-05
19598,4.24266873490562,0,1e-05
19599,4.85474665865458,0,1e-05
19600,4.24192646586198,0,1e-05
19601,4.85399362850377,0,1e-05
19602,4.24118415255682,0,1e-05
19603,4.85324053739639,0,1e-05
19604,4.24044179598565,0,1e-05
19605,4.85248738652479,0,1e-05
19606,4.23969939434349,0,1e-05
19607,4.8517341750203,0,1e-05
19608,4.23895694897467,0,1e-05
19609,4.85098090231539,0,1e-05
19610,4.23821445845316,0,1e-05
19611,4.85022756797877,0,1e-05
19612,4.23747192442106,0,1e-05
19613,4.84947417519041,0,1e-05
19614,4.2367293467436,0,1e-05
19615,4.84872072115613,0,1e-05
19616,4.23598672481237,0,1e-05
19617,4.84796720688907,0,1e-05
19618,4.23524405941265,0,1e-05
19619,4.8472136326319,0,1e-05
19620,4.23450135051898,0,1e-05
19621,4.84645999790128,0,1e-05
19622,4.23375859714698,0,1e-05
19623,4.84570630200144,0,1e-05
19624,4.23301579940961,0,1e-05
19625,4.84495254587565,0,1e-05
19626,4.2322729579425,0,1e-05
19627,4.84419872907966,0,1e-05
19628,4.23153007320997,0,1e-05
19629,4.84344485293053,0,1e-05
19630,4.23078714459206,0,1e-05
19631,4.84269091593541,0,1e-05
19632,4.23004417216652,0,1e-05
19633,4.84193691863687,0,1e-05
19634,4.22930115625992,0,1e-05
19635,4.84118286021412,0,1e-05
19636,4.22855809556177,0,1e-05
19637,4.84042874166147,0,1e-05
19638,4.22781499176465,0,1e-05
19639,4.83967456289254,0,1e-05
19640,4.22707184394303,0,1e-05
19641,4.8389203234396,0,1e-05
19642,4.22632865258668,0,1e-05
19643,4.83816602347234,0,1e-05
19644,4.2255854171326,0,1e-05
19645,4.83741166386274,0,1e-05
19646,4.22484213903335,0,1e-05
19647,4.83665724390243,0,1e-05
19648,4.22409881728361,0,1e-05
19649,4.83590276289769,0,1e-05
19650,4.22335545054162,0,1e-05
19651,4.8351482212124,0,1e-05
19652,4.22261204075584,0,1e-05
19653,4.83439361905923,0,1e-05
19654,4.22186858691617,0,1e-05
19655,4.83363895662954,0,1e-05
19656,4.22112508977089,0,1e-05
19657,4.8328842333477,0,1e-05
19658,4.22038154821769,0,1e-05
19659,4.83212944936833,0,1e-05
19660,4.21963796376587,0,1e-05
19661,4.8313746052151,0,1e-05
19662,4.21889433598601,0,1e-05
19663,4.83061970090572,0,1e-05
19664,4.21815066382306,0,1e-05
19665,4.82986473591241,0,1e-05
19666,4.21740694909096,0,1e-05
19667,4.82910971038462,0,1e-05
19668,4.21666318927221,0,1e-05
19669,4.82835462361164,0,1e-05
19670,4.21591938663951,0,1e-05
19671,4.82759947675343,0,1e-05
19672,4.21517553998508,0,1e-05
19673,4.82684426963886,0,1e-05
19674,4.21443165084419,0,1e-05
19675,4.82608900223772,0,1e-05
19676,4.21368771778156,0,1e-05
19677,4.82533367393005,0,1e-05
19678,4.21294374095879,0,1e-05
19679,4.82457828555781,0,1e-05
19680,4.21219972083794,0,1e-05
19681,4.82382283569791,0,1e-05
19682,4.21145565714228,0,1e-05
19683,4.82306732602233,0,1e-05
19684,4.21071155063099,0,1e-05
19685,4.82231175646579,0,1e-05
19686,4.2099674008658,0,1e-05
19687,4.82155612648821,0,1e-05
19688,4.20922320737634,0,1e-05
19689,4.82080043543224,0,1e-05
19690,4.20847897045647,0,1e-05
19691,4.82004468369859,0,1e-05
19692,4.20773469030149,0,1e-05
19693,4.81928887218993,0,1e-05
19694,4.20699036706018,0,1e-05
19695,4.81853299960841,0,1e-05
19696,4.2062459994276,0,1e-05
19697,4.81777706576236,0,1e-05
19698,4.20550158947016,0,1e-05
19699,4.81702107252093,0,1e-05
19700,4.20475713608486,0,1e-05
19701,4.81626501895126,0,1e-05
19702,4.2040126391976,0,1e-05
19703,4.81550890425129,0,1e-05
19704,4.20326809961198,0,1e-05
19705,4.8147527298098,0,1e-05
19706,4.202523516657,0,1e-05
19707,4.8139964938971,0,1e-05
19708,4.20177889009852,0,1e-05
19709,4.81324019853341,0,1e-05
19710,4.20103422047343,0,1e-05
19711,4.81248384182344,0,1e-05
19712,4.20028950829885,0,1e-05
19713,4.81172742507551,0,1e-05
19714,4.19954475226542,0,1e-05
19715,4.81097094786389,0,1e-05
19716,4.19879995377938,0,1e-05
19717,4.81021441062078,0,1e-05
19718,4.19805511278347,0,1e-05
19719,4.80945781303352,0,1e-05
19720,4.19731022850881,0,1e-05
19721,4.80870115506685,0,1e-05
19722,4.19656530107369,0,1e-05
19723,4.80794443527363,0,1e-05
19724,4.19582032919902,0,1e-05
19725,4.80718765593733,0,1e-05
19726,4.19507531532912,0,1e-05
19727,4.80643081530849,0,1e-05
19728,4.19433025841677,0,1e-05
19729,4.80567391458244,0,1e-05
19730,4.19358515778373,0,1e-05
19731,4.80491695317833,0,1e-05
19732,4.19284001496808,0,1e-05
19733,4.80415993106705,0,1e-05
19734,4.19209482854365,0,1e-05
19735,4.80340284860242,0,1e-05
19736,4.19134959937897,0,1e-05
19737,4.80264570571744,0,1e-05
19738,4.19060432714987,0,1e-05
19739,4.80188850229787,0,1e-05
19740,4.18985901210571,0,1e-05
19741,4.80113123820704,0,1e-05
19742,4.18911365440693,0,1e-05
19743,4.80037391414101,0,1e-05
19744,4.18836825468799,0,1e-05
19745,4.7996165299565,0,1e-05
19746,4.18762281113539,0,1e-05
19747,4.79885908470514,0,1e-05
19748,4.1868773249758,0,1e-05
19749,4.79810157985266,0,1e-05
19750,4.18613179773234,0,1e-05
19751,4.79734401482258,0,1e-05
19752,4.1853862266336,0,1e-05
19753,4.79658638873839,0,1e-05
19754,4.18464061278952,0,1e-05
19755,4.79582870291951,0,1e-05
19756,4.18389495727068,0,1e-05
19757,4.7950709563499,0,1e-05
19758,4.18314925769246,0,1e-05
19759,4.79431314838784,0,1e-05
19760,4.18240351540289,0,1e-05
19761,4.79355528042551,0,1e-05
19762,4.18165773102884,0,1e-05
19763,4.79279735213605,0,1e-05
19764,4.18091190407751,0,1e-05
19765,4.79203936357568,0,1e-05
19766,4.18016603461356,0,1e-05
19767,4.79128131537563,0,1e-05
19768,4.17942012260588,0,1e-05
19769,4.79052320502728,0,1e-05
19770,4.17867416835964,0,1e-05
19771,4.78976503547186,0,1e-05
19772,4.17792817059282,0,1e-05
19773,4.78900680575002,0,1e-05
19774,4.17718213177822,0,1e-05
19775,4.78824851522904,0,1e-05
19776,4.17643604983886,0,1e-05
19777,4.7874901650258,0,1e-05
19778,4.17568992631838,0,1e-05
19779,4.7867317546508,0,1e-05
19780,4.17494375989695,0,1e-05
19781,4.78597328266149,0,1e-05
19782,4.17419755108664,0,1e-05
19783,4.78521475111444,0,1e-05
19784,4.17345129906727,0,1e-05
19785,4.78445615782455,0,1e-05
19786,4.1727050050616,0,1e-05
19787,4.78369750586602,0,1e-05
19788,4.1719586702515,0,1e-05
19789,4.78293879325418,0,1e-05
19790,4.17121229198768,0,1e-05
19791,4.78218002039534,0,1e-05
19792,4.1704658723034,0,1e-05
19793,4.78142118749986,0,1e-05
19794,4.16971940955508,0,1e-05
19795,4.7806622935288,0,1e-05
19796,4.16897290572238,0,1e-05
19797,4.77990334034172,0,1e-05
19798,4.16822635902738,0,1e-05
19799,4.77914432507663,0,1e-05
19800,4.16747976952983,0,1e-05
19801,4.7783852503073,0,1e-05
19802,4.16673313854427,0,1e-05
19803,4.77762611573761,0,1e-05
19804,4.16598646573573,0,1e-05
19805,4.77686692074913,0,1e-05
19806,4.16523975108752,0,1e-05
19807,4.77610766538505,0,1e-05
19808,4.16449299393501,0,1e-05
19809,4.77534834964965,0,1e-05
19810,4.16374619467052,0,1e-05
19811,4.77458897357975,0,1e-05
19812,4.16299935342189,0,1e-05
19813,4.77382953702968,0,1e-05
19814,4.16225246990678,0,1e-05
19815,4.77307003955006,0,1e-05
19816,4.16150554372005,0,1e-05
19817,4.77231048165552,0,1e-05
19818,4.1607585757831,0,1e-05
19819,4.7715508635106,0,1e-05
19820,4.16001156696418,0,1e-05
19821,4.77079118567835,0,1e-05
19822,4.15926451547117,0,1e-05
19823,4.77003144720593,0,1e-05
19824,4.15851742188106,0,1e-05
19825,4.76927164771158,0,1e-05
19826,4.15777028567591,0,1e-05
19827,4.76851178817485,0,1e-05
19828,4.15702310894418,0,1e-05
19829,4.76775186903597,0,1e-05
19830,4.15627589053031,0,1e-05
19831,4.76699188939846,0,1e-05
19832,4.15552862959451,0,1e-05
19833,4.76623184987917,0,1e-05
19834,4.15478132773907,0,1e-05
19835,4.76547175058217,0,1e-05
19836,4.15403398494559,0,1e-05
19837,4.76471159093463,0,1e-05
19838,4.15328659905358,0,1e-05
19839,4.76395137002724,0,1e-05
19840,4.15253917226409,0,1e-05
19841,4.76319108920829,0,1e-05
19842,4.15179170312413,0,1e-05
19843,4.7624307482508,0,1e-05
19844,4.1510441924461,0,1e-05
19845,4.76167034687844,0,1e-05
19846,4.15029664012977,0,1e-05
19847,4.76090988566307,0,1e-05
19848,4.14954904716041,0,1e-05
19849,4.76014936454165,0,1e-05
19850,4.1488014121816,0,1e-05
19851,4.75938878233416,0,1e-05
19852,4.14805373474121,0,1e-05
19853,4.7586281406784,0,1e-05
19854,4.14730601760254,0,1e-05
19855,4.75786743852263,0,1e-05
19856,4.14655825840941,0,1e-05
19857,4.75710667641604,0,1e-05
19858,4.14581045777932,0,1e-05
19859,4.75634585454042,0,1e-05
19860,4.14506261557707,0,1e-05
19861,4.75558497191055,0,1e-05
19862,4.14431473129706,0,1e-05
19863,4.75482402851973,0,1e-05
19864,4.14356680657944,0,1e-05
19865,4.75406302493322,0,1e-05
19866,4.14281884004125,0,1e-05
19867,4.75330196203354,0,1e-05
19868,4.14207083305722,0,1e-05
19869,4.75254083986976,0,1e-05
19870,4.14132278504447,0,1e-05
19871,4.75177965725435,0,1e-05
19872,4.14057469623791,0,1e-05
19873,4.75101841536872,0,1e-05
19874,4.13982656712348,0,1e-05
19875,4.75025711422435,0,1e-05
19876,4.13907839686283,0,1e-05
19877,4.74949575215072,0,1e-05
19878,4.13833018485027,0,1e-05
19879,4.7487343297128,0,1e-05
19880,4.13758193184921,0,1e-05
19881,4.74797284711675,0,1e-05
19882,4.13683363726755,0,1e-05
19883,4.74721130492546,0,1e-05
19884,4.13608530364191,0,1e-05
19885,4.74644970359808,0,1e-05
19886,4.1353369280715,0,1e-05
19887,4.74568804130159,0,1e-05
19888,4.13458851119569,0,1e-05
19889,4.74492631891341,0,1e-05
19890,4.13384005313893,0,1e-05
19891,4.74416453684751,0,1e-05
19892,4.13309155561543,0,1e-05
19893,4.7434026965837,0,1e-05
19894,4.13234301793472,0,1e-05
19895,4.74264079517894,0,1e-05
19896,4.13159443782016,0,1e-05
19897,4.74187883348098,0,1e-05
19898,4.1308458180564,0,1e-05
19899,4.74111681272252,0,1e-05
19900,4.13009715813514,0,1e-05
19901,4.74035473248176,0,1e-05
19902,4.12934845697844,0,1e-05
19903,4.73959259090447,0,1e-05
19904,4.12859971446299,0,1e-05
19905,4.73883039053329,0,1e-05
19906,4.12785093165892,0,1e-05
19907,4.7380681301596,0,1e-05
19908,4.12710210871296,0,1e-05
19909,4.73730580908713,0,1e-05
19910,4.12635324448294,0,1e-05
19911,4.73654342822328,0,1e-05
19912,4.12560433974654,0,1e-05
19913,4.73578098682087,0,1e-05
19914,4.12485539501871,0,1e-05
19915,4.73501848682668,0,1e-05
19916,4.12410640871634,0,1e-05
19917,4.7342559255672,0,1e-05
19918,4.12335738165614,0,1e-05
19919,4.73349330531229,0,1e-05
19920,4.12260831530205,0,1e-05
19921,4.73273062477413,0,1e-05
19922,4.12185920824584,0,1e-05
19923,4.73196788596268,0,1e-05
19924,4.12111006198239,0,1e-05
19925,4.73120508668882,0,1e-05
19926,4.12036087469553,0,1e-05
19927,4.73044222777204,0,1e-05
19928,4.11961164763831,0,1e-05
19929,4.7296793093878,0,1e-05
19930,4.11886237992431,0,1e-05
19931,4.72891633037635,0,1e-05
19932,4.11811307250236,0,1e-05
19933,4.72815329292073,0,1e-05
19934,4.11736372489306,0,1e-05
19935,4.72739019538613,0,1e-05
19936,4.11661433685559,0,1e-05
19937,4.72662703805047,0,1e-05
19938,4.11586490968552,0,1e-05
19939,4.72586382089199,0,1e-05
19940,4.11511544034913,0,1e-05
19941,4.72510054336583,0,1e-05
19942,4.11436593191954,0,1e-05
19943,4.72433720669651,0,1e-05
19944,4.11361638388336,0,1e-05
19945,4.72357381058325,0,1e-05
19946,4.11286679601291,0,1e-05
19947,4.72281035448752,0,1e-05
19948,4.11211716816062,0,1e-05
19949,4.72204683984872,0,1e-05
19950,4.11136750076641,0,1e-05
19951,4.72128326556852,0,1e-05
19952,4.11061779320405,0,1e-05
19953,4.72051963118419,0,1e-05
19954,4.10986804587457,0,1e-05
19955,4.71975593668374,0,1e-05
19956,4.10911825955713,0,1e-05
19957,4.71899218400043,0,1e-05
19958,4.10836843268791,0,1e-05
19959,4.7182283706443,0,1e-05
19960,4.10761856649369,0,1e-05
19961,4.71746449820688,0,1e-05
19962,4.10686865967499,0,1e-05
19963,4.71670056491812,0,1e-05
19964,4.10611871419229,0,1e-05
19965,4.71593657300689,0,1e-05
19966,4.10536872910816,0,1e-05
19967,4.71517252343774,0,1e-05
19968,4.10461870529516,0,1e-05
19969,4.71440841321597,0,1e-05
19970,4.10386864181818,0,1e-05
19971,4.7136442431856,0,1e-05
19972,4.10311853801932,0,1e-05
19973,4.71288001462283,0,1e-05
19974,4.10236839518967,0,1e-05
19975,4.712115725805,0,1e-05
19976,4.10161821379216,0,1e-05
19977,4.711351379031,0,1e-05
19978,4.10086799258158,0,1e-05
19979,4.71058697159971,0,1e-05
19980,4.10011773197902,0,1e-05
19981,4.7098225052939,0,1e-05
19982,4.09936743201825,0,1e-05
19983,4.70905797908528,0,1e-05
19984,4.09861709249021,0,1e-05
19985,4.708293393995,0,1e-05
19986,4.09786671424367,0,1e-05
19987,4.70752874960299,0,1e-05
19988,4.09711629653398,0,1e-05
19989,4.70676404607999,0,1e-05
19990,4.09636584083946,0,1e-05
19991,4.70599928399884,0,1e-05
19992,4.0956153463139,0,1e-05
19993,4.70523446210579,0,1e-05
19994,4.09486481238886,0,1e-05
19995,4.70446958179946,0,1e-05
19996,4.09411423936809,0,1e-05
19997,4.70370464066236,0,1e-05
19998,4.09336362706596,0,1e-05
19999,4.70293964077744,0,1e-05
20000,4.0926129756383,0,1e-05
20001,4.70217458193638,0,1e-05
20002,4.09186228566597,0,1e-05
20003,4.70140946340369,0,1e-05
20004,4.09111155608486,0,1e-05
20005,4.70064428536853,0,1e-05
20006,4.09036078741333,0,1e-05
20007,4.69987904864926,0,1e-05
20008,4.0896099818587,0,1e-05
20009,4.69911375408774,0,1e-05
20010,4.0888591374234,0,1e-05
20011,4.69834839931988,0,1e-05
20012,4.08810825335822,0,1e-05
20013,4.69758298627888,0,1e-05
20014,4.08735733156731,0,1e-05
20015,4.69681751373906,0,1e-05
20016,4.08660637167788,0,1e-05
20017,4.69605198282797,0,1e-05
20018,4.08585537226923,0,1e-05
20019,4.69528639237939,0,1e-05
20020,4.08510433507105,0,1e-05
20021,4.69452074362649,0,1e-05
20022,4.08435325978081,0,1e-05
20023,4.69375503596005,0,1e-05
20024,4.08360214535324,0,1e-05
20025,4.69298926864307,0,1e-05
20026,4.08285099310861,0,1e-05
20027,4.69222344240415,0,1e-05
20028,4.08209980274034,0,1e-05
20029,4.691457557631,0,1e-05
20030,4.08134857341368,0,1e-05
20031,4.69069161475174,0,1e-05
20032,4.08059730782811,0,1e-05
20033,4.68992561262174,0,1e-05
20034,4.07984600301629,0,1e-05
20035,4.68915955134071,0,1e-05
20036,4.07909465917825,0,1e-05
20037,4.68839343128939,0,1e-05
20038,4.07834327754581,0,1e-05
20039,4.68762725204574,0,1e-05
20040,4.07759185904349,0,1e-05
20041,4.6868610147709,0,1e-05
20042,4.07684040121982,0,1e-05
20043,4.68609471817697,0,1e-05
20044,4.07608890642951,0,1e-05
20045,4.68532836391891,0,1e-05
20046,4.07533737398543,0,1e-05
20047,4.68456195039805,0,1e-05
20048,4.07458580354974,0,1e-05
20049,4.68379547857544,0,1e-05
20050,4.07383419544812,0,1e-05
20051,4.68302894790072,0,1e-05
20052,4.07308254981717,0,1e-05
20053,4.68226235918021,0,1e-05
20054,4.07233086566013,0,1e-05
20055,4.68149571078192,0,1e-05
20056,4.07157914369701,0,1e-05
20057,4.68072900296666,0,1e-05
20058,4.0708273834282,0,1e-05
20059,4.67996223662263,0,1e-05
20060,4.07007558605191,0,1e-05
20061,4.6791954128278,0,1e-05
20062,4.06932375135048,0,1e-05
20063,4.67842852960357,0,1e-05
20064,4.06857187993191,0,1e-05
20065,4.67766158894975,0,1e-05
20066,4.06781997138915,0,1e-05
20067,4.67689459098226,0,1e-05
20068,4.06706802552781,0,1e-05
20069,4.67612753379723,0,1e-05
20070,4.06631604291616,0,1e-05
20071,4.67536041844059,0,1e-05
20072,4.06556402214789,0,1e-05
20073,4.67459324475338,0,1e-05
20074,4.06481196484549,0,1e-05
20075,4.67382601272359,0,1e-05
20076,4.06405987018778,0,1e-05
20077,4.67305872177043,0,1e-05
20078,4.06330773840201,0,1e-05
20079,4.67229137430232,0,1e-05
20080,4.06255557075933,0,1e-05
20081,4.67152396741225,0,1e-05
20082,4.06180336491481,0,1e-05
20083,4.67075650268086,0,1e-05
20084,4.06105112308682,0,1e-05
20085,4.66998897976715,0,1e-05
20086,4.060298844663,0,1e-05
20087,4.66922139926911,0,1e-05
20088,4.05954652741323,0,1e-05
20089,4.66845375988488,0,1e-05
20090,4.05879417586076,0,1e-05
20091,4.66768606277539,0,1e-05
20092,4.05804178622316,0,1e-05
20093,4.66691830801478,0,1e-05
20094,4.05728936083343,0,1e-05
20095,4.66615049427371,0,1e-05
20096,4.05653689744223,0,1e-05
20097,4.66538262171394,0,1e-05
20098,4.05578439721672,0,1e-05
20099,4.6646146915057,0,1e-05
20100,4.05503186102604,0,1e-05
20101,4.66384670341774,0,1e-05
20102,4.05427928800449,0,1e-05
20103,4.66307865756862,0,1e-05
20104,4.05352667919888,0,1e-05
20105,4.66231055371675,0,1e-05
20106,4.05277403312871,0,1e-05
20107,4.66154239225101,0,1e-05
20108,4.05202135186821,0,1e-05
20109,4.66077417170948,0,1e-05
20110,4.05126863182928,0,1e-05
20111,4.66000589310591,0,1e-05
20112,4.05051587751493,0,1e-05
20113,4.65923755806448,0,1e-05
20114,4.04976308705056,0,1e-05
20115,4.65846916481061,0,1e-05
20116,4.04901025960418,0,1e-05
20117,4.65770071340413,0,1e-05
20118,4.04825739635336,0,1e-05
20119,4.65693220398702,0,1e-05
20120,4.04750449715554,0,1e-05
20121,4.65616363723736,0,1e-05
20122,4.04675156201464,0,1e-05
20123,4.6553950123436,0,1e-05
20124,4.04599858985008,0,1e-05
20125,4.65462632806833,0,1e-05
20126,4.04524558048844,0,1e-05
20127,4.65385758645528,0,1e-05
20128,4.04449253601189,0,1e-05
20129,4.65308878690513,0,1e-05
20130,4.04373945516144,0,1e-05
20131,4.65231992943479,0,1e-05
20132,4.04298633847513,0,1e-05
20133,4.65155101531736,0,1e-05
20134,4.04223318743334,0,1e-05
20135,4.65078204225711,0,1e-05
20136,4.04147999872581,0,1e-05
20137,4.65001301100957,0,1e-05
20138,4.04072677392431,0,1e-05
20139,4.64924392358343,0,1e-05
20140,4.03997351527525,0,1e-05
20141,4.64847477909095,0,1e-05
20142,4.03922022096059,0,1e-05
20143,4.64770557637574,0,1e-05
20144,4.03846689056111,0,1e-05
20145,4.64693631508592,0,1e-05
20146,4.03771352408439,0,1e-05
20147,4.64616699707922,0,1e-05
20148,4.03696012283492,0,1e-05
20149,4.64539762142623,0,1e-05
20150,4.03620668627825,0,1e-05
20151,4.64462818912832,0,1e-05
20152,4.03545321525775,0,1e-05
20153,4.64385869925498,0,1e-05
20154,4.03469970794614,0,1e-05
20155,4.6430891511819,0,1e-05
20156,4.03394616564331,0,1e-05
20157,4.64231954637239,0,1e-05
20158,4.03319258883182,0,1e-05
20159,4.64154988554078,0,1e-05
20160,4.03243897720409,0,1e-05
20161,4.64078016692011,0,1e-05
20162,4.0316853303459,0,1e-05
20163,4.64001039066468,0,1e-05
20164,4.03093164876372,0,1e-05
20165,4.63924055736975,0,1e-05
20166,4.03017793177752,0,1e-05
20167,4.6384706660753,0,1e-05
20168,4.02942417970851,0,1e-05
20169,4.63770071838057,0,1e-05
20170,4.0286703922911,0,1e-05
20171,4.63693071250599,0,1e-05
20172,4.02791657093929,0,1e-05
20173,4.63616065093791,0,1e-05
20174,4.02716271457541,0,1e-05
20175,4.63539053113552,0,1e-05
20176,4.02640882332893,0,1e-05
20177,4.63462035526608,0,1e-05
20178,4.02565489890706,0,1e-05
20179,4.63385012228685,0,1e-05
20180,4.02490093981119,0,1e-05
20181,4.63307983259173,0,1e-05
20182,4.0241469460182,0,1e-05
20183,4.63230948624589,0,1e-05
20184,4.02339291733108,0,1e-05
20185,4.63153908214126,0,1e-05
20186,4.02263885488327,0,1e-05
20187,4.63076862176723,0,1e-05
20188,4.02188475824265,0,1e-05
20189,4.629998104779,0,1e-05
20190,4.02113062673189,0,1e-05
20191,4.62922753064595,0,1e-05
20192,4.02037646185048,0,1e-05
20193,4.6284568998567,0,1e-05
20194,4.01962226177043,0,1e-05
20195,4.62768621036173,0,1e-05
20196,4.0188680269929,0,1e-05
20197,4.62691546519286,0,1e-05
20198,4.01811375821614,0,1e-05
20199,4.62614466273241,0,1e-05
20200,4.01735945503179,0,1e-05
20201,4.62537380329489,0,1e-05
20202,4.01660511929532,0,1e-05
20203,4.62460288847706,0,1e-05
20204,4.01585074944633,0,1e-05
20205,4.62383191660229,0,1e-05
20206,4.01509634586591,0,1e-05
20207,4.62306088879007,0,1e-05
20208,4.01434190876835,0,1e-05
20209,4.62228980337697,0,1e-05
20210,4.01358743694401,0,1e-05
20211,4.62151866184574,0,1e-05
20212,4.01283293249001,0,1e-05
20213,4.62074746345985,0,1e-05
20214,4.01207839371623,0,1e-05
20215,4.61997620956636,0,1e-05
20216,4.01132382271988,0,1e-05
20217,4.61920489948812,0,1e-05
20218,4.01056921725666,0,1e-05
20219,4.61843353210937,0,1e-05
20220,4.00981457830693,0,1e-05
20221,4.6176621079225,0,1e-05
20222,4.00905990652424,0,1e-05
20223,4.61689062835167,0,1e-05
20224,4.00830520183595,0,1e-05
20225,4.61611909381309,0,1e-05
20226,4.00755046413193,0,1e-05
20227,4.61534750057611,0,1e-05
20228,4.00679569158746,0,1e-05
20229,4.61457585136193,0,1e-05
20230,4.00604088629973,0,1e-05
20231,4.61380414547022,0,1e-05
20232,4.00528604730731,0,1e-05
20233,4.61303238266972,0,1e-05
20234,4.00453117585068,0,1e-05
20235,4.61226056516031,0,1e-05
20236,4.00377627141527,0,1e-05
20237,4.61148869118377,0,1e-05
20238,4.00302133410438,0,1e-05
20239,4.61071676117542,0,1e-05
20240,4.00226636359228,0,1e-05
20241,4.6099447743419,0,1e-05
20242,4.00151136106477,0,1e-05
20243,4.6091727333442,0,1e-05
20244,4.0007563268107,0,1e-05
20245,4.60840063582991,0,1e-05
20246,4.0000012600368,0,1e-05
20247,4.60762848294746,0,1e-05
20248,3.99924616010709,0,1e-05
20249,4.60685627396187,0,1e-05
20250,3.99849102795897,0,1e-05
20251,4.60608400906014,0,1e-05
20252,3.99773586339136,0,1e-05
20253,4.60531168883958,0,1e-05
20254,3.99698066701585,0,1e-05
20255,4.60453931213556,0,1e-05
20256,3.99622543748567,0,1e-05
20257,4.60376687917369,0,1e-05
20258,3.99547017552913,0,1e-05
20259,4.60299439193322,0,1e-05
20260,3.99471488189183,0,1e-05
20261,4.60222184735895,0,1e-05
20262,3.99395955578264,0,1e-05
20263,4.60144924804185,0,1e-05
20264,3.99320419765648,0,1e-05
20265,4.60067659273161,0,1e-05
20266,3.992448807592,0,1e-05
20267,4.59990388215625,0,1e-05
20268,3.99169338533046,0,1e-05
20269,4.59913111612452,0,1e-05
20270,3.99093793217128,0,1e-05
20271,4.59835829511211,0,1e-05
20272,3.9901824476107,0,1e-05
20273,4.59758541877672,0,1e-05
20274,3.98942693037076,0,1e-05
20275,4.59681248661841,0,1e-05
20276,3.98867138218774,0,1e-05
20277,4.59603949857853,0,1e-05
20278,3.9879158011902,0,1e-05
20279,4.59526645512028,0,1e-05
20280,3.9871601901125,0,1e-05
20281,4.59449335795921,0,1e-05
20282,3.98640454760475,0,1e-05
20283,4.59372020526743,0,1e-05
20284,3.98564887329858,0,1e-05
20285,4.59294699638414,0,1e-05
20286,3.98489316632771,0,1e-05
20287,4.59217373156791,0,1e-05
20288,3.98413742940485,0,1e-05
20289,4.59140041263357,0,1e-05
20290,3.98338166098635,0,1e-05
20291,4.59062703831997,0,1e-05
20292,3.98262586202406,0,1e-05
20293,4.58985360974085,0,1e-05
20294,3.98187003123691,0,1e-05
20295,4.58908012533537,0,1e-05
20296,3.98111417031129,0,1e-05
20297,4.5883065870712,0,1e-05
20298,3.98035827841181,0,1e-05
20299,4.58753299303318,0,1e-05
20300,3.97960235438483,0,1e-05
20301,4.5867593421597,0,1e-05
20302,3.97884639886988,0,1e-05
20303,4.585985637749,0,1e-05
20304,3.97809041339823,0,1e-05
20305,4.58521187823999,0,1e-05
20306,3.97733439760719,0,1e-05
20307,4.58443806494011,0,1e-05
20308,3.97657835181107,0,1e-05
20309,4.58366419670752,0,1e-05
20310,3.97582227586507,0,1e-05
20311,4.58289027275932,0,1e-05
20312,3.9750661676021,0,1e-05
20313,4.58211629522591,0,1e-05
20314,3.97431003001408,0,1e-05
20315,4.58134226265027,0,1e-05
20316,3.97355386179002,0,1e-05
20317,4.58056817491246,0,1e-05
20318,3.97279766254721,0,1e-05
20319,4.5797940309461,0,1e-05
20320,3.97204143229117,0,1e-05
20321,4.57901983371375,0,1e-05
20322,3.97128517270137,0,1e-05
20323,4.57824558105641,0,1e-05
20324,3.97052888262008,0,1e-05
20325,4.57747127452199,0,1e-05
20326,3.96977256332387,0,1e-05
20327,4.57669691508375,0,1e-05
20328,3.96901621436066,0,1e-05
20329,4.57592250081703,0,1e-05
20330,3.96825983489539,0,1e-05
20331,4.57514803111957,0,1e-05
20332,3.9675034251401,0,1e-05
20333,4.57437350651906,0,1e-05
20334,3.96674698629626,0,1e-05
20335,4.573598927687,0,1e-05
20336,3.96599051602515,0,1e-05
20337,4.5728242952358,0,1e-05
20338,3.96523401808364,0,1e-05
20339,4.57204960910467,0,1e-05
20340,3.96447749072278,0,1e-05
20341,4.57127486891516,0,1e-05
20342,3.96372093304547,0,1e-05
20343,4.57050007395749,0,1e-05
20344,3.96296434647116,0,1e-05
20345,4.5697252249821,0,1e-05
20346,3.96220772996679,0,1e-05
20347,4.56895032167695,0,1e-05
20348,3.96145108426572,0,1e-05
20349,4.56817536455402,0,1e-05
20350,3.96069440982198,0,1e-05
20351,4.56740035392054,0,1e-05
20352,3.95993770628914,0,1e-05
20353,4.56662528977749,0,1e-05
20354,3.9591809743271,0,1e-05
20355,4.56585017201812,0,1e-05
20356,3.9584242130153,0,1e-05
20357,4.56507499920645,0,1e-05
20358,3.95766742283347,0,1e-05
20359,4.56429977508011,0,1e-05
20360,3.95691060448405,0,1e-05
20361,4.56352449534036,0,1e-05
20362,3.95615375697949,0,1e-05
20363,4.56274916290837,0,1e-05
20364,3.9553968813059,0,1e-05
20365,4.56197377631492,0,1e-05
20366,3.95463997578785,0,1e-05
20367,4.56119833585262,0,1e-05
20368,3.95388304275647,0,1e-05
20369,4.56042284274955,0,1e-05
20370,3.95312608129335,0,1e-05
20371,4.55964729606153,0,1e-05
20372,3.95236909143179,0,1e-05
20373,4.55887169490542,0,1e-05
20374,3.95161207217086,0,1e-05
20375,4.55809604020145,0,1e-05
20376,3.95085502444737,0,1e-05
20377,4.55732033201962,0,1e-05
20378,3.95009794971153,0,1e-05
20379,4.55654457180005,0,1e-05
20380,3.9493408468173,0,1e-05
20381,4.5557687572419,0,1e-05
20382,3.94858371465947,0,1e-05
20383,4.55499288914956,0,1e-05
20384,3.94782655564368,0,1e-05
20385,4.55421696838968,0,1e-05
20386,3.94706936809869,0,1e-05
20387,4.55344099357104,0,1e-05
20388,3.94631215275785,0,1e-05
20389,4.55266496718324,0,1e-05
20390,3.94555491067307,0,1e-05
20391,4.55188888753589,0,1e-05
20392,3.94479764029763,0,1e-05
20393,4.55111275349875,0,1e-05
20394,3.94404034143818,0,1e-05
20395,4.55033656758064,0,1e-05
20396,3.94328301678916,0,1e-05
20397,4.54956032906852,0,1e-05
20398,3.94252566433456,0,1e-05
20399,4.54878403788685,0,1e-05
20400,3.941768285319,0,1e-05
20401,4.54800769348457,0,1e-05
20402,3.94101087767522,0,1e-05
20403,4.54723129535236,0,1e-05
20404,3.94025344185524,0,1e-05
20405,4.54645484529071,0,1e-05
20406,3.93949598165071,0,1e-05
20407,4.54567834255853,0,1e-05
20408,3.93873849245374,0,1e-05
20409,4.54490178655468,0,1e-05
20410,3.93798097597167,0,1e-05
20411,4.54412517877099,0,1e-05
20412,3.93722343398696,0,1e-05
20413,4.54334851858061,0,1e-05
20414,3.93646586482681,0,1e-05
20415,4.54257180498547,0,1e-05
20416,3.93570826912938,0,1e-05
20417,4.54179504016011,0,1e-05
20418,3.93495064707701,0,1e-05
20419,4.54101822400071,0,1e-05
20420,3.93419299881361,0,1e-05
20421,4.54024135334863,0,1e-05
20422,3.93343532244988,0,1e-05
20423,4.539464431229,0,1e-05
20424,3.93267762097598,0,1e-05
20425,4.53868745675391,0,1e-05
20426,3.9319198925634,0,1e-05
20427,4.53791042956056,0,1e-05
20428,3.93116213870962,0,1e-05
20429,4.5371333512002,0,1e-05
20430,3.93040435881228,0,1e-05
20431,4.53635622075087,0,1e-05
20432,3.92964655164964,0,1e-05
20433,4.53557903782858,0,1e-05
20434,3.92888871986678,0,1e-05
20435,4.53480180416154,0,1e-05
20436,3.92813086155753,0,1e-05
20437,4.53402451635802,0,1e-05
20438,3.92737297611245,0,1e-05
20439,4.53324717663141,0,1e-05
20440,3.92661506572531,0,1e-05
20441,4.53246978598097,0,1e-05
20442,3.92585712967308,0,1e-05
20443,4.53169234325581,0,1e-05
20444,3.92509916892217,0,1e-05
20445,4.53091485041638,0,1e-05
20446,3.92434118196733,0,1e-05
20447,4.53013730391276,0,1e-05
20448,3.92358316977798,0,1e-05
20449,4.52935970655799,0,1e-05
20450,3.92282513123949,0,1e-05
20451,4.52858205660404,0,1e-05
20452,3.92206706740782,0,1e-05
20453,4.52780435488458,0,1e-05
20454,3.92130897697749,0,1e-05
20455,4.52702660047379,0,1e-05
20456,3.92055086242024,0,1e-05
20457,4.52624879534049,0,1e-05
20458,3.91979272241037,0,1e-05
20459,4.52547093889064,0,1e-05
20460,3.91903455777864,0,1e-05
20461,4.5246930314048,0,1e-05
20462,3.91827636796443,0,1e-05
20463,4.52391507199218,0,1e-05
20464,3.91751815360725,0,1e-05
20465,4.52313706210261,0,1e-05
20466,3.91675991507124,0,1e-05
20467,4.52235900137207,0,1e-05
20468,3.9160016510401,0,1e-05
20469,4.5215808875988,0,1e-05
20470,3.91524336158736,0,1e-05
20471,4.52080272315863,0,1e-05
20472,3.91448504930016,0,1e-05
20473,4.52002450855952,0,1e-05
20474,3.91372671152586,0,1e-05
20475,4.51924624260824,0,1e-05
20476,3.91296834935301,0,1e-05
20477,4.51846792456659,0,1e-05
20478,3.91220996279204,0,1e-05
20479,4.51768955562981,0,1e-05
20480,3.91145155149915,0,1e-05
20481,4.51691113635906,0,1e-05
20482,3.91069311648581,0,1e-05
20483,4.51613266484411,0,1e-05
20484,3.9099346568244,0,1e-05
20485,4.51535414360082,0,1e-05
20486,3.90917617405983,0,1e-05
20487,4.51457557293294,0,1e-05
20488,3.9084176679863,0,1e-05
20489,4.51379695154786,0,1e-05
20490,3.90765913897652,0,1e-05
20491,4.51301827897429,0,1e-05
20492,3.90690058509276,0,1e-05
20493,4.51223955694383,0,1e-05
20494,3.90614200833839,0,1e-05
20495,4.51146078219209,0,1e-05
20496,3.90538340643013,0,1e-05
20497,4.51068195724457,0,1e-05
20498,3.90462478196924,0,1e-05
20499,4.50990308339415,0,1e-05
20500,3.90386613477013,0,1e-05
20501,4.50912415788874,0,1e-05
20502,3.90310746332978,0,1e-05
20503,4.5083451816485,0,1e-05
20504,3.90234876862574,0,1e-05
20505,4.50756615585063,0,1e-05
20506,3.90159005082212,0,1e-05
20507,4.50678707857553,0,1e-05
20508,3.90083130930934,0,1e-05
20509,4.50600795205541,0,1e-05
20510,3.90007254529779,0,1e-05
20511,4.50522877512967,0,1e-05
20512,3.89931375821224,0,1e-05
20513,4.5044495479162,0,1e-05
20514,3.89855494833764,0,1e-05
20515,4.50367027104869,0,1e-05
20516,3.89779611636039,0,1e-05
20517,4.50289094450722,0,1e-05
20518,3.8970372624267,0,1e-05
20519,4.50211156955986,0,1e-05
20520,3.89627838723153,0,1e-05
20521,4.50133214514747,0,1e-05
20522,3.89551948883613,0,1e-05
20523,4.50055266946886,0,1e-05
20524,3.89476056783857,0,1e-05
20525,4.4997731445477,0,1e-05
20526,3.89400162440434,0,1e-05
20527,4.49899357091891,0,1e-05
20528,3.89324266018627,0,1e-05
20529,4.49821394709605,0,1e-05
20530,3.89248367287708,0,1e-05
20531,4.49743427325661,0,1e-05
20532,3.89172466311864,0,1e-05
20533,4.49665454959868,0,1e-05
20534,3.89096563131354,0,1e-05
20535,4.49587477594052,0,1e-05
20536,3.89020657766326,0,1e-05
20537,4.49509495347734,0,1e-05
20538,3.88944750254898,0,1e-05
20539,4.49431508130138,0,1e-05
20540,3.88868840587763,0,1e-05
20541,4.49353516034193,0,1e-05
20542,3.88792928697714,0,1e-05
20543,4.49275518959809,0,1e-05
20544,3.88717014718827,0,1e-05
20545,4.49197517071406,0,1e-05
20546,3.88641098552781,0,1e-05
20547,4.491195100418,0,1e-05
20548,3.88565180203222,0,1e-05
20549,4.4904149819203,0,1e-05
20550,3.88489259783544,0,1e-05
20551,4.48963481589256,0,1e-05
20552,3.88413337289353,0,1e-05
20553,4.48885459922998,0,1e-05
20554,3.88337412699429,0,1e-05
20555,4.48807433563105,0,1e-05
20556,3.88261486153932,0,1e-05
20557,4.48729402230337,0,1e-05
20558,3.88185557419486,0,1e-05
20559,4.48651366074472,0,1e-05
20560,3.88109626612955,0,1e-05
20561,4.48573324937829,0,1e-05
20562,3.88033693706362,0,1e-05
20563,4.48495279080887,0,1e-05
20564,3.87957758830027,0,1e-05
20565,4.48417228261436,0,1e-05
20566,3.87881821824483,0,1e-05
20567,4.48339172557069,0,1e-05
20568,3.87805882765067,0,1e-05
20569,4.48261112115313,0,1e-05
20570,3.87729941802022,0,1e-05
20571,4.48183046698095,0,1e-05
20572,3.87653998608695,0,1e-05
20573,4.48104976434927,0,1e-05
20574,3.87578053424099,0,1e-05
20575,4.48026901273082,0,1e-05
20576,3.87502106314765,0,1e-05
20577,4.47948821468787,0,1e-05
20578,3.87426157196446,0,1e-05
20579,4.47870736656011,0,1e-05
20580,3.87350205974816,0,1e-05
20581,4.47792646983726,0,1e-05
20582,3.87274252783904,0,1e-05
20583,4.47714552550578,0,1e-05
20584,3.87198297718735,0,1e-05
20585,4.47636453497637,0,1e-05
20586,3.87122340773814,0,1e-05
20587,4.4755834948497,0,1e-05
20588,3.87046381740044,0,1e-05
20589,4.47480240778093,0,1e-05
20590,3.86970420869273,0,1e-05
20591,4.47402127279765,0,1e-05
20592,3.86894458103281,0,1e-05
20593,4.47324009057176,0,1e-05
20594,3.86818493409657,0,1e-05
20595,4.47245885920802,0,1e-05
20596,3.8674252676169,0,1e-05
20597,4.47167758014977,0,1e-05
20598,3.86666558136711,0,1e-05
20599,4.47089625411769,0,1e-05
20600,3.86590587637516,0,1e-05
20601,4.47011487956554,0,1e-05
20602,3.86514615269142,0,1e-05
20603,4.46933345837987,0,1e-05
20604,3.86438641073355,0,1e-05
20605,4.46855198945131,0,1e-05
20606,3.86362664966792,0,1e-05
20607,4.46777047269019,0,1e-05
20608,3.86286686986106,0,1e-05
20609,4.46698890960784,0,1e-05
20610,3.86210707242525,0,1e-05
20611,4.46620729889825,0,1e-05
20612,3.8613472564664,0,1e-05
20613,4.46542564089521,0,1e-05
20614,3.86058742229424,0,1e-05
20615,4.46464393673813,0,1e-05
20616,3.85982757088553,0,1e-05
20617,4.46386218439716,0,1e-05
20618,3.85906769957277,0,1e-05
20619,4.46308038469444,0,1e-05
20620,3.85830781086367,0,1e-05
20621,4.46229853782487,0,1e-05
20622,3.85754790325809,0,1e-05
20623,4.46151664435195,0,1e-05
20624,3.85678797926793,0,1e-05
20625,4.46073470465827,0,1e-05
20626,3.8560280375459,0,1e-05
20627,4.45995271740989,0,1e-05
20628,3.85526807824612,0,1e-05
20629,4.45917068439669,0,1e-05
20630,3.85450810066244,0,1e-05
20631,4.45838860345963,0,1e-05
20632,3.85374810646785,0,1e-05
20633,4.45760647844709,0,1e-05
20634,3.85298809610011,0,1e-05
20635,4.45682430587427,0,1e-05
20636,3.85222806720907,0,1e-05
20637,4.45604208739367,0,1e-05
20638,3.85146802219484,0,1e-05
20639,4.45525982046525,0,1e-05
20640,3.85070795906015,0,1e-05
20641,4.4544775091716,0,1e-05
20642,3.84994788042354,0,1e-05
20643,4.45369515218404,0,1e-05
20644,3.84918778458322,0,1e-05
20645,4.45291274867513,0,1e-05
20646,3.84842767214598,0,1e-05
20647,4.45213029819734,0,1e-05
20648,3.84766754360668,0,1e-05
20649,4.45134780347572,0,1e-05
20650,3.84690739939296,0,1e-05
20651,4.45056526140701,0,1e-05
20652,3.84614723686323,0,1e-05
20653,4.44978267399822,0,1e-05
20654,3.84538705953889,0,1e-05
20655,4.44900004070251,0,1e-05
20656,3.8446268653209,0,1e-05
20657,4.44821736046845,0,1e-05
20658,3.84386665454012,0,1e-05
20659,4.44743463401415,0,1e-05
20660,3.84310642687909,0,1e-05
20661,4.44665186253416,0,1e-05
20662,3.84234618322049,0,1e-05
20663,4.44586904440915,0,1e-05
20664,3.84158592511863,0,1e-05
20665,4.44508618318109,0,1e-05
20666,3.84082565111183,0,1e-05
20667,4.44430327474349,0,1e-05
20668,3.8400653612946,0,1e-05
20669,4.44352032073504,0,1e-05
20670,3.83930505615586,0,1e-05
20671,4.44273732268165,0,1e-05
20672,3.83854473602518,0,1e-05
20673,4.44195427875755,0,1e-05
20674,3.83778440041012,0,1e-05
20675,4.44117118986338,0,1e-05
20676,3.83702404881784,0,1e-05
20677,4.44038805498741,0,1e-05
20678,3.83626368274558,0,1e-05
20679,4.43960487544041,0,1e-05
20680,3.83550330104705,0,1e-05
20681,4.43882165007028,0,1e-05
20682,3.83474290493219,0,1e-05
20683,4.43803838116058,0,1e-05
20684,3.83398249362643,0,1e-05
20685,4.43725506620359,0,1e-05
20686,3.83322206815168,0,1e-05
20687,4.43647170706604,0,1e-05
20688,3.83246162877983,0,1e-05
20689,4.43568830490282,0,1e-05
20690,3.83170117505525,0,1e-05
20691,4.43490485697661,0,1e-05
20692,3.83094070659969,0,1e-05
20693,4.43412136298732,0,1e-05
20694,3.83018022275201,0,1e-05
20695,4.43333782490321,0,1e-05
20696,3.82941972560744,0,1e-05
20697,4.43255424276968,0,1e-05
20698,3.82865921459035,0,1e-05
20699,4.43177061743215,0,1e-05
20700,3.82789869038946,0,1e-05
20701,4.43098694723442,0,1e-05
20702,3.8271381521381,0,1e-05
20703,4.43020323362747,0,1e-05
20704,3.8263776009979,0,1e-05
20705,4.42941947581756,0,1e-05
20706,3.82561703524842,0,1e-05
20707,4.42863567305321,0,1e-05
20708,3.82485645737611,0,1e-05
20709,4.42785182724966,0,1e-05
20710,3.82409586493652,0,1e-05
20711,4.42706793621737,0,1e-05
20712,3.82333525873965,0,1e-05
20713,4.42628400188483,0,1e-05
20714,3.8225746398711,0,1e-05
20715,4.42550002333765,0,1e-05
20716,3.8218140071001,0,1e-05
20717,4.42471600110557,0,1e-05
20718,3.82105336144307,0,1e-05
20719,4.4239319352841,0,1e-05
20720,3.8202927045259,0,1e-05
20721,4.42314782544972,0,1e-05
20722,3.81953203262961,0,1e-05
20723,4.42236367108044,0,1e-05
20724,3.81877134776788,0,1e-05
20725,4.42157947377118,0,1e-05
20726,3.81801065193385,0,1e-05
20727,4.42079523342379,0,1e-05
20728,3.81724994257429,0,1e-05
20729,4.42001094987227,0,1e-05
20730,3.81648922205592,0,1e-05
20731,4.41922662222614,0,1e-05
20732,3.81572848793314,0,1e-05
20733,4.41844225142771,0,1e-05
20734,3.81496774216091,0,1e-05
20735,4.41765783866983,0,1e-05
20736,3.81420698515752,0,1e-05
20737,4.41687338231031,0,1e-05
20738,3.81344621563472,0,1e-05
20739,4.41608888224784,0,1e-05
20740,3.8126854339613,0,1e-05
20741,4.4153043405225,0,1e-05
20742,3.81192464060535,0,1e-05
20743,4.41451975388905,0,1e-05
20744,3.81116383473807,0,1e-05
20745,4.41373512376259,0,1e-05
20746,3.8104030178248,0,1e-05
20747,4.41295045420331,0,1e-05
20748,3.80964219089281,0,1e-05
20749,4.41216574035395,0,1e-05
20750,3.80888135180798,0,1e-05
20751,4.41138098367628,0,1e-05
20752,3.80812050177092,0,1e-05
20753,4.41059618574544,0,1e-05
20754,3.80735964069804,0,1e-05
20755,4.40981134468402,0,1e-05
20756,3.80659876837291,0,1e-05
20757,4.4090264612851,0,1e-05
20758,3.8058378859202,0,1e-05
20759,4.40824153489231,0,1e-05
20760,3.80507699228186,0,1e-05
20761,4.40745656848156,0,1e-05
20762,3.80431608985574,0,1e-05
20763,4.40667155909121,0,1e-05
20764,3.80355517588358,0,1e-05
20765,4.40588650773669,0,1e-05
20766,3.80279425221547,0,1e-05
20767,4.40510141499266,0,1e-05
20768,3.80203331774504,0,1e-05
20769,4.40431628088645,0,1e-05
20770,3.80127237407325,0,1e-05
20771,4.40353110326408,0,1e-05
20772,3.80051141823929,0,1e-05
20773,4.40274588578009,0,1e-05
20774,3.79975045648244,0,1e-05
20775,4.40196062525824,0,1e-05
20776,3.79898948076428,0,1e-05
20777,4.40117532374195,0,1e-05
20778,3.79822849610841,0,1e-05
20779,4.40038997902281,0,1e-05
20780,3.79746750274339,0,1e-05
20781,4.39960459544371,0,1e-05
20782,3.79670650075529,0,1e-05
20783,4.39881916908271,0,1e-05
20784,3.79594548859557,0,1e-05
20785,4.39803370229003,0,1e-05
20786,3.79518446703368,0,1e-05
20787,4.39724819261869,0,1e-05
20788,3.79442343629082,0,1e-05
20789,4.39646264420742,0,1e-05
20790,3.79366239809947,0,1e-05
20791,4.39567705357749,0,1e-05
20792,3.79290135007613,0,1e-05
20793,4.39489142253975,0,1e-05
20794,3.79214029355001,0,1e-05
20795,4.39410575074936,0,1e-05
20796,3.79137922851628,0,1e-05
20797,4.39332003728334,0,1e-05
20798,3.79061815393543,0,1e-05
20799,4.39253428296621,0,1e-05
20800,3.78985707112164,0,1e-05
20801,4.3917484879488,0,1e-05
20802,3.78909598067805,0,1e-05
20803,4.39096265515248,0,1e-05
20804,3.78833488375337,0,1e-05
20805,4.3901767791228,0,1e-05
20806,3.78757377602136,0,1e-05
20807,4.38939086253168,0,1e-05
20808,3.78681266035551,0,1e-05
20809,4.38860490596011,0,1e-05
20810,3.78605153789266,0,1e-05
20811,4.38781890846394,0,1e-05
20812,3.78529040682868,0,1e-05
20813,4.38703287160839,0,1e-05
20814,3.78452926928509,0,1e-05
20815,4.38624679491419,0,1e-05
20816,3.78376812315266,0,1e-05
20817,4.38546067768312,0,1e-05
20818,3.78300697091169,0,1e-05
20819,4.38467452068464,0,1e-05
20820,3.78224581097442,0,1e-05
20821,4.38388832401117,0,1e-05
20822,3.7814846432283,0,1e-05
20823,4.38310208693116,0,1e-05
20824,3.78072346873367,0,1e-05
20825,4.38231580954593,0,1e-05
20826,3.77996228758597,0,1e-05
20827,4.38152949577779,0,1e-05
20828,3.77920110153121,0,1e-05
20829,4.3807431407962,0,1e-05
20830,3.77843990768199,0,1e-05
20831,4.37995674545529,0,1e-05
20832,3.77767870617243,0,1e-05
20833,4.37917031074955,0,1e-05
20834,3.77691749806233,0,1e-05
20835,4.3783838374664,0,1e-05
20836,3.77615628535567,0,1e-05
20837,4.37759732422747,0,1e-05
20838,3.77539506529506,0,1e-05
20839,4.37681077173662,0,1e-05
20840,3.77463383837187,0,1e-05
20841,4.3760241815085,0,1e-05
20842,3.77387260828897,0,1e-05
20843,4.37523755063303,0,1e-05
20844,3.77311136928835,0,1e-05
20845,4.37445088124538,0,1e-05
20846,3.77235012585775,0,1e-05
20847,4.37366417246301,0,1e-05
20848,3.77158887556249,0,1e-05
20849,4.3728774242206,0,1e-05
20850,3.77082762001689,0,1e-05
20851,4.37209063794385,0,1e-05
20852,3.77006636084566,0,1e-05
20853,4.37130381452668,0,1e-05
20854,3.76930509531616,0,1e-05
20855,4.37051695162389,0,1e-05
20856,3.76854382584324,0,1e-05
20857,4.36973005119614,0,1e-05
20858,3.76778255129558,0,1e-05
20859,4.3689431112408,0,1e-05
20860,3.7670212710465,0,1e-05
20861,4.36815613283066,0,1e-05
20862,3.76625998500512,0,1e-05
20863,4.36736911630273,0,1e-05
20864,3.76549869580969,0,1e-05
20865,4.36658206179652,0,1e-05
20866,3.76473740191033,0,1e-05
20867,4.36579496973984,0,1e-05
20868,3.76397610283972,0,1e-05
20869,4.36500783851511,0,1e-05
20870,3.7632148004112,0,1e-05
20871,4.36422067027222,0,1e-05
20872,3.76245349335973,0,1e-05
20873,4.36343346476123,0,1e-05
20874,3.76169218271295,0,1e-05
20875,4.3626462203866,0,1e-05
20876,3.76093086822631,0,1e-05
20877,4.36185893884806,0,1e-05
20878,3.76016954857997,0,1e-05
20879,4.36107161928583,0,1e-05
20880,3.75940822593694,0,1e-05
20881,4.36028426316087,0,1e-05
20882,3.75864690139496,0,1e-05
20883,4.35949687014592,0,1e-05
20884,3.75788557310197,0,1e-05
20885,4.3587094394674,0,1e-05
20886,3.75712424096132,0,1e-05
20887,4.35792197083973,0,1e-05
20888,3.75636290563307,0,1e-05
20889,4.35713446590931,0,1e-05
20890,3.75560156801711,0,1e-05
20891,4.3563469246532,0,1e-05
20892,3.7548402275471,0,1e-05
20893,4.35555934455354,0,1e-05
20894,3.75407888341126,0,1e-05
20895,4.35477172892067,0,1e-05
20896,3.75331753767211,0,1e-05
20897,4.35398407612234,0,1e-05
20898,3.75255618775889,0,1e-05
20899,4.35319638442896,0,1e-05
20900,3.75179483538625,0,1e-05
20901,4.35240865898101,0,1e-05
20902,3.75103348158387,0,1e-05
20903,4.3516208959677,0,1e-05
20904,3.75027212652104,0,1e-05
20905,4.3508330961627,0,1e-05
20906,3.74951076790156,0,1e-05
20907,4.35004525945982,0,1e-05
20908,3.74874940751012,0,1e-05
20909,4.34925738855799,0,1e-05
20910,3.74798804670653,0,1e-05
20911,4.34846948011454,0,1e-05
20912,3.7472266839668,0,1e-05
20913,4.34768153512256,0,1e-05
20914,3.74646531845184,0,1e-05
20915,4.3468935536167,0,1e-05
20916,3.74570395146099,0,1e-05
20917,4.34610553710459,0,1e-05
20918,3.74494258319919,0,1e-05
20919,4.34531748380371,0,1e-05
20920,3.7441812150875,0,1e-05
20921,4.34452939599098,0,1e-05
20922,3.74341984494845,0,1e-05
20923,4.34374127153141,0,1e-05
20924,3.74265847311487,0,1e-05
20925,4.34295311045527,0,1e-05
20926,3.74189710122118,0,1e-05
20927,4.3421649152676,0,1e-05
20928,3.74113572935397,0,1e-05
20929,4.34137668507919,0,1e-05
20930,3.74037435785016,0,1e-05
20931,4.34058842023687,0,1e-05
20932,3.73961298561218,0,1e-05
20933,4.33980011877339,0,1e-05
20934,3.73885161282372,0,1e-05
20935,4.33901178312812,0,1e-05
20936,3.73809023984801,0,1e-05
20937,4.33822341195294,0,1e-05
20938,3.73732886750682,0,1e-05
20939,4.33743500653442,0,1e-05
20940,3.73656749517183,0,1e-05
20941,4.33664656653782,0,1e-05
20942,3.7358061250913,0,1e-05
20943,4.33585809232335,0,1e-05
20944,3.73504475343414,0,1e-05
20945,4.33506958200346,0,1e-05
20946,3.73428338384155,0,1e-05
20947,4.33428103929209,0,1e-05
20948,3.73352201493151,0,1e-05
20949,4.33349246130394,0,1e-05
20950,3.73276064711524,0,1e-05
20951,4.33270384691279,0,1e-05
20952,3.73199927801827,0,1e-05
20953,4.33191519961862,0,1e-05
20954,3.73123791094188,0,1e-05
20955,4.33112651652571,0,1e-05
20956,3.73047654435931,0,1e-05
20957,4.33033779892611,0,1e-05
20958,3.72971517942227,0,1e-05
20959,4.32954904839805,0,1e-05
20960,3.72895381625433,0,1e-05
20961,4.32876026463671,0,1e-05
20962,3.72819245547496,0,1e-05
20963,4.32797144767187,0,1e-05
20964,3.72743109686989,0,1e-05
20965,4.32718259563638,0,1e-05
20966,3.72666973915683,0,1e-05
20967,4.3263937106277,0,1e-05
20968,3.72590838493228,0,1e-05
20969,4.32560479111532,0,1e-05
20970,3.72514703118741,0,1e-05
20971,4.3248158393671,0,1e-05
20972,3.72438568169105,0,1e-05
20973,4.3240268538953,0,1e-05
20974,3.72362433332593,0,1e-05
20975,4.32323783401433,0,1e-05
20976,3.72286298783812,0,1e-05
20977,4.32244878221726,0,1e-05
20978,3.72210164551738,0,1e-05
20979,4.32165969776576,0,1e-05
20980,3.72134030661623,0,1e-05
20981,4.32087057910674,0,1e-05
20982,3.72057897043289,0,1e-05
20983,4.32008142904873,0,1e-05
20984,3.71981763817038,0,1e-05
20985,4.31929224542724,0,1e-05
20986,3.71905630730878,0,1e-05
20987,4.31850302825181,0,1e-05
20988,3.71829498130906,0,1e-05
20989,4.31771377786092,0,1e-05
20990,3.71753365769393,0,1e-05
20991,4.31692449596781,0,1e-05
20992,3.71677233838439,0,1e-05
20993,4.31613518084734,0,1e-05
20994,3.71601102168685,0,1e-05
20995,4.31534583314454,0,1e-05
20996,3.71524970996984,0,1e-05
20997,4.31455645467033,0,1e-05
20998,3.71448840346597,0,1e-05
20999,4.31376704338996,0,1e-05
21000,3.71372710006508,0,1e-05
21001,4.3129775997235,0,1e-05
21002,3.7129658014021,0,1e-05
21003,4.31218812492509,0,1e-05
21004,3.71220450852681,0,1e-05
21005,4.31139861796199,0,1e-05
21006,3.711443218715,0,1e-05
21007,4.31060907995807,0,1e-05
21008,3.71068193551203,0,1e-05
21009,4.30981950975444,0,1e-05
21010,3.70992065664229,0,1e-05
21011,4.30902990773795,0,1e-05
21012,3.70915938232665,0,1e-05
21013,4.30824027491667,0,1e-05
21014,3.70839811342388,0,1e-05
21015,4.3074506088243,0,1e-05
21016,3.70763684933137,0,1e-05
21017,4.30666091262042,0,1e-05
21018,3.70687559203222,0,1e-05
21019,4.30587118442033,0,1e-05
21020,3.70611433861555,0,1e-05
21021,4.30508142610692,0,1e-05
21022,3.70535309172703,0,1e-05
21023,4.30429163386328,0,1e-05
21024,3.70459184911987,0,1e-05
21025,4.30350181147171,0,1e-05
21026,3.70383061306087,0,1e-05
21027,4.30271195936647,0,1e-05
21028,3.70306938404946,0,1e-05
21029,4.30192207592601,0,1e-05
21030,3.70230816099335,0,1e-05
21031,4.30113216136488,0,1e-05
21032,3.70154694359297,0,1e-05
21033,4.300342216958,0,1e-05
21034,3.70078573454574,0,1e-05
21035,4.29955224215035,0,1e-05
21036,3.70002453125527,0,1e-05
21037,4.29876223697258,0,1e-05
21038,3.69926333603294,0,1e-05
21039,4.29797220153038,0,1e-05
21040,3.69850214802582,0,1e-05
21041,4.29718213740527,0,1e-05
21042,3.69774096706026,0,1e-05
21043,4.29639204173452,0,1e-05
21044,3.69697979250748,0,1e-05
21045,4.29560191623983,0,1e-05
21046,3.69621862528791,0,1e-05
21047,4.29481175895477,0,1e-05
21048,3.69545746477637,0,1e-05
21049,4.29402157270018,0,1e-05
21050,3.69469631337229,0,1e-05
21051,4.29323135780837,0,1e-05
21052,3.69393516951448,0,1e-05
21053,4.2924411116795,0,1e-05
21054,3.69317403285376,0,1e-05
21055,4.29165083800381,0,1e-05
21056,3.69241290719797,0,1e-05
21057,4.29086053450951,0,1e-05
21058,3.69165178783424,0,1e-05
21059,4.2900702009838,0,1e-05
21060,3.690890677053,0,1e-05
21061,4.28927983885843,0,1e-05
21062,3.6901295759895,0,1e-05
21063,4.28848944811762,0,1e-05
21064,3.68936848338182,0,1e-05
21065,4.28769902878579,0,1e-05
21066,3.68860739961655,0,1e-05
21067,4.2869085795602,0,1e-05
21068,3.68784632554969,0,1e-05
21069,4.28611810344325,0,1e-05
21070,3.68708526126492,0,1e-05
21071,4.28532759710595,0,1e-05
21072,3.68632420492606,0,1e-05
21073,4.28453706188633,0,1e-05
21074,3.68556315868204,0,1e-05
21075,4.2837464987073,0,1e-05
21076,3.68480212118678,0,1e-05
21077,4.2829559065974,0,1e-05
21078,3.68404109466994,0,1e-05
21079,4.28216528761548,0,1e-05
21080,3.68328007865525,0,1e-05
21081,4.28137464041018,0,1e-05
21082,3.68251907269972,0,1e-05
21083,4.28058396382393,0,1e-05
21084,3.68175807553163,0,1e-05
21085,4.27979325824811,0,1e-05
21086,3.68099708833102,0,1e-05
21087,4.27900252534397,0,1e-05
21088,3.68023611198976,0,1e-05
21089,4.27821176446168,0,1e-05
21090,3.67947514626224,0,1e-05
21091,4.27742097598966,0,1e-05
21092,3.67871419157995,0,1e-05
21093,4.27663016119433,0,1e-05
21094,3.67795324956311,0,1e-05
21095,4.27583931962166,0,1e-05
21096,3.67719231776619,0,1e-05
21097,4.27504844841363,0,1e-05
21098,3.67643139725617,0,1e-05
21099,4.27425755118949,0,1e-05
21100,3.6756704884293,0,1e-05
21101,4.27346662668614,0,1e-05
21102,3.67490959019576,0,1e-05
21103,4.27267567469634,0,1e-05
21104,3.6741487045731,0,1e-05
21105,4.27188469758952,0,1e-05
21106,3.67338783222005,0,1e-05
21107,4.27109369431666,0,1e-05
21108,3.6726269729007,0,1e-05
21109,4.27030266282644,0,1e-05
21110,3.67186612366197,0,1e-05
21111,4.26951160514132,0,1e-05
21112,3.6711052879667,0,1e-05
21113,4.26872052100563,0,1e-05
21114,3.67034446545343,0,1e-05
21115,4.26792941186815,0,1e-05
21116,3.66958365520191,0,1e-05
21117,4.26713827603345,0,1e-05
21118,3.66882285752525,0,1e-05
21119,4.26634711330787,0,1e-05
21120,3.66806207314367,0,1e-05
21121,4.26555592446126,0,1e-05
21122,3.66730130160495,0,1e-05
21123,4.26476470947479,0,1e-05
21124,3.66654054341771,0,1e-05
21125,4.26397346854306,0,1e-05
21126,3.6657797981343,0,1e-05
21127,4.26318220213404,0,1e-05
21128,3.66501906771014,0,1e-05
21129,4.26239091015301,0,1e-05
21130,3.66425834986338,0,1e-05
21131,4.26159959255618,0,1e-05
21132,3.66349764649617,0,1e-05
21133,4.26080824863552,0,1e-05
21134,3.66273695661235,0,1e-05
21135,4.26001687964716,0,1e-05
21136,3.66197628167282,0,1e-05
21137,4.25922548711155,0,1e-05
21138,3.66121562065294,0,1e-05
21139,4.25843406798296,0,1e-05
21140,3.66045497503698,0,1e-05
21141,4.25764262402872,0,1e-05
21142,3.6596943434826,0,1e-05
21143,4.25685115579788,0,1e-05
21144,3.65893372754616,0,1e-05
21145,4.25605966178123,0,1e-05
21146,3.65817312498321,0,1e-05
21147,4.25526814419663,0,1e-05
21148,3.65741253921567,0,1e-05
21149,4.2544766003994,0,1e-05
21150,3.65665196713816,0,1e-05
21151,4.25368503295189,0,1e-05
21152,3.65589141181224,0,1e-05
21153,4.25289344152936,0,1e-05
21154,3.65513087237972,0,1e-05
21155,4.25210182543486,0,1e-05
21156,3.65437034759151,0,1e-05
21157,4.2513101855982,0,1e-05
21158,3.65360984021405,0,1e-05
21159,4.25051852116235,0,1e-05
21160,3.65284934810029,0,1e-05
21161,4.24972683457219,0,1e-05
21162,3.65208887280281,0,1e-05
21163,4.24893512247576,0,1e-05
21164,3.65132841306329,0,1e-05
21165,4.24814338577199,0,1e-05
21166,3.65056797008996,0,1e-05
21167,4.24735162718691,0,1e-05
21168,3.64980754466123,0,1e-05
21169,4.24655984512471,0,1e-05
21170,3.64904713558051,0,1e-05
21171,4.24576803899328,0,1e-05
21172,3.64828674413093,0,1e-05
21173,4.24497620924837,0,1e-05
21174,3.64752636846104,0,1e-05
21175,4.24418435681982,0,1e-05
21176,3.64676601165226,0,1e-05
21177,4.24339248172485,0,1e-05
21178,3.64600567194129,0,1e-05
21179,4.24260058410634,0,1e-05
21180,3.6452453499949,0,1e-05
21181,4.24180866293952,0,1e-05
21182,3.64448504586005,0,1e-05
21183,4.24101671913608,0,1e-05
21184,3.64372475996122,0,1e-05
21185,4.24022475172974,0,1e-05
21186,3.64296449092219,0,1e-05
21187,4.23943276177782,0,1e-05
21188,3.64220424026608,0,1e-05
21189,4.23864075036954,0,1e-05
21190,3.6414440095947,0,1e-05
21191,4.23784871676801,0,1e-05
21192,3.64068379790113,0,1e-05
21193,4.23705666059284,0,1e-05
21194,3.63992360473193,0,1e-05
21195,4.23626458431613,0,1e-05
21196,3.63916343037146,0,1e-05
21197,4.23547248503429,0,1e-05
21198,3.63840327642368,0,1e-05
21199,4.23468036491226,0,1e-05
21200,3.63764314143477,0,1e-05
21201,4.23388822195741,0,1e-05
21202,3.63688302621135,0,1e-05
21203,4.23309605986622,0,1e-05
21204,3.63612293244307,0,1e-05
21205,4.23230387631956,0,1e-05
21206,3.6353628561074,0,1e-05
21207,4.23151166852767,0,1e-05
21208,3.63460280063201,0,1e-05
21209,4.23071944051231,0,1e-05
21210,3.63384276317446,0,1e-05
21211,4.22992719111063,0,1e-05
21212,3.63308274736005,0,1e-05
21213,4.22913491886818,0,1e-05
21214,3.63232275093652,0,1e-05
21215,4.22834262912321,0,1e-05
21216,3.63156277831544,0,1e-05
21217,4.22755031831211,0,1e-05
21218,3.63080282495989,0,1e-05
21219,4.22675798598343,0,1e-05
21220,3.63004289197922,0,1e-05
21221,4.22596563342408,0,1e-05
21222,3.62928298122501,0,1e-05
21223,4.2251732598994,0,1e-05
21224,3.62852309114812,0,1e-05
21225,4.224380866674,0,1e-05
21226,3.62776322337404,0,1e-05
21227,4.22358845429785,0,1e-05
21228,3.62700337745621,0,1e-05
21229,4.22279601995764,0,1e-05
21230,3.6262435514267,0,1e-05
21231,4.22200356455475,0,1e-05
21232,3.62548374701003,0,1e-05
21233,4.22121109069936,0,1e-05
21234,3.62472396574835,0,1e-05
21235,4.22041859667007,0,1e-05
21236,3.62396420663103,0,1e-05
21237,4.21962608421914,0,1e-05
21238,3.62320447034582,0,1e-05
21239,4.21883355064931,0,1e-05
21240,3.62244475667197,0,1e-05
21241,4.21804100026258,0,1e-05
21242,3.62168506763329,0,1e-05
21243,4.21724842895616,0,1e-05
21244,3.62092540004627,0,1e-05
21245,4.21645583921478,0,1e-05
21246,3.62016575627437,0,1e-05
21247,4.21566323109594,0,1e-05
21248,3.61940613657072,0,1e-05
21249,4.21487060390151,0,1e-05
21250,3.61864653941764,0,1e-05
21251,4.21407795739867,0,1e-05
21252,3.61788696667601,0,1e-05
21253,4.21328529118644,0,1e-05
21254,3.61712741550976,0,1e-05
21255,4.21249260785984,0,1e-05
21256,3.61636789007145,0,1e-05
21257,4.21169990552458,0,1e-05
21258,3.61560838940788,0,1e-05
21259,4.21090718517554,0,1e-05
21260,3.61484891220982,0,1e-05
21261,4.2101144466667,0,1e-05
21262,3.6140894606041,0,1e-05
21263,4.20932169119581,0,1e-05
21264,3.61333003303004,0,1e-05
21265,4.20852891619076,0,1e-05
21266,3.61257063071744,0,1e-05
21267,4.20773612569631,0,1e-05
21268,3.61181125444885,0,1e-05
21269,4.20694331564026,0,1e-05
21270,3.61105190213184,0,1e-05
21271,4.20615048888731,0,1e-05
21272,3.6102925756048,0,1e-05
21273,4.20535764323179,0,1e-05
21274,3.60953327492862,0,1e-05
21275,4.20456478212939,0,1e-05
21276,3.60877399956908,0,1e-05
21277,4.20377190289945,0,1e-05
21278,3.60801475101122,0,1e-05
21279,4.20297900788291,0,1e-05
21280,3.60725552801867,0,1e-05
21281,4.20218609475844,0,1e-05
21282,3.60649633198645,0,1e-05
21283,4.2013931648144,0,1e-05
21284,3.60573716136333,0,1e-05
21285,4.20060021716943,0,1e-05
21286,3.60497801627414,0,1e-05
21287,4.1998072542212,0,1e-05
21288,3.60421889981294,0,1e-05
21289,4.19901427373511,0,1e-05
21290,3.60345980933358,0,1e-05
21291,4.19822127697804,0,1e-05
21292,3.6027007461771,0,1e-05
21293,4.19742826472058,0,1e-05
21294,3.60194171069516,0,1e-05
21295,4.19663523538523,0,1e-05
21296,3.60118270178253,0,1e-05
21297,4.1958421899158,0,1e-05
21298,3.60042372081656,0,1e-05
21299,4.19504912868561,0,1e-05
21300,3.59966476758705,0,1e-05
21301,4.19425605305149,0,1e-05
21302,3.59890584415286,0,1e-05
21303,4.19346296061369,0,1e-05
21304,3.59814694759897,0,1e-05
21305,4.19266985349243,0,1e-05
21306,3.59738808007873,0,1e-05
21307,4.19187673026431,0,1e-05
21308,3.59662923925675,0,1e-05
21309,4.19108359224914,0,1e-05
21310,3.59587042994262,0,1e-05
21311,4.19029043834817,0,1e-05
21312,3.59511164702685,0,1e-05
21313,4.18949727019763,0,1e-05
21314,3.59435289417381,0,1e-05
21315,4.18870408596785,0,1e-05
21316,3.59359417011227,0,1e-05
21317,4.18791088681855,0,1e-05
21318,3.5928354752217,0,1e-05
21319,4.18711767432,0,1e-05
21320,3.59207681145422,0,1e-05
21321,4.18632444861019,0,1e-05
21322,3.59131817664764,0,1e-05
21323,4.1855312062489,0,1e-05
21324,3.59055957307418,0,1e-05
21325,4.18473795168005,0,1e-05
21326,3.5898009996477,0,1e-05
21327,4.18394468252893,0,1e-05
21328,3.58904245682952,0,1e-05
21329,4.18315140024099,0,1e-05
21330,3.5882839440084,0,1e-05
21331,4.18235810181956,0,1e-05
21332,3.58752545962897,0,1e-05
21333,4.18156478893706,0,1e-05
21334,3.58676700708113,0,1e-05
21335,4.18077146365171,0,1e-05
21336,3.58600858667876,0,1e-05
21337,4.17997812589731,0,1e-05
21338,3.5852501981258,0,1e-05
21339,4.17918477457128,0,1e-05
21340,3.58449184028398,0,1e-05
21341,4.17839140925043,0,1e-05
21342,3.58373351394328,0,1e-05
21343,4.17759803133979,0,1e-05
21344,3.58297521956105,0,1e-05
21345,4.17680464041327,0,1e-05
21346,3.58221695690685,0,1e-05
21347,4.17601123666562,0,1e-05
21348,3.58145872762091,0,1e-05
21349,4.17521781978083,0,1e-05
21350,3.58070052900611,0,1e-05
21351,4.17442439006292,0,1e-05
21352,3.57994236458745,0,1e-05
21353,4.17363095006605,0,1e-05
21354,3.57918423226907,0,1e-05
21355,4.17283749525777,0,1e-05
21356,3.57842613158496,0,1e-05
21357,4.1720440281817,0,1e-05
21358,3.57766806543869,0,1e-05
21359,4.17125054974782,0,1e-05
21360,3.5769100312644,0,1e-05
21361,4.17045705948751,0,1e-05
21362,3.57615203128317,0,1e-05
21363,4.16966355838764,0,1e-05
21364,3.57539406657453,0,1e-05
21365,4.16887004499625,0,1e-05
21366,3.57463613516803,0,1e-05
21367,4.16807652137838,0,1e-05
21368,3.57387823798249,0,1e-05
21369,4.16728298585763,0,1e-05
21370,3.57312037584623,0,1e-05
21371,4.16648943991006,0,1e-05
21372,3.57236254786687,0,1e-05
21373,4.16569588254589,0,1e-05
21374,3.57160475354409,0,1e-05
21375,4.16490231373499,0,1e-05
21376,3.57084699516407,0,1e-05
21377,4.16410873358807,0,1e-05
21378,3.57008927001829,0,1e-05
21379,4.16331514109078,0,1e-05
21380,3.56933158030152,0,1e-05
21381,4.16252153944396,0,1e-05
21382,3.56857392595497,0,1e-05
21383,4.16172792701635,0,1e-05
21384,3.56781630658014,0,1e-05
21385,4.16093430418157,0,1e-05
21386,3.56705872498155,0,1e-05
21387,4.16014067176949,0,1e-05
21388,3.56630117775508,0,1e-05
21389,4.15934702868551,0,1e-05
21390,3.56554366617332,0,1e-05
21391,4.15855337548951,0,1e-05
21392,3.56478619284696,0,1e-05
21393,4.1577597141513,0,1e-05
21394,3.56402875498795,0,1e-05
21395,4.15696604220239,0,1e-05
21396,3.56327135492223,0,1e-05
21397,4.15617236148168,0,1e-05
21398,3.56251399065441,0,1e-05
21399,4.15537866914018,0,1e-05
21400,3.56175666203749,0,1e-05
21401,4.15458496687348,0,1e-05
21402,3.56099937004608,0,1e-05
21403,4.15379125715597,0,1e-05
21404,3.56024211794094,0,1e-05
21405,4.15299753782042,0,1e-05
21406,3.55948490247834,0,1e-05
21407,4.15220380794806,0,1e-05
21408,3.55872772349512,0,1e-05
21409,4.15141007203086,0,1e-05
21410,3.5579705842009,0,1e-05
21411,4.15061632753349,0,1e-05
21412,3.55721348432232,0,1e-05
21413,4.14982257442499,0,1e-05
21414,3.55645642271995,0,1e-05
21415,4.14902881248784,0,1e-05
21416,3.55569939769896,0,1e-05
21417,4.14823504154362,0,1e-05
21418,3.55494241166972,0,1e-05
21419,4.14744126166528,0,1e-05
21420,3.55418546407117,0,1e-05
21421,4.14664747558302,0,1e-05
21422,3.55342855647087,0,1e-05
21423,4.14585368124285,0,1e-05
21424,3.55267168819042,0,1e-05
21425,4.14505987752246,0,1e-05
21426,3.55191485837144,0,1e-05
21427,4.14426606775078,0,1e-05
21428,3.55115806964047,0,1e-05
21429,4.14347225002775,0,1e-05
21430,3.55040132004985,0,1e-05
21431,4.14267842596206,0,1e-05
21432,3.54964461110247,0,1e-05
21433,4.14188459467868,0,1e-05
21434,3.54888794290947,0,1e-05
21435,4.1410907564463,0,1e-05
21436,3.54813131572511,0,1e-05
21437,4.14029691242377,0,1e-05
21438,3.54737473056505,0,1e-05
21439,4.13950306164802,0,1e-05
21440,3.54661818494004,0,1e-05
21441,4.1387092048905,0,1e-05
21442,3.5458616822515,0,1e-05
21443,4.1379153428024,0,1e-05
21444,3.54510522035998,0,1e-05
21445,4.13712147227344,0,1e-05
21446,3.54434879906972,0,1e-05
21447,4.13632759548926,0,1e-05
21448,3.54359241905748,0,1e-05
21449,4.13553371326759,0,1e-05
21450,3.54283608049507,0,1e-05
21451,4.13473982422361,0,1e-05
21452,3.54207978449425,0,1e-05
21453,4.13394593047846,0,1e-05
21454,3.54132353310419,0,1e-05
21455,4.13315203221986,0,1e-05
21456,3.5405673231024,0,1e-05
21457,4.13235812808142,0,1e-05
21458,3.5398111552265,0,1e-05
21459,4.1315642177176,0,1e-05
21460,3.53905503115509,0,1e-05
21461,4.13077030362729,0,1e-05
21462,3.53829895007445,0,1e-05
21463,4.12997638424928,0,1e-05
21464,3.53754291240179,0,1e-05
21465,4.1291824587481,0,1e-05
21466,3.53678691803237,0,1e-05
21467,4.12838852941633,0,1e-05
21468,3.53603096867607,0,1e-05
21469,4.12759459685793,0,1e-05
21470,3.53527506104139,0,1e-05
21471,4.12680065694057,0,1e-05
21472,3.53451919755887,0,1e-05
21473,4.12600671461918,0,1e-05
21474,3.53376338079938,0,1e-05
21475,4.12521276894694,0,1e-05
21476,3.53300760670176,0,1e-05
21477,4.12441881828618,0,1e-05
21478,3.53225187886251,0,1e-05
21479,4.12362486497541,0,1e-05
21480,3.53149619721866,0,1e-05
21481,4.12283090777274,0,1e-05
21482,3.53074055859318,0,1e-05
21483,4.12203694679174,0,1e-05
21484,3.52998496657097,0,1e-05
21485,4.12124298352672,0,1e-05
21486,3.52922942091103,0,1e-05
21487,4.12044901663605,0,1e-05
21488,3.52847391966387,0,1e-05
21489,4.11965504519172,0,1e-05
21490,3.52771846417156,0,1e-05
21491,4.11886107125085,0,1e-05
21492,3.52696305542547,0,1e-05
21493,4.11806709523296,0,1e-05
21494,3.52620769406639,0,1e-05
21495,4.11727311562439,0,1e-05
21496,3.52545237753749,0,1e-05
21497,4.11647913390157,0,1e-05
21498,3.52469710906718,0,1e-05
21499,4.11568514964999,0,1e-05
21500,3.52394188664802,0,1e-05
21501,4.11489116413612,0,1e-05
21502,3.52318671245013,0,1e-05
21503,4.11409717412646,0,1e-05
21504,3.52243158395088,0,1e-05
21505,4.11330318240221,0,1e-05
21506,3.52167650356026,0,1e-05
21507,4.11250918977401,0,1e-05
21508,3.52092147125877,0,1e-05
21509,4.1117151948971,0,1e-05
21510,3.52016648714533,0,1e-05
21511,4.11092119826737,0,1e-05
21512,3.51941155040334,0,1e-05
21513,4.11012720154831,0,1e-05
21514,3.51865666435276,0,1e-05
21515,4.10933320476515,0,1e-05
21516,3.51790182657905,0,1e-05
21517,4.10853920499037,0,1e-05
21518,3.51714703668547,0,1e-05
21519,4.10774520469287,0,1e-05
21520,3.51639229652609,0,1e-05
21521,4.10695120466019,0,1e-05
21522,3.51563760654094,0,1e-05
21523,4.10615720366007,0,1e-05
21524,3.51488296535762,0,1e-05
21525,4.1053632015486,0,1e-05
21526,3.51412837421756,0,1e-05
21527,4.10456920154925,0,1e-05
21528,3.51337383389954,0,1e-05
21529,4.1037751993455,0,1e-05
21530,3.51261934329866,0,1e-05
21531,4.10298119736546,0,1e-05
21532,3.5118649022264,0,1e-05
21533,4.10218719632205,0,1e-05
21534,3.5111105122454,0,1e-05
21535,4.10139319402883,0,1e-05
21536,3.51035617173705,0,1e-05
21537,4.10059919260251,0,1e-05
21538,3.50960188299081,0,1e-05
21539,4.09980519049502,0,1e-05
21540,3.50884764498551,0,1e-05
21541,4.09901118938786,0,1e-05
21542,3.50809345770682,0,1e-05
21543,4.09821718960966,0,1e-05
21544,3.50733932388875,0,1e-05
21545,4.0974231909617,0,1e-05
21546,3.50658524101411,0,1e-05
21547,4.09662919309924,0,1e-05
21548,3.50583120974546,0,1e-05
21549,4.09583519658824,0,1e-05
21550,3.50507723107699,0,1e-05
21551,4.09504120306465,0,1e-05
21552,3.50432330587186,0,1e-05
21553,4.09424721173834,0,1e-05
21554,3.50356943553783,0,1e-05
21555,4.09345322126112,0,1e-05
21556,3.50281561532538,0,1e-05
21557,4.0926592320971,0,1e-05
21558,3.50206184856581,0,1e-05
21559,4.09186524649715,0,1e-05
21560,3.50130813582206,0,1e-05
21561,4.09107126275394,0,1e-05
21562,3.50055447873376,0,1e-05
21563,4.09027728425657,0,1e-05
21564,3.49980087549188,0,1e-05
21565,4.08948330549486,0,1e-05
21566,3.49904732361659,0,1e-05
21567,4.08868932946438,0,1e-05
21568,3.49829382652386,0,1e-05
21569,4.08789535500219,0,1e-05
21570,3.49754038387613,0,1e-05
21571,4.08710138598128,0,1e-05
21572,3.49678699733766,0,1e-05
21573,4.08630742062032,0,1e-05
21574,3.49603366526097,0,1e-05
21575,4.08551345751385,0,1e-05
21576,3.49528038861255,0,1e-05
21577,4.08471949695496,0,1e-05
21578,3.4945271655215,0,1e-05
21579,4.08392554163959,0,1e-05
21580,3.49377400062631,0,1e-05
21581,4.08313159010633,0,1e-05
21582,3.49302088881512,0,1e-05
21583,4.08233764154245,0,1e-05
21584,3.49226783505957,0,1e-05
21585,4.08154369744327,0,1e-05
21586,3.49151483577461,0,1e-05
21587,4.08074975575903,0,1e-05
21588,3.49076189278296,0,1e-05
21589,4.07995581956792,0,1e-05
21590,3.49000900573857,0,1e-05
21591,4.07916188729608,0,1e-05
21592,3.48925617785406,0,1e-05
21593,4.0783679621962,0,1e-05
21594,3.48850340697222,0,1e-05
21595,4.07757404054756,0,1e-05
21596,3.48775069262626,0,1e-05
21597,4.07678012468142,0,1e-05
21598,3.4869980363639,0,1e-05
21599,4.07598621352893,0,1e-05
21600,3.48624543659845,0,1e-05
21601,4.07519230745007,0,1e-05
21602,3.48549289572231,0,1e-05
21603,4.07439840719138,0,1e-05
21604,3.48474041338979,0,1e-05
21605,4.07360451233888,0,1e-05
21606,3.48398798917069,0,1e-05
21607,4.07281062219235,0,1e-05
21608,3.48323562240093,0,1e-05
21609,4.07201673961157,0,1e-05
21610,3.48248331433691,0,1e-05
21611,4.07122286149298,0,1e-05
21612,3.48173106614999,0,1e-05
21613,4.07042899220929,0,1e-05
21614,3.48097887901265,0,1e-05
21615,4.06963512981328,0,1e-05
21616,3.48022675155281,0,1e-05
21617,4.06884127216077,0,1e-05
21618,3.47947468147833,0,1e-05
21619,4.06804742122647,0,1e-05
21620,3.47872267217549,0,1e-05
21621,4.06725357878662,0,1e-05
21622,3.47797072424883,0,1e-05
21623,4.06645974188095,0,1e-05
21624,3.47721883520881,0,1e-05
21625,4.06566591240524,0,1e-05
21626,3.47646700752676,0,1e-05
21627,4.06487209102818,0,1e-05
21628,3.47571523915065,0,1e-05
21629,4.06407827565643,0,1e-05
21630,3.47496353337602,0,1e-05
21631,4.06328446966595,0,1e-05
21632,3.47421188922713,0,1e-05
21633,4.06249067040244,0,1e-05
21634,3.47346030511504,0,1e-05
21635,4.06169687903562,0,1e-05
21636,3.47270878449747,0,1e-05
21637,4.06090309743566,0,1e-05
21638,3.47195732551265,0,1e-05
21639,4.06010932298529,0,1e-05
21640,3.47120592836234,0,1e-05
21641,4.05931555804795,0,1e-05
21642,3.47045459378077,0,1e-05
21643,4.05852180010532,0,1e-05
21644,3.4697033218365,0,1e-05
21645,4.05772805195244,0,1e-05
21646,3.4689521120021,0,1e-05
21647,4.05693431240431,0,1e-05
21648,3.46820096686311,0,1e-05
21649,4.05614058388199,0,1e-05
21650,3.46744988395728,0,1e-05
21651,4.05534686319611,0,1e-05
21652,3.46669886576093,0,1e-05
21653,4.05455315246453,0,1e-05
21654,3.46594791078248,0,1e-05
21655,4.05375945177486,0,1e-05
21656,3.46519702121855,0,1e-05
21657,4.05296576138728,0,1e-05
21658,3.46444619456762,0,1e-05
21659,4.05217208054538,0,1e-05
21660,3.46369543309446,0,1e-05
21661,4.0513784098458,0,1e-05
21662,3.46294473575128,0,1e-05
21663,4.05058474876402,0,1e-05
21664,3.46219410482844,0,1e-05
21665,4.04979109947878,0,1e-05
21666,3.46144353721928,0,1e-05
21667,4.0489974598089,0,1e-05
21668,3.46069303658425,0,1e-05
21669,4.04820383115795,0,1e-05
21670,3.45994260059906,0,1e-05
21671,4.04741021385875,0,1e-05
21672,3.45919223144392,0,1e-05
21673,4.0466166075975,0,1e-05
21674,3.45844192800551,0,1e-05
21675,4.04582301139859,0,1e-05
21676,3.45769169102522,0,1e-05
21677,4.04502942843007,0,1e-05
21678,3.45694152150803,0,1e-05
21679,4.04423585817411,0,1e-05
21680,3.45619141943496,0,1e-05
21681,4.04344230035177,0,1e-05
21682,3.45544138439298,0,1e-05
21683,4.04264875347199,0,1e-05
21684,3.45469141654266,0,1e-05
21685,4.04185521757657,0,1e-05
21686,3.45394151491308,0,1e-05
21687,4.04106169476232,0,1e-05
21688,3.45319168123634,0,1e-05
21689,4.04026818373422,0,1e-05
21690,3.45244191556521,0,1e-05
21691,4.03947468470922,0,1e-05
21692,3.45169221841647,0,1e-05
21693,4.03868120005063,0,1e-05
21694,3.45094259048452,0,1e-05
21695,4.03788772885511,0,1e-05
21696,3.45019303138421,0,1e-05
21697,4.03709427089639,0,1e-05
21698,3.44944354277712,0,1e-05
21699,4.03630082706991,0,1e-05
21700,3.44869412272976,0,1e-05
21701,4.03550739701636,0,1e-05
21702,3.4479447727035,0,1e-05
21703,4.03471398202422,0,1e-05
21704,3.44719549354866,0,1e-05
21705,4.03392058001092,0,1e-05
21706,3.44644628375185,0,1e-05
21707,4.03312719150232,0,1e-05
21708,3.44569714382398,0,1e-05
21709,4.03233381635054,0,1e-05
21710,3.44494807308537,0,1e-05
21711,4.03154045574492,0,1e-05
21712,3.44419907342244,0,1e-05
21713,4.03074710961167,0,1e-05
21714,3.44345014422092,0,1e-05
21715,4.02995377744846,0,1e-05
21716,3.44270128503411,0,1e-05
21717,4.02916046062741,0,1e-05
21718,3.44195249947982,0,1e-05
21719,4.02836715920405,0,1e-05
21720,3.44120378538607,0,1e-05
21721,4.02757387359715,0,1e-05
21722,3.44045514346899,0,1e-05
21723,4.026780604556,0,1e-05
21724,3.43970657414711,0,1e-05
21725,4.02598734956993,0,1e-05
21726,3.43895807603588,0,1e-05
21727,4.02519411106296,0,1e-05
21728,3.43820965154703,0,1e-05
21729,4.02440088718344,0,1e-05
21730,3.43746129870408,0,1e-05
21731,4.02360768140592,0,1e-05
21732,3.43671302037326,0,1e-05
21733,4.02281449106404,0,1e-05
21734,3.43596481497862,0,1e-05
21735,4.02202131753676,0,1e-05
21736,3.43521668322684,0,1e-05
21737,4.02122816011091,0,1e-05
21738,3.43446862607433,0,1e-05
21739,4.02043502067948,0,1e-05
21740,3.43372064366914,0,1e-05
21741,4.01964189811403,0,1e-05
21742,3.43297273492752,0,1e-05
21743,4.01884879261884,0,1e-05
21744,3.43222489942666,0,1e-05
21745,4.01805570327132,0,1e-05
21746,3.43147713917335,0,1e-05
21747,4.01726263135432,0,1e-05
21748,3.43072945450578,0,1e-05
21749,4.01646957869977,0,1e-05
21750,3.4299818463842,0,1e-05
21751,4.01567654405281,0,1e-05
21752,3.42923431296943,0,1e-05
21753,4.01488352700592,0,1e-05
21754,3.42848685486525,0,1e-05
21755,4.01409052747593,0,1e-05
21756,3.42773947318769,0,1e-05
21757,4.0132975473735,0,1e-05
21758,3.42699216819133,0,1e-05
21759,4.01250458466384,0,1e-05
21760,3.42624493908672,0,1e-05
21761,4.01171164218229,0,1e-05
21762,3.42549778845948,0,1e-05
21763,4.0109187185231,0,1e-05
21764,3.42475071434967,0,1e-05
21765,4.0101258145745,0,1e-05
21766,3.42400371927288,0,1e-05
21767,4.00933293006145,0,1e-05
21768,3.42325680040187,0,1e-05
21769,4.00854006504723,0,1e-05
21770,3.42250995969081,0,1e-05
21771,4.00774721919202,0,1e-05
21772,3.42176319640732,0,1e-05
21773,4.00695439446273,0,1e-05
21774,3.42101651284908,0,1e-05
21775,4.00616158882311,0,1e-05
21776,3.42026990756843,0,1e-05
21777,4.0053688031806,0,1e-05
21778,3.4195233813437,0,1e-05
21779,4.00457603939843,0,1e-05
21780,3.41877693315467,0,1e-05
21781,4.00378329443617,0,1e-05
21782,3.41803056457842,0,1e-05
21783,4.00299057024522,0,1e-05
21784,3.41728427577105,0,1e-05
21785,4.00219786757597,0,1e-05
21786,3.41653806754177,0,1e-05
21787,4.00140518711902,0,1e-05
21788,3.41579193913491,0,1e-05
21789,4.000612526056,0,1e-05
21790,3.41504589028621,0,1e-05
21791,3.99981988660738,0,1e-05
21792,3.41429992297922,0,1e-05
21793,3.99902727010052,0,1e-05
21794,3.41355403680842,0,1e-05
21795,3.99823467506252,0,1e-05
21796,3.41280823037887,0,1e-05
21797,3.99744210166131,0,1e-05
21798,3.41206250668266,0,1e-05
21799,3.99664955067166,0,1e-05
21800,3.41131686385102,0,1e-05
21801,3.99585702088014,0,1e-05
21802,3.41057130238276,0,1e-05
21803,3.99506451514966,0,1e-05
21804,3.40982582408241,0,1e-05
21805,3.99427203201936,0,1e-05
21806,3.40908042987792,0,1e-05
21807,3.99347957285908,0,1e-05
21808,3.40833511744444,0,1e-05
21809,3.99268713760286,0,1e-05
21810,3.40758988841063,0,1e-05
21811,3.99189472458917,0,1e-05
21812,3.40684474319088,0,1e-05
21813,3.99110233645006,0,1e-05
21814,3.40609968118324,0,1e-05
21815,3.99030997162241,0,1e-05
21816,3.40535470184366,0,1e-05
21817,3.98951762885138,0,1e-05
21818,3.40460980680967,0,1e-05
21819,3.98872531055272,0,1e-05
21820,3.40386499547649,0,1e-05
21821,3.98793301613905,0,1e-05
21822,3.4031202676939,0,1e-05
21823,3.98714074561188,0,1e-05
21824,3.4023756248679,0,1e-05
21825,3.9863484994297,0,1e-05
21826,3.40163106753053,0,1e-05
21827,3.98555627865043,0,1e-05
21828,3.4008865949464,0,1e-05
21829,3.98476408221726,0,1e-05
21830,3.4001422080699,0,1e-05
21831,3.98397191171557,0,1e-05
21832,3.39939790806559,0,1e-05
21833,3.98317976683907,0,1e-05
21834,3.3986536930104,0,1e-05
21835,3.98238764718622,0,1e-05
21836,3.39790956417234,0,1e-05
21837,3.98159555179798,0,1e-05
21838,3.39716552098098,0,1e-05
21839,3.98080348247917,0,1e-05
21840,3.39642156550403,0,1e-05
21841,3.98001144016177,0,1e-05
21842,3.39567769781487,0,1e-05
21843,3.97921942489303,0,1e-05
21844,3.39493391732197,0,1e-05
21845,3.97842743517178,0,1e-05
21846,3.39419022415306,0,1e-05
21847,3.97763547259243,0,1e-05
21848,3.39344662005704,0,1e-05
21849,3.97684353734091,0,1e-05
21850,3.39270310186785,0,1e-05
21851,3.97605162785505,0,1e-05
21852,3.39195967441682,0,1e-05
21853,3.97525974650079,0,1e-05
21854,3.39121633493742,0,1e-05
21855,3.97446789309515,0,1e-05
21856,3.39047308338792,0,1e-05
21857,3.97367606549825,0,1e-05
21858,3.38972992224182,0,1e-05
21859,3.97288426801753,0,1e-05
21860,3.38898685168729,0,1e-05
21861,3.97209249717077,0,1e-05
21862,3.38824386906273,0,1e-05
21863,3.97130075521962,0,1e-05
21864,3.38750097760518,0,1e-05
21865,3.97050904094277,0,1e-05
21866,3.3867581760598,0,1e-05
21867,3.96971735638703,0,1e-05
21868,3.38601546518151,0,1e-05
21869,3.9689256994207,0,1e-05
21870,3.38527284414094,0,1e-05
21871,3.96813407017616,0,1e-05
21872,3.38453031416283,0,1e-05
21873,3.96734247127385,0,1e-05
21874,3.38378787538274,0,1e-05
21875,3.96655090106163,0,1e-05
21876,3.38304552950051,0,1e-05
21877,3.96575936152718,0,1e-05
21878,3.38230327393931,0,1e-05
21879,3.96496784915408,0,1e-05
21880,3.3815611111723,0,1e-05
21881,3.96417636754586,0,1e-05
21882,3.38081904000004,0,1e-05
21883,3.963384917388,0,1e-05
21884,3.38007706302862,0,1e-05
21885,3.9625934978293,0,1e-05
21886,3.37933517880889,0,1e-05
21887,3.96180210837896,0,1e-05
21888,3.37859338774035,0,1e-05
21889,3.96101074930538,0,1e-05
21890,3.37785168963366,0,1e-05
21891,3.96021941982305,0,1e-05
21892,3.37711008526133,0,1e-05
21893,3.95942812120506,0,1e-05
21894,3.37636857505006,0,1e-05
21895,3.95863685472133,0,1e-05
21896,3.37562715835539,0,1e-05
21897,3.95784561816806,0,1e-05
21898,3.37488583557472,0,1e-05
21899,3.95705441296222,0,1e-05
21900,3.37414460808696,0,1e-05
21901,3.95626324062043,0,1e-05
21902,3.37340347607426,0,1e-05
21903,3.95547210047589,0,1e-05
21904,3.37266243956712,0,1e-05
21905,3.95468099272917,0,1e-05
21906,3.37192149844226,0,1e-05
21907,3.95388991594966,0,1e-05
21908,3.37118065350107,0,1e-05
21909,3.95309887346486,0,1e-05
21910,3.37043990457557,0,1e-05
21911,3.95230786308548,0,1e-05
21912,3.36969925384371,0,1e-05
21913,3.95151688587774,0,1e-05
21914,3.36895869890153,0,1e-05
21915,3.95072594299969,0,1e-05
21916,3.36821824179413,0,1e-05
21917,3.94993503374311,0,1e-05
21918,3.36747788197576,0,1e-05
21919,3.94914415769719,0,1e-05
21920,3.36673761983259,0,1e-05
21921,3.94835331593865,0,1e-05
21922,3.36599745611798,0,1e-05
21923,3.94756250811341,0,1e-05
21924,3.3652573898768,0,1e-05
21925,3.94677173294299,0,1e-05
21926,3.36451742185823,0,1e-05
21927,3.94598099319007,0,1e-05
21928,3.36377755279547,0,1e-05
21929,3.94519028769679,0,1e-05
21930,3.36303778260225,0,1e-05
21931,3.94439961662077,0,1e-05
21932,3.36229811112623,0,1e-05
21933,3.94360898071401,0,1e-05
21934,3.36155854005965,0,1e-05
21935,3.94281838030087,0,1e-05
21936,3.36081906951178,0,1e-05
21937,3.94202781617902,0,1e-05
21938,3.36007969927208,0,1e-05
21939,3.94123728815594,0,1e-05
21940,3.35934042949711,0,1e-05
21941,3.94044679385802,0,1e-05
21942,3.35860125839518,0,1e-05
21943,3.93965633635068,0,1e-05
21944,3.35786218915858,0,1e-05
21945,3.93886591430467,0,1e-05
21946,3.35712322199114,0,1e-05
21947,3.93807552961457,0,1e-05
21948,3.3563843555296,0,1e-05
21949,3.93728518131657,0,1e-05
21950,3.35564559291831,0,1e-05
21951,3.93649487148812,0,1e-05
21952,3.35490693219892,0,1e-05
21953,3.93570459956501,0,1e-05
21954,3.35416837371972,0,1e-05
21955,3.93491436155054,0,1e-05
21956,3.35342991736943,0,1e-05
21957,3.93412416329673,0,1e-05
21958,3.35269156441999,0,1e-05
21959,3.93333400078137,0,1e-05
21960,3.3519533139982,0,1e-05
21961,3.93254387821121,0,1e-05
21962,3.35121516956997,0,1e-05
21963,3.93175379414177,0,1e-05
21964,3.35047712776656,0,1e-05
21965,3.93096374847075,0,1e-05
21966,3.34973919191603,0,1e-05
21967,3.93017374233791,0,1e-05
21968,3.3490013603466,0,1e-05
21969,3.92938377380602,0,1e-05
21970,3.34826363250594,0,1e-05
21971,3.9285938435092,0,1e-05
21972,3.34752600912112,0,1e-05
21973,3.92780395239142,0,1e-05
21974,3.34678849178841,0,1e-05
21975,3.92701410057952,0,1e-05
21976,3.34605107984676,0,1e-05
21977,3.92622428890472,0,1e-05
21978,3.34531377359988,0,1e-05
21979,3.92543451709525,0,1e-05
21980,3.34457657477695,0,1e-05
21981,3.92464478577062,0,1e-05
21982,3.34383948169103,0,1e-05
21983,3.92385509300642,0,1e-05
21984,3.34310249502907,0,1e-05
21985,3.92306544031987,0,1e-05
21986,3.34236561502702,0,1e-05
21987,3.92227582837671,0,1e-05
21988,3.34162884226679,0,1e-05
21989,3.92148625831152,0,1e-05
21990,3.34089217880668,0,1e-05
21991,3.92069672969637,0,1e-05
21992,3.3401556236065,0,1e-05
21993,3.91990724152016,0,1e-05
21994,3.33941917399955,0,1e-05
21995,3.9191177943602,0,1e-05
21996,3.33868283451048,0,1e-05
21997,3.91832838834647,0,1e-05
21998,3.33794660347498,0,1e-05
21999,3.91753902473481,0,1e-05
22000,3.3372104814483,0,1e-05
22001,3.91674970338546,0,1e-05
22002,3.33647446994577,0,1e-05
22003,3.91596042448695,0,1e-05
22004,3.33573856768672,0,1e-05
22005,3.91517118766579,0,1e-05
22006,3.33500277380436,0,1e-05
22007,3.91438199275608,0,1e-05
22008,3.33426709171784,0,1e-05
22009,3.91359284069388,0,1e-05
22010,3.33353151974555,0,1e-05
22011,3.91280373432195,0,1e-05
22012,3.3327960593249,0,1e-05
22013,3.91201466803448,0,1e-05
22014,3.33206070905649,0,1e-05
22015,3.91122564682805,0,1e-05
22016,3.33132547141567,0,1e-05
22017,3.91043666959041,0,1e-05
22018,3.33059034529761,0,1e-05
22019,3.9096477356254,0,1e-05
22020,3.32985533002724,0,1e-05
22021,3.90885884626823,0,1e-05
22022,3.32912042975584,0,1e-05
22023,3.90807000240702,0,1e-05
22024,3.32838564135944,0,1e-05
22025,3.90728120301691,0,1e-05
22026,3.3276509653887,0,1e-05
22027,3.9064924470082,0,1e-05
22028,3.3269164026926,0,1e-05
22029,3.90570373680127,0,1e-05
22030,3.32618195488644,0,1e-05
22031,3.90491507203496,0,1e-05
22032,3.32544762055217,0,1e-05
22033,3.90412645342988,0,1e-05
22034,3.32471340066983,0,1e-05
22035,3.90333788057245,0,1e-05
22036,3.32397929380648,0,1e-05
22037,3.90254935089749,0,1e-05
22038,3.32324530101766,0,1e-05
22039,3.90176086869254,0,1e-05
22040,3.32251142486266,0,1e-05
22041,3.90097243331414,0,1e-05
22042,3.32177766370241,0,1e-05
22043,3.90018404274627,0,1e-05
22044,3.32104401674191,0,1e-05
22045,3.89939569944509,0,1e-05
22046,3.32031048653413,0,1e-05
22047,3.8986074036398,0,1e-05
22048,3.31957707418577,0,1e-05
22049,3.89781915595563,0,1e-05
22050,3.31884377819197,0,1e-05
22051,3.89703095620716,0,1e-05
22052,3.3181105981941,0,1e-05
22053,3.8962428025966,0,1e-05
22054,3.31737753628688,0,1e-05
22055,3.89545469775564,0,1e-05
22056,3.31664459217377,0,1e-05
22057,3.89466664012576,0,1e-05
22058,3.31591176476047,0,1e-05
22059,3.89387863062915,0,1e-05
22060,3.31517905601703,0,1e-05
22061,3.89309066972332,0,1e-05
22062,3.31444646576118,0,1e-05
22063,3.89230275989869,0,1e-05
22064,3.31371399647506,0,1e-05
22065,3.8915148978526,0,1e-05
22066,3.31298164380415,0,1e-05
22067,3.89072708523482,0,1e-05
22068,3.31224941138136,0,1e-05
22069,3.88993932153906,0,1e-05
22070,3.31151729867481,0,1e-05
22071,3.88915160761235,0,1e-05
22072,3.31078530578478,0,1e-05
22073,3.88836394242113,0,1e-05
22074,3.31005343203205,0,1e-05
22075,3.88757632711254,0,1e-05
22076,3.30932167923984,0,1e-05
22077,3.88678876217364,0,1e-05
22078,3.30859004723856,0,1e-05
22079,3.88600124865399,0,1e-05
22080,3.30785853768255,0,1e-05
22081,3.885213786461,0,1e-05
22082,3.30712714991809,0,1e-05
22083,3.88442637548831,0,1e-05
22084,3.30639588337457,0,1e-05
22085,3.88363901439895,0,1e-05
22086,3.30566473829994,0,1e-05
22087,3.88285170447871,0,1e-05
22088,3.30493371695318,0,1e-05
22089,3.88206444755636,0,1e-05
22090,3.30420281805679,0,1e-05
22091,3.88127724197874,0,1e-05
22092,3.30347204317879,0,1e-05
22093,3.88049008902244,0,1e-05
22094,3.30274139077244,0,1e-05
22095,3.87970298781945,0,1e-05
22096,3.30201086163704,0,1e-05
22097,3.87891593790857,0,1e-05
22098,3.30128045692689,0,1e-05
22099,3.87812894238676,0,1e-05
22100,3.30055017689831,0,1e-05
22101,3.87734199987956,0,1e-05
22102,3.29982002077672,0,1e-05
22103,3.87655510893991,0,1e-05
22104,3.29908999044119,0,1e-05
22105,3.8757682719381,0,1e-05
22106,3.29836008475532,0,1e-05
22107,3.87498148935636,0,1e-05
22108,3.29763030466071,0,1e-05
22109,3.87419475986997,0,1e-05
22110,3.29690065066791,0,1e-05
22111,3.87340808616644,0,1e-05
22112,3.29617112463038,0,1e-05
22113,3.87262146658631,0,1e-05
22114,3.29544172428924,0,1e-05
22115,3.87183489983108,0,1e-05
22116,3.29471244912974,0,1e-05
22117,3.87104838836405,0,1e-05
22118,3.29398330227515,0,1e-05
22119,3.8702619324732,0,1e-05
22120,3.29325428343846,0,1e-05
22121,3.86947553187583,0,1e-05
22122,3.29252539353776,0,1e-05
22123,3.86868918769117,0,1e-05
22124,3.29179663104602,0,1e-05
22125,3.86790289866428,0,1e-05
22126,3.29106799644197,0,1e-05
22127,3.86711666647297,0,1e-05
22128,3.29033949206227,0,1e-05
22129,3.8663304890875,0,1e-05
22130,3.2896111150753,0,1e-05
22131,3.86554436835469,0,1e-05
22132,3.28888286817755,0,1e-05
22133,3.86475830399173,0,1e-05
22134,3.28815475068204,0,1e-05
22135,3.86397229665783,0,1e-05
22136,3.28742676546625,0,1e-05
22137,3.86318634875335,0,1e-05
22138,3.28669891059588,0,1e-05
22139,3.86240045798442,0,1e-05
22140,3.28597118730993,0,1e-05
22141,3.86161462444101,0,1e-05
22142,3.28524359398941,0,1e-05
22143,3.86082884934733,0,1e-05
22144,3.28451613205188,0,1e-05
22145,3.86004313147905,0,1e-05
22146,3.28378880148538,0,1e-05
22147,3.85925747219126,0,1e-05
22148,3.28306160436183,0,1e-05
22149,3.8584718702922,0,1e-05
22150,3.28233453765136,0,1e-05
22151,3.85768632730714,0,1e-05
22152,3.28160760401174,0,1e-05
22153,3.85690084289282,0,1e-05
22154,3.2808808033546,0,1e-05
22155,3.85611541795769,0,1e-05
22156,3.28015413514047,0,1e-05
22157,3.85533005202336,0,1e-05
22158,3.2794276013432,0,1e-05
22159,3.85454474551771,0,1e-05
22160,3.27870120103267,0,1e-05
22161,3.85375949890168,0,1e-05
22162,3.27797493520925,0,1e-05
22163,3.85297431273949,0,1e-05
22164,3.27724880543945,0,1e-05
22165,3.85218918820241,0,1e-05
22166,3.27652281027777,0,1e-05
22167,3.85140412436029,0,1e-05
22168,3.27579695179283,0,1e-05
22169,3.85061912231908,0,1e-05
22170,3.27507122813976,0,1e-05
22171,3.84983418064248,0,1e-05
22172,3.27434564012653,0,1e-05
22173,3.84904929946559,0,1e-05
22174,3.27362018874884,0,1e-05
22175,3.84826447932717,0,1e-05
22176,3.27289487245853,0,1e-05
22177,3.84747972158357,0,1e-05
22178,3.27216969367096,0,1e-05
22179,3.84669502574867,0,1e-05
22180,3.27144465411366,0,1e-05
22181,3.84591039356067,0,1e-05
22182,3.27071975230468,0,1e-05
22183,3.84512582392298,0,1e-05
22184,3.26999498796589,0,1e-05
22185,3.84434131706432,0,1e-05
22186,3.2692703616676,0,1e-05
22187,3.84355687301767,0,1e-05
22188,3.26854587499735,0,1e-05
22189,3.84277249310631,0,1e-05
22190,3.26782152750706,0,1e-05
22191,3.84198817664094,0,1e-05
22192,3.26709731941367,0,1e-05
22193,3.84120392362748,0,1e-05
22194,3.26637325060548,0,1e-05
22195,3.84041973433668,0,1e-05
22196,3.26564932116673,0,1e-05
22197,3.83963561005689,0,1e-05
22198,3.26492553329768,0,1e-05
22199,3.83885154907573,0,1e-05
22200,3.26420188545961,0,1e-05
22201,3.83806755315547,0,1e-05
22202,3.26347837868006,0,1e-05
22203,3.83728362327943,0,1e-05
22204,3.26275501354228,0,1e-05
22205,3.83649975731169,0,1e-05
22206,3.26203178979527,0,1e-05
22207,3.83571595722368,0,1e-05
22208,3.26130870887377,0,1e-05
22209,3.83493222310169,0,1e-05
22210,3.26058577023779,0,1e-05
22211,3.83414855602739,0,1e-05
22212,3.25986297327809,0,1e-05
22213,3.83336495322491,0,1e-05
22214,3.25914032044345,0,1e-05
22215,3.83258141892932,0,1e-05
22216,3.25841781100771,0,1e-05
22217,3.83179794975854,0,1e-05
22218,3.25769544590214,0,1e-05
22219,3.83101454903876,0,1e-05
22220,3.25697322499276,0,1e-05
22221,3.83023121489716,0,1e-05
22222,3.2562511484152,0,1e-05
22223,3.82944794911232,0,1e-05
22224,3.25552921697216,0,1e-05
22225,3.82866475030334,0,1e-05
22226,3.25480742970543,0,1e-05
22227,3.82788161895958,0,1e-05
22228,3.25408578852684,0,1e-05
22229,3.82709855660639,0,1e-05
22230,3.25336429331109,0,1e-05
22231,3.82631556282551,0,1e-05
22232,3.25264294490302,0,1e-05
22233,3.82553263715318,0,1e-05
22234,3.2519217418518,0,1e-05
22235,3.82474977961062,0,1e-05
22236,3.25120068516251,0,1e-05
22237,3.82396699271031,0,1e-05
22238,3.25047977753713,0,1e-05
22239,3.82318427489653,0,1e-05
22240,3.24975901729326,0,1e-05
22241,3.82240162769835,0,1e-05
22242,3.24903840499998,0,1e-05
22243,3.82161904877298,0,1e-05
22244,3.24831794075598,0,1e-05
22245,3.82083654129715,0,1e-05
22246,3.24759762472557,0,1e-05
22247,3.82005410417162,0,1e-05
22248,3.24687745747102,0,1e-05
22249,3.81927173735463,0,1e-05
22250,3.24615744011559,0,1e-05
22251,3.81848944166183,0,1e-05
22252,3.24543757265357,0,1e-05
22253,3.81770721713374,0,1e-05
22254,3.24471785482463,0,1e-05
22255,3.81692506413016,0,1e-05
22256,3.24399828748363,0,1e-05
22257,3.8161429835343,0,1e-05
22258,3.24327887099065,0,1e-05
22259,3.81536097314164,0,1e-05
22260,3.24255960452922,0,1e-05
22261,3.81457903565626,0,1e-05
22262,3.24184049030054,0,1e-05
22263,3.81379717084558,0,1e-05
22264,3.2411215277496,0,1e-05
22265,3.81301537772227,0,1e-05
22266,3.24040271694829,0,1e-05
22267,3.81223365918828,0,1e-05
22268,3.23968405891857,0,1e-05
22269,3.81145201252308,0,1e-05
22270,3.23896555402043,0,1e-05
22271,3.8106704401159,0,1e-05
22272,3.23824720311206,0,1e-05
22273,3.80988894292947,0,1e-05
22274,3.23752900547778,0,1e-05
22275,3.8091075192677,0,1e-05
22276,3.23681096227881,0,1e-05
22277,3.80832616880015,0,1e-05
22278,3.23609307120311,0,1e-05
22279,3.80754489248338,0,1e-05
22280,3.2353753369242,0,1e-05
22281,3.80676369158214,0,1e-05
22282,3.23465775572123,0,1e-05
22283,3.80598256557783,0,1e-05
22284,3.2339403306498,0,1e-05
22285,3.80520151388041,0,1e-05
22286,3.23322306052842,0,1e-05
22287,3.80442053869053,0,1e-05
22288,3.23250594731987,0,1e-05
22289,3.80363963808356,0,1e-05
22290,3.23178898961408,0,1e-05
22291,3.80285881453919,0,1e-05
22292,3.23107218931507,0,1e-05
22293,3.80207806735411,0,1e-05
22294,3.23035554665505,0,1e-05
22295,3.80129739709235,0,1e-05
22296,3.22963906011885,0,1e-05
22297,3.80051680293664,0,1e-05
22298,3.22892273324376,0,1e-05
22299,3.79973628733102,0,1e-05
22300,3.22820656476554,0,1e-05
22301,3.79895584877808,0,1e-05
22302,3.22749055592861,0,1e-05
22303,3.79817548937567,0,1e-05
22304,3.22677470615763,0,1e-05
22305,3.79739520878421,0,1e-05
22306,3.22605901418924,0,1e-05
22307,3.79661500230526,0,1e-05
22308,3.2253434821332,0,1e-05
22309,3.79583487668416,0,1e-05
22310,3.22462810912547,0,1e-05
22311,3.79505482827135,0,1e-05
22312,3.22391289737421,0,1e-05
22313,3.7942748592342,0,1e-05
22314,3.22319784611427,0,1e-05
22315,3.79349496981271,0,1e-05
22316,3.22248295731554,0,1e-05
22317,3.79271516032639,0,1e-05
22318,3.22176822920322,0,1e-05
22319,3.79193543131999,0,1e-05
22320,3.22105366343583,0,1e-05
22321,3.79115578083833,0,1e-05
22322,3.22033925938019,0,1e-05
22323,3.79037621065355,0,1e-05
22324,3.21962501762064,0,1e-05
22325,3.78959672132054,0,1e-05
22326,3.21891093815576,0,1e-05
22327,3.78881731151536,0,1e-05
22328,3.21819702320337,0,1e-05
22329,3.78803798522862,0,1e-05
22330,3.21748327331185,0,1e-05
22331,3.78725873984904,0,1e-05
22332,3.21676968618011,0,1e-05
22333,3.78647957515963,0,1e-05
22334,3.2160562633591,0,1e-05
22335,3.78570049288969,0,1e-05
22336,3.21534300564936,0,1e-05
22337,3.78492149210402,0,1e-05
22338,3.21462991250924,0,1e-05
22339,3.78414257278931,0,1e-05
22340,3.21391698491771,0,1e-05
22341,3.78336373797956,0,1e-05
22342,3.21320422424419,0,1e-05
22343,3.78258498614532,0,1e-05
22344,3.21249162959994,0,1e-05
22345,3.78180631694697,0,1e-05
22346,3.21177920117719,0,1e-05
22347,3.7810277308822,0,1e-05
22348,3.21106694012465,0,1e-05
22349,3.78024922895773,0,1e-05
22350,3.21035484670631,0,1e-05
22351,3.77947081093099,0,1e-05
22352,3.2096429200162,0,1e-05
22353,3.77869247780358,0,1e-05
22354,3.20893116246528,0,1e-05
22355,3.77791422910969,0,1e-05
22356,3.20821957428386,0,1e-05
22357,3.77713606585685,0,1e-05
22358,3.20750815598982,0,1e-05
22359,3.77635798742607,0,1e-05
22360,3.20679690582993,0,1e-05
22361,3.775579994569,0,1e-05
22362,3.20608582497009,0,1e-05
22363,3.77480208753459,0,1e-05
22364,3.20537491408964,0,1e-05
22365,3.77402426506836,0,1e-05
22366,3.20466417402499,0,1e-05
22367,3.77324652932346,0,1e-05
22368,3.20395360314969,0,1e-05
22369,3.77246887945863,0,1e-05
22370,3.2032432050797,0,1e-05
22371,3.77169131609954,0,1e-05
22372,3.20253297776221,0,1e-05
22373,3.77091383994356,0,1e-05
22374,3.2018229220351,0,1e-05
22375,3.77013645061576,0,1e-05
22376,3.20111303871005,0,1e-05
22377,3.76935915019614,0,1e-05
22378,3.20040332943952,0,1e-05
22379,3.7685819372266,0,1e-05
22380,3.19969379229566,0,1e-05
22381,3.76780481142469,0,1e-05
22382,3.19898442866432,0,1e-05
22383,3.76702777522591,0,1e-05
22384,3.19827523984516,0,1e-05
22385,3.76625082730889,0,1e-05
22386,3.1975662238798,0,1e-05
22387,3.7654739679315,0,1e-05
22388,3.19685738339567,0,1e-05
22389,3.76469719975915,0,1e-05
22390,3.19614871926678,0,1e-05
22391,3.7639205196972,0,1e-05
22392,3.19544022996366,0,1e-05
22393,3.76314392983373,0,1e-05
22394,3.19473191561702,0,1e-05
22395,3.76236743010758,0,1e-05
22396,3.19402377848851,0,1e-05
22397,3.76159102110422,0,1e-05
22398,3.19331581730484,0,1e-05
22399,3.76081470235529,0,1e-05
22400,3.19260803312673,0,1e-05
22401,3.76003847477739,0,1e-05
22402,3.19190042772326,0,1e-05
22403,3.75926233969825,0,1e-05
22404,3.19119299880637,0,1e-05
22405,3.75848629282405,0,1e-05
22406,3.19048574802845,0,1e-05
22407,3.75771034018995,0,1e-05
22408,3.18977867541783,0,1e-05
22409,3.7569344784307,0,1e-05
22410,3.18907178296886,0,1e-05
22411,3.75615870930135,0,1e-05
22412,3.18836506870067,0,1e-05
22413,3.75538303322316,0,1e-05
22414,3.18765853498257,0,1e-05
22415,3.7546074500039,0,1e-05
22416,3.18695218080002,0,1e-05
22417,3.75383195971496,0,1e-05
22418,3.1862460064827,0,1e-05
22419,3.75305656280054,0,1e-05
22420,3.18554001390332,0,1e-05
22421,3.75228125993511,0,1e-05
22422,3.184834202914,0,1e-05
22423,3.75150605118674,0,1e-05
22424,3.18412857364844,0,1e-05
22425,3.75073093692318,0,1e-05
22426,3.18342312603059,0,1e-05
22427,3.74995591689598,0,1e-05
22428,3.1827178613775,0,1e-05
22429,3.74918099217936,0,1e-05
22430,3.18201277904538,0,1e-05
22431,3.74840616190516,0,1e-05
22432,3.18130788041763,0,1e-05
22433,3.74763142772845,0,1e-05
22434,3.18060316435822,0,1e-05
22435,3.74685678860596,0,1e-05
22436,3.17989863376023,0,1e-05
22437,3.74608224708823,0,1e-05
22438,3.17919428721786,0,1e-05
22439,3.74530780131724,0,1e-05
22440,3.17849012638946,0,1e-05
22441,3.74453345251193,0,1e-05
22442,3.17778615031723,0,1e-05
22443,3.74375920066278,0,1e-05
22444,3.1770823597386,0,1e-05
22445,3.74298504538828,0,1e-05
22446,3.17637875499341,0,1e-05
22447,3.74221098599547,0,1e-05
22448,3.17567533538472,0,1e-05
22449,3.74143702560422,0,1e-05
22450,3.17497210380179,0,1e-05
22451,3.74066316346359,0,1e-05
22452,3.17426905939083,0,1e-05
22453,3.73988939909451,0,1e-05
22454,3.17356620240893,0,1e-05
22455,3.73911573344848,0,1e-05
22456,3.1728635334242,0,1e-05
22457,3.73834216699341,0,1e-05
22458,3.17216105235198,0,1e-05
22459,3.73756869840319,0,1e-05
22460,3.17145875931366,0,1e-05
22461,3.73679532951228,0,1e-05
22462,3.17075665631386,0,1e-05
22463,3.73602205995769,0,1e-05
22464,3.17005474285105,0,1e-05
22465,3.73524889235815,0,1e-05
22466,3.16935302024583,0,1e-05
22467,3.73447582424486,0,1e-05
22468,3.16865148755749,0,1e-05
22469,3.73370285729138,0,1e-05
22470,3.16795014560058,0,1e-05
22471,3.73292999123486,0,1e-05
22472,3.16724899533154,0,1e-05
22473,3.73215722661198,0,1e-05
22474,3.16654803739136,0,1e-05
22475,3.73138456328868,0,1e-05
22476,3.16584727070258,0,1e-05
22477,3.7306120015636,0,1e-05
22478,3.16514669672639,0,1e-05
22479,3.72983954315352,0,1e-05
22480,3.16444631649918,0,1e-05
22481,3.7290671868489,0,1e-05
22482,3.16374612946834,0,1e-05
22483,3.72829493317649,0,1e-05
22484,3.163046136115,0,1e-05
22485,3.72752278311289,0,1e-05
22486,3.16234633797436,0,1e-05
22487,3.72675073753949,0,1e-05
22488,3.16164673323,0,1e-05
22489,3.72597879388962,0,1e-05
22490,3.16094732416369,0,1e-05
22491,3.72520695523347,0,1e-05
22492,3.16024810934157,0,1e-05
22493,3.72443521884268,0,1e-05
22494,3.15954909075278,0,1e-05
22495,3.7236635890908,0,1e-05
22496,3.15885026951195,0,1e-05
22497,3.72289206472628,0,1e-05
22498,3.15815164491098,0,1e-05
22499,3.72212064437771,0,1e-05
22500,3.15745321614743,0,1e-05
22501,3.72134932913113,0,1e-05
22502,3.15675498527665,0,1e-05
22503,3.72057812040685,0,1e-05
22504,3.15605695278747,0,1e-05
22505,3.71980701721115,0,1e-05
22506,3.15535911772591,0,1e-05
22507,3.71903602150083,0,1e-05
22508,3.15466148291382,0,1e-05
22509,3.71826513146837,0,1e-05
22510,3.1539640468482,0,1e-05
22511,3.71749434974077,0,1e-05
22512,3.15326681008394,0,1e-05
22513,3.71672367365512,0,1e-05
22514,3.15256977261769,0,1e-05
22515,3.71595310436987,0,1e-05
22516,3.15187293443623,0,1e-05
22517,3.71518264295864,0,1e-05
22518,3.15117629775817,0,1e-05
22519,3.71441229049453,0,1e-05
22520,3.15047986254092,0,1e-05
22521,3.71364204623509,0,1e-05
22522,3.14978362988159,0,1e-05
22523,3.71287191304186,0,1e-05
22524,3.14908759985279,0,1e-05
22525,3.71210188735708,0,1e-05
22526,3.14839177063714,0,1e-05
22527,3.71133197003674,0,1e-05
22528,3.14769614427871,0,1e-05
22529,3.71056216333142,0,1e-05
22530,3.14700072235823,0,1e-05
22531,3.70979246748061,0,1e-05
22532,3.14630550424682,0,1e-05
22533,3.70902288054701,0,1e-05
22534,3.14561048996278,0,1e-05
22535,3.70825340525972,0,1e-05
22536,3.14491567934561,0,1e-05
22537,3.70748403995516,0,1e-05
22538,3.14422107391307,0,1e-05
22539,3.70671478500962,0,1e-05
22540,3.14352667488665,0,1e-05
22541,3.70594564295389,0,1e-05
22542,3.14283248076844,0,1e-05
22543,3.70517661241483,0,1e-05
22544,3.14213849397617,0,1e-05
22545,3.70440769472795,0,1e-05
22546,3.14144471320106,0,1e-05
22547,3.70363888874984,0,1e-05
22548,3.14075113954768,0,1e-05
22549,3.70287019445071,0,1e-05
22550,3.14005777302911,0,1e-05
22551,3.7021016135908,0,1e-05
22552,3.13936461482205,0,1e-05
22553,3.7013331472808,0,1e-05
22554,3.13867166484765,0,1e-05
22555,3.70056479466762,0,1e-05
22556,3.13797892540987,0,1e-05
22557,3.69979655651064,0,1e-05
22558,3.13728639465275,0,1e-05
22559,3.69902843376324,0,1e-05
22560,3.13659407445363,0,1e-05
22561,3.69826042345297,0,1e-05
22562,3.13590196210749,0,1e-05
22563,3.69749252735796,0,1e-05
22564,3.13521006149773,0,1e-05
22565,3.69672474859314,0,1e-05
22566,3.13451837208406,0,1e-05
22567,3.69595708363211,0,1e-05
22568,3.13382689337658,0,1e-05
22569,3.69518953612152,0,1e-05
22570,3.13313562723786,0,1e-05
22571,3.69442210339416,0,1e-05
22572,3.13244457259165,0,1e-05
22573,3.69365478749417,0,1e-05
22574,3.13175373109646,0,1e-05
22575,3.69288758781699,0,1e-05
22576,3.13106310222292,0,1e-05
22577,3.69212050543749,0,1e-05
22578,3.13037268672914,0,1e-05
22579,3.69135354007389,0,1e-05
22580,3.12968248558942,0,1e-05
22581,3.69058669314201,0,1e-05
22582,3.12899249909087,0,1e-05
22583,3.68981996438311,0,1e-05
22584,3.1283027285254,0,1e-05
22585,3.68905335467655,0,1e-05
22586,3.12761317290464,0,1e-05
22587,3.68828686308916,0,1e-05
22588,3.1269238325343,0,1e-05
22589,3.68752049104787,0,1e-05
22590,3.12623470885579,0,1e-05
22591,3.68675423673927,0,1e-05
22592,3.12554580089621,0,1e-05
22593,3.68598810329748,0,1e-05
22594,3.12485711125966,0,1e-05
22595,3.68522209029219,0,1e-05
22596,3.12416863793137,0,1e-05
22597,3.68445619595549,0,1e-05
22598,3.12348038410641,0,1e-05
22599,3.68369042420965,0,1e-05
22600,3.1227923485724,0,1e-05
22601,3.68292477358336,0,1e-05
22602,3.12210453276682,0,1e-05
22603,3.68215924418557,0,1e-05
22604,3.12141693507294,0,1e-05
22605,3.68139383581571,0,1e-05
22606,3.12072955816089,0,1e-05
22607,3.68062855089075,0,1e-05
22608,3.12004240265018,0,1e-05
22609,3.67986338854143,0,1e-05
22610,3.11935546708605,0,1e-05
22611,3.67909834773935,0,1e-05
22612,3.11866875274815,0,1e-05
22613,3.67833343082512,0,1e-05
22614,3.11798225981965,0,1e-05
22615,3.67756863674824,0,1e-05
22616,3.11729598960533,0,1e-05
22617,3.67680396707691,0,1e-05
22618,3.11660994155116,0,1e-05
22619,3.67603941947619,0,1e-05
22620,3.115924115675,0,1e-05
22621,3.67527499697905,0,1e-05
22622,3.11523851385099,0,1e-05
22623,3.67451069870279,0,1e-05
22624,3.11455313603263,0,1e-05
22625,3.67374652560459,0,1e-05
22626,3.11386798205386,0,1e-05
22627,3.67298247770663,0,1e-05
22628,3.11318305303057,0,1e-05
22629,3.67221855551107,0,1e-05
22630,3.11249835007885,0,1e-05
22631,3.67145476049506,0,1e-05
22632,3.11181387240773,0,1e-05
22633,3.67069109020116,0,1e-05
22634,3.11112962108781,0,1e-05
22635,3.66992754725779,0,1e-05
22636,3.11044559577513,0,1e-05
22637,3.66916413048401,0,1e-05
22638,3.10976179746954,0,1e-05
22639,3.66840084026426,0,1e-05
22640,3.10907822633838,0,1e-05
22641,3.66763767799299,0,1e-05
22642,3.1083948831757,0,1e-05
22643,3.6668746430133,0,1e-05
22644,3.1077117682615,0,1e-05
22645,3.6661117362208,0,1e-05
22646,3.10702888289375,0,1e-05
22647,3.66534896015646,0,1e-05
22648,3.10634622705997,0,1e-05
22649,3.66458631172366,0,1e-05
22650,3.10566380136339,0,1e-05
22651,3.66382379244117,0,1e-05
22652,3.10498160553343,0,1e-05
22653,3.66306140337063,0,1e-05
22654,3.10429964082212,0,1e-05
22655,3.66229914462953,0,1e-05
22656,3.10361790783336,0,1e-05
22657,3.66153701643741,0,1e-05
22658,3.10293640650522,0,1e-05
22659,3.66077501773003,0,1e-05
22660,3.1022551366927,0,1e-05
22661,3.660013151124,0,1e-05
22662,3.10157410029895,0,1e-05
22663,3.65925141488109,0,1e-05
22664,3.10089329649298,0,1e-05
22665,3.65848981154448,0,1e-05
22666,3.10021272635353,0,1e-05
22667,3.65772833877216,0,1e-05
22668,3.09953238968171,0,1e-05
22669,3.65696699831893,0,1e-05
22670,3.09885228720079,0,1e-05
22671,3.65620579024787,0,1e-05
22672,3.09817242011081,0,1e-05
22673,3.65544471481091,0,1e-05
22674,3.09749278842168,0,1e-05
22675,3.65468377387203,0,1e-05
22676,3.09681339289827,0,1e-05
22677,3.65392296599198,0,1e-05
22678,3.09613423335638,0,1e-05
22679,3.6531622933158,0,1e-05
22680,3.09545531216735,0,1e-05
22681,3.65240175375842,0,1e-05
22682,3.09477662664731,0,1e-05
22683,3.65164134859318,0,1e-05
22684,3.09409817927982,0,1e-05
22685,3.65088108133566,0,1e-05
22686,3.09341997247023,0,1e-05
22687,3.65012094812855,0,1e-05
22688,3.09274200188989,0,1e-05
22689,3.64936095078347,0,1e-05
22690,3.0920642717063,0,1e-05
22691,3.64860108880678,0,1e-05
22692,3.09138678113264,0,1e-05
22693,3.64784136417263,0,1e-05
22694,3.09070953151422,0,1e-05
22695,3.64708177626555,0,1e-05
22696,3.09003252130538,0,1e-05
22697,3.64632232546011,0,1e-05
22698,3.08935575336673,0,1e-05
22699,3.64556301238544,0,1e-05
22700,3.08867922631763,0,1e-05
22701,3.64480383664558,0,1e-05
22702,3.08800294170211,0,1e-05
22703,3.64404479943115,0,1e-05
22704,3.08732689923925,0,1e-05
22705,3.64328589933592,0,1e-05
22706,3.08665109848711,0,1e-05
22707,3.64252713832152,0,1e-05
22708,3.08597554191838,0,1e-05
22709,3.64176851754969,0,1e-05
22710,3.08530023058509,0,1e-05
22711,3.64101003597275,0,1e-05
22712,3.08462516273251,0,1e-05
22713,3.64025169452254,0,1e-05
22714,3.0839503406981,0,1e-05
22715,3.63949349388528,0,1e-05
22716,3.08327576348334,0,1e-05
22717,3.63873543384759,0,1e-05
22718,3.08260143329921,0,1e-05
22719,3.63797751473398,0,1e-05
22720,3.08192734831849,0,1e-05
22721,3.63721973671303,0,1e-05
22722,3.08125351098893,0,1e-05
22723,3.63646209970904,0,1e-05
22724,3.08057992007369,0,1e-05
22725,3.63570460620803,0,1e-05
22726,3.079906578133,0,1e-05
22727,3.6349472541666,0,1e-05
22728,3.0792334840576,0,1e-05
22729,3.63419004512411,0,1e-05
22730,3.07856063830526,0,1e-05
22731,3.63343297807926,0,1e-05
22732,3.07788804203304,0,1e-05
22733,3.63267605564369,0,1e-05
22734,3.07721569542193,0,1e-05
22735,3.63191927678785,0,1e-05
22736,3.07654359973966,0,1e-05
22737,3.63116264186,0,1e-05
22738,3.07587175386182,0,1e-05
22739,3.63040615040389,0,1e-05
22740,3.07520015900493,0,1e-05
22741,3.62964980515091,0,1e-05
22742,3.07452881724886,0,1e-05
22743,3.62889360460015,0,1e-05
22744,3.07385772707046,0,1e-05
22745,3.62813754961813,0,1e-05
22746,3.07318688854619,0,1e-05
22747,3.62738164104619,0,1e-05
22748,3.07251630465669,0,1e-05
22749,3.62662587861794,0,1e-05
22750,3.07184597462971,0,1e-05
22751,3.62587026224443,0,1e-05
22752,3.07117589740062,0,1e-05
22753,3.62511479317367,0,1e-05
22754,3.07050607653123,0,1e-05
22755,3.62435947293879,0,1e-05
22756,3.06983651171164,0,1e-05
22757,3.62360430130821,0,1e-05
22758,3.0691672016629,0,1e-05
22759,3.62284927653157,0,1e-05
22760,3.06849814848975,0,1e-05
22761,3.62209440004901,0,1e-05
22762,3.06782935092457,0,1e-05
22763,3.62133967256376,0,1e-05
22764,3.06716081109092,0,1e-05
22765,3.62058509476705,0,1e-05
22766,3.06649252928164,0,1e-05
22767,3.61983066600917,0,1e-05
22768,3.06582450536456,0,1e-05
22769,3.61907638730943,0,1e-05
22770,3.06515673968048,0,1e-05
22771,3.61832225967723,0,1e-05
22772,3.06448923395655,0,1e-05
22773,3.61756828217912,0,1e-05
22774,3.06382198786101,0,1e-05
22775,3.61681445494626,0,1e-05
22776,3.0631550015347,0,1e-05
22777,3.61606077874928,0,1e-05
22778,3.06248827549377,0,1e-05
22779,3.61530725512694,0,1e-05
22780,3.06182181140975,0,1e-05
22781,3.61455388462921,0,1e-05
22782,3.06115560855851,0,1e-05
22783,3.61380066532566,0,1e-05
22784,3.06048966846732,0,1e-05
22785,3.61304759899145,0,1e-05
22786,3.05982399067128,0,1e-05
22787,3.61229468564265,0,1e-05
22788,3.05915857518566,0,1e-05
22789,3.6115419264918,0,1e-05
22790,3.0584934248054,0,1e-05
22791,3.61078932171598,0,1e-05
22792,3.05782853862815,0,1e-05
22793,3.6100368710875,0,1e-05
22794,3.05716391768821,0,1e-05
22795,3.60928457499124,0,1e-05
22796,3.05649956028466,0,1e-05
22797,3.60853243324898,0,1e-05
22798,3.05583546979781,0,1e-05
22799,3.60778044849242,0,1e-05
22800,3.05517164564902,0,1e-05
22801,3.60702861966425,0,1e-05
22802,3.05450808899097,0,1e-05
22803,3.60627694674089,0,1e-05
22804,3.05384479829091,0,1e-05
22805,3.60552542930641,0,1e-05
22806,3.05318177697892,0,1e-05
22807,3.60477407042154,0,1e-05
22808,3.0525190226641,0,1e-05
22809,3.60402286859141,0,1e-05
22810,3.05185653884627,0,1e-05
22811,3.60327182387377,0,1e-05
22812,3.05119432286084,0,1e-05
22813,3.60252093756866,0,1e-05
22814,3.05053237709854,0,1e-05
22815,3.60177020926271,0,1e-05
22816,3.04987070074185,0,1e-05
22817,3.6010196399185,0,1e-05
22818,3.04920929650269,0,1e-05
22819,3.60026923044853,0,1e-05
22820,3.04854816409708,0,1e-05
22821,3.59951898060164,0,1e-05
22822,3.04788730228523,0,1e-05
22823,3.59876888989513,0,1e-05
22824,3.04722671421064,0,1e-05
22825,3.59801896033048,0,1e-05
22826,3.04656639902606,0,1e-05
22827,3.59726919124387,0,1e-05
22828,3.04590635640965,0,1e-05
22829,3.59651958262469,0,1e-05
22830,3.04524658855473,0,1e-05
22831,3.59577013684241,0,1e-05
22832,3.04458709532687,0,1e-05
22833,3.59502085217005,0,1e-05
22834,3.04392787675181,0,1e-05
22835,3.59427172927396,0,1e-05
22836,3.04326893337528,0,1e-05
22837,3.5935227695255,0,1e-05
22838,3.04261026630105,0,1e-05
22839,3.59277397273984,0,1e-05
22840,3.04195187642729,0,1e-05
22841,3.59202534046026,0,1e-05
22842,3.0412937644882,0,1e-05
22843,3.59127687096559,0,1e-05
22844,3.04063592932589,0,1e-05
22845,3.59052856677442,0,1e-05
22846,3.03997837334909,0,1e-05
22847,3.58978042683707,0,1e-05
22848,3.03932109505309,0,1e-05
22849,3.58903245170508,0,1e-05
22850,3.0386640969605,0,1e-05
22851,3.58828464186412,0,1e-05
22852,3.03800737879767,0,1e-05
22853,3.58753699895151,0,1e-05
22854,3.03735094050129,0,1e-05
22855,3.58678952014784,0,1e-05
22856,3.03669478212043,0,1e-05
22857,3.58604220781925,0,1e-05
22858,3.03603890554635,0,1e-05
22859,3.58529506407936,0,1e-05
22860,3.0353833113809,0,1e-05
22861,3.58454808638293,0,1e-05
22862,3.03472799916227,0,1e-05
22863,3.58380127624334,0,1e-05
22864,3.03407297088872,0,1e-05
22865,3.58305463559261,0,1e-05
22866,3.03341822598443,0,1e-05
22867,3.58230816254456,0,1e-05
22868,3.03276376494998,0,1e-05
22869,3.58156185877234,0,1e-05
22870,3.03210958834976,0,1e-05
22871,3.58081572360549,0,1e-05
22872,3.03145569759474,0,1e-05
22873,3.5800697598475,0,1e-05
22874,3.03080209348231,0,1e-05
22875,3.57932396585579,0,1e-05
22876,3.03014877444159,0,1e-05
22877,3.57857834166516,0,1e-05
22878,3.02949574227927,0,1e-05
22879,3.57783288851926,0,1e-05
22880,3.02884299803719,0,1e-05
22881,3.57708760793089,0,1e-05
22882,3.02819054244637,0,1e-05
22883,3.57634249860796,0,1e-05
22884,3.02753837442504,0,1e-05
22885,3.5755975610774,0,1e-05
22886,3.02688649548229,0,1e-05
22887,3.57485279637032,0,1e-05
22888,3.02623490640992,0,1e-05
22889,3.5741082045625,0,1e-05
22890,3.02558360825328,0,1e-05
22891,3.57336378657887,0,1e-05
22892,3.02493259951232,0,1e-05
22893,3.57261954203204,0,1e-05
22894,3.02428188309122,0,1e-05
22895,3.57187547198364,0,1e-05
22896,3.02363145781756,0,1e-05
22897,3.57113157688397,0,1e-05
22898,3.02298132594045,0,1e-05
22899,3.57038785601179,0,1e-05
22900,3.02233148571797,0,1e-05
22901,3.56964431043868,0,1e-05
22902,3.02168193923766,0,1e-05
22903,3.56890094032577,0,1e-05
22904,3.02103268584889,0,1e-05
22905,3.56815774613118,0,1e-05
22906,3.02038372690136,0,1e-05
22907,3.56741472769174,0,1e-05
22908,3.01973506374573,0,1e-05
22909,3.56667188826283,0,1e-05
22910,3.01908669680124,0,1e-05
22911,3.56592922529022,0,1e-05
22912,3.01843862494597,0,1e-05
22913,3.56518673989235,0,1e-05
22914,3.01779085060006,0,1e-05
22915,3.56444443306487,0,1e-05
22916,3.01714337308059,0,1e-05
22917,3.56370230606692,0,1e-05
22918,3.01649619468733,0,1e-05
22919,3.56296035730319,0,1e-05
22920,3.01584931386985,0,1e-05
22921,3.56221858903533,0,1e-05
22922,3.0152027334032,0,1e-05
22923,3.56147699991891,0,1e-05
22924,3.01455645074026,0,1e-05
22925,3.56073558980779,0,1e-05
22926,3.01391046829075,0,1e-05
22927,3.5599943614711,0,1e-05
22928,3.01326478645664,0,1e-05
22929,3.55925331354073,0,1e-05
22930,3.01261940596845,0,1e-05
22931,3.55851244795386,0,1e-05
22932,3.01197432822542,0,1e-05
22933,3.55777176356222,0,1e-05
22934,3.01132955179103,0,1e-05
22935,3.55703126183148,0,1e-05
22936,3.0106850785437,0,1e-05
22937,3.55629094231078,0,1e-05
22938,3.01004090817621,0,1e-05
22939,3.55555080730053,0,1e-05
22940,3.00939704222173,0,1e-05
22941,3.5548108540477,0,1e-05
22942,3.00875348080317,0,1e-05
22943,3.55407108605014,0,1e-05
22944,3.00811022508802,0,1e-05
22945,3.55333150304431,0,1e-05
22946,3.00746727484535,0,1e-05
22947,3.55259210337627,0,1e-05
22948,3.00682462985979,0,1e-05
22949,3.55185288913765,0,1e-05
22950,3.00618229315388,0,1e-05
22951,3.5511138601676,0,1e-05
22952,3.00554026271266,0,1e-05
22953,3.55037501791014,0,1e-05
22954,3.00489854031508,0,1e-05
22955,3.54963636269458,0,1e-05
22956,3.0042571279469,0,1e-05
22957,3.54889789465402,0,1e-05
22958,3.00361602429417,0,1e-05
22959,3.54815961365578,0,1e-05
22960,3.00297522936887,0,1e-05
22961,3.54742151896408,0,1e-05
22962,3.0023347448034,0,1e-05
22963,3.54668361316719,0,1e-05
22964,3.00169457131684,0,1e-05
22965,3.54594589576146,0,1e-05
22966,3.00105470879083,0,1e-05
22967,3.54520836765547,0,1e-05
22968,3.00041515978647,0,1e-05
22969,3.54447102943044,0,1e-05
22970,2.99977592227867,0,1e-05
22971,3.54373388102375,0,1e-05
22972,2.99913699827319,0,1e-05
22973,3.54299692289028,0,1e-05
22974,2.99849838823718,0,1e-05
22975,3.54226015515235,0,1e-05
22976,2.99786009154636,0,1e-05
22977,3.54152357884496,0,1e-05
22978,2.99722211047201,0,1e-05
22979,3.54078719324244,0,1e-05
22980,2.9965844444398,0,1e-05
22981,3.54005100070478,0,1e-05
22982,2.9959470946209,0,1e-05
22983,3.53931499976873,0,1e-05
22984,2.99531006113547,0,1e-05
22985,3.53857919183215,0,1e-05
22986,2.99467334517764,0,1e-05
22987,3.53784357772495,0,1e-05
22988,2.99403694692326,0,1e-05
22989,3.5371081566184,0,1e-05
22990,2.99340086729767,0,1e-05
22991,3.53637292978922,0,1e-05
22992,2.99276510658128,0,1e-05
22993,3.5356378987831,0,1e-05
22994,2.99212966636606,0,1e-05
22995,3.53490306253829,0,1e-05
22996,2.99149454521121,0,1e-05
22997,3.53416842045183,0,1e-05
22998,2.9908597455254,0,1e-05
22999,3.53343397553205,0,1e-05
23000,2.99022526683005,0,1e-05
23001,3.53269972723469,0,1e-05
23002,2.98959111017181,0,1e-05
23003,3.53196567515952,0,1e-05
23004,2.98895727605499,0,1e-05
23005,3.53123182011664,0,1e-05
23006,2.98832376545701,0,1e-05
23007,3.53049816226158,0,1e-05
23008,2.98769057652583,0,1e-05
23009,3.5297647025666,0,1e-05
23010,2.98705771404175,0,1e-05
23011,3.52903144186698,0,1e-05
23012,2.98642517598764,0,1e-05
23013,3.52829838057681,0,1e-05
23014,2.9857929631286,0,1e-05
23015,3.52756551785504,0,1e-05
23016,2.98516107722453,0,1e-05
23017,3.52683285580525,0,1e-05
23018,2.98452951682764,0,1e-05
23019,3.5261003929088,0,1e-05
23020,2.98389828408559,0,1e-05
23021,3.52536813194124,0,1e-05
23022,2.98326737922215,0,1e-05
23023,3.52463607103927,0,1e-05
23024,2.98263680289881,0,1e-05
23025,3.52390421167949,0,1e-05
23026,2.98200655551435,0,1e-05
23027,3.52317255519792,0,1e-05
23028,2.98137663812028,0,1e-05
23029,3.52244110177502,0,1e-05
23030,2.98074705135947,0,1e-05
23031,3.52170985086872,0,1e-05
23032,2.98011779583363,0,1e-05
23033,3.52097880350766,0,1e-05
23034,2.97948887137317,0,1e-05
23035,3.52024795969322,0,1e-05
23036,2.97886027923227,0,1e-05
23037,3.51951732129367,0,1e-05
23038,2.97823202077033,0,1e-05
23039,3.51878688690637,0,1e-05
23040,2.9776040942105,0,1e-05
23041,3.51805665693803,0,1e-05
23042,2.97697650078465,0,1e-05
23043,3.51732663238816,0,1e-05
23044,2.97634924271153,0,1e-05
23045,3.51659681437773,0,1e-05
23046,2.97572232008738,0,1e-05
23047,3.51586720385878,0,1e-05
23048,2.97509573380129,0,1e-05
23049,3.51513780075625,0,1e-05
23050,2.97446948374857,0,1e-05
23051,3.51440860391505,0,1e-05
23052,2.97384356982981,0,1e-05
23053,3.51367961524138,0,1e-05
23054,2.97321799433501,0,1e-05
23055,3.51295083637508,0,1e-05
23056,2.97259275811431,0,1e-05
23057,3.51222226425014,0,1e-05
23058,2.97196785919147,0,1e-05
23059,3.51149390218847,0,1e-05
23060,2.97134329972808,0,1e-05
23061,3.51076574944772,0,1e-05
23062,2.9707190812744,0,1e-05
23063,3.51003780875395,0,1e-05
23064,2.97009520313666,0,1e-05
23065,3.50931007745067,0,1e-05
23066,2.96947166596414,0,1e-05
23067,3.50858255663875,0,1e-05
23068,2.96884847090624,0,1e-05
23069,3.50785524725121,0,1e-05
23070,2.96822561767671,0,1e-05
23071,3.5071281494669,0,1e-05
23072,2.96760310781119,0,1e-05
23073,3.50640126596451,0,1e-05
23074,2.96698094315813,0,1e-05
23075,3.50567459483659,0,1e-05
23076,2.96635912176689,0,1e-05
23077,3.50494813714143,0,1e-05
23078,2.96573764568247,0,1e-05
23079,3.50422189286636,0,1e-05
23080,2.96511651462473,0,1e-05
23081,3.50349586220995,0,1e-05
23082,2.96449572966661,0,1e-05
23083,3.50277004664422,0,1e-05
23084,2.96387529244127,0,1e-05
23085,3.50204444645873,0,1e-05
23086,2.96325520129463,0,1e-05
23087,3.50131906161553,0,1e-05
23088,2.96263545946613,0,1e-05
23089,3.50059389327823,0,1e-05
23090,2.96201606655781,0,1e-05
23091,3.49986894319771,0,1e-05
23092,2.96139702328473,0,1e-05
23093,3.49914420794692,0,1e-05
23094,2.96077832897935,0,1e-05
23095,3.49841969048504,0,1e-05
23096,2.96015998545671,0,1e-05
23097,3.49769539188085,0,1e-05
23098,2.95954199435656,0,1e-05
23099,3.49697131139591,0,1e-05
23100,2.95892435468935,0,1e-05
23101,3.4962474508932,0,1e-05
23102,2.9583070675639,0,1e-05
23103,3.49552380885457,0,1e-05
23104,2.95769013354716,0,1e-05
23105,3.49480038663648,0,1e-05
23106,2.95707355288248,0,1e-05
23107,3.49407718470177,0,1e-05
23108,2.95645732768918,0,1e-05
23109,3.49335420482846,0,1e-05
23110,2.95584145757186,0,1e-05
23111,3.49263144617011,0,1e-05
23112,2.9552259434825,0,1e-05
23113,3.49190890950525,0,1e-05
23114,2.95461078599686,0,1e-05
23115,3.49118659528921,0,1e-05
23116,2.95399598571987,0,1e-05
23117,3.49046450357596,0,1e-05
23118,2.95338154294626,0,1e-05
23119,3.48974263592503,0,1e-05
23120,2.95276745896741,0,1e-05
23121,3.4890209917709,0,1e-05
23122,2.95215373383075,0,1e-05
23123,3.48829957282212,0,1e-05
23124,2.95154036881593,0,1e-05
23125,3.48757837791694,0,1e-05
23126,2.95092736481965,0,1e-05
23127,3.48685740872418,0,1e-05
23128,2.95031472024885,0,1e-05
23129,3.48613666362027,0,1e-05
23130,2.94970243694875,0,1e-05
23131,3.48541614466828,0,1e-05
23132,2.94909051635694,0,1e-05
23133,3.48469585402017,0,1e-05
23134,2.94847895967788,0,1e-05
23135,3.48397579042498,0,1e-05
23136,2.94786776635574,0,1e-05
23137,3.4832559546847,0,1e-05
23138,2.94725693718632,0,1e-05
23139,3.48253634682114,0,1e-05
23140,2.94664647306624,0,1e-05
23141,3.48181696726076,0,1e-05
23142,2.94603637392015,0,1e-05
23143,3.48109781737977,0,1e-05
23144,2.94542664153044,0,1e-05
23145,3.480378896356,0,1e-05
23146,2.94481727557264,0,1e-05
23147,3.47966020628697,0,1e-05
23148,2.94420827799222,0,1e-05
23149,3.47894174614693,0,1e-05
23150,2.94359964796287,0,1e-05
23151,3.47822351824709,0,1e-05
23152,2.94299138660288,0,1e-05
23153,3.47750552091681,0,1e-05
23154,2.94238349569514,0,1e-05
23155,3.47678775621549,0,1e-05
23156,2.94177597430436,0,1e-05
23157,3.47607022337466,0,1e-05
23158,2.94116882358989,0,1e-05
23159,3.47535292500014,0,1e-05
23160,2.9405620454149,0,1e-05
23161,3.47463585938213,0,1e-05
23162,2.93995563884507,0,1e-05
23163,3.47391902805682,0,1e-05
23164,2.93934960462632,0,1e-05
23165,3.47320243013089,0,1e-05
23166,2.93874394300349,0,1e-05
23167,3.47248606703769,0,1e-05
23168,2.93813865680896,0,1e-05
23169,3.47176994154384,0,1e-05
23170,2.93753374583658,0,1e-05
23171,3.47105405143421,0,1e-05
23172,2.93692920967428,0,1e-05
23173,3.47033839691068,0,1e-05
23174,2.93632504851638,0,1e-05
23175,3.46962297903326,0,1e-05
23176,2.93572126554368,0,1e-05
23177,3.46890779953796,0,1e-05
23178,2.93511785971585,0,1e-05
23179,3.4681928581533,0,1e-05
23180,2.93451483244133,0,1e-05
23181,3.46747815526474,0,1e-05
23182,2.93391218310631,0,1e-05
23183,3.46676369080763,0,1e-05
23184,2.93330991491744,0,1e-05
23185,3.46604946802448,0,1e-05
23186,2.93270802710098,0,1e-05
23187,3.46533548409292,0,1e-05
23188,2.93210651858181,0,1e-05
23189,3.46462174156461,0,1e-05
23190,2.9315053932775,0,1e-05
23191,3.46390823996723,0,1e-05
23192,2.93090464947336,0,1e-05
23193,3.46319497874214,0,1e-05
23194,2.93030428820561,0,1e-05
23195,3.46248195903258,0,1e-05
23196,2.92970430976482,0,1e-05
23197,3.46176918328099,0,1e-05
23198,2.92910471718823,0,1e-05
23199,3.46105665040862,0,1e-05
23200,2.92850550899335,0,1e-05
23201,3.46034436098123,0,1e-05
23202,2.9279066862494,0,1e-05
23203,3.45963231672998,0,1e-05
23204,2.92730825039741,0,1e-05
23205,3.45892051743474,0,1e-05
23206,2.92671020239586,0,1e-05
23207,3.45820896216815,0,1e-05
23208,2.92611254119286,0,1e-05
23209,3.45749765309177,0,1e-05
23210,2.92551526887259,0,1e-05
23211,3.45678658987194,0,1e-05
23212,2.92491838442418,0,1e-05
23213,3.4560757729316,0,1e-05
23214,2.92432188993971,0,1e-05
23215,3.4553652037232,0,1e-05
23216,2.92372578713418,0,1e-05
23217,3.45465488257068,0,1e-05
23218,2.92313007511727,0,1e-05
23219,3.45394480853209,0,1e-05
23220,2.92253475369066,0,1e-05
23221,3.45323498459356,0,1e-05
23222,2.92193982645283,0,1e-05
23223,3.45252540966959,0,1e-05
23224,2.92134529197335,0,1e-05
23225,3.45181608419415,0,1e-05
23226,2.92075115118701,0,1e-05
23227,3.45110700871793,0,1e-05
23228,2.92015740458879,0,1e-05
23229,3.45039818444817,0,1e-05
23230,2.91956405405021,0,1e-05
23231,3.44968961145171,0,1e-05
23232,2.9189710993098,0,1e-05
23233,3.44898129143192,0,1e-05
23234,2.91837854162789,0,1e-05
23235,3.44827322309056,0,1e-05
23236,2.91778638181162,0,1e-05
23237,3.4475654077687,0,1e-05
23238,2.91719461891832,0,1e-05
23239,3.44685784563027,0,1e-05
23240,2.91660325522815,0,1e-05
23241,3.44615053743264,0,1e-05
23242,2.91601229144403,0,1e-05
23243,3.44544348401759,0,1e-05
23244,2.91542172768616,0,1e-05
23245,3.44473668587504,0,1e-05
23246,2.91483156542284,0,1e-05
23247,3.44403014279631,0,1e-05
23248,2.91424180421632,0,1e-05
23249,3.44332385598612,0,1e-05
23250,2.913652444993,0,1e-05
23251,3.44261782531089,0,1e-05
23252,2.91306348912401,0,1e-05
23253,3.44191205165482,0,1e-05
23254,2.91247493684936,0,1e-05
23255,3.44120653765989,0,1e-05
23256,2.91188678991576,0,1e-05
23257,3.4405012805432,0,1e-05
23258,2.91129904747522,0,1e-05
23259,3.43979628320795,0,1e-05
23260,2.910711712302,0,1e-05
23261,3.43909154422147,0,1e-05
23262,2.91012478262742,0,1e-05
23263,3.43838706560016,0,1e-05
23264,2.90953826068651,0,1e-05
23265,3.4376828478488,0,1e-05
23266,2.90895214729132,0,1e-05
23267,3.43697889009471,0,1e-05
23268,2.90836644186627,0,1e-05
23269,3.43627519484469,0,1e-05
23270,2.90778114666382,0,1e-05
23271,3.43557176120353,0,1e-05
23272,2.90719626165519,0,1e-05
23273,3.43486858955617,0,1e-05
23274,2.9066117866616,0,1e-05
23275,3.43416568080979,0,1e-05
23276,2.90602772345821,0,1e-05
23277,3.43346303612486,0,1e-05
23278,2.90544407313895,0,1e-05
23279,3.43276065615131,0,1e-05
23280,2.90486083619656,0,1e-05
23281,3.4320585402602,0,1e-05
23282,2.90427801321149,0,1e-05
23283,3.43135668986994,0,1e-05
23284,2.90369560373799,0,1e-05
23285,3.43065510527506,0,1e-05
23286,2.90311361056754,0,1e-05
23287,3.4299537875375,0,1e-05
23288,2.90253203351038,0,1e-05
23289,3.429252737495,0,1e-05
23290,2.90195087375679,0,1e-05
23291,3.42855195450674,0,1e-05
23292,2.90137013140185,0,1e-05
23293,3.42785143893386,0,1e-05
23294,2.90078980647969,0,1e-05
23295,3.42715119199739,0,1e-05
23296,2.90020990077259,0,1e-05
23297,3.4264512134196,0,1e-05
23298,2.8996304137354,0,1e-05
23299,3.42575150473939,0,1e-05
23300,2.89905134816275,0,1e-05
23301,3.42505206690396,0,1e-05
23302,2.89847270413582,0,1e-05
23303,3.42435289987003,0,1e-05
23304,2.89789448177159,0,1e-05
23305,3.42365400389141,0,1e-05
23306,2.89731668183513,0,1e-05
23307,3.4229553800758,0,1e-05
23308,2.89673930513624,0,1e-05
23309,3.42225702898755,0,1e-05
23310,2.89616235284083,0,1e-05
23311,3.4215589492335,0,1e-05
23312,2.89558582509479,0,1e-05
23313,3.42086114458182,0,1e-05
23314,2.89500972309252,0,1e-05
23315,3.42016361421985,0,1e-05
23316,2.89443404779039,0,1e-05
23317,3.41946635948724,0,1e-05
23318,2.89385880142632,0,1e-05
23319,3.41876937926786,0,1e-05
23320,2.89328398014993,0,1e-05
23321,3.41807267358849,0,1e-05
23322,2.8927095883109,0,1e-05
23323,3.41737624527008,0,1e-05
23324,2.89213562561204,0,1e-05
23325,3.41668009301633,0,1e-05
23326,2.89156209346014,0,1e-05
23327,3.41598421992834,0,1e-05
23328,2.89098899287013,0,1e-05
23329,3.41528862441332,0,1e-05
23330,2.89041632304746,0,1e-05
23331,3.41459330823,0,1e-05
23332,2.88984408676496,0,1e-05
23333,3.41389827096436,0,1e-05
23334,2.88927228314681,0,1e-05
23335,3.41320351385738,0,1e-05
23336,2.88870091348712,0,1e-05
23337,3.41250903634304,0,1e-05
23338,2.8881299779035,0,1e-05
23339,3.41181484066014,0,1e-05
23340,2.88755947838516,0,1e-05
23341,3.41112092532767,0,1e-05
23342,2.88698941474903,0,1e-05
23343,3.41042729266856,0,1e-05
23344,2.88641978741679,0,1e-05
23345,3.40973394293056,0,1e-05
23346,2.8858505986172,0,1e-05
23347,3.4090408767523,0,1e-05
23348,2.88528184816609,0,1e-05
23349,3.40834809349489,0,1e-05
23350,2.88471353649188,0,1e-05
23351,3.40765559427669,0,1e-05
23352,2.88414566499391,0,1e-05
23353,3.40696338161365,0,1e-05
23354,2.88357823443573,0,1e-05
23355,3.40627145344835,0,1e-05
23356,2.88301124531397,0,1e-05
23357,3.40557981225057,0,1e-05
23358,2.88244469882488,0,1e-05
23359,3.4048884576204,0,1e-05
23360,2.88187859565089,0,1e-05
23361,3.40419739026244,0,1e-05
23362,2.88131293541387,0,1e-05
23363,3.40350661121414,0,1e-05
23364,2.88074772152076,0,1e-05
23365,3.40281611979406,0,1e-05
23366,2.88018295083334,0,1e-05
23367,3.40212591787169,0,1e-05
23368,2.87961862743316,0,1e-05
23369,3.40143600596146,0,1e-05
23370,2.87905475130818,0,1e-05
23371,3.40074638388,0,1e-05
23372,2.87849132236017,0,1e-05
23373,3.40005705311652,0,1e-05
23374,2.87792834248379,0,1e-05
23375,3.39936801402847,0,1e-05
23376,2.87736581140147,0,1e-05
23377,3.39867926602999,0,1e-05
23378,2.87680373034281,0,1e-05
23379,3.3979908110652,0,1e-05
23380,2.87624210004716,0,1e-05
23381,3.39730264870115,0,1e-05
23382,2.87568092154114,0,1e-05
23383,3.39661478061736,0,1e-05
23384,2.87512019502839,0,1e-05
23385,3.39592720739257,0,1e-05
23386,2.87455992307201,0,1e-05
23387,3.39523993087626,0,1e-05
23388,2.87400010539899,0,1e-05
23389,3.39455294915555,0,1e-05
23390,2.87344074195764,0,1e-05
23391,3.39386626359149,0,1e-05
23392,2.8728818346921,0,1e-05
23393,3.39317987431503,0,1e-05
23394,2.87232338269512,0,1e-05
23395,3.39249378271728,0,1e-05
23396,2.87176538842243,0,1e-05
23397,3.39180798944987,0,1e-05
23398,2.87120785265497,0,1e-05
23399,3.39112249468789,0,1e-05
23400,2.87065077526875,0,1e-05
23401,3.390437298929,0,1e-05
23402,2.87009415741327,0,1e-05
23403,3.38975240399622,0,1e-05
23404,2.86953800035692,0,1e-05
23405,3.38906780957689,0,1e-05
23406,2.86898230445674,0,1e-05
23407,3.38838351508306,0,1e-05
23408,2.8684270699348,0,1e-05
23409,3.3876995227515,0,1e-05
23410,2.86787229897966,0,1e-05
23411,3.38701583254392,0,1e-05
23412,2.86731799078079,0,1e-05
23413,3.38633244642468,0,1e-05
23414,2.86676414799641,0,1e-05
23415,3.38564936311428,0,1e-05
23416,2.86621076946355,0,1e-05
23417,3.38496658378848,0,1e-05
23418,2.86565785688351,0,1e-05
23419,3.38428410934004,0,1e-05
23420,2.8651054119492,0,1e-05
23421,3.38360194081727,0,1e-05
23422,2.86455343459238,0,1e-05
23423,3.3829200775033,0,1e-05
23424,2.86400192476014,0,1e-05
23425,3.38223852030866,0,1e-05
23426,2.86345088421243,0,1e-05
23427,3.38155727060017,0,1e-05
23428,2.86290031368798,0,1e-05
23429,3.38087632935158,0,1e-05
23430,2.86235021460764,0,1e-05
23431,3.38019569551134,0,1e-05
23432,2.86180058657176,0,1e-05
23433,3.37951537150037,0,1e-05
23434,2.86125143099451,0,1e-05
23435,3.37883535663742,0,1e-05
23436,2.86070274896761,0,1e-05
23437,3.37815565328602,0,1e-05
23438,2.86015454186815,0,1e-05
23439,3.37747625974501,0,1e-05
23440,2.85960680898877,0,1e-05
23441,3.37679717927172,0,1e-05
23442,2.85905955224253,0,1e-05
23443,3.37611840961588,0,1e-05
23444,2.85851277164118,0,1e-05
23445,3.37543995246556,0,1e-05
23446,2.85796646814659,0,1e-05
23447,3.37476180973805,0,1e-05
23448,2.85742064336629,0,1e-05
23449,3.37408398113122,0,1e-05
23450,2.85687529805226,0,1e-05
23451,3.37340646731386,0,1e-05
23452,2.85633043241914,0,1e-05
23453,3.37272926840465,0,1e-05
23454,2.85578604738325,0,1e-05
23455,3.37205238590543,0,1e-05
23456,2.85524214414816,0,1e-05
23457,3.37137582008091,0,1e-05
23458,2.85469872365031,0,1e-05
23459,3.37069957153994,0,1e-05
23460,2.85415578542451,0,1e-05
23461,3.37002363980452,0,1e-05
23462,2.85361333111508,0,1e-05
23463,3.36934802741337,0,1e-05
23464,2.85307136245648,0,1e-05
23465,3.36867273417181,0,1e-05
23466,2.85252987851419,0,1e-05
23467,3.36799776075657,0,1e-05
23468,2.85198888229684,0,1e-05
23469,3.36732310801065,0,1e-05
23470,2.8514483734076,0,1e-05
23471,3.36664877581891,0,1e-05
23472,2.85090835218152,0,1e-05
23473,3.36597476589147,0,1e-05
23474,2.85036882072531,0,1e-05
23475,3.36530107904928,0,1e-05
23476,2.84982977918102,0,1e-05
23477,3.36462771502419,0,1e-05
23478,2.84929122858596,0,1e-05
23479,3.36395467462665,0,1e-05
23480,2.84875316907314,0,1e-05
23481,3.36328195842672,0,1e-05
23482,2.84821560274603,0,1e-05
23483,3.36260956732286,0,1e-05
23484,2.84767852973386,0,1e-05
23485,3.36193750108033,0,1e-05
23486,2.84714194957908,0,1e-05
23487,3.36126576189253,0,1e-05
23488,2.84660586616796,0,1e-05
23489,3.36059434909733,0,1e-05
23490,2.84607027708011,0,1e-05
23491,3.35992326390982,0,1e-05
23492,2.84553518487643,0,1e-05
23493,3.35925250679145,0,1e-05
23494,2.84500059047413,0,1e-05
23495,3.35858207922505,0,1e-05
23496,2.84446649462771,0,1e-05
23497,3.35791197984359,0,1e-05
23498,2.84393289797491,0,1e-05
23499,3.35724221368193,0,1e-05
23500,2.843399802531,0,1e-05
23501,3.35657277526192,0,1e-05
23502,2.84286720676999,0,1e-05
23503,3.35590366979797,0,1e-05
23504,2.84233511320676,0,1e-05
23505,3.35523489634846,0,1e-05
23506,2.84180352259243,0,1e-05
23507,3.35456645603133,0,1e-05
23508,2.84127243594882,0,1e-05
23509,3.35389834956387,0,1e-05
23510,2.84074185340174,0,1e-05
23511,3.35323057713346,0,1e-05
23512,2.84021177696275,0,1e-05
23513,3.35256313964863,0,1e-05
23514,2.83968220532231,0,1e-05
23515,3.35189603652302,0,1e-05
23516,2.83915314096938,0,1e-05
23517,3.3512292703925,0,1e-05
23518,2.83862458512161,0,1e-05
23519,3.35056284185416,0,1e-05
23520,2.83809653847764,0,1e-05
23521,3.34989674941019,0,1e-05
23522,2.83756900050414,0,1e-05
23523,3.34923099512102,0,1e-05
23524,2.83704197338378,0,1e-05
23525,3.34856558016429,0,1e-05
23526,2.83651545751557,0,1e-05
23527,3.34790050459227,0,1e-05
23528,2.83598945373977,0,1e-05
23529,3.34723576882355,0,1e-05
23530,2.83546396336768,0,1e-05
23531,3.34657137362513,0,1e-05
23532,2.83493898627608,0,1e-05
23533,3.34590732143871,0,1e-05
23534,2.83441452635065,0,1e-05
23535,3.34524361103556,0,1e-05
23536,2.83389058068432,0,1e-05
23537,3.34458024419327,0,1e-05
23538,2.83336715292741,0,1e-05
23539,3.34391722062592,0,1e-05
23540,2.83284424187893,0,1e-05
23541,3.34325454169338,0,1e-05
23542,2.8323218500324,0,1e-05
23543,3.34259220774691,0,1e-05
23544,2.83179997715302,0,1e-05
23545,3.34193021822581,0,1e-05
23546,2.83127862426833,0,1e-05
23547,3.34126857606992,0,1e-05
23548,2.83075779261845,0,1e-05
23549,3.34060728014879,0,1e-05
23550,2.83023748256198,0,1e-05
23551,3.33994633169127,0,1e-05
23552,2.8297176957232,0,1e-05
23553,3.33928573213105,0,1e-05
23554,2.82919843281236,0,1e-05
23555,3.33862548140405,0,1e-05
23556,2.8286796940557,0,1e-05
23557,3.33796558153584,0,1e-05
23558,2.82816148216596,0,1e-05
23559,3.33730603139677,0,1e-05
23560,2.82764379588586,0,1e-05
23561,3.33664683206386,0,1e-05
23562,2.82712663720167,0,1e-05
23563,3.33598798401217,0,1e-05
23564,2.82661000615347,0,1e-05
23565,3.33532948855096,0,1e-05
23566,2.82609390422688,0,1e-05
23567,3.33467134729816,0,1e-05
23568,2.82557833396961,0,1e-05
23569,3.33401355972905,0,1e-05
23570,2.82506329344754,0,1e-05
23571,3.33335612723778,0,1e-05
23572,2.82454878578126,0,1e-05
23573,3.3326990494492,0,1e-05
23574,2.82403481069475,0,1e-05
23575,3.33204232820364,0,1e-05
23576,2.82352136912616,0,1e-05
23577,3.33138596361313,0,1e-05
23578,2.82300846238047,0,1e-05
23579,3.33072995712393,0,1e-05
23580,2.82249609174099,0,1e-05
23581,3.33007430852011,0,1e-05
23582,2.82198425735798,0,1e-05
23583,3.32941901864691,0,1e-05
23584,2.82147296010945,0,1e-05
23585,3.32876408843228,0,1e-05
23586,2.82096220131201,0,1e-05
23587,3.32810951816222,0,1e-05
23588,2.82045198190756,0,1e-05
23589,3.32745530971215,0,1e-05
23590,2.81994230292044,0,1e-05
23591,3.32680146213488,0,1e-05
23592,2.81943316426211,0,1e-05
23593,3.32614797690418,0,1e-05
23594,2.81892456788632,0,1e-05
23595,3.32549485470721,0,1e-05
23596,2.8184165141776,0,1e-05
23597,3.32484209673877,0,1e-05
23598,2.8179090046889,0,1e-05
23599,3.32418970395529,0,1e-05
23600,2.81740204030987,0,1e-05
23601,3.32353767529055,0,1e-05
23602,2.81689562115099,0,1e-05
23603,3.32288601338536,0,1e-05
23604,2.81638974903848,0,1e-05
23605,3.32223471886311,0,1e-05
23606,2.8158844244787,0,1e-05
23607,3.32158379148942,0,1e-05
23608,2.81537964826363,0,1e-05
23609,3.32093323249395,0,1e-05
23610,2.81487542225644,0,1e-05
23611,3.32028304092237,0,1e-05
23612,2.81437174541847,0,1e-05
23613,3.31963321972458,0,1e-05
23614,2.81386862069341,0,1e-05
23615,3.31898376932606,0,1e-05
23616,2.81336604760789,0,1e-05
23617,3.31833468948161,0,1e-05
23618,2.81286402827708,0,1e-05
23619,3.31768598230285,0,1e-05
23620,2.81236256294093,0,1e-05
23621,3.3170376475232,0,1e-05
23622,2.81186165303572,0,1e-05
23623,3.31638968651827,0,1e-05
23624,2.81136129953982,0,1e-05
23625,3.31574209887022,0,1e-05
23626,2.81086150238852,0,1e-05
23627,3.31509488780907,0,1e-05
23628,2.81036226435715,0,1e-05
23629,3.31444805047138,0,1e-05
23630,2.8098635844616,0,1e-05
23631,3.31380159025281,0,1e-05
23632,2.80936546429764,0,1e-05
23633,3.31315550613192,0,1e-05
23634,2.80886790488775,0,1e-05
23635,3.31250980092564,0,1e-05
23636,2.808370907762,0,1e-05
23637,3.31186447402602,0,1e-05
23638,2.80787447338562,0,1e-05
23639,3.31121952676992,0,1e-05
23640,2.80737860295132,0,1e-05
23641,3.31057495944002,0,1e-05
23642,2.80688329671418,0,1e-05
23643,3.30993077223105,0,1e-05
23644,2.80638855599926,0,1e-05
23645,3.30928696714916,0,1e-05
23646,2.80589438225,0,1e-05
23647,3.30864354485302,0,1e-05
23648,2.80540077701821,0,1e-05
23649,3.30800050558916,0,1e-05
23650,2.80490773953922,0,1e-05
23651,3.30735784994176,0,1e-05
23652,2.80441527161044,0,1e-05
23653,3.30671557801759,0,1e-05
23654,2.80392337345422,0,1e-05
23655,3.30607369189849,0,1e-05
23656,2.80343204742838,0,1e-05
23657,3.30543219199698,0,1e-05
23658,2.8029412936526,0,1e-05
23659,3.3047910781419,0,1e-05
23660,2.8024511130225,0,1e-05
23661,3.30415035305811,0,1e-05
23662,2.80196150748804,0,1e-05
23663,3.30351001581282,0,1e-05
23664,2.80147247630627,0,1e-05
23665,3.30287006763935,0,1e-05
23666,2.80098402217924,0,1e-05
23667,3.30223050990681,0,1e-05
23668,2.80049614526175,0,1e-05
23669,3.30159134197631,0,1e-05
23670,2.80000884628574,0,1e-05
23671,3.30095256625983,0,1e-05
23672,2.79952212720983,0,1e-05
23673,3.30031418227516,0,1e-05
23674,2.7990359881119,0,1e-05
23675,3.29967619121112,0,1e-05
23676,2.79855042989822,0,1e-05
23677,3.29903859543,0,1e-05
23678,2.79806545507675,0,1e-05
23679,3.2984013924313,0,1e-05
23680,2.79758106257245,0,1e-05
23681,3.29776458489353,0,1e-05
23682,2.7970972538288,0,1e-05
23683,3.29712817362209,0,1e-05
23684,2.79661403087818,0,1e-05
23685,3.2964921597356,0,1e-05
23686,2.79613139460771,0,1e-05
23687,3.29585654330092,0,1e-05
23688,2.79564934500389,0,1e-05
23689,3.29522132487006,0,1e-05
23690,2.79516788342673,0,1e-05
23691,3.29458650530606,0,1e-05
23692,2.79468701084131,0,1e-05
23693,3.29395208659096,0,1e-05
23694,2.79420672926668,0,1e-05
23695,3.2933180673644,0,1e-05
23696,2.79372703777805,0,1e-05
23697,3.29268445003836,0,1e-05
23698,2.79324793836622,0,1e-05
23699,3.29205123398582,0,1e-05
23700,2.79276943192505,0,1e-05
23701,3.29141842187128,0,1e-05
23702,2.79229152004467,0,1e-05
23703,3.29078601358225,0,1e-05
23704,2.79181420328399,0,1e-05
23705,3.29015400885131,0,1e-05
23706,2.79133748142509,0,1e-05
23707,3.28952241016747,0,1e-05
23708,2.79086135823031,0,1e-05
23709,3.28889121883856,0,1e-05
23710,2.79038583389156,0,1e-05
23711,3.28826043421284,0,1e-05
23712,2.78991090758779,0,1e-05
23713,3.287630055832,0,1e-05
23714,2.78943658124135,0,1e-05
23715,3.28700008721382,0,1e-05
23716,2.78896285642092,0,1e-05
23717,3.28637052685744,0,1e-05
23718,2.78848973350374,0,1e-05
23719,3.28574137724843,0,1e-05
23720,2.78801721431906,0,1e-05
23721,3.2851126402212,0,1e-05
23722,2.78754530007484,0,1e-05
23723,3.28448431472327,0,1e-05
23724,2.7870739913471,0,1e-05
23725,3.28385640039042,0,1e-05
23726,2.78660328798786,0,1e-05
23727,3.28322889959451,0,1e-05
23728,2.78613319179156,0,1e-05
23729,3.28260181339816,0,1e-05
23730,2.78566370417074,0,1e-05
23731,3.2819751432627,0,1e-05
23732,2.78519482675351,0,1e-05
23733,3.28134888754476,0,1e-05
23734,2.78472655921052,0,1e-05
23735,3.28072304915651,0,1e-05
23736,2.784258903103,0,1e-05
23737,3.28009762803795,0,1e-05
23738,2.78379186008408,0,1e-05
23739,3.27947262626493,0,1e-05
23740,2.78332543110809,0,1e-05
23741,3.27884804390528,0,1e-05
23742,2.78285961619461,0,1e-05
23743,3.27822388025264,0,1e-05
23744,2.78239441674792,0,1e-05
23745,3.27760013796272,0,1e-05
23746,2.78192983398746,0,1e-05
23747,3.27697681710061,0,1e-05
23748,2.78146586937728,0,1e-05
23749,3.2763539194634,0,1e-05
23750,2.78100252396241,0,1e-05
23751,3.27573144385629,0,1e-05
23752,2.78053979727016,0,1e-05
23753,3.27510939272621,0,1e-05
23754,2.78007769209397,0,1e-05
23755,3.274487766594,0,1e-05
23756,2.77961620854318,0,1e-05
23757,3.27386656623745,0,1e-05
23758,2.77915534868685,0,1e-05
23759,3.2732457920439,0,1e-05
23760,2.77869511204635,0,1e-05
23761,3.27262544616507,0,1e-05
23762,2.77823550105997,0,1e-05
23763,3.27200552691307,0,1e-05
23764,2.77777651545752,0,1e-05
23765,3.27138603878685,0,1e-05
23766,2.77731815808977,0,1e-05
23767,3.27076698031684,0,1e-05
23768,2.77686042930215,0,1e-05
23769,3.27014835220812,0,1e-05
23770,2.7764033294984,0,1e-05
23771,3.26953015494443,0,1e-05
23772,2.77594685951945,0,1e-05
23773,3.26891239126971,0,1e-05
23774,2.77549102159255,0,1e-05
23775,3.26829506151081,0,1e-05
23776,2.77503581707957,0,1e-05
23777,3.26767816491707,0,1e-05
23778,2.77458124496726,0,1e-05
23779,3.26706170294917,0,1e-05
23780,2.77412730741183,0,1e-05
23781,3.26644567723258,0,1e-05
23782,2.7736740059395,0,1e-05
23783,3.26583008780472,0,1e-05
23784,2.77322134109933,0,1e-05
23785,3.26521493576619,0,1e-05
23786,2.77276931431084,0,1e-05
23787,3.2646002217753,0,1e-05
23788,2.77231792579147,0,1e-05
23789,3.26398594803853,0,1e-05
23790,2.77186717804398,0,1e-05
23791,3.26337211315535,0,1e-05
23792,2.77141707109043,0,1e-05
23793,3.26275872000285,0,1e-05
23794,2.77096760672517,0,1e-05
23795,3.26214576875652,0,1e-05
23796,2.77051878543112,0,1e-05
23797,3.26153326164332,0,1e-05
23798,2.77007060976741,0,1e-05
23799,3.26092119636603,0,1e-05
23800,2.76962307819218,0,1e-05
23801,3.26030957566038,0,1e-05
23802,2.76917619351576,0,1e-05
23803,3.25969840043239,0,1e-05
23804,2.7687299569159,0,1e-05
23805,3.2590876712447,0,1e-05
23806,2.76828436874999,0,1e-05
23807,3.25847738869322,0,1e-05
23808,2.76783943045362,0,1e-05
23809,3.25786755538109,0,1e-05
23810,2.76739514342854,0,1e-05
23811,3.25725816966105,0,1e-05
23812,2.7669515075883,0,1e-05
23813,3.25664923382278,0,1e-05
23814,2.76650852552796,0,1e-05
23815,3.2560407492219,0,1e-05
23816,2.76606619811335,0,1e-05
23817,3.25543271485692,0,1e-05
23818,2.7656245254002,0,1e-05
23819,3.25482513395689,0,1e-05
23820,2.76518350970996,0,1e-05
23821,3.25421800583649,0,1e-05
23822,2.76474315140638,0,1e-05
23823,3.25361133140624,0,1e-05
23824,2.76430345143795,0,1e-05
23825,3.25300511137708,0,1e-05
23826,2.76386441127438,0,1e-05
23827,3.25239934915052,0,1e-05
23828,2.7634260329416,0,1e-05
23829,3.25179404210708,0,1e-05
23830,2.76298831578781,0,1e-05
23831,3.2511891932045,0,1e-05
23832,2.76255126238729,0,1e-05
23833,3.25058480303788,0,1e-05
23834,2.7621148733691,0,1e-05
23835,3.24998087170089,0,1e-05
23836,2.76167914906712,0,1e-05
23837,3.24937740252944,0,1e-05
23838,2.76124409266193,0,1e-05
23839,3.24877439353281,0,1e-05
23840,2.76080970340358,0,1e-05
23841,3.24817184626494,0,1e-05
23842,2.76037598251516,0,1e-05
23843,3.24756976265794,0,1e-05
23844,2.75994293186544,0,1e-05
23845,3.24696814163567,0,1e-05
23846,2.75951055110362,0,1e-05
23847,3.24636698488239,0,1e-05
23848,2.75907884303678,0,1e-05
23849,3.24576629491737,0,1e-05
23850,2.7586478082803,0,1e-05
23851,3.24516607152217,0,1e-05
23852,2.75821744756772,0,1e-05
23853,3.24456631547947,0,1e-05
23854,2.75778776317074,0,1e-05
23855,3.24396702806358,0,1e-05
23856,2.75735875515447,0,1e-05
23857,3.24336820974401,0,1e-05
23858,2.75693042492382,0,1e-05
23859,3.24276986150831,0,1e-05
23860,2.75650277344864,0,1e-05
23861,3.24217198501454,0,1e-05
23862,2.75607580239976,0,1e-05
23863,3.24157457907432,0,1e-05
23864,2.75564951193337,0,1e-05
23865,3.24097764714517,0,1e-05
23866,2.75522390399545,0,1e-05
23867,3.24038118884805,0,1e-05
23868,2.75479897968705,0,1e-05
23869,3.23978520518967,0,1e-05
23870,2.75437474026336,0,1e-05
23871,3.23918969784678,0,1e-05
23872,2.75395118648106,0,1e-05
23873,3.2385946666932,0,1e-05
23874,2.75352831989957,0,1e-05
23875,3.23800011418838,0,1e-05
23876,2.75310614239408,0,1e-05
23877,3.2374060403266,0,1e-05
23878,2.75268465358081,0,1e-05
23879,3.2368124455102,0,1e-05
23880,2.75226385520309,0,1e-05
23881,3.23621933091403,0,1e-05
23882,2.75184374860651,0,1e-05
23883,3.23562669705129,0,1e-05
23884,2.7514243342836,0,1e-05
23885,3.23503454563608,0,1e-05
23886,2.75100561382125,0,1e-05
23887,3.23444287823248,0,1e-05
23888,2.75058758954967,0,1e-05
23889,3.23385169504393,0,1e-05
23890,2.75017026119395,0,1e-05
23891,3.23326099662703,0,1e-05
23892,2.74975363027151,0,1e-05
23893,3.23267078398449,0,1e-05
23894,2.74933769742359,0,1e-05
23895,3.23208105811294,0,1e-05
23896,2.74892246507749,0,1e-05
23897,3.2314918215683,0,1e-05
23898,2.74850793437308,0,1e-05
23899,3.23090307291986,0,1e-05
23900,2.74809410498028,0,1e-05
23901,3.23031481455786,0,1e-05
23902,2.74768097976207,0,1e-05
23903,3.22972704719754,0,1e-05
23904,2.74726855874463,0,1e-05
23905,3.22913977090454,0,1e-05
23906,2.74685684295557,0,1e-05
23907,3.22855298806419,0,1e-05
23908,2.74644583494487,0,1e-05
23909,3.22796669881273,0,1e-05
23910,2.74603553443549,0,1e-05
23911,3.22738090349074,0,1e-05
23912,2.74562594356868,0,1e-05
23913,3.22679560425027,0,1e-05
23914,2.74521706316257,0,1e-05
23915,3.22621080247238,0,1e-05
23916,2.74480889539441,0,1e-05
23917,3.22562649746715,0,1e-05
23918,2.74440143984026,0,1e-05
23919,3.22504269165619,0,1e-05
23920,2.74399469861821,0,1e-05
23921,3.22445938520889,0,1e-05
23922,2.7435886728347,0,1e-05
23923,3.22387657949131,0,1e-05
23924,2.74318336402771,0,1e-05
23925,3.22329427539796,0,1e-05
23926,2.74277877285691,0,1e-05
23927,3.22271247283709,0,1e-05
23928,2.74237490002099,0,1e-05
23929,3.22213117431592,0,1e-05
23930,2.74197174738722,0,1e-05
23931,3.22155037987793,0,1e-05
23932,2.74156931635197,0,1e-05
23933,3.22097009049857,0,1e-05
23934,2.74116760804413,0,1e-05
23935,3.22039030820609,0,1e-05
23936,2.74076662321253,0,1e-05
23937,3.21981103260329,0,1e-05
23938,2.74036636359638,0,1e-05
23939,3.21923226605804,0,1e-05
23940,2.7399668307569,0,1e-05
23941,3.21865400846691,0,1e-05
23942,2.73956802483797,0,1e-05
23943,3.21807626232271,0,1e-05
23944,2.73916994867527,0,1e-05
23945,3.21749902622508,0,1e-05
23946,2.73877260111484,0,1e-05
23947,3.21692230167349,0,1e-05
23948,2.73837598429698,0,1e-05
23949,3.21634609043432,0,1e-05
23950,2.73798010054996,0,1e-05
23951,3.21577039459708,0,1e-05
23952,2.73758495028327,0,1e-05
23953,3.21519521317984,0,1e-05
23954,2.73719053493288,0,1e-05
23955,3.21462054814284,0,1e-05
23956,2.73679685481467,0,1e-05
23957,3.21404640023861,0,1e-05
23958,2.73640391265702,0,1e-05
23959,3.2134727712817,0,1e-05
23960,2.73601170905772,0,1e-05
23961,3.21289966099724,0,1e-05
23962,2.73562024543015,0,1e-05
23963,3.21232707160314,0,1e-05
23964,2.73522952255627,0,1e-05
23965,3.21175500376899,0,1e-05
23966,2.73483954261633,0,1e-05
23967,3.21118345824125,0,1e-05
23968,2.73445030572327,0,1e-05
23969,3.21061243550673,0,1e-05
23970,2.73406181347768,0,1e-05
23971,3.21004193698047,0,1e-05
23972,2.73367406691283,0,1e-05
23973,3.2094719633344,0,1e-05
23974,2.73328706735615,0,1e-05
23975,3.20890251671497,0,1e-05
23976,2.7329008169257,0,1e-05
23977,3.20833359815,0,1e-05
23978,2.732515316702,0,1e-05
23979,3.20776520813631,0,1e-05
23980,2.73213056738593,0,1e-05
23981,3.20719734701596,0,1e-05
23982,2.73174656993252,0,1e-05
23983,3.2066300163709,0,1e-05
23984,2.73136332610208,0,1e-05
23985,3.20606321784813,0,1e-05
23986,2.73098083772703,0,1e-05
23987,3.20549695205271,0,1e-05
23988,2.73059910485896,0,1e-05
23989,3.2049312187985,0,1e-05
23990,2.73021812940561,0,1e-05
23991,3.20436602141765,0,1e-05
23992,2.72983791295965,0,1e-05
23993,3.20380135960521,0,1e-05
23994,2.72945845656682,0,1e-05
23995,3.20323723484657,0,1e-05
23996,2.72907976148095,0,1e-05
23997,3.20267364724274,0,1e-05
23998,2.72870182826389,0,1e-05
23999,3.20211059894376,0,1e-05
24000,2.72832465915642,0,1e-05
24001,3.20154809072454,0,1e-05
24002,2.72794825536022,0,1e-05
24003,3.20098612269383,0,1e-05
24004,2.72757261736602,0,1e-05
24005,3.20042469685754,0,1e-05
24006,2.72719774682214,0,1e-05
24007,3.19986381429994,0,1e-05
24008,2.72682364577362,0,1e-05
24009,3.19930347625837,0,1e-05
24010,2.72645031505331,0,1e-05
24011,3.198743683475,0,1e-05
24012,2.72607775601946,0,1e-05
24013,3.19818443700674,0,1e-05
24014,2.72570596931907,0,1e-05
24015,3.1976257370822,0,1e-05
24016,2.72533495632378,0,1e-05
24017,3.19706758558211,0,1e-05
24018,2.72496471874205,0,1e-05
24019,3.1965099834166,0,1e-05
24020,2.72459525800904,0,1e-05
24021,3.19595293259928,0,1e-05
24022,2.72422657582017,0,1e-05
24023,3.19539643366499,0,1e-05
24024,2.72385867298315,0,1e-05
24025,3.19484048677821,0,1e-05
24026,2.72349155064633,0,1e-05
24027,3.19428509340732,0,1e-05
24028,2.72312520964825,0,1e-05
24029,3.19373025456088,0,1e-05
24030,2.7227596514524,0,1e-05
24031,3.19317597136959,0,1e-05
24032,2.7223948784911,0,1e-05
24033,3.19262224601303,0,1e-05
24034,2.72203089116139,0,1e-05
24035,3.19206907756508,0,1e-05
24036,2.72166769056879,0,1e-05
24037,3.19151646893138,0,1e-05
24038,2.72130527912613,0,1e-05
24039,3.19096442109698,0,1e-05
24040,2.72094365749306,0,1e-05
24041,3.19041293424067,0,1e-05
24042,2.72058282708234,0,1e-05
24043,3.18986200956481,0,1e-05
24044,2.72022278871863,0,1e-05
24045,3.1893116482379,0,1e-05
24046,2.71986354422348,0,1e-05
24047,3.18876185143232,0,1e-05
24048,2.71950509455092,0,1e-05
24049,3.18821262065404,0,1e-05
24050,2.71914744223438,0,1e-05
24051,3.18766395723963,0,1e-05
24052,2.71879058723048,0,1e-05
24053,3.18711586118027,0,1e-05
24054,2.71843453152259,0,1e-05
24055,3.18656833348733,0,1e-05
24056,2.71807927607081,0,1e-05
24057,3.18602137740952,0,1e-05
24058,2.7177248228696,0,1e-05
24059,3.18547499163234,0,1e-05
24060,2.71737117228899,0,1e-05
24061,3.18492917792632,0,1e-05
24062,2.71701832635582,0,1e-05
24063,3.18438393859804,0,1e-05
24064,2.71666628660296,0,1e-05
24065,3.18383927281012,0,1e-05
24066,2.71631505338349,0,1e-05
24067,3.18329518343632,0,1e-05
24068,2.71596462942925,0,1e-05
24069,3.18275167030545,0,1e-05
24070,2.71561501467734,0,1e-05
24071,3.18220873586555,0,1e-05
24072,2.71526621206426,0,1e-05
24073,3.18166638032647,0,1e-05
24074,2.71491822214247,0,1e-05
24075,3.18112460450502,0,1e-05
24076,2.71457104562918,0,1e-05
24077,3.1805834116324,0,1e-05
24078,2.71422468552901,0,1e-05
24079,3.18004280031497,0,1e-05
24080,2.7138791418564,0,1e-05
24081,3.17950277228315,0,1e-05
24082,2.71353441583052,0,1e-05
24083,3.17896332953204,0,1e-05
24084,2.71319050983005,0,1e-05
24085,3.17842447251019,0,1e-05
24086,2.71284742425676,0,1e-05
24087,3.17788620170999,0,1e-05
24088,2.71250516081041,0,1e-05
24089,3.17734852013564,0,1e-05
24090,2.71216372169976,0,1e-05
24091,3.17681142725516,0,1e-05
24092,2.71182310690887,0,1e-05
24093,3.17627492464047,0,1e-05
24094,2.71148331813031,0,1e-05
24095,3.17573901405787,0,1e-05
24096,2.71114435777691,0,1e-05
24097,3.17520369631701,0,1e-05
24098,2.71080622682851,0,1e-05
24099,3.17466897296404,0,1e-05
24100,2.71046892647266,0,1e-05
24101,3.17413484488819,0,1e-05
24102,2.71013245819442,0,1e-05
24103,3.17360131307732,0,1e-05
24104,2.70979682338604,0,1e-05
24105,3.17306837823581,0,1e-05
24106,2.70946202278036,0,1e-05
24107,3.17253604176725,0,1e-05
24108,2.70912805824773,0,1e-05
24109,3.17200430488257,0,1e-05
24110,2.70879493156118,0,1e-05
24111,3.17147316918541,0,1e-05
24112,2.70846264384156,0,1e-05
24113,3.17094263581102,0,1e-05
24114,2.70813119642111,0,1e-05
24115,3.17041270592877,0,1e-05
24116,2.70780059098176,0,1e-05
24117,3.169883379991,0,1e-05
24118,2.70747082832479,0,1e-05
24119,3.16935466026577,0,1e-05
24120,2.70714191081283,0,1e-05
24121,3.16882654664503,0,1e-05
24122,2.7068138388694,0,1e-05
24123,3.16829904211634,0,1e-05
24124,2.70648661504419,0,1e-05
24125,3.16777214589747,0,1e-05
24126,2.70616023937355,0,1e-05
24127,3.16724585990533,0,1e-05
24128,2.7058347141578,0,1e-05
24129,3.16672018595269,0,1e-05
24130,2.70551004055809,0,1e-05
24131,3.16619512387389,0,1e-05
24132,2.70518621990021,0,1e-05
24133,3.16567067650841,0,1e-05
24134,2.7048632542167,0,1e-05
24135,3.16514684435238,0,1e-05
24136,2.70454114439781,0,1e-05
24137,3.16462362825638,0,1e-05
24138,2.7042198920644,0,1e-05
24139,3.16410102976625,0,1e-05
24140,2.70389949855689,0,1e-05
24141,3.16357905033839,0,1e-05
24142,2.70357996567283,0,1e-05
24143,3.16305769036736,0,1e-05
24144,2.70326129379462,0,1e-05
24145,3.16253695144121,0,1e-05
24146,2.70294348524534,0,1e-05
24147,3.16201683494293,0,1e-05
24148,2.70262654164042,0,1e-05
24149,3.16149734269452,0,1e-05
24150,2.70231046440324,0,1e-05
24151,3.16097847496725,0,1e-05
24152,2.70199525421818,0,1e-05
24153,3.16046023355837,0,1e-05
24154,2.70168091363492,0,1e-05
24155,3.15994261860762,0,1e-05
24156,2.7013674426258,0,1e-05
24157,3.15942563211245,0,1e-05
24158,2.70105484397778,0,1e-05
24159,3.15890927553604,0,1e-05
24160,2.70074311850146,0,1e-05
24161,3.15839355010616,0,1e-05
24162,2.70043226810461,0,1e-05
24163,3.15787845653156,0,1e-05
24164,2.70012229376075,0,1e-05
24165,3.15736399565821,0,1e-05
24166,2.69981319680269,0,1e-05
24167,3.15685017012999,0,1e-05
24168,2.69950497954735,0,1e-05
24169,3.15633698036625,0,1e-05
24170,2.69919764275003,0,1e-05
24171,3.15582442770087,0,1e-05
24172,2.69889118807335,0,1e-05
24173,3.1553125138504,0,1e-05
24174,2.69858561782657,0,1e-05
24175,3.15480123962519,0,1e-05
24176,2.69828093250426,0,1e-05
24177,3.15429060610097,0,1e-05
24178,2.69797713344064,0,1e-05
24179,3.15378061390274,0,1e-05
24180,2.69767422261239,0,1e-05
24181,3.15327126647204,0,1e-05
24182,2.69737220186578,0,1e-05
24183,3.15276256245746,0,1e-05
24184,2.6970710714886,0,1e-05
24185,3.15225450520123,0,1e-05
24186,2.69677083415801,0,1e-05
24187,3.15174709462091,0,1e-05
24188,2.6964714909199,0,1e-05
24189,3.15124033349417,0,1e-05
24190,2.69617304383447,0,1e-05
24191,3.15073422277823,0,1e-05
24192,2.69587549428021,0,1e-05
24193,3.15022876272912,0,1e-05
24194,2.69557884290352,0,1e-05
24195,3.14972395388415,0,1e-05
24196,2.69528309126337,0,1e-05
24197,3.14921979886235,0,1e-05
24198,2.69498824146406,0,1e-05
24199,3.1487162988145,0,1e-05
24200,2.69469429454944,0,1e-05
24201,3.1482134539546,0,1e-05
24202,2.69440125195978,0,1e-05
24203,3.14771126721082,0,1e-05
24204,2.69410911608263,0,1e-05
24205,3.14720973877898,0,1e-05
24206,2.69381788770837,0,1e-05
24207,3.14670887082903,0,1e-05
24208,2.6935275686918,0,1e-05
24209,3.14620866383567,0,1e-05
24210,2.69323816035241,0,1e-05
24211,3.14570911890156,0,1e-05
24212,2.69294966410366,0,1e-05
24213,3.14521023796902,0,1e-05
24214,2.69266208160236,0,1e-05
24215,3.14471202187563,0,1e-05
24216,2.69237541426252,0,1e-05
24217,3.14421447279673,0,1e-05
24218,2.69208966422852,0,1e-05
24219,3.14371759086174,0,1e-05
24220,2.69180483190671,0,1e-05
24221,3.14322137804278,0,1e-05
24222,2.69152091993964,0,1e-05
24223,3.14272583607012,0,1e-05
24224,2.69123792959591,0,1e-05
24225,3.14223096532519,0,1e-05
24226,2.69095586225582,0,1e-05
24227,3.14173676747256,0,1e-05
24228,2.69067471909716,0,1e-05
24229,3.14124324463907,0,1e-05
24230,2.69039450251935,0,1e-05
24231,3.14075039712026,0,1e-05
24232,2.69011521358624,0,1e-05
24233,3.14025822660914,0,1e-05
24234,2.68983685389893,0,1e-05
24235,3.13976673441805,0,1e-05
24236,2.6895594249524,0,1e-05
24237,3.13927592197106,0,1e-05
24238,2.68928292841077,0,1e-05
24239,3.13878579056568,0,1e-05
24240,2.68900736606438,0,1e-05
24241,3.13829634153516,0,1e-05
24242,2.68873273911637,0,1e-05
24243,3.13780757553388,0,1e-05
24244,2.68845904895854,0,1e-05
24245,3.1373194938304,0,1e-05
24246,2.68818629680757,0,1e-05
24247,3.13683209899111,0,1e-05
24248,2.68791448524532,0,1e-05
24249,3.13634539167826,0,1e-05
24250,2.68764361548737,0,1e-05
24251,3.13585937393064,0,1e-05
24252,2.6873736895265,0,1e-05
24253,3.13537404592556,0,1e-05
24254,2.68710470798089,0,1e-05
24255,3.13488941003401,0,1e-05
24256,2.68683667328592,0,1e-05
24257,3.13440546748887,0,1e-05
24258,2.68656958660817,0,1e-05
24259,3.1339222184641,0,1e-05
24260,2.68630344918488,0,1e-05
24261,3.13343966588993,0,1e-05
24262,2.68603826369953,0,1e-05
24263,3.13295781031243,0,1e-05
24264,2.68577403089376,0,1e-05
24265,3.13247665294849,0,1e-05
24266,2.68551075232344,0,1e-05
24267,3.13199619574048,0,1e-05
24268,2.68524843003794,0,1e-05
24269,3.13151643956754,0,1e-05
24270,2.68498706526419,0,1e-05
24271,3.13103738602984,0,1e-05
24272,2.68472665970607,0,1e-05
24273,3.13055903554816,0,1e-05
24274,2.68446721446726,0,1e-05
24275,3.13008139090696,0,1e-05
24276,2.68420873215063,0,1e-05
24277,3.12960445389621,0,1e-05
24278,2.68395121435286,0,1e-05
24279,3.1291282242933,0,1e-05
24280,2.68369466195095,0,1e-05
24281,3.12865270401968,0,1e-05
24282,2.68343907651471,0,1e-05
24283,3.12817789496366,0,1e-05
24284,2.68318446030098,0,1e-05
24285,3.12770379867259,0,1e-05
24286,2.6829308150728,0,1e-05
24287,3.12723041623211,0,1e-05
24288,2.68267814213198,0,1e-05
24289,3.12675774784003,0,1e-05
24290,2.6824264423694,0,1e-05
24291,3.12628579549075,0,1e-05
24292,2.68217571761591,0,1e-05
24293,3.12581456192674,0,1e-05
24294,2.68192597052028,0,1e-05
24295,3.12534404729617,0,1e-05
24296,2.68167720214469,0,1e-05
24297,3.12487425324703,0,1e-05
24298,2.68142941396499,0,1e-05
24299,3.12440518203859,0,1e-05
24300,2.68118260794994,0,1e-05
24301,3.12393683454066,0,1e-05
24302,2.68093678612058,0,1e-05
24303,3.12346921169858,0,1e-05
24304,2.68069194916509,0,1e-05
24305,3.12300231497942,0,1e-05
24306,2.68044809895727,0,1e-05
24307,3.12253614561543,0,1e-05
24308,2.68020523709608,0,1e-05
24309,3.12207070595912,0,1e-05
24310,2.6799633655779,0,1e-05
24311,3.1216059964784,0,1e-05
24312,2.67972248580359,0,1e-05
24313,3.121142019701,0,1e-05
24314,2.67948260005204,0,1e-05
24315,3.12067877577453,0,1e-05
24316,2.67924370896135,0,1e-05
24317,3.12021626737159,0,1e-05
24318,2.67900581525134,0,1e-05
24319,3.11975449583289,0,1e-05
24320,2.67876892040009,0,1e-05
24321,3.11929346165105,0,1e-05
24322,2.67853302540758,0,1e-05
24323,3.11883316697997,0,1e-05
24324,2.67829813230248,0,1e-05
24325,3.11837361251252,0,1e-05
24326,2.67806424272983,0,1e-05
24327,3.11791480040677,0,1e-05
24328,2.67783135837249,0,1e-05
24329,3.11745673182813,0,1e-05
24330,2.67759948103965,0,1e-05
24331,3.11699940886243,0,1e-05
24332,2.67736861242076,0,1e-05
24333,3.11654283252736,0,1e-05
24334,2.67713875421203,0,1e-05
24335,3.1160870047498,0,1e-05
24336,2.67690990835568,0,1e-05
24337,3.11563192592302,0,1e-05
24338,2.67668207586772,0,1e-05
24339,3.1151775982633,0,1e-05
24340,2.67645525882186,0,1e-05
24341,3.1147240230584,0,1e-05
24342,2.67622945896544,0,1e-05
24343,3.114271202099,0,1e-05
24344,2.67600467798893,0,1e-05
24345,3.11381913675792,0,1e-05
24346,2.67578091768903,0,1e-05
24347,3.11336782770828,0,1e-05
24348,2.67555817921255,0,1e-05
24349,3.11291727722051,0,1e-05
24350,2.67533646469878,0,1e-05
24351,3.11246748647541,0,1e-05
24352,2.67511577598693,0,1e-05
24353,3.1120184579287,0,1e-05
24354,2.67489611487256,0,1e-05
24355,3.11157019159852,0,1e-05
24356,2.67467748249919,0,1e-05
24357,3.11112268966098,0,1e-05
24358,2.67445988111098,0,1e-05
24359,3.11067595371442,0,1e-05
24360,2.67424331223171,0,1e-05
24361,3.1102299853835,0,1e-05
24362,2.67402777776092,0,1e-05
24363,3.10978478642512,0,1e-05
24364,2.67381327948445,0,1e-05
24365,3.1093403579586,0,1e-05
24366,2.67359981907229,0,1e-05
24367,3.10889670218016,0,1e-05
24368,2.67338739862203,0,1e-05
24369,3.10845381936382,0,1e-05
24370,2.67317601903577,0,1e-05
24371,3.10801171232231,0,1e-05
24372,2.67296568304865,0,1e-05
24373,3.1075703807601,0,1e-05
24374,2.6727563909845,0,1e-05
24375,3.10712982715026,0,1e-05
24376,2.67254814545814,0,1e-05
24377,3.10669005412126,0,1e-05
24378,2.67234094865088,0,1e-05
24379,3.10625106180941,0,1e-05
24380,2.67213480160998,0,1e-05
24381,3.10581285245769,0,1e-05
24382,2.67192970636873,0,1e-05
24383,3.10537542734806,0,1e-05
24384,2.67172566489886,0,1e-05
24385,3.10493878767172,0,1e-05
24386,2.67152267845018,0,1e-05
24387,3.10450293602606,0,1e-05
24388,2.67132074936773,0,1e-05
24389,3.10406787293552,0,1e-05
24390,2.67111987912899,0,1e-05
24391,3.10363360066237,0,1e-05
24392,2.67092006949768,0,1e-05
24393,3.10320012014442,0,1e-05
24394,2.67072132212652,0,1e-05
24395,3.1027674333051,0,1e-05
24396,2.67052363913906,0,1e-05
24397,3.10233554236709,0,1e-05
24398,2.67032702257531,0,1e-05
24399,3.10190444801132,0,1e-05
24400,2.670131473517,0,1e-05
24401,3.10147415189379,0,1e-05
24402,2.66993699387627,0,1e-05
24403,3.10104465533897,0,1e-05
24404,2.6697435854518,0,1e-05
24405,3.10061595945559,0,1e-05
24406,2.6695512498811,0,1e-05
24407,3.10018806730264,0,1e-05
24408,2.66935998970271,0,1e-05
24409,3.09976097991148,0,1e-05
24410,2.66916980611409,0,1e-05
24411,3.09933469889107,0,1e-05
24412,2.668980701327,0,1e-05
24413,3.09890922568877,0,1e-05
24414,2.66879267679332,0,1e-05
24415,3.09848456132012,0,1e-05
24416,2.66860573404179,0,1e-05
24417,3.09806070897165,0,1e-05
24418,2.66841987594553,0,1e-05
24419,3.0976376689885,0,1e-05
24420,2.66823510345432,0,1e-05
24421,3.09721544304378,0,1e-05
24422,2.66805141847468,0,1e-05
24423,3.09679403306629,0,1e-05
24424,2.66786882296613,0,1e-05
24425,3.09637344035857,0,1e-05
24426,2.66768731875655,0,1e-05
24427,3.09595366692642,0,1e-05
24428,2.66750690763927,0,1e-05
24429,3.09553471427463,0,1e-05
24430,2.66732759147527,0,1e-05
24431,3.09511658347856,0,1e-05
24432,2.66714937190417,0,1e-05
24433,3.09469927704816,0,1e-05
24434,2.66697225105842,0,1e-05
24435,3.09428279565472,0,1e-05
24436,2.66679623037389,0,1e-05
24437,3.09386714100123,0,1e-05
24438,2.66662131191007,0,1e-05
24439,3.09345231603483,0,1e-05
24440,2.66644749800727,0,1e-05
24441,3.09303832142538,0,1e-05
24442,2.66627479002144,0,1e-05
24443,3.09262515920692,0,1e-05
24444,2.66610318994726,0,1e-05
24445,3.0922128299622,0,1e-05
24446,2.66593269932498,0,1e-05
24447,3.09180133667491,0,1e-05
24448,2.66576332056736,0,1e-05
24449,3.09139068037517,0,1e-05
24450,2.6655950550212,0,1e-05
24451,3.09098086295469,0,1e-05
24452,2.66542790497797,0,1e-05
24453,3.09057188486452,0,1e-05
24454,2.66526187133671,0,1e-05
24455,3.09016374966921,0,1e-05
24456,2.66509695732046,0,1e-05
24457,3.08975645811701,0,1e-05
24458,2.66493316428938,0,1e-05
24459,3.08935001198388,0,1e-05
24460,2.66477049391377,0,1e-05
24461,3.08894441291769,0,1e-05
24462,2.66460894818522,0,1e-05
24463,3.08853966304696,0,1e-05
24464,2.66444852927536,0,1e-05
24465,3.0881357633077,0,1e-05
24466,2.66428923891795,0,1e-05
24467,3.08773271530599,0,1e-05
24468,2.66413107851494,0,1e-05
24469,3.08733052122587,0,1e-05
24470,2.66397405035615,0,1e-05
24471,3.08692918331356,0,1e-05
24472,2.66381815685169,0,1e-05
24473,3.08652870174663,0,1e-05
24474,2.66366339890002,0,1e-05
24475,3.08612907903119,0,1e-05
24476,2.66350977887332,0,1e-05
24477,3.0857303175388,0,1e-05
24478,2.66335729904663,0,1e-05
24479,3.08533241819527,0,1e-05
24480,2.66320596100785,0,1e-05
24481,3.08493538289429,0,1e-05
24482,2.66305576649297,0,1e-05
24483,3.08453921285498,0,1e-05
24484,2.66290671744618,0,1e-05
24485,3.08414390995175,0,1e-05
24486,2.66275881573238,0,1e-05
24487,3.08374947654219,0,1e-05
24488,2.66261206375198,0,1e-05
24489,3.0833559143244,0,1e-05
24490,2.662466463295,0,1e-05
24491,3.08296322427919,0,1e-05
24492,2.6623220158722,0,1e-05
24493,3.08257140876516,0,1e-05
24494,2.66217872375737,0,1e-05
24495,3.08218046905996,0,1e-05
24496,2.66203658869434,0,1e-05
24497,3.08179040739218,0,1e-05
24498,2.66189561290156,0,1e-05
24499,3.0814012258162,0,1e-05
24500,2.66175579850533,0,1e-05
24501,3.08101292513795,0,1e-05
24502,2.66161714686314,0,1e-05
24503,3.08062550748232,0,1e-05
24504,2.6614796601155,0,1e-05
24505,3.08023897419256,0,1e-05
24506,2.66134334002909,0,1e-05
24507,3.07985332822813,0,1e-05
24508,2.66120818920651,0,1e-05
24509,3.07946857033238,0,1e-05
24510,2.66107420919956,0,1e-05
24511,3.07908470259632,0,1e-05
24512,2.66094140205484,0,1e-05
24513,3.0787017270341,0,1e-05
24514,2.66080976982221,0,1e-05
24515,3.07831964406871,0,1e-05
24516,2.66067931370503,0,1e-05
24517,3.07793845682471,0,1e-05
24518,2.66055003656851,0,1e-05
24519,3.07755816660391,0,1e-05
24520,2.66042193993408,0,1e-05
24521,3.07717877601659,0,1e-05
24522,2.66029502643211,0,1e-05
24523,3.07680028542715,0,1e-05
24524,2.66016929705587,0,1e-05
24525,3.07642269697008,0,1e-05
24526,2.6600447541736,0,1e-05
24527,3.07604601362965,0,1e-05
24528,2.65992140020889,0,1e-05
24529,3.07567023631531,0,1e-05
24530,2.65979923684798,0,1e-05
24531,3.07529536694995,0,1e-05
24532,2.65967826617737,0,1e-05
24533,3.0749214074303,0,1e-05
24534,2.65955849016096,0,1e-05
24535,3.07454835914449,0,1e-05
24536,2.65943991056352,0,1e-05
24537,3.07417622430536,0,1e-05
24538,2.65932252969016,0,1e-05
24539,3.07380500486175,0,1e-05
24540,2.65920634961862,0,1e-05
24541,3.07343470210779,0,1e-05
24542,2.65909137198026,0,1e-05
24543,3.07306531820888,0,1e-05
24544,2.65897759902135,0,1e-05
24545,3.07269685528858,0,1e-05
24546,2.65886503301197,0,1e-05
24547,3.07232931388394,0,1e-05
24548,2.65875367517419,0,1e-05
24549,3.0719626972929,0,1e-05
24550,2.65864352831092,0,1e-05
24551,3.07159700691659,0,1e-05
24552,2.65853459430097,0,1e-05
24553,3.07123224451667,0,1e-05
24554,2.65842687506417,0,1e-05
24555,3.0708684115093,0,1e-05
24556,2.65832037244198,0,1e-05
24557,3.07050551091893,0,1e-05
24558,2.65821508909892,0,1e-05
24559,3.07014354355811,0,1e-05
24560,2.65811102652627,0,1e-05
24561,3.06978251176154,0,1e-05
24562,2.65800818712606,0,1e-05
24563,3.06942241738594,0,1e-05
24564,2.65790657285134,0,1e-05
24565,3.06906326180698,0,1e-05
24566,2.65780618548996,0,1e-05
24567,3.06870504711983,0,1e-05
24568,2.65770702707801,0,1e-05
24569,3.06834777543037,0,1e-05
24570,2.65760910010954,0,1e-05
24571,3.06799144840513,0,1e-05
24572,2.65751240631778,0,1e-05
24573,3.06763606808836,0,1e-05
24574,2.65741694789017,0,1e-05
24575,3.06728163655235,0,1e-05
24576,2.65732272690719,0,1e-05
24577,3.06692815562402,0,1e-05
24578,2.65722974560948,0,1e-05
24579,3.06657562675134,0,1e-05
24580,2.65713800568264,0,1e-05
24581,3.06622405143963,0,1e-05
24582,2.65704750898181,0,1e-05
24583,3.06587343327752,0,1e-05
24584,2.65695825865832,0,1e-05
24585,3.06552377235038,0,1e-05
24586,2.65687025574935,0,1e-05
24587,3.06517507157763,0,1e-05
24588,2.65678350285817,0,1e-05
24589,3.06482733290019,0,1e-05
24590,2.65669800219118,0,1e-05
24591,3.06448055792268,0,1e-05
24592,2.6566137556282,0,1e-05
24593,3.06413474893397,0,1e-05
24594,2.65653076544838,0,1e-05
24595,3.063789907257,0,1e-05
24596,2.65644903343308,0,1e-05
24597,3.06344603503003,0,1e-05
24598,2.65636856184994,0,1e-05
24599,3.06310313427346,0,1e-05
24600,2.65628935281458,0,1e-05
24601,3.06276120698559,0,1e-05
24602,2.65621140845434,0,1e-05
24603,3.06242025559089,0,1e-05
24604,2.65613473125172,0,1e-05
24605,3.06208028107966,0,1e-05
24606,2.65605932268758,0,1e-05
24607,3.06174128524594,0,1e-05
24608,2.65598518474429,0,1e-05
24609,3.06140327118006,0,1e-05
24610,2.65591232045443,0,1e-05
24611,3.06106623991806,0,1e-05
24612,2.65584073121772,0,1e-05
24613,3.06073019454638,0,1e-05
24614,2.65577041987867,0,1e-05
24615,3.06039513560302,0,1e-05
24616,2.65570138778836,0,1e-05
24617,3.06006106605468,0,1e-05
24618,2.65563363769683,0,1e-05
24619,3.05972798759357,0,1e-05
24620,2.6555671715374,0,1e-05
24621,3.05939590186963,0,1e-05
24622,2.65550199120928,0,1e-05
24623,3.05906481118925,0,1e-05
24624,2.65543809908818,0,1e-05
24625,3.05873471766969,0,1e-05
24626,2.65537549745204,0,1e-05
24627,3.0584056235409,0,1e-05
24628,2.65531418866807,0,1e-05
24629,3.05807753001663,0,1e-05
24630,2.65525417445661,0,1e-05
24631,3.05775043977167,0,1e-05
24632,2.65519545726256,0,1e-05
24633,3.05742435437646,0,1e-05
24634,2.65513803908671,0,1e-05
24635,3.05709927592435,0,1e-05
24636,2.655081922065,0,1e-05
24637,3.05677520646198,0,1e-05
24638,2.65502710839922,0,1e-05
24639,3.05645214789644,0,1e-05
24640,2.65497360025176,0,1e-05
24641,3.05613010259445,0,1e-05
24642,2.65492140008739,0,1e-05
24643,3.05580907230999,0,1e-05
24644,2.65487050997103,0,1e-05
24645,3.05548905925476,0,1e-05
24646,2.65482093205204,0,1e-05
24647,3.05517006505443,0,1e-05
24648,2.65477266835568,0,1e-05
24649,3.05485209249841,0,1e-05
24650,2.65472572156025,0,1e-05
24651,3.05453514300565,0,1e-05
24652,2.65468009356508,0,1e-05
24653,3.05421921896252,0,1e-05
24654,2.65463578674163,0,1e-05
24655,3.05390432161863,0,1e-05
24656,2.65459280271284,0,1e-05
24657,3.05359045401065,0,1e-05
24658,2.654551144358,0,1e-05
24659,3.05327761754619,0,1e-05
24660,2.65451081352533,0,1e-05
24661,3.05296581500021,0,1e-05
24662,2.65447181287474,0,1e-05
24663,3.05265504771223,0,1e-05
24664,2.6544341442448,0,1e-05
24665,3.05234531828937,0,1e-05
24666,2.65439781010907,0,1e-05
24667,3.05203662855516,0,1e-05
24668,2.65436281252857,0,1e-05
24669,3.0517289806388,0,1e-05
24670,2.65432915386547,0,1e-05
24671,3.05142237722913,0,1e-05
24672,2.65429683667781,0,1e-05
24673,3.05111681977946,0,1e-05
24674,2.65426586280661,0,1e-05
24675,3.05081231045607,0,1e-05
24676,2.65423623463552,0,1e-05
24677,3.05050885051508,0,1e-05
24678,2.65420795386264,0,1e-05
24679,3.05020644365626,0,1e-05
24680,2.65418102380261,0,1e-05
24681,3.04990509085563,0,1e-05
24682,2.65415544597959,0,1e-05
24683,3.04960479457456,0,1e-05
24684,2.65413122284413,0,1e-05
24685,3.0493055572279,0,1e-05
24686,2.65410835682057,0,1e-05
24687,3.04900738044945,0,1e-05
24688,2.65408684986946,0,1e-05
24689,3.04871026666973,0,1e-05
24690,2.65406670450462,0,1e-05
24691,3.04841421819148,0,1e-05
24692,2.65404792317673,0,1e-05
24693,3.04811923682209,0,1e-05
24694,2.65403050796177,0,1e-05
24695,3.04782532451775,0,1e-05
24696,2.6540144609249,0,1e-05
24697,3.04753248452184,0,1e-05
24698,2.65399978509536,0,1e-05
24699,3.04724071754239,0,1e-05
24700,2.65398648192654,0,1e-05
24701,3.04695002629432,0,1e-05
24702,2.65397455408588,0,1e-05
24703,3.04666041343551,0,1e-05
24704,2.65396400419409,0,1e-05
24705,3.04637188048855,0,1e-05
24706,2.65395483418338,0,1e-05
24707,3.04608442934194,0,1e-05
24708,2.65394704615332,0,1e-05
24709,3.04579806291159,0,1e-05
24710,2.65394064291317,0,1e-05
24711,3.04551278322517,0,1e-05
24712,2.65393562663009,0,1e-05
24713,3.04522859276453,0,1e-05
24714,2.65393199978248,0,1e-05
24715,3.04494549315161,0,1e-05
24716,2.65392976445801,0,1e-05
24717,3.04466348644214,0,1e-05
24718,2.65392892285446,0,1e-05
24719,3.04438257523439,0,1e-05
24720,2.65392947756724,0,1e-05
24721,3.04410276191898,0,1e-05
24722,2.65393143109349,0,1e-05
24723,3.04382404802745,0,1e-05
24724,2.65393478528499,0,1e-05
24725,3.04354643639384,0,1e-05
24726,2.65393954296452,0,1e-05
24727,3.04326992892264,0,1e-05
24728,2.65394570622513,0,1e-05
24729,3.04299452803023,0,1e-05
24730,2.65395327760178,0,1e-05
24731,3.04272023608371,0,1e-05
24732,2.65396225953231,0,1e-05
24733,3.0424470551114,0,1e-05
24734,2.65397265419409,0,1e-05
24735,3.04217498712034,0,1e-05
24736,2.65398446389504,0,1e-05
24737,3.04190403437156,0,1e-05
24738,2.65399769112114,0,1e-05
24739,3.04163419928463,0,1e-05
24740,2.65401233832182,0,1e-05
24741,3.04136548380309,0,1e-05
24742,2.65402840761283,0,1e-05
24743,3.04109789089913,0,1e-05
24744,2.65404590180311,0,1e-05
24745,3.04083142237019,0,1e-05
24746,2.65406482311543,0,1e-05
24747,3.04056608043192,0,1e-05
24748,2.65408517383813,0,1e-05
24749,3.04030186739585,0,1e-05
24750,2.65410695646066,0,1e-05
24751,3.04003878514779,0,1e-05
24752,2.65413017310956,0,1e-05
24753,3.03977683703246,0,1e-05
24754,2.65415482681498,0,1e-05
24755,3.03951602425322,0,1e-05
24756,2.65418091927915,0,1e-05
24757,3.03925634964248,0,1e-05
24758,2.65420845339089,0,1e-05
24759,3.03899781575435,0,1e-05
24760,2.65423743174938,0,1e-05
24761,3.03874042432235,0,1e-05
24762,2.65426785634215,0,1e-05
24763,3.03848417836725,0,1e-05
24764,2.65429973004871,0,1e-05
24765,3.03822907865417,0,1e-05
24766,2.6543330543472,0,1e-05
24767,3.03797512899424,0,1e-05
24768,2.65436783266101,0,1e-05
24769,3.03772233097356,0,1e-05
24770,2.65440406699308,0,1e-05
24771,3.03747068729342,0,1e-05
24772,2.65444175992893,0,1e-05
24773,3.03722020037401,0,1e-05
24774,2.65448091405868,0,1e-05
24775,3.03697087196483,0,1e-05
24776,2.65452153134465,0,1e-05
24777,3.03672270533838,0,1e-05
24778,2.65456361494357,0,1e-05
24779,3.0364757018239,0,1e-05
24780,2.65460716664969,0,1e-05
24781,3.03622986410686,0,1e-05
24782,2.65465218917964,0,1e-05
24783,3.03598519514226,0,1e-05
24784,2.65469868537621,0,1e-05
24785,3.03574169650968,0,1e-05
24786,2.6547466572734,0,1e-05
24787,3.03549937095624,0,1e-05
24788,2.65479610754815,0,1e-05
24789,3.0352582206395,0,1e-05
24790,2.65484703856475,0,1e-05
24791,3.03501824785297,0,1e-05
24792,2.65489945269881,0,1e-05
24793,3.03477945516244,0,1e-05
24794,2.65495335258369,0,1e-05
24795,3.03454184492396,0,1e-05
24796,2.65500874081317,0,1e-05
24797,3.03430541942038,0,1e-05
24798,2.65506561977177,0,1e-05
24799,3.03407018139121,0,1e-05
24800,2.65512399204307,0,1e-05
24801,3.03383613334014,0,1e-05
24802,2.65518386037423,0,1e-05
24803,3.03360327668608,0,1e-05
24804,2.65524522653901,0,1e-05
24805,3.03337161503635,0,1e-05
24806,2.65530809389773,0,1e-05
24807,3.03314115062221,0,1e-05
24808,2.65537246472983,0,1e-05
24809,3.0329118849252,0,1e-05
24810,2.65543834110145,0,1e-05
24811,3.03268382140843,0,1e-05
24812,2.65550572620265,0,1e-05
24813,3.03245696146509,0,1e-05
24814,2.65557462192997,0,1e-05
24815,3.03223130825712,0,1e-05
24816,2.65564503132375,0,1e-05
24817,3.03200686403934,0,1e-05
24818,2.65571695665719,0,1e-05
24819,3.03178363137153,0,1e-05
24820,2.65579040070386,0,1e-05
24821,3.03156161234569,0,1e-05
24822,2.65586536578357,0,1e-05
24823,3.03134080978627,0,1e-05
24824,2.65594185444481,0,1e-05
24825,3.03112122639568,0,1e-05
24826,2.65601986967144,0,1e-05
24827,3.03090286366386,0,1e-05
24828,2.65609941329044,0,1e-05
24829,3.03068572508093,0,1e-05
24830,2.65618048839292,0,1e-05
24831,3.03046981287973,0,1e-05
24832,2.6562630976196,0,1e-05
24833,3.03025512944935,0,1e-05
24834,2.6563472434648,0,1e-05
24835,3.03004167693495,0,1e-05
24836,2.65643292828859,0,1e-05
24837,3.02982945834117,0,1e-05
24838,2.65652015495509,0,1e-05
24839,3.02961847577668,0,1e-05
24840,2.65660892601222,0,1e-05
24841,3.02940873197747,0,1e-05
24842,2.65669924391456,0,1e-05
24843,3.02920022941629,0,1e-05
24844,2.65679111123647,0,1e-05
24845,3.02899297053762,0,1e-05
24846,2.65688453075832,0,1e-05
24847,3.02878695803315,0,1e-05
24848,2.65697950514896,0,1e-05
24849,3.02858219390168,0,1e-05
24850,2.65707603666978,0,1e-05
24851,3.02837868107978,0,1e-05
24852,2.65717412822008,0,1e-05
24853,3.02817642209401,0,1e-05
24854,2.65727378228181,0,1e-05
24855,3.02797541888743,0,1e-05
24856,2.65737500137818,0,1e-05
24857,3.02777567452878,0,1e-05
24858,2.65747778828223,0,1e-05
24859,3.02757719224186,0,1e-05
24860,2.65758214593475,0,1e-05
24861,3.02737997389486,0,1e-05
24862,2.65768807682402,0,1e-05
24863,3.02718402188562,0,1e-05
24864,2.65779558323776,0,1e-05
24865,3.02698933858639,0,1e-05
24866,2.65790466787259,0,1e-05
24867,3.02679592734544,0,1e-05
24868,2.65801533371612,0,1e-05
24869,3.02660379024265,0,1e-05
24870,2.65812758323306,0,1e-05
24871,3.02641293025086,0,1e-05
24872,2.65824141943197,0,1e-05
24873,3.02622334962469,0,1e-05
24874,2.65835684465165,0,1e-05
24875,3.02603505130831,0,1e-05
24876,2.65847386168628,0,1e-05
24877,3.02584803739356,0,1e-05
24878,2.65859247300087,0,1e-05
24879,3.02566231050916,0,1e-05
24880,2.65871268125508,0,1e-05
24881,3.02547787374636,0,1e-05
24882,2.65883448938148,0,1e-05
24883,3.02529472909701,0,1e-05
24884,2.65895789987258,0,1e-05
24885,3.02511287958031,0,1e-05
24886,2.65908291565843,0,1e-05
24887,3.02493232829993,0,1e-05
24888,2.65920953968631,0,1e-05
24889,3.02475307714928,0,1e-05
24890,2.65933777418112,0,1e-05
24891,3.024575128792,0,1e-05
24892,2.65946762181696,0,1e-05
24893,3.02439848616874,0,1e-05
24894,2.65959908546584,0,1e-05
24895,3.02422315198717,0,1e-05
24896,2.65973216803445,0,1e-05
24897,3.02404912875692,0,1e-05
24898,2.659866872063,0,1e-05
24899,3.02387641905238,0,1e-05
24900,2.66000320021591,0,1e-05
24901,3.02370502550885,0,1e-05
24902,2.66014115527385,0,1e-05
24903,3.02353495079881,0,1e-05
24904,2.66028073992677,0,1e-05
24905,3.02336619769633,0,1e-05
24906,2.66042195701141,0,1e-05
24907,3.02319876922645,0,1e-05
24908,2.66056480946376,0,1e-05
24909,3.02303266725599,0,1e-05
24910,2.66070929951243,0,1e-05
24911,3.02286789512262,0,1e-05
24912,2.66085543009382,0,1e-05
24913,3.02270445539278,0,1e-05
24914,2.66100320425259,0,1e-05
24915,3.02254235083515,0,1e-05
24916,2.66115262469629,0,1e-05
24917,3.0223815845562,0,1e-05
24918,2.66130369445721,0,1e-05
24919,3.02222215833476,0,1e-05
24920,2.66145641563793,0,1e-05
24921,3.0220640755013,0,1e-05
24922,2.66161079130818,0,1e-05
24923,3.02190733859003,0,1e-05
24924,2.66176682434208,0,1e-05
24925,3.02175195048085,0,1e-05
24926,2.66192451755871,0,1e-05
24927,3.02159791362967,0,1e-05
24928,2.66208387353877,0,1e-05
24929,3.02144523086407,0,1e-05
24930,2.66224489514648,0,1e-05
24931,3.02129390460555,0,1e-05
24932,2.66240758492294,0,1e-05
24933,3.02114393886164,0,1e-05
24934,2.66257194649631,0,1e-05
24935,3.02099533514101,0,1e-05
24936,2.66273798193655,0,1e-05
24937,3.02084809667878,0,1e-05
24938,2.66290569422332,0,1e-05
24939,3.02070222616703,0,1e-05
24940,2.66307508629662,0,1e-05
24941,3.02055772675381,0,1e-05
24942,2.66324616111209,0,1e-05
24943,3.02041460130905,0,1e-05
24944,2.66341892168093,0,1e-05
24945,3.02027285200247,0,1e-05
24946,2.6635933703423,0,1e-05
24947,3.02013248157584,0,1e-05
24948,2.66376950975731,0,1e-05
24949,3.01999349327708,0,1e-05
24950,2.66394734334028,0,1e-05
24951,3.01985588982346,0,1e-05
24952,2.66412687374445,0,1e-05
24953,3.01971967372978,0,1e-05
24954,2.66430810367157,0,1e-05
24955,3.01958484821191,0,1e-05
24956,2.66449103616566,0,1e-05
24957,3.01945141595297,0,1e-05
24958,2.66467567395621,0,1e-05
24959,3.01931937962692,0,1e-05
24960,2.66486202003603,0,1e-05
24961,3.01918874265878,0,1e-05
24962,2.66505007734382,0,1e-05
24963,3.01905950764687,0,1e-05
24964,2.66523984877417,0,1e-05
24965,3.01893167691227,0,1e-05
24966,2.66543133709069,0,1e-05
24967,3.01880525382273,0,1e-05
24968,2.66562454527401,0,1e-05
24969,3.0186802409402,0,1e-05
24970,2.66581947591684,0,1e-05
24971,3.01855664137537,0,1e-05
24972,2.66601613225915,0,1e-05
24973,3.0184344581541,0,1e-05
24974,2.66621451707824,0,1e-05
24975,3.01831369408627,0,1e-05
24976,2.6664146335219,0,1e-05
24977,3.01819435154794,0,1e-05
24978,2.66661648398733,0,1e-05
24979,3.01807643386469,0,1e-05
24980,2.66682007186681,0,1e-05
24981,3.01795994396797,0,1e-05
24982,2.66702539991012,0,1e-05
24983,3.01784488460423,0,1e-05
24984,2.6672324710992,0,1e-05
24985,3.01773125886425,0,1e-05
24986,2.66744128839351,0,1e-05
24987,3.01761906897289,0,1e-05
24988,2.66765185412034,0,1e-05
24989,3.01750831884192,0,1e-05
24990,2.66786417203923,0,1e-05
24991,3.01739901134761,0,1e-05
24992,2.66807824505768,0,1e-05
24993,3.0172911490274,0,1e-05
24994,2.6682940760221,0,1e-05
24995,3.01718473519267,0,1e-05
24996,2.66851166767167,0,1e-05
24997,3.01707977209118,0,1e-05
24998,2.66873102297156,0,1e-05
24999,3.01697626300585,0,1e-05
25000,2.66895214495353,0,1e-05
25001,3.01687421135482,0,1e-05
25002,2.66917503692273,0,1e-05
25003,3.01677361960357,0,1e-05
25004,2.66939970152291,0,1e-05
25005,3.01667449072032,0,1e-05
25006,2.66962614185951,0,1e-05
25007,3.01657682807866,0,1e-05
25008,2.66985436092302,0,1e-05
25009,3.01648063461747,0,1e-05
25010,2.67008436170547,0,1e-05
25011,3.0163859130361,0,1e-05
25012,2.67031614710639,0,1e-05
25013,3.01629266613899,0,1e-05
25014,2.67054972005311,0,1e-05
25015,3.01620089734539,0,1e-05
25016,2.67078508381692,0,1e-05
25017,3.01611060966567,0,1e-05
25018,2.67102224128096,0,1e-05
25019,3.01602180603215,0,1e-05
25020,2.67126119554621,0,1e-05
25021,3.01593448937777,0,1e-05
25022,2.67150194921927,0,1e-05
25023,3.01584866321299,0,1e-05
25024,2.67174450608029,0,1e-05
25025,3.01576433002678,0,1e-05
25026,2.67198886880619,0,1e-05
25027,3.0156814932654,0,1e-05
25028,2.6722350406459,0,1e-05
25029,3.01560015548112,0,1e-05
25030,2.67248302425438,0,1e-05
25031,3.01552031983143,0,1e-05
25032,2.67273282277953,0,1e-05
25033,3.01544199002968,0,1e-05
25034,2.67298443933163,0,1e-05
25035,3.01536516833846,0,1e-05
25036,2.67323787705417,0,1e-05
25037,3.01528985817992,0,1e-05
25038,2.67349313905089,0,1e-05
25039,3.01521606267762,0,1e-05
25040,2.67375022814275,0,1e-05
25041,3.01514378476218,0,1e-05
25042,2.67400914749977,0,1e-05
25043,3.01507302774452,0,1e-05
25044,2.67426990039322,0,1e-05
25045,3.01500379453715,0,1e-05
25046,2.67453248991872,0,1e-05
25047,3.01493608845167,0,1e-05
25048,2.67479691900297,0,1e-05
25049,3.01486991269083,0,1e-05
25050,2.67506319079252,0,1e-05
25051,3.01480526995011,0,1e-05
25052,2.67533130830739,0,1e-05
25053,3.01474216373571,0,1e-05
25054,2.67560127494579,0,1e-05
25055,3.0146805972107,0,1e-05
25056,2.67587309356336,0,1e-05
25057,3.01462057294889,0,1e-05
25058,2.67614676712966,0,1e-05
25059,3.01456209479343,0,1e-05
25060,2.67642229904775,0,1e-05
25061,3.01450516577871,0,1e-05
25062,2.67669969261203,0,1e-05
25063,3.01444978931393,0,1e-05
25064,2.67697895087381,0,1e-05
25065,3.01439596802729,0,1e-05
25066,2.67726007683549,0,1e-05
25067,3.01434370523268,0,1e-05
25068,2.67754307355886,0,1e-05
25069,3.01429300392566,0,1e-05
25070,2.677827944312,0,1e-05
25071,3.01424386787764,0,1e-05
25072,2.67811469231903,0,1e-05
25073,3.01419629971979,0,1e-05
25074,2.67840332085029,0,1e-05
25075,3.01415030289626,0,1e-05
25076,2.67869383279404,0,1e-05
25077,3.01410588053659,0,1e-05
25078,2.67898623131191,0,1e-05
25079,3.01406303587756,0,1e-05
25080,2.67928051979258,0,1e-05
25081,3.01402177238738,0,1e-05
25082,2.67957670137275,0,1e-05
25083,3.01398209342055,0,1e-05
25084,2.67987477936047,0,1e-05
25085,3.01394400153759,0,1e-05
25086,2.68017475683804,0,1e-05
25087,3.0139075006946,0,1e-05
25088,2.68047663719296,0,1e-05
25089,3.01387259382954,0,1e-05
25090,2.68078042336161,0,1e-05
25091,3.01383928396428,0,1e-05
25092,2.68108611855712,0,1e-05
25093,3.01380757488593,0,1e-05
25094,2.68139372636498,0,1e-05
25095,3.0137774694769,0,1e-05
25096,2.68170324952571,0,1e-05
25097,3.01374897090772,0,1e-05
25098,2.68201469137345,0,1e-05
25099,3.01372208272838,0,1e-05
25100,2.6823280551895,0,1e-05
25101,3.01369680816341,0,1e-05
25102,2.68264334444061,0,1e-05
25103,3.01367315050401,0,1e-05
25104,2.68296056221489,0,1e-05
25105,3.01365111318603,0,1e-05
25106,2.68327971178458,0,1e-05
25107,3.01363069947978,0,1e-05
25108,2.68360079629018,0,1e-05
25109,3.01361191251417,0,1e-05
25110,2.68392381917948,0,1e-05
25111,3.01359475577149,0,1e-05
25112,2.684248783449,0,1e-05
25113,3.01357923295103,0,1e-05
25114,2.68457569284856,0,1e-05
25115,3.01356534696083,0,1e-05
25116,2.68490455011085,0,1e-05
25117,3.01355310113396,0,1e-05
25118,2.68523535895015,0,1e-05
25119,3.01354249905557,0,1e-05
25120,2.6855681226853,0,1e-05
25121,3.01353354406082,0,1e-05
25122,2.68590284436831,0,1e-05
25123,3.0135262394642,0,1e-05
25124,2.686239527267,0,1e-05
25125,3.01352058870982,0,1e-05
25126,2.68657817506653,0,1e-05
25127,3.01351659514743,0,1e-05
25128,2.68691879083754,0,1e-05
25129,3.01351426186945,0,1e-05
25130,2.68726137752761,0,1e-05
25131,3.01351359253085,0,1e-05
25132,2.68760593902798,0,1e-05
25133,3.0135145907925,0,1e-05
25134,2.68795247869912,0,1e-05
25135,3.01351725978071,0,1e-05
25136,2.68830099957758,0,1e-05
25137,3.01352160268436,0,1e-05
25138,2.68865150501118,0,1e-05
25139,3.01352762346183,0,1e-05
25140,2.68900399856748,0,1e-05
25141,3.01353532523493,0,1e-05
25142,2.68935848333342,0,1e-05
25143,3.01354471143278,0,1e-05
25144,2.68971496281926,0,1e-05
25145,3.01355578577452,0,1e-05
25146,2.69007344047114,0,1e-05
25147,3.0135685515768,0,1e-05
25148,2.69043391951093,0,1e-05
25149,3.01358301221207,0,1e-05
25150,2.69079640353915,0,1e-05
25151,3.01359917118449,0,1e-05
25152,2.69116089557218,0,1e-05
25153,3.01361703204051,0,1e-05
25154,2.69152739928931,0,1e-05
25155,3.01363659835471,0,1e-05
25156,2.69189591813566,0,1e-05
25157,3.01365787354509,0,1e-05
25158,2.69226645530682,0,1e-05
25159,3.01368086111738,0,1e-05
25160,2.69263901446638,0,1e-05
25161,3.01370556451153,0,1e-05
25162,2.69301359856263,0,1e-05
25163,3.0137319872221,0,1e-05
25164,2.69339021140143,0,1e-05
25165,3.01376013278144,0,1e-05
25166,2.69376885652223,0,1e-05
25167,3.01379000501089,0,1e-05
25168,2.69414953699251,0,1e-05
25169,3.01382160705985,0,1e-05
25170,2.69453225650603,0,1e-05
25171,3.01385494277537,0,1e-05
25172,2.69491701859773,0,1e-05
25173,3.01389001558948,0,1e-05
25174,2.6953038263642,0,1e-05
25175,3.01392682912761,0,1e-05
25176,2.69569268370853,0,1e-05
25177,3.01396538687656,0,1e-05
25178,2.69608359366514,0,1e-05
25179,3.01400569258569,0,1e-05
25180,2.69647655988417,0,1e-05
25181,3.01404774944502,0,1e-05
25182,2.69687158598637,0,1e-05
25183,3.01409156145721,0,1e-05
25184,2.69726867522467,0,1e-05
25185,3.01413713202643,0,1e-05
25186,2.6976678310938,0,1e-05
25187,3.01418446484573,0,1e-05
25188,2.69806905723489,0,1e-05
25189,3.0142335635508,0,1e-05
25190,2.69847235715792,0,1e-05
25191,3.01428443182057,0,1e-05
25192,2.69887773422969,0,1e-05
25193,3.0143370731334,0,1e-05
25194,2.69928519213906,0,1e-05
25195,3.01439149109099,0,1e-05
25196,2.69969473426665,0,1e-05
25197,3.01444768943223,0,1e-05
25198,2.70010636409807,0,1e-05
25199,3.01450567186195,0,1e-05
25200,2.70052008530667,0,1e-05
25201,3.01456544198625,0,1e-05
25202,2.70093590130543,0,1e-05
25203,3.01462700358743,0,1e-05
25204,2.70135381566832,0,1e-05
25205,3.01469036025289,0,1e-05
25206,2.70177383213829,0,1e-05
25207,3.01475551562509,0,1e-05
25208,2.70219595411714,0,1e-05
25209,3.01482247352642,0,1e-05
25210,2.70262018490658,0,1e-05
25211,3.01489123728954,0,1e-05
25212,2.70304652833916,0,1e-05
25213,3.01496181115254,0,1e-05
25214,2.70347498813838,0,1e-05
25215,3.01503419860789,0,1e-05
25216,2.70390556776353,0,1e-05
25217,3.01510840322731,0,1e-05
25218,2.70433827056118,0,1e-05
25219,3.01518442894946,0,1e-05
25220,2.70477310035998,0,1e-05
25221,3.01526227935412,0,1e-05
25222,2.70521006060393,0,1e-05
25223,3.01534195821706,0,1e-05
25224,2.70564915511116,0,1e-05
25225,3.015423469369,0,1e-05
25226,2.7060903872423,0,1e-05
25227,3.01550681656409,0,1e-05
25228,2.70653376088619,0,1e-05
25229,3.01559200375225,0,1e-05
25230,2.70697927946768,0,1e-05
25231,3.01567903445848,0,1e-05
25232,2.70742694678419,0,1e-05
25233,3.01576791266112,0,1e-05
25234,2.70787676644387,0,1e-05
25235,3.01585864213383,0,1e-05
25236,2.70832874188743,0,1e-05
25237,3.01595122637696,0,1e-05
25238,2.70878287675378,0,1e-05
25239,3.01604566956296,0,1e-05
25240,2.70923917500277,0,1e-05
25241,3.01614197527321,0,1e-05
25242,2.70969764011167,0,1e-05
25243,3.01624014745424,0,1e-05
25244,2.71015827593218,0,1e-05
25245,3.01634019005212,0,1e-05
25246,2.71062108594974,0,1e-05
25247,3.01644210689673,0,1e-05
25248,2.71108607386992,0,1e-05
25249,3.01654590147135,0,1e-05
25250,2.71155324309428,0,1e-05
25251,3.01665157803985,0,1e-05
25252,2.71202259784906,0,1e-05
25253,3.01675914018778,0,1e-05
25254,2.71249414169901,0,1e-05
25255,3.01686859199833,0,1e-05
25256,2.71296787824227,0,1e-05
25257,3.01697993748732,0,1e-05
25258,2.71344381100458,0,1e-05
25259,3.01709318010277,0,1e-05
25260,2.71392194402614,0,1e-05
25261,3.01720832409195,0,1e-05
25262,2.7144022809001,0,1e-05
25263,3.01732537329444,0,1e-05
25264,2.71488482537885,0,1e-05
25265,3.01744433157714,0,1e-05
25266,2.71536958123547,0,1e-05
25267,3.01756520306994,0,1e-05
25268,2.71585655214925,0,1e-05
25269,3.01768799147417,0,1e-05
25270,2.71634574195423,0,1e-05
25271,3.01781270083088,0,1e-05
25272,2.71683715433067,0,1e-05
25273,3.01793933506237,0,1e-05
25274,2.71733079302091,0,1e-05
25275,3.01806789802945,0,1e-05
25276,2.71782666176366,0,1e-05
25277,3.01819839388821,0,1e-05
25278,2.7183247647804,0,1e-05
25279,3.01833082652925,0,1e-05
25280,2.71882510528599,0,1e-05
25281,3.0184651999591,0,1e-05
25282,2.71932768722405,0,1e-05
25283,3.01860151815096,0,1e-05
25284,2.71983251448631,0,1e-05
25285,3.01873978498129,0,1e-05
25286,2.72033959065559,0,1e-05
25287,3.01888000460984,0,1e-05
25288,2.72084891990083,0,1e-05
25289,3.01902218098493,0,1e-05
25290,2.72136050586803,0,1e-05
25291,3.0191663182042,0,1e-05
25292,2.72187435241313,0,1e-05
25293,3.01931242033062,0,1e-05
25294,2.72239046335968,0,1e-05
25295,3.01946049137192,0,1e-05
25296,2.72290884276847,0,1e-05
25297,3.01961053537637,0,1e-05
25298,2.72342949418794,0,1e-05
25299,3.01976255641163,0,1e-05
25300,2.72395242148799,0,1e-05
25301,3.01991655862341,0,1e-05
25302,2.72447762865683,0,1e-05
25303,3.02007254594823,0,1e-05
25304,2.72500511947179,0,1e-05
25305,3.02023052262593,0,1e-05
25306,2.72553489785658,0,1e-05
25307,3.02039049243369,0,1e-05
25308,2.7260669676145,0,1e-05
25309,3.02055245992343,0,1e-05
25310,2.72660133249666,0,1e-05
25311,3.02071642873797,0,1e-05
25312,2.72713799676754,0,1e-05
25313,3.02088240326684,0,1e-05
25314,2.72767696410872,0,1e-05
25315,3.02105038777855,0,1e-05
25316,2.72821823837225,0,1e-05
25317,3.0212203860529,0,1e-05
25318,2.72876182335257,0,1e-05
25319,3.02139240240001,0,1e-05
25320,2.72930772351127,0,1e-05
25321,3.02156644119782,0,1e-05
25322,2.72985594232149,0,1e-05
25323,3.02174250622472,0,1e-05
25324,2.73040648378928,0,1e-05
25325,3.02192060175196,0,1e-05
25326,2.73095935194537,0,1e-05
25327,3.0221007323199,0,1e-05
25328,2.73151455048205,0,1e-05
25329,3.0222829015538,0,1e-05
25330,2.73207208363042,0,1e-05
25331,3.02246711407518,0,1e-05
25332,2.73263195522845,0,1e-05
25333,3.02265337382671,0,1e-05
25334,2.73319416929057,0,1e-05
25335,3.02284168523777,0,1e-05
25336,2.73375872996178,0,1e-05
25337,3.0230320526726,0,1e-05
25338,2.73432564096143,0,1e-05
25339,3.0232244798765,0,1e-05
25340,2.73489490655845,0,1e-05
25341,3.02341897154793,0,1e-05
25342,2.73546653060401,0,1e-05
25343,3.02361553165056,0,1e-05
25344,2.73604051696507,0,1e-05
25345,3.02381416456884,0,1e-05
25346,2.73661687001114,0,1e-05
25347,3.0240148746295,0,1e-05
25348,2.7371955933231,0,1e-05
25349,3.02421766594649,0,1e-05
25350,2.73777669138547,0,1e-05
25351,3.02442254306916,0,1e-05
25352,2.73836016776916,0,1e-05
25353,3.02462950996231,0,1e-05
25354,2.73894602685873,0,1e-05
25355,3.02483857113822,0,1e-05
25356,2.73953427253813,0,1e-05
25357,3.0250497309322,0,1e-05
25358,2.7401249089599,0,1e-05
25359,3.02526299353507,0,1e-05
25360,2.74071794023352,0,1e-05
25361,3.02547836332116,0,1e-05
25362,2.74131337022501,0,1e-05
25363,3.02569584469406,0,1e-05
25364,2.74191120322592,0,1e-05
25365,3.02591544199474,0,1e-05
25366,2.742511443254,0,1e-05
25367,3.02613715957142,0,1e-05
25368,2.74311409437359,0,1e-05
25369,3.02636100177401,0,1e-05
25370,2.74371916051316,0,1e-05
25371,3.02658697288529,0,1e-05
25372,2.74432664574592,0,1e-05
25373,3.02681507733381,0,1e-05
25374,2.74493655447739,0,1e-05
25375,3.02704531962087,0,1e-05
25376,2.74554889090366,0,1e-05
25377,3.02727770413457,0,1e-05
25378,2.74616365891544,0,1e-05
25379,3.02751223522651,0,1e-05
25380,2.74678086261215,0,1e-05
25381,3.02774891739506,0,1e-05
25382,2.74740050630828,0,1e-05
25383,3.02798775498739,0,1e-05
25384,2.74802259410009,0,1e-05
25385,3.02822875251975,0,1e-05
25386,2.74864712991205,0,1e-05
25387,3.02847191437513,0,1e-05
25388,2.74927411821515,0,1e-05
25389,3.02871724510545,0,1e-05
25390,2.74990356316885,0,1e-05
25391,3.02896474914268,0,1e-05
25392,2.75053546884314,0,1e-05
25393,3.02921443099588,0,1e-05
25394,2.75116983960275,0,1e-05
25395,3.02946629517466,0,1e-05
25396,2.75180667931007,0,1e-05
25397,3.0297203459748,0,1e-05
25398,2.75244599238813,0,1e-05
25399,3.02997658811058,0,1e-05
25400,2.75308778307584,0,1e-05
25401,3.03023502614667,0,1e-05
25402,2.75373205561623,0,1e-05
25403,3.03049566440567,0,1e-05
25404,2.75437881408723,0,1e-05
25405,3.03075850757401,0,1e-05
25406,2.75502806282328,0,1e-05
25407,3.03102356012712,0,1e-05
25408,2.75567980591532,0,1e-05
25409,3.03129082656296,0,1e-05
25410,2.75633404770135,0,1e-05
25411,3.03156031151678,0,1e-05
25412,2.75699079267946,0,1e-05
25413,3.03183201970645,0,1e-05
25414,2.75765004475267,0,1e-05
25415,3.03210595542108,0,1e-05
25416,2.75831180828462,0,1e-05
25417,3.03238212333952,0,1e-05
25418,2.75897608770621,0,1e-05
25419,3.03266052825437,0,1e-05
25420,2.75964288725521,0,1e-05
25421,3.03294117467859,0,1e-05
25422,2.76031221121575,0,1e-05
25423,3.03322406717565,0,1e-05
25424,2.76098406367314,0,1e-05
25425,3.03350921040306,0,1e-05
25426,2.76165844936431,0,1e-05
25427,3.0337966090287,0,1e-05
25428,2.76233537215817,0,1e-05
25429,3.03408626768976,0,1e-05
25430,2.76301483671601,0,1e-05
25431,3.03437819107963,0,1e-05
25432,2.76369684711297,0,1e-05
25433,3.03467238374351,0,1e-05
25434,2.76438140782216,0,1e-05
25435,3.03496885043598,0,1e-05
25436,2.76506852313757,0,1e-05
25437,3.03526759575417,0,1e-05
25438,2.76575819748462,0,1e-05
25439,3.03556862463635,0,1e-05
25440,2.76645043533818,0,1e-05
25441,3.03587194171774,0,1e-05
25442,2.76714524080946,0,1e-05
25443,3.03617755161955,0,1e-05
25444,2.76784261849828,0,1e-05
25445,3.03648545904042,0,1e-05
25446,2.76854257256133,0,1e-05
25447,3.03679566876198,0,1e-05
25448,2.76924510768339,0,1e-05
25449,3.03710818564753,0,1e-05
25450,2.76995022794589,0,1e-05
25451,3.03742301426448,0,1e-05
25452,2.77065793804917,0,1e-05
25453,3.0377401595339,0,1e-05
25454,2.77136824240289,0,1e-05
25455,3.03805962617447,0,1e-05
25456,2.77208114513521,0,1e-05
25457,3.03838141896526,0,1e-05
25458,2.77279665095613,0,1e-05
25459,3.03870554272905,0,1e-05
25460,2.77351476417183,0,1e-05
25461,3.03903200220683,0,1e-05
25462,2.77423548936576,0,1e-05
25463,3.03936080230332,0,1e-05
25464,2.77495883099938,0,1e-05
25465,3.03969194781621,0,1e-05
25466,2.77568479342806,0,1e-05
25467,3.04002544359867,0,1e-05
25468,2.77641338103258,0,1e-05
25469,3.04036129436229,0,1e-05
25470,2.77714459844166,0,1e-05
25471,3.04069950516018,0,1e-05
25472,2.77787845009389,0,1e-05
25473,3.04104008073766,0,1e-05
25474,2.7786149404893,0,1e-05
25475,3.04138302599304,0,1e-05
25476,2.77935407411355,0,1e-05
25477,3.04172834575749,0,1e-05
25478,2.78009585584456,0,1e-05
25479,3.04207604525008,0,1e-05
25480,2.78084028983568,0,1e-05
25481,3.04242612905778,0,1e-05
25482,2.78158738049699,0,1e-05
25483,3.04277860204797,0,1e-05
25484,2.78233713277177,0,1e-05
25485,3.04313346943496,0,1e-05
25486,2.78308955109501,0,1e-05
25487,3.04349073601571,0,1e-05
25488,2.78384463988226,0,1e-05
25489,3.04385040665697,0,1e-05
25490,2.78460240383051,0,1e-05
25491,3.0442124864994,0,1e-05
25492,2.78536284730531,0,1e-05
25493,3.04457698030331,0,1e-05
25494,2.78612597510686,0,1e-05
25495,3.04494389310335,0,1e-05
25496,2.78689179168843,0,1e-05
25497,3.04531322989562,0,1e-05
25498,2.78766030183966,0,1e-05
25499,3.04568499580635,0,1e-05
25500,2.78843150989274,0,1e-05
25501,3.04605919574774,0,1e-05
25502,2.78920542054548,0,1e-05
25503,3.04643583466419,0,1e-05
25504,2.7899820384549,0,1e-05
25505,3.04681491766643,0,1e-05
25506,2.79076136845421,0,1e-05
25507,3.04719644986366,0,1e-05
25508,2.79154341497883,0,1e-05
25509,3.04758043632837,0,1e-05
25510,2.79232818286957,0,1e-05
25511,3.0479668820605,0,1e-05
25512,2.79311567654249,0,1e-05
25513,3.04835579207841,0,1e-05
25514,2.79390590062036,0,1e-05
25515,3.04874717148638,0,1e-05
25516,2.79469885994112,0,1e-05
25517,3.04914102531483,0,1e-05
25518,2.79549455932175,0,1e-05
25519,3.04953735887805,0,1e-05
25520,2.79629300331903,0,1e-05
25521,3.04993617724416,0,1e-05
25522,2.79709419667152,0,1e-05
25523,3.05033748543989,0,1e-05
25524,2.79789814386432,0,1e-05
25525,3.05074128848523,0,1e-05
25526,2.79870484990258,0,1e-05
25527,3.05114759169468,0,1e-05
25528,2.79951431945929,0,1e-05
25529,3.05155640025348,0,1e-05
25530,2.8003265570508,0,1e-05
25531,3.05196771915607,0,1e-05
25532,2.8011415676238,0,1e-05
25533,3.05238155372967,0,1e-05
25534,2.80195935595188,0,1e-05
25535,3.05279790907794,0,1e-05
25536,2.80277992687314,0,1e-05
25537,3.05321679061671,0,1e-05
25538,2.80360328488468,0,1e-05
25539,3.05363820332446,0,1e-05
25540,2.80442943496917,0,1e-05
25541,3.05406215252748,0,1e-05
25542,2.8052583818547,0,1e-05
25543,3.05448864340154,0,1e-05
25544,2.80609013034899,0,1e-05
25545,3.05491768122952,0,1e-05
25546,2.80692468518675,0,1e-05
25547,3.05534927113188,0,1e-05
25548,2.8077620514354,0,1e-05
25549,3.05578341868617,0,1e-05
25550,2.80860223371863,0,1e-05
25551,3.05622012900465,0,1e-05
25552,2.80944523687131,0,1e-05
25553,3.05665940727817,0,1e-05
25554,2.81029106573154,0,1e-05
25555,3.05710125887963,0,1e-05
25556,2.81113972503455,0,1e-05
25557,3.0575456890517,0,1e-05
25558,2.81199121992469,0,1e-05
25559,3.05799270323102,0,1e-05
25560,2.8128455552122,0,1e-05
25561,3.05844230675168,0,1e-05
25562,2.81370273571562,0,1e-05
25563,3.05889450497792,0,1e-05
25564,2.81456276645263,0,1e-05
25565,3.05934930322753,0,1e-05
25566,2.8154256520396,0,1e-05
25567,3.059806706721,0,1e-05
25568,2.81629139755987,0,1e-05
25569,3.06026672101119,0,1e-05
25570,2.81716000785995,0,1e-05
25571,3.06072935139686,0,1e-05
25572,2.81803148789329,0,1e-05
25573,3.06119460321114,0,1e-05
25574,2.81890584263004,0,1e-05
25575,3.06166248197167,0,1e-05
25576,2.81978307710224,0,1e-05
25577,3.06213299312718,0,1e-05
25578,2.82066319592407,0,1e-05
25579,3.06260614195506,0,1e-05
25580,2.82154620449918,0,1e-05
25581,3.0630819341149,0,1e-05
25582,2.82243210747389,0,1e-05
25583,3.06356037484078,0,1e-05
25584,2.82332091021104,0,1e-05
25585,3.06404146993413,0,1e-05
25586,2.82421261716956,0,1e-05
25587,3.06452522442579,0,1e-05
25588,2.82510723383725,0,1e-05
25589,3.06501164419515,0,1e-05
25590,2.82600476479047,0,1e-05
25591,3.06550073444288,0,1e-05
25592,2.82690521524871,0,1e-05
25593,3.06599250082515,0,1e-05
25594,2.82780859017762,0,1e-05
25595,3.06648694879984,0,1e-05
25596,2.82871489457025,0,1e-05
25597,3.06698408385944,0,1e-05
25598,2.82962413371775,0,1e-05
25599,3.0674839117193,0,1e-05
25600,2.83053631244231,0,1e-05
25601,3.06798643775663,0,1e-05
25602,2.83145143589748,0,1e-05
25603,3.06849166765939,0,1e-05
25604,2.83236950937156,0,1e-05
25605,3.06899960712346,0,1e-05
25606,2.83329053757367,0,1e-05
25607,3.06951026149222,0,1e-05
25608,2.83421452570546,0,1e-05
25609,3.07002363637256,0,1e-05
25610,2.83514147899701,0,1e-05
25611,3.07053973750729,0,1e-05
25612,2.83607140258156,0,1e-05
25613,3.07105857056845,0,1e-05
25614,2.83700430145705,0,1e-05
25615,3.07158014111215,0,1e-05
25616,2.83794018064734,0,1e-05
25617,3.07210445471202,0,1e-05
25618,2.83887904570534,0,1e-05
25619,3.07263151725342,0,1e-05
25620,2.83982090116071,0,1e-05
25621,3.07316133404532,0,1e-05
25622,2.8407657527094,0,1e-05
25623,3.07369391109202,0,1e-05
25624,2.8417136053342,0,1e-05
25625,3.07422925397232,0,1e-05
25626,2.8426644642016,0,1e-05
25627,3.07476736837228,0,1e-05
25628,2.84361833484975,0,1e-05
25629,3.07530826028601,0,1e-05
25630,2.8445752218606,0,1e-05
25631,3.07585193498882,0,1e-05
25632,2.84553513086391,0,1e-05
25633,3.07639839845197,0,1e-05
25634,2.84649806684292,0,1e-05
25635,3.07694765631135,0,1e-05
25636,2.8474640352197,0,1e-05
25637,3.07749971450179,0,1e-05
25638,2.84843304107061,0,1e-05
25639,3.07805457869351,0,1e-05
25640,2.84940508984853,0,1e-05
25641,3.07861225477001,0,1e-05
25642,2.85038018673523,0,1e-05
25643,3.07917274847441,0,1e-05
25644,2.85135833694815,0,1e-05
25645,3.07973606559507,0,1e-05
25646,2.85233954551525,0,1e-05
25647,3.08030221184429,0,1e-05
25648,2.85332381803345,0,1e-05
25649,3.08087119324163,0,1e-05
25650,2.85431115992145,0,1e-05
25651,3.08144301568269,0,1e-05
25652,2.85530157640245,0,1e-05
25653,3.08201768500168,0,1e-05
25654,2.85629507248799,0,1e-05
25655,3.08259520689837,0,1e-05
25656,2.85729165400388,0,1e-05
25657,3.0831755875277,0,1e-05
25658,2.85829132587762,0,1e-05
25659,3.08375883246971,0,1e-05
25660,2.85929409381279,0,1e-05
25661,3.08434494792119,0,1e-05
25662,2.86029996281533,0,1e-05
25663,3.08493393956166,0,1e-05
25664,2.8613089384735,0,1e-05
25665,3.08552581348794,0,1e-05
25666,2.86232102610245,0,1e-05
25667,3.08612057562723,0,1e-05
25668,2.86333623104464,0,1e-05
25669,3.08671823187741,0,1e-05
25670,2.86435455874955,0,1e-05
25671,3.08731878823258,0,1e-05
25672,2.86537601471382,0,1e-05
25673,3.08792225073983,0,1e-05
25674,2.86640060434537,0,1e-05
25675,3.08852862535649,0,1e-05
25676,2.86742833298043,0,1e-05
25677,3.08913791801819,0,1e-05
25678,2.86845920622365,0,1e-05
25679,3.08975013487771,0,1e-05
25680,2.86949322940608,0,1e-05
25681,3.09036528188884,0,1e-05
25682,2.87053040788378,0,1e-05
25683,3.09098336504162,0,1e-05
25684,2.87157074739897,0,1e-05
25685,3.09160439056611,0,1e-05
25686,2.87261425306808,0,1e-05
25687,3.09222836426665,0,1e-05
25688,2.87366093064339,0,1e-05
25689,3.09285529240998,0,1e-05
25690,2.87471078585467,0,1e-05
25691,3.09348518124324,0,1e-05
25692,2.87576382372582,0,1e-05
25693,3.09411803654642,0,1e-05
25694,2.87682005011244,0,1e-05
25695,3.09475386464391,0,1e-05
25696,2.87787947058839,0,1e-05
25697,3.09539267172793,0,1e-05
25698,2.87894209026067,0,1e-05
25699,3.0960344636593,0,1e-05
25700,2.88000791513554,0,1e-05
25701,3.09667924681818,0,1e-05
25702,2.88107695054951,0,1e-05
25703,3.09732702721443,0,1e-05
25704,2.88214920234696,0,1e-05
25705,3.09797781124662,0,1e-05
25706,2.88322467600507,0,1e-05
25707,3.09863160504612,0,1e-05
25708,2.88430337709101,0,1e-05
25709,3.09928841477526,0,1e-05
25710,2.88538531117417,0,1e-05
25711,3.09994824662765,0,1e-05
25712,2.8864704841249,0,1e-05
25713,3.10061110703455,0,1e-05
25714,2.88755890133465,0,1e-05
25715,3.10127700205166,0,1e-05
25716,2.88865056857118,0,1e-05
25717,3.1019459380248,0,1e-05
25718,2.88974549135716,0,1e-05
25719,3.10261792114214,0,1e-05
25720,2.89084367520683,0,1e-05
25721,3.10329295755528,0,1e-05
25722,2.89194512613456,0,1e-05
25723,3.10397105379492,0,1e-05
25724,2.89304984969016,0,1e-05
25725,3.10465221608438,0,1e-05
25726,2.8941578517376,0,1e-05
25727,3.10533645085613,0,1e-05
25728,2.89526913781242,0,1e-05
25729,3.10602376430147,0,1e-05
25730,2.89638371375296,0,1e-05
25731,3.10671416288724,0,1e-05
25732,2.89750158521593,0,1e-05
25733,3.10740765296972,0,1e-05
25734,2.89862275802719,0,1e-05
25735,3.1081042409601,0,1e-05
25736,2.89974723799027,0,1e-05
25737,3.10880393323551,0,1e-05
25738,2.9008750304206,0,1e-05
25739,3.10950673590111,0,1e-05
25740,2.90200614150389,0,1e-05
25741,3.11021265566039,0,1e-05
25742,2.90314057713195,0,1e-05
25743,3.11092169900256,0,1e-05
25744,2.90427834295747,0,1e-05
25745,3.11163387226774,0,1e-05
25746,2.90541944500994,0,1e-05
25747,3.11234918207242,0,1e-05
25748,2.90656388878972,0,1e-05
25749,3.11306763466249,0,1e-05
25750,2.90771168024681,0,1e-05
25751,3.11378923655635,0,1e-05
25752,2.90886282529371,0,1e-05
25753,3.11451399429988,0,1e-05
25754,2.91001732983788,0,1e-05
25755,3.11524191447425,0,1e-05
25756,2.91117519938702,0,1e-05
25757,3.11597300337578,0,1e-05
25758,2.91233644012325,0,1e-05
25759,3.11670726769119,0,1e-05
25760,2.91350105796599,0,1e-05
25761,3.11744471396579,0,1e-05
25762,2.91466905893852,0,1e-05
25763,3.11818534892722,0,1e-05
25764,2.91584044846897,0,1e-05
25765,3.11892917876184,0,1e-05
25766,2.91701523305676,0,1e-05
25767,3.11967621043699,0,1e-05
25768,2.91819341851406,0,1e-05
25769,3.12042645047852,0,1e-05
25770,2.9193750104969,0,1e-05
25771,3.12117990525974,0,1e-05
25772,2.9205600154452,0,1e-05
25773,3.12193658177403,0,1e-05
25774,2.92174843892004,0,1e-05
25775,3.12269648641871,0,1e-05
25776,2.92294028707178,0,1e-05
25777,3.12345962593416,0,1e-05
25778,2.92413556592662,0,1e-05
25779,3.12422600701824,0,1e-05
25780,2.9253342816123,0,1e-05
25781,3.12499563638357,0,1e-05
25782,2.92653643960871,0,1e-05
25783,3.12576852045404,0,1e-05
25784,2.92774204658113,0,1e-05
25785,3.12654466631081,0,1e-05
25786,2.9289511082282,0,1e-05
25787,3.12732408044104,0,1e-05
25788,2.93016363079407,0,1e-05
25789,3.12810676970324,0,1e-05
25790,2.93137962037748,0,1e-05
25791,3.12889274091265,0,1e-05
25792,2.93259908281441,0,1e-05
25793,3.12968200063776,0,1e-05
25794,2.93382202443433,0,1e-05
25795,3.13047455583221,0,1e-05
25796,2.93504845136217,0,1e-05
25797,3.13127041331643,0,1e-05
25798,2.93627836959176,0,1e-05
25799,3.132069579801,0,1e-05
25800,2.93751178522882,0,1e-05
25801,3.13287206202586,0,1e-05
25802,2.93874870473664,0,1e-05
25803,3.13367786711075,0,1e-05
25804,2.93998913390117,0,1e-05
25805,3.13448700168721,0,1e-05
25806,2.94123307913607,0,1e-05
25807,3.13529947273608,0,1e-05
25808,2.94248054637107,0,1e-05
25809,3.13611528700515,0,1e-05
25810,2.943731542087,0,1e-05
25811,3.13693445156144,0,1e-05
25812,2.94498607230125,0,1e-05
25813,3.13775697315683,0,1e-05
25814,2.94624414338837,0,1e-05
25815,3.13858285882591,0,1e-05
25816,2.94750576152982,0,1e-05
25817,3.13941211547679,0,1e-05
25818,2.94877093301292,0,1e-05
25819,3.14024475014182,0,1e-05
25820,2.95003966388973,0,1e-05
25821,3.14108076960186,0,1e-05
25822,2.95131196051457,0,1e-05
25823,3.14192018090516,0,1e-05
25824,2.95258782945714,0,1e-05
25825,3.14276299122219,0,1e-05
25826,2.95386727670348,0,1e-05
25827,3.14360920738291,0,1e-05
25828,2.9551503086387,0,1e-05
25829,3.14445883642661,0,1e-05
25830,2.95643693159751,0,1e-05
25831,3.14531188541819,0,1e-05
25832,2.95772715204567,0,1e-05
25833,3.14616836156468,0,1e-05
25834,2.95902097614712,0,1e-05
25835,3.1470282717178,0,1e-05
25836,2.96031841050374,0,1e-05
25837,3.14789162312205,0,1e-05
25838,2.96161946128146,0,1e-05
25839,3.14875842279886,0,1e-05
25840,2.96292413502837,0,1e-05
25841,3.14962867793981,0,1e-05
25842,2.96423243800678,0,1e-05
25843,3.15050239555676,0,1e-05
25844,2.96554437634168,0,1e-05
25845,3.15137958265677,0,1e-05
25846,2.9668599570657,0,1e-05
25847,3.15226024677396,0,1e-05
25848,2.9681791863585,0,1e-05
25849,3.1531443948813,0,1e-05
25850,2.96950207080955,0,1e-05
25851,3.15403203427278,0,1e-05
25852,2.97082861664157,0,1e-05
25853,3.15492317201264,0,1e-05
25854,2.97215883038068,0,1e-05
25855,3.15581781529734,0,1e-05
25856,2.97349271865763,0,1e-05
25857,3.15671597147866,0,1e-05
25858,2.97483028779876,0,1e-05
25859,3.15761764770775,0,1e-05
25860,2.97617154454115,0,1e-05
25861,3.15852285136813,0,1e-05
25862,2.97751649546533,0,1e-05
25863,3.15943158976172,0,1e-05
25864,2.97886514681692,0,1e-05
25865,3.16034386997743,0,1e-05
25866,2.9802175052061,0,1e-05
25867,3.16125969936493,0,1e-05
25868,2.98157357727728,0,1e-05
25869,3.16217908530009,0,1e-05
25870,2.98293336976027,0,1e-05
25871,3.16310203521787,0,1e-05
25872,2.98429688904725,0,1e-05
25873,3.16402855632563,0,1e-05
25874,2.98566414211478,0,1e-05
25875,3.16495865622435,0,1e-05
25876,2.98703513505947,0,1e-05
25877,3.16589234195665,0,1e-05
25878,2.98840987487061,0,1e-05
25879,3.16682962111018,0,1e-05
25880,2.98978836812757,0,1e-05
25881,3.16777050115037,0,1e-05
25882,2.99117062152105,0,1e-05
25883,3.16871498939699,0,1e-05
25884,2.99255664162109,0,1e-05
25885,3.16966309332171,0,1e-05
25886,2.9939464353802,0,1e-05
25887,3.17061482047046,0,1e-05
25888,2.99534000928882,0,1e-05
25889,3.17157017823516,0,1e-05
25890,2.99673737024313,0,1e-05
25891,3.17252917418757,0,1e-05
25892,2.99813852481018,0,1e-05
25893,3.17349181572169,0,1e-05
25894,2.99954347982167,0,1e-05
25895,3.17445811045431,0,1e-05
25896,3.00095224203139,0,1e-05
25897,3.17542806587311,0,1e-05
25898,3.00236481828357,0,1e-05
25899,3.17640168955429,0,1e-05
25900,3.00378121526168,0,1e-05
25901,3.17737898908211,0,1e-05
25902,3.00520144002647,0,1e-05
25903,3.17835997211006,0,1e-05
25904,3.00662549917453,0,1e-05
25905,3.17934464614993,0,1e-05
25906,3.0080533996294,0,1e-05
25907,3.18033301883804,0,1e-05
25908,3.0094851481586,0,1e-05
25909,3.1813250977684,0,1e-05
25910,3.01092075165725,0,1e-05
25911,3.18232089063149,0,1e-05
25912,3.01236021708405,0,1e-05
25913,3.18332040506457,0,1e-05
25914,3.01380355138335,0,1e-05
25915,3.18432364886605,0,1e-05
25916,3.0152507613833,0,1e-05
25917,3.18533062964433,0,1e-05
25918,3.01670185393667,0,1e-05
25919,3.18634135506212,0,1e-05
25920,3.0181568360167,0,1e-05
25921,3.18735583284394,0,1e-05
25922,3.01961571461374,0,1e-05
25923,3.18837407078901,0,1e-05
25924,3.02107849693739,0,1e-05
25925,3.1893960768377,0,1e-05
25926,3.02254518942873,0,1e-05
25927,3.19042185840114,0,1e-05
25928,3.02401579946645,0,1e-05
25929,3.19145142350247,0,1e-05
25930,3.02549033413911,0,1e-05
25931,3.19248478005323,0,1e-05
25932,3.02696880011709,0,1e-05
25933,3.19352193550457,0,1e-05
25934,3.02845120474048,0,1e-05
25935,3.19456289806277,0,1e-05
25936,3.02993755500479,0,1e-05
25937,3.19560767546272,0,1e-05
25938,3.03142785792284,0,1e-05
25939,3.19665627558318,0,1e-05
25940,3.03292212073842,0,1e-05
25941,3.19770870635327,0,1e-05
25942,3.03442035031096,0,1e-05
25943,3.19876497556366,0,1e-05
25944,3.03592255405323,0,1e-05
25945,3.19982509133173,0,1e-05
25946,3.03742873877989,0,1e-05
25947,3.20088906136401,0,1e-05
25948,3.03893891181874,0,1e-05
25949,3.20195689381571,0,1e-05
25950,3.04045308044297,0,1e-05
25951,3.20302859666507,0,1e-05
25952,3.04197125160532,0,1e-05
25953,3.20410417772722,0,1e-05
25954,3.043493432678,0,1e-05
25955,3.20518364513174,0,1e-05
25956,3.04501963079351,0,1e-05
25957,3.2062670069345,0,1e-05
25958,3.04654985307178,0,1e-05
25959,3.20735427102785,0,1e-05
25960,3.04808410707246,0,1e-05
25961,3.20844544578316,0,1e-05
25962,3.04962239967165,0,1e-05
25963,3.20954053888896,0,1e-05
25964,3.05116473842419,0,1e-05
25965,3.2106395586941,0,1e-05
25966,3.05271113046013,0,1e-05
25967,3.21174251323636,0,1e-05
25968,3.05426158326732,0,1e-05
25969,3.21284941070626,0,1e-05
25970,3.05581610397758,0,1e-05
25971,3.2139602591439,0,1e-05
25972,3.05737470000943,0,1e-05
25973,3.21507506676291,0,1e-05
25974,3.05893737869821,0,1e-05
25975,3.21619384177041,0,1e-05
25976,3.06050414743692,0,1e-05
25977,3.2173165922991,0,1e-05
25978,3.06207501351661,0,1e-05
25979,3.21844332658233,0,1e-05
25980,3.06364998444748,0,1e-05
25981,3.21957405284981,0,1e-05
25982,3.06522906762713,0,1e-05
25983,3.22070877938734,0,1e-05
25984,3.0668122704785,0,1e-05
25985,3.22184751446854,0,1e-05
25986,3.06839960056748,0,1e-05
25987,3.22299026640909,0,1e-05
25988,3.06999106510056,0,1e-05
25989,3.22413704336662,0,1e-05
25990,3.07158667173661,0,1e-05
25991,3.22528785375106,0,1e-05
25992,3.07318642782903,0,1e-05
25993,3.22644270581522,0,1e-05
25994,3.07479034100405,0,1e-05
25995,3.22760160798259,0,1e-05
25996,3.07639841871635,0,1e-05
25997,3.22876456857911,0,1e-05
25998,3.07801066855796,0,1e-05
25999,3.22993159602855,0,1e-05
26000,3.0796270981777,0,1e-05
26001,3.23110269884975,0,1e-05
26002,3.08124771496703,0,1e-05
26003,3.23227788521555,0,1e-05
26004,3.08287252668548,0,1e-05
26005,3.23345716377499,0,1e-05
26006,3.08450154085865,0,1e-05
26007,3.23464054289729,0,1e-05
26008,3.08613476513657,0,1e-05
26009,3.23582803107418,0,1e-05
26010,3.08777220708288,0,1e-05
26011,3.23701963676114,0,1e-05
26012,3.08941387445303,0,1e-05
26013,3.23821536849194,0,1e-05
26014,3.09105977499365,0,1e-05
26015,3.23941523490727,0,1e-05
26016,3.09270991632384,0,1e-05
26017,3.24061924443691,0,1e-05
26018,3.09436430615511,0,1e-05
26019,3.24182740567668,0,1e-05
26020,3.09602295214395,0,1e-05
26021,3.2430397271962,0,1e-05
26022,3.09768586216425,0,1e-05
26023,3.24425621762779,0,1e-05
26024,3.09935304388669,0,1e-05
26025,3.24547688559499,0,1e-05
26026,3.1010245052027,0,1e-05
26027,3.2467017397596,0,1e-05
26028,3.10270025370215,0,1e-05
26029,3.24793078865307,0,1e-05
26030,3.10438029746707,0,1e-05
26031,3.24916404112412,0,1e-05
26032,3.10606464412801,0,1e-05
26033,3.25040150575173,0,1e-05
26034,3.1077533015411,0,1e-05
26035,3.25164319126169,0,1e-05
26036,3.10944627776925,0,1e-05
26037,3.25288910645688,0,1e-05
26038,3.11114358047962,0,1e-05
26039,3.25413925999398,0,1e-05
26040,3.11284521776186,0,1e-05
26041,3.25539366075887,0,1e-05
26042,3.11455119739161,0,1e-05
26043,3.25665231742331,0,1e-05
26044,3.11626152724927,0,1e-05
26045,3.25791523877502,0,1e-05
26046,3.11797621544101,0,1e-05
26047,3.25918243376604,0,1e-05
26048,3.11969526984518,0,1e-05
26049,3.26045391113977,0,1e-05
26050,3.12141869850341,0,1e-05
26051,3.26172967979272,0,1e-05
26052,3.12314650938638,0,1e-05
26053,3.26300974859904,0,1e-05
26054,3.12487871058808,0,1e-05
26055,3.2642941264944,0,1e-05
26056,3.12661530992146,0,1e-05
26057,3.26558282223901,0,1e-05
26058,3.12835631570072,0,1e-05
26059,3.26687584493472,0,1e-05
26060,3.13010173592582,0,1e-05
26061,3.26817320349585,0,1e-05
26062,3.13185157872097,0,1e-05
26063,3.26947490696891,0,1e-05
26064,3.13360585221384,0,1e-05
26065,3.27078096424355,0,1e-05
26066,3.13536456450034,0,1e-05
26067,3.27209138440299,0,1e-05
26068,3.13712772368617,0,1e-05
26069,3.27340617640897,0,1e-05
26070,3.13889533797426,0,1e-05
26071,3.27472534931531,0,1e-05
26072,3.14066741549728,0,1e-05
26073,3.27604891223917,0,1e-05
26074,3.14244396468409,0,1e-05
26075,3.27737687434095,0,1e-05
26076,3.14422499348221,0,1e-05
26077,3.27870924457245,0,1e-05
26078,3.14601051027058,0,1e-05
26079,3.28004603215432,0,1e-05
26080,3.1478005232957,0,1e-05
26081,3.28138724622676,0,1e-05
26082,3.1495950408893,0,1e-05
26083,3.28273289599405,0,1e-05
26084,3.15139407127872,0,1e-05
26085,3.28408299061726,0,1e-05
26086,3.15319762278114,0,1e-05
26087,3.28543753929488,0,1e-05
26088,3.15500570378224,0,1e-05
26089,3.28679655124915,0,1e-05
26090,3.15681832269005,0,1e-05
26091,3.28816003577627,0,1e-05
26092,3.15863548773061,0,1e-05
26093,3.28952800207208,0,1e-05
26094,3.16045720742416,0,1e-05
26095,3.2909004594757,0,1e-05
26096,3.16228349002595,0,1e-05
26097,3.29227741723662,0,1e-05
26098,3.1641143441425,0,1e-05
26099,3.29365888479123,0,1e-05
26100,3.16594977813172,0,1e-05
26101,3.29504487137543,0,1e-05
26102,3.16778980055542,0,1e-05
26103,3.29643538644626,0,1e-05
26104,3.16963441981123,0,1e-05
26105,3.29783043935744,0,1e-05
26106,3.17148364443286,0,1e-05
26107,3.29923003946916,0,1e-05
26108,3.17333748287287,0,1e-05
26109,3.30063419620938,0,1e-05
26110,3.17519594382525,0,1e-05
26111,3.30204291913456,0,1e-05
26112,3.17705903577526,0,1e-05
26113,3.30345621763615,0,1e-05
26114,3.17892676736296,0,1e-05
26115,3.30487410125766,0,1e-05
26116,3.18079914709314,0,1e-05
26117,3.30629657936552,0,1e-05
26118,3.18267618370292,0,1e-05
26119,3.30772366166927,0,1e-05
26120,3.18455788585989,0,1e-05
26121,3.30915535768918,0,1e-05
26122,3.18644426209747,0,1e-05
26123,3.31059167693386,0,1e-05
26124,3.18833532119764,0,1e-05
26125,3.31203262898928,0,1e-05
26126,3.19023107179555,0,1e-05
26127,3.31347822349411,0,1e-05
26128,3.19213152259977,0,1e-05
26129,3.31492847003086,0,1e-05
26130,3.19403668248677,0,1e-05
26131,3.31638337838053,0,1e-05
26132,3.19594656015368,0,1e-05
26133,3.31784295812472,0,1e-05
26134,3.19786116438889,0,1e-05
26135,3.3193072189819,0,1e-05
26136,3.19978050399996,0,1e-05
26137,3.3207761706826,0,1e-05
26138,3.20170458781092,0,1e-05
26139,3.32224982294884,0,1e-05
26140,3.20363342473737,0,1e-05
26141,3.32372818557317,0,1e-05
26142,3.20556702345303,0,1e-05
26143,3.32521126823996,0,1e-05
26144,3.20750539299587,0,1e-05
26145,3.32669908085162,0,1e-05
26146,3.2094485422463,0,1e-05
26147,3.32819163317401,0,1e-05
26148,3.21139648015282,0,1e-05
26149,3.32968893510871,0,1e-05
26150,3.21334921572437,0,1e-05
26151,3.33119099653732,0,1e-05
26152,3.21530675789833,0,1e-05
26153,3.33269782732761,0,1e-05
26154,3.21726911562005,0,1e-05
26155,3.33420943735483,0,1e-05
26156,3.21923629787829,0,1e-05
26157,3.33572583651256,0,1e-05
26158,3.22120831378418,0,1e-05
26159,3.33724703485385,0,1e-05
26160,3.22318517242939,0,1e-05
26161,3.33877304236301,0,1e-05
26162,3.2251668828287,0,1e-05
26163,3.34030386898603,0,1e-05
26164,3.22715345405912,0,1e-05
26165,3.34183952469417,0,1e-05
26166,3.22914489513873,0,1e-05
26167,3.34338001952717,0,1e-05
26168,3.23114121539869,0,1e-05
26169,3.34492536360423,0,1e-05
26170,3.23314242396274,0,1e-05
26171,3.34647556704415,0,1e-05
26172,3.23514852996546,0,1e-05
26173,3.34803063987924,0,1e-05
26174,3.23715954271402,0,1e-05
26175,3.34959059233506,0,1e-05
26176,3.23917547134235,0,1e-05
26177,3.35115543447039,0,1e-05
26178,3.24119632507524,0,1e-05
26179,3.35272517646229,0,1e-05
26180,3.24322211322895,0,1e-05
26181,3.35429982853533,0,1e-05
26182,3.24525284511697,0,1e-05
26183,3.35587940090245,0,1e-05
26184,3.24728853001907,0,1e-05
26185,3.35746390381678,0,1e-05
26186,3.24932917729222,0,1e-05
26187,3.35905334753086,0,1e-05
26188,3.25137479629628,0,1e-05
26189,3.36064774232298,0,1e-05
26190,3.25342539638445,0,1e-05
26191,3.3622470984855,0,1e-05
26192,3.25548098698556,0,1e-05
26193,3.36385142638022,0,1e-05
26194,3.25754157758616,0,1e-05
26195,3.36546073639375,0,1e-05
26196,3.25960717748369,0,1e-05
26197,3.3670750388042,0,1e-05
26198,3.26167779625864,0,1e-05
26199,3.36869434405356,0,1e-05
26200,3.26375344336261,0,1e-05
26201,3.37031866259696,0,1e-05
26202,3.26583412836481,0,1e-05
26203,3.37194800488209,0,1e-05
26204,3.26791986078784,0,1e-05
26205,3.37358238138452,0,1e-05
26206,3.27001065019129,0,1e-05
26207,3.37522180253476,0,1e-05
26208,3.27210650614078,0,1e-05
26209,3.37686627888757,0,1e-05
26210,3.2742074382067,0,1e-05
26211,3.37851582096979,0,1e-05
26212,3.27631345614048,0,1e-05
26213,3.38017043939248,0,1e-05
26214,3.27842456949791,0,1e-05
26215,3.3818301446688,0,1e-05
26216,3.28054078792093,0,1e-05
26217,3.3834949474065,0,1e-05
26218,3.28266212115111,0,1e-05
26219,3.38516485826045,0,1e-05
26220,3.28478857893111,0,1e-05
26221,3.38683988790926,0,1e-05
26222,3.28692017104175,0,1e-05
26223,3.38852004702495,0,1e-05
26224,3.28905690719719,0,1e-05
26225,3.39020534629566,0,1e-05
26226,3.29119879720217,0,1e-05
26227,3.39189579643897,0,1e-05
26228,3.29334585088395,0,1e-05
26229,3.39359140824814,0,1e-05
26230,3.29549807805054,0,1e-05
26231,3.3952921924466,0,1e-05
26232,3.29765548860996,0,1e-05
26233,3.39699815986159,0,1e-05
26234,3.29981809241949,0,1e-05
26235,3.39870932132833,0,1e-05
26236,3.30198589941311,0,1e-05
26237,3.40042568766778,0,1e-05
26238,3.3041589195596,0,1e-05
26239,3.40214726977999,0,1e-05
26240,3.30633716273906,0,1e-05
26241,3.40387407850876,0,1e-05
26242,3.30852063897006,0,1e-05
26243,3.40560612483252,0,1e-05
26244,3.31070935833234,0,1e-05
26245,3.4073434196929,0,1e-05
26246,3.31290333074374,0,1e-05
26247,3.40908597402282,0,1e-05
26248,3.31510256634979,0,1e-05
26249,3.41083379884728,0,1e-05
26250,3.31730707519839,0,1e-05
26251,3.41258690517025,0,1e-05
26252,3.31951686736939,0,1e-05
26253,3.41434530400951,0,1e-05
26254,3.32173195304028,0,1e-05
26255,3.41610900647295,0,1e-05
26256,3.32395234234195,0,1e-05
26257,3.41787802363453,0,1e-05
26258,3.32617804545694,0,1e-05
26259,3.41965236662375,0,1e-05
26260,3.3284090726144,0,1e-05
26261,3.4214320465941,0,1e-05
26262,3.3306454340342,0,1e-05
26263,3.4232170746991,0,1e-05
26264,3.33288714000189,0,1e-05
26265,3.42500746214981,0,1e-05
26266,3.33513420072522,0,1e-05
26267,3.42680322013094,0,1e-05
26268,3.3373866265544,0,1e-05
26269,3.42860435990179,0,1e-05
26270,3.33964442780793,0,1e-05
26271,3.43041089271541,0,1e-05
26272,3.3419076148753,0,1e-05
26273,3.43222282991021,0,1e-05
26274,3.34417619807895,0,1e-05
26275,3.43404018274934,0,1e-05
26276,3.34645018789618,0,1e-05
26277,3.43586296263285,0,1e-05
26278,3.34872959471369,0,1e-05
26279,3.4376911808931,0,1e-05
26280,3.3510144289792,0,1e-05
26281,3.43952484894168,0,1e-05
26282,3.35330470121233,0,1e-05
26283,3.44136397818986,0,1e-05
26284,3.35560042191451,0,1e-05
26285,3.44320858010192,0,1e-05
26286,3.35790160158383,0,1e-05
26287,3.44505866611425,0,1e-05
26288,3.36020825084238,0,1e-05
26289,3.44691424780252,0,1e-05
26290,3.36252038025739,0,1e-05
26291,3.44877533663925,0,1e-05
26292,3.36483800045926,0,1e-05
26293,3.45064194422063,0,1e-05
26294,3.36716112209512,0,1e-05
26295,3.45251408209196,0,1e-05
26296,3.36948975580585,0,1e-05
26297,3.45439176187387,0,1e-05
26298,3.37182391226552,0,1e-05
26299,3.45627499516052,0,1e-05
26300,3.37416360223283,0,1e-05
26301,3.4581637936524,0,1e-05
26302,3.37650883644754,0,1e-05
26303,3.46005816903192,0,1e-05
26304,3.37885962568392,0,1e-05
26305,3.46195813299397,0,1e-05
26306,3.38121598076103,0,1e-05
26307,3.46386369730847,0,1e-05
26308,3.38357791249125,0,1e-05
26309,3.46577487372524,0,1e-05
26310,3.38594543174942,0,1e-05
26311,3.46769167404173,0,1e-05
26312,3.3883185493853,0,1e-05
26313,3.46961411007807,0,1e-05
26314,3.39069727634029,0,1e-05
26315,3.47154219367282,0,1e-05
26316,3.39308162351407,0,1e-05
26317,3.47347593668735,0,1e-05
26318,3.3954716019076,0,1e-05
26319,3.4754153510605,0,1e-05
26320,3.39786722251734,0,1e-05
26321,3.47736044870715,0,1e-05
26322,3.40026849635178,0,1e-05
26323,3.47931124158608,0,1e-05
26324,3.40267543445697,0,1e-05
26325,3.48126774167834,0,1e-05
26326,3.40508804788745,0,1e-05
26327,3.48322996096435,0,1e-05
26328,3.40750634776935,0,1e-05
26329,3.48519791153228,0,1e-05
26330,3.40993034524772,0,1e-05
26331,3.48717160542376,0,1e-05
26332,3.41236005147925,0,1e-05
26333,3.48915105476915,0,1e-05
26334,3.41479547762819,0,1e-05
26335,3.49113627164227,0,1e-05
26336,3.41723663494379,0,1e-05
26337,3.49312726822929,0,1e-05
26338,3.41968353463642,0,1e-05
26339,3.49512405669934,0,1e-05
26340,3.42213618801149,0,1e-05
26341,3.49712664927073,0,1e-05
26342,3.42459460636755,0,1e-05
26343,3.49913505816807,0,1e-05
26344,3.42705880100352,0,1e-05
26345,3.50114929564696,0,1e-05
26346,3.42952878329163,0,1e-05
26347,3.50316937400287,0,1e-05
26348,3.43200456464693,0,1e-05
26349,3.50519530558799,0,1e-05
26350,3.43448615645568,0,1e-05
26351,3.50722710270934,0,1e-05
26352,3.43697357018387,0,1e-05
26353,3.50926477778194,0,1e-05
26354,3.43946681731244,0,1e-05
26355,3.5113083432009,0,1e-05
26356,3.44196590932176,0,1e-05
26357,3.51335781140255,0,1e-05
26358,3.44447085776542,0,1e-05
26359,3.51541319485014,0,1e-05
26360,3.44698167419583,0,1e-05
26361,3.51747450603911,0,1e-05
26362,3.44949837020724,0,1e-05
26363,3.51954175749725,0,1e-05
26364,3.45202095743485,0,1e-05
26365,3.52161496177815,0,1e-05
26366,3.45454944752866,0,1e-05
26367,3.52369413146911,0,1e-05
26368,3.45708385216185,0,1e-05
26369,3.52577927917455,0,1e-05
26370,3.45962418305824,0,1e-05
26371,3.52787041754128,0,1e-05
26372,3.46217045194556,0,1e-05
26373,3.52996755923581,0,1e-05
26374,3.46472267061526,0,1e-05
26375,3.53207071698294,0,1e-05
26376,3.46728085087706,0,1e-05
26377,3.53417990349442,0,1e-05
26378,3.4698450045392,0,1e-05
26379,3.53629513152924,0,1e-05
26380,3.47241514347165,0,1e-05
26381,3.53841641387841,0,1e-05
26382,3.47499127958253,0,1e-05
26383,3.54054376337133,0,1e-05
26384,3.47757342478077,0,1e-05
26385,3.54267719285476,0,1e-05
26386,3.48016159104395,0,1e-05
26387,3.54481671522301,0,1e-05
26388,3.48275579034203,0,1e-05
26389,3.54696234337697,0,1e-05
26390,3.48535603470963,0,1e-05
26391,3.54911409026893,0,1e-05
26392,3.48796233618906,0,1e-05
26393,3.5512719688662,0,1e-05
26394,3.49057470685539,0,1e-05
26395,3.55343599217602,0,1e-05
26396,3.49319315882366,0,1e-05
26397,3.55560617322641,0,1e-05
26398,3.49581770423476,0,1e-05
26399,3.55778252509386,0,1e-05
26400,3.49844835527415,0,1e-05
26401,3.55996506087197,0,1e-05
26402,3.5010851241458,0,1e-05
26403,3.56215379369043,0,1e-05
26404,3.50372802308396,0,1e-05
26405,3.56434873670915,0,1e-05
26406,3.50637706436359,0,1e-05
26407,3.56654990311859,0,1e-05
26408,3.50903226027643,0,1e-05
26409,3.56875730613611,0,1e-05
26410,3.51169362317494,0,1e-05
26411,3.57097095902942,0,1e-05
26412,3.51436116542122,0,1e-05
26413,3.57319087507352,0,1e-05
26414,3.51703489941744,0,1e-05
26415,3.57541706759717,0,1e-05
26416,3.51971483759216,0,1e-05
26417,3.57764954994447,0,1e-05
26418,3.52240099240461,0,1e-05
26419,3.57988833548597,0,1e-05
26420,3.52509337635704,0,1e-05
26421,3.5821334376479,0,1e-05
26422,3.52779200198298,0,1e-05
26423,3.58438486987311,0,1e-05
26424,3.53049688184384,0,1e-05
26425,3.58664264563941,0,1e-05
26426,3.53320802853503,0,1e-05
26427,3.58890677845796,0,1e-05
26428,3.53592545468904,0,1e-05
26429,3.59117728186895,0,1e-05
26430,3.53864917296797,0,1e-05
26431,3.59345416945516,0,1e-05
26432,3.5413791960623,0,1e-05
26433,3.59573745481127,0,1e-05
26434,3.54411553670659,0,1e-05
26435,3.5980271515864,0,1e-05
26436,3.54685820766162,0,1e-05
26437,3.60032327345388,0,1e-05
26438,3.54960722172807,0,1e-05
26439,3.60262583411953,0,1e-05
26440,3.55236259173366,0,1e-05
26441,3.60493484732345,0,1e-05
26442,3.55512433054547,0,1e-05
26443,3.60725032683919,0,1e-05
26444,3.55789245106068,0,1e-05
26445,3.60957228647159,0,1e-05
26446,3.56066696621068,0,1e-05
26447,3.61190074005997,0,1e-05
26448,3.56344788896929,0,1e-05
26449,3.6142357014819,0,1e-05
26450,3.5662352323358,0,1e-05
26451,3.61657718464123,0,1e-05
26452,3.56902900934471,0,1e-05
26453,3.61892520347823,0,1e-05
26454,3.57182923306895,0,1e-05
26455,3.62127977196932,0,1e-05
26456,3.57463591661547,0,1e-05
26457,3.6236409041222,0,1e-05
26458,3.57744907312459,0,1e-05
26459,3.62600861398026,0,1e-05
26460,3.58026871577108,0,1e-05
26461,3.62838291561979,0,1e-05
26462,3.58309485777048,0,1e-05
26463,3.63076382315412,0,1e-05
26464,3.58592751236773,0,1e-05
26465,3.63315135072808,0,1e-05
26466,3.5887666928439,0,1e-05
26467,3.63554551252201,0,1e-05
26468,3.59161241251917,0,1e-05
26469,3.63794632275117,0,1e-05
26470,3.59446468474456,0,1e-05
26471,3.64035379566518,0,1e-05
26472,3.59732352290989,0,1e-05
26473,3.64276794554868,0,1e-05
26474,3.6001889404423,0,1e-05
26475,3.64518878672247,0,1e-05
26476,3.6030609508012,0,1e-05
26477,3.64761633354043,0,1e-05
26478,3.60593956748397,0,1e-05
26479,3.65005060039281,0,1e-05
26480,3.60882480402549,0,1e-05
26481,3.65249160170661,0,1e-05
26482,3.6117166739962,0,1e-05
26483,3.65493935194168,0,1e-05
26484,3.61461519100317,0,1e-05
26485,3.65739386559568,0,1e-05
26486,3.61752036868898,0,1e-05
26487,3.65985515720049,0,1e-05
26488,3.62043222073562,0,1e-05
26489,3.66232324132499,0,1e-05
26490,3.62335076085992,0,1e-05
26491,3.66479813257357,0,1e-05
26492,3.62627600281589,0,1e-05
26493,3.6672798455867,0,1e-05
26494,3.6292079603969,0,1e-05
26495,3.66976839504037,0,1e-05
26496,3.63214664743028,0,1e-05
26497,3.67226379564875,0,1e-05
26498,3.63509207778558,0,1e-05
26499,3.67476606216196,0,1e-05
26500,3.63804426536515,0,1e-05
26501,3.67727520936456,0,1e-05
26502,3.64100322411099,0,1e-05
26503,3.67979125208098,0,1e-05
26504,3.64396896800419,0,1e-05
26505,3.68231420516925,0,1e-05
26506,3.64694151106286,0,1e-05
26507,3.68484408352789,0,1e-05
26508,3.64992086734251,0,1e-05
26509,3.68738090208867,0,1e-05
26510,3.65290705093728,0,1e-05
26511,3.68992467582369,0,1e-05
26512,3.65590007598217,0,1e-05
26513,3.69247541974186,0,1e-05
26514,3.65889995664733,0,1e-05
26515,3.6950331488888,0,1e-05
26516,3.66190670714401,0,1e-05
26517,3.69759787834757,0,1e-05
26518,3.66492034172097,0,1e-05
26519,3.70016962324017,0,1e-05
26520,3.66794087466711,0,1e-05
26521,3.70274839872486,0,1e-05
26522,3.67096832030925,0,1e-05
26523,3.70533421999969,0,1e-05
26524,3.67400269301532,0,1e-05
26525,3.70792710229953,0,1e-05
26526,3.67704400718992,0,1e-05
26527,3.71052706089685,0,1e-05
26528,3.68009227727913,0,1e-05
26529,3.71313411110564,0,1e-05
26530,3.68314751776911,0,1e-05
26531,3.71574826827466,0,1e-05
26532,3.6862097431844,0,1e-05
26533,3.71836954779345,0,1e-05
26534,3.68927896808932,0,1e-05
26535,3.72099796508819,0,1e-05
26536,3.69235520708971,0,1e-05
26537,3.72363353562844,0,1e-05
26538,3.69543847483174,0,1e-05
26539,3.72627627491855,0,1e-05
26540,3.69852878600168,0,1e-05
26541,3.72892619850387,0,1e-05
26542,3.70162615532913,0,1e-05
26543,3.73158332197092,0,1e-05
26544,3.70473059757571,0,1e-05
26545,3.73424766094012,0,1e-05
26546,3.70784212755118,0,1e-05
26547,3.73691923107512,0,1e-05
26548,3.71096076010833,0,1e-05
26549,3.73959804808134,0,1e-05
26550,3.71408651013045,0,1e-05
26551,3.7422841276991,0,1e-05
26552,3.71721939255578,0,1e-05
26553,3.74497748571291,0,1e-05
26554,3.72035942235316,0,1e-05
26555,3.74767813794752,0,1e-05
26556,3.72350661454299,0,1e-05
26557,3.75038610026295,0,1e-05
26558,3.7266609841788,0,1e-05
26559,3.75310138857025,0,1e-05
26560,3.72982254635605,0,1e-05
26561,3.75582401880637,0,1e-05
26562,3.73299131621577,0,1e-05
26563,3.75855400695733,0,1e-05
26564,3.73616730894454,0,1e-05
26565,3.7612913690528,0,1e-05
26566,3.73935053976199,0,1e-05
26567,3.76403612115605,0,1e-05
26568,3.74254102394181,0,1e-05
26569,3.76678827938202,0,1e-05
26570,3.74573877678799,0,1e-05
26571,3.76954785987273,0,1e-05
26572,3.74894381365759,0,1e-05
26573,3.77231487882087,0,1e-05
26574,3.75215614994314,0,1e-05
26575,3.77508935246439,0,1e-05
26576,3.75537580107898,0,1e-05
26577,3.77787129706402,0,1e-05
26578,3.7586027825594,0,1e-05
26579,3.78066072895515,0,1e-05
26580,3.76183710991283,0,1e-05
26581,3.78345766448922,0,1e-05
26582,3.76507879869338,0,1e-05
26583,3.7862621200609,0,1e-05
26584,3.76832786452144,0,1e-05
26585,3.78907411211578,0,1e-05
26586,3.77158432305051,0,1e-05
26587,3.79189365714376,0,1e-05
26588,3.77484818999045,0,1e-05
26589,3.79472077165933,0,1e-05
26590,3.77811948108161,0,1e-05
26591,3.79755547225275,0,1e-05
26592,3.78139821211196,0,1e-05
26593,3.80039777552275,0,1e-05
26594,3.78468439890466,0,1e-05
26595,3.8032476981276,0,1e-05
26596,3.78797805735295,0,1e-05
26597,3.80610525676557,0,1e-05
26598,3.79127920338811,0,1e-05
26599,3.80897046819207,0,1e-05
26600,3.79458785295589,0,1e-05
26601,3.81184334918039,0,1e-05
26602,3.7979040220837,0,1e-05
26603,3.81472391656451,0,1e-05
26604,3.80122772683763,0,1e-05
26605,3.81761218722888,0,1e-05
26606,3.80455898330938,0,1e-05
26607,3.82050817808335,0,1e-05
26608,3.80789780766141,0,1e-05
26609,3.8234119060912,0,1e-05
26610,3.81124421609279,0,1e-05
26611,3.82632338826299,0,1e-05
26612,3.8145982248208,0,1e-05
26613,3.82924264163732,0,1e-05
26614,3.81795985014865,0,1e-05
26615,3.83216968332128,0,1e-05
26616,3.82132910841628,0,1e-05
26617,3.83510453046163,0,1e-05
26618,3.8247060160021,0,1e-05
26619,3.83804720022337,0,1e-05
26620,3.82809058930974,0,1e-05
26621,3.84099770984135,0,1e-05
26622,3.83148284486819,0,1e-05
26623,3.84395607661934,0,1e-05
26624,3.83488279915892,0,1e-05
26625,3.84692231785415,0,1e-05
26626,3.83829046875119,0,1e-05
26627,3.84989645090799,0,1e-05
26628,3.84170587028586,0,1e-05
26629,3.8528784932184,0,1e-05
26630,3.8451290204036,0,1e-05
26631,3.85586846223018,0,1e-05
26632,3.84855993584326,0,1e-05
26633,3.85886637545027,0,1e-05
26634,3.85199863333557,0,1e-05
26635,3.86187225042701,0,1e-05
26636,3.85544512969672,0,1e-05
26637,3.8648861047507,0,1e-05
26638,3.85889944178555,0,1e-05
26639,3.86790795607972,0,1e-05
26640,3.86236158651221,0,1e-05
26641,3.87093782208706,0,1e-05
26642,3.86583158080085,0,1e-05
26643,3.87397572052386,0,1e-05
26644,3.86930944168805,0,1e-05
26645,3.87702166918886,0,1e-05
26646,3.87279518621118,0,1e-05
26647,3.88007568588216,0,1e-05
26648,3.87628883150032,0,1e-05
26649,3.88313778852653,0,1e-05
26650,3.87979039463394,0,1e-05
26651,3.88620799500054,0,1e-05
26652,3.88329989285208,0,1e-05
26653,3.88928632328871,0,1e-05
26654,3.88681734342192,0,1e-05
26655,3.8923727914555,0,1e-05
26656,3.89034276357329,0,1e-05
26657,3.89546741749192,0,1e-05
26658,3.89387617077019,0,1e-05
26659,3.89857021962444,0,1e-05
26660,3.89741758232872,0,1e-05
26661,3.90168121596573,0,1e-05
26662,3.90096701573914,0,1e-05
26663,3.90480042474551,0,1e-05
26664,3.90452448845906,0,1e-05
26665,3.9079278641907,0,1e-05
26666,3.90809001805786,0,1e-05
26667,3.91106355264914,0,1e-05
26668,3.91166362210577,0,1e-05
26669,3.91420750848841,0,1e-05
26670,3.91524531835524,0,1e-05
26671,3.91735975014584,0,1e-05
26672,3.91883512440302,0,1e-05
26673,3.92052029602018,0,1e-05
26674,3.92243305802643,0,1e-05
26675,3.92368916465665,0,1e-05
26676,3.92603913708421,0,1e-05
26677,3.92686637463191,0,1e-05
26678,3.92965337937981,0,1e-05
26679,3.93005194454202,0,1e-05
26680,3.93327580285942,0,1e-05
26681,3.93324589305552,0,1e-05
26682,3.93690642546731,0,1e-05
26683,3.93644823889177,0,1e-05
26684,3.94054526525346,0,1e-05
26685,3.93965900082327,0,1e-05
26686,3.94419234025007,0,1e-05
26687,3.94287819762742,0,1e-05
26688,3.94784766856626,0,1e-05
26689,3.94610584818862,0,1e-05
26690,3.95151126841553,0,1e-05
26691,3.9493419714515,0,1e-05
26692,3.95518315799658,0,1e-05
26693,3.95258658635267,0,1e-05
26694,3.95886335559861,0,1e-05
26695,3.95583971191467,0,1e-05
26696,3.96255187955481,0,1e-05
26697,3.95910136716065,0,1e-05
26698,3.96624874822664,0,1e-05
26699,3.96237157133072,0,1e-05
26700,3.96995398012685,0,1e-05
26701,3.96565034350409,0,1e-05
26702,3.97366759366115,0,1e-05
26703,3.96893770293063,0,1e-05
26704,3.97738960744322,0,1e-05
26705,3.97223366893347,0,1e-05
26706,3.98112004013341,0,1e-05
26707,3.97553826083908,0,1e-05
26708,3.98485891030515,0,1e-05
26709,3.97885149802675,0,1e-05
26710,3.98860623676222,0,1e-05
26711,3.98217339994056,0,1e-05
26712,3.9923620381637,0,1e-05
26713,3.98550398604863,0,1e-05
26714,3.99612633338662,0,1e-05
26715,3.98884327590328,0,1e-05
26716,3.99989914133155,0,1e-05
26717,3.99219128912617,0,1e-05
26718,4.00368048095418,0,1e-05
26719,3.99554804538868,0,1e-05
26720,4.00747037113573,0,1e-05
26721,3.99891356431404,0,1e-05
26722,4.01126883113787,0,1e-05
26723,4.00228786579376,0,1e-05
26724,4.01507587987148,0,1e-05
26725,4.00567096955261,0,1e-05
26726,4.01889153660514,0,1e-05
26727,4.00906289548201,0,1e-05
26728,4.02271582049392,0,1e-05
26729,4.01246366351041,0,1e-05
26730,4.02654875079657,0,1e-05
26731,4.0158732936182,0,1e-05
26732,4.03039034693384,0,1e-05
26733,4.0192918058485,0,1e-05
26734,4.03424062829233,0,1e-05
26735,4.02271922032209,0,1e-05
26736,4.03809961427369,0,1e-05
26737,4.0261555571396,0,1e-05
26738,4.04196732446017,0,1e-05
26739,4.02960083656209,0,1e-05
26740,4.04584377826733,0,1e-05
26741,4.03305507875166,0,1e-05
26742,4.04972899549915,0,1e-05
26743,4.03651830419143,0,1e-05
26744,4.05362299578868,0,1e-05
26745,4.03999053309727,0,1e-05
26746,4.05752579874493,0,1e-05
26747,4.04347178597558,0,1e-05
26748,4.06143742442477,0,1e-05
26749,4.04696208339371,0,1e-05
26750,4.06535789247243,0,1e-05
26751,4.05046144572705,0,1e-05
26752,4.06928722293958,0,1e-05
26753,4.05396989370112,0,1e-05
26754,4.07322543574429,0,1e-05
26755,4.05748744796524,0,1e-05
26756,4.07717255085598,0,1e-05
26757,4.06101412911158,0,1e-05
26758,4.0811285885276,0,1e-05
26759,4.06454995812229,0,1e-05
26760,4.08509356874663,0,1e-05
26761,4.0680949556463,0,1e-05
26762,4.08906751193524,0,1e-05
26763,4.07164914270322,0,1e-05
26764,4.0930504382556,0,1e-05
26765,4.07521254021287,0,1e-05
26766,4.09704236811481,0,1e-05
26767,4.07878516922029,0,1e-05
26768,4.10104332183982,0,1e-05
26769,4.08236705068024,0,1e-05
26770,4.10505331989426,0,1e-05
26771,4.08595820582462,0,1e-05
26772,4.10907238295693,0,1e-05
26773,4.08955865590757,0,1e-05
26774,4.1131005314895,0,1e-05
26775,4.09316842200531,0,1e-05
26776,4.11713778610219,0,1e-05
26777,4.09678752549475,0,1e-05
26778,4.12118416752694,0,1e-05
26779,4.10041598773903,0,1e-05
26780,4.12523969665833,0,1e-05
26781,4.10405383027824,0,1e-05
26782,4.12930439433243,0,1e-05
26783,4.10770107454401,0,1e-05
26784,4.133378281375,0,1e-05
26785,4.11135774205967,0,1e-05
26786,4.13746137881225,0,1e-05
26787,4.11502385447095,0,1e-05
26788,4.14155370749632,0,1e-05
26789,4.11869943328468,0,1e-05
26790,4.14565528867309,0,1e-05
26791,4.12238450046872,0,1e-05
26792,4.14976614349806,0,1e-05
26793,4.12607907770765,0,1e-05
26794,4.15388629317279,0,1e-05
26795,4.12978318689334,0,1e-05
26796,4.15801575899205,0,1e-05
26797,4.13349684994717,0,1e-05
26798,4.16215456246043,0,1e-05
26799,4.13722008901318,0,1e-05
26800,4.16630272499213,0,1e-05
26801,4.14095292607414,0,1e-05
26802,4.17046026767865,0,1e-05
26803,4.14469538299408,0,1e-05
26804,4.17462721248272,0,1e-05
26805,4.14844748221767,0,1e-05
26806,4.17880358088239,0,1e-05
26807,4.15220924585932,0,1e-05
26808,4.18298939448635,0,1e-05
26809,4.15598069627653,0,1e-05
26810,4.18718467507173,0,1e-05
26811,4.15976185573019,0,1e-05
26812,4.19138944451542,0,1e-05
26813,4.16355274686181,0,1e-05
26814,4.19560372473804,0,1e-05
26815,4.16735339201239,0,1e-05
26816,4.19982753749295,0,1e-05
26817,4.17116381375545,0,1e-05
26818,4.20406090512809,0,1e-05
26819,4.17498403485559,0,1e-05
26820,4.20830384949052,0,1e-05
26821,4.17881407788709,0,1e-05
26822,4.21255639272088,0,1e-05
26823,4.18265396559534,0,1e-05
26824,4.21681855715875,0,1e-05
26825,4.18650372090131,0,1e-05
26826,4.22109036484584,0,1e-05
26827,4.19036336645265,0,1e-05
26828,4.2253718384472,0,1e-05
26829,4.19423292554449,0,1e-05
26830,4.22966300031405,0,1e-05
26831,4.19811242099164,0,1e-05
26832,4.23396387281869,0,1e-05
26833,4.20200187594949,0,1e-05
26834,4.2382744787748,0,1e-05
26835,4.20590131377929,0,1e-05
26836,4.24259484071191,0,1e-05
26837,4.20981075751885,0,1e-05
26838,4.24692498130617,0,1e-05
26839,4.21373023035809,0,1e-05
26840,4.25126492328115,0,1e-05
26841,4.21765975580982,0,1e-05
26842,4.25561468945879,0,1e-05
26843,4.22159935726058,0,1e-05
26844,4.2599743028259,0,1e-05
26845,4.22554905813477,0,1e-05
26846,4.26434378643474,0,1e-05
26847,4.22950888211575,0,1e-05
26848,4.26872316311253,0,1e-05
26849,4.23347885277749,0,1e-05
26850,4.27311245617289,0,1e-05
26851,4.23745899369541,0,1e-05
26852,4.27751168865487,0,1e-05
26853,4.2414493287608,0,1e-05
26854,4.28192088401629,0,1e-05
26855,4.24544988191746,0,1e-05
26856,4.2863400655889,0,1e-05
26857,4.24946067699592,0,1e-05
26858,4.29076925677845,0,1e-05
26859,4.25348173809885,0,1e-05
26860,4.29520848121521,0,1e-05
26861,4.25751308915285,0,1e-05
26862,4.29965776218003,0,1e-05
26863,4.26155475429201,0,1e-05
26864,4.30411712352626,0,1e-05
26865,4.26560675792162,0,1e-05
26866,4.30858658880092,0,1e-05
26867,4.2696691238749,0,1e-05
26868,4.31306618197514,0,1e-05
26869,4.27374187688755,0,1e-05
26870,4.31755592658147,0,1e-05
26871,4.27782504099244,0,1e-05
26872,4.32205584680416,0,1e-05
26873,4.28191864093895,0,1e-05
26874,4.32656596672494,0,1e-05
26875,4.28602270157219,0,1e-05
26876,4.33108631043924,0,1e-05
26877,4.29013724708587,0,1e-05
26878,4.33561690213409,0,1e-05
26879,4.29426230241176,0,1e-05
26880,4.34015776584801,0,1e-05
26881,4.29839789209453,0,1e-05
26882,4.34470892596062,0,1e-05
26883,4.30254404142014,0,1e-05
26884,4.34927040698998,0,1e-05
26885,4.30670077489342,0,1e-05
26886,4.35384223337912,0,1e-05
26887,4.31086811759988,0,1e-05
26888,4.35842442951809,0,1e-05
26889,4.31504609483732,0,1e-05
26890,4.3630170202972,0,1e-05
26891,4.31923473156187,0,1e-05
26892,4.36762002971285,0,1e-05
26893,4.32343405265106,0,1e-05
26894,4.37223348299744,0,1e-05
26895,4.3276440837081,0,1e-05
26896,4.3768574054418,0,1e-05
26897,4.33186485055833,0,1e-05
26898,4.38149182142662,0,1e-05
26899,4.33609637797678,0,1e-05
26900,4.38613675623189,0,1e-05
26901,4.34033869199941,0,1e-05
26902,4.39079223484307,0,1e-05
26903,4.34459181801382,0,1e-05
26904,4.39545828246376,0,1e-05
26905,4.3488557816053,0,1e-05
26906,4.40013492452999,0,1e-05
26907,4.35313060894382,0,1e-05
26908,4.4048221859413,0,1e-05
26909,4.3574163252334,0,1e-05
26910,4.4095200924365,0,1e-05
26911,4.36171295698447,0,1e-05
26912,4.41422866965415,0,1e-05
26913,4.36602052997903,0,1e-05
26914,4.4189479428866,0,1e-05
26915,4.3703390702846,0,1e-05
26916,4.42367793784553,0,1e-05
26917,4.37466860394518,0,1e-05
26918,4.42841868013909,0,1e-05
26919,4.3790091572303,0,1e-05
26920,4.43317019573785,0,1e-05
26921,4.38336075647225,0,1e-05
26922,4.43793251068895,0,1e-05
26923,4.38772342823272,0,1e-05
26924,4.44270565068885,0,1e-05
26925,4.39209719874494,0,1e-05
26926,4.44748964229223,0,1e-05
26927,4.39648209488907,0,1e-05
26928,4.45228451094156,0,1e-05
26929,4.40087814285932,0,1e-05
26930,4.45709028333905,0,1e-05
26931,4.40528536942375,0,1e-05
26932,4.46190698532674,0,1e-05
26933,4.40970380158846,0,1e-05
26934,4.46673464390562,0,1e-05
26935,4.41413346608103,0,1e-05
26936,4.47157328519499,0,1e-05
26937,4.41857438989357,0,1e-05
26938,4.47642293607496,0,1e-05
26939,4.42302660024822,0,1e-05
26940,4.48128362287504,0,1e-05
26941,4.42749012407654,0,1e-05
26942,4.4861553727553,0,1e-05
26943,4.43196498905971,0,1e-05
26944,4.4910382125728,0,1e-05
26945,4.43645122204903,0,1e-05
26946,4.49593216863784,0,1e-05
26947,4.44094885033395,0,1e-05
26948,4.50083726815826,0,1e-05
26949,4.44545790124949,0,1e-05
26950,4.50575353838832,0,1e-05
26951,4.44997840281397,0,1e-05
26952,4.51068100632272,0,1e-05
26953,4.45451038207075,0,1e-05
26954,4.5156196993414,0,1e-05
26955,4.45905386739449,0,1e-05
26956,4.52056964488113,0,1e-05
26957,4.4636088859819,0,1e-05
26958,4.52553086992732,0,1e-05
26959,4.46817546592595,0,1e-05
26960,4.53050340284377,0,1e-05
26961,4.47275363584994,0,1e-05
26962,4.53548727079147,0,1e-05
26963,4.4773434230177,0,1e-05
26964,4.54048250142041,0,1e-05
26965,4.48194485577534,0,1e-05
26966,4.54548912235939,0,1e-05
26967,4.48655796213293,0,1e-05
26968,4.55050716195832,0,1e-05
26969,4.49118277077414,0,1e-05
26970,4.55553664775098,0,1e-05
26971,4.49581930985539,0,1e-05
26972,4.56057760785097,0,1e-05
26973,4.5004676079456,0,1e-05
26974,4.5656300709232,0,1e-05
26975,4.50512769415784,0,1e-05
26976,4.57069406472279,0,1e-05
26977,4.5097995964296,0,1e-05
26978,4.57576961803839,0,1e-05
26979,4.51448334393358,0,1e-05
26980,4.58085675876198,0,1e-05
26981,4.51917896528049,0,1e-05
26982,4.5859555160219,0,1e-05
26983,4.52388648955325,0,1e-05
26984,4.5910659177133,0,1e-05
26985,4.52860594562512,0,1e-05
26986,4.59618799291131,0,1e-05
26987,4.53333736262935,0,1e-05
26988,4.60132177040735,0,1e-05
26989,4.53808077005076,0,1e-05
26990,4.60646727906688,0,1e-05
26991,4.54283619675223,0,1e-05
26992,4.61162454760219,0,1e-05
26993,4.54760367211815,0,1e-05
26994,4.61679360571035,0,1e-05
26995,4.55238322616404,0,1e-05
26996,4.62197448195518,0,1e-05
26997,4.55717488818558,0,1e-05
26998,4.62716720614507,0,1e-05
26999,4.56197868758185,0,1e-05
27000,4.63237180732618,0,1e-05
27001,4.5667946545773,0,1e-05
27002,4.63758831517948,0,1e-05
27003,4.57162281864775,0,1e-05
27004,4.64281675900423,0,1e-05
27005,4.57646321014055,0,1e-05
27006,4.64805716877608,0,1e-05
27007,4.58131585905653,0,1e-05
27008,4.65330957471595,0,1e-05
27009,4.58618079562744,0,1e-05
27010,4.65857400550638,0,1e-05
27011,4.59105804945579,0,1e-05
27012,4.66385049186137,0,1e-05
27013,4.59594765139087,0,1e-05
27014,4.66913906351867,0,1e-05
27015,4.60084963170314,0,1e-05
27016,4.67443975083343,0,1e-05
27017,4.60576402085119,0,1e-05
27018,4.67975258391057,0,1e-05
27019,4.61069084973248,0,1e-05
27020,4.68507759348092,0,1e-05
27021,4.61563014886221,0,1e-05
27022,4.69041480918454,0,1e-05
27023,4.62058194898907,0,1e-05
27024,4.69576426270151,0,1e-05
27025,4.62554628136649,0,1e-05
27026,4.70112598360987,0,1e-05
27027,4.63052317631011,0,1e-05
27028,4.70650000323722,0,1e-05
27029,4.63551266556422,0,1e-05
27030,4.71188635205907,0,1e-05
27031,4.64051477994672,0,1e-05
27032,4.7172850612861,0,1e-05
27033,4.64552955103249,0,1e-05
27034,4.72269616255665,0,1e-05
27035,4.6505570106365,0,1e-05
27036,4.72811968675148,0,1e-05
27037,4.65559718991839,0,1e-05
27038,4.73355566417082,0,1e-05
27039,4.66065011979879,0,1e-05
27040,4.73900412702354,0,1e-05
27041,4.66571583259921,0,1e-05
27042,4.74446510665043,0,1e-05
27043,4.67079436024853,0,1e-05
27044,4.74993863431788,0,1e-05
27045,4.67588573419797,0,1e-05
27046,4.75542474225462,0,1e-05
27047,4.68098998684966,0,1e-05
27048,4.76092346162988,0,1e-05
27049,4.68610715023159,0,1e-05
27050,4.76643482486334,0,1e-05
27051,4.69123725643116,0,1e-05
27052,4.77195886395552,0,1e-05
27053,4.69638033807686,0,1e-05
27054,4.77749561077106,0,1e-05
27055,4.70153642768029,0,1e-05
27056,4.78304509809459,0,1e-05
27057,4.70670555720632,0,1e-05
27058,4.7886073571711,0,1e-05
27059,4.71188775978608,0,1e-05
27060,4.79418242165711,0,1e-05
27061,4.71708306833994,0,1e-05
27062,4.79977032363476,0,1e-05
27063,4.72229151554577,0,1e-05
27064,4.80537109484382,0,1e-05
27065,4.72751313331331,0,1e-05
27066,4.81098476840472,0,1e-05
27067,4.73274795548616,0,1e-05
27068,4.81661137729085,0,1e-05
27069,4.73799601474676,0,1e-05
27070,4.82225095486645,0,1e-05
27071,4.74325734545987,0,1e-05
27072,4.82790353466461,0,1e-05
27073,4.74853198075335,0,1e-05
27074,4.8335691487877,0,1e-05
27075,4.75381995350036,0,1e-05
27076,4.83924783151014,0,1e-05
27077,4.75912129833019,0,1e-05
27078,4.84493961577638,0,1e-05
27079,4.76443604785595,0,1e-05
27080,4.85064453489114,0,1e-05
27081,4.76976423590548,0,1e-05
27082,4.85636262236596,0,1e-05
27083,4.77510589710537,0,1e-05
27084,4.86209391277301,0,1e-05
27085,4.78046106524352,0,1e-05
27086,4.86783843951662,0,1e-05
27087,4.78582977428433,0,1e-05
27088,4.87359623680395,0,1e-05
27089,4.79121205887007,0,1e-05
27090,4.87936733811339,0,1e-05
27091,4.79660795310356,0,1e-05
27092,4.88515177813924,0,1e-05
27093,4.80201749118381,0,1e-05
27094,4.89094959140808,0,1e-05
27095,4.80744070896302,0,1e-05
27096,4.89676081190371,0,1e-05
27097,4.81287763905797,0,1e-05
27098,4.90258547443059,0,1e-05
27099,4.81832831778107,0,1e-05
27100,4.90842361370727,0,1e-05
27101,4.82379277993968,0,1e-05
27102,4.91427526435709,0,1e-05
27103,4.82927106036351,0,1e-05
27104,4.92014046145836,0,1e-05
27105,4.83476319422753,0,1e-05
27106,4.92601924001087,0,1e-05
27107,4.84026921762486,0,1e-05
27108,4.93191163637397,0,1e-05
27109,4.8457891649121,0,1e-05
27110,4.93781768295978,0,1e-05
27111,4.85132307143466,0,1e-05
27112,4.94373741713559,0,1e-05
27113,4.85687097308276,0,1e-05
27114,4.94967087405645,0,1e-05
27115,4.86243290633271,0,1e-05
27116,4.95561808969387,0,1e-05
27117,4.86800890624053,0,1e-05
27118,4.96157909896696,0,1e-05
27119,4.87359900884583,0,1e-05
27120,4.96755393859039,0,1e-05
27121,4.87920325069246,0,1e-05
27122,4.97354264424361,0,1e-05
27123,4.88482166827064,0,1e-05
27124,4.97954525128836,0,1e-05
27125,4.89045429650506,0,1e-05
27126,4.98556179709003,0,1e-05
27127,4.89610117269371,0,1e-05
27128,4.99159231680964,0,1e-05
27129,4.90176233355197,0,1e-05
27130,4.9976368474413,0,1e-05
27131,4.9074378155337,0,1e-05
27132,5.00369542617993,0,1e-05
27133,4.91312765607702,0,1e-05
27134,5.00976809010278,0,1e-05
27135,4.91883189206549,0,1e-05
27136,5.01585487545391,0,1e-05
27137,4.92455055990782,0,1e-05
27138,5.02195581921115,0,1e-05
27139,4.93028369785984,0,1e-05
27140,5.02807095804413,0,1e-05
27141,4.93603134213836,0,1e-05
27142,5.03420033020174,0,1e-05
27143,4.94179353129805,0,1e-05
27144,5.04034397301566,0,1e-05
27145,4.94757030187488,0,1e-05
27146,5.0465019232232,0,1e-05
27147,4.95336169306883,0,1e-05
27148,5.05267421946774,0,1e-05
27149,4.95916774099482,0,1e-05
27150,5.05886089805511,0,1e-05
27151,4.964988484128,0,1e-05
27152,5.06506199746941,0,1e-05
27153,4.97082396069153,0,1e-05
27154,5.07127755629048,0,1e-05
27155,4.97667420973207,0,1e-05
27156,5.07750761293852,0,1e-05
27157,4.98253926755847,0,1e-05
27158,5.08375220350716,0,1e-05
27159,4.9884191736938,0,1e-05
27160,5.09001136811642,0,1e-05
27161,4.99431396747871,0,1e-05
27162,5.09628514501742,0,1e-05
27163,5.00022368615434,0,1e-05
27164,5.10257357235739,0,1e-05
27165,5.00614836853727,0,1e-05
27166,5.10887668873779,0,1e-05
27167,5.01208805470421,0,1e-05
27168,5.11519453540905,0,1e-05
27169,5.01804278457726,0,1e-05
27170,5.12152715007629,0,1e-05
27171,5.02401259667874,0,1e-05
27172,5.1278745715853,0,1e-05
27173,5.02999752951477,0,1e-05
27174,5.13423683950857,0,1e-05
27175,5.03599762322689,0,1e-05
27176,5.14061399307149,0,1e-05
27177,5.0420129173222,0,1e-05
27178,5.14700607156308,0,1e-05
27179,5.04804345043135,0,1e-05
27180,5.15341311562374,0,1e-05
27181,5.05408926476006,0,1e-05
27182,5.15983516515088,0,1e-05
27183,5.06015039958227,0,1e-05
27184,5.16627225988858,0,1e-05
27185,5.06622689509029,0,1e-05
27186,5.17272444108832,0,1e-05
27187,5.07231879186051,0,1e-05
27188,5.17919174876023,0,1e-05
27189,5.07842612978594,0,1e-05
27190,5.18567422070161,0,1e-05
27191,5.08454894892045,0,1e-05
27192,5.19217190006971,0,1e-05
27193,5.09068729121142,0,1e-05
27194,5.19868482777006,0,1e-05
27195,5.09684119647601,0,1e-05
27196,5.20521304252345,0,1e-05
27197,5.10301070549409,0,1e-05
27198,5.2117565868382,0,1e-05
27199,5.10919586041682,0,1e-05
27200,5.21831550140096,0,1e-05
27201,5.11539670222024,0,1e-05
27202,5.22488982829454,0,1e-05
27203,5.1216132726284,0,1e-05
27204,5.23147960892542,0,1e-05
27205,5.12784561277011,0,1e-05
27206,5.23808488382159,0,1e-05
27207,5.13409376373862,0,1e-05
27208,5.24470569588879,0,1e-05
27209,5.14035776922095,0,1e-05
27210,5.25134208703532,0,1e-05
27211,5.1466376704092,0,1e-05
27212,5.25799409807659,0,1e-05
27213,5.15293350881435,0,1e-05
27214,5.26466177387693,0,1e-05
27215,5.15924532920196,0,1e-05
27216,5.27134515323247,0,1e-05
27217,5.16557317057695,0,1e-05
27218,5.27804428158511,0,1e-05
27219,5.17191707792317,0,1e-05
27220,5.28475920014623,0,1e-05
27221,5.17827709318155,0,1e-05
27222,5.29148995220672,0,1e-05
27223,5.18465325850159,0,1e-05
27224,5.2982365803822,0,1e-05
27225,5.1910456181802,0,1e-05
27226,5.3049991267729,0,1e-05
27227,5.19745421430115,0,1e-05
27228,5.31177763558284,0,1e-05
27229,5.20387908993768,0,1e-05
27230,5.31857215080496,0,1e-05
27231,5.21032029053514,0,1e-05
27232,5.32538271557264,0,1e-05
27233,5.21677785850798,0,1e-05
27234,5.3322093740507,0,1e-05
27235,5.22325183774676,0,1e-05
27236,5.339052168321,0,1e-05
27237,5.22974227139201,0,1e-05
27238,5.34591114304387,0,1e-05
27239,5.23624920365146,0,1e-05
27240,5.35278634355476,0,1e-05
27241,5.24277267971663,0,1e-05
27242,5.35967781166644,0,1e-05
27243,5.2493127431364,0,1e-05
27244,5.36658559451875,0,1e-05
27245,5.25586943856088,0,1e-05
27246,5.37350973471415,0,1e-05
27247,5.26244280988132,0,1e-05
27248,5.38045027889836,0,1e-05
27249,5.26903290430282,0,1e-05
27250,5.3874072712552,0,1e-05
27251,5.27563976663976,0,1e-05
27252,5.39438075855381,0,1e-05
27253,5.28226344094439,0,1e-05
27254,5.40137078374822,0,1e-05
27255,5.28890397287986,0,1e-05
27256,5.40837739207986,0,1e-05
27257,5.29556140620638,0,1e-05
27258,5.41540063147316,0,1e-05
27259,5.3022357897467,0,1e-05
27260,5.42244054504,0,1e-05
27261,5.30892716618103,0,1e-05
27262,5.42949717914754,0,1e-05
27263,5.31563558278763,0,1e-05
27264,5.43657058191065,0,1e-05
27265,5.32236108685103,0,1e-05
27266,5.4436607976919,0,1e-05
27267,5.32910372341876,0,1e-05
27268,5.45076787450366,0,1e-05
27269,5.33586353996309,0,1e-05
27270,5.45789185788588,0,1e-05
27271,5.34264058169063,0,1e-05
27272,5.4650327946014,0,1e-05
27273,5.34943489660538,0,1e-05
27274,5.4721907320671,0,1e-05
27275,5.35624653155143,0,1e-05
27276,5.47936571648258,0,1e-05
27277,5.3630755323038,0,1e-05
27278,5.48655779453859,0,1e-05
27279,5.36992194644214,0,1e-05
27280,5.49376701411021,0,1e-05
27281,5.37678582136748,0,1e-05
27282,5.50099342558383,0,1e-05
27283,5.38366720705263,0,1e-05
27284,5.50823707381885,0,1e-05
27285,5.39056615051114,0,1e-05
27286,5.51549800878573,0,1e-05
27287,5.39748269892568,0,1e-05
27288,5.52277627656236,0,1e-05
27289,5.40441689881023,0,1e-05
27290,5.53007192361151,0,1e-05
27291,5.41136879841704,0,1e-05
27292,5.53738500157288,0,1e-05
27293,5.41833844824588,0,1e-05
27294,5.54471555822905,0,1e-05
27295,5.42532589601412,0,1e-05
27296,5.55206364161033,0,1e-05
27297,5.43233118987655,0,1e-05
27298,5.5594293024356,0,1e-05
27299,5.43935438106741,0,1e-05
27300,5.56681258783023,0,1e-05
27301,5.44639551664314,0,1e-05
27302,5.57421354896242,0,1e-05
27303,5.45345464771254,0,1e-05
27304,5.58163223506761,0,1e-05
27305,5.46053182283028,0,1e-05
27306,5.58906869590185,0,1e-05
27307,5.46762709093102,0,1e-05
27308,5.59652298104837,0,1e-05
27309,5.47474050392514,0,1e-05
27310,5.60399514061354,0,1e-05
27311,5.48187210988563,0,1e-05
27312,5.61148522241498,0,1e-05
27313,5.48902195736882,0,1e-05
27314,5.61899327781548,0,1e-05
27315,5.49619009931594,0,1e-05
27316,5.62651935806851,0,1e-05
27317,5.50337658588315,0,1e-05
27318,5.63406351647215,0,1e-05
27319,5.51058146777348,0,1e-05
27320,5.64162580005624,0,1e-05
27321,5.51780479502273,0,1e-05
27322,5.64920626266443,0,1e-05
27323,5.52504662098485,0,1e-05
27324,5.65680495417816,0,1e-05
27325,5.53230699549573,0,1e-05
27326,5.66442192728185,0,1e-05
27327,5.53958597097122,0,1e-05
27328,5.67205723382447,0,1e-05
27329,5.5468835976564,0,1e-05
27330,5.67971092384988,0,1e-05
27331,5.55419992737246,0,1e-05
27332,5.6873830500451,0,1e-05
27333,5.56153501327695,0,1e-05
27334,5.69507366401785,0,1e-05
27335,5.56888890562594,0,1e-05
27336,5.7027828206135,0,1e-05
27337,5.57626165965263,0,1e-05
27338,5.71051056990767,0,1e-05
27339,5.58365332501998,0,1e-05
27340,5.71825696622861,0,1e-05
27341,5.59106395744783,0,1e-05
27342,5.72602206318727,0,1e-05
27343,5.59849360811922,0,1e-05
27344,5.7338059133736,0,1e-05
27345,5.60594233136765,0,1e-05
27346,5.74160856969754,0,1e-05
27347,5.61341017857636,0,1e-05
27348,5.74943008392036,0,1e-05
27349,5.62089720418517,0,1e-05
27350,5.7572705123799,0,1e-05
27351,5.62840346196438,0,1e-05
27352,5.76512990880813,0,1e-05
27353,5.6359290058083,0,1e-05
27354,5.773008327287,0,1e-05
27355,5.64347389109901,0,1e-05
27356,5.78090582337537,0,1e-05
27357,5.65103817172886,0,1e-05
27358,5.78882244943608,0,1e-05
27359,5.65862190139543,0,1e-05
27360,5.79675826028633,0,1e-05
27361,5.66622513478897,0,1e-05
27362,5.80471331535602,0,1e-05
27363,5.67384792773323,0,1e-05
27364,5.81268766260262,0,1e-05
27365,5.68149033322341,0,1e-05
27366,5.82068136267549,0,1e-05
27367,5.68915240899987,0,1e-05
27368,5.82869447056405,0,1e-05
27369,5.69683421114561,0,1e-05
27370,5.83672704080039,0,1e-05
27371,5.70453579311918,0,1e-05
27372,5.84477912984767,0,1e-05
27373,5.712257212218,0,1e-05
27374,5.85285079374166,0,1e-05
27375,5.71999852348495,0,1e-05
27376,5.86094208953613,0,1e-05
27377,5.72775978352183,0,1e-05
27378,5.86905307418895,0,1e-05
27379,5.73554104898593,0,1e-05
27380,5.87718380262874,0,1e-05
27381,5.74334237729729,0,1e-05
27382,5.88533433265981,0,1e-05
27383,5.75116382478927,0,1e-05
27384,5.89350472252964,0,1e-05
27385,5.75900544820386,0,1e-05
27386,5.90169502877336,0,1e-05
27387,5.76686730511324,0,1e-05
27388,5.90990530929489,0,1e-05
27389,5.77474945451568,0,1e-05
27390,5.91813561997235,0,1e-05
27391,5.78265194953905,0,1e-05
27392,5.92638602386104,0,1e-05
27393,5.79057485698713,0,1e-05
27394,5.93465657712188,0,1e-05
27395,5.79851822764027,0,1e-05
27396,5.94294733755787,0,1e-05
27397,5.80648212227059,0,1e-05
27398,5.95125836250223,0,1e-05
27399,5.81446660011583,0,1e-05
27400,5.9595897148582,0,1e-05
27401,5.82247171855584,0,1e-05
27402,5.96794144984196,0,1e-05
27403,5.83049753779232,0,1e-05
27404,5.97631363187121,0,1e-05
27405,5.83854411984447,0,1e-05
27406,5.98470631623626,0,1e-05
27407,5.84661151880025,0,1e-05
27408,5.99311956384006,0,1e-05
27409,5.85469979706295,0,1e-05
27410,6.00155343229493,0,1e-05
27411,5.86280901290015,0,1e-05
27412,6.01000798545483,0,1e-05
27413,5.87093922806582,0,1e-05
27414,6.01848328409262,0,1e-05
27415,5.87909050445131,0,1e-05
27416,6.02697938806107,0,1e-05
27417,5.88726290153673,0,1e-05
27418,6.03549635842511,0,1e-05
27419,5.89545647913186,0,1e-05
27420,6.04403425392715,0,1e-05
27421,5.90367129763179,0,1e-05
27422,6.05259313979416,0,1e-05
27423,5.91190741924855,0,1e-05
27424,6.0611730756331,0,1e-05
27425,5.92016490774156,0,1e-05
27426,6.06977412330904,0,1e-05
27427,5.92844381963327,0,1e-05
27428,6.07839634351447,0,1e-05
27429,5.93674422309452,0,1e-05
27430,6.08703980467907,0,1e-05
27431,5.94506617664942,0,1e-05
27432,6.09570456341202,0,1e-05
27433,5.95340974378898,0,1e-05
27434,6.10439068541109,0,1e-05
27435,5.96177498811902,0,1e-05
27436,6.11309823303733,0,1e-05
27437,5.97016197135298,0,1e-05
27438,6.12182727077139,0,1e-05
27439,5.97857075771122,0,1e-05
27440,6.13057785894289,0,1e-05
27441,5.98700140958807,0,1e-05
27442,6.13935006455519,0,1e-05
27443,5.99545398889233,0,1e-05
27444,6.14814394770748,0,1e-05
27445,6.00392855953163,0,1e-05
27446,6.15695957762341,0,1e-05
27447,6.01242519082984,0,1e-05
27448,6.16579701637287,0,1e-05
27449,6.02094394337321,0,1e-05
27450,6.17465632972421,0,1e-05
27451,6.02948488147286,0,1e-05
27452,6.18353758124884,0,1e-05
27453,6.03804807066795,0,1e-05
27454,6.19244083632684,0,1e-05
27455,6.0466335741467,0,1e-05
27456,6.20136615862821,0,1e-05
27457,6.05524145891543,0,1e-05
27458,6.210313617871,0,1e-05
27459,6.06387179060732,0,1e-05
27460,6.21928327870988,0,1e-05
27461,6.07252463732814,0,1e-05
27462,6.22827520881214,0,1e-05
27463,6.08120006029874,0,1e-05
27464,6.23728947036208,0,1e-05
27465,6.08989812855852,0,1e-05
27466,6.24632613417169,0,1e-05
27467,6.0986189081141,0,1e-05
27468,6.25538526559443,0,1e-05
27469,6.10736246916327,0,1e-05
27470,6.26446693242734,0,1e-05
27471,6.11612887235358,0,1e-05
27472,6.27357120359372,0,1e-05
27473,6.12491819062668,0,1e-05
27474,6.28269814454575,0,1e-05
27475,6.1337304903789,0,1e-05
27476,6.29184782351776,0,1e-05
27477,6.14256583466436,0,1e-05
27478,6.30102030895372,0,1e-05
27479,6.15142429792913,0,1e-05
27480,6.31021567023094,0,1e-05
27481,6.1603059442176,0,1e-05
27482,6.31943397581089,0,1e-05
27483,6.16921084443785,0,1e-05
27484,6.32867529164274,0,1e-05
27485,6.17813906317871,0,1e-05
27486,6.33793969313693,0,1e-05
27487,6.18709067937597,0,1e-05
27488,6.34722724989193,0,1e-05
27489,6.19606575456686,0,1e-05
27490,6.35653802833137,0,1e-05
27491,6.20506436073834,0,1e-05
27492,6.365872095999,0,1e-05
27493,6.21408656405867,0,1e-05
27494,6.37522952641425,0,1e-05
27495,6.22313243802117,0,1e-05
27496,6.38461039026762,0,1e-05
27497,6.23220205382737,0,1e-05
27498,6.39401476184663,0,1e-05
27499,6.24129548117621,0,1e-05
27500,6.40344270759049,0,1e-05
27501,6.2504127919677,0,1e-05
27502,6.41289429696399,0,1e-05
27503,6.25955405425465,0,1e-05
27504,6.42236960694293,0,1e-05
27505,6.26871934114843,0,1e-05
27506,6.43186870881982,0,1e-05
27507,6.27790872665875,0,1e-05
27508,6.44139167322754,0,1e-05
27509,6.28712228215689,0,1e-05
27510,6.45093857331303,0,1e-05
27511,6.29636007699437,0,1e-05
27512,6.4605094851073,0,1e-05
27513,6.30562218873441,0,1e-05
27514,6.47010447754973,0,1e-05
27515,6.31490868631144,0,1e-05
27516,6.47972362486413,0,1e-05
27517,6.32421964334794,0,1e-05
27518,6.48936700083792,0,1e-05
27519,6.33355513430458,0,1e-05
27520,6.49903468069008,0,1e-05
27521,6.34291523240666,0,1e-05
27522,6.50872673656311,0,1e-05
27523,6.3523000128519,0,1e-05
27524,6.5184432478632,0,1e-05
27525,6.3617095500642,0,1e-05
27526,6.52818428697265,0,1e-05
27527,6.37114391761053,0,1e-05
27528,6.53794992487747,0,1e-05
27529,6.38060318701387,0,1e-05
27530,6.54774023961396,0,1e-05
27531,6.39008743834212,0,1e-05
27532,6.55755531098979,0,1e-05
27533,6.39959674863457,0,1e-05
27534,6.56739521015896,0,1e-05
27535,6.40913118884059,0,1e-05
27536,6.57726001616237,0,1e-05
27537,6.41869083445614,0,1e-05
27538,6.58714980036724,0,1e-05
27539,6.42827576461966,0,1e-05
27540,6.59706464931162,0,1e-05
27541,6.437886056749,0,1e-05
27542,6.6070046301561,0,1e-05
27543,6.44752178636363,0,1e-05
27544,6.61696982613257,0,1e-05
27545,6.45718303026496,0,1e-05
27546,6.6269603198662,0,1e-05
27547,6.46686987174086,0,1e-05
27548,6.63697617685977,0,1e-05
27549,6.47658237554267,0,1e-05
27550,6.64701748341613,0,1e-05
27551,6.4863206285256,0,1e-05
27552,6.65708431790752,0,1e-05
27553,6.4960847113207,0,1e-05
27554,6.66717675890472,0,1e-05
27555,6.50587469938915,0,1e-05
27556,6.67729488279373,0,1e-05
27557,6.51569066684827,0,1e-05
27558,6.68743877209137,0,1e-05
27559,6.52553269914578,0,1e-05
27560,6.69760850482167,0,1e-05
27561,6.53540087444089,0,1e-05
27562,6.70780416220303,0,1e-05
27563,6.54529527246023,0,1e-05
27564,6.71802582641569,0,1e-05
27565,6.55521597549006,0,1e-05
27566,6.72827357993622,0,1e-05
27567,6.5651630613189,0,1e-05
27568,6.73854749767785,0,1e-05
27569,6.57513661373072,0,1e-05
27570,6.74884766586119,0,1e-05
27571,6.58513670799324,0,1e-05
27572,6.75917416183172,0,1e-05
27573,6.59516343216214,0,1e-05
27574,6.76952707359421,0,1e-05
27575,6.60521686529803,0,1e-05
27576,6.77990648380719,0,1e-05
27577,6.61529709203548,0,1e-05
27578,6.79031247149097,0,1e-05
27579,6.62540419103792,0,1e-05
27580,6.80074511887657,0,1e-05
27581,6.63553824565091,0,1e-05
27582,6.81120451407665,0,1e-05
27583,6.64569934382252,0,1e-05
27584,6.82169073614128,0,1e-05
27585,6.65588756189932,0,1e-05
27586,6.83220387903867,0,1e-05
27587,6.66610299583609,0,1e-05
27588,6.84274401717776,0,1e-05
27589,6.67634571482708,0,1e-05
27590,6.85331123888691,0,1e-05
27591,6.68661581387968,0,1e-05
27592,6.86390562519852,0,1e-05
27593,6.6969133702946,0,1e-05
27594,6.87452726596677,0,1e-05
27595,6.70723847409381,0,1e-05
27596,6.88517625341029,0,1e-05
27597,6.71759121400857,0,1e-05
27598,6.89585266157978,0,1e-05
27599,6.72797167160551,0,1e-05
27600,6.90655658855679,0,1e-05
27601,6.73837993500454,0,1e-05
27602,6.91728811015009,0,1e-05
27603,6.74881608339269,0,1e-05
27604,6.92804731436889,0,1e-05
27605,6.75928020652373,0,1e-05
27606,6.93883428952745,0,1e-05
27607,6.76977239623748,0,1e-05
27608,6.94964913372579,0,1e-05
27609,6.78029273628571,0,1e-05
27610,6.96049192415718,0,1e-05
27611,6.79084131864436,0,1e-05
27612,6.97136275424141,0,1e-05
27613,6.8014182277169,0,1e-05
27614,6.98226171675189,0,1e-05
27615,6.81202355789565,0,1e-05
27616,6.99318889037709,0,1e-05
27617,6.82265738085073,0,1e-05
27618,7.00414436675248,0,1e-05
27619,6.8333198052759,0,1e-05
27620,7.01512824314855,0,1e-05
27621,6.84401091208346,0,1e-05
27622,7.02614060850202,0,1e-05
27623,6.85473079487583,0,1e-05
27624,7.03718154768307,0,1e-05
27625,6.86547954062423,0,1e-05
27626,7.04825115720562,0,1e-05
27627,6.8762572443224,0,1e-05
27628,7.05934952663174,0,1e-05
27629,6.88706398958208,0,1e-05
27630,7.07047674715901,0,1e-05
27631,6.89789987601528,0,1e-05
27632,7.0816329156341,0,1e-05
27633,6.90876499305175,0,1e-05
27634,7.09281812068767,0,1e-05
27635,6.91965943153349,0,1e-05
27636,7.10403245236544,0,1e-05
27637,6.93058328218234,0,1e-05
27638,7.11527601337036,0,1e-05
27639,6.94153664697125,0,1e-05
27640,7.12654888774105,0,1e-05
27641,6.95251960519186,0,1e-05
27642,7.13785117010116,0,1e-05
27643,6.96353225524315,0,1e-05
27644,7.14918295425554,0,1e-05
27645,6.97457469160762,0,1e-05
27646,7.16054433969659,0,1e-05
27647,6.98564701361953,0,1e-05
27648,7.17193541849943,0,1e-05
27649,6.99674930957307,0,1e-05
27650,7.1833562900231,0,1e-05
27651,7.00788168222242,0,1e-05
27652,7.19480704807787,0,1e-05
27653,7.01904421538895,0,1e-05
27654,7.20628778437555,0,1e-05
27655,7.03023701252323,0,1e-05
27656,7.21779860425963,0,1e-05
27657,7.04146017344239,0,1e-05
27658,7.22933960143109,0,1e-05
27659,7.05271378802961,0,1e-05
27660,7.24091087088798,0,1e-05
27661,7.06399795754795,0,1e-05
27662,7.25251251292328,0,1e-05
27663,7.07531278150361,0,1e-05
27664,7.26414462517257,0,1e-05
27665,7.08665835618266,0,1e-05
27666,7.27580731475713,0,1e-05
27667,7.09803477447649,0,1e-05
27668,7.28750065847965,0,1e-05
27669,7.10944213211632,0,1e-05
27670,7.29922477714951,0,1e-05
27671,7.12088054472799,0,1e-05
27672,7.31097976594416,0,1e-05
27673,7.13235010223761,0,1e-05
27674,7.3227657240811,0,1e-05
27675,7.1438508969637,0,1e-05
27676,7.33458274484672,0,1e-05
27677,7.15538304076357,0,1e-05
27678,7.34643093422586,0,1e-05
27679,7.16694662583207,0,1e-05
27680,7.35831039448542,0,1e-05
27681,7.17854175546203,0,1e-05
27682,7.37022123038106,0,1e-05
27683,7.19016853447184,0,1e-05
27684,7.38216354087132,0,1e-05
27685,7.20182706159183,0,1e-05
27686,7.39413742556908,0,1e-05
27687,7.21351744107996,0,1e-05
27688,7.40614299299304,0,1e-05
27689,7.22523977498077,0,1e-05
27690,7.41818035002573,0,1e-05
27691,7.23699416844488,0,1e-05
27692,7.43024958995685,0,1e-05
27693,7.24878072162005,0,1e-05
27694,7.4423508271881,0,1e-05
27695,7.26059953748926,0,1e-05
27696,7.45448415704983,0,1e-05
27697,7.27245071794642,0,1e-05
27698,7.46664969116391,0,1e-05
27699,7.28433437741901,0,1e-05
27700,7.47884753503798,0,1e-05
27701,7.29625061742981,0,1e-05
27702,7.4910777954241,0,1e-05
27703,7.3081995431424,0,1e-05
27704,7.50334057505051,0,1e-05
27705,7.32018125619951,0,1e-05
27706,7.51563598504196,0,1e-05
27707,7.33219586956259,0,1e-05
27708,7.52796412998449,0,1e-05
27709,7.34424348155806,0,1e-05
27710,7.5403251118545,0,1e-05
27711,7.35632420397092,0,1e-05
27712,7.55271905307699,0,1e-05
27713,7.36843815320271,0,1e-05
27714,7.56514605555777,0,1e-05
27715,7.38058542407175,0,1e-05
27716,7.57760622156118,0,1e-05
27717,7.39276613269736,0,1e-05
27718,7.59009967505377,0,1e-05
27719,7.40498039011498,0,1e-05
27720,7.60262651811358,0,1e-05
27721,7.41722830367994,0,1e-05
27722,7.61518685896906,0,1e-05
27723,7.42950998443617,0,1e-05
27724,7.62778081721793,0,1e-05
27725,7.44182554273907,0,1e-05
27726,7.64040849852751,0,1e-05
27727,7.45417508769758,0,1e-05
27728,7.65307001079138,0,1e-05
27729,7.4665587285778,0,1e-05
27730,7.66576547785905,0,1e-05
27731,7.47897658501427,0,1e-05
27732,7.67849499871453,0,1e-05
27733,7.49142876278674,0,1e-05
27734,7.69125869406569,0,1e-05
27735,7.50391537162218,0,1e-05
27736,7.70405668339939,0,1e-05
27737,7.5164365371995,0,1e-05
27738,7.71688906563432,0,1e-05
27739,7.52899235049942,0,1e-05
27740,7.72975596364596,0,1e-05
27741,7.54158295210594,0,1e-05
27742,7.74265749536267,0,1e-05
27743,7.55420843835505,0,1e-05
27744,7.75559377868997,0,1e-05
27745,7.56686893495791,0,1e-05
27746,7.768564921643,0,1e-05
27747,7.57956455956007,0,1e-05
27748,7.78157105008378,0,1e-05
27749,7.59229542098401,0,1e-05
27750,7.79461227858029,0,1e-05
27751,7.60506164240599,0,1e-05
27752,7.80768871948674,0,1e-05
27753,7.61786332855674,0,1e-05
27754,7.82080049148616,0,1e-05
27755,7.63070060567671,0,1e-05
27756,7.8339477128557,0,1e-05
27757,7.64357359147279,0,1e-05
27758,7.84713050844277,0,1e-05
27759,7.65648239681276,0,1e-05
27760,7.86034898414328,0,1e-05
27761,7.66942714624224,0,1e-05
27762,7.87360327833146,0,1e-05
27763,7.68240796870759,0,1e-05
27764,7.88689350296472,0,1e-05
27765,7.69542497644953,0,1e-05
27766,7.90021979062183,0,1e-05
27767,7.70847829510143,0,1e-05
27768,7.91358224696773,0,1e-05
27769,7.7215680391756,0,1e-05
27770,7.92698099407734,0,1e-05
27771,7.7346943224527,0,1e-05
27772,7.94041616158685,0,1e-05
27773,7.7478572781385,0,1e-05
27774,7.95388786988469,0,1e-05
27775,7.76105702841675,0,1e-05
27776,7.9673962447537,0,1e-05
27777,7.77429369994625,0,1e-05
27778,7.980941412211,0,1e-05
27779,7.78756741225715,0,1e-05
27780,7.99452349150153,0,1e-05
27781,7.80087827789815,0,1e-05
27782,8.00814260514236,0,1e-05
27783,7.81422643158287,0,1e-05
27784,8.02179888782014,0,1e-05
27785,7.82761200528423,0,1e-05
27786,8.0354924686385,0,1e-05
27787,7.84103512282899,0,1e-05
27788,8.04922346664105,0,1e-05
27789,7.85449590625187,0,1e-05
27790,8.06299200593682,0,1e-05
27791,7.86799447483931,0,1e-05
27792,8.07679821397782,0,1e-05
27793,7.88153096086772,0,1e-05
27794,8.09064223658048,0,1e-05
27795,7.89510550206128,0,1e-05
27796,8.10452418062342,0,1e-05
27797,7.90871821662275,0,1e-05
27798,8.11844418292076,0,1e-05
27799,7.92236922411826,0,1e-05
27800,8.13240237163603,0,1e-05
27801,7.93605866898388,0,1e-05
27802,8.14639888932269,0,1e-05
27803,7.94978668652998,0,1e-05
27804,8.16043385812212,0,1e-05
27805,7.96355339668406,0,1e-05
27806,8.1745074146966,0,1e-05
27807,7.97735893327922,0,1e-05
27808,8.18861967488227,0,1e-05
27809,7.9912034170811,0,1e-05
27810,8.20277079157453,0,1e-05
27811,8.00508700440809,0,1e-05
27812,8.21696088484139,0,1e-05
27813,8.01900979742942,0,1e-05
27814,8.23119009774747,0,1e-05
27815,8.0329719579586,0,1e-05
27816,8.24545855926116,0,1e-05
27817,8.04697360116892,0,1e-05
27818,8.25976640781378,0,1e-05
27819,8.06101487560326,0,1e-05
27820,8.27411378011328,0,1e-05
27821,8.0750959016064,0,1e-05
27822,8.28850080328272,0,1e-05
27823,8.08921682290096,0,1e-05
27824,8.30292762372565,0,1e-05
27825,8.10337777622017,0,1e-05
27826,8.31739437054214,0,1e-05
27827,8.1175788907933,0,1e-05
27828,8.3319011878971,0,1e-05
27829,8.13182031513343,0,1e-05
27830,8.34644821408957,0,1e-05
27831,8.14610217868838,0,1e-05
27832,8.36103558564023,0,1e-05
27833,8.16042462604786,0,1e-05
27834,8.37566344883821,0,1e-05
27835,8.17478779316238,0,1e-05
27836,8.3903319329808,0,1e-05
27837,8.1891918156011,0,1e-05
27838,8.4050411868628,0,1e-05
27839,8.20363684187542,0,1e-05
27840,8.41979134691547,0,1e-05
27841,8.21812300881466,0,1e-05
27842,8.43458256790492,0,1e-05
27843,8.23265046040378,0,1e-05
27844,8.44941497147735,0,1e-05
27845,8.24721932959903,0,1e-05
27846,8.46428873003504,0,1e-05
27847,8.26182978245314,0,1e-05
27848,8.4792039489794,0,1e-05
27849,8.27648192446818,0,1e-05
27850,8.49416079952749,0,1e-05
27851,8.29117592210099,0,1e-05
27852,8.50915941893501,0,1e-05
27853,8.30591192200072,0,1e-05
27854,8.52419994944944,0,1e-05
27855,8.32069005899429,0,1e-05
27856,8.53928254896534,0,1e-05
27857,8.33551049314961,0,1e-05
27858,8.5544073631449,0,1e-05
27859,8.3503733658161,0,1e-05
27860,8.56957453147466,0,1e-05
27861,8.36527881778668,0,1e-05
27862,8.58478420822087,0,1e-05
27863,8.38022700267474,0,1e-05
27864,8.60003654307846,0,1e-05
27865,8.3952180776885,0,1e-05
27866,8.61533168825413,0,1e-05
27867,8.41025217187843,0,1e-05
27868,8.63066978323023,0,1e-05
27869,8.42532944797555,0,1e-05
27870,8.64605098912999,0,1e-05
27871,8.44045005538506,0,1e-05
27872,8.66147544996467,0,1e-05
27873,8.45561413455077,0,1e-05
27874,8.67694331428363,0,1e-05
27875,8.47082184232669,0,1e-05
27876,8.69245474658606,0,1e-05
27877,8.48607333415408,0,1e-05
27878,8.70800990591535,0,1e-05
27879,8.50136877746962,0,1e-05
27880,8.72360892526675,0,1e-05
27881,8.51670829456005,0,1e-05
27882,8.73925197367559,0,1e-05
27883,8.53209205786197,0,1e-05
27884,8.75493919304054,0,1e-05
27885,8.54752021986495,0,1e-05
27886,8.77067075597786,0,1e-05
27887,8.56299292564453,0,1e-05
27888,8.78644680458076,0,1e-05
27889,8.57851034295802,0,1e-05
27890,8.80226750922725,0,1e-05
27891,8.59407263481129,0,1e-05
27892,8.81813302946283,0,1e-05
27893,8.60967994348806,0,1e-05
27894,8.83404351009478,0,1e-05
27895,8.62533243915754,0,1e-05
27896,8.84999911251611,0,1e-05
27897,8.64103026807043,0,1e-05
27898,8.8660000148096,0,1e-05
27899,8.65677360587582,0,1e-05
27900,8.88204636599511,0,1e-05
27901,8.67256260930176,0,1e-05
27902,8.89813833799915,0,1e-05
27903,8.6883974385579,0,1e-05
27904,8.91427607697834,0,1e-05
27905,8.70427824046239,0,1e-05
27906,8.93045974405149,0,1e-05
27907,8.72020518610321,0,1e-05
27908,8.94668950929803,0,1e-05
27909,8.7361784401758,0,1e-05
27910,8.96296554756893,0,1e-05
27911,8.75219817345043,0,1e-05
27912,8.97928801143941,0,1e-05
27913,8.76826454928774,0,1e-05
27914,8.99565708169282,0,1e-05
27915,8.78437771980553,0,1e-05
27916,9.01207289288701,0,1e-05
27917,8.80053784265609,0,1e-05
27918,9.02853563101439,0,1e-05
27919,8.81674511444545,0,1e-05
27920,9.04504547837959,0,1e-05
27921,8.83299968360591,0,1e-05
27922,9.06160258850821,0,1e-05
27923,8.84930172960853,0,1e-05
27924,9.07820714478676,0,1e-05
27925,8.86565140878294,0,1e-05
27926,9.094859290048,0,1e-05
27927,8.88204890046606,0,1e-05
27928,9.11155921233222,0,1e-05
27929,8.89849435899275,0,1e-05
27930,9.12830709616908,0,1e-05
27931,8.9149879845595,0,1e-05
27932,9.14510311087618,0,1e-05
27933,8.93152993854055,0,1e-05
27934,9.16194740654164,0,1e-05
27935,8.94812037071219,0,1e-05
27936,9.178840185423,0,1e-05
27937,8.96475948766965,0,1e-05
27938,9.1957815943263,0,1e-05
27939,8.98144743840369,0,1e-05
27940,9.2127718252935,0,1e-05
27941,8.99818440094556,0,1e-05
27942,9.22981105311332,0,1e-05
27943,9.01497055773832,0,1e-05
27944,9.24689944706382,0,1e-05
27945,9.03180608174996,0,1e-05
27946,9.26403720413746,0,1e-05
27947,9.04869116072009,0,1e-05
27948,9.28122448958148,0,1e-05
27949,9.06562596053931,0,1e-05
27950,9.29846148210114,0,1e-05
27951,9.08261066205371,0,1e-05
27952,9.3157483659823,0,1e-05
27953,9.09964544313531,0,1e-05
27954,9.33308532036187,0,1e-05
27955,9.11673049938392,0,1e-05
27956,9.3504725356295,0,1e-05
27957,9.13386600144602,0,1e-05
27958,9.36791018687806,0,1e-05
27959,9.1510521266067,0,1e-05
27960,9.38539845071993,0,1e-05
27961,9.16828906248978,0,1e-05
27962,9.40293751893363,0,1e-05
27963,9.1855769891972,0,1e-05
27964,9.42052758544697,0,1e-05
27965,9.20291609945735,0,1e-05
27966,9.43816882376622,0,1e-05
27967,9.22030657861282,0,1e-05
27968,9.45586143571017,0,1e-05
27969,9.2377486117574,0,1e-05
27970,9.47360559538201,0,1e-05
27971,9.25524237445263,0,1e-05
27972,9.49140148015158,0,1e-05
27973,9.27278805107863,0,1e-05
27974,9.50924930170129,0,1e-05
27975,9.29038585202357,0,1e-05
27976,9.527149238847,0,1e-05
27977,9.30803594880752,0,1e-05
27978,9.5451014997763,0,1e-05
27979,9.3257385496246,0,1e-05
27980,9.56310625920689,0,1e-05
27981,9.34349384105881,0,1e-05
27982,9.5811637065024,0,1e-05
27983,9.36130199141271,0,1e-05
27984,9.59927404263743,0,1e-05
27985,9.379163218044,0,1e-05
27986,9.61743747674754,0,1e-05
27987,9.39707770741314,0,1e-05
27988,9.63565415886016,0,1e-05
27989,9.41504564364366,0,1e-05
27990,9.65392432096511,0,1e-05
27991,9.43306723922245,0,1e-05
27992,9.67224817295112,0,1e-05
27993,9.45114270174502,0,1e-05
27994,9.69062590007613,0,1e-05
27995,9.46927219600115,0,1e-05
27996,9.70905767571444,0,1e-05
27997,9.48745593113329,0,1e-05
27998,9.7275437306757,0,1e-05
27999,9.50569411112403,0,1e-05
28000,9.74608425047026,0,1e-05
28001,9.52398693612933,0,1e-05
28002,9.76467943664126,0,1e-05
28003,9.5423346189528,0,1e-05
28004,9.78332951170604,0,1e-05
28005,9.56073733203906,0,1e-05
28006,9.80203463844295,0,1e-05
28007,9.57919528756322,0,1e-05
28008,9.82079506497339,0,1e-05
28009,9.59770872174147,0,1e-05
28010,9.83961097355164,0,1e-05
28011,9.61627779009876,0,1e-05
28012,9.8584825641422,0,1e-05
28013,9.63490271923379,0,1e-05
28014,9.87741006231236,0,1e-05
28015,9.65358371746475,0,1e-05
28016,9.89639366187686,0,1e-05
28017,9.67232099555477,0,1e-05
28018,9.91543358485937,0,1e-05
28019,9.69111475396211,0,1e-05
28020,9.93453001980078,0,1e-05
28021,9.70996519434477,0,1e-05
28022,9.95368318879996,0,1e-05
28023,9.72887254187056,0,1e-05
28024,9.9728933156728,0,1e-05
28025,9.74783700303726,0,1e-05
28026,9.99216060144255,0,1e-05
28027,9.7668587814102,0,1e-05
28028,10.0114852475518,0,1e-05
28029,9.7859380969703,0,1e-05
28030,10.0308675023682,0,1e-05
28031,9.80507517037765,0,1e-05
28032,10.0503075419017,0,1e-05
28033,9.82427020393986,0,1e-05
28034,10.0698056248178,0,1e-05
28035,9.84352342730624,0,1e-05
28036,10.0893619282318,0,1e-05
28037,9.86283503706111,0,1e-05
28038,10.1089766850144,0,1e-05
28039,9.88220526624859,0,1e-05
28040,10.1286501237415,0,1e-05
28041,9.90163433689812,0,1e-05
28042,10.1483824618738,0,1e-05
28043,9.92112244980953,0,1e-05
28044,10.1681739155596,0,1e-05
28045,9.9406698414217,0,1e-05
28046,10.1880247176273,0,1e-05
28047,9.96027674066085,0,1e-05
28048,10.2079350768865,0,1e-05
28049,9.97994335445696,0,1e-05
28050,10.2279052487886,0,1e-05
28051,9.99966992026279,0,1e-05
28052,10.2479354259845,0,1e-05
28053,10.019456655048,0,1e-05
28054,10.268025842968,0,1e-05
28055,10.0393037799575,0,1e-05
28056,10.2881767252198,0,1e-05
28057,10.0592115128418,0,1e-05
28058,10.3083883037845,0,1e-05
28059,10.0791801021977,0,1e-05
28060,10.3286608155853,0,1e-05
28061,10.0992097773055,0,1e-05
28062,10.3489945017859,0,1e-05
28063,10.1193007797938,0,1e-05
28064,10.3693895902933,0,1e-05
28065,10.1394533207927,0,1e-05
28066,10.3898462913551,0,1e-05
28067,10.1596676228039,0,1e-05
28068,10.410364849823,0,1e-05
28069,10.1799439357687,0,1e-05
28070,10.4309455063143,0,1e-05
28071,10.2002824765921,0,1e-05
28072,10.4515884875013,0,1e-05
28073,10.2206834793872,0,1e-05
28074,10.4722940108887,0,1e-05
28075,10.2411471962352,0,1e-05
28076,10.4930623586729,0,1e-05
28077,10.2616738691689,0,1e-05
28078,10.513893757156,0,1e-05
28079,10.2822637285679,0,1e-05
28080,10.5347884365381,0,1e-05
28081,10.302917011382,0,1e-05
28082,10.5557466377829,0,1e-05
28083,10.323633983429,0,1e-05
28084,10.5767686349445,0,1e-05
28085,10.3444148540802,0,1e-05
28086,10.597854628146,0,1e-05
28087,10.3652598681483,0,1e-05
28088,10.6190048816746,0,1e-05
28089,10.3861692791068,0,1e-05
28090,10.6402196425432,0,1e-05
28091,10.4071433472626,0,1e-05
28092,10.6614991628655,0,1e-05
28093,10.4281822860873,0,1e-05
28094,10.6828436756175,0,1e-05
28095,10.4492863708068,0,1e-05
28096,10.7042534443053,0,1e-05
28097,10.4704558490577,0,1e-05
28098,10.7257287249133,0,1e-05
28099,10.4916909518764,0,1e-05
28100,10.7472697502991,0,1e-05
28101,10.5129919574706,0,1e-05
28102,10.7688767912513,0,1e-05
28103,10.5343591041028,0,1e-05
28104,10.7905501073398,0,1e-05
28105,10.5557926265872,0,1e-05
28106,10.8122899058304,0,1e-05
28107,10.5772927913374,0,1e-05
28108,10.8340965028799,0,1e-05
28109,10.5988598670038,0,1e-05
28110,10.8559701186204,0,1e-05
28111,10.6204940772241,0,1e-05
28112,10.877911012747,0,1e-05
28113,10.6421957350759,0,1e-05
28114,10.8999194756545,0,1e-05
28115,10.663965065403,0,1e-05
28116,10.9219957732157,0,1e-05
28117,10.6858023445859,0,1e-05
28118,10.9441401278633,0,1e-05
28119,10.7077078095177,0,1e-05
28120,10.9663528302421,0,1e-05
28121,10.7296817478653,0,1e-05
28122,10.988634130499,0,1e-05
28123,10.7517244058557,0,1e-05
28124,11.0109843096223,0,1e-05
28125,10.7738360587878,0,1e-05
28126,11.0334036350249,0,1e-05
28127,10.7960169853021,0,1e-05
28128,11.0558923677282,0,1e-05
28129,10.8182674280665,0,1e-05
28130,11.0784507659845,0,1e-05
28131,10.8405876614483,0,1e-05
28132,11.1010791317387,0,1e-05
28133,10.862977984087,0,1e-05
28134,11.1237777089317,0,1e-05
28135,10.88543862724,0,1e-05
28136,11.1465467815376,0,1e-05
28137,10.9079698764746,0,1e-05
28138,11.1693866132366,0,1e-05
28139,10.9305720044864,0,1e-05
28140,11.1922975026895,0,1e-05
28141,10.9532453248851,0,1e-05
28142,11.2152797486688,0,1e-05
28143,10.9759900864791,0,1e-05
28144,11.2383335906314,0,1e-05
28145,10.9988065589664,0,1e-05
28146,11.2614593097481,0,1e-05
28147,11.0216950208107,0,1e-05
28148,11.2846571999323,0,1e-05
28149,11.0446557765041,0,1e-05
28150,11.3079275340548,0,1e-05
28151,11.0676890598759,0,1e-05
28152,11.3312706125726,0,1e-05
28153,11.0907952155792,0,1e-05
28154,11.3546867153084,0,1e-05
28155,11.1139744873318,0,1e-05
28156,11.3781761131493,0,1e-05
28157,11.1372271878208,0,1e-05
28158,11.4017391073263,0,1e-05
28159,11.1605535584254,0,1e-05
28160,11.425375982565,0,1e-05
28161,11.1839539206224,0,1e-05
28162,11.4490870371765,0,1e-05
28163,11.2074285848504,0,1e-05
28164,11.4728725875633,0,1e-05
28165,11.2309778231926,0,1e-05
28166,11.4967329033515,0,1e-05
28167,11.2546019343953,0,1e-05
28168,11.5206682786792,0,1e-05
28169,11.2783012113629,0,1e-05
28170,11.5446790051476,0,1e-05
28171,11.3020759382621,0,1e-05
28172,11.5687653994758,0,1e-05
28173,11.3259264130561,0,1e-05
28174,11.5929277262261,0,1e-05
28175,11.349852926115,0,1e-05
28176,11.6171663107798,0,1e-05
28177,11.3738558010771,0,1e-05
28178,11.6414814531839,0,1e-05
28179,11.3979353257164,0,1e-05
28180,11.6658734423825,0,1e-05
28181,11.4220917916731,0,1e-05
28182,11.6903426203309,0,1e-05
28183,11.4463255507996,0,1e-05
28184,11.7148892826536,0,1e-05
28185,11.4706368651191,0,1e-05
28186,11.7395137199802,0,1e-05
28187,11.4950260519341,0,1e-05
28188,11.7642162633749,0,1e-05
28189,11.5194934432846,0,1e-05
28190,11.7889972006878,0,1e-05
28191,11.5440393214825,0,1e-05
28192,11.813856884346,0,1e-05
28193,11.5686640034057,0,1e-05
28194,11.83879556756,0,1e-05
28195,11.5933677926846,0,1e-05
28196,11.8638136106645,0,1e-05
28197,11.6181510238323,0,1e-05
28198,11.8889113041754,0,1e-05
28199,11.643013995417,0,1e-05
28200,11.9140889857739,0,1e-05
28201,11.6679570519187,0,1e-05
28202,11.9393469935457,0,1e-05
28203,11.6929804962997,0,1e-05
28204,11.9646856071774,0,1e-05
28205,11.7180846497936,0,1e-05
28206,11.990105201593,0,1e-05
28207,11.7432698479969,0,1e-05
28208,12.015606075099,0,1e-05
28209,11.7685363896951,0,1e-05
28210,12.0411885290326,0,1e-05
28211,11.7938846190883,0,1e-05
28212,12.0668529098445,0,1e-05
28213,11.8193148482087,0,1e-05
28214,12.0925995718571,0,1e-05
28215,11.8448274350223,0,1e-05
28216,12.1184288103042,0,1e-05
28217,11.8704226577053,0,1e-05
28218,12.1443409784564,0,1e-05
28219,11.8961009057307,0,1e-05
28220,12.1703363996793,0,1e-05
28221,11.92186247112,0,1e-05
28222,12.1964154075373,0,1e-05
28223,11.9477076867378,0,1e-05
28224,12.2225783555831,0,1e-05
28225,11.9736369296736,0,1e-05
28226,12.2488255653411,0,1e-05
28227,11.9996504862199,0,1e-05
28228,12.2751573724967,0,1e-05
28229,12.0257487334281,0,1e-05
28230,12.3015741588954,0,1e-05
28231,12.0519320021303,0,1e-05
28232,12.3280762440178,0,1e-05
28233,12.0782006688143,0,1e-05
28234,12.3546639628195,0,1e-05
28235,12.1045550228458,0,1e-05
28236,12.3813376827902,0,1e-05
28237,12.1309954333696,0,1e-05
28238,12.4080977552976,0,1e-05
28239,12.1575222626002,0,1e-05
28240,12.4349445153701,0,1e-05
28241,12.1841358589581,0,1e-05
28242,12.4618783287499,0,1e-05
28243,12.2108365455884,0,1e-05
28244,12.4888995117275,0,1e-05
28245,12.2376246908339,0,1e-05
28246,12.5160084874252,0,1e-05
28247,12.2645006601434,0,1e-05
28248,12.543205551938,0,1e-05
28249,12.2914647972723,0,1e-05
28250,12.5704911037553,0,1e-05
28251,12.318517470643,0,1e-05
28252,12.5978654846272,0,1e-05
28253,12.3456590238334,0,1e-05
28254,12.625329047169,0,1e-05
28255,12.3728898343571,0,1e-05
28256,12.6528821620838,0,1e-05
28257,12.4002102496017,0,1e-05
28258,12.6805252322899,0,1e-05
28259,12.4276206681207,0,1e-05
28260,12.7082586141686,0,1e-05
28261,12.4551214446538,0,1e-05
28262,12.7360826422143,0,1e-05
28263,12.4827129169288,0,1e-05
28264,12.7639977109308,0,1e-05
28265,12.5103954897709,0,1e-05
28266,12.792004208703,0,1e-05
28267,12.5381695346032,0,1e-05
28268,12.8201024996187,0,1e-05
28269,12.5660354096169,0,1e-05
28270,12.8482929409095,0,1e-05
28271,12.5939935149524,0,1e-05
28272,12.8765759188814,0,1e-05
28273,12.6220441668619,0,1e-05
28274,12.9049518365542,0,1e-05
28275,12.6501878166359,0,1e-05
28276,12.933421043028,0,1e-05
28277,12.6784248073386,0,1e-05
28278,12.9619839650339,0,1e-05
28279,12.7067555687789,0,1e-05
28280,12.9906409650967,0,1e-05
28281,12.7351804350677,0,1e-05
28282,13.0193924397309,0,1e-05
28283,12.7636998081165,0,1e-05
28284,13.0482387817949,0,1e-05
28285,12.7923140858833,0,1e-05
28286,13.0771803670878,0,1e-05
28287,12.8210236664064,0,1e-05
28288,13.1062176222345,0,1e-05
28289,12.8498289495157,0,1e-05
28290,13.1353509593171,0,1e-05
28291,12.8787303366007,0,1e-05
28292,13.1645807238905,0,1e-05
28293,12.9077281815804,0,1e-05
28294,13.1939073284262,0,1e-05
28295,12.9368229315627,0,1e-05
28296,13.223331170514,0,1e-05
28297,12.966014918863,0,1e-05
28298,13.2528526615839,0,1e-05
28299,12.995304600093,0,1e-05
28300,13.2824722368371,0,1e-05
28301,13.024692418346,0,1e-05
28302,13.3121902889204,0,1e-05
28303,13.0541787154205,0,1e-05
28304,13.3420072221259,0,1e-05
28305,13.0837639348633,0,1e-05
28306,13.3719234652774,0,1e-05
28307,13.1134484838565,0,1e-05
28308,13.4019393790729,0,1e-05
28309,13.1432327110796,0,1e-05
28310,13.4320554327055,0,1e-05
28311,13.1731171389031,0,1e-05
28312,13.4622720464379,0,1e-05
28313,13.2031021100471,0,1e-05
28314,13.492589605148,0,1e-05
28315,13.2331881091892,0,1e-05
28316,13.5230085663431,0,1e-05
28317,13.2633754909724,0,1e-05
28318,13.5535293628321,0,1e-05
28319,13.2936647362855,0,1e-05
28320,13.5841523702987,0,1e-05
28321,13.3240561880074,0,1e-05
28322,13.6148780376522,0,1e-05
28323,13.3545503604658,0,1e-05
28324,13.6457068094227,0,1e-05
28325,13.3851476169421,0,1e-05
28326,13.6766391017857,0,1e-05
28327,13.4158484297497,0,1e-05
28328,13.7076753914386,0,1e-05
28329,13.4466532626266,0,1e-05
28330,13.7388160833061,0,1e-05
28331,13.4775624926884,0,1e-05
28332,13.770061599124,0,1e-05
28333,13.508576562796,0,1e-05
28334,13.8014124235747,0,1e-05
28335,13.5396959600055,0,1e-05
28336,13.8328689599467,0,1e-05
28337,13.5709210887525,0,1e-05
28338,13.864431702971,0,1e-05
28339,13.60225240708,0,1e-05
28340,13.8961010618779,0,1e-05
28341,13.6336903558683,0,1e-05
28342,13.9278775057443,0,1e-05
28343,13.6652354076165,0,1e-05
28344,13.9597614668238,0,1e-05
28345,13.6968879861353,0,1e-05
28346,13.9917534550865,0,1e-05
28347,13.7286485754746,0,1e-05
28348,14.0238538647818,0,1e-05
28349,13.760517591543,0,1e-05
28350,14.0560631657165,0,1e-05
28351,13.7924955243718,0,1e-05
28352,14.0883818506117,0,1e-05
28353,13.8245828464233,0,1e-05
28354,14.1208103797946,0,1e-05
28355,13.8567799589396,0,1e-05
28356,14.1533491654944,0,1e-05
28357,13.8890873688952,0,1e-05
28358,14.1859987544277,0,1e-05
28359,13.9215055617599,0,1e-05
28360,14.2187595722768,0,1e-05
28361,13.9540349976747,0,1e-05
28362,14.2516320979429,0,1e-05
28363,13.9866761240828,0,1e-05
28364,14.284616824953,0,1e-05
28365,14.0194294525367,0,1e-05
28366,14.3177142664495,0,1e-05
28367,14.0522954678642,0,1e-05
28368,14.3509248452501,0,1e-05
28369,14.0852746360512,0,1e-05
28370,14.3842490637279,0,1e-05
28371,14.1183674354498,0,1e-05
28372,14.4176874172918,0,1e-05
28373,14.1515743702224,0,1e-05
28374,14.4512404066645,0,1e-05
28375,14.1848959091333,0,1e-05
28376,14.4849085175648,0,1e-05
28377,14.2183325377698,0,1e-05
28378,14.5186921992642,0,1e-05
28379,14.2518847306473,0,1e-05
28380,14.5525919832581,0,1e-05
28381,14.2855530377322,0,1e-05
28382,14.5866083461486,0,1e-05
28383,14.3193378617767,0,1e-05
28384,14.6207418166021,0,1e-05
28385,14.3532398386047,0,1e-05
28386,14.6549929402313,0,1e-05
28387,14.3872594128512,0,1e-05
28388,14.6893621448619,0,1e-05
28389,14.421397032215,0,1e-05
28390,14.7238499620382,0,1e-05
28391,14.4556532475296,0,1e-05
28392,14.7584568863824,0,1e-05
28393,14.490028585539,0,1e-05
28394,14.7931834879309,0,1e-05
28395,14.5245235341712,0,1e-05
28396,14.8280302478251,0,1e-05
28397,14.5591386358078,0,1e-05
28398,14.8629977202274,0,1e-05
28399,14.5938744074052,0,1e-05
28400,14.8980863837115,0,1e-05
28401,14.6287313537427,0,1e-05
28402,14.9332967485027,0,1e-05
28403,14.6637099723172,0,1e-05
28404,14.9686293830269,0,1e-05
28405,14.6988107963335,0,1e-05
28406,15.0040847959142,0,1e-05
28407,14.734034407573,0,1e-05
28408,15.03966354381,0,1e-05
28409,14.7693813053538,0,1e-05
28410,15.0753661677859,0,1e-05
28411,14.8048520610369,0,1e-05
28412,15.1111931665789,0,1e-05
28413,14.840447167154,0,1e-05
28414,15.1471451450956,0,1e-05
28415,14.8761671757909,0,1e-05
28416,15.1832225755586,0,1e-05
28417,14.9120126166319,0,1e-05
28418,15.2194260361945,0,1e-05
28419,14.9479840662522,0,1e-05
28420,15.2557561041702,0,1e-05
28421,14.9840820314748,0,1e-05
28422,15.2922132877343,0,1e-05
28423,15.0203071407349,0,1e-05
28424,15.3287982038566,0,1e-05
28425,15.0566598916971,0,1e-05
28426,15.3655113393466,0,1e-05
28427,15.0931408232338,0,1e-05
28428,15.4023532772849,0,1e-05
28429,15.1297505271296,0,1e-05
28430,15.4393245900595,0,1e-05
28431,15.1664895508459,0,1e-05
28432,15.4764258484962,0,1e-05
28433,15.2033584795885,0,1e-05
28434,15.5136576089023,0,1e-05
28435,15.2403578378003,0,1e-05
28436,15.5510204498127,0,1e-05
28437,15.2774882625701,0,1e-05
28438,15.5885149587236,0,1e-05
28439,15.3147502748536,0,1e-05
28440,15.626141718458,0,1e-05
28441,15.3521444952361,0,1e-05
28442,15.6639012906484,0,1e-05
28443,15.3896714778583,0,1e-05
28444,15.7017942890058,0,1e-05
28445,15.427331838937,0,1e-05
28446,15.7398212637119,0,1e-05
28447,15.4651260737894,0,1e-05
28448,15.7779828096348,0,1e-05
28449,15.5030548531252,0,1e-05
28450,15.8162795219911,0,1e-05
28451,15.5411187622061,0,1e-05
28452,15.8547120479611,0,1e-05
28453,15.5793183568619,0,1e-05
28454,15.8932808937476,0,1e-05
28455,15.6176543178342,0,1e-05
28456,15.9319867898159,0,1e-05
28457,15.6561271613326,0,1e-05
28458,15.9708302257079,0,1e-05
28459,15.6947375407241,0,1e-05
28460,16.0098118414475,0,1e-05
28461,15.7334860322576,0,1e-05
28462,16.0489322891429,0,1e-05
28463,15.7723732882992,0,1e-05
28464,16.0881921993695,0,1e-05
28465,15.8113999178701,0,1e-05
28466,16.127592128554,0,1e-05
28467,15.8505664715367,0,1e-05
28468,16.1671326832159,0,1e-05
28469,15.8898736437981,0,1e-05
28470,16.2068145860885,0,1e-05
28471,15.929322059569,0,1e-05
28472,16.2466384306241,0,1e-05
28473,15.9689123304339,0,1e-05
28474,16.2866047673415,0,1e-05
28475,16.0086450201521,0,1e-05
28476,16.3267143203749,0,1e-05
28477,16.0485208932348,0,1e-05
28478,16.3669677324024,0,1e-05
28479,16.0885405077983,0,1e-05
28480,16.4073655562368,0,1e-05
28481,16.1287044763815,0,1e-05
28482,16.4479085328316,0,1e-05
28483,16.1690134754255,0,1e-05
28484,16.4885972503496,0,1e-05
28485,16.2094681684254,0,1e-05
28486,16.5294323831929,0,1e-05
28487,16.2500691744956,0,1e-05
28488,16.5704145645781,0,1e-05
28489,16.2908171813779,0,1e-05
28490,16.6115444984164,0,1e-05
28491,16.3317128270412,0,1e-05
28492,16.6528228373114,0,1e-05
28493,16.3727568298318,0,1e-05
28494,16.6942502778484,0,1e-05
28495,16.4139498040269,0,1e-05
28496,16.7358274415528,0,1e-05
28497,16.4552924418569,0,1e-05
28498,16.777555041276,0,1e-05
28499,16.4967853756538,0,1e-05
28500,16.8194336944405,0,1e-05
28501,16.5384293434642,0,1e-05
28502,16.8614641169144,0,1e-05
28503,16.5802249208725,0,1e-05
28504,16.903646937023,0,1e-05
28505,16.6221728307573,0,1e-05
28506,16.9459829293428,0,1e-05
28507,16.6642738220796,0,1e-05
28508,16.9884727488991,0,1e-05
28509,16.7065285335174,0,1e-05
28510,17.0311171313791,0,1e-05
28511,16.7489377337986,0,1e-05
28512,17.0739166937561,0,1e-05
28513,16.7915019924355,0,1e-05
28514,17.1168721886841,0,1e-05
28515,16.8342220300249,0,1e-05
28516,17.1599842606988,0,1e-05
28517,16.877098653283,0,1e-05
28518,17.2032537393714,0,1e-05
28519,16.9201324935031,0,1e-05
28520,17.2466812516604,0,1e-05
28521,16.9633243156749,0,1e-05
28522,17.2902675264936,0,1e-05
28523,17.006674757034,0,1e-05
28524,17.3340133335086,0,1e-05
28525,17.0501846655255,0,1e-05
28526,17.3779193449783,0,1e-05
28527,17.0938546311943,0,1e-05
28528,17.4219862496491,0,1e-05
28529,17.137685386194,0,1e-05
28530,17.4662149149462,0,1e-05
28531,17.1816777921085,0,1e-05
28532,17.5106059322378,0,1e-05
28533,17.225832443371,0,1e-05
28534,17.5551601843145,0,1e-05
28535,17.2701501637134,0,1e-05
28536,17.5998782470404,0,1e-05
28537,17.314631650844,0,1e-05
28538,17.6447609900607,0,1e-05
28539,17.3592776939692,0,1e-05
28540,17.689809188022,0,1e-05
28541,17.4040890588682,0,1e-05
28542,17.7350236009737,0,1e-05
28543,17.4490664864462,0,1e-05
28544,17.7804048076719,0,1e-05
28545,17.4942106679297,0,1e-05
28546,17.8259537720333,0,1e-05
28547,17.5395224388827,0,1e-05
28548,17.8716712189558,0,1e-05
28549,17.5850025426211,0,1e-05
28550,17.9175578822914,0,1e-05
28551,17.6306517421631,0,1e-05
28552,17.9636144868739,0,1e-05
28553,17.6764707649111,0,1e-05
28554,18.0098418793911,0,1e-05
28555,17.7224604354475,0,1e-05
28556,18.0562408382506,0,1e-05
28557,17.7686215632827,0,1e-05
28558,18.1028121672181,0,1e-05
28559,17.8149549483125,0,1e-05
28560,18.149556672715,0,1e-05
28561,17.8614613685095,0,1e-05
28562,18.1964751171075,0,1e-05
28563,17.9081415832223,0,1e-05
28564,18.2435683061433,0,1e-05
28565,17.9549964465351,0,1e-05
28566,18.2908371271004,0,1e-05
28567,18.0020267655053,0,1e-05
28568,18.3382823349499,0,1e-05
28569,18.0492333299556,0,1e-05
28570,18.3859047152987,0,1e-05
28571,18.0966169089828,0,1e-05
28572,18.4337051148088,0,1e-05
28573,18.1441784097506,0,1e-05
28574,18.4816843299336,0,1e-05
28575,18.1919185581811,0,1e-05
28576,18.5298432122564,0,1e-05
28577,18.2398382686529,0,1e-05
28578,18.5781826028948,0,1e-05
28579,18.2879382792874,0,1e-05
28580,18.6267032565829,0,1e-05
28581,18.336219493374,0,1e-05
28582,18.6754062202247,0,1e-05
28583,18.3846828063581,0,1e-05
28584,18.7242921192273,0,1e-05
28585,18.4333289347869,0,1e-05
28586,18.7733619252316,0,1e-05
28587,18.4821588059913,0,1e-05
28588,18.8226164585114,0,1e-05
28589,18.5311732512845,0,1e-05
28590,18.8720566014975,0,1e-05
28591,18.5803731066362,0,1e-05
28592,18.9216831921578,0,1e-05
28593,18.6297593242336,0,1e-05
28594,18.97149712026,0,1e-05
28595,18.6793327259885,0,1e-05
28596,19.0214992750839,0,1e-05
28597,18.729094157434,0,1e-05
28598,19.0716905099102,0,1e-05
28599,18.7790445956581,0,1e-05
28600,19.1220717933361,0,1e-05
28601,18.8291848767174,0,1e-05
28602,19.1726439043326,0,1e-05
28603,18.8795157435865,0,1e-05
28604,19.2234077178463,0,1e-05
28605,18.9300382368031,0,1e-05
28606,19.2743641878158,0,1e-05
28607,18.980753140352,0,1e-05
28608,19.3255142459602,0,1e-05
28609,19.0316615706315,0,1e-05
28610,19.3768587688919,0,1e-05
28611,19.0827642793343,0,1e-05
28612,19.4283986740906,0,1e-05
28613,19.1340621882678,0,1e-05
28614,19.4801349365791,0,1e-05
28615,19.1855562543711,0,1e-05
28616,19.5320683158115,0,1e-05
28617,19.2372472991314,0,1e-05
28618,19.5841998843229,0,1e-05
28619,19.2891363448119,0,1e-05
28620,19.6365305960435,0,1e-05
28621,19.341224367959,0,1e-05
28622,19.6890612615707,0,1e-05
28623,19.3935122238176,0,1e-05
28624,19.7417930421657,0,1e-05
28625,19.4460009044452,0,1e-05
28626,19.7947266464762,0,1e-05
28627,19.498691288348,0,1e-05
28628,19.8478631303497,0,1e-05
28629,19.5515844449188,0,1e-05
28630,19.9012034946343,0,1e-05
28631,19.6046811925709,0,1e-05
28632,19.954748659872,0,1e-05
28633,19.6579826060298,0,1e-05
28634,20.0084995709232,0,1e-05
28635,19.711489561971,0,1e-05
28636,20.062457299511,0,1e-05
28637,19.765203181897,0,1e-05
28638,20.1166226969067,0,1e-05
28639,19.8191242929145,0,1e-05
28640,20.1709968506708,0,1e-05
28641,19.8732539442004,0,1e-05
28642,20.2255807413747,0,1e-05
28643,19.9275931894332,0,1e-05
28644,20.2803753590487,0,1e-05
28645,19.9821429069581,0,1e-05
28646,20.3353817244173,0,1e-05
28647,20.036904204865,0,1e-05
28648,20.3906007454153,0,1e-05
28649,20.0918779677638,0,1e-05
28650,20.4460335753307,0,1e-05
28651,20.1470653166692,0,1e-05
28652,20.5016811285756,0,1e-05
28653,20.2024671808335,0,1e-05
28654,20.5575443860411,0,1e-05
28655,20.2580846319456,0,1e-05
28656,20.6136244987298,0,1e-05
28657,20.3139187023188,0,1e-05
28658,20.6699224833369,0,1e-05
28659,20.3699705123741,0,1e-05
28660,20.7264394426179,0,1e-05
28661,20.4262409471965,0,1e-05
28662,20.7831762313997,0,1e-05
28663,20.48273114786,0,1e-05
28664,20.8401340786021,0,1e-05
28665,20.5394421189852,0,1e-05
28666,20.8973139817294,0,1e-05
28667,20.5963749683058,0,1e-05
28668,20.9547170014197,0,1e-05
28669,20.6535307201354,0,1e-05
28670,21.0123442239239,0,1e-05
28671,20.7109104410845,0,1e-05
28672,21.0701967521061,0,1e-05
28673,20.7685153349739,0,1e-05
28674,21.1282755683759,0,1e-05
28675,20.8263462083662,0,1e-05
28676,21.1865818080388,0,1e-05
28677,20.8844042983184,0,1e-05
28678,21.2451166069356,0,1e-05
28679,20.9426908554908,0,1e-05
28680,21.3038811135956,0,1e-05
28681,21.0012067384524,0,1e-05
28682,21.362876309614,0,1e-05
28683,21.0599532645947,0,1e-05
28684,21.4221035097762,0,1e-05
28685,21.118931467384,0,1e-05
28686,21.4815635535811,0,1e-05
28687,21.178142294332,0,1e-05
28688,21.5412577942586,0,1e-05
28689,21.2375872208367,0,1e-05
28690,21.6011873127611,0,1e-05
28691,21.2972670954418,0,1e-05
28692,21.6613532306701,0,1e-05
28693,21.3571831505012,0,1e-05
28694,21.7217566590408,0,1e-05
28695,21.417336469208,0,1e-05
28696,21.7823988194231,0,1e-05
28697,21.4777283428052,0,1e-05
28698,21.8432808759538,0,1e-05
28699,21.5383598462873,0,1e-05
28700,21.9044038669253,0,1e-05
28701,21.5992321214416,0,1e-05
28702,21.9657691400332,0,1e-05
28703,21.6603464263281,0,1e-05
28704,22.0273777333954,0,1e-05
28705,21.7217037083577,0,1e-05
28706,22.0892307867144,0,1e-05
28707,21.7833053129358,0,1e-05
28708,22.1513297035538,0,1e-05
28709,21.8451525357873,0,1e-05
28710,22.2136754630226,0,1e-05
28711,21.9072463756305,0,1e-05
28712,22.276269566855,0,1e-05
28713,21.9695883196126,0,1e-05
28714,22.3391129329152,0,1e-05
28715,22.0321792654569,0,1e-05
28716,22.4022067689476,0,1e-05
28717,22.0950204974546,0,1e-05
28718,22.4655525964859,0,1e-05
28719,22.1581133611947,0,1e-05
28720,22.5291512915827,0,1e-05
28721,22.2214589993409,0,1e-05
28722,22.5930043657693,0,1e-05
28723,22.2850586640754,0,1e-05
28724,22.6571129414419,0,1e-05
28725,22.3489136695003,0,1e-05
28726,22.7214784015872,0,1e-05
28727,22.4130252174027,0,1e-05
28728,22.7861019418549,0,1e-05
28729,22.4773946408176,0,1e-05
28730,22.8509846752689,0,1e-05
28731,22.5420229411663,0,1e-05
28732,22.9161279109969,0,1e-05
28733,22.6069116056687,0,1e-05
28734,22.9815331887542,0,1e-05
28735,22.6720620786983,0,1e-05
28736,23.0472015761177,0,1e-05
28737,22.7374752369837,0,1e-05
28738,23.1131343614879,0,1e-05
28739,22.8031526687873,0,1e-05
28740,23.1793329785876,0,1e-05
28741,22.8690956911832,0,1e-05
28742,23.2457986795717,0,1e-05
28743,22.9353055078538,0,1e-05
28744,23.3125328322023,0,1e-05
28745,23.0017834138389,0,1e-05
28746,23.3795366562313,0,1e-05
28747,23.0685308665292,0,1e-05
28748,23.44681158462,0,1e-05
28749,23.1355490947006,0,1e-05
28750,23.5143588858418,0,1e-05
28751,23.2028394617354,0,1e-05
28752,23.5821799393886,0,1e-05
28753,23.2704032713291,0,1e-05
28754,23.6502760457843,0,1e-05
28755,23.3382419907163,0,1e-05
28756,23.718648746758,0,1e-05
28757,23.4063568537211,0,1e-05
28758,23.7872992684599,0,1e-05
28759,23.4747493155838,0,1e-05
28760,23.856228927183,0,1e-05
28761,23.5434207367014,0,1e-05
28762,23.925439237065,0,1e-05
28763,23.6123725252215,0,1e-05
28764,23.9949315786892,0,1e-05
28765,23.6816060362891,0,1e-05
28766,24.0647073165543,0,1e-05
28767,23.7511227070781,0,1e-05
28768,24.1347679407364,0,1e-05
28769,23.8209239125991,0,1e-05
28770,24.2051148710585,0,1e-05
28771,23.8910111852628,0,1e-05
28772,24.2757494578817,0,1e-05
28773,23.9613858152932,0,1e-05
28774,24.3466729763678,0,1e-05
28775,24.0320490932468,0,1e-05
28776,24.4178871078721,0,1e-05
28777,24.1030028029022,0,1e-05
28778,24.4893934424229,0,1e-05
28779,24.1742483284013,0,1e-05
28780,24.5611930771526,0,1e-05
28781,24.2457868200157,0,1e-05
28782,24.6332876956838,0,1e-05
28783,24.3176201259026,0,1e-05
28784,24.7056787568599,0,1e-05
28785,24.3897495785534,0,1e-05
28786,24.7783678548332,0,1e-05
28787,24.4621766464511,0,1e-05
28788,24.8513561710932,0,1e-05
28789,24.534902878791,0,1e-05
28790,24.9246455908446,0,1e-05
28791,24.6079297440125,0,1e-05
28792,24.9982373833368,0,1e-05
28793,24.6812587277242,0,1e-05
28794,25.0721330896618,0,1e-05
28795,24.7548912988483,0,1e-05
28796,25.1463343001613,0,1e-05
28797,24.8288290588231,0,1e-05
28798,25.2208424268135,0,1e-05
28799,24.9030735545476,0,1e-05
28800,25.2956592430894,0,1e-05
28801,24.9776263900254,0,1e-05
28802,25.3707862213701,0,1e-05
28803,25.0524890642641,0,1e-05
28804,25.4462248828299,0,1e-05
28805,25.1276630990901,0,1e-05
28806,25.5219767128719,0,1e-05
28807,25.2031500740121,0,1e-05
28808,25.598043416699,0,1e-05
28809,25.2789515956279,0,1e-05
28810,25.6744264999034,0,1e-05
28811,25.3550691467964,0,1e-05
28812,25.7511277326523,0,1e-05
28813,25.431504519321,0,1e-05
28814,25.8281485390446,0,1e-05
28815,25.5082592809405,0,1e-05
28816,25.9054907446465,0,1e-05
28817,25.5853350238481,0,1e-05
28818,25.9831558193755,0,1e-05
28819,25.6627335194866,0,1e-05
28820,26.0611455431249,0,1e-05
28821,25.7404561690272,0,1e-05
28822,26.1394614844971,0,1e-05
28823,25.8185047214297,0,1e-05
28824,26.2181052738992,0,1e-05
28825,25.8968808302555,0,1e-05
28826,26.2970786117959,0,1e-05
28827,25.9755862499489,0,1e-05
28828,26.3763832357514,0,1e-05
28829,26.0546224792713,0,1e-05
28830,26.4560205238342,0,1e-05
28831,26.1339911797743,0,1e-05
28832,26.535992479797,0,1e-05
28833,26.2136942302166,0,1e-05
28834,26.6163007649711,0,1e-05
28835,26.2937332355831,0,1e-05
28836,26.6969471180366,0,1e-05
28837,26.3741100732343,0,1e-05
28838,26.7779332320332,0,1e-05
28839,26.4548262707494,0,1e-05
28840,26.8592608721302,0,1e-05
28841,26.5358836485811,0,1e-05
28842,26.9409316484771,0,1e-05
28843,26.6172839405284,0,1e-05
28844,27.022947430077,0,1e-05
28845,26.6990288575279,0,1e-05
28846,27.1053100990573,0,1e-05
28847,26.7811202713815,0,1e-05
28848,27.1880212268033,0,1e-05
28849,26.8635598658279,0,1e-05
28850,27.2710828493192,0,1e-05
28851,26.9463496835539,0,1e-05
28852,27.3544965004644,0,1e-05
28853,27.0294912506905,0,1e-05
28854,27.4382642786866,0,1e-05
28855,27.1129864505875,0,1e-05
28856,27.5223876982399,0,1e-05
28857,27.1968370521864,0,1e-05
28858,27.6068687498087,0,1e-05
28859,27.2810448921085,0,1e-05
28860,27.6917094035444,0,1e-05
28861,27.365612002965,0,1e-05
28862,27.7769110795406,0,1e-05
28863,27.4505397926509,0,1e-05
28864,27.8624761192277,0,1e-05
28865,27.5358306711654,0,1e-05
28866,27.9484062821715,0,1e-05
28867,27.6214862813343,0,1e-05
28868,28.0347032312105,0,1e-05
28869,27.7075083806831,0,1e-05
28870,28.1213690482613,0,1e-05
28871,27.7938989506873,0,1e-05
28872,28.2084056955693,0,1e-05
28873,27.8806600457794,0,1e-05
28874,28.2958148949017,0,1e-05
28875,27.9677934334959,0,1e-05
28876,28.3835988788884,0,1e-05
28877,28.0553010035266,0,1e-05
28878,28.4717591167943,0,1e-05
28879,28.1431847860934,0,1e-05
28880,28.5602981746728,0,1e-05
28881,28.2314469263169,0,1e-05
28882,28.6492175429914,0,1e-05
28883,28.3200890234522,0,1e-05
28884,28.7385193678723,0,1e-05
28885,28.4091131126214,0,1e-05
28886,28.8282056549544,0,1e-05
28887,28.4985214786997,0,1e-05
28888,28.9182784608229,0,1e-05
28889,28.5883158857274,0,1e-05
28890,29.008739575117,0,1e-05
28891,28.6784982665818,0,1e-05
28892,29.0995910551347,0,1e-05
28893,28.7690707129503,0,1e-05
28894,29.1908350532702,0,1e-05
28895,28.860035296646,0,1e-05
28896,29.2824736273003,0,1e-05
28897,28.9513940555897,0,1e-05
28898,29.3745088456912,0,1e-05
28899,29.0431491685414,0,1e-05
28900,29.4669426784026,0,1e-05
28901,29.1353025546756,0,1e-05
28902,29.5597775026789,0,1e-05
28903,29.2278566357434,0,1e-05
28904,29.6530151021245,0,1e-05
28905,29.320813001857,0,1e-05
28906,29.7466576859827,0,1e-05
28907,29.4141740730981,0,1e-05
28908,29.8407073878324,0,1e-05
28909,29.507941712969,0,1e-05
28910,29.9351663643984,0,1e-05
28911,29.6021184303049,0,1e-05
28912,30.0300366781423,0,1e-05
28913,29.6967059552301,0,1e-05
28914,30.1253203914687,0,1e-05
28915,29.7917067793439,0,1e-05
28916,30.221019838167,0,1e-05
28917,29.8871227050021,0,1e-05
28918,30.3171370741827,0,1e-05
28919,29.9829562553072,0,1e-05
28920,30.413674472983,0,1e-05
28921,30.0792095031622,0,1e-05
28922,30.5106343669567,0,1e-05
28923,30.175885094599,0,1e-05
28924,30.6080190072741,0,1e-05
28925,30.2729846891657,0,1e-05
28926,30.7058301564957,0,1e-05
28927,30.3705106967727,0,1e-05
28928,30.8040704885294,0,1e-05
28929,30.4684654169943,0,1e-05
28930,30.9027420653656,0,1e-05
28931,30.566850967755,0,1e-05
28932,31.0018471480411,0,1e-05
28933,30.6656696741653,0,1e-05
28934,31.1013881207731,0,1e-05
28935,30.7649238440238,0,1e-05
28936,31.201367279847,0,1e-05
28937,30.8646159103067,0,1e-05
28938,31.3017869877658,0,1e-05
28939,30.9647482151594,0,1e-05
28940,31.4026494422654,0,1e-05
28941,31.0653227030418,0,1e-05
28942,31.5039570700536,0,1e-05
28943,31.16634215508,0,1e-05
28944,31.6057123914606,0,1e-05
28945,31.2678088515269,0,1e-05
28946,31.7079174685042,0,1e-05
28947,31.3697248360556,0,1e-05
28948,31.8105750122343,0,1e-05
28949,31.4720931404004,0,1e-05
28950,31.9136872986844,0,1e-05
28951,31.574915544563,0,1e-05
28952,32.0172567506446,0,1e-05
28953,31.6781947514982,0,1e-05
28954,32.1212856849501,0,1e-05
28955,31.7819332486506,0,1e-05
28956,32.2257767263124,0,1e-05
28957,31.8861334080452,0,1e-05
28958,32.3307321563936,0,1e-05
28959,31.9907975302866,0,1e-05
28960,32.4361547043853,0,1e-05
28961,32.0959282228739,0,1e-05
28962,32.5420465994091,0,1e-05
28963,32.2015280931639,0,1e-05
28964,32.6484103863531,0,1e-05
28965,32.3075992903839,0,1e-05
28966,32.755248645066,0,1e-05
28967,32.4141447020105,0,1e-05
28968,32.8625639752077,0,1e-05
28969,32.5211667659604,0,1e-05
28970,32.9703589259312,0,1e-05
28971,32.6286680272638,0,1e-05
28972,33.0786360031908,0,1e-05
28973,32.7366510594133,0,1e-05
28974,33.1873978902582,0,1e-05
28975,32.8451184515458,0,1e-05
28976,33.2966470739504,0,1e-05
28977,32.9540729190413,0,1e-05
28978,33.4063862378172,0,1e-05
28979,33.0635168623861,0,1e-05
28980,33.5166180358468,0,1e-05
28981,33.1734530812298,0,1e-05
28982,33.6273451109893,0,1e-05
28983,33.2838840044307,0,1e-05
28984,33.7385698537809,0,1e-05
28985,33.3948124541026,0,1e-05
28986,33.8502953120729,0,1e-05
28987,33.506240908083,0,1e-05
28988,33.9625238409205,0,1e-05
28989,33.6181722287172,0,1e-05
28990,34.0752584216581,0,1e-05
28991,33.7306092013404,0,1e-05
28992,34.1885017644548,0,1e-05
28993,33.8435545595034,0,1e-05
28994,34.3022566175137,0,1e-05
28995,33.9570110289345,0,1e-05
28996,34.416525551767,0,1e-05
28997,34.0709812491588,0,1e-05
28998,34.5313117527679,0,1e-05
28999,34.1854680175417,0,1e-05
29000,34.6466175575369,0,1e-05
29001,34.3004741293293,0,1e-05
29002,34.7624456702592,0,1e-05
29003,34.4160024161308,0,1e-05
29004,34.8787995509578,0,1e-05
29005,34.5320558547654,0,1e-05
29006,34.9956817558974,0,1e-05
29007,34.6486372333436,0,1e-05
29008,35.113095004134,0,1e-05
29009,34.7657493917079,0,1e-05
29010,35.2310423913399,0,1e-05
29011,34.8833949651074,0,1e-05
29012,35.349526602559,0,1e-05
29013,35.0015772082799,0,1e-05
29014,35.468550640196,0,1e-05
29015,35.120298773418,0,1e-05
29016,35.5881173340081,0,1e-05
29017,35.239562503629,0,1e-05
29018,35.7082298105082,0,1e-05
29019,35.3593717615053,0,1e-05
29020,35.8288907898243,0,1e-05
29021,35.479728950872,0,1e-05
29022,35.950103444179,0,1e-05
29023,35.600637646243,0,1e-05
29024,36.0718708499206,0,1e-05
29025,35.722100519632,0,1e-05
29026,36.1941960867014,0,1e-05
29027,35.8441209176298,0,1e-05
29028,36.3170819488809,0,1e-05
29029,35.9667014904024,0,1e-05
29030,36.4405317801251,0,1e-05
29031,36.0898456742764,0,1e-05
29032,36.5645484155049,0,1e-05
29033,36.2135560631895,0,1e-05
29034,36.6891348837797,0,1e-05
29035,36.3378360289833,0,1e-05
29036,36.81429458248,0,1e-05
29037,36.4626887617038,0,1e-05
29038,36.9400305355896,0,1e-05
29039,36.588117251788,0,1e-05
29040,37.066345591625,0,1e-05
29041,36.7141245438728,0,1e-05
29042,37.1932433187655,0,1e-05
29043,36.8407142824275,0,1e-05
29044,37.320726947337,0,1e-05
29045,36.9678891836681,0,1e-05
29046,37.4487994630298,0,1e-05
29047,37.0956527779944,0,1e-05
29048,37.5774641395097,0,1e-05
29049,37.2240080551217,0,1e-05
29050,37.7067243730727,0,1e-05
29051,37.3529584125254,0,1e-05
29052,37.8365833748716,0,1e-05
29053,37.4825072591132,0,1e-05
29054,37.9670443774337,0,1e-05
29055,37.6126574692139,0,1e-05
29056,38.0981105269474,0,1e-05
29057,37.7434127541129,0,1e-05
29058,38.2297854847322,0,1e-05
29059,37.8747760934785,0,1e-05
29060,38.3620724062378,0,1e-05
29061,38.0067512633898,0,1e-05
29062,38.4949748907869,0,1e-05
29063,38.1393414935571,0,1e-05
29064,38.6284960126725,0,1e-05
29065,38.2725498182046,0,1e-05
29066,38.7626393892812,0,1e-05
29067,38.4063799332738,0,1e-05
29068,38.8974081410177,0,1e-05
29069,38.5408351761643,0,1e-05
29070,39.0328062051799,0,1e-05
29071,38.6759193199717,0,1e-05
29072,39.168836609496,0,1e-05
29073,38.8116354692713,0,1e-05
29074,39.305503373593,0,1e-05
29075,38.9479873392605,0,1e-05
29076,39.4428095037066,0,1e-05
29077,39.084978262181,0,1e-05
29078,39.5807588625252,0,1e-05
29079,39.2226119724294,0,1e-05
29080,39.7193549462961,0,1e-05
29081,39.3608921434258,0,1e-05
29082,39.858601360957,0,1e-05
29083,39.4998219587695,0,1e-05
29084,39.9985012619362,0,1e-05
29085,39.639405125211,0,1e-05
29086,40.1390589252579,0,1e-05
29087,39.7796454821212,0,1e-05
29088,40.2802777428028,0,1e-05
29089,39.9205465977645,0,1e-05
29090,40.422161444075,0,1e-05
29091,40.062112308898,0,1e-05
29092,40.5647135376726,0,1e-05
29093,40.2043458071395,0,1e-05
29094,40.7079377155081,0,1e-05
29095,40.3472512368343,0,1e-05
29096,40.8518381906519,0,1e-05
29097,40.4908323722055,0,1e-05
29098,40.9964184365737,0,1e-05
29099,40.6350928176357,0,1e-05
29100,41.1416822391379,0,1e-05
29101,40.7800365244945,0,1e-05
29102,41.2876332949531,0,1e-05
29103,40.9256667433691,0,1e-05
29104,41.4342752565528,0,1e-05
29105,41.0719879461939,0,1e-05
29106,41.5816125589123,0,1e-05
29107,41.2190037400516,0,1e-05
29108,41.7296487245375,0,1e-05
29109,41.3667181454736,0,1e-05
29110,41.8783877288358,0,1e-05
29111,41.5151350454153,0,1e-05
29112,42.0278334702119,0,1e-05
29113,41.6642581808079,0,1e-05
29114,42.1779900944108,0,1e-05
29115,41.8140918353401,0,1e-05
29116,42.3288615199814,0,1e-05
29117,41.9646397403508,0,1e-05
29118,42.480451477544,0,1e-05
29119,42.1159058994377,0,1e-05
29120,42.6327640239335,0,1e-05
29121,42.2678940519958,0,1e-05
29122,42.7858035029094,0,1e-05
29123,42.4206089068223,0,1e-05
29124,42.9395736449721,0,1e-05
29125,42.5740539624051,0,1e-05
29126,43.0940788561207,0,1e-05
29127,42.7282338581868,0,1e-05
29128,43.2493233367211,0,1e-05
29129,42.8831523909348,0,1e-05
29130,43.4053110522087,0,1e-05
29131,43.0388137278615,0,1e-05
29132,43.5620461877556,0,1e-05
29133,43.195222193285,0,1e-05
29134,43.7195330045539,0,1e-05
29135,43.3523818662229,0,1e-05
29136,43.8777755374529,0,1e-05
29137,43.5102970535661,0,1e-05
29138,44.0367783033854,0,1e-05
29139,43.6689719274421,0,1e-05
29140,44.1965455636915,0,1e-05
29141,43.8284109133588,0,1e-05
29142,44.357081382105,0,1e-05
29143,43.9886180468739,0,1e-05
29144,44.518390383117,0,1e-05
29145,44.1495980280258,0,1e-05
29146,44.6804767645128,0,1e-05
29147,44.3113546946996,0,1e-05
29148,44.8433446201697,0,1e-05
29149,44.4738929449542,0,1e-05
29150,45.0069991050719,0,1e-05
29151,44.6372170770167,0,1e-05
29152,45.1714440490468,0,1e-05
29153,44.8013313756732,0,1e-05
29154,45.336684356741,0,1e-05
29155,44.9662404673462,0,1e-05
29156,45.502723983273,0,1e-05
29157,45.1319487517844,0,1e-05
29158,45.6695678959975,0,1e-05
29159,45.29846078401,0,1e-05
29160,45.8372204735825,0,1e-05
29161,45.4657810228488,0,1e-05
29162,46.0056864521542,0,1e-05
29163,45.6339142760666,0,1e-05
29164,46.1749701657468,0,1e-05
29165,45.8028650361453,0,1e-05
29166,46.345076476556,0,1e-05
29167,45.9726378182354,0,1e-05
29168,46.5160099464853,0,1e-05
29169,46.1432375168037,0,1e-05
29170,46.6877752427035,0,1e-05
29171,46.3146686387317,0,1e-05
29172,46.860377418204,0,1e-05
29173,46.4869360903274,0,1e-05
29174,47.0338207842154,0,1e-05
29175,46.6600448298107,0,1e-05
29176,47.2081106016351,0,1e-05
29177,46.8339992625755,0,1e-05
29178,47.3832514343068,0,1e-05
29179,47.0088042649304,0,1e-05
29180,47.5592479096689,0,1e-05
29181,47.1844646580111,0,1e-05
29182,47.7361051074392,0,1e-05
29183,47.3609853018399,0,1e-05
29184,47.9138280252602,0,1e-05
29185,47.5383712169831,0,1e-05
29186,48.0924212850705,0,1e-05
29187,47.7166275136239,0,1e-05
29188,48.2718905036812,0,1e-05
29189,47.8957591209298,0,1e-05
29190,48.452240262724,0,1e-05
29191,48.0757706400827,0,1e-05
29192,48.6334752028188,0,1e-05
29193,48.2566675124412,0,1e-05
29194,48.8156009022547,0,1e-05
29195,48.4384543114078,0,1e-05
29196,48.9986222781025,0,1e-05
29197,48.6211366767018,0,1e-05
29198,49.1825444299662,0,1e-05
29199,48.8047190246941,0,1e-05
29200,49.3673721839199,0,1e-05
29201,48.9892071411548,0,1e-05
29202,49.5531116799471,0,1e-05
29203,49.174606547832,0,1e-05
29204,49.7397673620329,0,1e-05
29205,49.3609216130105,0,1e-05
29206,49.9273446477408,0,1e-05
29207,49.5481579933312,0,1e-05
29208,50.1158488492237,0,1e-05
29209,49.7363210773806,0,1e-05
29210,50.3052854848535,0,1e-05
29211,49.9254159648152,0,1e-05
29212,50.4956593837775,0,1e-05
29213,50.1154476829651,0,1e-05
29214,50.6869759674782,0,1e-05
29215,50.306422132373,0,1e-05
29216,50.8792412800501,0,1e-05
29217,50.4983447128573,0,1e-05
29218,51.0724602531635,0,1e-05
29219,50.6912208080595,0,1e-05
29220,51.2666389569079,0,1e-05
29221,50.8850560458842,0,1e-05
29222,51.4617820872174,0,1e-05
29223,51.0798554700162,0,1e-05
29224,51.6578954853361,0,1e-05
29225,51.2756248664614,0,1e-05
29226,51.8549849115406,0,1e-05
29227,51.4723696171773,0,1e-05
29228,52.0530558088078,0,1e-05
29229,51.6700960207173,0,1e-05
29230,52.2521140603338,0,1e-05
29231,51.8688090953597,0,1e-05
29232,52.4521648300725,0,1e-05
29233,52.0685144436341,0,1e-05
29234,52.6532144159197,0,1e-05
29235,52.2692184083912,0,1e-05
29236,52.8552686886271,0,1e-05
29237,52.4709267741591,0,1e-05
29238,53.0583330133253,0,1e-05
29239,52.6736446636323,0,1e-05
29240,53.2624134082266,0,1e-05
29241,52.877378022417,0,1e-05
29242,53.4675151969161,0,1e-05
29243,53.0821329447105,0,1e-05
29244,53.6736448862972,0,1e-05
29245,53.2879154204297,0,1e-05
29246,53.8808086088516,0,1e-05
29247,53.494731457282,0,1e-05
29248,54.0890120163122,0,1e-05
29249,53.7025870820205,0,1e-05
29250,54.2982612191399,0,1e-05
29251,53.9114877823268,0,1e-05
29252,54.508561986083,0,1e-05
29253,54.1214400053268,0,1e-05
29254,54.7199202784545,0,1e-05
29255,54.3324492596083,0,1e-05
29256,54.9323425823798,0,1e-05
29257,54.544522343016,0,1e-05
29258,55.1458351228789,0,1e-05
29259,54.7576657214541,0,1e-05
29260,55.3604042157669,0,1e-05
29261,54.9718849523059,0,1e-05
29262,55.576055809058,0,1e-05
29263,55.1871863418945,0,1e-05
29264,55.7927960401591,0,1e-05
29265,55.4035763785819,0,1e-05
29266,56.0106316398262,0,1e-05
29267,55.6210610774142,0,1e-05
29268,56.2295684303713,0,1e-05
29269,55.8396473377132,0,1e-05
29270,56.4496136207242,0,1e-05
29271,56.0593412108579,0,1e-05
29272,56.6707730411499,0,1e-05
29273,56.2801490920785,0,1e-05
29274,56.893053228413,0,1e-05
29275,56.5020774643865,0,1e-05
29276,57.116460584539,0,1e-05
29277,56.7251325474856,0,1e-05
29278,57.3410017218836,0,1e-05
29279,56.9493216602431,0,1e-05
29280,57.5666836538565,0,1e-05
29281,57.1746510770521,0,1e-05
29282,57.7935124974461,0,1e-05
29283,57.4011269505864,0,1e-05
29284,58.0214950379922,0,1e-05
29285,57.6287565484995,0,1e-05
29286,58.2506380093493,0,1e-05
29287,57.8575459905641,0,1e-05
29288,58.4809479746475,0,1e-05
29289,58.0875023375991,0,1e-05
29290,58.7124319947361,0,1e-05
29291,58.3186326474198,0,1e-05
29292,58.9450968242099,0,1e-05
29293,58.5509434191915,0,1e-05
29294,59.1789497650689,0,1e-05
29295,58.7844418387868,0,1e-05
29296,59.4139972026846,0,1e-05
29297,59.0191345271559,0,1e-05
29298,59.6502459124991,0,1e-05
29299,59.2550284194484,0,1e-05
29300,59.8877031067044,0,1e-05
29301,59.4921307412727,0,1e-05
29302,60.1263761263623,0,1e-05
29303,59.7304486585394,0,1e-05
29304,60.3662724187927,0,1e-05
29305,59.969989744211,0,1e-05
29306,60.607398689552,0,1e-05
29307,60.2107597929984,0,1e-05
29308,60.8497615671265,0,1e-05
29309,60.4527670631795,0,1e-05
29310,61.0933689514968,0,1e-05
29311,60.6960181088235,0,1e-05
29312,61.3382276311718,0,1e-05
29313,60.9405203596671,0,1e-05
29314,61.5843452377206,0,1e-05
29315,61.1862814349083,0,1e-05
29316,61.8317291888322,0,1e-05
29317,61.4333084719448,0,1e-05
29318,62.0803864738531,0,1e-05
29319,61.6816092875236,0,1e-05
29320,62.3303253826467,0,1e-05
29321,61.9311907835366,0,1e-05
29322,62.5815524872978,0,1e-05
29323,62.1820603100579,0,1e-05
29324,62.8340757347009,0,1e-05
29325,62.4342265316307,0,1e-05
29326,63.0879031351747,0,1e-05
29327,62.687695917561,0,1e-05
29328,63.3430415815019,0,1e-05
29329,62.9424769379072,0,1e-05
29330,63.5994994719614,0,1e-05
29331,63.1985765467535,0,1e-05
29332,63.857284050099,0,1e-05
29333,63.4560030604418,0,1e-05
29334,64.1164030217131,0,1e-05
29335,63.7147636960417,0,1e-05
29336,64.3768642328231,0,1e-05
29337,63.9748665870953,0,1e-05
29338,64.6386758568906,0,1e-05
29339,64.2363196891174,0,1e-05
29340,64.9018457493158,0,1e-05
29341,64.4991305954085,0,1e-05
29342,65.166381163136,0,1e-05
29343,64.7633074611275,0,1e-05
29344,65.4322914914074,0,1e-05
29345,65.0288584122947,0,1e-05
29346,65.6995836666681,0,1e-05
29347,65.2957914406577,0,1e-05
29348,65.9682663216335,0,1e-05
29349,65.5641146825694,0,1e-05
29350,66.2383474527973,0,1e-05
29351,65.8338363644445,0,1e-05
29352,66.5098349747644,0,1e-05
29353,66.1049648098874,0,1e-05
29354,66.7827382933602,0,1e-05
29355,66.3775082635897,0,1e-05
29356,67.0570644614543,0,1e-05
29357,66.6514748948352,0,1e-05
29358,67.3328222385752,0,1e-05
29359,66.9268727655683,0,1e-05
29360,67.6100200769033,0,1e-05
29361,67.2037106033221,0,1e-05
29362,67.8886662984889,0,1e-05
29363,67.4819969531827,0,1e-05
29364,68.1687697298107,0,1e-05
29365,67.7617400355193,0,1e-05
29366,68.4503384751719,0,1e-05
29367,68.0429492745872,0,1e-05
29368,68.7333819338771,0,1e-05
29369,68.3256321931436,0,1e-05
29370,69.0179078994808,0,1e-05
29371,68.6097979650109,0,1e-05
29372,69.3039257108229,0,1e-05
29373,68.8954548607264,0,1e-05
29374,69.5914435666219,0,1e-05
29375,69.1826124277246,0,1e-05
29376,69.8804705721603,0,1e-05
29377,69.4712791917383,0,1e-05
29378,70.1710157676696,0,1e-05
29379,69.7614639774247,0,1e-05
29380,70.4630882081703,0,1e-05
29381,70.0531759598278,0,1e-05
29382,70.7566968273628,0,1e-05
29383,70.3464242624627,0,1e-05
29384,71.0518503617039,0,1e-05
29385,70.6412170435971,0,1e-05
29386,71.3485580031633,0,1e-05
29387,70.9375641590322,0,1e-05
29388,71.6468289795295,0,1e-05
29389,71.2354743846878,0,1e-05
29390,71.9466722335875,0,1e-05
29391,71.5349570537402,0,1e-05
29392,72.248097159459,0,1e-05
29393,71.8360211855123,0,1e-05
29394,72.5511132012623,0,1e-05
29395,72.1386766308133,0,1e-05
29396,72.855729353816,0,1e-05
29397,72.4429325050061,0,1e-05
29398,73.1619558237207,0,1e-05
29399,72.7487980275656,0,1e-05
29400,73.4698013740367,0,1e-05
29401,73.0562831473657,0,1e-05
29402,73.7792759468743,0,1e-05
29403,73.365397181933,0,1e-05
29404,74.0903887691623,0,1e-05
29405,73.6761494084204,0,1e-05
29406,74.4031496233641,0,1e-05
29407,73.9885503792615,0,1e-05
29408,74.7175691359362,0,1e-05
29409,74.302609194779,0,1e-05
29410,75.0336560865753,0,1e-05
29411,74.6183357398082,0,1e-05
29412,75.3514202062115,0,1e-05
29413,74.9357398022333,0,1e-05
29414,75.6708717082503,0,1e-05
29415,75.254831291303,0,1e-05
29416,75.9920205223164,0,1e-05
29417,75.575619757881,0,1e-05
29418,76.3148766633445,0,1e-05
29419,75.8981160542238,0,1e-05
29420,76.6394499489985,0,1e-05
29421,76.2223294377452,0,1e-05
29422,76.9657508266852,0,1e-05
29423,76.5482704375043,0,1e-05
29424,77.2937890047546,0,1e-05
29425,76.875948997916,0,1e-05
29426,77.6235749705615,0,1e-05
29427,77.2053754288871,0,1e-05
29428,77.9551194293819,0,1e-05
29429,77.5365601380258,0,1e-05
29430,78.2884317340504,0,1e-05
29431,77.8695136228018,0,1e-05
29432,78.6235238664408,0,1e-05
29433,78.2042461926305,0,1e-05
29434,78.9604047916349,0,1e-05
29435,78.5407683519238,0,1e-05
29436,79.2990861370963,0,1e-05
29437,78.8790905771444,0,1e-05
29438,79.639577804633,0,1e-05
29439,79.2192235763042,0,1e-05
29440,79.9818904046069,0,1e-05
29441,79.5611776708836,0,1e-05
29442,80.3260350643777,0,1e-05
29443,79.9049637417489,0,1e-05
29444,80.6720224399719,0,1e-05
29445,80.2505928927667,0,1e-05
29446,81.0198632232012,0,1e-05
29447,80.598075696521,0,1e-05
29448,81.369568477767,0,1e-05
29449,80.9474230193655,0,1e-05
29450,81.7211492415727,0,1e-05
29451,81.2986466836377,0,1e-05
29452,82.0746163906871,0,1e-05
29453,81.6517558798447,0,1e-05
29454,82.4299811306372,0,1e-05
29455,82.0067638290829,0,1e-05
29456,82.7872552557152,0,1e-05
29457,82.3636809326813,0,1e-05
29458,83.146449285211,0,1e-05
29459,82.722518190989,0,1e-05
29460,83.5075743363257,0,1e-05
29461,83.0832866484581,0,1e-05
29462,83.8706420063274,0,1e-05
29463,83.4459983132014,0,1e-05
29464,84.2356637170895,0,1e-05
29465,83.810664156349,0,1e-05
29466,84.6026509701053,0,1e-05
29467,84.1772957373448,0,1e-05
29468,84.9716161086537,0,1e-05
29469,84.5459051969204,0,1e-05
29470,85.3425692196847,0,1e-05
29471,84.916503673671,0,1e-05
29472,85.7155235209125,0,1e-05
29473,85.2891030248397,0,1e-05
29474,86.0904894953394,0,1e-05
29475,85.663714048542,0,1e-05
29476,86.4674790339431,0,1e-05
29477,86.040349748612,0,1e-05
29478,86.8465052621053,0,1e-05
29479,86.4190219477899,0,1e-05
29480,87.2275798835176,0,1e-05
29481,86.7997433104818,0,1e-05
29482,87.6107141974913,0,1e-05
29483,87.1825241492976,0,1e-05
29484,87.9959198589962,0,1e-05
29485,87.5673774098709,0,1e-05
29486,88.3832104217282,0,1e-05
29487,87.9543156973697,0,1e-05
29488,88.7725975713018,0,1e-05
29489,88.3433503050919,0,1e-05
29490,89.1640929275794,0,1e-05
29491,88.7344941759675,0,1e-05
29492,89.5577100232087,0,1e-05
29493,89.1277597228112,0,1e-05
29494,89.953460761936,0,1e-05
29495,89.5231595268041,0,1e-05
29496,90.351357105826,0,1e-05
29497,89.9207053938737,0,1e-05
29498,90.7514122914342,0,1e-05
29499,90.3204107707174,0,1e-05
29500,91.1536391042067,0,1e-05
29501,90.7222878957099,0,1e-05
29502,91.5580498146226,0,1e-05
29503,91.1263487142664,0,1e-05
29504,91.9646572052786,0,1e-05
29505,91.5326076100292,0,1e-05
29506,92.3734748146286,0,1e-05
29507,91.9410766864895,0,1e-05
29508,92.7845148283618,0,1e-05
29509,92.3517688290042,0,1e-05
29510,93.197790307215,0,1e-05
29511,92.7646967150843,0,1e-05
29512,93.6133141722804,0,1e-05
29513,93.1798738452235,0,1e-05
29514,94.0311003480527,0,1e-05
29515,93.5973132033865,0,1e-05
29516,94.4511607328008,0,1e-05
29517,94.017027533948,0,1e-05
29518,94.873510355569,0,1e-05
29519,94.4390315881416,0,1e-05
29520,95.2981611011432,0,1e-05
29521,94.8633375395193,0,1e-05
29522,95.7251271319799,0,1e-05
29523,95.2899590536773,0,1e-05
29524,96.1544218412721,0,1e-05
29525,95.718909837342,0,1e-05
29526,96.5860585671192,0,1e-05
29527,96.1502026605212,0,1e-05
29528,97.0200508171742,0,1e-05
29529,96.5838525055662,0,1e-05
29530,97.456413245443,0,1e-05
29531,97.019873151548,0,1e-05
29532,97.8951590499529,0,1e-05
29533,97.4582760926202,0,1e-05
29534,98.3363017553065,0,1e-05
29535,97.8990782136999,0,1e-05
29536,98.7798562744429,0,1e-05
29537,98.3422921892526,0,1e-05
29538,99.2258364109155,0,1e-05
29539,98.7879321204685,0,1e-05
29540,99.6742555675557,0,1e-05
29541,99.2360121830593,0,1e-05
29542,100.125128310547,0,1e-05
29543,99.68654648698,0,1e-05
29544,100.578468964774,0,1e-05
29545,100.139548893436,0,1e-05
29546,101.034291762283,0,1e-05
29547,100.595034141044,0,1e-05
29548,101.492611215385,0,1e-05
29549,101.053017000505,0,1e-05
29550,101.953441917068,0,1e-05
29551,101.513511101554,0,1e-05
29552,102.416798208871,0,1e-05
29553,101.97653241208,0,1e-05
29554,102.882694206442,0,1e-05
29555,102.442093116876,0,1e-05
29556,103.351145552558,0,1e-05
29557,102.910210638364,0,1e-05
29558,103.822166296313,0,1e-05
29559,103.380898239105,0,1e-05
29560,104.295772777584,0,1e-05
29561,103.854172165288,0,1e-05
29562,104.771978270124,0,1e-05
29563,104.330045197031,0,1e-05
29564,105.25079842636,0,1e-05
29565,104.808534204772,0,1e-05
29566,105.732248171698,0,1e-05
29567,105.289653712677,0,1e-05
29568,106.21634268212,0,1e-05
29569,105.773418128604,0,1e-05
29570,106.703096859984,0,1e-05
29571,106.259843703543,0,1e-05
29572,107.192527134114,0,1e-05
29573,106.748945618124,0,1e-05
29574,107.684647739824,0,1e-05
29575,107.240738654134,0,1e-05
29576,108.179474599976,0,1e-05
29577,107.73523884563,0,1e-05
29578,108.677023479514,0,1e-05
29579,108.232462079728,0,1e-05
29580,109.177309823723,0,1e-05
29581,108.732423155689,0,1e-05
29582,109.680349200549,0,1e-05
29583,109.235138933242,0,1e-05
29584,110.186158186036,0,1e-05
29585,109.74062402639,0,1e-05
29586,110.694751542367,0,1e-05
29587,110.248895155577,0,1e-05
29588,111.206146203802,0,1e-05
29589,110.759967821903,0,1e-05
29590,111.720357155857,0,1e-05
29591,111.273857774409,0,1e-05
29592,112.237400887929,0,1e-05
29593,111.790581635681,0,1e-05
29594,112.757293821479,0,1e-05
29595,112.310155739194,0,1e-05
29596,113.280052079159,0,1e-05
29597,112.83259552372,0,1e-05
29598,113.805692342339,0,1e-05
29599,113.357918244088,0,1e-05
29600,114.334230487512,0,1e-05
29601,113.886139882594,0,1e-05
29602,114.865682534462,0,1e-05
29603,114.417277287911,0,1e-05
29604,115.400067264238,0,1e-05
29605,114.951346789276,0,1e-05
29606,115.937399094835,0,1e-05
29607,115.48836499595,0,1e-05
29608,116.477695533509,0,1e-05
29609,116.028348474404,0,1e-05
29610,117.020973302055,0,1e-05
29611,116.57131484208,0,1e-05
29612,117.567249469898,0,1e-05
29613,117.117279730033,0,1e-05
29614,118.116540112411,0,1e-05
29615,117.6662610433,0,1e-05
29616,118.668863686987,0,1e-05
29617,118.218275534584,0,1e-05
29618,119.224236476092,0,1e-05
29619,118.773340287328,0,1e-05
29620,119.782675916851,0,1e-05
29621,119.331473605434,0,1e-05
29622,120.34420036408,0,1e-05
29623,119.892691582762,0,1e-05
29624,120.908825884855,0,1e-05
29625,120.457012487555,0,1e-05
29626,121.476570381281,0,1e-05
29627,121.024452815178,0,1e-05
29628,122.047449951691,0,1e-05
29629,121.595029918274,0,1e-05
29630,122.621484047307,0,1e-05
29631,122.168762231659,0,1e-05
29632,123.198689984399,0,1e-05
29633,122.745666709859,0,1e-05
29634,123.779084827031,0,1e-05
29635,123.325762826012,0,1e-05
29636,124.362687542373,0,1e-05
29637,123.909066243821,0,1e-05
29638,124.949515299464,0,1e-05
29639,124.49559713669,0,1e-05
29640,125.539586571457,0,1e-05
29641,125.085371353065,0,1e-05
29642,126.132918442941,0,1e-05
29643,125.678408519521,0,1e-05
29644,126.729530541928,0,1e-05
29645,126.274726368908,0,1e-05
29646,127.329440332906,0,1e-05
29647,126.87434333513,0,1e-05
29648,127.932665750293,0,1e-05
29649,127.477276705179,0,1e-05
29650,128.539226379612,0,1e-05
29651,128.083545989213,0,1e-05
29652,129.149139312528,0,1e-05
29653,128.693169221561,0,1e-05
29654,129.762423096844,0,1e-05
29655,129.306164105214,0,1e-05
29656,130.379096933837,0,1e-05
29657,129.922550457975,0,1e-05
29658,130.999179466309,0,1e-05
29659,130.542347271213,0,1e-05
29660,131.622690585827,0,1e-05
29661,131.165573297042,0,1e-05
29662,132.249647588515,0,1e-05
29663,131.792246382667,0,1e-05
29664,132.880069798077,0,1e-05
29665,132.422385376979,0,1e-05
29666,133.513975506009,0,1e-05
29667,133.056009386255,0,1e-05
29668,134.15138508412,0,1e-05
29669,133.693138913809,0,1e-05
29670,134.792316995373,0,1e-05
29671,134.333791387565,0,1e-05
29672,135.436791382582,0,1e-05
29673,134.977987676376,0,1e-05
29674,136.08482650815,0,1e-05
29675,135.625746576394,0,1e-05
29676,136.736443118907,0,1e-05
29677,136.277086813412,0,1e-05
29678,137.391658092188,0,1e-05
29679,136.932027525049,0,1e-05
29680,138.050493163287,0,1e-05
29681,137.590589181569,0,1e-05
29682,138.712966953837,0,1e-05
29683,138.252791500747,0,1e-05
29684,139.379099877558,0,1e-05
29685,138.918653682492,0,1e-05
29686,140.048911857067,0,1e-05
29687,139.588195684476,0,1e-05
29688,140.722421526544,0,1e-05
29689,140.261437047261,0,1e-05
29690,141.399649764943,0,1e-05
29691,140.938398040176,0,1e-05
29692,142.080616138414,0,1e-05
29693,141.619098550468,0,1e-05
29694,142.765340624194,0,1e-05
29695,142.303559154479,0,1e-05
29696,143.453844882412,0,1e-05
29697,142.991799757376,0,1e-05
29698,144.146146826458,0,1e-05
29699,143.683839311895,0,1e-05
29700,144.842267348612,0,1e-05
29701,144.379699052807,0,1e-05
29702,145.542227302843,0,1e-05
29703,145.079399155612,0,1e-05
29704,146.246046356695,0,1e-05
29705,145.782959951536,0,1e-05
29706,146.953745477258,0,1e-05
29707,146.490401858319,0,1e-05
29708,147.665345607856,0,1e-05
29709,147.201746294869,0,1e-05
29710,148.380866509543,0,1e-05
29711,147.91701326488,0,1e-05
29712,149.100329886999,0,1e-05
29713,148.636223384853,0,1e-05
29714,149.823756222357,0,1e-05
29715,149.359397444995,0,1e-05
29716,150.551165294827,0,1e-05
29717,150.086555629542,0,1e-05
29718,151.282578290767,0,1e-05
29719,150.817718861062,0,1e-05
29720,152.018015944535,0,1e-05
29721,151.552908962216,0,1e-05
29722,152.757500977262,0,1e-05
29723,152.292147351827,0,1e-05
29724,153.501053828285,0,1e-05
29725,153.035453944243,0,1e-05
29726,154.248694065655,0,1e-05
29727,153.782849531194,0,1e-05
29728,155.000444019649,0,1e-05
29729,154.534356550891,0,1e-05
29730,155.756324655067,0,1e-05
29731,155.289994694584,0,1e-05
29732,156.516357207947,0,1e-05
29733,156.049787223353,0,1e-05
29734,157.280563041504,0,1e-05
29735,156.813754021952,0,1e-05
29736,158.048964615161,0,1e-05
29737,157.581917272619,0,1e-05
29738,158.821582523013,0,1e-05
29739,158.354298012556,0,1e-05
29740,159.598437946964,0,1e-05
29741,159.130918183742,0,1e-05
29742,160.379553578518,0,1e-05
29743,159.911799596679,0,1e-05
29744,161.1649505086,0,1e-05
29745,160.696963035968,0,1e-05
29746,161.954650061745,0,1e-05
29747,161.486431008107,0,1e-05
29748,162.748675292663,0,1e-05
29749,162.280225049542,0,1e-05
29750,163.547045933902,0,1e-05
29751,163.078366376107,0,1e-05
29752,164.349785945479,0,1e-05
29753,163.880878336718,0,1e-05
29754,165.156915679799,0,1e-05
29755,164.687781002683,0,1e-05
29756,165.968457896764,0,1e-05
29757,165.499097578132,0,1e-05
29758,166.784434042612,0,1e-05
29759,166.314848955864,0,1e-05
29760,167.604866541138,0,1e-05
29761,167.135057481249,0,1e-05
29762,168.429777214644,0,1e-05
29763,167.959746256175,0,1e-05
29764,169.259188909037,0,1e-05
29765,168.788936680681,0,1e-05
29766,170.093123406725,0,1e-05
29767,169.622650991957,0,1e-05
29768,170.931602894859,0,1e-05
29769,170.460911513099,0,1e-05
29770,171.774649601819,0,1e-05
29771,171.30374065786,0,1e-05
29772,172.622286398616,0,1e-05
29773,172.151160720191,0,1e-05
29774,173.474534854353,0,1e-05
29775,173.003194034531,0,1e-05
29776,174.331417896875,0,1e-05
29777,173.85986208813,0,1e-05
29778,175.19295695251,0,1e-05
29779,174.721187815435,0,1e-05
29780,176.059175925554,0,1e-05
29781,175.587194032763,0,1e-05
29782,176.930095999629,0,1e-05
29783,176.457903087007,0,1e-05
29784,177.805741423217,0,1e-05
29785,177.333338380258,0,1e-05
29786,178.686133526271,0,1e-05
29787,178.213521280554,0,1e-05
29788,179.5712949623,0,1e-05
29789,179.098474379921,0,1e-05
29790,180.461248409979,0,1e-05
29791,179.988220756435,0,1e-05
29792,181.356016756571,0,1e-05
29793,180.88278294804,0,1e-05
29794,182.255623052995,0,1e-05
29795,181.782183644812,0,1e-05
29796,183.160088575053,0,1e-05
29797,182.686444805305,0,1e-05
29798,184.069436459912,0,1e-05
29799,183.595588615333,0,1e-05
29800,184.983690684278,0,1e-05
29801,184.509640264347,0,1e-05
29802,185.902873899046,0,1e-05
29803,185.428621977541,0,1e-05
29804,186.827007954216,0,1e-05
29805,186.352554687145,0,1e-05
29806,187.75611598142,0,1e-05
29807,187.281462286443,0,1e-05
29808,188.690220636868,0,1e-05
29809,188.215367641747,0,1e-05
29810,189.62934492619,0,1e-05
29811,189.154293429681,0,1e-05
29812,190.573511254665,0,1e-05
29813,190.098261928332,0,1e-05
29814,191.522742767217,0,1e-05
29815,191.047295760183,0,1e-05
29816,192.477062457502,0,1e-05
29817,192.001419047612,0,1e-05
29818,193.43649323778,0,1e-05
29819,192.960653651147,0,1e-05
29820,194.401057730649,0,1e-05
29821,193.925023077311,0,1e-05
29822,195.370779552122,0,1e-05
29823,194.894550172835,0,1e-05
29824,196.345680812378,0,1e-05
29825,195.869257453958,0,1e-05
29826,197.325784782977,0,1e-05
29827,196.849168050088,0,1e-05
29828,198.311114458048,0,1e-05
29829,197.834304067355,0,1e-05
29830,199.301691252925,0,1e-05
29831,198.824688204846,0,1e-05
29832,200.297539522264,0,1e-05
29833,199.820344148486,0,1e-05
29834,201.298680967862,0,1e-05
29835,200.821293898378,0,1e-05
29836,202.305139640744,0,1e-05
29837,201.827560879761,0,1e-05
29838,203.316937694021,0,1e-05
29839,202.839167529767,0,1e-05
29840,204.334097817675,0,1e-05
29841,203.856137184597,0,1e-05
29842,205.356643079743,0,1e-05
29843,204.878491517331,0,1e-05
29844,206.384595443408,0,1e-05
29845,205.906253141726,0,1e-05
29846,207.417978412842,0,1e-05
29847,206.939445427252,0,1e-05
29848,208.456814529506,0,1e-05
29849,207.978091343951,0,1e-05
29850,209.501126464253,0,1e-05
29851,209.022212785436,0,1e-05
29852,210.550935907811,0,1e-05
29853,210.071832203727,0,1e-05
29854,211.606266623311,0,1e-05
29855,211.126972813988,0,1e-05
29856,212.667140653609,0,1e-05
29857,212.187656195359,0,1e-05
29858,213.7335805664,0,1e-05
29859,213.253905656637,0,1e-05
29860,214.80560940491,0,1e-05
29861,214.325743830326,0,1e-05
29862,215.883249161429,0,1e-05
29863,215.403192349019,0,1e-05
29864,216.966521618277,0,1e-05
29865,216.486273691045,0,1e-05
29866,218.055449421884,0,1e-05
29867,217.575010484947,0,1e-05
29868,219.150055929351,0,1e-05
29869,218.669424498919,0,1e-05
29870,220.250362310654,0,1e-05
29871,219.769538267703,0,1e-05
29872,221.356390775182,0,1e-05
29873,220.875374161471,0,1e-05
29874,222.468164001652,0,1e-05
29875,221.986953400545,0,1e-05
29876,223.585703086326,0,1e-05
29877,223.104298529882,0,1e-05
29878,224.709030328918,0,1e-05
29879,224.227431131592,0,1e-05
29880,225.838168335843,0,1e-05
29881,225.356372878186,0,1e-05
29882,226.973137588806,0,1e-05
29883,226.491146018444,0,1e-05
29884,228.113961414151,0,1e-05
29885,227.631772560658,0,1e-05
29886,229.260660190937,0,1e-05
29887,228.778273285407,0,1e-05
29888,230.41325714464,0,1e-05
29889,229.9306704559,0,1e-05
29890,231.571771255809,0,1e-05
29891,231.088984707335,0,1e-05
29892,232.736226276232,0,1e-05
29893,232.253237695559,0,1e-05
29894,233.906642271247,0,1e-05
29895,233.423451299894,0,1e-05
29896,235.083041270122,0,1e-05
29897,234.599645828459,0,1e-05
29898,236.265443535736,0,1e-05
29899,235.781842841255,0,1e-05
29900,237.453870914523,0,1e-05
29901,236.97006297447,0,1e-05
29902,238.648343245824,0,1e-05
29903,238.164326717204,0,1e-05
29904,239.848882025206,0,1e-05
29905,239.364655710206,0,1e-05
29906,241.055508912995,0,1e-05
29907,240.571070400006,0,1e-05
29908,242.268242144979,0,1e-05
29909,241.783590086901,0,1e-05
29910,243.487104028816,0,1e-05
29911,243.00223560864,0,1e-05
29912,244.71211359939,0,1e-05
29913,244.227027998685,0,1e-05
29914,245.943292262429,0,1e-05
29915,245.457987218248,0,1e-05
29916,247.180659760677,0,1e-05
29917,246.695132915656,0,1e-05
29918,248.424235854287,0,1e-05
29919,247.938485034713,0,1e-05
29920,249.674041356882,0,1e-05
29921,249.188064458807,0,1e-05
29922,250.930094578738,0,1e-05
29923,250.443888390814,0,1e-05
29924,252.192415162991,0,1e-05
29925,251.705977757282,0,1e-05
29926,253.461023237732,0,1e-05
29927,252.974351835225,0,1e-05
29928,254.735937363837,0,1e-05
29929,254.249029409338,0,1e-05
29930,256.017176834724,0,1e-05
29931,255.530029527193,0,1e-05
29932,257.304761401016,0,1e-05
29933,256.817371395851,0,1e-05
29934,258.598708443457,0,1e-05
29935,258.111073006408,0,1e-05
29936,259.899037324709,0,1e-05
29937,259.411153253456,0,1e-05
29938,261.205766451422,0,1e-05
29939,260.717630330901,0,1e-05
29940,262.518913449165,0,1e-05
29941,262.030522323029,0,1e-05
29942,263.838497571698,0,1e-05
29943,263.349847425835,0,1e-05
29944,265.164535366526,0,1e-05
29945,264.675622771506,0,1e-05
29946,266.497044717205,0,1e-05
29947,266.007866090147,0,1e-05
29948,267.836043463745,0,1e-05
29949,267.346594847567,0,1e-05
29950,269.181548665376,0,1e-05
29951,268.691826045309,0,1e-05
29952,270.533577646248,0,1e-05
29953,270.043576799179,0,1e-05
29954,271.892147272054,0,1e-05
29955,271.40186400288,0,1e-05
29956,273.257274061409,0,1e-05
29957,272.766704398364,0,1e-05
29958,274.628974366468,0,1e-05
29959,274.13811359464,0,1e-05
29960,276.007264518034,0,1e-05
29961,275.516108203534,0,1e-05
29962,277.392160729272,0,1e-05
29963,276.900703702665,0,1e-05
29964,278.783678302691,0,1e-05
29965,278.291916105768,0,1e-05
29966,280.181833235771,0,1e-05
29967,279.689760684478,0,1e-05
29968,281.586640920425,0,1e-05
29969,281.094252644033,0,1e-05
29970,282.99811562876,0,1e-05
29971,282.505406384021,0,1e-05
29972,284.416272579038,0,1e-05
29973,283.923237278915,0,1e-05
29974,285.841126807777,0,1e-05
29975,285.347759720911,0,1e-05
29976,287.272692288265,0,1e-05
29977,286.778987606905,0,1e-05
29978,288.710983291155,0,1e-05
29979,288.216935250313,0,1e-05
29980,290.156013268813,0,1e-05
29981,289.661615300994,0,1e-05
29982,291.607795281054,0,1e-05
29983,291.113041743084,0,1e-05
29984,293.066343230546,0,1e-05
29985,292.571227666513,0,1e-05
29986,294.531670155633,0,1e-05
29987,294.036185845994,0,1e-05
29988,296.003788291536,0,1e-05
29989,295.507928127768,0,1e-05
29990,297.482709910035,0,1e-05
29991,296.986467730801,0,1e-05
29992,298.968447561215,0,1e-05
29993,298.471816280365,0,1e-05
29994,300.46101274113,0,1e-05
29995,299.963985142947,0,1e-05
29996,301.960417487825,0,1e-05
29997,301.462986127275,0,1e-05
29998,303.466672310764,0,1e-05
29999,302.968829410221,0,1e-05
30000,304.979788301593,0,1e-05
30001,304.481526591728,0,1e-05
30002,306.499776368273,0,1e-05
30003,306.001087834182,0,1e-05
30004,308.026646102925,0,1e-05
30005,307.527522414774,0,1e-05
30006,309.560407730666,0,1e-05
30007,309.060840918269,0,1e-05
30008,311.101070949781,0,1e-05
30009,310.601052523513,0,1e-05
30010,312.648644896718,0,1e-05
30011,312.148166270756,0,1e-05
30012,314.203138482293,0,1e-05
30013,313.702190511558,0,1e-05
30014,315.764559523907,0,1e-05
30015,315.263133563032,0,1e-05
30016,317.332916777993,0,1e-05
30017,316.831003365707,0,1e-05
30018,318.908218350831,0,1e-05
30019,318.405808370844,0,1e-05
30020,320.490471303155,0,1e-05
30021,319.987554962332,0,1e-05
30022,322.079682896545,0,1e-05
30023,321.576250449878,0,1e-05
30024,323.675859667292,0,1e-05
30025,323.17190120247,0,1e-05
30026,325.279008243991,0,1e-05
30027,324.774513203925,0,1e-05
30028,326.889134101937,0,1e-05
30029,326.384092338887,0,1e-05
30030,328.506243160231,0,1e-05
30031,328.000643932015,0,1e-05
30032,330.130340576465,0,1e-05
30033,329.624173165402,0,1e-05
30034,331.761431093999,0,1e-05
30035,331.254684417576,0,1e-05
30036,333.399519055769,0,1e-05
30037,332.892181710852,0,1e-05
30038,335.044608521189,0,1e-05
30039,334.536668877777,0,1e-05
30040,336.696702766241,0,1e-05
30041,336.188149467584,0,1e-05
30042,338.355805390691,0,1e-05
30043,337.846626295538,0,1e-05
30044,340.021918870484,0,1e-05
30045,339.512101772675,0,1e-05
30046,341.695045536829,0,1e-05
30047,341.184578060652,0,1e-05
30048,343.375187196246,0,1e-05
30049,342.864056674079,0,1e-05
30050,345.062345245282,0,1e-05
30051,344.55053874709,0,1e-05
30052,346.756520677294,0,1e-05
30053,346.244025149555,0,1e-05
30054,348.457714160929,0,1e-05
30055,347.94451617631,0,1e-05
30056,350.165925707326,0,1e-05
30057,349.652011744413,0,1e-05
30058,351.881155007882,0,1e-05
30059,351.366511258407,0,1e-05
30060,353.603401090699,0,1e-05
30061,353.088013306053,0,1e-05
30062,355.332662700311,0,1e-05
30063,354.816516572116,0,1e-05
30064,357.068938122899,0,1e-05
30065,356.552019067132,0,1e-05
30066,358.812225169916,0,1e-05
30067,358.29451846093,0,1e-05
30068,360.5625211735,0,1e-05
30069,360.044011519288,0,1e-05
30070,362.319822838911,0,1e-05
30071,361.800495064176,0,1e-05
30072,364.084126570994,0,1e-05
30073,363.563964872555,0,1e-05
30074,365.855428045004,0,1e-05
30075,365.334416632597,0,1e-05
30076,367.633722790867,0,1e-05
30077,367.111845500591,0,1e-05
30078,369.419005586369,0,1e-05
30079,368.896246015238,0,1e-05
30080,371.211270846448,0,1e-05
30081,370.68761229808,0,1e-05
30082,373.010512345162,0,1e-05
30083,372.485937849876,0,1e-05
30084,374.816723394331,0,1e-05
30085,374.291215808651,0,1e-05
30086,376.629896888132,0,1e-05
30087,376.103438628488,0,1e-05
30088,378.450025075858,0,1e-05
30089,377.922598443698,0,1e-05
30090,380.277099801623,0,1e-05
30091,379.748686642449,0,1e-05
30092,382.111112255143,0,1e-05
30093,381.581694271026,0,1e-05
30094,383.952053139784,0,1e-05
30095,383.421611717069,0,1e-05
30096,385.799912703204,0,1e-05
30097,385.268428931882,0,1e-05
30098,387.654680547684,0,1e-05
30099,387.122135255382,0,1e-05
30100,389.516345835306,0,1e-05
30101,388.982719526164,0,1e-05
30102,391.384897103166,0,1e-05
30103,390.850170030721,0,1e-05
30104,393.260322445739,0,1e-05
30105,392.724474530231,0,1e-05
30106,395.14260933609,0,1e-05
30107,394.605620243754,0,1e-05
30108,397.031744707314,0,1e-05
30109,396.493593792269,0,1e-05
30110,398.927714940873,0,1e-05
30111,398.388381261141,0,1e-05
30112,400.830505873731,0,1e-05
30113,400.28996819267,0,1e-05
30114,402.740102774256,0,1e-05
30115,402.198339551365,0,1e-05
30116,404.656490355324,0,1e-05
30117,404.113479769118,0,1e-05
30118,406.579652776772,0,1e-05
30119,406.035372674468,0,1e-05
30120,408.509573615291,0,1e-05
30121,407.964001563622,0,1e-05
30122,410.446235890243,0,1e-05
30123,409.899349145878,0,1e-05
30124,412.389622058644,0,1e-05
30125,411.841397573144,0,1e-05
30126,414.339714001237,0,1e-05
30127,413.790128421319,0,1e-05
30128,416.296493031793,0,1e-05
30129,415.745522696433,0,1e-05
30130,418.259939889355,0,1e-05
30131,417.707560828956,0,1e-05
30132,420.230034738731,0,1e-05
30133,419.676222675013,0,1e-05
30134,422.206757170153,0,1e-05
30135,421.65148751544,0,1e-05
30136,424.19008619848,0,1e-05
30137,423.633334054621,0,1e-05
30138,426.180000262627,0,1e-05
30139,425.621740419664,0,1e-05
30140,428.176477222744,0,1e-05
30141,427.616684160402,0,1e-05
30142,430.179494362418,0,1e-05
30143,429.618142246292,0,1e-05
30144,432.189028389443,0,1e-05
30145,431.626091076009,0,1e-05
30146,434.205055435414,0,1e-05
30147,433.640506460127,0,1e-05
30148,436.227551041695,0,1e-05
30149,435.661363639572,0,1e-05
30150,438.256490192739,0,1e-05
30151,437.688637273473,0,1e-05
30152,440.29184728296,0,1e-05
30153,439.722301459535,0,1e-05
30154,442.333596134561,0,1e-05
30155,441.762329695025,0,1e-05
30156,444.381710009118,0,1e-05
30157,443.808694894573,0,1e-05
30158,446.436161543065,0,1e-05
30159,445.861369450517,0,1e-05
30160,448.496922884196,0,1e-05
30161,447.920325109859,0,1e-05
30162,450.563965487998,0,1e-05
30163,449.985533131785,0,1e-05
30164,452.637260364757,0,1e-05
30165,452.056964110558,0,1e-05
30166,454.716777931189,0,1e-05
30167,454.134588178942,0,1e-05
30168,456.802487957252,0,1e-05
30169,456.218374844827,0,1e-05
30170,458.894359746009,0,1e-05
30171,458.30829302731,0,1e-05
30172,460.992361978294,0,1e-05
30173,460.404311154841,0,1e-05
30174,463.096462809635,0,1e-05
30175,462.506397093573,0,1e-05
30176,465.206629957011,0,1e-05
30177,464.614518124268,0,1e-05
30178,467.322830239623,0,1e-05
30179,466.728640912675,0,1e-05
30180,469.445030305705,0,1e-05
30181,468.848731771165,0,1e-05
30182,471.573196130322,0,1e-05
30183,470.974756271194,0,1e-05
30184,473.707293134161,0,1e-05
30185,473.106679658156,0,1e-05
30186,475.847286147738,0,1e-05
30187,475.244466404459,0,1e-05
30188,477.993139414567,0,1e-05
30189,477.388080389315,0,1e-05
30190,480.144816841784,0,1e-05
30191,479.537485199161,0,1e-05
30192,482.302281637147,0,1e-05
30193,481.692644119136,0,1e-05
30194,484.465496837714,0,1e-05
30195,483.853519465815,0,1e-05
30196,486.634424615044,0,1e-05
30197,486.020073327667,0,1e-05
30198,488.809026788428,0,1e-05
30199,488.192267029713,0,1e-05
30200,490.98926455258,0,1e-05
30201,490.370061802899,0,1e-05
30202,493.175098775714,0,1e-05
30203,492.55341803329,0,1e-05
30204,495.366489801902,0,1e-05
30205,494.742295853243,0,1e-05
30206,497.56339749391,0,1e-05
30207,496.936654764911,0,1e-05
30208,499.765781137822,0,1e-05
30209,499.136453789853,0,1e-05
30210,501.973599732748,0,1e-05
30211,501.341651791545,0,1e-05
30212,504.186811619725,0,1e-05
30213,503.552206972177,0,1e-05
30214,506.405375057325,0,1e-05
30215,505.768076708583,0,1e-05
30216,508.629247457594,0,1e-05
30217,507.989219114881,0,1e-05
30218,510.858386390031,0,1e-05
30219,510.215590492089,0,1e-05
30220,513.092747776813,0,1e-05
30221,512.447146860292,0,1e-05
30222,515.332288501705,0,1e-05
30223,514.683845415003,0,1e-05
30224,517.576964351103,0,1e-05
30225,516.925640862643,0,1e-05
30226,519.826730751711,0,1e-05
30227,519.172489407626,0,1e-05
30228,522.08154315784,0,1e-05
30229,521.424345326481,0,1e-05
30230,524.341356734799,0,1e-05
30231,523.681163769959,0,1e-05
30232,526.606125031858,0,1e-05
30233,525.942898651368,0,1e-05
30234,528.875802949725,0,1e-05
30235,528.209503520587,0,1e-05
30236,531.150343528864,0,1e-05
30237,530.480932406153,0,1e-05
30238,533.429701021414,0,1e-05
30239,532.75713867743,0,1e-05
30240,535.713827941501,0,1e-05
30241,535.038075301446,0,1e-05
30242,538.002678379432,0,1e-05
30243,537.323695109559,0,1e-05
30244,540.296203693463,0,1e-05
30245,539.613950315661,0,1e-05
30246,542.594356854792,0,1e-05
30247,541.908793335697,0,1e-05
30248,544.897089685614,0,1e-05
30249,544.20817562124,0,1e-05
30250,547.204354414008,0,1e-05
30251,546.512049405449,0,1e-05
30252,549.516102363318,0,1e-05
30253,548.820365986205,0,1e-05
30254,551.832285496289,0,1e-05
30255,551.13307671977,0,1e-05
30256,554.152854165624,0,1e-05
30257,553.450132406963,0,1e-05
30258,556.477760215008,0,1e-05
30259,555.771484127389,0,1e-05
30260,558.806953963939,0,1e-05
30261,558.097082344999,0,1e-05
30262,561.140386180585,0,1e-05
30263,560.426878698538,0,1e-05
30264,563.478008773449,0,1e-05
30265,562.760824219337,0,1e-05
30266,565.819771823794,0,1e-05
30267,565.098867460015,0,1e-05
30268,568.165624844804,0,1e-05
30269,567.440959830828,0,1e-05
30270,570.515518255246,0,1e-05
30271,569.787051872478,0,1e-05
30272,572.869404107583,0,1e-05
30273,572.137093777886,0,1e-05
30274,575.227230942787,0,1e-05
30275,574.491035147629,0,1e-05
30276,577.588950166323,0,1e-05
30277,576.848827345118,0,1e-05
30278,579.954511301838,0,1e-05
30279,579.210419147362,0,1e-05
30280,582.323865192974,0,1e-05
30281,581.57576266712,0,1e-05
30282,584.696961951511,0,1e-05
30283,583.94480633608,0,1e-05
30284,587.07375127672,0,1e-05
30285,586.317502256226,0,1e-05
30286,589.454185950446,0,1e-05
30287,588.693800706579,0,1e-05
30288,591.838215076517,0,1e-05
30289,591.073652736468,0,1e-05
30290,594.225789876805,0,1e-05
30291,593.457006332615,0,1e-05
30292,596.616860583781,0,1e-05
30293,595.843815943642,0,1e-05
30294,599.011378768939,0,1e-05
30295,598.234031775502,0,1e-05
30296,601.409296204984,0,1e-05
30297,600.627603496884,0,1e-05
30298,603.810561980522,0,1e-05
30299,603.024483602419,0,1e-05
30300,606.215130583824,0,1e-05
30301,605.424624736806,0,1e-05
30302,608.622953497628,0,1e-05
30303,607.827979707361,0,1e-05
30304,611.033983700439,0,1e-05
30305,610.234498620986,0,1e-05
30306,613.448172091743,0,1e-05
30307,612.644136723278,0,1e-05
30308,615.865473529752,0,1e-05
30309,615.056846421213,0,1e-05
30310,618.285840382356,0,1e-05
30311,617.472579668493,0,1e-05
30312,620.709226199474,0,1e-05
30313,619.891293103044,0,1e-05
30314,623.135586923172,0,1e-05
30315,622.312941785264,0,1e-05
30316,625.564877746118,0,1e-05
30317,624.737478687406,0,1e-05
30318,627.997050003355,0,1e-05
30319,627.164857463506,0,1e-05
30320,630.432062361754,0,1e-05
30321,629.595036344051,0,1e-05
30322,632.869869296768,0,1e-05
30323,632.027970996448,0,1e-05
30324,635.310428866044,0,1e-05
30325,634.463619242383,0,1e-05
30326,637.753696670458,0,1e-05
30327,636.901936168558,0,1e-05
30328,640.199630671001,0,1e-05
30329,639.342881878965,0,1e-05
30330,642.648191106594,0,1e-05
30331,641.786414918206,0,1e-05
30332,645.099335145647,0,1e-05
30333,644.232494875517,0,1e-05
30334,647.553025566395,0,1e-05
30335,646.681082393107,0,1e-05
30336,650.009220294737,0,1e-05
30337,649.132138500616,0,1e-05
30338,652.467881883241,0,1e-05
30339,651.585623716545,0,1e-05
30340,654.928972364238,0,1e-05
30341,654.041502770278,0,1e-05
30342,657.392454924595,0,1e-05
30343,656.49973668192,0,1e-05
30344,659.858290851749,0,1e-05
30345,658.960288242043,0,1e-05
30346,662.326445797066,0,1e-05
30347,661.423124610033,0,1e-05
30348,664.796885432695,0,1e-05
30349,663.888213178434,0,1e-05
30350,667.269579184869,0,1e-05
30351,666.355519781555,0,1e-05
30352,669.744490903367,0,1e-05
30353,668.825011355779,0,1e-05
30354,672.221588550159,0,1e-05
30355,671.296656982136,0,1e-05
30356,674.700844059679,0,1e-05
30357,673.770428381017,0,1e-05
30358,677.182226242264,0,1e-05
30359,676.246293706965,0,1e-05
30360,679.665706770914,0,1e-05
30361,678.724227669255,0,1e-05
30362,682.151259064169,0,1e-05
30363,681.204203408695,0,1e-05
30364,684.638858546898,0,1e-05
30365,683.686195220212,0,1e-05
30366,687.128476754878,0,1e-05
30367,686.170176952499,0,1e-05
30368,689.620091861789,0,1e-05
30369,688.656128433861,0,1e-05
30370,692.113679584862,0,1e-05
30371,691.144025857376,0,1e-05
30372,694.609219830863,0,1e-05
30373,693.63384831063,0,1e-05
30374,697.106691663756,0,1e-05
30375,696.125576141489,0,1e-05
30376,699.606078594217,0,1e-05
30377,698.619195373566,0,1e-05
30378,702.107363075032,0,1e-05
30379,701.114686905695,0,1e-05
30380,704.610529249172,0,1e-05
30381,703.612037332348,0,1e-05
30382,707.115560185461,0,1e-05
30383,706.111230102219,0,1e-05
30384,709.622445046602,0,1e-05
30385,708.612256247165,0,1e-05
30386,712.131171949696,0,1e-05
30387,711.115102371823,0,1e-05
30388,714.641729821191,0,1e-05
30389,713.619762036852,0,1e-05
30390,717.15411242077,0,1e-05
30391,716.126225913434,0,1e-05
30392,719.668311633867,0,1e-05
30393,718.634491055084,0,1e-05
30394,722.184322781179,0,1e-05
30395,721.14455157518,0,1e-05
30396,724.702142823014,0,1e-05
30397,723.65640376773,0,1e-05
30398,727.221767534512,0,1e-05
30399,726.170049491168,0,1e-05
30400,729.743200837224,0,1e-05
30401,728.685488852627,0,1e-05
30402,732.266440914842,0,1e-05
30403,731.202723932938,0,1e-05
30404,734.791492661607,0,1e-05
30405,733.721758670424,0,1e-05
30406,737.318360335425,0,1e-05
30407,736.242602134543,0,1e-05
30408,739.847053265404,0,1e-05
30409,738.765263489402,0,1e-05
30410,742.377580553601,0,1e-05
30411,741.28975142965,0,1e-05
30412,744.909953221868,0,1e-05
30413,743.816079867551,0,1e-05
30414,747.444183629231,0,1e-05
30415,746.344261989344,0,1e-05
30416,749.980286908881,0,1e-05
30417,748.874315264271,0,1e-05
30418,752.51828092223,0,1e-05
30419,751.40625673685,0,1e-05
30420,755.058183083954,0,1e-05
30421,753.940109027599,0,1e-05
30422,757.600016776371,0,1e-05
30423,756.475893142954,0,1e-05
30424,760.143803025766,0,1e-05
30425,759.013635007369,0,1e-05
30426,762.689570375226,0,1e-05
30427,761.553362703025,0,1e-05
30428,765.237346397453,0,1e-05
30429,764.09510612371,0,1e-05
30430,767.787160175468,0,1e-05
30431,766.638896209355,0,1e-05
30432,770.339044953015,0,1e-05
30433,769.18476706618,0,1e-05
30434,772.893034727148,0,1e-05
30435,771.732754326569,0,1e-05
30436,775.449165086608,0,1e-05
30437,774.282897724052,0,1e-05
30438,778.007478118565,0,1e-05
30439,776.835238856669,0,1e-05
30440,780.568014066206,0,1e-05
30441,779.389820466492,0,1e-05
30442,783.13081778423,0,1e-05
30443,781.946689115146,0,1e-05
30444,785.695935496961,0,1e-05
30445,784.505893740763,0,1e-05
30446,788.263416934375,0,1e-05
30447,787.067485458742,0,1e-05
30448,790.833313710116,0,1e-05
30449,789.631518041481,0,1e-05
30450,793.40568032206,0,1e-05
30451,792.198048271117,0,1e-05
30452,795.980573842588,0,1e-05
30453,794.767134797054,0,1e-05
30454,798.558053313293,0,1e-05
30455,797.338839710709,0,1e-05
30456,801.138181776777,0,1e-05
30457,799.913227536946,0,1e-05
30458,803.721024362142,0,1e-05
30459,802.490366346576,0,1e-05
30460,806.306648680303,0,1e-05
30461,805.070325810639,0,1e-05
30462,808.895125800895,0,1e-05
30463,807.653179384509,0,1e-05
30464,811.486528597722,0,1e-05
30465,810.239002137145,0,1e-05
30466,814.080933195281,0,1e-05
30467,812.827872510626,0,1e-05
30468,816.67841880327,0,1e-05
30469,815.419872538136,0,1e-05
30470,819.279067928797,0,1e-05
30471,818.015086451912,0,1e-05
30472,821.882964614658,0,1e-05
30473,820.61360410802,0,1e-05
30474,824.490198422404,0,1e-05
30475,823.215513647901,0,1e-05
30476,827.100860176997,0,1e-05
30477,825.820909748237,0,1e-05
30478,829.715043041778,0,1e-05
30479,828.429890472119,0,1e-05
30480,832.332845079076,0,1e-05
30481,831.04255593544,0,1e-05
30482,834.954367945778,0,1e-05
30483,833.659009513953,0,1e-05
30484,837.579714910923,0,1e-05
30485,836.279355550942,0,1e-05
30486,840.208991088896,0,1e-05
30487,838.903707341934,0,1e-05
30488,842.842308448028,0,1e-05
30489,841.532176343077,0,1e-05
30490,845.479779419499,0,1e-05
30491,844.164879140723,0,1e-05
30492,848.121519960283,0,1e-05
30493,846.801935599965,0,1e-05
30494,850.767652742765,0,1e-05
30495,849.443472425923,0,1e-05
30496,853.4183050036,0,1e-05
30497,852.089613370057,0,1e-05
30498,856.073594634584,0,1e-05
30499,854.740487812591,0,1e-05
30500,858.733661566726,0,1e-05
30501,857.396237783669,0,1e-05
30502,861.398635339099,0,1e-05
30503,860.056990592467,0,1e-05
30504,864.068652566886,0,1e-05
30505,862.722896390053,0,1e-05
30506,866.743858777368,0,1e-05
30507,865.394096524954,0,1e-05
30508,869.424396137101,0,1e-05
30509,868.070735666602,0,1e-05
30510,872.110412420889,0,1e-05
30511,870.752972839557,0,1e-05
30512,874.802060576914,0,1e-05
30513,873.440960041029,0,1e-05
30514,877.499501906288,0,1e-05
30515,876.134868050758,0,1e-05
30516,880.202893468423,0,1e-05
30517,878.834846490602,0,1e-05
30518,882.912404577583,0,1e-05
30519,881.541077446706,0,1e-05
30520,885.628192037432,0,1e-05
30521,884.253718035831,0,1e-05
30522,888.350434629873,0,1e-05
30523,886.972955226602,0,1e-05
30524,891.07930401169,0,1e-05
30525,889.698961779954,0,1e-05
30526,893.814988420753,0,1e-05
30527,892.43194063625,0,1e-05
30528,896.557684683248,0,1e-05
30529,895.172079408657,0,1e-05
30530,899.307559199981,0,1e-05
30531,897.919552106152,0,1e-05
30532,902.064819502298,0,1e-05
30533,900.674577010751,0,1e-05
30534,904.829667443836,0,1e-05
30535,903.437354322361,0,1e-05
30536,907.602292492923,0,1e-05
30537,906.208082108711,0,1e-05
30538,910.382904845017,0,1e-05
30539,908.98697407517,0,1e-05
30540,913.171722431285,0,1e-05
30541,911.774259603473,0,1e-05
30542,915.968969199898,0,1e-05
30543,914.570149361409,0,1e-05
30544,918.774861260561,0,1e-05
30545,917.374887009277,0,1e-05
30546,921.589608971381,0,1e-05
30547,920.188673795441,0,1e-05
30548,924.413454286351,0,1e-05
30549,923.011772100316,0,1e-05
30550,927.246644102116,0,1e-05
30551,925.844412670873,0,1e-05
30552,930.089409977913,0,1e-05
30553,928.686858051887,0,1e-05
30554,932.942012900349,0,1e-05
30555,931.53934304741,0,1e-05
30556,935.80466000041,0,1e-05
30557,934.402112695934,0,1e-05
30558,938.677651928971,0,1e-05
30559,937.275467953987,0,1e-05
30560,941.561252242629,0,1e-05
30561,940.159655783477,0,1e-05
30562,944.455727185766,0,1e-05
30563,943.054974894978,0,1e-05
30564,947.361331819005,0,1e-05
30565,945.961667306308,0,1e-05
30566,950.278344371551,0,1e-05
30567,948.880032030059,0,1e-05
30568,953.207079805124,0,1e-05
30569,951.810393179722,0,1e-05
30570,956.147829538247,0,1e-05
30571,954.753025631843,0,1e-05
30572,959.100880983884,0,1e-05
30573,957.708258977348,0,1e-05
30574,962.066548075137,0,1e-05
30575,960.67637737327,0,1e-05
30576,965.045119437977,0,1e-05
30577,963.657705730631,0,1e-05
30578,968.036904870408,0,1e-05
30579,966.652550514735,0,1e-05
30580,971.042274153265,0,1e-05
30581,969.661289286333,0,1e-05
30582,974.061553653917,0,1e-05
30583,972.684258579986,0,1e-05
30584,977.095060836184,0,1e-05
30585,975.721769397876,0,1e-05
30586,980.143151503888,0,1e-05
30587,978.774188386489,0,1e-05
30588,983.206139508897,0,1e-05
30589,981.841856181181,0,1e-05
30590,986.28441272884,0,1e-05
30591,984.925177536413,0,1e-05
30592,989.378373226728,0,1e-05
30593,988.024512600905,0,1e-05
30594,992.488380624307,0,1e-05
30595,991.140293358913,0,1e-05
30596,995.614786131695,0,1e-05
30597,994.272844196746,0,1e-05
30598,998.758033615638,0,1e-05
30599,997.422627182677,0,1e-05
30600,1001.91853524291,0,1e-05
30601,1000.59005607514,0,1e-05
30602,1005.0966856947,0,1e-05
30603,1003.7755299263,0,1e-05
30604,1008.29289586239,0,1e-05
30605,1006.97949579784,0,1e-05
30606,1011.507623242,0,1e-05
30607,1010.20237702702,0,1e-05
30608,1014.74126805203,0,1e-05
30609,1013.44463459916,0,1e-05
30610,1017.99430935989,0,1e-05
30611,1016.70672720612,0,1e-05
30612,1021.26716397857,0,1e-05
30613,1019.98908594648,0,1e-05
30614,1024.56036412551,0,1e-05
30615,1023.29228271386,0,1e-05
30616,1027.87439557684,0,1e-05
30617,1026.61676365965,0,1e-05
30618,1031.2097145544,0,1e-05
30619,1029.96303021998,0,1e-05
30620,1034.56684061399,0,1e-05
30621,1033.3316240916,0,1e-05
30622,1037.94630543837,0,1e-05
30623,1036.72303212601,0,1e-05
30624,1041.34858581213,0,1e-05
30625,1040.1378193861,0,1e-05
30626,1044.77427187318,0,1e-05
30627,1043.5765011936,0,1e-05
30628,1048.22390148816,0,1e-05
30629,1047.03972644362,0,1e-05
30630,1051.69803007819,0,1e-05
30631,1050.52802002038,0,1e-05
30632,1055.19729764913,0,1e-05
30633,1054.04203140512,0,1e-05
30634,1058.72227040707,0,1e-05
30635,1057.58233022322,0,1e-05
30636,1062.27353421129,0,1e-05
30637,1061.14951321315,0,1e-05
30638,1065.85173119697,0,1e-05
30639,1064.7442677394,0,1e-05
30640,1069.45749393287,0,1e-05
30641,1068.36723161241,0,1e-05
30642,1073.0915270159,0,1e-05
30643,1072.01909135511,0,1e-05
30644,1076.75442734511,0,1e-05
30645,1075.70048887356,0,1e-05
30646,1080.44691754033,0,1e-05
30647,1079.41214486209,0,1e-05
30648,1084.16969855115,0,1e-05
30649,1083.15479888801,0,1e-05
30650,1087.92345215172,0,1e-05
30651,1086.9291422928,0,1e-05
30652,1091.70894559932,0,1e-05
30653,1090.73594211778,0,1e-05
30654,1095.52698334821,0,1e-05
30655,1094.57606007877,0,1e-05
30656,1099.37832953527,0,1e-05
30657,1098.45024380339,0,1e-05
30658,1103.26381060658,0,1e-05
30659,1102.35931333331,0,1e-05
30660,1107.18419927105,0,1e-05
30661,1106.30411750415,0,1e-05
30662,1111.14035730639,0,1e-05
30663,1110.28550872078,0,1e-05
30664,1115.13315163001,0,1e-05
30665,1114.30441489369,0,1e-05
30666,1119.16355221241,0,1e-05
30667,1118.36175716443,0,1e-05
30668,1123.23241443974,0,1e-05
30669,1122.45843822363,0,1e-05
30670,1127.3406856074,0,1e-05
30671,1126.59542298401,0,1e-05
30672,1131.48930449326,0,1e-05
30673,1130.77367953163,0,1e-05
30674,1135.67925988481,0,1e-05
30675,1134.99421314184,0,1e-05
30676,1139.91158237975,0,1e-05
30677,1139.25805193355,0,1e-05
30678,1144.1872714103,0,1e-05
30679,1143.56628743669,0,1e-05
30680,1148.50747163532,0,1e-05
30681,1147.92000607058,0,1e-05
30682,1152.87324287592,0,1e-05
30683,1152.32036391611,0,1e-05
30684,1157.28576628162,0,1e-05
30685,1156.76851715032,0,1e-05
30686,1161.74623255444,0,1e-05
30687,1161.2657592148,0,1e-05
30688,1166.25588530262,0,1e-05
30689,1165.81325708111,0,1e-05
30690,1170.81594218535,0,1e-05
30691,1170.41229772216,0,1e-05
30692,1175.42765311631,0,1e-05
30693,1175.06416837887,0,1e-05
30694,1180.09234158137,0,1e-05
30695,1179.77019014088,0,1e-05
30696,1184.81138893364,0,1e-05
30697,1184.53180125784,0,1e-05
30698,1189.58612407424,0,1e-05
30699,1189.35033157571,0,1e-05
30700,1194.4180266844,0,1e-05
30701,1194.22733847448,0,1e-05
30702,1199.30858283574,0,1e-05
30703,1199.16436349088,0,1e-05
30704,1204.25940646397,0,1e-05
30705,1204.16295940208,0,1e-05
30706,1209.27195434887,0,1e-05
30707,1209.2246271537,0,1e-05
30708,1214.34787752557,0,1e-05
30709,1214.35115407031,0,1e-05
30710,1219.48891331872,0,1e-05
30711,1219.54423121094,0,1e-05
30712,1224.69683996065,0,1e-05
30713,1224.80569913964,0,1e-05
30714,1229.9734055008,0,1e-05
30715,1230.13728753652,0,1e-05
30716,1235.32036466886,0,1e-05
30717,1235.54081441957,0,1e-05
30718,1240.73961811816,0,1e-05
30719,1241.01821066568,0,1e-05
30720,1246.23311058124,0,1e-05
30721,1246.57151103084,0,1e-05
30722,1251.8029369977,0,1e-05
30723,1252.20282121758,0,1e-05
30724,1257.4511488337,0,1e-05
30725,1257.91420524101,0,1e-05
30726,1263.1798609848,0,1e-05
30727,1263.70786100016,0,1e-05
30728,1268.99125519105,0,1e-05
30729,1269.58596504549,0,1e-05
30730,1274.88760037473,0,1e-05
30731,1275.550902212,0,1e-05
30732,1280.87129071084,0,1e-05
30733,1281.60504625379,0,1e-05
30734,1286.94468777298,0,1e-05
30735,1287.75087679687,0,1e-05
30736,1293.11035822611,0,1e-05
30737,1293.99090153844,0,1e-05
30738,1299.37085945946,0,1e-05
30739,1300.32781033635,0,1e-05
30740,1305.72887844126,0,1e-05
30741,1306.76435875118,0,1e-05
30742,1312.18716891428,0,1e-05
30743,1313.3032840736,0,1e-05
30744,1318.74867666132,0,1e-05
30745,1319.94766791457,0,1e-05
30746,1325.41631496885,0,1e-05
30747,1326.70047292344,0,1e-05
30748,1332.19320942262,0,1e-05
30749,1333.56480207154,0,1e-05
30750,1339.08241016759,0,1e-05
30751,1340.54376895139,0,1e-05
30752,1346.08731620849,0,1e-05
30753,1347.64084543038,0,1e-05
30754,1353.21111274853,0,1e-05
30755,1354.85937463734,0,1e-05
30756,1360.4573330559,0,1e-05
30757,1362.2029184631,0,1e-05
30758,1367.82972969415,0,1e-05
30759,1369.67501973788,0,1e-05
30760,1375.33168948837,0,1e-05
30761,1377.27953501938,0,1e-05
30762,1382.96725993632,0,1e-05
30763,1385.02047096579,0,1e-05
30764,1390.74051391753,0,1e-05
30765,1392.90176144361,0,1e-05
30766,1398.65549116363,0,1e-05
30767,1400.92780719759,0,1e-05
30768,1406.71647930783,0,1e-05
30769,1409.10276879876,0,1e-05
30770,1414.92793362475,0,1e-05
30771,1417.43131653272,0,1e-05
30772,1423.29427418169,0,1e-05
30773,1425.91807879227,0,1e-05
30774,1431.82050033063,0,1e-05
30775,1434.56778206894,0,1e-05
30776,1440.51144814344,0,1e-05
30777,1443.38536271488,0,1e-05
30778,1449.371826305,0,1e-05
30779,1452.37571065422,0,1e-05
30780,1458.40692605074,0,1e-05
30781,1461.5445068762,0,1e-05
30782,1467.62256271156,0,1e-05
30783,1470.89725545699,0,1e-05
30784,1477.02403561624,0,1e-05
30785,1480.4397157971,0,1e-05
30786,1486.61722458389,0,1e-05
30787,1490.17774471522,0,1e-05
30788,1496.40849264527,0,1e-05
30789,1500.11716449071,0,1e-05
30790,1506.40326422678,0,1e-05
30791,1510.26475464516,0,1e-05
30792,1516.60878974509,0,1e-05
30793,1520.62678607467,0,1e-05
30794,1527.03168751916,0,1e-05
30795,1531.21034419848,0,1e-05
30796,1537.6785796447,0,1e-05
30797,1542.02221010091,0,1e-05
30798,1548.5564977493,0,1e-05
30799,1553.07001056403,0,1e-05
30800,1559.67315601525,0,1e-05
30801,1564.36087140539,0,1e-05
30802,1571.03645385966,0,1e-05
30803,1575.90279238955,0,1e-05
30804,1582.65367564345,0,1e-05
30805,1587.70391125267,0,1e-05
30806,1594.53385161713,0,1e-05
30807,1599.77326017905,0,1e-05
30808,1606.6857768928,0,1e-05
30809,1612.11890691944,0,1e-05
30810,1619.11767885656,0,1e-05
30811,1624.74971271336,0,1e-05
30812,1631.83914767943,0,1e-05
30813,1637.67565263683,0,1e-05
30814,1644.85936012875,0,1e-05
30815,1650.90557036099,0,1e-05
30816,1658.1874033872,0,1e-05
30817,1664.44892566306,0,1e-05
30818,1671.83430247626,0,1e-05
30819,1678.31753121236,0,1e-05
30820,1685.81006931248,0,1e-05
30821,1692.52156503986,0,1e-05
30822,1700.12705657657,0,1e-05
30823,1707.07221465053,0,1e-05
30824,1714.79636333648,0,1e-05
30825,1721.98240166084,0,1e-05
30826,1729.82966658561,0,1e-05
30827,1737.26195628174,0,1e-05
30828,1745.23924259157,0,1e-05
30829,1752.92566167424,0,1e-05
30830,1761.03798600186,0,1e-05
30831,1768.98654606463,0,1e-05
30832,1777.24084398978,0,1e-05
30833,1785.45691043295,0,1e-05
30834,1793.85829296403,0,1e-05
30835,1802.34975644613,0,1e-05
30836,1810.90708987571,0,1e-05
30837,1819.6832833842,0,1e-05
30838,1828.40149314854,0,1e-05
30839,1837.46787959484,0,1e-05
30840,1846.35528336892,0,1e-05
30841,1855.72174389393,0,1e-05
30842,1864.7856239308,0,1e-05
30843,1874.45970969782,0,1e-05
30844,1883.70815625518,0,1e-05
30845,1893.69806888036,0,1e-05
30846,1903.14147390634,0,1e-05
30847,1913.45602927302,0,1e-05
30848,1923.10227396426,0,1e-05
30849,1933.7529838968,0,1e-05
30850,1943.60924476092,0,1e-05
30851,1954.60394870806,0,1e-05
30852,1964.68104347323,0,1e-05
30853,1976.03049588623,0,1e-05
30854,1986.33951141237,0,1e-05
30855,1998.05326020021,0,1e-05
30856,2008.60250036719,0,1e-05
30857,2020.69208135663,0,1e-05
30858,2031.49267326026,0,1e-05
30859,2043.96807254503,0,1e-05
30860,2055.03382985695,0,1e-05
30861,2067.90668562757,0,1e-05
30862,2079.24989532582,0,1e-05
30863,2092.53209999743,0,1e-05
30864,2104.1620784524,0,1e-05
30865,2117.86589588425,0,1e-05
30866,2129.79817338318,0,1e-05
30867,2143.93543575982,0,1e-05
30868,2156.18163141701,0,1e-05
30869,2170.7664345218,0,1e-05
30870,2183.34211386719,0,1e-05
30871,2198.38586676021,0,1e-05
30872,2211.30520588294,0,1e-05
30873,2226.825627415,0,1e-05
30874,2240.10393623177,0,1e-05
30875,2256.11127360535,0,1e-05
30876,2269.76356375169,0,1e-05
30877,2286.27494490692,0,1e-05
30878,2300.31790628703,0,1e-05
30879,2317.34878130296,0,1e-05
30880,2331.79933369767,0,1e-05
30881,2349.36449411778,0,1e-05
30882,2364.24226013955,0,1e-05
30883,2382.35760115951,0,1e-05
30884,2397.68370221854,0,1e-05
30885,2416.37071537666,0,1e-05
30886,2432.16446801942,0,1e-05
30887,2451.43653256447,0,1e-05
30888,2467.71276076992,0,1e-05
30889,2487.5896292803,0,1e-05
30890,2504.37525682761,0,1e-05
30891,2524.87709986879,0,1e-05
30892,2542.19390418252,0,1e-05
30893,2563.34104133007,0,1e-05
30894,2581.21038369805,0,1e-05
30895,2603.02269245796,0,1e-05
30896,2621.46996458435,0,1e-05
30897,2643.96977124783,0,1e-05
30898,2663.01874460041,0,1e-05
30899,2686.22912730581,0,1e-05
30900,2705.90817044034,0,1e-05
30901,2729.85148752567,0,1e-05
30902,2750.18700244077,0,1e-05
30903,2774.88880599245,0,1e-05
30904,2795.9107781297,0,1e-05
30905,2821.39741578948,0,1e-05
30906,2843.13067173694,0,1e-05
30907,2869.43117544438,0,1e-05
30908,2891.91586261707,0,1e-05
30909,2919.05190970039,0,1e-05
30910,2942.31973483553,0,1e-05
30911,2970.32283390847,0,1e-05
30912,2994.40684656115,0,1e-05
30913,3023.30597745382,0,1e-05
30914,3048.24041254302,0,1e-05
30915,3078.07206732335,0,1e-05
30916,3103.89547711225,0,1e-05
30917,3134.69196424565,0,1e-05
30918,3161.4446045323,0,1e-05
30919,3193.23556003729,0,1e-05
30920,3220.95714753011,0,1e-05
30921,3253.77756128671,0,1e-05
30922,3282.51237640008,0,1e-05
30923,3316.40210727946,0,1e-05
30924,3346.19449871908,0,1e-05
30925,3381.19505322526,0,1e-05
30926,3412.08706154676,0,1e-05
30927,3448.23834979501,0,1e-05
30928,3480.28454678553,0,1e-05
30929,3517.63315845743,0,1e-05
30930,3550.87630818103,0,1e-05
30931,3589.4576137796,0,1e-05
30932,3623.96011969406,0,1e-05
30933,3663.84038419772,0,1e-05
30934,3699.6523595436,0,1e-05
30935,3740.86569044151,0,1e-05
30936,3778.05070652585,0,1e-05
30937,3820.66118083888,0,1e-05
30938,3859.2774005036,0,1e-05
30939,3903.32428819018,0,1e-05
30940,3943.43766675751,0,1e-05
30941,3988.98777191077,0,1e-05
30942,4030.66101128285,0,1e-05
30943,4077.76791942113,0,1e-05
30944,4121.07684989099,0,1e-05
30945,4169.81706101708,0,1e-05
30946,4214.8460408343,0,1e-05
30947,4265.27886106202,0,1e-05
30948,4312.08586189269,0,1e-05
30949,4364.28652642238,0,1e-05
30950,4412.96802530246,0,1e-05
30951,4467.00750171215,0,1e-05
30952,4517.63525877716,0,1e-05
30953,4573.5802238938,0,1e-05
30954,4626.26366346168,0,1e-05
30955,4684.20640739578,0,1e-05
30956,4739.00938350715,0,1e-05
30957,4799.03208546516,0,1e-05
30958,4856.08299820421,0,1e-05
30959,4918.27811530166,0,1e-05
30960,4977.66805736624,0,1e-05
30961,5042.13518620964,0,1e-05
30962,5103.9824375795,0,1e-05
30963,5170.81912923556,0,1e-05
30964,5235.24029690965,0,1e-05
30965,5304.55193652858,0,1e-05
30966,5371.65567393634,0,1e-05
30967,5443.55626706738,0,1e-05
30968,5513.48980391666,0,1e-05
30969,5588.10162301364,0,1e-05
30970,5660.99089477528,0,1e-05
30971,5738.46151779043,0,1e-05
30972,5814.44025973107,0,1e-05
30973,5894.85247000364,0,1e-05
30974,5974.07676110768,0,1e-05
30975,6057.60335388621,0,1e-05
30976,6140.25793159841,0,1e-05
30977,6227.04427653351,0,1e-05
30978,6313.25794488874,0,1e-05
30979,6403.47830101834,0,1e-05
30980,6493.46653780325,0,1e-05
30981,6587.24130435785,0,1e-05
30982,6681.16298405366,0,1e-05
30983,6778.6911472935,0,1e-05
30984,6876.75597025488,0,1e-05
30985,6978.24504128673,0,1e-05
30986,7080.6587722708,0,1e-05
30987,7186.31760534588,0,1e-05
30988,7293.37317765896,0,1e-05
30989,7403.42137554756,0,1e-05
30990,7515.2446911201,0,1e-05
30991,7629.85190350472,0,1e-05
30992,7746.73066719057,0,1e-05
30993,7866.16563439135,0,1e-05
30994,7988.3833220259,0,1e-05
30995,8112.92092243686,0,1e-05
30996,8240.76514038879,0,1e-05
30997,8370.64215470724,0,1e-05
30998,8504.41392222913,0,1e-05
30999,8639.96312091053,0,1e-05
31000,8779.9660731544,0,1e-05
31001,8921.49234707594,0,1e-05
31002,9068.03935360425,0,1e-05
31003,9215.8970087562,0,1e-05
31004,9369.37067209464,0,1e-05
31005,9523.87910333944,0,1e-05
31006,9684.7416359758,0,1e-05
31007,9846.27519218558,0,1e-05
31008,10014.789150258,0,1e-05
31009,10183.7680987423,0,1e-05
31010,10360.5224688613,0,1e-05
31011,10537.3754152036,0,1e-05
31012,10722.8012889381,0,1e-05
31013,10907.9707540407,0,1e-05
31014,11102.5812937005,0,1e-05
31015,11296.5469485067,0,1e-05
31016,11500.8362583272,0,1e-05
31017,11704.1952736828,0,1e-05
31018,11918.780231859,0,1e-05
31019,12132.1557168266,0,1e-05
31020,12357.6775065732,0,1e-05
31021,12581.6345829101,0,1e-05
31022,12818.7668659875,0,1e-05
31023,13053.8780106575,0,1e-05
31024,13303.2197832783,0,1e-05
31025,13550.3310940175,0,1e-05
31026,13812.7968217597,0,1e-05
31027,14072.7371120407,0,1e-05
31028,14349.1196041727,0,1e-05
31029,14622.4781872672,0,1e-05
31030,14913.7030592385,0,1e-05
31031,15201.6239114357,0,1e-05
31032,15508.691102215,0,1e-05
31033,15812.1010120693,0,1e-05
31034,16135.9304279617,0,1e-05
31035,16455.758394566,0,1e-05
31036,16797.4569618037,0,1e-05
31037,17135.1324834713,0,1e-05
31038,17496.1873643094,0,1e-05
31039,17852.7872409777,0,1e-05
31040,18234.4048151276,0,1e-05
31041,18611.2874087255,0,1e-05
31042,19014.7727136057,0,1e-05
31043,19413.4364620815,0,1e-05
31044,19840.6856558869,0,1e-05
31045,20262.8771785094,0,1e-05
31046,20715.384257781,0,1e-05
31047,21162.6185401112,0,1e-05
31048,21642.3482940648,0,1e-05
31049,22116.6807138521,0,1e-05
31050,22625.8309313377,0,1e-05
31051,23129.5929807627,0,1e-05
31052,23670.3367196766,0,1e-05
31053,24205.7502348867,0,1e-05
31054,24780.4942822937,0,1e-05
31055,25350.1634715503,0,1e-05
31056,25961.7186586152,0,1e-05
31057,26568.1931191083,0,1e-05
31058,27219.8622316995,0,1e-05
31059,27866.7158334558,0,1e-05
31060,28561.9686447343,0,1e-05
31061,29252.6335568251,0,1e-05
31062,29994.6980901988,0,1e-05
31063,30733.2583138603,0,1e-05
31064,31526.2093097611,0,1e-05
31065,32316.3026750292,0,1e-05
31066,33165.5053323211,0,1e-05
31067,34012.3346372779,0,1e-05
31068,34922.7587545537,0,1e-05
31069,35832.0980405401,0,1e-05
31070,36809.2187769639,0,1e-05
31071,37786.7573136154,0,1e-05
31072,38837.0354626326,0,1e-05
31073,39889.7068519406,0,1e-05
31074,41020.8814643716,0,1e-05
31075,42156.4061700184,0,1e-05
31076,43376.8036418254,0,1e-05
31077,44604.0214840788,0,1e-05
31078,45922.9317156109,0,1e-05
31079,47252.5472147727,0,1e-05
31080,48681.0255832793,0,1e-05
31081,50123.1057321215,0,1e-05
31082,51673.6370218436,0,1e-05
31083,53242.4992731119,0,1e-05
31084,54929.5627272685,0,1e-05
31085,56640.369468366,0,1e-05
31086,58480.4975191258,0,1e-05
31087,60351.2234362972,0,1e-05
31088,62363.9262435963,0,1e-05
31089,64414.3715698771,0,1e-05
31090,66625.6644366346,0,1e-05
31091,68879.3899593818,0,1e-05
31092,71313.8712748926,0,1e-05
31093,73801.3211973947,0,1e-05
31094,76491.5023469399,0,1e-05
31095,79245.7269624069,0,1e-05
31096,82230.7736422246,0,1e-05
31097,85292.7822860842,0,1e-05
31098,88626.3719129339,0,1e-05
31099,92043.2329480625,0,1e-05
31100,95784.9644853882,0,1e-05
31101,99619.6115312386,0,1e-05
31102,103837.02888474,0,1e-05
31103,108163.296141968,0,1e-05
31104,112960.764668006,0,1e-05
31105,117868.741132973,0,1e-05
31106,123365.060824659,0,1e-05
31107,128975.749123198,0,1e-05
31108,135330.357624062,0,1e-05
31109,141786.405776684,0,1e-05
31110,149228.026609012,0,1e-05
31111,156724.917247327,0,1e-05
31112,165574.064894919,0,1e-05
31113,174381.199393193,0,1e-05
31114,185092.974379143,0,1e-05
31115,195547.291277343,0,1e-05
31116,208858.604752699,0,1e-05
31117,221503.509011757,0,1e-05
31118,238571.513964852,0,1e-05
31119,254279.77920396,0,1e-05
31120,277298.443878,0,1e-05
31121,297598.766516284,0,1e-05
31122,331446.148463669,0,1e-05
31123,359672.480521477,0,1e-05
31124,416977.77549526,0,1e-05
31125,464622.117787314,0,1e-05
31126,590272.828981222,0,1e-05
31127,791135.361555548,0,1e-05
