iteration,residual,refreeze_id,eta_current
0,22.3850809010541,0,1e-05
1,22.3859830944762,0,1e-05
2,22.4047601293942,0,1e-05
3,22.393482845835,0,1e-05
4,22.3620639206759,0,1e-05
5,22.4202281571901,0,1e-05
6,22.3518168899387,0,1e-05
7,22.4582414769298,0,1e-05
8,22.3634917577834,0,1e-05
9,22.5014586152421,0,1e-05
10,22.3890133591202,0,1e-05
11,22.5463895958297,0,1e-05
12,22.4225170996057,0,1e-05
13,22.5907460159766,0,1e-05
14,22.4599265295853,0,1e-05
15,22.633274997206,0,1e-05
16,22.4986556086655,0,1e-05
17,22.6734685024459,0,1e-05
18,22.5372122731639,0,1e-05
19,22.7112246559751,0,1e-05
20,22.5748083425516,0,1e-05
21,22.7466300957576,0,1e-05
22,22.6110711089315,0,1e-05
23,22.7798485849974,0,1e-05
24,22.6458624504311,0,1e-05
25,22.8110658299135,0,1e-05
26,22.6791668011546,0,1e-05
27,22.8404620351745,0,1e-05
28,22.7110278509628,0,1e-05
29,22.8682003669219,0,1e-05
30,22.7415121186265,0,1e-05
31,22.8944225449242,0,1e-05
32,22.7706892198092,0,1e-05
33,22.9192485939579,0,1e-05
34,22.7986225289029,0,1e-05
35,22.9427786688737,0,1e-05
36,22.8253657585919,0,1e-05
37,22.9650958196382,0,1e-05
38,22.8509628622528,0,1e-05
39,22.9862690661575,0,1e-05
40,22.8754493887985,0,1e-05
41,23.0063562086203,0,1e-05
42,22.8988545390086,0,1e-05
43,23.0254064458115,0,1e-05
44,22.9212030537279,0,1e-05
45,23.0434624689082,0,1e-05
46,22.9425168585274,0,1e-05
47,23.0605619400185,0,1e-05
48,22.9628164440228,0,1e-05
49,23.0767391149086,0,1e-05
50,22.9821218417896,0,1e-05
51,23.0920254942979,0,1e-05
52,23.0004530680491,0,1e-05
53,23.1064506108249,0,1e-05
54,23.0178307044892,0,1e-05
55,23.1200425601474,0,1e-05
56,23.0342757722542,0,1e-05
57,23.1328281034929,0,1e-05
58,23.0498098949102,0,1e-05
59,23.1448329149236,0,1e-05
60,23.0644553986708,0,1e-05
61,23.1560819117473,0,1e-05
62,23.0782347765378,0,1e-05
63,23.1665989201038,0,1e-05
64,23.0911707412048,0,1e-05
65,23.1764069406241,0,1e-05
66,23.1032858613193,0,1e-05
67,23.1855280021127,0,1e-05
68,23.1146029023316,0,1e-05
69,23.1939834880835,0,1e-05
70,23.1251440092064,0,1e-05
71,23.2017935693936,0,1e-05
72,23.1349310484999,0,1e-05
73,23.2089777815168,0,1e-05
74,23.143985259514,0,1e-05
75,23.2155545442294,0,1e-05
76,23.1523273358308,0,1e-05
77,23.2215416162922,0,1e-05
78,23.1599772563396,0,1e-05
79,23.2269557834647,0,1e-05
80,23.1669543576253,0,1e-05
81,23.2318130197032,0,1e-05
82,23.1732771669686,0,1e-05
83,23.2361285438282,0,1e-05
84,23.1789635191753,0,1e-05
85,23.2399168226643,0,1e-05
86,23.184030589432,0,1e-05
87,23.2431916838485,0,1e-05
88,23.1884949166469,0,1e-05
89,23.245966326561,0,1e-05
90,23.1923723473278,0,1e-05
91,23.2482533338991,0,1e-05
92,23.1956782463501,0,1e-05
93,23.2500647996894,0,1e-05
94,23.1984272229432,0,1e-05
95,23.2514122208199,0,1e-05
96,23.2006333546879,0,1e-05
97,23.2523067258289,0,1e-05
98,23.2023104883257,0,1e-05
99,23.2527592085329,0,1e-05
100,23.2034719218344,0,1e-05
101,23.2527800147843,0,1e-05
102,23.2041305372649,0,1e-05
103,23.2523793247624,0,1e-05
104,23.2042988868756,0,1e-05
105,23.2515670057558,0,1e-05
106,23.2039893209375,0,1e-05
107,23.2503527280883,0,1e-05
108,23.2032138694453,0,1e-05
109,23.2487459888681,0,1e-05
110,23.20198430262,0,1e-05
111,23.2467561252689,0,1e-05
112,23.2003123072287,0,1e-05
113,23.2443923611858,0,1e-05
114,23.1982092299041,0,1e-05
115,23.2416636982545,0,1e-05
116,23.1956863531431,0,1e-05
117,23.238579137988,0,1e-05
118,23.1927548580135,0,1e-05
119,23.2351475822336,0,1e-05
120,23.1894257804463,0,1e-05
121,23.2313778636721,0,1e-05
122,23.1857099658638,0,1e-05
123,23.2272787262645,0,1e-05
124,23.1816183181298,0,1e-05
125,23.2228589084753,0,1e-05
126,23.1771614874722,0,1e-05
127,23.218126981552,0,1e-05
128,23.1723500955934,0,1e-05
129,23.2130915961898,0,1e-05
130,23.1671946905965,0,1e-05
131,23.207761257683,0,1e-05
132,23.1617057142046,0,1e-05
133,23.2021444442293,0,1e-05
134,23.1558935070248,0,1e-05
135,23.1962496380714,0,1e-05
136,23.1497683138083,0,1e-05
137,23.1900851677671,0,1e-05
138,23.1433402567005,0,1e-05
139,23.183659288068,0,1e-05
140,23.1366193493108,0,1e-05
141,23.1769802395626,0,1e-05
142,23.1296154713983,0,1e-05
143,23.1700561265543,0,1e-05
144,23.1223383985964,0,1e-05
145,23.1628950043031,0,1e-05
146,23.1147977131074,0,1e-05
147,23.155504744268,0,1e-05
148,23.1070029204327,0,1e-05
149,23.1478932355575,0,1e-05
150,23.098963315127,0,1e-05
151,23.1400681440222,0,1e-05
152,23.0906880822656,0,1e-05
153,23.1320370950886,0,1e-05
154,23.0821861749933,0,1e-05
155,23.1238075066529,0,1e-05
156,23.0734663996013,0,1e-05
157,23.1153867217543,0,1e-05
158,23.0645374094047,0,1e-05
159,23.1067819262226,0,1e-05
160,23.0554075864179,0,1e-05
161,23.0980001289955,0,1e-05
162,23.0460851401155,0,1e-05
163,23.0890481862183,0,1e-05
164,23.0365781224855,0,1e-05
165,23.0799328364062,0,1e-05
166,23.0268942933094,0,1e-05
167,23.0706606101057,0,1e-05
168,23.0170412836601,0,1e-05
169,23.0612379022286,0,1e-05
170,23.0070264389395,0,1e-05
171,23.0516708939421,0,1e-05
172,22.9968569465007,0,1e-05
173,23.041965663659,0,1e-05
174,22.9865397097605,0,1e-05
175,23.0321280434278,0,1e-05
176,22.9760814633742,0,1e-05
177,23.0221637267704,0,1e-05
178,22.9654886917781,0,1e-05
179,23.0120782279901,0,1e-05
180,22.954767672002,0,1e-05
181,23.0018768542418,0,1e-05
182,22.9439244170335,0,1e-05
183,22.9915647618726,0,1e-05
184,22.9329647870007,0,1e-05
185,22.9811469233663,0,1e-05
186,22.9218943588782,0,1e-05
187,22.9706281332211,0,1e-05
188,22.9107185624297,0,1e-05
189,22.960013033612,0,1e-05
190,22.8994425495223,0,1e-05
191,22.9493060414188,0,1e-05
192,22.8880712935368,0,1e-05
193,22.9385114659337,0,1e-05
194,22.8766095590525,0,1e-05
195,22.9276333994472,0,1e-05
196,22.8650619154723,0,1e-05
197,22.9166758084145,0,1e-05
198,22.8534327474099,0,1e-05
199,22.9056424948962,0,1e-05
200,22.8417262280389,0,1e-05
201,22.8945371011217,0,1e-05
202,22.8299463554167,0,1e-05
203,22.8833630964985,0,1e-05
204,22.8180969327392,0,1e-05
205,22.872123843737,0,1e-05
206,22.8061816282645,0,1e-05
207,22.8608225441439,0,1e-05
208,22.7942039074117,0,1e-05
209,22.8494622458497,0,1e-05
210,22.7821670957884,0,1e-05
211,22.8380458927908,0,1e-05
212,22.7700743321412,0,1e-05
213,22.8265762620302,0,1e-05
214,22.7579286074883,0,1e-05
215,22.8150560179652,0,1e-05
216,22.7457328034679,0,1e-05
217,22.8034877218339,0,1e-05
218,22.7334896192813,0,1e-05
219,22.7918738148287,0,1e-05
220,22.7212016608722,0,1e-05
221,22.7802166261764,0,1e-05
222,22.7088713877985,0,1e-05
223,22.7685183746801,0,1e-05
224,22.6965011444095,0,1e-05
225,22.7567811735205,0,1e-05
226,22.6840931313386,0,1e-05
227,22.7450070435867,0,1e-05
228,22.671649472206,0,1e-05
229,22.7331979117018,0,1e-05
230,22.6591721819773,0,1e-05
231,22.7213556295232,0,1e-05
232,22.6466631729014,0,1e-05
233,22.7094819450443,0,1e-05
234,22.6341242397895,0,1e-05
235,22.6975785432405,0,1e-05
236,22.6215571431302,0,1e-05
237,22.6856470397346,0,1e-05
238,22.6089635141501,0,1e-05
239,22.6736889502763,0,1e-05
240,22.5963449075679,0,1e-05
241,22.6617057322071,0,1e-05
242,22.5837027961298,0,1e-05
243,22.6496987812411,0,1e-05
244,22.5710386214753,0,1e-05
245,22.6376694548202,0,1e-05
246,22.5583537321879,0,1e-05
247,22.6256190313013,0,1e-05
248,22.5456494207588,0,1e-05
249,22.6135487387323,0,1e-05
250,22.5329269192026,0,1e-05
251,22.6014597517618,0,1e-05
252,22.5201874030623,0,1e-05
253,22.589353203964,0,1e-05
254,22.5074320030845,0,1e-05
255,22.5772301855719,0,1e-05
256,22.4946617961991,0,1e-05
257,22.5650917397659,0,1e-05
258,22.4818778111746,0,1e-05
259,22.5529388642412,0,1e-05
260,22.4690810448051,0,1e-05
261,22.540772535057,0,1e-05
262,22.4562724631511,0,1e-05
263,22.5285936999721,0,1e-05
264,22.4434529893343,0,1e-05
265,22.5164032584357,0,1e-05
266,22.4306235040562,0,1e-05
267,22.5042020804275,0,1e-05
268,22.417784876614,0,1e-05
269,22.4919910213013,0,1e-05
270,22.4049379401068,0,1e-05
271,22.4797709073611,0,1e-05
272,22.3920835033299,0,1e-05
273,22.4675425424629,0,1e-05
274,22.3792223516086,0,1e-05
275,22.4553067030308,0,1e-05
276,22.3663552442387,0,1e-05
277,22.4430641448699,0,1e-05
278,22.3534829221989,0,1e-05
279,22.4308156068415,0,1e-05
280,22.3406061096647,0,1e-05
281,22.4185618178182,0,1e-05
282,22.3277255212591,0,1e-05
283,22.4063034812307,0,1e-05
284,22.3148418403855,0,1e-05
285,22.3940412873308,0,1e-05
286,22.3019557502768,0,1e-05
287,22.3817759177452,0,1e-05
288,22.2890679230064,0,1e-05
289,22.3695080406874,0,1e-05
290,22.2761790132634,0,1e-05
291,22.3572383159918,0,1e-05
292,22.2632896708032,0,1e-05
293,22.3449673859363,0,1e-05
294,22.2504005327292,0,1e-05
295,22.332695890665,0,1e-05
296,22.2375122313333,0,1e-05
297,22.3204244587868,0,1e-05
298,22.2246253901205,0,1e-05
299,22.3081537091125,0,1e-05
300,22.2117406228279,0,1e-05
301,22.2958842502671,0,1e-05
302,22.1988585380829,0,1e-05
303,22.2836166910856,0,1e-05
304,22.1859797416403,0,1e-05
305,22.2713516273661,0,1e-05
306,22.1731048363235,0,1e-05
307,22.2590896575568,0,1e-05
308,22.1602344142936,0,1e-05
309,22.2468313625594,0,1e-05
310,22.1473690651824,0,1e-05
311,22.2345773300243,0,1e-05
312,22.134509378895,0,1e-05
313,22.2223281366843,0,1e-05
314,22.1216559412161,0,1e-05
315,22.2100843564035,0,1e-05
316,22.1088093365939,0,1e-05
317,22.1978465643561,0,1e-05
318,22.0959701462131,0,1e-05
319,22.185615323692,0,1e-05
320,22.0831389440923,0,1e-05
321,22.1733911952863,0,1e-05
322,22.0703163044579,0,1e-05
323,22.1611747394305,0,1e-05
324,22.0575028017898,0,1e-05
325,22.1489665113905,0,1e-05
326,22.0446990033362,0,1e-05
327,22.1367670623001,0,1e-05
328,22.0319054766294,0,1e-05
329,22.1245769400413,0,1e-05
330,22.0191227879179,0,1e-05
331,22.1123966883396,0,1e-05
332,22.0063515007935,0,1e-05
333,22.1002268528144,0,1e-05
334,21.9935921796965,0,1e-05
335,22.088067970948,0,1e-05
336,21.9808453812352,0,1e-05
337,22.0759205777419,0,1e-05
338,21.9681116611076,0,1e-05
339,22.0637852047863,0,1e-05
340,21.955391574939,0,1e-05
341,22.0516623807639,0,1e-05
342,21.9426856716441,0,1e-05
343,22.039552631073,0,1e-05
344,21.9299944972696,0,1e-05
345,22.0274564742919,0,1e-05
346,21.917318605728,0,1e-05
347,22.0153744336682,0,1e-05
348,21.9046585390816,0,1e-05
349,22.0033070207133,0,1e-05
350,21.8920148351808,0,1e-05
351,21.9912547455058,0,1e-05
352,21.8793880312798,0,1e-05
353,21.979218112996,0,1e-05
354,21.8667786566636,0,1e-05
355,21.9671976249136,0,1e-05
356,21.8541872449592,0,1e-05
357,21.9551937801349,0,1e-05
358,21.8416143197551,0,1e-05
359,21.9432070701438,0,1e-05
360,21.8290604028397,0,1e-05
361,21.9312379851689,0,1e-05
362,21.8165260120365,0,1e-05
363,21.9192870083986,0,1e-05
364,21.8040116620119,0,1e-05
365,21.9073546197726,0,1e-05
366,21.7915178597543,0,1e-05
367,21.8954412928798,0,1e-05
368,21.7790451077175,0,1e-05
369,21.883547494389,0,1e-05
370,21.7665939029125,0,1e-05
371,21.871673687271,0,1e-05
372,21.7541647382423,0,1e-05
373,21.8598203301085,0,1e-05
374,21.7417581028999,0,1e-05
375,21.8479878742145,0,1e-05
376,21.7293744766506,0,1e-05
377,21.836176765944,0,1e-05
378,21.7170143371314,0,1e-05
379,21.8243874457292,0,1e-05
380,21.704678151588,0,1e-05
381,21.8126203456841,0,1e-05
382,21.6923663837551,0,1e-05
383,21.8008758939424,0,1e-05
384,21.6800794925433,0,1e-05
385,21.7891545123182,0,1e-05
386,21.6678179277578,0,1e-05
387,21.7774566148913,0,1e-05
388,21.6555821336625,0,1e-05
389,21.7657826099697,0,1e-05
390,21.6433725466099,0,1e-05
391,21.7541328983992,0,1e-05
392,21.6311895952673,0,1e-05
393,21.7425078727819,0,1e-05
394,21.6190337008535,0,1e-05
395,21.7309079198238,0,1e-05
396,21.6069052804625,0,1e-05
397,21.7193334197228,0,1e-05
398,21.5948047390205,0,1e-05
399,21.7077847440221,0,1e-05
400,21.5827324777665,0,1e-05
401,21.6962622575298,0,1e-05
402,21.5706888867341,0,1e-05
403,21.6847663173902,0,1e-05
404,21.5586743504155,0,1e-05
405,21.6732972730897,0,1e-05
406,21.5466892444821,0,1e-05
407,21.6618554662458,0,1e-05
408,21.5347339359207,0,1e-05
409,21.6504412306215,0,1e-05
410,21.5228087828014,0,1e-05
411,21.6390548918074,0,1e-05
412,21.5109141367046,0,1e-05
413,21.6276967682638,0,1e-05
414,21.499050338484,0,1e-05
415,21.616367168788,0,1e-05
416,21.487217721556,0,1e-05
417,21.6050663962247,0,1e-05
418,21.4754166119818,0,1e-05
419,21.5937947441309,0,1e-05
420,21.4636473252643,0,1e-05
421,21.5825524973922,0,1e-05
422,21.451910168191,0,1e-05
423,21.5713399334284,0,1e-05
424,21.4402054400549,0,1e-05
425,21.5601573212355,0,1e-05
426,21.4285334296597,0,1e-05
427,21.5490049213514,0,1e-05
428,21.4168944184055,0,1e-05
429,21.5378829863951,0,1e-05
430,21.4052886779614,0,1e-05
431,21.5267917600426,0,1e-05
432,21.3937164711099,0,1e-05
433,21.5157314777868,0,1e-05
434,21.3821780511498,0,1e-05
435,21.5047023669368,0,1e-05
436,21.3706736631979,0,1e-05
437,21.493704646368,0,1e-05
438,21.3592035430203,0,1e-05
439,21.4827385264433,0,1e-05
440,21.3477679172818,0,1e-05
441,21.4718042093384,0,1e-05
442,21.3363670042536,0,1e-05
443,21.4609018890607,0,1e-05
444,21.3250010125842,0,1e-05
445,21.450031751221,0,1e-05
446,21.3136701421257,0,1e-05
447,21.4391939729723,0,1e-05
448,21.3023745840728,0,1e-05
449,21.4283887235948,0,1e-05
450,21.2911145206976,0,1e-05
451,21.4176161639853,0,1e-05
452,21.279890125216,0,1e-05
453,21.406876446794,0,1e-05
454,21.2687015623661,0,1e-05
455,21.3961697169816,0,1e-05
456,21.2575489880293,0,1e-05
457,21.385496111042,0,1e-05
458,21.2464325493917,0,1e-05
459,21.3748557577972,0,1e-05
460,21.2353523849024,0,1e-05
461,21.3642487778525,0,1e-05
462,21.2243086246146,0,1e-05
463,21.3536752841378,0,1e-05
464,21.2133013901431,0,1e-05
465,21.3431353818961,0,1e-05
466,21.2023307946679,0,1e-05
467,21.3326291685563,0,1e-05
468,21.1913969431573,0,1e-05
469,21.3221567339119,0,1e-05
470,21.1804999320675,0,1e-05
471,21.3117181602553,0,1e-05
472,21.1696398498454,0,1e-05
473,21.3013135224214,0,1e-05
474,21.1588167768205,0,1e-05
475,21.2909428877446,0,1e-05
476,21.1480307855842,0,1e-05
477,21.2806063166045,0,1e-05
478,21.1372819407979,0,1e-05
479,21.2703038619325,0,1e-05
480,21.1265702992296,0,1e-05
481,21.2600355696211,0,1e-05
482,21.1158959100829,0,1e-05
483,21.2498014786363,0,1e-05
484,21.1052588149623,0,1e-05
485,21.2396016209694,0,1e-05
486,21.094659048108,0,1e-05
487,21.2294360219325,0,1e-05
488,21.0840966363214,0,1e-05
489,21.2193047000093,0,1e-05
490,21.0735715993184,0,1e-05
491,21.2092076672966,0,1e-05
492,21.0630839496131,0,1e-05
493,21.1991449292863,0,1e-05
494,21.0526336927996,0,1e-05
495,21.1891164851633,0,1e-05
496,21.0422208275999,0,1e-05
497,21.1791223279218,0,1e-05
498,21.0318453459772,0,1e-05
499,21.16916244435,0,1e-05
500,21.021507233292,0,1e-05
501,21.1592368152675,0,1e-05
502,21.0112064683891,0,1e-05
503,21.1493454155827,0,1e-05
504,21.0009430237687,0,1e-05
505,21.1394882144239,0,1e-05
506,20.9907168656783,0,1e-05
507,21.1296651752674,0,1e-05
508,20.9805279542507,0,1e-05
509,21.1198762560305,0,1e-05
510,20.9703762436223,0,1e-05
511,21.1101214092065,0,1e-05
512,20.9602616820703,0,1e-05
513,21.1004005819797,0,1e-05
514,20.950184212137,0,1e-05
515,21.090713716341,0,1e-05
516,20.9401437707575,0,1e-05
517,21.0810607492118,0,1e-05
518,20.9301402893878,0,1e-05
519,21.0714416125575,0,1e-05
520,20.920173694132,0,1e-05
521,21.0618562335083,0,1e-05
522,20.9102439058716,0,1e-05
523,21.0523045344794,0,1e-05
524,20.9003508403926,0,1e-05
525,21.0427864332872,0,1e-05
526,20.8904944085148,0,1e-05
527,21.0333018432681,0,1e-05
528,20.8806745162164,0,1e-05
529,21.0238506733945,0,1e-05
530,20.8708910647597,0,1e-05
531,21.0144328283937,0,1e-05
532,20.8611439508201,0,1e-05
533,21.0050482088646,0,1e-05
534,20.8514330666126,0,1e-05
535,20.9956967113915,0,1e-05
536,20.8417583000154,0,1e-05
537,20.9863782286678,0,1e-05
538,20.8321195346906,0,1e-05
539,20.9770926495972,0,1e-05
540,20.8225166501987,0,1e-05
541,20.9678398593998,0,1e-05
542,20.8129495221385,0,1e-05
543,20.9586197397424,0,1e-05
544,20.8034180222199,0,1e-05
545,20.9494321688222,0,1e-05
546,20.7939220184808,0,1e-05
547,20.9402770215552,0,1e-05
548,20.7844613753534,0,1e-05
549,20.9311541695989,0,1e-05
550,20.7750359537101,0,1e-05
551,20.9220634814736,0,1e-05
552,20.7656456110748,0,1e-05
553,20.9130048227001,0,1e-05
554,20.7562902017087,0,1e-05
555,20.9039780558678,0,1e-05
556,20.7469695767066,0,1e-05
557,20.8949830407549,0,1e-05
558,20.7376835841429,0,1e-05
559,20.8860196345351,0,1e-05
560,20.7284320691582,0,1e-05
561,20.877087691631,0,1e-05
562,20.7192148740366,0,1e-05
563,20.8681870640609,0,1e-05
564,20.7100318383841,0,1e-05
565,20.8593176014035,0,1e-05
566,20.7008827990815,0,1e-05
567,20.8504791508657,0,1e-05
568,20.6917675906163,0,1e-05
569,20.8416715576132,0,1e-05
570,20.6826860451289,0,1e-05
571,20.832894664452,0,1e-05
572,20.6736379923047,0,1e-05
573,20.8241483124354,0,1e-05
574,20.6646232597015,0,1e-05
575,20.8154323405218,0,1e-05
576,20.655641672727,0,1e-05
577,20.8067465857752,0,1e-05
578,20.6466930547933,0,1e-05
579,20.7980908835819,0,1e-05
580,20.6377772274315,0,1e-05
581,20.7894650676327,0,1e-05
582,20.6288940102674,0,1e-05
583,20.7808689701154,0,1e-05
584,20.6200432210875,0,1e-05
585,20.7723024214834,0,1e-05
586,20.6112246762356,0,1e-05
587,20.7637652510552,0,1e-05
588,20.6024381904809,0,1e-05
589,20.7552572865432,0,1e-05
590,20.593683576996,0,1e-05
591,20.7467783544948,0,1e-05
592,20.5849606474836,0,1e-05
593,20.7383282803424,0,1e-05
594,20.5762692125324,0,1e-05
595,20.7299068881982,0,1e-05
596,20.5676090813763,0,1e-05
597,20.7215140014036,0,1e-05
598,20.558980062114,0,1e-05
599,20.7131494419788,0,1e-05
600,20.5503819617034,0,1e-05
601,20.7048130314378,0,1e-05
602,20.541814586242,0,1e-05
603,20.6965045902079,0,1e-05
604,20.5332777406117,0,1e-05
605,20.688223937792,0,1e-05
606,20.5247712292828,0,1e-05
607,20.679970893693,0,1e-05
608,20.5162948554523,0,1e-05
609,20.6717452757834,0,1e-05
610,20.5078484218988,0,1e-05
611,20.6635469019922,0,1e-05
612,20.4994317304637,0,1e-05
613,20.6553755896224,0,1e-05
614,20.4910445826188,0,1e-05
615,20.647231155445,0,1e-05
616,20.4826867794315,0,1e-05
617,20.6391134158269,0,1e-05
618,20.4743581209416,0,1e-05
619,20.6310221867417,0,1e-05
620,20.4660584070888,0,1e-05
621,20.622957284033,0,1e-05
622,20.457787438059,0,1e-05
623,20.6149185233811,0,1e-05
624,20.449545012559,0,1e-05
625,20.6069057198124,0,1e-05
626,20.4413309301116,0,1e-05
627,20.5989186888042,0,1e-05
628,20.433144989147,0,1e-05
629,20.5909572450216,0,1e-05
630,20.4249869888603,0,1e-05
631,20.5830212039493,0,1e-05
632,20.4168567280051,0,1e-05
633,20.5751103808432,0,1e-05
634,20.4087540050292,0,1e-05
635,20.5672245904184,0,1e-05
636,20.4006786186491,0,1e-05
637,20.559363648378,0,1e-05
638,20.3926303677359,0,1e-05
639,20.5515273696483,0,1e-05
640,20.3846090507525,0,1e-05
641,20.5437155695773,0,1e-05
642,20.3766144664309,0,1e-05
643,20.5359280642702,0,1e-05
644,20.3686464145664,0,1e-05
645,20.5281646695192,0,1e-05
646,20.3607046938164,0,1e-05
647,20.5204252015343,0,1e-05
648,20.3527891043034,0,1e-05
649,20.5127094770971,0,1e-05
650,20.3448994458901,0,1e-05
651,20.5050173131403,0,1e-05
652,20.3370355187317,0,1e-05
653,20.4973485271048,0,1e-05
654,20.3291971235334,0,1e-05
655,20.4897029370198,0,1e-05
656,20.3213840618122,0,1e-05
657,20.4820803610656,0,1e-05
658,20.3135961345894,0,1e-05
659,20.474480617883,0,1e-05
660,20.3058331441162,0,1e-05
661,20.4669035266954,0,1e-05
662,20.2980948930622,0,1e-05
663,20.4593489075777,0,1e-05
664,20.2903811848503,0,1e-05
665,20.4518165809554,0,1e-05
666,20.2826918222776,0,1e-05
667,20.4443063674947,0,1e-05
668,20.2750266102451,0,1e-05
669,20.4368180889033,0,1e-05
670,20.2673853533018,0,1e-05
671,20.4293515676635,0,1e-05
672,20.2597678573721,0,1e-05
673,20.4219066268055,0,1e-05
674,20.2521739293595,0,1e-05
675,20.4144830901122,0,1e-05
676,20.244603375221,0,1e-05
677,20.4070807816127,0,1e-05
678,20.2370560026933,0,1e-05
679,20.3996995266606,0,1e-05
680,20.2295316208225,0,1e-05
681,20.3923391512748,0,1e-05
682,20.222030038634,0,1e-05
683,20.3849994822864,0,1e-05
684,20.2145510662055,0,1e-05
685,20.3776803468808,0,1e-05
686,20.2070945147541,0,1e-05
687,20.3703815738667,0,1e-05
688,20.199660195677,0,1e-05
689,20.3631029920927,0,1e-05
690,20.1922479215785,0,1e-05
691,20.3558444315133,0,1e-05
692,20.1848575065676,0,1e-05
693,20.3486057235437,0,1e-05
694,20.1774887643505,0,1e-05
695,20.3413866993691,0,1e-05
696,20.170141510557,0,1e-05
697,20.3341871916838,0,1e-05
698,20.1628155608022,0,1e-05
699,20.3270070338702,0,1e-05
700,20.1555107330046,0,1e-05
701,20.3198460610859,0,1e-05
702,20.1482268448374,0,1e-05
703,20.3127041086066,0,1e-05
704,20.1409637159203,0,1e-05
705,20.3055810128816,0,1e-05
706,20.1337211658741,0,1e-05
707,20.2984766111462,0,1e-05
708,20.1264990166444,0,1e-05
709,20.29139074203,0,1e-05
710,20.1192970899177,0,1e-05
711,20.2843232448285,0,1e-05
712,20.1121152085539,0,1e-05
713,20.2772739591205,0,1e-05
714,20.1049531969974,0,1e-05
715,20.2702427269402,0,1e-05
716,20.0978108797214,0,1e-05
717,20.26322939021,0,1e-05
718,20.0906880837796,0,1e-05
719,20.2562337922055,0,1e-05
720,20.0835846356685,0,1e-05
721,20.2492557775995,0,1e-05
722,20.0765003648109,0,1e-05
723,20.2422951917252,0,1e-05
724,20.0694351010202,0,1e-05
725,20.2353518808289,0,1e-05
726,20.0623886741245,0,1e-05
727,20.2284256927633,0,1e-05
728,20.0553609160985,0,1e-05
729,20.2215164757144,0,1e-05
730,20.0483516591778,0,1e-05
731,20.2146240791809,0,1e-05
732,20.0413607373705,0,1e-05
733,20.2077483538746,0,1e-05
734,20.0343879861263,0,1e-05
735,20.2008891515561,0,1e-05
736,20.0274332408584,0,1e-05
737,20.1940463248355,0,1e-05
738,20.0204963395841,0,1e-05
739,20.1872197275225,0,1e-05
740,20.0135771201682,0,1e-05
741,20.1804092147751,0,1e-05
742,20.0066754225165,0,1e-05
743,20.1736146418391,0,1e-05
744,19.9997910866752,0,1e-05
745,20.16683586605,0,1e-05
746,19.9929239547071,0,1e-05
747,20.1600727459149,0,1e-05
748,19.9860738702558,0,1e-05
749,20.1533251407252,0,1e-05
750,19.9792406771199,0,1e-05
751,20.1465929105516,0,1e-05
752,19.9724242195586,0,1e-05
753,20.1398759160574,0,1e-05
754,19.9656243443373,0,1e-05
755,20.1331740198601,0,1e-05
756,19.958840898435,0,1e-05
757,20.1264870852645,0,1e-05
758,19.9520737308625,0,1e-05
759,20.1198149775026,0,1e-05
760,19.9453226915713,0,1e-05
761,20.1131575622093,0,1e-05
762,19.9385876315594,0,1e-05
763,20.1065147058602,0,1e-05
764,19.9318684031418,0,1e-05
765,20.0998862765357,0,1e-05
766,19.9251648593925,0,1e-05
767,20.0932721426918,0,1e-05
768,19.9184768542554,0,1e-05
769,20.0866721741634,0,1e-05
770,19.9118042431788,0,1e-05
771,20.0800862424065,0,1e-05
772,19.9051468832619,0,1e-05
773,20.0735142191738,0,1e-05
774,19.8985046321934,0,1e-05
775,20.0669559780658,0,1e-05
776,19.8918773489915,0,1e-05
777,20.0604113929379,0,1e-05
778,19.8852648939895,0,1e-05
779,20.0538803397914,0,1e-05
780,19.8786671288194,0,1e-05
781,20.0473626952444,0,1e-05
782,19.8720839157814,0,1e-05
783,20.0408583362713,0,1e-05
784,19.8655151180282,0,1e-05
785,20.0343671408025,0,1e-05
786,19.8589605996743,0,1e-05
787,20.027888988897,0,1e-05
788,19.8524202268079,0,1e-05
789,20.0214237614445,0,1e-05
790,19.8458938668275,0,1e-05
791,20.0149713399421,0,1e-05
792,19.8393813875683,0,1e-05
793,20.0085316064838,0,1e-05
794,19.83288265836,0,1e-05
795,20.0021044456544,0,1e-05
796,19.8263975501549,0,1e-05
797,19.9956897426291,0,1e-05
798,19.8199259340813,0,1e-05
799,19.9892873831924,0,1e-05
800,19.8134676836298,0,1e-05
801,19.982897254266,0,1e-05
802,19.8070226708725,0,1e-05
803,19.9765192425083,0,1e-05
804,19.8005907707528,0,1e-05
805,19.9701532379016,0,1e-05
806,19.7941718603394,0,1e-05
807,19.9637991306915,0,1e-05
808,19.787765815779,0,1e-05
809,19.9574568110216,0,1e-05
810,19.7813725148973,0,1e-05
811,19.9511261713552,0,1e-05
812,19.774991837661,0,1e-05
813,19.9448071044887,0,1e-05
814,19.76862366357,0,1e-05
815,19.9384995041856,0,1e-05
816,19.762267874746,0,1e-05
817,19.932203266362,0,1e-05
818,19.7559243539295,0,1e-05
819,19.9259182862308,0,1e-05
820,19.7495929835276,0,1e-05
821,19.9196444609444,0,1e-05
822,19.7432736494018,0,1e-05
823,19.9133816886716,0,1e-05
824,19.7369662366692,0,1e-05
825,19.9071298682363,0,1e-05
826,19.7306706321574,0,1e-05
827,19.9008888997242,0,1e-05
828,19.7243867240804,0,1e-05
829,19.8946586846098,0,1e-05
830,19.7181144011884,0,1e-05
831,19.8884391236528,0,1e-05
832,19.7118535528309,0,1e-05
833,19.8822301205391,0,1e-05
834,19.7056040704172,0,1e-05
835,19.8760315782168,0,1e-05
836,19.6993658456126,0,1e-05
837,19.8698434015041,0,1e-05
838,19.6931387713403,0,1e-05
839,19.8636654967361,0,1e-05
840,19.6869227424901,0,1e-05
841,19.8574977702782,0,1e-05
842,19.6807176527062,0,1e-05
843,19.8513401288852,0,1e-05
844,19.6745233986948,0,1e-05
845,19.845192481129,0,1e-05
846,19.6683398775665,0,1e-05
847,19.8390547371697,0,1e-05
848,19.6621669883857,0,1e-05
849,19.8329268073043,0,1e-05
850,19.656004630036,0,1e-05
851,19.8268086025984,0,1e-05
852,19.6498527015528,0,1e-05
853,19.8207000344898,0,1e-05
854,19.643711105055,0,1e-05
855,19.8146010165209,0,1e-05
856,19.637579741461,0,1e-05
857,19.8085114621171,0,1e-05
858,19.6314585149271,0,1e-05
859,19.8024312869217,0,1e-05
860,19.6253473294973,0,1e-05
861,19.796360405803,0,1e-05
862,19.6192460890485,0,1e-05
863,19.7902987349088,0,1e-05
864,19.6131546995349,0,1e-05
865,19.7842461920322,0,1e-05
866,19.6070730684087,0,1e-05
867,19.7782026956547,0,1e-05
868,19.6010011033541,0,1e-05
869,19.7721681646544,0,1e-05
870,19.5949387133339,0,1e-05
871,19.7661425182096,0,1e-05
872,19.5888858073393,0,1e-05
873,19.760125677788,0,1e-05
874,19.5828422962485,0,1e-05
875,19.7541175645,0,1e-05
876,19.5768080915008,0,1e-05
877,19.7481181016141,0,1e-05
878,19.5707831064649,0,1e-05
879,19.7421272120455,0,1e-05
880,19.5647672530444,0,1e-05
881,19.7361448191516,0,1e-05
882,19.558760446235,0,1e-05
883,19.7301708485044,0,1e-05
884,19.5527626008213,0,1e-05
885,19.7242052256648,0,1e-05
886,19.5467736333967,0,1e-05
887,19.7182478771004,0,1e-05
888,19.5407934600984,0,1e-05
889,19.7122987294475,0,1e-05
890,19.5348219988222,0,1e-05
891,19.7063577110409,0,1e-05
892,19.5288591677847,0,1e-05
893,19.7004247507835,0,1e-05
894,19.5229048876279,0,1e-05
895,19.6944997790281,0,1e-05
896,19.5169590781908,0,1e-05
897,19.6885827253966,0,1e-05
898,19.5110216611846,0,1e-05
899,19.6826735213304,0,1e-05
900,19.5050925574491,0,1e-05
901,19.6767720979883,0,1e-05
902,19.4991716901808,0,1e-05
903,19.6708783885408,0,1e-05
904,19.4932589837672,0,1e-05
905,19.6649923263669,0,1e-05
906,19.4873543624893,0,1e-05
907,19.6591138454948,0,1e-05
908,19.4814577508455,0,1e-05
909,19.6532428798608,0,1e-05
910,19.475569076282,0,1e-05
911,19.6473793666944,0,1e-05
912,19.4696882656966,0,1e-05
913,19.6415232420589,0,1e-05
914,19.4638152463892,0,1e-05
915,19.6356744420915,0,1e-05
916,19.45794994667,0,1e-05
917,19.6298329051241,0,1e-05
918,19.4520922962101,0,1e-05
919,19.6239985696228,0,1e-05
920,19.4462422256908,0,1e-05
921,19.6181713737195,0,1e-05
922,19.4403996653433,0,1e-05
923,19.6123512586445,0,1e-05
924,19.4345645471458,0,1e-05
925,19.6065381637979,0,1e-05
926,19.4287368026696,0,1e-05
927,19.600732030206,0,1e-05
928,19.4229163654689,0,1e-05
929,19.5949328006657,0,1e-05
930,19.417103170954,0,1e-05
931,19.5891404175666,0,1e-05
932,19.4112971520248,0,1e-05
933,19.583354823235,0,1e-05
934,19.4054982445509,0,1e-05
935,19.5775759609993,0,1e-05
936,19.3997063846458,0,1e-05
937,19.5718037772964,0,1e-05
938,19.3939215102328,0,1e-05
939,19.5660382164687,0,1e-05
940,19.3881435573425,0,1e-05
941,19.5602792235989,0,1e-05
942,19.3823724648846,0,1e-05
943,19.5545267455936,0,1e-05
944,19.3766081722442,0,1e-05
945,19.5487807290812,0,1e-05
946,19.370850619576,0,1e-05
947,19.5430411230422,0,1e-05
948,19.365099746974,0,1e-05
949,19.537307874595,0,1e-05
950,19.3593554947899,0,1e-05
951,19.5315809322155,0,1e-05
952,19.3536178044199,0,1e-05
953,19.5258602453942,0,1e-05
954,19.3478866190445,0,1e-05
955,19.5201457648014,0,1e-05
956,19.3421618820138,0,1e-05
957,19.5144374409621,0,1e-05
958,19.3364435370878,0,1e-05
959,19.5087352252358,0,1e-05
960,19.3307315285497,0,1e-05
961,19.5030390694717,0,1e-05
962,19.3250258017414,0,1e-05
963,19.4973489258844,0,1e-05
964,19.3193263019863,0,1e-05
965,19.4916647467325,0,1e-05
966,19.313632976179,0,1e-05
967,19.4859864868644,0,1e-05
968,19.3079457713985,0,1e-05
969,19.4803140998772,0,1e-05
970,19.302264635012,0,1e-05
971,19.4746475406915,0,1e-05
972,19.2965895148659,0,1e-05
973,19.4689867634185,0,1e-05
974,19.2909203602183,0,1e-05
975,19.4633317249179,0,1e-05
976,19.2852571221384,0,1e-05
977,19.457682382046,0,1e-05
978,19.2795997485297,0,1e-05
979,19.4520386905425,0,1e-05
980,19.2739481908133,0,1e-05
981,19.4464006070709,0,1e-05
982,19.2683024007709,0,1e-05
983,19.4407680918231,0,1e-05
984,19.2626623303271,0,1e-05
985,19.4351411012344,0,1e-05
986,19.2570279306008,0,1e-05
987,19.4295195940442,0,1e-05
988,19.2513991557338,0,1e-05
989,19.4239035309571,0,1e-05
990,19.2457759601584,0,1e-05
991,19.4182928718466,0,1e-05
992,19.2401582973698,0,1e-05
993,19.4126875768762,0,1e-05
994,19.2345461230015,0,1e-05
995,19.4070876072483,0,1e-05
996,19.2289393920545,0,1e-05
997,19.40149292497,0,1e-05
998,19.223338060005,0,1e-05
999,19.3959034902933,0,1e-05
1000,19.2177420826384,0,1e-05
1001,19.3903192660677,0,1e-05
1002,19.2121514178919,0,1e-05
1003,19.3847402155902,0,1e-05
1004,19.2065660229878,0,1e-05
1005,19.3791663020964,0,1e-05
1006,19.2009858558748,0,1e-05
1007,19.3735974888936,0,1e-05
1008,19.1954108745368,0,1e-05
1009,19.368033740548,0,1e-05
1010,19.1898410398124,0,1e-05
1011,19.3624750226076,0,1e-05
1012,19.184276310293,0,1e-05
1013,19.356921299389,0,1e-05
1014,19.178716646409,0,1e-05
1015,19.3513725373135,0,1e-05
1016,19.173162008785,0,1e-05
1017,19.3458287016108,0,1e-05
1018,19.167612358855,0,1e-05
1019,19.3402897592353,0,1e-05
1020,19.1620676575463,0,1e-05
1021,19.334755676945,0,1e-05
1022,19.1565278677121,0,1e-05
1023,19.3292264222035,0,1e-05
1024,19.1509929510331,0,1e-05
1025,19.323701962371,0,1e-05
1026,19.1454628721003,0,1e-05
1027,19.3181822666489,0,1e-05
1028,19.139937592875,0,1e-05
1029,19.3126673022572,0,1e-05
1030,19.134417077962,0,1e-05
1031,19.3071570392772,0,1e-05
1032,19.1289012924694,0,1e-05
1033,19.3016514474663,0,1e-05
1034,19.1233902020483,0,1e-05
1035,19.2961504966741,0,1e-05
1036,19.1178837712378,0,1e-05
1037,19.2906541568005,0,1e-05
1038,19.1123819658558,0,1e-05
1039,19.2851623981033,0,1e-05
1040,19.106884751736,0,1e-05
1041,19.2796751917872,0,1e-05
1042,19.1013920963185,0,1e-05
1043,19.2741925093687,0,1e-05
1044,19.095903967552,0,1e-05
1045,19.2687143231618,0,1e-05
1046,19.0904203318243,0,1e-05
1047,19.263240604959,0,1e-05
1048,19.0849411583106,0,1e-05
1049,19.2577713273698,0,1e-05
1050,19.0794664150345,0,1e-05
1051,19.2523064633279,0,1e-05
1052,19.0739960713817,0,1e-05
1053,19.2468459866042,0,1e-05
1054,19.0685300966617,0,1e-05
1055,19.2413898703079,0,1e-05
1056,19.0630684605495,0,1e-05
1057,19.2359380890148,0,1e-05
1058,19.057611133316,0,1e-05
1059,19.2304906166217,0,1e-05
1060,19.0521580851737,0,1e-05
1061,19.2250474279066,0,1e-05
1062,19.0467092872594,0,1e-05
1063,19.2196084978587,0,1e-05
1064,19.0412647109567,0,1e-05
1065,19.2141738018799,0,1e-05
1066,19.0358243284204,0,1e-05
1067,19.2087433165674,0,1e-05
1068,19.0303881124995,0,1e-05
1069,19.203317018009,0,1e-05
1070,19.0249560346809,0,1e-05
1071,19.197894881568,0,1e-05
1072,19.0195280676382,0,1e-05
1073,19.1924768840947,0,1e-05
1074,19.0141041847641,0,1e-05
1075,19.1870630030431,0,1e-05
1076,19.0086843605234,0,1e-05
1077,19.1816532158996,0,1e-05
1078,19.0032685684626,0,1e-05
1079,19.1762475003374,0,1e-05
1080,18.9978567837199,0,1e-05
1081,19.1708458350578,0,1e-05
1082,18.9924489807793,0,1e-05
1083,19.1654481978001,0,1e-05
1084,18.9870451344459,0,1e-05
1085,19.160054567747,0,1e-05
1086,18.9816452206,0,1e-05
1087,19.1546649228267,0,1e-05
1088,18.9762492143614,0,1e-05
1089,19.1492792428226,0,1e-05
1090,18.9708570926445,0,1e-05
1091,19.143897507796,0,1e-05
1092,18.9654688318202,0,1e-05
1093,19.138519697221,0,1e-05
1094,18.9600844086312,0,1e-05
1095,19.1331457911713,0,1e-05
1096,18.9547038002542,0,1e-05
1097,19.1277757699473,0,1e-05
1098,18.9493269839745,0,1e-05
1099,19.1224096143263,0,1e-05
1100,18.9439539383597,0,1e-05
1101,19.1170473056682,0,1e-05
1102,18.9385846412538,0,1e-05
1103,19.11168882527,0,1e-05
1104,18.9332190711038,0,1e-05
1105,19.1063341545636,0,1e-05
1106,18.9278572071023,0,1e-05
1107,19.1009832752729,0,1e-05
1108,18.9224990279403,0,1e-05
1109,19.0956361694995,0,1e-05
1110,18.9171445132603,0,1e-05
1111,19.0902928199258,0,1e-05
1112,18.9117936426203,0,1e-05
1113,19.0849532090376,0,1e-05
1114,18.9064463955306,0,1e-05
1115,19.0796173187171,0,1e-05
1116,18.9011027527299,0,1e-05
1117,19.074285133127,0,1e-05
1118,18.8957626945466,0,1e-05
1119,19.0689566352002,0,1e-05
1120,18.890426202734,0,1e-05
1121,19.0636318090219,0,1e-05
1122,18.885093257907,0,1e-05
1123,19.0583106382416,0,1e-05
1124,18.8797638412661,0,1e-05
1125,19.052993106793,0,1e-05
1126,18.8744379347632,0,1e-05
1127,19.0476791990633,0,1e-05
1128,18.8691155205603,0,1e-05
1129,19.0423688996877,0,1e-05
1130,18.8637965812432,0,1e-05
1131,19.0370621939132,0,1e-05
1132,18.8584810992582,0,1e-05
1133,19.0317590666284,0,1e-05
1134,18.8531690571003,0,1e-05
1135,19.0264595030102,0,1e-05
1136,18.847860438046,0,1e-05
1137,19.0211634883282,0,1e-05
1138,18.8425552258813,0,1e-05
1139,19.0158710093912,0,1e-05
1140,18.8372534041392,0,1e-05
1141,19.0105820507624,0,1e-05
1142,18.8319549556434,0,1e-05
1143,19.0052965993462,0,1e-05
1144,18.8266598659312,0,1e-05
1145,19.0000146415335,0,1e-05
1146,18.8213681188938,0,1e-05
1147,18.9947361640166,0,1e-05
1148,18.816079699099,0,1e-05
1149,18.9894611533624,0,1e-05
1150,18.810794591087,0,1e-05
1151,18.984189596685,0,1e-05
1152,18.8055127804166,0,1e-05
1153,18.9789214811363,0,1e-05
1154,18.8002342517982,0,1e-05
1155,18.9736567940668,0,1e-05
1156,18.7949589908514,0,1e-05
1157,18.9683955225359,0,1e-05
1158,18.7896869834341,0,1e-05
1159,18.9631376551144,0,1e-05
1160,18.7844182159712,0,1e-05
1161,18.9578831803026,0,1e-05
1162,18.7791526754699,0,1e-05
1163,18.9526320856898,0,1e-05
1164,18.7738903479473,0,1e-05
1165,18.9473843602878,0,1e-05
1166,18.7686312195287,0,1e-05
1167,18.942139991695,0,1e-05
1168,18.7633752762224,0,1e-05
1169,18.9368989686615,0,1e-05
1170,18.7581225066622,0,1e-05
1171,18.9316612809716,0,1e-05
1172,18.7528728985259,0,1e-05
1173,18.9264269178404,0,1e-05
1174,18.747626438663,0,1e-05
1175,18.9211958680034,0,1e-05
1176,18.7423831146613,0,1e-05
1177,18.9159681210876,0,1e-05
1178,18.7371429146619,0,1e-05
1179,18.9107436671365,0,1e-05
1180,18.7319058268272,0,1e-05
1181,18.905522495271,0,1e-05
1182,18.726671838885,0,1e-05
1183,18.9003045953559,0,1e-05
1184,18.7214409403011,0,1e-05
1185,18.8950899586672,0,1e-05
1186,18.7162131199573,0,1e-05
1187,18.8898785748679,0,1e-05
1188,18.7109883657858,0,1e-05
1189,18.8846704343499,0,1e-05
1190,18.7057666681683,0,1e-05
1191,18.8794655285341,0,1e-05
1192,18.7005480155317,0,1e-05
1193,18.8742638474939,0,1e-05
1194,18.6953323974109,0,1e-05
1195,18.8690653821647,0,1e-05
1196,18.6901198036647,0,1e-05
1197,18.8638701237025,0,1e-05
1198,18.6849102243766,0,1e-05
1199,18.8586780636358,0,1e-05
1200,18.6797036492789,0,1e-05
1201,18.8534891934506,0,1e-05
1202,18.6745000685799,0,1e-05
1203,18.8483035042571,0,1e-05
1204,18.6692994725218,0,1e-05
1205,18.8431209881893,0,1e-05
1206,18.6641018521097,0,1e-05
1207,18.8379416371032,0,1e-05
1208,18.6589071979767,0,1e-05
1209,18.8327654430287,0,1e-05
1210,18.6537155005969,0,1e-05
1211,18.8275923978115,0,1e-05
1212,18.6485267520312,0,1e-05
1213,18.8224224941331,0,1e-05
1214,18.643340942102,0,1e-05
1215,18.8172557237742,0,1e-05
1216,18.638158062699,0,1e-05
1217,18.8120920796355,0,1e-05
1218,18.6329781056061,0,1e-05
1219,18.8069315546683,0,1e-05
1220,18.6278010625368,0,1e-05
1221,18.8017741415656,0,1e-05
1222,18.6226269253737,0,1e-05
1223,18.7966198330537,0,1e-05
1224,18.617455685759,0,1e-05
1225,18.7914686221797,0,1e-05
1226,18.6122873356907,0,1e-05
1227,18.7863205022483,0,1e-05
1228,18.607121867774,0,1e-05
1229,18.7811754665171,0,1e-05
1230,18.6019592742159,0,1e-05
1231,18.7760335081795,0,1e-05
1232,18.5967995477501,0,1e-05
1233,18.7708946215296,0,1e-05
1234,18.5916426812752,0,1e-05
1235,18.7657587996511,0,1e-05
1236,18.586488667442,0,1e-05
1237,18.7606260365349,0,1e-05
1238,18.581337498853,0,1e-05
1239,18.7554963258,0,1e-05
1240,18.5761891693801,0,1e-05
1241,18.7503696623244,0,1e-05
1242,18.5710436720006,0,1e-05
1243,18.7452460392702,0,1e-05
1244,18.5659010001153,0,1e-05
1245,18.7401254515767,0,1e-05
1246,18.5607611466228,0,1e-05
1247,18.7350078926739,0,1e-05
1248,18.5556241058877,0,1e-05
1249,18.7298933578814,0,1e-05
1250,18.5504898709864,0,1e-05
1251,18.7247818410888,0,1e-05
1252,18.545358436216,0,1e-05
1253,18.7196733376238,0,1e-05
1254,18.5402297954824,0,1e-05
1255,18.7145678416453,0,1e-05
1256,18.5351039428424,0,1e-05
1257,18.7094653482741,0,1e-05
1258,18.5299808726868,0,1e-05
1259,18.7043658524919,0,1e-05
1260,18.5248605795308,0,1e-05
1261,18.6992693496522,0,1e-05
1262,18.5197430576404,0,1e-05
1263,18.6941758343576,0,1e-05
1264,18.514628301686,0,1e-05
1265,18.6890853022094,0,1e-05
1266,18.5095163059941,0,1e-05
1267,18.6839977484248,0,1e-05
1268,18.504407066086,0,1e-05
1269,18.6789131688598,0,1e-05
1270,18.4993005764812,0,1e-05
1271,18.6738315585622,0,1e-05
1272,18.4941968322744,0,1e-05
1273,18.6687529132741,0,1e-05
1274,18.4890958284217,0,1e-05
1275,18.6636772283617,0,1e-05
1276,18.4839975603002,0,1e-05
1277,18.6586045001901,0,1e-05
1278,18.4789020233936,0,1e-05
1279,18.6535347244609,0,1e-05
1280,18.4738092128436,0,1e-05
1281,18.6484678970412,0,1e-05
1282,18.4687191241385,0,1e-05
1283,18.6434040140133,0,1e-05
1284,18.46363175374,0,1e-05
1285,18.6383430716411,0,1e-05
1286,18.4585470963343,0,1e-05
1287,18.6332850659724,0,1e-05
1288,18.4534651482493,0,1e-05
1289,18.6282299929572,0,1e-05
1290,18.4483859049967,0,1e-05
1291,18.6231778491514,0,1e-05
1292,18.4433093627887,0,1e-05
1293,18.6181286307416,0,1e-05
1294,18.4382355176472,0,1e-05
1295,18.6130823347091,0,1e-05
1296,18.4331643658255,0,1e-05
1297,18.6080389573512,0,1e-05
1298,18.4280959037474,0,1e-05
1299,18.6029984954051,0,1e-05
1300,18.4230301277131,0,1e-05
1301,18.597960945887,0,1e-05
1302,18.4179670338909,0,1e-05
1303,18.5929263050715,0,1e-05
1304,18.4129066190743,0,1e-05
1305,18.5878945700437,0,1e-05
1306,18.4078488799747,0,1e-05
1307,18.5828657379414,0,1e-05
1308,18.4027938132756,0,1e-05
1309,18.5778398055702,0,1e-05
1310,18.3977414158051,0,1e-05
1311,18.5728167700444,0,1e-05
1312,18.3926916841776,0,1e-05
1313,18.567796628351,0,1e-05
1314,18.3876446150582,0,1e-05
1315,18.5627793776682,0,1e-05
1316,18.3826002061046,0,1e-05
1317,18.5577650154444,0,1e-05
1318,18.3775584536228,0,1e-05
1319,18.5527535386363,0,1e-05
1320,18.3725193554809,0,1e-05
1321,18.5477449448467,0,1e-05
1322,18.3674829082371,0,1e-05
1323,18.5427392314283,0,1e-05
1324,18.3624491097534,0,1e-05
1325,18.5377363962476,0,1e-05
1326,18.3574179574494,0,1e-05
1327,18.5327364366716,0,1e-05
1328,18.352389448604,0,1e-05
1329,18.5277393503449,0,1e-05
1330,18.3473635804024,0,1e-05
1331,18.5227451344789,0,1e-05
1332,18.3423403506839,0,1e-05
1333,18.5177537870142,0,1e-05
1334,18.3373197569078,0,1e-05
1335,18.5127653056422,0,1e-05
1336,18.3323017969342,0,1e-05
1337,18.5077796885158,0,1e-05
1338,18.3272864683732,0,1e-05
1339,18.5027969332029,0,1e-05
1340,18.3222737690388,0,1e-05
1341,18.4978170375871,0,1e-05
1342,18.3172636970345,0,1e-05
1343,18.4928399999413,0,1e-05
1344,18.3122562502323,0,1e-05
1345,18.4878658181624,0,1e-05
1346,18.3072514264657,0,1e-05
1347,18.4828944899674,0,1e-05
1348,18.3022492235066,0,1e-05
1349,18.4779260133935,0,1e-05
1350,18.2972496399036,0,1e-05
1351,18.4729603870053,0,1e-05
1352,18.2922526735552,0,1e-05
1353,18.4679976087015,0,1e-05
1354,18.2872583229274,0,1e-05
1355,18.4630376772832,0,1e-05
1356,18.2822665863162,0,1e-05
1357,18.4580805904893,0,1e-05
1358,18.2772774619776,0,1e-05
1359,18.4531263468765,0,1e-05
1360,18.2722909481135,0,1e-05
1361,18.4481749447784,0,1e-05
1362,18.2673070434273,0,1e-05
1363,18.4432263827803,0,1e-05
1364,18.2623257464049,0,1e-05
1365,18.4382806592892,0,1e-05
1366,18.2573470556416,0,1e-05
1367,18.4333377724508,0,1e-05
1368,18.2523709693738,0,1e-05
1369,18.4283977211197,0,1e-05
1370,18.2473974861785,0,1e-05
1371,18.4234605035853,0,1e-05
1372,18.2424266050915,0,1e-05
1373,18.418526118661,0,1e-05
1374,18.2374583245884,0,1e-05
1375,18.4135945650649,0,1e-05
1376,18.2324926436081,0,1e-05
1377,18.4086658414985,0,1e-05
1378,18.2275295608285,0,1e-05
1379,18.4037399462561,0,1e-05
1380,18.2225690749427,0,1e-05
1381,18.3988168784138,0,1e-05
1382,18.2176111854079,0,1e-05
1383,18.393896636819,0,1e-05
1384,18.2126558907254,0,1e-05
1385,18.3889792200336,0,1e-05
1386,18.2077031897093,0,1e-05
1387,18.3840646271655,0,1e-05
1388,18.202753081426,0,1e-05
1389,18.3791528567432,0,1e-05
1390,18.1978055652655,0,1e-05
1391,18.3742439079995,0,1e-05
1392,18.1928606400224,0,1e-05
1393,18.3693377798154,0,1e-05
1394,18.1879183049824,0,1e-05
1395,18.3644344711069,0,1e-05
1396,18.1829785593656,0,1e-05
1397,18.3595339807087,0,1e-05
1398,18.178041402256,0,1e-05
1399,18.3546363078162,0,1e-05
1400,18.1731068325058,0,1e-05
1401,18.3497414512878,0,1e-05
1402,18.1681748494296,0,1e-05
1403,18.3448494101055,0,1e-05
1404,18.1632454524909,0,1e-05
1405,18.3399601836781,0,1e-05
1406,18.1583186416411,0,1e-05
1407,18.3350737713429,0,1e-05
1408,18.1533944156451,0,1e-05
1409,18.3301901720542,0,1e-05
1410,18.1484727741949,0,1e-05
1411,18.3253093849356,0,1e-05
1412,18.1435537165806,0,1e-05
1413,18.3204314090596,0,1e-05
1414,18.1386372424016,0,1e-05
1415,18.3155562440196,0,1e-05
1416,18.1337233508197,0,1e-05
1417,18.3106838886785,0,1e-05
1418,18.128812041216,0,1e-05
1419,18.3058143421852,0,1e-05
1420,18.1239033134335,0,1e-05
1421,18.3009476041331,0,1e-05
1422,18.1189971671701,0,1e-05
1423,18.2960836740463,0,1e-05
1424,18.1140936016346,0,1e-05
1425,18.2912225506081,0,1e-05
1426,18.1091926164983,0,1e-05
1427,18.2863642336026,0,1e-05
1428,18.104294211893,0,1e-05
1429,18.2815087226104,0,1e-05
1430,18.0993983874599,0,1e-05
1431,18.2766560169234,0,1e-05
1432,18.0945051425417,0,1e-05
1433,18.2718061156416,0,1e-05
1434,18.0896144768969,0,1e-05
1435,18.266959018396,0,1e-05
1436,18.0847263904207,0,1e-05
1437,18.2621147247195,0,1e-05
1438,18.0798408827047,0,1e-05
1439,18.2572732337402,0,1e-05
1440,18.0749579536372,0,1e-05
1441,18.2524345451347,0,1e-05
1442,18.070077602971,0,1e-05
1443,18.2475986585564,0,1e-05
1444,18.0651998306893,0,1e-05
1445,18.2427655732699,0,1e-05
1446,18.0603246362177,0,1e-05
1447,18.2379352885912,0,1e-05
1448,18.0554520195909,0,1e-05
1449,18.2331078044935,0,1e-05
1450,18.0505819810084,0,1e-05
1451,18.2282831205279,0,1e-05
1452,18.0457145202932,0,1e-05
1453,18.2234612361469,0,1e-05
1454,18.0408496373467,0,1e-05
1455,18.2186421509439,0,1e-05
1456,18.0359873320126,0,1e-05
1457,18.2138258646268,0,1e-05
1458,18.0311276043773,0,1e-05
1459,18.2090123767721,0,1e-05
1460,18.0262704544101,0,1e-05
1461,18.2042016868193,0,1e-05
1462,18.0214158819352,0,1e-05
1463,18.1993937944677,0,1e-05
1464,18.0165638874876,0,1e-05
1465,18.1945886995843,0,1e-05
1466,18.0117144706432,0,1e-05
1467,18.1897864016187,0,1e-05
1468,18.0068676314391,0,1e-05
1469,18.1849869004142,0,1e-05
1470,18.0020233702309,0,1e-05
1471,18.1801901955501,0,1e-05
1472,17.9971816868056,0,1e-05
1473,18.1753962867013,0,1e-05
1474,17.9923425812738,0,1e-05
1475,18.1706051735616,0,1e-05
1476,17.9875060539363,0,1e-05
1477,18.1658168557143,0,1e-05
1478,17.9826721047633,0,1e-05
1479,18.1610313330446,0,1e-05
1480,17.9778407336632,0,1e-05
1481,18.1562486050024,0,1e-05
1482,17.9730119409701,0,1e-05
1483,18.1514686716566,0,1e-05
1484,17.9681857266967,0,1e-05
1485,18.1466915324403,0,1e-05
1486,17.9633620912749,0,1e-05
1487,18.1419171874031,0,1e-05
1488,17.9585410348647,0,1e-05
1489,18.1371456361948,0,1e-05
1490,17.953722557261,0,1e-05
1491,18.1323768783139,0,1e-05
1492,17.9489066589481,0,1e-05
1493,18.1276109138171,0,1e-05
1494,17.9440933399132,0,1e-05
1495,18.1228477424967,0,1e-05
1496,17.9392826008492,0,1e-05
1497,18.1180873640025,0,1e-05
1498,17.9344744415465,0,1e-05
1499,18.1133297784367,0,1e-05
1500,17.9296688625683,0,1e-05
1501,18.1085749853073,0,1e-05
1502,17.9248658638111,0,1e-05
1503,18.1038229844141,0,1e-05
1504,17.9200654456916,0,1e-05
1505,18.0990737756198,0,1e-05
1506,17.9152676083895,0,1e-05
1507,18.094327358659,0,1e-05
1508,17.9104723523312,0,1e-05
1509,18.0895837336106,0,1e-05
1510,17.9056796778129,0,1e-05
1511,18.0848429001876,0,1e-05
1512,17.900889584811,0,1e-05
1513,18.0801048579987,0,1e-05
1514,17.8961020738098,0,1e-05
1515,18.0753696069051,0,1e-05
1516,17.891317144838,0,1e-05
1517,18.0706371467028,0,1e-05
1518,17.8865347983399,0,1e-05
1519,18.0659074773521,0,1e-05
1520,17.8817550347215,0,1e-05
1521,18.0611805986243,0,1e-05
1522,17.8769778543056,0,1e-05
1523,18.0564565104318,0,1e-05
1524,17.8722032572496,0,1e-05
1525,18.0517352127617,0,1e-05
1526,17.8674312440973,0,1e-05
1527,18.0470167054428,0,1e-05
1528,17.8626618150844,0,1e-05
1529,18.0423009878967,0,1e-05
1530,17.8578949699587,0,1e-05
1531,18.0375880600021,0,1e-05
1532,17.8531307094207,0,1e-05
1533,18.0328779217305,0,1e-05
1534,17.8483690339044,0,1e-05
1535,18.0281705730177,0,1e-05
1536,17.8436099435693,0,1e-05
1537,18.0234660135592,0,1e-05
1538,17.838853439156,0,1e-05
1539,18.0187642436639,0,1e-05
1540,17.8340995206203,0,1e-05
1541,18.0140652628078,0,1e-05
1542,17.8293481883868,0,1e-05
1543,18.0093690708031,0,1e-05
1544,17.8245994427808,0,1e-05
1545,18.0046756674708,0,1e-05
1546,17.8198532839451,0,1e-05
1547,17.9999850527074,0,1e-05
1548,17.8151097124832,0,1e-05
1549,17.9952972263327,0,1e-05
1550,17.810368728789,0,1e-05
1551,17.9906121884399,0,1e-05
1552,17.80563033295,0,1e-05
1553,17.9859299386196,0,1e-05
1554,17.8008945254817,0,1e-05
1555,17.9812504765924,0,1e-05
1556,17.7961613066088,0,1e-05
1557,17.9765738025724,0,1e-05
1558,17.7914306768188,0,1e-05
1559,17.9718999161811,0,1e-05
1560,17.7867026362833,0,1e-05
1561,17.9672288171731,0,1e-05
1562,17.7819771851903,0,1e-05
1563,17.9625605053764,0,1e-05
1564,17.7772543243424,0,1e-05
1565,17.9578949811015,0,1e-05
1566,17.7725340539422,0,1e-05
1567,17.9532322438118,0,1e-05
1568,17.7678163743272,0,1e-05
1569,17.9485722932586,0,1e-05
1570,17.7631012856836,0,1e-05
1571,17.9439151294985,0,1e-05
1572,17.7583887883352,0,1e-05
1573,17.9392607520993,0,1e-05
1574,17.7536788824479,0,1e-05
1575,17.9346091608366,0,1e-05
1576,17.7489715688542,0,1e-05
1577,17.9299603558076,0,1e-05
1578,17.7442668475613,0,1e-05
1579,17.9253143367783,0,1e-05
1580,17.739564718962,0,1e-05
1581,17.9206711035965,0,1e-05
1582,17.7348651833142,0,1e-05
1583,17.9160306558095,0,1e-05
1584,17.7301682407655,0,1e-05
1585,17.9113929933033,0,1e-05
1586,17.7254738918786,0,1e-05
1587,17.9067581159721,0,1e-05
1588,17.720782136998,0,1e-05
1589,17.9021260236997,0,1e-05
1590,17.7160929763871,0,1e-05
1591,17.8974967161024,0,1e-05
1592,17.7114064102897,0,1e-05
1593,17.8928701929875,0,1e-05
1594,17.706722439073,0,1e-05
1595,17.8882464542372,0,1e-05
1596,17.7020410631718,0,1e-05
1597,17.883625499765,0,1e-05
1598,17.6973622829688,0,1e-05
1599,17.8790073293124,0,1e-05
1600,17.6926860984833,0,1e-05
1601,17.8743919423702,0,1e-05
1602,17.6880125096592,0,1e-05
1603,17.869779338628,0,1e-05
1604,17.6833415173693,0,1e-05
1605,17.8651695181436,0,1e-05
1606,17.678673121642,0,1e-05
1607,17.8605624806921,0,1e-05
1608,17.6740073230238,0,1e-05
1609,17.855958225918,0,1e-05
1610,17.6693441215973,0,1e-05
1611,17.8513567536752,0,1e-05
1612,17.6646835177119,0,1e-05
1613,17.846758063567,0,1e-05
1614,17.6600255114732,0,1e-05
1615,17.842162155444,0,1e-05
1616,17.6553701032356,0,1e-05
1617,17.837569029077,0,1e-05
1618,17.6507172933848,0,1e-05
1619,17.8329786842202,0,1e-05
1620,17.6460670820272,0,1e-05
1621,17.8283911204348,0,1e-05
1622,17.6414194695224,0,1e-05
1623,17.823806337597,0,1e-05
1624,17.6367744559187,0,1e-05
1625,17.8192243352039,0,1e-05
1626,17.6321320414415,0,1e-05
1627,17.814645112912,0,1e-05
1628,17.6274922263496,0,1e-05
1629,17.8100686706679,0,1e-05
1630,17.6228550109754,0,1e-05
1631,17.8054950080691,0,1e-05
1632,17.6182203957489,0,1e-05
1633,17.8009241249236,0,1e-05
1634,17.6135883805459,0,1e-05
1635,17.7963560208493,0,1e-05
1636,17.6089589656781,0,1e-05
1637,17.7917906954318,0,1e-05
1638,17.6043321512727,0,1e-05
1639,17.7872281482941,0,1e-05
1640,17.5997079376237,0,1e-05
1641,17.7826683791072,0,1e-05
1642,17.5950863248323,0,1e-05
1643,17.7781113877713,0,1e-05
1644,17.5904673132575,0,1e-05
1645,17.773557173866,0,1e-05
1646,17.5858509028296,0,1e-05
1647,17.7690057369357,0,1e-05
1648,17.5812370937657,0,1e-05
1649,17.7644570763056,0,1e-05
1650,17.5766258861766,0,1e-05
1651,17.7599111919369,0,1e-05
1652,17.5720172803961,0,1e-05
1653,17.7553680835545,0,1e-05
1654,17.5674112765173,0,1e-05
1655,17.7508277507155,0,1e-05
1656,17.5628078748975,0,1e-05
1657,17.7462901930128,0,1e-05
1658,17.5582070751483,0,1e-05
1659,17.7417554099473,0,1e-05
1660,17.5536088779325,0,1e-05
1661,17.7372234012883,0,1e-05
1662,17.5490132830442,0,1e-05
1663,17.7326941663857,0,1e-05
1664,17.5444202905367,0,1e-05
1665,17.7281677049021,0,1e-05
1666,17.5398299007235,0,1e-05
1667,17.7236440164806,0,1e-05
1668,17.5352421136466,0,1e-05
1669,17.71912310059,0,1e-05
1670,17.5306569293283,0,1e-05
1671,17.7146049568445,0,1e-05
1672,17.5260743477864,0,1e-05
1673,17.71008958479,0,1e-05
1674,17.5214943694516,0,1e-05
1675,17.7055769841922,0,1e-05
1676,17.5169169941271,0,1e-05
1677,17.7010671542435,0,1e-05
1678,17.5123422218795,0,1e-05
1679,17.696560094655,0,1e-05
1680,17.5077700528065,0,1e-05
1681,17.6920558049377,0,1e-05
1682,17.5032004867655,0,1e-05
1683,17.6875542845307,0,1e-05
1684,17.498633524024,0,1e-05
1685,17.6830555329564,0,1e-05
1686,17.4940691643641,0,1e-05
1687,17.6785595496711,0,1e-05
1688,17.489507407963,0,1e-05
1689,17.6740663342007,0,1e-05
1690,17.4849482547626,0,1e-05
1691,17.669575885974,0,1e-05
1692,17.4803917050147,0,1e-05
1693,17.6650882048596,0,1e-05
1694,17.475837758667,0,1e-05
1695,17.6606032900329,0,1e-05
1696,17.4712864157247,0,1e-05
1697,17.6561211411013,0,1e-05
1698,17.4667376760703,0,1e-05
1699,17.6516417573256,0,1e-05
1700,17.4621915395515,0,1e-05
1701,17.6471651380919,0,1e-05
1702,17.4576480060437,0,1e-05
1703,17.6426912828817,0,1e-05
1704,17.4531070757733,0,1e-05
1705,17.6382201912723,0,1e-05
1706,17.4485687484584,0,1e-05
1707,17.6337518624424,0,1e-05
1708,17.4440330241245,0,1e-05
1709,17.6292862959977,0,1e-05
1710,17.4394999027648,0,1e-05
1711,17.6248234912186,0,1e-05
1712,17.434969384284,0,1e-05
1713,17.6203634477238,0,1e-05
1714,17.4304414686115,0,1e-05
1715,17.6159061647376,0,1e-05
1716,17.4259161557252,0,1e-05
1717,17.6114516417114,0,1e-05
1718,17.4213934453116,0,1e-05
1719,17.6069998778667,0,1e-05
1720,17.4168733372195,0,1e-05
1721,17.6025508726284,0,1e-05
1722,17.4123558314375,0,1e-05
1723,17.5981046254857,0,1e-05
1724,17.4078409280198,0,1e-05
1725,17.5936611357835,0,1e-05
1726,17.4033286266934,0,1e-05
1727,17.5892204027774,0,1e-05
1728,17.3988189272813,0,1e-05
1729,17.5847824258257,0,1e-05
1730,17.3943118295519,0,1e-05
1731,17.5803472041137,0,1e-05
1732,17.3898073333283,0,1e-05
1733,17.5759147370564,0,1e-05
1734,17.3853054385492,0,1e-05
1735,17.5714850241285,0,1e-05
1736,17.3808061450086,0,1e-05
1737,17.5670580643715,0,1e-05
1738,17.3763094525108,0,1e-05
1739,17.5626338572966,0,1e-05
1740,17.3718153607628,0,1e-05
1741,17.5582124020344,0,1e-05
1742,17.3673238697,0,1e-05
1743,17.5537936980108,0,1e-05
1744,17.3628349791548,0,1e-05
1745,17.5493777444907,0,1e-05
1746,17.3583486886046,0,1e-05
1747,17.5449645404423,0,1e-05
1748,17.3538649979826,0,1e-05
1749,17.5405540852704,0,1e-05
1750,17.3493839071426,0,1e-05
1751,17.5361463784721,0,1e-05
1752,17.344905415774,0,1e-05
1753,17.5317414190387,0,1e-05
1754,17.3404295234726,0,1e-05
1755,17.5273392061609,0,1e-05
1756,17.3359562300665,0,1e-05
1757,17.5229397391246,0,1e-05
1758,17.3314855352037,0,1e-05
1759,17.5185430171002,0,1e-05
1760,17.3270174388324,0,1e-05
1761,17.5141490394495,0,1e-05
1762,17.3225519403093,0,1e-05
1763,17.5097578051497,0,1e-05
1764,17.3180890393336,0,1e-05
1765,17.5053693134283,0,1e-05
1766,17.3136287357776,0,1e-05
1767,17.5009835635473,0,1e-05
1768,17.3091710293599,0,1e-05
1769,17.4966005546558,0,1e-05
1770,17.3047159196337,0,1e-05
1771,17.492220285919,0,1e-05
1772,17.3002634062509,0,1e-05
1773,17.4878427564839,0,1e-05
1774,17.295813488696,0,1e-05
1775,17.4834679653727,0,1e-05
1776,17.2913661668112,0,1e-05
1777,17.4790959118647,0,1e-05
1778,17.2869214402132,0,1e-05
1779,17.4747265951115,0,1e-05
1780,17.2824793084834,0,1e-05
1781,17.4703600141355,0,1e-05
1782,17.2780397712053,0,1e-05
1783,17.4659961681129,0,1e-05
1784,17.2736028281513,0,1e-05
1785,17.4616350561287,0,1e-05
1786,17.2691684786265,0,1e-05
1787,17.4572766773005,0,1e-05
1788,17.2647367224091,0,1e-05
1789,17.4529210307662,0,1e-05
1790,17.2603075591523,0,1e-05
1791,17.4485681155901,0,1e-05
1792,17.255880988289,0,1e-05
1793,17.4442179307778,0,1e-05
1794,17.251457009302,0,1e-05
1795,17.4398704754326,0,1e-05
1796,17.2470356218695,0,1e-05
1797,17.4355257486156,0,1e-05
1798,17.2426168253693,0,1e-05
1799,17.4311837492022,0,1e-05
1800,17.2382006192807,0,1e-05
1801,17.4268444763387,0,1e-05
1802,17.2337870033935,0,1e-05
1803,17.4225079292472,0,1e-05
1804,17.2293759771248,0,1e-05
1805,17.4181741067364,0,1e-05
1806,17.224967539881,0,1e-05
1807,17.4138430078155,0,1e-05
1808,17.2205616911124,0,1e-05
1809,17.4095146315482,0,1e-05
1810,17.2161584304014,0,1e-05
1811,17.4051889769825,0,1e-05
1812,17.2117577573049,0,1e-05
1813,17.4008660431644,0,1e-05
1814,17.2073596712304,0,1e-05
1815,17.3965458289831,0,1e-05
1816,17.2029641715954,0,1e-05
1817,17.3922283334538,0,1e-05
1818,17.1985712578354,0,1e-05
1819,17.3879135554188,0,1e-05
1820,17.1941809293973,0,1e-05
1821,17.3836014939918,0,1e-05
1822,17.1897931855734,0,1e-05
1823,17.3792921479919,0,1e-05
1824,17.1854080259157,0,1e-05
1825,17.3749855165501,0,1e-05
1826,17.1810254501035,0,1e-05
1827,17.3706815985585,0,1e-05
1828,17.1766454571826,0,1e-05
1829,17.3663803928684,0,1e-05
1830,17.17226804663,0,1e-05
1831,17.3620818983664,0,1e-05
1832,17.1678932177943,0,1e-05
1833,17.3577861139684,0,1e-05
1834,17.1635209700735,0,1e-05
1835,17.353493038615,0,1e-05
1836,17.1591513028724,0,1e-05
1837,17.3492026712957,0,1e-05
1838,17.154784215553,0,1e-05
1839,17.3449150107686,0,1e-05
1840,17.1504197073693,0,1e-05
1841,17.3406300559854,0,1e-05
1842,17.1460577778826,0,1e-05
1843,17.3363478058834,0,1e-05
1844,17.1416984261874,0,1e-05
1845,17.3320682590414,0,1e-05
1846,17.1373416515067,0,1e-05
1847,17.3277914145412,0,1e-05
1848,17.1329874533486,0,1e-05
1849,17.3235172712604,0,1e-05
1850,17.128635831125,0,1e-05
1851,17.3192458280866,0,1e-05
1852,17.1242867840949,0,1e-05
1853,17.3149770838118,0,1e-05
1854,17.1199403114442,0,1e-05
1855,17.31071103734,0,1e-05
1856,17.1155964125066,0,1e-05
1857,17.3064476873303,0,1e-05
1858,17.1112550866896,0,1e-05
1859,17.3021870327655,0,1e-05
1860,17.1069163330868,0,1e-05
1861,17.2979290723026,0,1e-05
1862,17.1025801508439,0,1e-05
1863,17.2936738047484,0,1e-05
1864,17.0982465393333,0,1e-05
1865,17.2894212289528,0,1e-05
1866,17.0939154978064,0,1e-05
1867,17.2851713437055,0,1e-05
1868,17.0895870254952,0,1e-05
1869,17.2809241478031,0,1e-05
1870,17.0852611216544,0,1e-05
1871,17.276679639925,0,1e-05
1872,17.0809377853661,0,1e-05
1873,17.272437818994,0,1e-05
1874,17.0766170159904,0,1e-05
1875,17.2681986836445,0,1e-05
1876,17.0722988125607,0,1e-05
1877,17.2639622325841,0,1e-05
1878,17.0679831743926,0,1e-05
1879,17.2597284646742,0,1e-05
1880,17.0636701005798,0,1e-05
1881,17.255497378554,0,1e-05
1882,17.0593595903801,0,1e-05
1883,17.2512689730922,0,1e-05
1884,17.0550516429537,0,1e-05
1885,17.2470432469725,0,1e-05
1886,17.0507462574488,0,1e-05
1887,17.2428201988677,0,1e-05
1888,17.0464434330693,0,1e-05
1889,17.2385998274971,0,1e-05
1890,17.0421431688522,0,1e-05
1891,17.2343821315188,0,1e-05
1892,17.0378454638671,0,1e-05
1893,17.2301671096022,0,1e-05
1894,17.033550317356,0,1e-05
1895,17.2259547605811,0,1e-05
1896,17.0292577282734,0,1e-05
1897,17.2217450828791,0,1e-05
1898,17.0249676960191,0,1e-05
1899,17.2175380755176,0,1e-05
1900,17.0206802194704,0,1e-05
1901,17.2133337368869,0,1e-05
1902,17.01639529763,0,1e-05
1903,17.2091320657081,0,1e-05
1904,17.0121129297417,0,1e-05
1905,17.2049330605991,0,1e-05
1906,17.0078331148482,0,1e-05
1907,17.2007367203413,0,1e-05
1908,17.003555852061,0,1e-05
1909,17.1965430434828,0,1e-05
1910,16.9992811402471,0,1e-05
1911,17.1923520285801,0,1e-05
1912,16.9950089786976,0,1e-05
1913,17.1881636744906,0,1e-05
1914,16.9907393664293,0,1e-05
1915,17.1839779796218,0,1e-05
1916,16.9864723024386,0,1e-05
1917,17.1797949427478,0,1e-05
1918,16.9822077857106,0,1e-05
1919,17.1756145623078,0,1e-05
1920,16.9779458152806,0,1e-05
1921,17.171436837043,0,1e-05
1922,16.9736863901043,0,1e-05
1923,17.1672617653418,0,1e-05
1924,16.9694295092371,0,1e-05
1925,17.1630893460307,0,1e-05
1926,16.9651751717519,0,1e-05
1927,17.1589195775884,0,1e-05
1928,16.9609233764729,0,1e-05
1929,17.154752458538,0,1e-05
1930,16.9566741225236,0,1e-05
1931,17.1505879875289,0,1e-05
1932,16.952427408892,0,1e-05
1933,17.1464261632225,0,1e-05
1934,16.9481832345212,0,1e-05
1935,17.14226698397,0,1e-05
1936,16.9439415983137,0,1e-05
1937,17.138110448436,0,1e-05
1938,16.9397024991644,0,1e-05
1939,17.1339565550849,0,1e-05
1940,16.9354659363011,0,1e-05
1941,17.1298053026543,0,1e-05
1942,16.9312319084428,0,1e-05
1943,17.1256566893966,0,1e-05
1944,16.9270004144833,0,1e-05
1945,17.1215107139221,0,1e-05
1946,16.9227714532695,0,1e-05
1947,17.1173673747083,0,1e-05
1948,16.9185450238602,0,1e-05
1949,17.1132266702562,0,1e-05
1950,16.9143211251581,0,1e-05
1951,17.109088599339,0,1e-05
1952,16.9100997562224,0,1e-05
1953,17.1049531604072,0,1e-05
1954,16.9058809158313,0,1e-05
1955,17.1008203517341,0,1e-05
1956,16.9016646027122,0,1e-05
1957,17.0966901718372,0,1e-05
1958,16.8974508159165,0,1e-05
1959,17.0925626193517,0,1e-05
1960,16.8932395542824,0,1e-05
1961,17.0884376926591,0,1e-05
1962,16.889030816646,0,1e-05
1963,17.0843153901835,0,1e-05
1964,16.8848246019084,0,1e-05
1965,17.0801957104975,0,1e-05
1966,16.8806209089015,0,1e-05
1967,17.0760786519967,0,1e-05
1968,16.8764197365766,0,1e-05
1969,17.0719642131671,0,1e-05
1970,16.8722210836444,0,1e-05
1971,17.0678523923874,0,1e-05
1972,16.868024948868,0,1e-05
1973,17.0637431880747,0,1e-05
1974,16.8638313310811,0,1e-05
1975,17.0596365986721,0,1e-05
1976,16.8596402291239,0,1e-05
1977,17.0555326227084,0,1e-05
1978,16.8554516420297,0,1e-05
1979,17.0514312587588,0,1e-05
1980,16.8512655685348,0,1e-05
1981,17.0473325049859,0,1e-05
1982,16.8470820073345,0,1e-05
1983,17.0432363599369,0,1e-05
1984,16.8429009571118,0,1e-05
1985,17.0391428217757,0,1e-05
1986,16.8387224168154,0,1e-05
1987,17.0350518891929,0,1e-05
1988,16.8345463851574,0,1e-05
1989,17.0309635604248,0,1e-05
1990,16.8303728609237,0,1e-05
1991,17.0268778338619,0,1e-05
1992,16.8262018428128,0,1e-05
1993,17.0227947079301,0,1e-05
1994,16.8220333297384,0,1e-05
1995,17.0187141811038,0,1e-05
1996,16.8178673203986,0,1e-05
1997,17.0146362516627,0,1e-05
1998,16.8137038134141,0,1e-05
1999,17.01056091794,0,1e-05
2000,16.8095428076693,0,1e-05
2001,17.0064881783867,0,1e-05
2002,16.8053843018063,0,1e-05
2003,17.0024180313725,0,1e-05
2004,16.8012282946565,0,1e-05
2005,16.9983504752197,0,1e-05
2006,16.79707478499,0,1e-05
2007,16.9942855083658,0,1e-05
2008,16.7929237714178,0,1e-05
2009,16.9902231290048,0,1e-05
2010,16.7887752526622,0,1e-05
2011,16.986163335538,0,1e-05
2012,16.7846292273936,0,1e-05
2013,16.9821061263257,0,1e-05
2014,16.7804856942828,0,1e-05
2015,16.9780514995641,0,1e-05
2016,16.7763446520563,0,1e-05
2017,16.9739994537604,0,1e-05
2018,16.7722060993723,0,1e-05
2019,16.9699499870988,0,1e-05
2020,16.7680700349607,0,1e-05
2021,16.965903097967,0,1e-05
2022,16.7639364574189,0,1e-05
2023,16.9618587846493,0,1e-05
2024,16.7598053655128,0,1e-05
2025,16.9578170454648,0,1e-05
2026,16.7556767578556,0,1e-05
2027,16.9537778787474,0,1e-05
2028,16.7515506332122,0,1e-05
2029,16.9497412828126,0,1e-05
2030,16.7474269901095,0,1e-05
2031,16.9457072558775,0,1e-05
2032,16.7433058271456,0,1e-05
2033,16.9416757962485,0,1e-05
2034,16.739187143059,0,1e-05
2035,16.937646902263,0,1e-05
2036,16.735070936403,0,1e-05
2037,16.9336205720222,0,1e-05
2038,16.7309572060195,0,1e-05
2039,16.9295968040774,0,1e-05
2040,16.7268459502631,0,1e-05
2041,16.9255755964291,0,1e-05
2042,16.722737167761,0,1e-05
2043,16.9215569474493,0,1e-05
2044,16.7186308572639,0,1e-05
2045,16.9175408554897,0,1e-05
2046,16.7145270173162,0,1e-05
2047,16.913527318705,0,1e-05
2048,16.7104256465045,0,1e-05
2049,16.9095163352846,0,1e-05
2050,16.7063267434338,0,1e-05
2051,16.905507903634,0,1e-05
2052,16.7022303066656,0,1e-05
2053,16.9015020218698,0,1e-05
2054,16.6981363348691,0,1e-05
2055,16.8974986883009,0,1e-05
2056,16.6940448265024,0,1e-05
2057,16.8934979010835,0,1e-05
2058,16.6899557800772,0,1e-05
2059,16.8894996584189,0,1e-05
2060,16.6858691941824,0,1e-05
2061,16.8855039585115,0,1e-05
2062,16.6817850675695,0,1e-05
2063,16.881510799785,0,1e-05
2064,16.6777033986426,0,1e-05
2065,16.8775201803406,0,1e-05
2066,16.6736241860659,0,1e-05
2067,16.8735320984569,0,1e-05
2068,16.6695474284191,0,1e-05
2069,16.8695465523404,0,1e-05
2070,16.6654731240172,0,1e-05
2071,16.8655635400122,0,1e-05
2072,16.6614012714991,0,1e-05
2073,16.8615830598802,0,1e-05
2074,16.6573318695267,0,1e-05
2075,16.8576051100499,0,1e-05
2076,16.6532649163707,0,1e-05
2077,16.853629688602,0,1e-05
2078,16.6492004106939,0,1e-05
2079,16.8496567938769,0,1e-05
2080,16.6451383509555,0,1e-05
2081,16.8456864239622,0,1e-05
2082,16.6410787357614,0,1e-05
2083,16.8417185771227,0,1e-05
2084,16.6370215635838,0,1e-05
2085,16.8377532516103,0,1e-05
2086,16.6329668329424,0,1e-05
2087,16.8337904454203,0,1e-05
2088,16.6289145422612,0,1e-05
2089,16.8298301568431,0,1e-05
2090,16.6248646901256,0,1e-05
2091,16.8258723840037,0,1e-05
2092,16.6208172749256,0,1e-05
2093,16.8219171249495,0,1e-05
2094,16.6167722951856,0,1e-05
2095,16.8179643780608,0,1e-05
2096,16.6127297493506,0,1e-05
2097,16.8140141412996,0,1e-05
2098,16.6086896358159,0,1e-05
2099,16.810066412825,0,1e-05
2100,16.6046519531637,0,1e-05
2101,16.8061211909032,0,1e-05
2102,16.6006166998972,0,1e-05
2103,16.8021784736593,0,1e-05
2104,16.5965838743064,0,1e-05
2105,16.7982382590832,0,1e-05
2106,16.5925534748545,0,1e-05
2107,16.7943005453827,0,1e-05
2108,16.5885255001827,0,1e-05
2109,16.7903653308077,0,1e-05
2110,16.5844999487077,0,1e-05
2111,16.7864326134055,0,1e-05
2112,16.5804768186911,0,1e-05
2113,16.7825023912637,0,1e-05
2114,16.5764561086089,0,1e-05
2115,16.7785746625297,0,1e-05
2116,16.5724378169863,0,1e-05
2117,16.7746494253032,0,1e-05
2118,16.5684219421647,0,1e-05
2119,16.770726677747,0,1e-05
2120,16.5644084827369,0,1e-05
2121,16.766806418019,0,1e-05
2122,16.5603974369728,0,1e-05
2123,16.7628886441519,0,1e-05
2124,16.5563888032341,0,1e-05
2125,16.7589733542045,0,1e-05
2126,16.5523825800264,0,1e-05
2127,16.7550605462871,0,1e-05
2128,16.5483787657067,0,1e-05
2129,16.7511502186076,0,1e-05
2130,16.5443773587901,0,1e-05
2131,16.7472423692477,0,1e-05
2132,16.5403783574811,0,1e-05
2133,16.7433369961183,0,1e-05
2134,16.536381760189,0,1e-05
2135,16.739434097417,0,1e-05
2136,16.5323875655093,0,1e-05
2137,16.7355336714005,0,1e-05
2138,16.5283957716527,0,1e-05
2139,16.7316357158669,0,1e-05
2140,16.5244063769207,0,1e-05
2141,16.7277402289855,0,1e-05
2142,16.5204193798009,0,1e-05
2143,16.7238472088925,0,1e-05
2144,16.5164347787617,0,1e-05
2145,16.7199566536777,0,1e-05
2146,16.5124525721321,0,1e-05
2147,16.7160685614724,0,1e-05
2148,16.5084727581461,0,1e-05
2149,16.7121829301717,0,1e-05
2150,16.5044953352604,0,1e-05
2151,16.7082997579491,0,1e-05
2152,16.500520301843,0,1e-05
2153,16.7044190428707,0,1e-05
2154,16.4965476561563,0,1e-05
2155,16.7005407828657,0,1e-05
2156,16.4925773965119,0,1e-05
2157,16.6966649760179,0,1e-05
2158,16.4886095213435,0,1e-05
2159,16.6927916204508,0,1e-05
2160,16.4846440290519,0,1e-05
2161,16.6889207142682,0,1e-05
2162,16.4806809178648,0,1e-05
2163,16.6850522554255,0,1e-05
2164,16.4767201861897,0,1e-05
2165,16.6811862420366,0,1e-05
2166,16.472761832317,0,1e-05
2167,16.6773226720557,0,1e-05
2168,16.4688058545306,0,1e-05
2169,16.6734615435736,0,1e-05
2170,16.464852251192,0,1e-05
2171,16.6696028545719,0,1e-05
2172,16.4609010205917,0,1e-05
2173,16.6657466031253,0,1e-05
2174,16.4569521610992,0,1e-05
2175,16.6618927873874,0,1e-05
2176,16.4530056710255,0,1e-05
2177,16.6580414051725,0,1e-05
2178,16.449061548667,0,1e-05
2179,16.6541924546782,0,1e-05
2180,16.4451197923789,0,1e-05
2181,16.6503459338987,0,1e-05
2182,16.4411804004158,0,1e-05
2183,16.6465018407966,0,1e-05
2184,16.4372433709792,0,1e-05
2185,16.6426601733558,0,1e-05
2186,16.4333087025839,0,1e-05
2187,16.6388209297377,0,1e-05
2188,16.4293763933385,0,1e-05
2189,16.6349841078371,0,1e-05
2190,16.4254464415423,0,1e-05
2191,16.6311497056316,0,1e-05
2192,16.4215188455454,0,1e-05
2193,16.6273177212872,0,1e-05
2194,16.4175936035817,0,1e-05
2195,16.6234881526956,0,1e-05
2196,16.4136707138389,0,1e-05
2197,16.6196609978348,0,1e-05
2198,16.4097501747484,0,1e-05
2199,16.6158362547667,0,1e-05
2200,16.405831984526,0,1e-05
2201,16.6120139214482,0,1e-05
2202,16.4019161414488,0,1e-05
2203,16.6081939959268,0,1e-05
2204,16.3980026437712,0,1e-05
2205,16.6043764762435,0,1e-05
2206,16.3940914898522,0,1e-05
2207,16.6005613603634,0,1e-05
2208,16.3901826778738,0,1e-05
2209,16.5967486462831,0,1e-05
2210,16.3862762061025,0,1e-05
2211,16.5929383319256,0,1e-05
2212,16.3823720727669,0,1e-05
2213,16.5891304153315,0,1e-05
2214,16.3784702760404,0,1e-05
2215,16.5853248943634,0,1e-05
2216,16.3745708142913,0,1e-05
2217,16.5815217671792,0,1e-05
2218,16.3706736856761,0,1e-05
2219,16.5777210316372,0,1e-05
2220,16.3667788885202,0,1e-05
2221,16.5739226858022,0,1e-05
2222,16.3628864209919,0,1e-05
2223,16.570126727606,0,1e-05
2224,16.3589962813257,0,1e-05
2225,16.5663331549426,0,1e-05
2226,16.3551084677627,0,1e-05
2227,16.5625419658759,0,1e-05
2228,16.3512229784681,0,1e-05
2229,16.5587531583348,0,1e-05
2230,16.3473398117583,0,1e-05
2231,16.5549667303274,0,1e-05
2232,16.3434589659074,0,1e-05
2233,16.5511826798682,0,1e-05
2234,16.3395804390855,0,1e-05
2235,16.5474010048839,0,1e-05
2236,16.3357042295298,0,1e-05
2237,16.5436217033063,0,1e-05
2238,16.3318303353835,0,1e-05
2239,16.5398447731049,0,1e-05
2240,16.3279587549749,0,1e-05
2241,16.5360702123035,0,1e-05
2242,16.3240894865224,0,1e-05
2243,16.5322980189093,0,1e-05
2244,16.3202225282443,0,1e-05
2245,16.5285281908202,0,1e-05
2246,16.3163578782395,0,1e-05
2247,16.5247607259412,0,1e-05
2248,16.3124955347583,0,1e-05
2249,16.5209956222257,0,1e-05
2250,16.3086354959247,0,1e-05
2251,16.5172328776088,0,1e-05
2252,16.3047777600279,0,1e-05
2253,16.5134724900661,0,1e-05
2254,16.3009223251692,0,1e-05
2255,16.5097144575552,0,1e-05
2256,16.2970691896591,0,1e-05
2257,16.5059587780457,0,1e-05
2258,16.2932183516592,0,1e-05
2259,16.5022054494184,0,1e-05
2260,16.2893698092968,0,1e-05
2261,16.4984544696458,0,1e-05
2262,16.2855235608429,0,1e-05
2263,16.4947058366801,0,1e-05
2264,16.2816796043357,0,1e-05
2265,16.490959548425,0,1e-05
2266,16.277837938133,0,1e-05
2267,16.4872156029706,0,1e-05
2268,16.2739985603353,0,1e-05
2269,16.4834739981172,0,1e-05
2270,16.2701614691803,0,1e-05
2271,16.4797347318718,0,1e-05
2272,16.266326662763,0,1e-05
2273,16.475997802031,0,1e-05
2274,16.2624941392247,0,1e-05
2275,16.4722632066343,0,1e-05
2276,16.2586638968556,0,1e-05
2277,16.468530943706,0,1e-05
2278,16.2548359337216,0,1e-05
2279,16.4648010109893,0,1e-05
2280,16.2510102480469,0,1e-05
2281,16.4610734065373,0,1e-05
2282,16.2471868379363,0,1e-05
2283,16.4573481281599,0,1e-05
2284,16.2433657015412,0,1e-05
2285,16.453625173797,0,1e-05
2286,16.2395468370656,0,1e-05
2287,16.4499045415188,0,1e-05
2288,16.2357302427252,0,1e-05
2289,16.4461862291636,0,1e-05
2290,16.2319159166833,0,1e-05
2291,16.4424702347041,0,1e-05
2292,16.2281038570744,0,1e-05
2293,16.438756556043,0,1e-05
2294,16.2242940620495,0,1e-05
2295,16.4350451911261,0,1e-05
2296,16.2204865296942,0,1e-05
2297,16.4313361378201,0,1e-05
2298,16.2166812582179,0,1e-05
2299,16.4276293940872,0,1e-05
2300,16.2128782457655,0,1e-05
2301,16.4239249577792,0,1e-05
2302,16.2090774904294,0,1e-05
2303,16.4202228268526,0,1e-05
2304,16.2052789903636,0,1e-05
2305,16.4165229991747,0,1e-05
2306,16.2014827437177,0,1e-05
2307,16.4128254726804,0,1e-05
2308,16.19768874858,0,1e-05
2309,16.4091302452858,0,1e-05
2310,16.1938970031659,0,1e-05
2311,16.4054373148933,0,1e-05
2312,16.1901075055853,0,1e-05
2313,16.4017466794655,0,1e-05
2314,16.1863202539363,0,1e-05
2315,16.3980583368693,0,1e-05
2316,16.1825352463539,0,1e-05
2317,16.3943722850364,0,1e-05
2318,16.1787524810799,0,1e-05
2319,16.3906885219209,0,1e-05
2320,16.1749719562073,0,1e-05
2321,16.3870070454122,0,1e-05
2322,16.1711936698039,0,1e-05
2323,16.383327853325,0,1e-05
2324,16.1674176200362,0,1e-05
2325,16.3796509436995,0,1e-05
2326,16.1636438050454,0,1e-05
2327,16.3759763143371,0,1e-05
2328,16.1598722229042,0,1e-05
2329,16.3723039631744,0,1e-05
2330,16.1561028717303,0,1e-05
2331,16.3686338881073,0,1e-05
2332,16.1523357497267,0,1e-05
2333,16.3649660871231,0,1e-05
2334,16.1485708548262,0,1e-05
2335,16.3613005579172,0,1e-05
2336,16.1448081852639,0,1e-05
2337,16.3576372985161,0,1e-05
2338,16.1410477392016,0,1e-05
2339,16.3539763069296,0,1e-05
2340,16.1372895148275,0,1e-05
2341,16.350317580999,0,1e-05
2342,16.1335335100895,0,1e-05
2343,16.3466611184999,0,1e-05
2344,16.1297797230026,0,1e-05
2345,16.3430069173327,0,1e-05
2346,16.1260281518461,0,1e-05
2347,16.3393549755037,0,1e-05
2348,16.1222787947031,0,1e-05
2349,16.3357052908355,0,1e-05
2350,16.1185316496271,0,1e-05
2351,16.3320578612124,0,1e-05
2352,16.1147867147751,0,1e-05
2353,16.3284126846285,0,1e-05
2354,16.1110439883038,0,1e-05
2355,16.3247697589783,0,1e-05
2356,16.1073034681467,0,1e-05
2357,16.3211290820415,0,1e-05
2358,16.1035651525084,0,1e-05
2359,16.3174906517477,0,1e-05
2360,16.0998290395381,0,1e-05
2361,16.3138544660148,0,1e-05
2362,16.0960951272521,0,1e-05
2363,16.3102205227391,0,1e-05
2364,16.0923634137982,0,1e-05
2365,16.3065888198125,0,1e-05
2366,16.0886338972328,0,1e-05
2367,16.3029593551106,0,1e-05
2368,16.0849065756918,0,1e-05
2369,16.2993321265116,0,1e-05
2370,16.0811814471366,0,1e-05
2371,16.2957071318805,0,1e-05
2372,16.0774585097861,0,1e-05
2373,16.2920843691909,0,1e-05
2374,16.0737377617901,0,1e-05
2375,16.2884638363457,0,1e-05
2376,16.0700192010341,0,1e-05
2377,16.284845531079,0,1e-05
2378,16.0663028257716,0,1e-05
2379,16.2812294514951,0,1e-05
2380,16.0625886341126,0,1e-05
2381,16.2776155953164,0,1e-05
2382,16.0588766240677,0,1e-05
2383,16.2740039605239,0,1e-05
2384,16.055166793742,0,1e-05
2385,16.2703945449281,0,1e-05
2386,16.0514591411181,0,1e-05
2387,16.2667873463657,0,1e-05
2388,16.0477536644843,0,1e-05
2389,16.2631823629754,0,1e-05
2390,16.0440503618203,0,1e-05
2391,16.259579592411,0,1e-05
2392,16.0403492311601,0,1e-05
2393,16.2559790325701,0,1e-05
2394,16.036650270604,0,1e-05
2395,16.2523806814119,0,1e-05
2396,16.0329534783615,0,1e-05
2397,16.2487845369329,0,1e-05
2398,16.0292588522994,0,1e-05
2399,16.2451905967659,0,1e-05
2400,16.0255663907246,0,1e-05
2401,16.2415988590543,0,1e-05
2402,16.0218760915377,0,1e-05
2403,16.2380093214566,0,1e-05
2404,16.0181879528844,0,1e-05
2405,16.2344219820162,0,1e-05
2406,16.014501972861,0,1e-05
2407,16.2308368385429,0,1e-05
2408,16.0108181495334,0,1e-05
2409,16.2272538889685,0,1e-05
2410,16.0071364809649,0,1e-05
2411,16.2236731311474,0,1e-05
2412,16.0034569652237,0,1e-05
2413,16.2200945629436,0,1e-05
2414,15.9997796002613,0,1e-05
2415,16.216518182173,0,1e-05
2416,15.9961043842407,0,1e-05
2417,16.2129439868207,0,1e-05
2418,15.9924313152529,0,1e-05
2419,16.2093719747375,0,1e-05
2420,15.988760391364,0,1e-05
2421,16.2058021438115,0,1e-05
2422,15.9850916106407,0,1e-05
2423,16.2022344919625,0,1e-05
2424,15.9814249711705,0,1e-05
2425,16.1986690170073,0,1e-05
2426,15.9777604710051,0,1e-05
2427,16.1951057169198,0,1e-05
2428,15.9740981081843,0,1e-05
2429,16.191544589479,0,1e-05
2430,15.9704378808024,0,1e-05
2431,16.1879856326213,0,1e-05
2432,15.9667797869656,0,1e-05
2433,16.1844288442768,0,1e-05
2434,15.9631238246675,0,1e-05
2435,16.1808742222095,0,1e-05
2436,15.9594699919853,0,1e-05
2437,16.1773217643544,0,1e-05
2438,15.9558182869244,0,1e-05
2439,16.1737714686086,0,1e-05
2440,15.9521687076459,0,1e-05
2441,16.170223332888,0,1e-05
2442,15.9485212521744,0,1e-05
2443,16.1666773549994,0,1e-05
2444,15.9448759185785,0,1e-05
2445,16.1631335328332,0,1e-05
2446,15.9412327049182,0,1e-05
2447,16.1595918643623,0,1e-05
2448,15.9375916093786,0,1e-05
2449,16.1560523475556,0,1e-05
2450,15.9339526298307,0,1e-05
2451,16.1525149800415,0,1e-05
2452,15.9303157644417,0,1e-05
2453,16.1489797598898,0,1e-05
2454,15.9266810112759,0,1e-05
2455,16.1454466849449,0,1e-05
2456,15.9230483683664,0,1e-05
2457,16.1419157530779,0,1e-05
2458,15.9194178338165,0,1e-05
2459,16.1383869621936,0,1e-05
2460,15.9157894056002,0,1e-05
2461,16.1348603101061,0,1e-05
2462,15.9121630818168,0,1e-05
2463,16.1313357947305,0,1e-05
2464,15.9085388603697,0,1e-05
2465,16.1278134138374,0,1e-05
2466,15.9049167394228,0,1e-05
2467,16.1242931654873,0,1e-05
2468,15.9012967171404,0,1e-05
2469,16.1207750475185,0,1e-05
2470,15.8976787915424,0,1e-05
2471,16.1172590578381,0,1e-05
2472,15.8940629606448,0,1e-05
2473,16.1137451943298,0,1e-05
2474,15.8904492226087,0,1e-05
2475,16.1102334548996,0,1e-05
2476,15.886837575339,0,1e-05
2477,16.106723837388,0,1e-05
2478,15.8832280169717,0,1e-05
2479,16.1032163396752,0,1e-05
2480,15.8796205455006,0,1e-05
2481,16.0997109597098,0,1e-05
2482,15.8760151590321,0,1e-05
2483,16.0962076952576,0,1e-05
2484,15.8724118555276,0,1e-05
2485,16.0927065442468,0,1e-05
2486,15.8688106331659,0,1e-05
2487,16.089207504644,0,1e-05
2488,15.8652114899914,0,1e-05
2489,16.0857105743598,0,1e-05
2490,15.8616144240676,0,1e-05
2491,16.0822157512024,0,1e-05
2492,15.8580194333835,0,1e-05
2493,16.0787230330896,0,1e-05
2494,15.8544265160009,0,1e-05
2495,16.0752324178516,0,1e-05
2496,15.8508356699831,0,1e-05
2497,16.0717439034152,0,1e-05
2498,15.8472468934128,0,1e-05
2499,16.0682574877015,0,1e-05
2500,15.8436601842507,0,1e-05
2501,16.064773168572,0,1e-05
2502,15.8400755406583,0,1e-05
2503,16.0612909438893,0,1e-05
2504,15.8364929606616,0,1e-05
2505,16.0578108116545,0,1e-05
2506,15.8329124422809,0,1e-05
2507,16.0543327696811,0,1e-05
2508,15.8293339836417,0,1e-05
2509,16.0508568158719,0,1e-05
2510,15.825757582723,0,1e-05
2511,16.0473829480728,0,1e-05
2512,15.8221832375672,0,1e-05
2513,16.0439111642094,0,1e-05
2514,15.8186109461936,0,1e-05
2515,16.0404414622077,0,1e-05
2516,15.8150407068673,0,1e-05
2517,16.0369738400163,0,1e-05
2518,15.8114725174713,0,1e-05
2519,16.0335082954557,0,1e-05
2520,15.8079063760811,0,1e-05
2521,16.0300448263831,0,1e-05
2522,15.8043422807176,0,1e-05
2523,16.026583430682,0,1e-05
2524,15.8007802294179,0,1e-05
2525,16.0231241063181,0,1e-05
2526,15.7972202202931,0,1e-05
2527,16.0196668512386,0,1e-05
2528,15.7936622514442,0,1e-05
2529,16.0162116632235,0,1e-05
2530,15.7901063208074,0,1e-05
2531,16.0127585402572,0,1e-05
2532,15.7865524265463,0,1e-05
2533,16.0093074802131,0,1e-05
2534,15.7830005667052,0,1e-05
2535,16.0058584810073,0,1e-05
2536,15.7794507392731,0,1e-05
2537,16.0024115405653,0,1e-05
2538,15.775902942357,0,1e-05
2539,15.9989666567662,0,1e-05
2540,15.7723571740219,0,1e-05
2541,15.9955238274848,0,1e-05
2542,15.768813432229,0,1e-05
2543,15.9920830505963,0,1e-05
2544,15.7652717151015,0,1e-05
2545,15.9886443240884,0,1e-05
2546,15.7617320206846,0,1e-05
2547,15.985207645801,0,1e-05
2548,15.7581943470042,0,1e-05
2549,15.9817730136355,0,1e-05
2550,15.7546586922029,0,1e-05
2551,15.978340425586,0,1e-05
2552,15.7511250542825,0,1e-05
2553,15.9749098794508,0,1e-05
2554,15.7475934312663,0,1e-05
2555,15.9714813732114,0,1e-05
2556,15.744063821182,0,1e-05
2557,15.9680549046756,0,1e-05
2558,15.7405362221459,0,1e-05
2559,15.9646304718474,0,1e-05
2560,15.7370106321563,0,1e-05
2561,15.9612080725538,0,1e-05
2562,15.733487049323,0,1e-05
2563,15.9577877048058,0,1e-05
2564,15.7299654717666,0,1e-05
2565,15.9543693665038,0,1e-05
2566,15.7264458973885,0,1e-05
2567,15.950953055451,0,1e-05
2568,15.7229283243309,0,1e-05
2569,15.9475387696245,0,1e-05
2570,15.7194127505793,0,1e-05
2571,15.9441265069248,0,1e-05
2572,15.7158991742992,0,1e-05
2573,15.9407162653001,0,1e-05
2574,15.7123875935451,0,1e-05
2575,15.9373080427032,0,1e-05
2576,15.7088780063333,0,1e-05
2577,15.933901836961,0,1e-05
2578,15.7053704107025,0,1e-05
2579,15.930497646047,0,1e-05
2580,15.7018648047581,0,1e-05
2581,15.9270954677909,0,1e-05
2582,15.698361186482,0,1e-05
2583,15.9236953002052,0,1e-05
2584,15.694859553967,0,1e-05
2585,15.9202971411763,0,1e-05
2586,15.6913599054015,0,1e-05
2587,15.9169009887019,0,1e-05
2588,15.6878622387167,0,1e-05
2589,15.9135068405738,0,1e-05
2590,15.6843665519957,0,1e-05
2591,15.9101146947896,0,1e-05
2592,15.6808728433451,0,1e-05
2593,15.9067245493288,0,1e-05
2594,15.6773811107704,0,1e-05
2595,15.903336402009,0,1e-05
2596,15.6738913523638,0,1e-05
2597,15.899950250788,0,1e-05
2598,15.6704035661237,0,1e-05
2599,15.8965660935496,0,1e-05
2600,15.666917750097,0,1e-05
2601,15.8931839282363,0,1e-05
2602,15.6634339024594,0,1e-05
2603,15.8898037527992,0,1e-05
2604,15.6599520211785,0,1e-05
2605,15.8864255652113,0,1e-05
2606,15.656472104389,0,1e-05
2607,15.883049363297,0,1e-05
2608,15.6529941501113,0,1e-05
2609,15.8796751450765,0,1e-05
2610,15.6495181564738,0,1e-05
2611,15.8763029084944,0,1e-05
2612,15.6460441214954,0,1e-05
2613,15.8729326514034,0,1e-05
2614,15.6425720432511,0,1e-05
2615,15.8695643717605,0,1e-05
2616,15.6391019198069,0,1e-05
2617,15.8661980675215,0,1e-05
2618,15.635633749281,0,1e-05
2619,15.8628337366712,0,1e-05
2620,15.6321675296264,0,1e-05
2621,15.8594713770288,0,1e-05
2622,15.6287032589405,0,1e-05
2623,15.8561109865368,0,1e-05
2624,15.6252409353241,0,1e-05
2625,15.8527525632278,0,1e-05
2626,15.6217805568133,0,1e-05
2627,15.8493961049782,0,1e-05
2628,15.6183221215836,0,1e-05
2629,15.8460416097828,0,1e-05
2630,15.6148656276089,0,1e-05
2631,15.8426890754988,0,1e-05
2632,15.6114110729287,0,1e-05
2633,15.8393385000864,0,1e-05
2634,15.6079584557278,0,1e-05
2635,15.8359898815638,0,1e-05
2636,15.604507774054,0,1e-05
2637,15.8326432178944,0,1e-05
2638,15.601059025982,0,1e-05
2639,15.8292985069401,0,1e-05
2640,15.5976122095441,0,1e-05
2641,15.8259557466808,0,1e-05
2642,15.5941673228272,0,1e-05
2643,15.8226149350224,0,1e-05
2644,15.5907243639259,0,1e-05
2645,15.8192760699818,0,1e-05
2646,15.5872833308875,0,1e-05
2647,15.8159391494698,0,1e-05
2648,15.5838442217729,0,1e-05
2649,15.8126041714001,0,1e-05
2650,15.5804070346486,0,1e-05
2651,15.809271133737,0,1e-05
2652,15.5769717676234,0,1e-05
2653,15.8059400344707,0,1e-05
2654,15.5735384187572,0,1e-05
2655,15.8026108715581,0,1e-05
2656,15.5701069862275,0,1e-05
2657,15.7992836429329,0,1e-05
2658,15.5666774679769,0,1e-05
2659,15.7959583465672,0,1e-05
2660,15.5632498621806,0,1e-05
2661,15.7926349803819,0,1e-05
2662,15.5598241668891,0,1e-05
2663,15.789313542397,0,1e-05
2664,15.5564003802017,0,1e-05
2665,15.7859940305293,0,1e-05
2666,15.5529785002595,0,1e-05
2667,15.7826764428184,0,1e-05
2668,15.5495585250049,0,1e-05
2669,15.779360777089,0,1e-05
2670,15.5461404526203,0,1e-05
2671,15.7760470314165,0,1e-05
2672,15.5427242811473,0,1e-05
2673,15.7727352037296,0,1e-05
2674,15.5393100086965,0,1e-05
2675,15.7694252919706,0,1e-05
2676,15.5358976333418,0,1e-05
2677,15.7661172941135,0,1e-05
2678,15.5324871531279,0,1e-05
2679,15.7628112081323,0,1e-05
2680,15.52907856623,0,1e-05
2681,15.7595070320426,0,1e-05
2682,15.5256718707693,0,1e-05
2683,15.7562047637851,0,1e-05
2684,15.5222670646995,0,1e-05
2685,15.7529044012737,0,1e-05
2686,15.5188641461953,0,1e-05
2687,15.7496059425833,0,1e-05
2688,15.5154631134093,0,1e-05
2689,15.7463093857139,0,1e-05
2690,15.5120639643467,0,1e-05
2691,15.7430147284989,0,1e-05
2692,15.5086666970862,0,1e-05
2693,15.7397219689882,0,1e-05
2694,15.5052713097985,0,1e-05
2695,15.7364311051713,0,1e-05
2696,15.5018778004867,0,1e-05
2697,15.7331421349773,0,1e-05
2698,15.4984861672987,0,1e-05
2699,15.7298550564472,0,1e-05
2700,15.4950964082949,0,1e-05
2701,15.7265698675549,0,1e-05
2702,15.4917085216547,0,1e-05
2703,15.7232865663072,0,1e-05
2704,15.4883225054551,0,1e-05
2705,15.7200051506823,0,1e-05
2706,15.4849383577561,0,1e-05
2707,15.7167256185649,0,1e-05
2708,15.4815560767389,0,1e-05
2709,15.7134479680903,0,1e-05
2710,15.4781756604173,0,1e-05
2711,15.71017219711,0,1e-05
2712,15.4747971068886,0,1e-05
2713,15.7068983036816,0,1e-05
2714,15.4714204143593,0,1e-05
2715,15.7036262858119,0,1e-05
2716,15.4680455807534,0,1e-05
2717,15.7003561413869,0,1e-05
2718,15.4646726042579,0,1e-05
2719,15.697087868488,0,1e-05
2720,15.4613014830696,0,1e-05
2721,15.6938214651785,0,1e-05
2722,15.4579322151734,0,1e-05
2723,15.690556929301,0,1e-05
2724,15.4545647987538,0,1e-05
2725,15.6872942589842,0,1e-05
2726,15.4511992318976,0,1e-05
2727,15.6840334521476,0,1e-05
2728,15.4478355127162,0,1e-05
2729,15.6807745068645,0,1e-05
2730,15.4444736393325,0,1e-05
2731,15.6775174211027,0,1e-05
2732,15.4411136098571,0,1e-05
2733,15.6742621928358,0,1e-05
2734,15.437755422459,0,1e-05
2735,15.6710088201952,0,1e-05
2736,15.4343990752358,0,1e-05
2737,15.6677573010758,0,1e-05
2738,15.4310445661988,0,1e-05
2739,15.6645076334437,0,1e-05
2740,15.4276918935246,0,1e-05
2741,15.6612598153877,0,1e-05
2742,15.4243410553921,0,1e-05
2743,15.6580138449153,0,1e-05
2744,15.4209920498778,0,1e-05
2745,15.6547697200023,0,1e-05
2746,15.4176448750071,0,1e-05
2747,15.6515274386206,0,1e-05
2748,15.414299529002,0,1e-05
2749,15.6482869988827,0,1e-05
2750,15.4109560099364,0,1e-05
2751,15.6450483987981,0,1e-05
2752,15.4076143160101,0,1e-05
2753,15.6418116362879,0,1e-05
2754,15.4042744451863,0,1e-05
2755,15.6385767094245,0,1e-05
2756,15.4009363958095,0,1e-05
2757,15.6353436163161,0,1e-05
2758,15.3976001658955,0,1e-05
2759,15.6321123549165,0,1e-05
2760,15.3942657536281,0,1e-05
2761,15.6288829232778,0,1e-05
2762,15.3909331570954,0,1e-05
2763,15.6256553193656,0,1e-05
2764,15.3876023744108,0,1e-05
2765,15.6224295412236,0,1e-05
2766,15.3842734036769,0,1e-05
2767,15.6192055869146,0,1e-05
2768,15.3809462431052,0,1e-05
2769,15.6159834544347,0,1e-05
2770,15.3776208907452,0,1e-05
2771,15.6127631418091,0,1e-05
2772,15.3742973448038,0,1e-05
2773,15.6095446471069,0,1e-05
2774,15.3709756033769,0,1e-05
2775,15.6063279683061,0,1e-05
2776,15.3676556645917,0,1e-05
2777,15.6031131034668,0,1e-05
2778,15.3643375265637,0,1e-05
2779,15.5999000506035,0,1e-05
2780,15.3610211875113,0,1e-05
2781,15.5966888078286,0,1e-05
2782,15.357706645557,0,1e-05
2783,15.593479373174,0,1e-05
2784,15.3543938988634,0,1e-05
2785,15.5902717446785,0,1e-05
2786,15.3510829454987,0,1e-05
2787,15.5870659202846,0,1e-05
2788,15.3477737835881,0,1e-05
2789,15.5838618981005,0,1e-05
2790,15.3444664113067,0,1e-05
2791,15.5806596761085,0,1e-05
2792,15.3411608268363,0,1e-05
2793,15.577459252481,0,1e-05
2794,15.3378570282731,0,1e-05
2795,15.5742606251868,0,1e-05
2796,15.3345550138456,0,1e-05
2797,15.5710637923925,0,1e-05
2798,15.3312547816739,0,1e-05
2799,15.5678687520071,0,1e-05
2800,15.3279563297825,0,1e-05
2801,15.5646755020541,0,1e-05
2802,15.3246596564692,0,1e-05
2803,15.5614840407139,0,1e-05
2804,15.3213647598348,0,1e-05
2805,15.5582943659646,0,1e-05
2806,15.3180716379931,0,1e-05
2807,15.5551064758974,0,1e-05
2808,15.3147802891965,0,1e-05
2809,15.5519203685828,0,1e-05
2810,15.3114907115447,0,1e-05
2811,15.5487360421047,0,1e-05
2812,15.3082029032458,0,1e-05
2813,15.5455534944442,0,1e-05
2814,15.3049168624146,0,1e-05
2815,15.542372723753,0,1e-05
2816,15.3016325871678,0,1e-05
2817,15.5391937280201,0,1e-05
2818,15.2983500757603,0,1e-05
2819,15.5360165053623,0,1e-05
2820,15.2950693262411,0,1e-05
2821,15.5328410537607,0,1e-05
2822,15.2917903368062,0,1e-05
2823,15.5296673713644,0,1e-05
2824,15.2885131057344,0,1e-05
2825,15.5264954562933,0,1e-05
2826,15.2852376311314,0,1e-05
2827,15.5233253066236,0,1e-05
2828,15.281963911172,0,1e-05
2829,15.5201569203764,0,1e-05
2830,15.2786919440391,0,1e-05
2831,15.516990295622,0,1e-05
2832,15.2754217277616,0,1e-05
2833,15.5138254303721,0,1e-05
2834,15.2721532606263,0,1e-05
2835,15.5106623228269,0,1e-05
2836,15.2688865408356,0,1e-05
2837,15.507500971042,0,1e-05
2838,15.265621566539,0,1e-05
2839,15.5043413731018,0,1e-05
2840,15.2623583359278,0,1e-05
2841,15.5011835270729,0,1e-05
2842,15.2590968471416,0,1e-05
2843,15.4980274309774,0,1e-05
2844,15.255837098309,0,1e-05
2845,15.4948730829831,0,1e-05
2846,15.2525790876618,0,1e-05
2847,15.4917204811322,0,1e-05
2848,15.249322813379,0,1e-05
2849,15.4885696235673,0,1e-05
2850,15.2460682736738,0,1e-05
2851,15.4854205083146,0,1e-05
2852,15.242815466676,0,1e-05
2853,15.4822731335517,0,1e-05
2854,15.2395643906416,0,1e-05
2855,15.4791274973503,0,1e-05
2856,15.2363150436963,0,1e-05
2857,15.4759835977569,0,1e-05
2858,15.2330674239953,0,1e-05
2859,15.4728414329293,0,1e-05
2860,15.2298215298433,0,1e-05
2861,15.4697010009482,0,1e-05
2862,15.2265773592851,0,1e-05
2863,15.4665622998491,0,1e-05
2864,15.2233349105531,0,1e-05
2865,15.4634253277896,0,1e-05
2866,15.2200941818608,0,1e-05
2867,15.4602900828855,0,1e-05
2868,15.2168551714354,0,1e-05
2869,15.4571565632681,0,1e-05
2870,15.2136178774828,0,1e-05
2871,15.4540247670661,0,1e-05
2872,15.210382298216,0,1e-05
2873,15.4508946923509,0,1e-05
2874,15.2071484317745,0,1e-05
2875,15.4477663372146,0,1e-05
2876,15.2039162762933,0,1e-05
2877,15.4446396997735,0,1e-05
2878,15.2006858300917,0,1e-05
2879,15.441514778208,0,1e-05
2880,15.1974570913824,0,1e-05
2881,15.4383915706058,0,1e-05
2882,15.1942300583807,0,1e-05
2883,15.4352700751093,0,1e-05
2884,15.1910047292102,0,1e-05
2885,15.4321502897656,0,1e-05
2886,15.1877811020783,0,1e-05
2887,15.429032212749,0,1e-05
2888,15.1845591751342,0,1e-05
2889,15.4259158421271,0,1e-05
2890,15.1813389467528,0,1e-05
2891,15.422801176119,0,1e-05
2892,15.178120415058,0,1e-05
2893,15.4196882127829,0,1e-05
2894,15.1749035782608,0,1e-05
2895,15.4165769502404,0,1e-05
2896,15.1716884345397,0,1e-05
2897,15.4134673866082,0,1e-05
2898,15.1684749820658,0,1e-05
2899,15.4103595200513,0,1e-05
2900,15.1652632191422,0,1e-05
2901,15.4072533487296,0,1e-05
2902,15.162053144003,0,1e-05
2903,15.404148870777,0,1e-05
2904,15.1588447548708,0,1e-05
2905,15.4010460843204,0,1e-05
2906,15.1556380499266,0,1e-05
2907,15.3979449874539,0,1e-05
2908,15.1524330274162,0,1e-05
2909,15.394845578369,0,1e-05
2910,15.1492296854989,0,1e-05
2911,15.3917478551611,0,1e-05
2912,15.1460280224764,0,1e-05
2913,15.3886518160542,0,1e-05
2914,15.1428280365435,0,1e-05
2915,15.3855574591221,0,1e-05
2916,15.1396297259388,0,1e-05
2917,15.3824647825516,0,1e-05
2918,15.136433088794,0,1e-05
2919,15.3793737844518,0,1e-05
2920,15.1332381235021,0,1e-05
2921,15.3762844630186,0,1e-05
2922,15.1300448282066,0,1e-05
2923,15.3731968164356,0,1e-05
2924,15.1268532011699,0,1e-05
2925,15.3701108428096,0,1e-05
2926,15.1236632406174,0,1e-05
2927,15.3670265402932,0,1e-05
2928,15.1204749447785,0,1e-05
2929,15.3639439070412,0,1e-05
2930,15.1172883119165,0,1e-05
2931,15.3608629412318,0,1e-05
2932,15.1141033401764,0,1e-05
2933,15.35778364094,0,1e-05
2934,15.1109200279192,0,1e-05
2935,15.3547060044403,0,1e-05
2936,15.107738373302,0,1e-05
2937,15.3516300298488,0,1e-05
2938,15.104558374573,0,1e-05
2939,15.3485557153163,0,1e-05
2940,15.1013800300505,0,1e-05
2941,15.3454830591185,0,1e-05
2942,15.0982033379116,0,1e-05
2943,15.3424120593499,0,1e-05
2944,15.0950282964316,0,1e-05
2945,15.3393427140973,0,1e-05
2946,15.0918549038204,0,1e-05
2947,15.3362750216657,0,1e-05
2948,15.0886831584151,0,1e-05
2949,15.3332089801932,0,1e-05
2950,15.0855130583113,0,1e-05
2951,15.3301445878114,0,1e-05
2952,15.08234460196,0,1e-05
2953,15.3270818427556,0,1e-05
2954,15.0791777875308,0,1e-05
2955,15.3240207432193,0,1e-05
2956,15.0760126133175,0,1e-05
2957,15.3209612873259,0,1e-05
2958,15.0728490774509,0,1e-05
2959,15.3179034732715,0,1e-05
2960,15.0696871783115,0,1e-05
2961,15.314847299324,0,1e-05
2962,15.0665269141456,0,1e-05
2963,15.3117927635772,0,1e-05
2964,15.0633682832021,0,1e-05
2965,15.3087398642579,0,1e-05
2966,15.0602112837624,0,1e-05
2967,15.3056885995714,0,1e-05
2968,15.0570559139703,0,1e-05
2969,15.3026389675894,0,1e-05
2970,15.0539021722528,0,1e-05
2971,15.2995909666548,0,1e-05
2972,15.0507500567885,0,1e-05
2973,15.2965445948781,0,1e-05
2974,15.0475995659321,0,1e-05
2975,15.2934998505119,0,1e-05
2976,15.0444506978079,0,1e-05
2977,15.2904567316795,0,1e-05
2978,15.0413034508118,0,1e-05
2979,15.2874152367122,0,1e-05
2980,15.0381578232107,0,1e-05
2981,15.2843753636903,0,1e-05
2982,15.0350138132326,0,1e-05
2983,15.281337110886,0,1e-05
2984,15.0318714192009,0,1e-05
2985,15.278300476497,0,1e-05
2986,15.0287306393912,0,1e-05
2987,15.2752654587762,0,1e-05
2988,15.0255914720834,0,1e-05
2989,15.2722320558747,0,1e-05
2990,15.0224539155881,0,1e-05
2991,15.2692002660633,0,1e-05
2992,15.0193179680565,0,1e-05
2993,15.2661700873332,0,1e-05
2994,15.0161836278216,0,1e-05
2995,15.2631415180823,0,1e-05
2996,15.0130508931438,0,1e-05
2997,15.2601145564534,0,1e-05
2998,15.0099197624117,0,1e-05
2999,15.2570892008137,0,1e-05
3000,15.0067902338745,0,1e-05
3001,15.254065449265,0,1e-05
3002,15.0036623058749,0,1e-05
3003,15.2510433001347,0,1e-05
3004,15.0005359766793,0,1e-05
3005,15.2480227515776,0,1e-05
3006,14.9974112446333,0,1e-05
3007,15.2450038018824,0,1e-05
3008,14.9942881080051,0,1e-05
3009,15.2419864492209,0,1e-05
3010,14.991166565053,0,1e-05
3011,15.2389706917821,0,1e-05
3012,14.9880466139554,0,1e-05
3013,15.2359565277989,0,1e-05
3014,14.9849282531929,0,1e-05
3015,15.2329439555517,0,1e-05
3016,14.9818114810282,0,1e-05
3017,15.2299329732996,0,1e-05
3018,14.9786962957044,0,1e-05
3019,15.2269235792034,0,1e-05
3020,14.9755826956165,0,1e-05
3021,15.2239157716029,0,1e-05
3022,14.9724706790058,0,1e-05
3023,15.2209095486595,0,1e-05
3024,14.9693602441995,0,1e-05
3025,15.2179049085948,0,1e-05
3026,14.9662513895443,0,1e-05
3027,15.2149018497515,0,1e-05
3028,14.963144113347,0,1e-05
3029,15.2119003703452,0,1e-05
3030,14.9600384138848,0,1e-05
3031,15.2089004686195,0,1e-05
3032,14.9569342894575,0,1e-05
3033,15.20590214278,0,1e-05
3034,14.9538317384454,0,1e-05
3035,15.2029053911124,0,1e-05
3036,14.9507307591048,0,1e-05
3037,15.1999102118278,0,1e-05
3038,14.9476313497494,0,1e-05
3039,15.1969166031866,0,1e-05
3040,14.9445335086931,0,1e-05
3041,15.1939245634413,0,1e-05
3042,14.9414372342233,0,1e-05
3043,15.1909340908486,0,1e-05
3044,14.9383425248161,0,1e-05
3045,15.1879451837955,0,1e-05
3046,14.9352493787589,0,1e-05
3047,15.1849578404562,0,1e-05
3048,14.9321577943385,0,1e-05
3049,15.1819720590843,0,1e-05
3050,14.9290677698883,0,1e-05
3051,15.178987837959,0,1e-05
3052,14.9259793036674,0,1e-05
3053,15.1760051752865,0,1e-05
3054,14.9228923940585,0,1e-05
3055,15.173024069409,0,1e-05
3056,14.919807039493,0,1e-05
3057,15.1700445185915,0,1e-05
3058,14.9167232381633,0,1e-05
3059,15.1670665210463,0,1e-05
3060,14.9136409884812,0,1e-05
3061,15.164090075139,0,1e-05
3062,14.9105602887366,0,1e-05
3063,15.1611151790611,0,1e-05
3064,14.9074811373056,0,1e-05
3065,15.1581418311593,0,1e-05
3066,14.9044035326679,0,1e-05
3067,15.1551700297576,0,1e-05
3068,14.901327472982,0,1e-05
3069,15.1521997730879,0,1e-05
3070,14.8982529566663,0,1e-05
3071,15.149231059401,0,1e-05
3072,14.8951799820058,0,1e-05
3073,15.1462638869644,0,1e-05
3074,14.8921085473438,0,1e-05
3075,15.1432982540711,0,1e-05
3076,14.8890386510702,0,1e-05
3077,15.1403341590363,0,1e-05
3078,14.885970291533,0,1e-05
3079,15.1373716001718,0,1e-05
3080,14.8829034670824,0,1e-05
3081,15.1344105757161,0,1e-05
3082,14.8798381761176,0,1e-05
3083,15.1314510840736,0,1e-05
3084,14.8767744169935,0,1e-05
3085,15.1284931234792,0,1e-05
3086,14.8737121880362,0,1e-05
3087,15.1255366922228,0,1e-05
3088,14.8706514875663,0,1e-05
3089,15.1225817885851,0,1e-05
3090,14.8675923140383,0,1e-05
3091,15.1196284109394,0,1e-05
3092,14.8645346657656,0,1e-05
3093,15.1166765575414,0,1e-05
3094,14.8614785411501,0,1e-05
3095,15.1137262267115,0,1e-05
3096,14.8584239385185,0,1e-05
3097,15.1107774167431,0,1e-05
3098,14.855370856199,0,1e-05
3099,15.1078301259336,0,1e-05
3100,14.8523192926358,0,1e-05
3101,15.1048843525968,0,1e-05
3102,14.8492692461172,0,1e-05
3103,15.1019400950414,0,1e-05
3104,14.8462207150046,0,1e-05
3105,15.0989973515842,0,1e-05
3106,14.8431736978246,0,1e-05
3107,15.0960561205964,0,1e-05
3108,14.8401281928067,0,1e-05
3109,15.0931164002839,0,1e-05
3110,14.8370841983673,0,1e-05
3111,15.0901781890558,0,1e-05
3112,14.8340417129431,0,1e-05
3113,15.0872414852149,0,1e-05
3114,14.8310007347753,0,1e-05
3115,15.0843062870271,0,1e-05
3116,14.8279612623752,0,1e-05
3117,15.08137259294,0,1e-05
3118,14.8249232941414,0,1e-05
3119,15.0784404012024,0,1e-05
3120,14.8218868283487,0,1e-05
3121,15.0755097101296,0,1e-05
3122,14.818851863441,0,1e-05
3123,15.0725805180984,0,1e-05
3124,14.8158183978204,0,1e-05
3125,15.0696528234057,0,1e-05
3126,14.8127864298489,0,1e-05
3127,15.0667266243777,0,1e-05
3128,14.8097559579882,0,1e-05
3129,15.0638019194585,0,1e-05
3130,14.8067269805792,0,1e-05
3131,15.0608787068693,0,1e-05
3132,14.8036994959859,0,1e-05
3133,15.0579569850013,0,1e-05
3134,14.8006735027139,0,1e-05
3135,15.0550367522533,0,1e-05
3136,14.7976489990837,0,1e-05
3137,15.0521180069013,0,1e-05
3138,14.7946259834845,0,1e-05
3139,15.0492007472552,0,1e-05
3140,14.7916044543297,0,1e-05
3141,15.0462849717253,0,1e-05
3142,14.7885844100907,0,1e-05
3143,15.0433706786987,0,1e-05
3144,14.7855658490521,0,1e-05
3145,15.0404578663611,0,1e-05
3146,14.782548769645,0,1e-05
3147,15.0375465331399,0,1e-05
3148,14.7795331702918,0,1e-05
3149,15.0346366774464,0,1e-05
3150,14.7765190494228,0,1e-05
3151,15.0317282975835,0,1e-05
3152,14.7735064054677,0,1e-05
3153,15.0288213919696,0,1e-05
3154,14.7704952368311,0,1e-05
3155,15.0259159589108,0,1e-05
3156,14.7674855419288,0,1e-05
3157,15.0230119968329,0,1e-05
3158,14.7644773192562,0,1e-05
3159,15.0201095040937,0,1e-05
3160,14.7614705670505,0,1e-05
3161,15.0172084789594,0,1e-05
3162,14.7584652838373,0,1e-05
3163,15.0143089198694,0,1e-05
3164,14.7554614680682,0,1e-05
3165,15.0114108252195,0,1e-05
3166,14.7524591181146,0,1e-05
3167,15.0085141933376,0,1e-05
3168,14.7494582324033,0,1e-05
3169,15.0056190225889,0,1e-05
3170,14.7464588093467,0,1e-05
3171,15.0027253113522,0,1e-05
3172,14.7434608473391,0,1e-05
3173,14.9998330579373,0,1e-05
3174,14.7404643448799,0,1e-05
3175,14.9969422608817,0,1e-05
3176,14.7374693004626,0,1e-05
3177,14.9940529185584,0,1e-05
3178,14.734475712467,0,1e-05
3179,14.9911650292623,0,1e-05
3180,14.7314835792923,0,1e-05
3181,14.9882785913996,0,1e-05
3182,14.7284928994184,0,1e-05
3183,14.985393603367,0,1e-05
3184,14.7255036712703,0,1e-05
3185,14.9825100635672,0,1e-05
3186,14.7225158932529,0,1e-05
3187,14.9796279703349,0,1e-05
3188,14.719529563819,0,1e-05
3189,14.9767473221057,0,1e-05
3190,14.7165446814341,0,1e-05
3191,14.9738681172441,0,1e-05
3192,14.7135612444918,0,1e-05
3193,14.9709903541053,0,1e-05
3194,14.710579251473,0,1e-05
3195,14.9681140311791,0,1e-05
3196,14.7075987008098,0,1e-05
3197,14.9652391468113,0,1e-05
3198,14.7046195910669,0,1e-05
3199,14.9623656994968,0,1e-05
3200,14.7016419205881,0,1e-05
3201,14.9594936875376,0,1e-05
3202,14.6986656878095,0,1e-05
3203,14.9566231093137,0,1e-05
3204,14.6956908912685,0,1e-05
3205,14.9537539633667,0,1e-05
3206,14.6927175293589,0,1e-05
3207,14.9508862480011,0,1e-05
3208,14.6897456005551,0,1e-05
3209,14.9480199615591,0,1e-05
3210,14.6867751032359,0,1e-05
3211,14.9451551025112,0,1e-05
3212,14.683806035937,0,1e-05
3213,14.9422916693302,0,1e-05
3214,14.6808383971579,0,1e-05
3215,14.9394296603876,0,1e-05
3216,14.6778721853488,0,1e-05
3217,14.9365690741164,0,1e-05
3218,14.6749073989309,0,1e-05
3219,14.9337099089325,0,1e-05
3220,14.6719440364054,0,1e-05
3221,14.9308521632256,0,1e-05
3222,14.6689820962997,0,1e-05
3223,14.9279958355466,0,1e-05
3224,14.6660215769844,0,1e-05
3225,14.9251409241524,0,1e-05
3226,14.6630624769317,0,1e-05
3227,14.9222874275014,0,1e-05
3228,14.6601047946137,0,1e-05
3229,14.9194353440501,0,1e-05
3230,14.6571485285879,0,1e-05
3231,14.9165846722503,0,1e-05
3232,14.6541936772924,0,1e-05
3233,14.9137354105286,0,1e-05
3234,14.6512402391739,0,1e-05
3235,14.91088755729,0,1e-05
3236,14.6482882127806,0,1e-05
3237,14.9080411109755,0,1e-05
3238,14.6453375965047,0,1e-05
3239,14.9051960700306,0,1e-05
3240,14.6423883889213,0,1e-05
3241,14.9023524329158,0,1e-05
3242,14.6394405884427,0,1e-05
3243,14.8995101980055,0,1e-05
3244,14.636494193605,0,1e-05
3245,14.8966693638305,0,1e-05
3246,14.6335492028695,0,1e-05
3247,14.8938299287347,0,1e-05
3248,14.6306056146997,0,1e-05
3249,14.8909918912381,0,1e-05
3250,14.6276634277093,0,1e-05
3251,14.8881552498257,0,1e-05
3252,14.6247226403244,0,1e-05
3253,14.8853200028871,0,1e-05
3254,14.6217832510522,0,1e-05
3255,14.8824861489122,0,1e-05
3256,14.6188452584171,0,1e-05
3257,14.8796536863478,0,1e-05
3258,14.615908660895,0,1e-05
3259,14.8768226136575,0,1e-05
3260,14.6129734568826,0,1e-05
3261,14.8739929291944,0,1e-05
3262,14.6100396450737,0,1e-05
3263,14.8711646315787,0,1e-05
3264,14.607107223812,0,1e-05
3265,14.8683377191324,0,1e-05
3266,14.6041761916103,0,1e-05
3267,14.8655121903118,0,1e-05
3268,14.6012465469979,0,1e-05
3269,14.8626880436079,0,1e-05
3270,14.5983182885263,0,1e-05
3271,14.8598652775827,0,1e-05
3272,14.5953914147213,0,1e-05
3273,14.8570438906414,0,1e-05
3274,14.5924659240587,0,1e-05
3275,14.8542238812339,0,1e-05
3276,14.589541815001,0,1e-05
3277,14.8514052477663,0,1e-05
3278,14.5866190860722,0,1e-05
3279,14.8485879888041,0,1e-05
3280,14.5836977359074,0,1e-05
3281,14.8457721028854,0,1e-05
3282,14.580777762952,0,1e-05
3283,14.8429575884214,0,1e-05
3284,14.577859165739,0,1e-05
3285,14.8401444438721,0,1e-05
3286,14.5749419427744,0,1e-05
3287,14.8373326677121,0,1e-05
3288,14.572026092563,0,1e-05
3289,14.8345222584056,0,1e-05
3290,14.5691116137166,0,1e-05
3291,14.8317132145292,0,1e-05
3292,14.5661985047327,0,1e-05
3293,14.8289055345288,0,1e-05
3294,14.5632867640611,0,1e-05
3295,14.8260992168346,0,1e-05
3296,14.5603763902962,0,1e-05
3297,14.8232942599755,0,1e-05
3298,14.5574673819947,0,1e-05
3299,14.8204906625381,0,1e-05
3300,14.5545597376764,0,1e-05
3301,14.81768842287,0,1e-05
3302,14.5516534558568,0,1e-05
3303,14.8148875395016,0,1e-05
3304,14.5487485350442,0,1e-05
3305,14.8120880109543,0,1e-05
3306,14.5458449738155,0,1e-05
3307,14.8092898357135,0,1e-05
3308,14.5429427706852,0,1e-05
3309,14.806493012266,0,1e-05
3310,14.540041924245,0,1e-05
3311,14.8036975391773,0,1e-05
3312,14.5371424330418,0,1e-05
3313,14.8009034149214,0,1e-05
3314,14.5342442955504,0,1e-05
3315,14.798110637931,0,1e-05
3316,14.5313475103035,0,1e-05
3317,14.7953192067425,0,1e-05
3318,14.5284520759053,0,1e-05
3319,14.7925291198945,0,1e-05
3320,14.525557990961,0,1e-05
3321,14.7897403760096,0,1e-05
3322,14.5226652539889,0,1e-05
3323,14.7869529734559,0,1e-05
3324,14.5197738635419,0,1e-05
3325,14.7841669108086,0,1e-05
3326,14.5168838181384,0,1e-05
3327,14.7813821865256,0,1e-05
3328,14.5139951163033,0,1e-05
3329,14.7785987991444,0,1e-05
3330,14.5111077566497,0,1e-05
3331,14.7758167471862,0,1e-05
3332,14.5082217377632,0,1e-05
3333,14.7730360292102,0,1e-05
3334,14.5053370581843,0,1e-05
3335,14.7702566437193,0,1e-05
3336,14.5024537164528,0,1e-05
3337,14.767478589209,0,1e-05
3338,14.499571711184,0,1e-05
3339,14.7647018643321,0,1e-05
3340,14.4966910410103,0,1e-05
3341,14.7619264675511,0,1e-05
3342,14.4938117043623,0,1e-05
3343,14.7591523972865,0,1e-05
3344,14.4909336998445,0,1e-05
3345,14.7563796521825,0,1e-05
3346,14.488057026008,0,1e-05
3347,14.7536082307273,0,1e-05
3348,14.4851816814698,0,1e-05
3349,14.7508381314451,0,1e-05
3350,14.4823076647667,0,1e-05
3351,14.7480693528866,0,1e-05
3352,14.4794349745051,0,1e-05
3353,14.7453018936145,0,1e-05
3354,14.4765636092586,0,1e-05
3355,14.7425357521686,0,1e-05
3356,14.4736935675804,0,1e-05
3357,14.7397709270127,0,1e-05
3358,14.4708248480257,0,1e-05
3359,14.7370074167535,0,1e-05
3360,14.4679574492339,0,1e-05
3361,14.7342452199421,0,1e-05
3362,14.4650913698448,0,1e-05
3363,14.7314843352245,0,1e-05
3364,14.4622266084113,0,1e-05
3365,14.7287247610176,0,1e-05
3366,14.4593631634799,0,1e-05
3367,14.7259664958793,0,1e-05
3368,14.4565010336527,0,1e-05
3369,14.7232095384257,0,1e-05
3370,14.4536402175726,0,1e-05
3371,14.7204538871976,0,1e-05
3372,14.4507807137119,0,1e-05
3373,14.7176995407049,0,1e-05
3374,14.4479225207962,0,1e-05
3375,14.7149464975557,0,1e-05
3376,14.4450656373455,0,1e-05
3377,14.7121947562764,0,1e-05
3378,14.4422100620289,0,1e-05
3379,14.7094443154789,0,1e-05
3380,14.4393557933752,0,1e-05
3381,14.7066951736692,0,1e-05
3382,14.4365028300506,0,1e-05
3383,14.7039473295035,0,1e-05
3384,14.4336511706459,0,1e-05
3385,14.7012007814755,0,1e-05
3386,14.4308008136952,0,1e-05
3387,14.6984555281701,0,1e-05
3388,14.4279517578829,0,1e-05
3389,14.6957115681867,0,1e-05
3390,14.4251040017466,0,1e-05
3391,14.6929689000536,0,1e-05
3392,14.4222575439757,0,1e-05
3393,14.6902275223789,0,1e-05
3394,14.4194123831613,0,1e-05
3395,14.6874874337176,0,1e-05
3396,14.4165685178636,0,1e-05
3397,14.6847486326313,0,1e-05
3398,14.4137259467395,0,1e-05
3399,14.6820111177376,0,1e-05
3400,14.4108846683961,0,1e-05
3401,14.6792748875633,0,1e-05
3402,14.4080446814459,0,1e-05
3403,14.6765399407192,0,1e-05
3404,14.4052059844993,0,1e-05
3405,14.6738062758506,0,1e-05
3406,14.4023685762212,0,1e-05
3407,14.6710738914906,0,1e-05
3408,14.3995324551781,0,1e-05
3409,14.6683427862195,0,1e-05
3410,14.3966976200692,0,1e-05
3411,14.6656129586713,0,1e-05
3412,14.3938640694432,0,1e-05
3413,14.6628844073708,0,1e-05
3414,14.3910318019581,0,1e-05
3415,14.6601571309547,0,1e-05
3416,14.3882008162904,0,1e-05
3417,14.6574311280604,0,1e-05
3418,14.3853711110157,0,1e-05
3419,14.6547063972094,0,1e-05
3420,14.3825426847592,0,1e-05
3421,14.6519829370386,0,1e-05
3422,14.3797155361778,0,1e-05
3423,14.6492607461359,0,1e-05
3424,14.3768896638894,0,1e-05
3425,14.6465398231596,0,1e-05
3426,14.3740650665754,0,1e-05
3427,14.6438201666509,0,1e-05
3428,14.3712417428653,0,1e-05
3429,14.6411017752491,0,1e-05
3430,14.3684196913527,0,1e-05
3431,14.6383846475112,0,1e-05
3432,14.3655989106891,0,1e-05
3433,14.6356687820802,0,1e-05
3434,14.3627793995406,0,1e-05
3435,14.6329541775707,0,1e-05
3436,14.3599611564969,0,1e-05
3437,14.6302408325393,0,1e-05
3438,14.3571441803024,0,1e-05
3439,14.6275287457065,0,1e-05
3440,14.3543284695537,0,1e-05
3441,14.6248179156144,0,1e-05
3442,14.3515140229387,0,1e-05
3443,14.6221083409577,0,1e-05
3444,14.3487008390578,0,1e-05
3445,14.6194000202963,0,1e-05
3446,14.3458889165945,0,1e-05
3447,14.616692952261,0,1e-05
3448,14.3430782541958,0,1e-05
3449,14.6139871354743,0,1e-05
3450,14.3402688505835,0,1e-05
3451,14.6112825686832,0,1e-05
3452,14.337460704416,0,1e-05
3453,14.6085792503516,0,1e-05
3454,14.3346538142263,0,1e-05
3455,14.6058771790945,0,1e-05
3456,14.331848178701,0,1e-05
3457,14.6031763536035,0,1e-05
3458,14.3290437965795,0,1e-05
3459,14.6004767725386,0,1e-05
3460,14.3262406664549,0,1e-05
3461,14.5977784344558,0,1e-05
3462,14.3234387870644,0,1e-05
3463,14.5950813380545,0,1e-05
3464,14.32063815703,0,1e-05
3465,14.5923854819638,0,1e-05
3466,14.3178387750252,0,1e-05
3467,14.5896908648146,0,1e-05
3468,14.3150406397652,0,1e-05
3469,14.5869974853149,0,1e-05
3470,14.3122437499091,0,1e-05
3471,14.5843053420341,0,1e-05
3472,14.3094481041094,0,1e-05
3473,14.5816144335991,0,1e-05
3474,14.3066537010394,0,1e-05
3475,14.5789247587094,0,1e-05
3476,14.3038605393654,0,1e-05
3477,14.5762363159705,0,1e-05
3478,14.3010686178015,0,1e-05
3479,14.5735491040534,0,1e-05
3480,14.2982779350023,0,1e-05
3481,14.570863121606,0,1e-05
3482,14.2954884896779,0,1e-05
3483,14.568178367298,0,1e-05
3484,14.2927002804498,0,1e-05
3485,14.5654948397163,0,1e-05
3486,14.2899133060839,0,1e-05
3487,14.5628125376581,0,1e-05
3488,14.2871275652544,0,1e-05
3489,14.5601314596882,0,1e-05
3490,14.2843430566247,0,1e-05
3491,14.5574516044374,0,1e-05
3492,14.2815597789272,0,1e-05
3493,14.5547729706494,0,1e-05
3494,14.2787777308076,0,1e-05
3495,14.5520955569033,0,1e-05
3496,14.2759969109291,0,1e-05
3497,14.5494193618657,0,1e-05
3498,14.2732173180559,0,1e-05
3499,14.5467443842433,0,1e-05
3500,14.2704389508581,0,1e-05
3501,14.5440706227163,0,1e-05
3502,14.2676618079882,0,1e-05
3503,14.5413980758891,0,1e-05
3504,14.2648858881658,0,1e-05
3505,14.5387267424621,0,1e-05
3506,14.2621111901466,0,1e-05
3507,14.5360566211754,0,1e-05
3508,14.2593377126566,0,1e-05
3509,14.5333877106829,0,1e-05
3510,14.2565654543682,0,1e-05
3511,14.5307200096116,0,1e-05
3512,14.253794413947,0,1e-05
3513,14.5280535166453,0,1e-05
3514,14.2510245901097,0,1e-05
3515,14.5253882304844,0,1e-05
3516,14.2482559815574,0,1e-05
3517,14.5227241498275,0,1e-05
3518,14.24548858709,0,1e-05
3519,14.5200612733504,0,1e-05
3520,14.2427224053457,0,1e-05
3521,14.5173995997374,0,1e-05
3522,14.239957435016,0,1e-05
3523,14.51473912761,0,1e-05
3524,14.2371936748501,0,1e-05
3525,14.5120798557173,0,1e-05
3526,14.2344311235503,0,1e-05
3527,14.5094217827469,0,1e-05
3528,14.231669779829,0,1e-05
3529,14.5067649073904,0,1e-05
3530,14.2289096424524,0,1e-05
3531,14.5041092283374,0,1e-05
3532,14.2261507101451,0,1e-05
3533,14.501454744292,0,1e-05
3534,14.2233929816092,0,1e-05
3535,14.4988014539665,0,1e-05
3536,14.22063645563,0,1e-05
3537,14.4961493560694,0,1e-05
3538,14.2178811309118,0,1e-05
3539,14.4934984493093,0,1e-05
3540,14.2151270061033,0,1e-05
3541,14.4908487322866,0,1e-05
3542,14.2123740799778,0,1e-05
3543,14.488200203784,0,1e-05
3544,14.209622351265,0,1e-05
3545,14.485552862481,0,1e-05
3546,14.2068718187052,0,1e-05
3547,14.4829067070704,0,1e-05
3548,14.2041224810412,0,1e-05
3549,14.4802617363344,0,1e-05
3550,14.2013743370282,0,1e-05
3551,14.4776179489235,0,1e-05
3552,14.1986273853776,0,1e-05
3553,14.4749753436025,0,1e-05
3554,14.195881624816,0,1e-05
3555,14.4723339189999,0,1e-05
3556,14.1931370540369,0,1e-05
3557,14.469693673804,0,1e-05
3558,14.1903936718494,0,1e-05
3559,14.4670546068144,0,1e-05
3560,14.1876514769411,0,1e-05
3561,14.4644167166923,0,1e-05
3562,14.1849104680679,0,1e-05
3563,14.4617800021728,0,1e-05
3564,14.1821706439889,0,1e-05
3565,14.4591444620225,0,1e-05
3566,14.1794320035656,0,1e-05
3567,14.4565100949899,0,1e-05
3568,14.1766945454888,0,1e-05
3569,14.4538768997924,0,1e-05
3570,14.1739582684194,0,1e-05
3571,14.451244875049,0,1e-05
3572,14.17122317121,0,1e-05
3573,14.4486140196342,0,1e-05
3574,14.1684892526021,0,1e-05
3575,14.4459843321978,0,1e-05
3576,14.1657565112968,0,1e-05
3577,14.4433558114661,0,1e-05
3578,14.1630249460952,0,1e-05
3579,14.4407284562071,0,1e-05
3580,14.1602945557873,0,1e-05
3581,14.4381022651512,0,1e-05
3582,14.1575653391295,0,1e-05
3583,14.4354772370521,0,1e-05
3584,14.1548372948353,0,1e-05
3585,14.4328533705539,0,1e-05
3586,14.1521104216516,0,1e-05
3587,14.4302306644505,0,1e-05
3588,14.1493847183394,0,1e-05
3589,14.4276091174934,0,1e-05
3590,14.146660183749,0,1e-05
3591,14.4249887284306,0,1e-05
3592,14.1439368166581,0,1e-05
3593,14.4223694960182,0,1e-05
3594,14.1412146157032,0,1e-05
3595,14.4197514189517,0,1e-05
3596,14.138493579798,0,1e-05
3597,14.4171344960642,0,1e-05
3598,14.1357737076141,0,1e-05
3599,14.4145187259946,0,1e-05
3600,14.1330549979669,0,1e-05
3601,14.4119041075448,0,1e-05
3602,14.1303374496298,0,1e-05
3603,14.4092906394844,0,1e-05
3604,14.1276210614226,0,1e-05
3605,14.4066783205809,0,1e-05
3606,14.1249058320762,0,1e-05
3607,14.4040671495337,0,1e-05
3608,14.1221917603931,0,1e-05
3609,14.4014571251458,0,1e-05
3610,14.1194788451512,0,1e-05
3611,14.3988482461865,0,1e-05
3612,14.1167670851456,0,1e-05
3613,14.3962405114108,0,1e-05
3614,14.1140564791786,0,1e-05
3615,14.3936339195798,0,1e-05
3616,14.1113470259512,0,1e-05
3617,14.3910284694348,0,1e-05
3618,14.1086387243859,0,1e-05
3619,14.3884241597429,0,1e-05
3620,14.105931573105,0,1e-05
3621,14.3858209892422,0,1e-05
3622,14.1032255710134,0,1e-05
3623,14.3832189567471,0,1e-05
3624,14.1005207168843,0,1e-05
3625,14.3806180610089,0,1e-05
3626,14.0978170095325,0,1e-05
3627,14.3780183008502,0,1e-05
3628,14.0951144477398,0,1e-05
3629,14.3754196749941,0,1e-05
3630,14.0924130303287,0,1e-05
3631,14.3728221822476,0,1e-05
3632,14.0897127560659,0,1e-05
3633,14.3702258214133,0,1e-05
3634,14.0870136237935,0,1e-05
3635,14.367630591194,0,1e-05
3636,14.0843156322698,0,1e-05
3637,14.3650364904021,0,1e-05
3638,14.0816187802725,0,1e-05
3639,14.3624435178261,0,1e-05
3640,14.0789230666611,0,1e-05
3641,14.3598516722207,0,1e-05
3642,14.076228490264,0,1e-05
3643,14.3572609524533,0,1e-05
3644,14.0735350498101,0,1e-05
3645,14.3546713572111,0,1e-05
3646,14.0708427441301,0,1e-05
3647,14.3520828852709,0,1e-05
3648,14.0681515720399,0,1e-05
3649,14.3494955355244,0,1e-05
3650,14.0654615324406,0,1e-05
3651,14.3469093067432,0,1e-05
3652,14.0627726240945,0,1e-05
3653,14.3443241977071,0,1e-05
3654,14.0600848458303,0,1e-05
3655,14.3417402072091,0,1e-05
3656,14.0573981964219,0,1e-05
3657,14.3391573339932,0,1e-05
3658,14.0547126746222,0,1e-05
3659,14.3365755768463,0,1e-05
3660,14.0520282793505,0,1e-05
3661,14.3339949346557,0,1e-05
3662,14.0493450094414,0,1e-05
3663,14.3314154062054,0,1e-05
3664,14.0466628637086,0,1e-05
3665,14.3288369902606,0,1e-05
3666,14.0439818408978,0,1e-05
3667,14.3262596856243,0,1e-05
3668,14.0413019398877,0,1e-05
3669,14.3236834911083,0,1e-05
3670,14.0386231595166,0,1e-05
3671,14.3211084055334,0,1e-05
3672,14.0359454986134,0,1e-05
3673,14.31853442771,0,1e-05
3674,14.0332689560057,0,1e-05
3675,14.3159615564471,0,1e-05
3676,14.0305935305418,0,1e-05
3677,14.3133897905526,0,1e-05
3678,14.0279192210416,0,1e-05
3679,14.3108191288752,0,1e-05
3680,14.025246026383,0,1e-05
3681,14.3082495701804,0,1e-05
3682,14.0225739453346,0,1e-05
3683,14.305681113291,0,1e-05
3684,14.0199029767895,0,1e-05
3685,14.3031137570645,0,1e-05
3686,14.017233119558,0,1e-05
3687,14.3005475002831,0,1e-05
3688,14.0145643724729,0,1e-05
3689,14.2979823418004,0,1e-05
3690,14.0118967344579,0,1e-05
3691,14.2954182804298,0,1e-05
3692,14.0092302042458,0,1e-05
3693,14.2928553149641,0,1e-05
3694,14.006564780765,0,1e-05
3695,14.2902934442477,0,1e-05
3696,14.0039004628132,0,1e-05
3697,14.2877326671278,0,1e-05
3698,14.0012372492872,0,1e-05
3699,14.2851729824225,0,1e-05
3700,13.9985751389889,0,1e-05
3701,14.2826143889547,0,1e-05
3702,13.9959141307459,0,1e-05
3703,14.2800568855269,0,1e-05
3704,13.9932542234616,0,1e-05
3705,14.2775004710088,0,1e-05
3706,13.9905954160063,0,1e-05
3707,14.2749451442425,0,1e-05
3708,13.987937707229,0,1e-05
3709,14.2723909040855,0,1e-05
3710,13.9852810960032,0,1e-05
3711,14.2698377493503,0,1e-05
3712,13.9826255810875,0,1e-05
3713,14.2672856788448,0,1e-05
3714,13.9799711614354,0,1e-05
3715,14.2647346914168,0,1e-05
3716,13.9773178358438,0,1e-05
3717,14.2621847859296,0,1e-05
3718,13.9746656032509,0,1e-05
3719,14.2596359612361,0,1e-05
3720,13.9720144624738,0,1e-05
3721,14.2570882161625,0,1e-05
3722,13.9693644124056,0,1e-05
3723,14.2545415496032,0,1e-05
3724,13.9667154519506,0,1e-05
3725,14.2519959603886,0,1e-05
3726,13.9640675799549,0,1e-05
3727,14.2494514473772,0,1e-05
3728,13.9614207952512,0,1e-05
3729,14.2469080093836,0,1e-05
3730,13.9587750967263,0,1e-05
3731,14.2443656452883,0,1e-05
3732,13.956130483285,0,1e-05
3733,14.2418243539378,0,1e-05
3734,13.9534869537334,0,1e-05
3735,14.2392841341642,0,1e-05
3736,13.950844507014,0,1e-05
3737,14.2367449848638,0,1e-05
3738,13.9482031419551,0,1e-05
3739,14.2342069048324,0,1e-05
3740,13.9455628574603,0,1e-05
3741,14.2316698930339,0,1e-05
3742,13.9429236524307,0,1e-05
3743,14.2291339482371,0,1e-05
3744,13.9402855256919,0,1e-05
3745,14.226599069374,0,1e-05
3746,13.9376484762265,0,1e-05
3747,14.2240652552895,0,1e-05
3748,13.9350125028307,0,1e-05
3749,14.2215325048327,0,1e-05
3750,13.9323776044484,0,1e-05
3751,14.2190008169027,0,1e-05
3752,13.9297437799045,0,1e-05
3753,14.2164701903022,0,1e-05
3754,13.9271110280897,0,1e-05
3755,14.2139406239509,0,1e-05
3756,13.9244793479928,0,1e-05
3757,14.211412116775,0,1e-05
3758,13.9218487383973,0,1e-05
3759,14.208884667577,0,1e-05
3760,13.9192191983091,0,1e-05
3761,14.2063582752645,0,1e-05
3762,13.9165907265835,0,1e-05
3763,14.2038329387581,0,1e-05
3764,13.9139633220273,0,1e-05
3765,14.2013086567935,0,1e-05
3766,13.9113369836074,0,1e-05
3767,14.1987854284,0,1e-05
3768,13.9087117102677,0,1e-05
3769,14.1962632524462,0,1e-05
3770,13.9060875008923,0,1e-05
3771,14.1937421277502,0,1e-05
3772,13.9034643543325,0,1e-05
3773,14.1912220532264,0,1e-05
3774,13.900842269514,0,1e-05
3775,14.1887030277798,0,1e-05
3776,13.8982212453747,0,1e-05
3777,14.186185050289,0,1e-05
3778,13.8956012807561,0,1e-05
3779,14.1836681195533,0,1e-05
3780,13.8929823745959,0,1e-05
3781,14.1811522345641,0,1e-05
3782,13.8903645257936,0,1e-05
3783,14.1786373942205,0,1e-05
3784,13.8877477333194,0,1e-05
3785,14.1761235973741,0,1e-05
3786,13.8851319960516,0,1e-05
3787,14.1736108429445,0,1e-05
3788,13.8825173129174,0,1e-05
3789,14.1710991298705,0,1e-05
3790,13.8799036828328,0,1e-05
3791,14.1685884569613,0,1e-05
3792,13.8772911046566,0,1e-05
3793,14.1660788231638,0,1e-05
3794,13.8746795772763,0,1e-05
3795,14.1635702273203,0,1e-05
3796,13.8720690997174,0,1e-05
3797,14.1610626684343,0,1e-05
3798,13.8694596709005,0,1e-05
3799,14.1585561453741,0,1e-05
3800,13.8668512896719,0,1e-05
3801,14.1560506570246,0,1e-05
3802,13.864243955033,0,1e-05
3803,14.1535462023149,0,1e-05
3804,13.8616376658656,0,1e-05
3805,14.1510427801366,0,1e-05
3806,13.8590324211082,0,1e-05
3807,14.1485403894138,0,1e-05
3808,13.8564282196941,0,1e-05
3809,14.146039029076,0,1e-05
3810,13.8538250606042,0,1e-05
3811,14.1435386980641,0,1e-05
3812,13.8512229426655,0,1e-05
3813,14.1410393951817,0,1e-05
3814,13.8486218648505,0,1e-05
3815,14.1385411194337,0,1e-05
3816,13.8460218261404,0,1e-05
3817,14.1360438697537,0,1e-05
3818,13.8434228254207,0,1e-05
3819,14.1335476450119,0,1e-05
3820,13.840824861695,0,1e-05
3821,14.1310524441892,0,1e-05
3822,13.8382279338351,0,1e-05
3823,14.1285582661389,0,1e-05
3824,13.8356320407947,0,1e-05
3825,14.1260651097994,0,1e-05
3826,13.8330371814648,0,1e-05
3827,14.1235729740733,0,1e-05
3828,13.8304433548245,0,1e-05
3829,14.1210818579043,0,1e-05
3830,13.8278505598395,0,1e-05
3831,14.1185917602732,0,1e-05
3832,13.8252587954268,0,1e-05
3833,14.1161026800071,0,1e-05
3834,13.8226680605329,0,1e-05
3835,14.1136146161323,0,1e-05
3836,13.8200783541428,0,1e-05
3837,14.1111275675612,0,1e-05
3838,13.8174896751969,0,1e-05
3839,14.1086415332424,0,1e-05
3840,13.8149020226342,0,1e-05
3841,14.1061565120715,0,1e-05
3842,13.8123153954186,0,1e-05
3843,14.1036725030288,0,1e-05
3844,13.8097297925177,0,1e-05
3845,14.101189505043,0,1e-05
3846,13.8071452128747,0,1e-05
3847,14.0987075170307,0,1e-05
3848,13.8045616554323,0,1e-05
3849,14.0962265379113,0,1e-05
3850,13.8019791190725,0,1e-05
3851,14.0937465666159,0,1e-05
3852,13.7993976028412,0,1e-05
3853,14.0912676021287,0,1e-05
3854,13.7968171056849,0,1e-05
3855,14.0887896434191,0,1e-05
3856,13.7942376265826,0,1e-05
3857,14.0863126894052,0,1e-05
3858,13.7916591644939,0,1e-05
3859,14.083836739063,0,1e-05
3860,13.7890817183062,0,1e-05
3861,14.0813617912914,0,1e-05
3862,13.786505287109,0,1e-05
3863,14.0788878450816,0,1e-05
3864,13.7839298698141,0,1e-05
3865,14.0764148993677,0,1e-05
3866,13.7813554653664,0,1e-05
3867,14.0739429531157,0,1e-05
3868,13.7787820727961,0,1e-05
3869,14.0714720052991,0,1e-05
3870,13.7762096910281,0,1e-05
3871,14.069002054841,0,1e-05
3872,13.7736383190156,0,1e-05
3873,14.066533100694,0,1e-05
3874,13.7710679557251,0,1e-05
3875,14.0640651418064,0,1e-05
3876,13.7684986001756,0,1e-05
3877,14.0615981771895,0,1e-05
3878,13.7659302513427,0,1e-05
3879,14.0591322057766,0,1e-05
3880,13.7633629081883,0,1e-05
3881,14.0566672265291,0,1e-05
3882,13.7607965696955,0,1e-05
3883,14.0542032384446,0,1e-05
3884,13.758231234829,0,1e-05
3885,14.0517402404177,0,1e-05
3886,13.7556669026171,0,1e-05
3887,14.0492782314895,0,1e-05
3888,13.7531035719845,0,1e-05
3889,14.0468172106195,0,1e-05
3890,13.7505412419835,0,1e-05
3891,14.0443571767627,0,1e-05
3892,13.747979911564,0,1e-05
3893,14.0418981289054,0,1e-05
3894,13.7454195797257,0,1e-05
3895,14.0394400660426,0,1e-05
3896,13.742860245461,0,1e-05
3897,14.0369829870945,0,1e-05
3898,13.7403019077137,0,1e-05
3899,14.0345268910399,0,1e-05
3900,13.7377445654759,0,1e-05
3901,14.0320717768706,0,1e-05
3902,13.7351882177721,0,1e-05
3903,14.0296176435554,0,1e-05
3904,13.732632863585,0,1e-05
3905,14.0271644901152,0,1e-05
3906,13.7300785018981,0,1e-05
3907,14.0247123154963,0,1e-05
3908,13.7275251317647,0,1e-05
3909,14.0222611187054,0,1e-05
3910,13.7249727521074,0,1e-05
3911,14.0198108986802,0,1e-05
3912,13.7224213619743,0,1e-05
3913,14.0173616544671,0,1e-05
3914,13.7198709603563,0,1e-05
3915,14.0149133850613,0,1e-05
3916,13.7173215462587,0,1e-05
3917,14.0124660894065,0,1e-05
3918,13.714773118675,0,1e-05
3919,14.0100197664942,0,1e-05
3920,13.7122256766214,0,1e-05
3921,14.0075744153038,0,1e-05
3922,13.7096792191066,0,1e-05
3923,14.0051300348904,0,1e-05
3924,13.7071337451108,0,1e-05
3925,14.0026866241998,0,1e-05
3926,13.7045892536877,0,1e-05
3927,14.0002441822826,0,1e-05
3928,13.7020457437766,0,1e-05
3929,13.9978027080374,0,1e-05
3930,13.6995032144674,0,1e-05
3931,13.9953622005882,0,1e-05
3932,13.6969616647611,0,1e-05
3933,13.9929226588554,0,1e-05
3934,13.6944210936757,0,1e-05
3935,13.990484081869,0,1e-05
3936,13.6918815001626,0,1e-05
3937,13.9880464685865,0,1e-05
3938,13.6893428832382,0,1e-05
3939,13.9856098180134,0,1e-05
3940,13.6868052420034,0,1e-05
3941,13.9831741291933,0,1e-05
3942,13.6842685754037,0,1e-05
3943,13.9807394011307,0,1e-05
3944,13.6817328824651,0,1e-05
3945,13.9783056328067,0,1e-05
3946,13.6791981622646,0,1e-05
3947,13.9758728232873,0,1e-05
3948,13.6766644137878,0,1e-05
3949,13.9734409715385,0,1e-05
3950,13.6741316360758,0,1e-05
3951,13.9710100765783,0,1e-05
3952,13.6715998281431,0,1e-05
3953,13.9685801374261,0,1e-05
3954,13.6690689890492,0,1e-05
3955,13.9661511531391,0,1e-05
3956,13.666539117787,0,1e-05
3957,13.9637231226779,0,1e-05
3958,13.6640102133912,0,1e-05
3959,13.9612960450538,0,1e-05
3960,13.6614822748795,0,1e-05
3961,13.9588699193302,0,1e-05
3962,13.6589553013087,0,1e-05
3963,13.9564447444588,0,1e-05
3964,13.6564292916598,0,1e-05
3965,13.9540205195005,0,1e-05
3966,13.6539042449728,0,1e-05
3967,13.9515972434324,0,1e-05
3968,13.6513801603121,0,1e-05
3969,13.9491749153486,0,1e-05
3970,13.6488570367592,0,1e-05
3971,13.9467535342991,0,1e-05
3972,13.6463348733192,0,1e-05
3973,13.9443330992597,0,1e-05
3974,13.643813669007,0,1e-05
3975,13.9419136092419,0,1e-05
3976,13.6412934228884,0,1e-05
3977,13.9394950633175,0,1e-05
3978,13.6387741339495,0,1e-05
3979,13.9370774604517,0,1e-05
3980,13.6362558013214,0,1e-05
3981,13.9346607997518,0,1e-05
3982,13.6337384240162,0,1e-05
3983,13.9322450802379,0,1e-05
3984,13.6312220010703,0,1e-05
3985,13.9298303009164,0,1e-05
3986,13.6287065315685,0,1e-05
3987,13.9274164608668,0,1e-05
3988,13.6261920144908,0,1e-05
3989,13.9250035590607,0,1e-05
3990,13.62367844892,0,1e-05
3991,13.9225915945933,0,1e-05
3992,13.6211658339257,0,1e-05
3993,13.920180566501,0,1e-05
3994,13.6186541685506,0,1e-05
3995,13.9177704738168,0,1e-05
3996,13.6161434518374,0,1e-05
3997,13.9153613155552,0,1e-05
3998,13.6136336828357,0,1e-05
3999,13.9129530907635,0,1e-05
4000,13.6111248606025,0,1e-05
4001,13.9105457985255,0,1e-05
4002,13.6086169842157,0,1e-05
4003,13.9081394378524,0,1e-05
4004,13.6061100527392,0,1e-05
4005,13.905734007809,0,1e-05
4006,13.6036040652307,0,1e-05
4007,13.9033295074791,0,1e-05
4008,13.6010990207478,0,1e-05
4009,13.9009259358882,0,1e-05
4010,13.5985949183355,0,1e-05
4011,13.8985232920931,0,1e-05
4012,13.5960917570953,0,1e-05
4013,13.8961215751365,0,1e-05
4014,13.5935895360648,0,1e-05
4015,13.8937207840513,0,1e-05
4016,13.5910882543216,0,1e-05
4017,13.8913209179508,0,1e-05
4018,13.5885879109347,0,1e-05
4019,13.8889219758619,0,1e-05
4020,13.5860885049995,0,1e-05
4021,13.8865239568352,0,1e-05
4022,13.5835900355162,0,1e-05
4023,13.8841268599131,0,1e-05
4024,13.5810925015606,0,1e-05
4025,13.8817306841678,0,1e-05
4026,13.5785959022405,0,1e-05
4027,13.8793354286547,0,1e-05
4028,13.5761002365966,0,1e-05
4029,13.876941092458,0,1e-05
4030,13.5736055037522,0,1e-05
4031,13.8745476746474,0,1e-05
4032,13.5711117027456,0,1e-05
4033,13.872155174251,0,1e-05
4034,13.5686188326564,0,1e-05
4035,13.8697635903579,0,1e-05
4036,13.5661268925545,0,1e-05
4037,13.8673729220194,0,1e-05
4038,13.5636358815756,0,1e-05
4039,13.8649831683805,0,1e-05
4040,13.5611457987881,0,1e-05
4041,13.8625943284729,0,1e-05
4042,13.5586566432629,0,1e-05
4043,13.8602064013662,0,1e-05
4044,13.5561684141093,0,1e-05
4045,13.8578193861585,0,1e-05
4046,13.553681110345,0,1e-05
4047,13.8554332818545,0,1e-05
4048,13.5511947310894,0,1e-05
4049,13.8530480875569,0,1e-05
4050,13.5487092754493,0,1e-05
4051,13.8506638023837,0,1e-05
4052,13.546224742451,0,1e-05
4053,13.8482804253729,0,1e-05
4054,13.5437411312654,0,1e-05
4055,13.8458979556302,0,1e-05
4056,13.5412584409125,0,1e-05
4057,13.8435163922049,0,1e-05
4058,13.5387766705462,0,1e-05
4059,13.8411357342313,0,1e-05
4060,13.5362958192429,0,1e-05
4061,13.8387559807763,0,1e-05
4062,13.5338158861129,0,1e-05
4063,13.8363771309286,0,1e-05
4064,13.5313368702141,0,1e-05
4065,13.8339991837377,0,1e-05
4066,13.5288587706491,0,1e-05
4067,13.8316221383122,0,1e-05
4068,13.5263815865293,0,1e-05
4069,13.8292459937275,0,1e-05
4070,13.5239053169272,0,1e-05
4071,13.8268707490854,0,1e-05
4072,13.5214299609942,0,1e-05
4073,13.8244964034954,0,1e-05
4074,13.5189555177983,0,1e-05
4075,13.8221229560282,0,1e-05
4076,13.5164819864497,0,1e-05
4077,13.8197504058258,0,1e-05
4078,13.5140093660908,0,1e-05
4079,13.8173787519528,0,1e-05
4080,13.5115376557757,0,1e-05
4081,13.81500799348,0,1e-05
4082,13.5090668545865,0,1e-05
4083,13.8126381295092,0,1e-05
4084,13.5065969617045,0,1e-05
4085,13.8102691591724,0,1e-05
4086,13.5041279761968,0,1e-05
4087,13.8079010815475,0,1e-05
4088,13.5016598971735,0,1e-05
4089,13.8055338957436,0,1e-05
4090,13.4991927237487,0,1e-05
4091,13.8031676008537,0,1e-05
4092,13.4967264550646,0,1e-05
4093,13.800802196029,0,1e-05
4094,13.4942610902202,0,1e-05
4095,13.7984376803048,0,1e-05
4096,13.4917966283,0,1e-05
4097,13.7960740528293,0,1e-05
4098,13.489333068477,0,1e-05
4099,13.7937113127189,0,1e-05
4100,13.4868704098534,0,1e-05
4101,13.7913494590656,0,1e-05
4102,13.484408651522,0,1e-05
4103,13.7889884909661,0,1e-05
4104,13.4819477926018,0,1e-05
4105,13.7866284075456,0,1e-05
4106,13.4794878322563,0,1e-05
4107,13.7842692079392,0,1e-05
4108,13.4770287695789,0,1e-05
4109,13.781910891229,0,1e-05
4110,13.4745706036354,0,1e-05
4111,13.7795534564993,0,1e-05
4112,13.4721133336467,0,1e-05
4113,13.7771969029566,0,1e-05
4114,13.4696569586992,0,1e-05
4115,13.7748412296841,0,1e-05
4116,13.4672014779184,0,1e-05
4117,13.7724864357522,0,1e-05
4118,13.4647468904407,0,1e-05
4119,13.7701325203279,0,1e-05
4120,13.4622931954207,0,1e-05
4121,13.7677794825855,0,1e-05
4122,13.4598403919634,0,1e-05
4123,13.7654273215593,0,1e-05
4124,13.4573884791937,0,1e-05
4125,13.763076036386,0,1e-05
4126,13.4549374562513,0,1e-05
4127,13.7607256261888,0,1e-05
4128,13.4524873222676,0,1e-05
4129,13.7583760901175,0,1e-05
4130,13.4500380763231,0,1e-05
4131,13.7560274272542,0,1e-05
4132,13.4475897176383,0,1e-05
4133,13.7536796367973,0,1e-05
4134,13.4451422453256,0,1e-05
4135,13.7513327178399,0,1e-05
4136,13.4426956585075,0,1e-05
4137,13.7489866694831,0,1e-05
4138,13.4402499562933,0,1e-05
4139,13.746641490893,0,1e-05
4140,13.4378051379067,0,1e-05
4141,13.744297181222,0,1e-05
4142,13.4353612024484,0,1e-05
4143,13.7419537395819,0,1e-05
4144,13.4329181490611,0,1e-05
4145,13.7396111651085,0,1e-05
4146,13.4304759769243,0,1e-05
4147,13.7372694569714,0,1e-05
4148,13.428034685148,0,1e-05
4149,13.7349286142671,0,1e-05
4150,13.4255942728638,0,1e-05
4151,13.7325886361229,0,1e-05
4152,13.4231547392313,0,1e-05
4153,13.7302495216912,0,1e-05
4154,13.4207160834153,0,1e-05
4155,13.7279112701565,0,1e-05
4156,13.4182783045769,0,1e-05
4157,13.7255738806443,0,1e-05
4158,13.4158414018479,0,1e-05
4159,13.7232373522648,0,1e-05
4160,13.4134053743982,0,1e-05
4161,13.7209016841806,0,1e-05
4162,13.4109702213466,0,1e-05
4163,13.7185668755533,0,1e-05
4164,13.4085359418666,0,1e-05
4165,13.7162329255185,0,1e-05
4166,13.4061025351164,0,1e-05
4167,13.7138998332188,0,1e-05
4168,13.4036700002818,0,1e-05
4169,13.711567597829,0,1e-05
4170,13.4012383365047,0,1e-05
4171,13.7092362184956,0,1e-05
4172,13.3988075429385,0,1e-05
4173,13.7069056943882,0,1e-05
4174,13.3963776187612,0,1e-05
4175,13.7045760246161,0,1e-05
4176,13.3939485630966,0,1e-05
4177,13.7022472083493,0,1e-05
4178,13.3915203751424,0,1e-05
4179,13.699919244784,0,1e-05
4180,13.3890930540328,0,1e-05
4181,13.6975921329923,0,1e-05
4182,13.3866665989464,0,1e-05
4183,13.6952658721707,0,1e-05
4184,13.3842410090856,0,1e-05
4185,13.6929404615212,0,1e-05
4186,13.3818162835472,0,1e-05
4187,13.6906159001474,0,1e-05
4188,13.3793924215447,0,1e-05
4189,13.6882921872428,0,1e-05
4190,13.3769694222419,0,1e-05
4191,13.6859693219863,0,1e-05
4192,13.3745472848198,0,1e-05
4193,13.6836473035292,0,1e-05
4194,13.3721260084456,0,1e-05
4195,13.6813261310034,0,1e-05
4196,13.3697055922938,0,1e-05
4197,13.6790058036294,0,1e-05
4198,13.3672860355443,0,1e-05
4199,13.6766863205375,0,1e-05
4200,13.3648673373432,0,1e-05
4201,13.6743676808912,0,1e-05
4202,13.362449496893,0,1e-05
4203,13.6720498838907,0,1e-05
4204,13.3600325133678,0,1e-05
4205,13.6697329286719,0,1e-05
4206,13.3576163859271,0,1e-05
4207,13.6674168144011,0,1e-05
4208,13.355201113757,0,1e-05
4209,13.6651015403192,0,1e-05
4210,13.3527866960559,0,1e-05
4211,13.6627871055563,0,1e-05
4212,13.3503731320194,0,1e-05
4213,13.6604735093006,0,1e-05
4214,13.3479604208064,0,1e-05
4215,13.6581607507194,0,1e-05
4216,13.3455485616427,0,1e-05
4217,13.6558488290197,0,1e-05
4218,13.3431375536522,0,1e-05
4219,13.6535377433474,0,1e-05
4220,13.3407273960619,0,1e-05
4221,13.6512274928822,0,1e-05
4222,13.3383180880684,0,1e-05
4223,13.6489180768205,0,1e-05
4224,13.3359096287807,0,1e-05
4225,13.6466094942832,0,1e-05
4226,13.3335020174566,0,1e-05
4227,13.6443017445518,0,1e-05
4228,13.3310952532996,0,1e-05
4229,13.6419948267628,0,1e-05
4230,13.3286893354613,0,1e-05
4231,13.639688740094,0,1e-05
4232,13.3262842631544,0,1e-05
4233,13.6373834837387,0,1e-05
4234,13.3238800355896,0,1e-05
4235,13.6350790569178,0,1e-05
4236,13.321476651934,0,1e-05
4237,13.6327754587807,0,1e-05
4238,13.3190741114154,0,1e-05
4239,13.630472688548,0,1e-05
4240,13.3166724132094,0,1e-05
4241,13.6281707454078,0,1e-05
4242,13.3142715565118,0,1e-05
4243,13.6258696285205,0,1e-05
4244,13.3118715405363,0,1e-05
4245,13.6235693371071,0,1e-05
4246,13.3094723644877,0,1e-05
4247,13.6212698703826,0,1e-05
4248,13.3070740275257,0,1e-05
4249,13.6189712274925,0,1e-05
4250,13.3046765289024,0,1e-05
4251,13.6166734076582,0,1e-05
4252,13.3022798677984,0,1e-05
4253,13.614376410087,0,1e-05
4254,13.2998840434611,0,1e-05
4255,13.6120802339747,0,1e-05
4256,13.2974890550291,0,1e-05
4257,13.6097848784969,0,1e-05
4258,13.2950949017224,0,1e-05
4259,13.6074903428647,0,1e-05
4260,13.292701582766,0,1e-05
4261,13.6051966262988,0,1e-05
4262,13.2903090973665,0,1e-05
4263,13.6029037279783,0,1e-05
4264,13.2879174447746,0,1e-05
4265,13.6006116471549,0,1e-05
4266,13.2855266241724,0,1e-05
4267,13.5983203830066,0,1e-05
4268,13.2831366347356,0,1e-05
4269,13.5960299347098,0,1e-05
4270,13.2807474757332,0,1e-05
4271,13.5937403015303,0,1e-05
4272,13.2783591463572,0,1e-05
4273,13.5914514826448,0,1e-05
4274,13.2759716458282,0,1e-05
4275,13.5891634772722,0,1e-05
4276,13.2735849733643,0,1e-05
4277,13.5868762846438,0,1e-05
4278,13.2711991282092,0,1e-05
4279,13.5845899039447,0,1e-05
4280,13.2688141095094,0,1e-05
4281,13.5823043343867,0,1e-05
4282,13.2664299165501,0,1e-05
4283,13.5800195752053,0,1e-05
4284,13.2640465485518,0,1e-05
4285,13.5777356256306,0,1e-05
4286,13.2616640046692,0,1e-05
4287,13.5754524848013,0,1e-05
4288,13.2592822841836,0,1e-05
4289,13.5731701520417,0,1e-05
4290,13.2569013863427,0,1e-05
4291,13.5708886265056,0,1e-05
4292,13.2545213103334,0,1e-05
4293,13.5686079074254,0,1e-05
4294,13.2521420554025,0,1e-05
4295,13.5663279940281,0,1e-05
4296,13.2497636207631,0,1e-05
4297,13.5640488855197,0,1e-05
4298,13.2473860056379,0,1e-05
4299,13.5617705811621,0,1e-05
4300,13.2450092092967,0,1e-05
4301,13.5594930801707,0,1e-05
4302,13.2426332309444,0,1e-05
4303,13.5572163817614,0,1e-05
4304,13.2402580698283,0,1e-05
4305,13.5549404851713,0,1e-05
4306,13.2378837251233,0,1e-05
4307,13.5526653895529,0,1e-05
4308,13.2355101960889,0,1e-05
4309,13.5503910942195,0,1e-05
4310,13.2331374819699,0,1e-05
4311,13.5481175983606,0,1e-05
4312,13.2307655820122,0,1e-05
4313,13.5458449012277,0,1e-05
4314,13.2283944954196,0,1e-05
4315,13.5435730020364,0,1e-05
4316,13.2260242214777,0,1e-05
4317,13.5413019000746,0,1e-05
4318,13.2236547594386,0,1e-05
4319,13.5390315945617,0,1e-05
4320,13.2212861085189,0,1e-05
4321,13.5367620846827,0,1e-05
4322,13.2189182679493,0,1e-05
4323,13.5344933696901,0,1e-05
4324,13.2165512369588,0,1e-05
4325,13.5322254488327,0,1e-05
4326,13.2141850148159,0,1e-05
4327,13.5299583213577,0,1e-05
4328,13.2118196007445,0,1e-05
4329,13.5276919864699,0,1e-05
4330,13.2094549939871,0,1e-05
4331,13.5254264434306,0,1e-05
4332,13.2070911938248,0,1e-05
4333,13.5231616914902,0,1e-05
4334,13.2047281994742,0,1e-05
4335,13.5208977298852,0,1e-05
4336,13.2023660102085,0,1e-05
4337,13.5186345578704,0,1e-05
4338,13.2000046252488,0,1e-05
4339,13.5163721746851,0,1e-05
4340,13.1976440438694,0,1e-05
4341,13.5141105795651,0,1e-05
4342,13.1952842652923,0,1e-05
4343,13.5118497717518,0,1e-05
4344,13.1929252888255,0,1e-05
4345,13.5095897505326,0,1e-05
4346,13.190567113681,0,1e-05
4347,13.5073305151256,0,1e-05
4348,13.188209739125,0,1e-05
4349,13.5050720647983,0,1e-05
4350,13.1858531644065,0,1e-05
4351,13.5028143987948,0,1e-05
4352,13.1834973888009,0,1e-05
4353,13.5005575163633,0,1e-05
4354,13.1811424115613,0,1e-05
4355,13.4983014167651,0,1e-05
4356,13.1787882319651,0,1e-05
4357,13.4960460992756,0,1e-05
4358,13.1764348492354,0,1e-05
4359,13.4937915631122,0,1e-05
4360,13.1740822626505,0,1e-05
4361,13.4915378075577,0,1e-05
4362,13.1717304714582,0,1e-05
4363,13.4892848318508,0,1e-05
4364,13.1693794749415,0,1e-05
4365,13.4870326352544,0,1e-05
4366,13.1670292723489,0,1e-05
4367,13.4847812170374,0,1e-05
4368,13.1646798629498,0,1e-05
4369,13.4825305764431,0,1e-05
4370,13.1623312460027,0,1e-05
4371,13.4802807127308,0,1e-05
4372,13.1599834207529,0,1e-05
4373,13.4780316251502,0,1e-05
4374,13.1576363864923,0,1e-05
4375,13.4757833129827,0,1e-05
4376,13.1552901425025,0,1e-05
4377,13.4735357755018,0,1e-05
4378,13.1529446880432,0,1e-05
4379,13.4712890119949,0,1e-05
4380,13.1506000224066,0,1e-05
4381,13.4690430217121,0,1e-05
4382,13.1482561448372,0,1e-05
4383,13.4667978038924,0,1e-05
4384,13.145913054614,0,1e-05
4385,13.4645533578219,0,1e-05
4386,13.1435707509905,0,1e-05
4387,13.462309682771,0,1e-05
4388,13.1412292332718,0,1e-05
4389,13.4600667780171,0,1e-05
4390,13.1388885007443,0,1e-05
4391,13.4578246428409,0,1e-05
4392,13.1365485526646,0,1e-05
4393,13.4555832765358,0,1e-05
4394,13.1342093883198,0,1e-05
4395,13.453342678342,0,1e-05
4396,13.131871007003,0,1e-05
4397,13.4511028475578,0,1e-05
4398,13.1295334080126,0,1e-05
4399,13.4488637834538,0,1e-05
4400,13.1271965905449,0,1e-05
4401,13.4466254852529,0,1e-05
4402,13.1248605539402,0,1e-05
4403,13.4443879523087,0,1e-05
4404,13.1225252974839,0,1e-05
4405,13.4421511838679,0,1e-05
4406,13.1201908204536,0,1e-05
4407,13.4399151791919,0,1e-05
4408,13.1178571221062,0,1e-05
4409,13.4376799375748,0,1e-05
4410,13.1155242017569,0,1e-05
4411,13.4354454583163,0,1e-05
4412,13.113192058691,0,1e-05
4413,13.433211740696,0,1e-05
4414,13.1108606921688,0,1e-05
4415,13.4309787839726,0,1e-05
4416,13.10853010152,0,1e-05
4417,13.4287465874652,0,1e-05
4418,13.106200286017,0,1e-05
4419,13.4265151504293,0,1e-05
4420,13.1038712449156,0,1e-05
4421,13.4242844721508,0,1e-05
4422,13.1015429775422,0,1e-05
4423,13.4220545519457,0,1e-05
4424,13.0992154831984,0,1e-05
4425,13.4198253891157,0,1e-05
4426,13.0968887611749,0,1e-05
4427,13.4175969828992,0,1e-05
4428,13.094562810784,0,1e-05
4429,13.415369332642,0,1e-05
4430,13.0922376312875,0,1e-05
4431,13.4131424376134,0,1e-05
4432,13.089913222019,0,1e-05
4433,13.4109162971217,0,1e-05
4434,13.087589582245,0,1e-05
4435,13.4086909104518,0,1e-05
4436,13.0852667112818,0,1e-05
4437,13.4064662768578,0,1e-05
4438,13.0829446084003,0,1e-05
4439,13.4042423956514,0,1e-05
4440,13.0806232728787,0,1e-05
4441,13.4020192661487,0,1e-05
4442,13.0783027040623,0,1e-05
4443,13.3997968876402,0,1e-05
4444,13.075982901252,0,1e-05
4445,13.3975752594346,0,1e-05
4446,13.0736638637166,0,1e-05
4447,13.3953543808202,0,1e-05
4448,13.0713455907904,0,1e-05
4449,13.3931342510762,0,1e-05
4450,13.0690280817859,0,1e-05
4451,13.3909148695603,0,1e-05
4452,13.0667113360073,0,1e-05
4453,13.3886962355506,0,1e-05
4454,13.0643953527765,0,1e-05
4455,13.3864783483529,0,1e-05
4456,13.0620801313592,0,1e-05
4457,13.3842612072536,0,1e-05
4458,13.0597656710687,0,1e-05
4459,13.3820448115595,0,1e-05
4460,13.0574519712532,0,1e-05
4461,13.3798291606229,0,1e-05
4462,13.0551390312207,0,1e-05
4463,13.3776142537072,0,1e-05
4464,13.0528268502371,0,1e-05
4465,13.3754000901132,0,1e-05
4466,13.0505154276387,0,1e-05
4467,13.3731866691711,0,1e-05
4468,13.0482047627275,0,1e-05
4469,13.3709739901866,0,1e-05
4470,13.0458948548608,0,1e-05
4471,13.3687620524828,0,1e-05
4472,13.0435857033145,0,1e-05
4473,13.3665508553754,0,1e-05
4474,13.0412773074385,0,1e-05
4475,13.364340398156,0,1e-05
4476,13.0389696665137,0,1e-05
4477,13.362130680168,0,1e-05
4478,13.0366627798881,0,1e-05
4479,13.3599217007002,0,1e-05
4480,13.0343566468617,0,1e-05
4481,13.3577134590817,0,1e-05
4482,13.0320512667441,0,1e-05
4483,13.3555059546102,0,1e-05
4484,13.029746638866,0,1e-05
4485,13.353299186624,0,1e-05
4486,13.0274427625982,0,1e-05
4487,13.351093154458,0,1e-05
4488,13.0251396372189,0,1e-05
4489,13.3488878574088,0,1e-05
4490,13.0228372620405,0,1e-05
4491,13.3466832948137,0,1e-05
4492,13.0205356364247,0,1e-05
4493,13.3444794660032,0,1e-05
4494,13.0182347596875,0,1e-05
4495,13.3422763702768,0,1e-05
4496,13.0159346311593,0,1e-05
4497,13.3400740069802,0,1e-05
4498,13.0136352501322,0,1e-05
4499,13.3378723754024,0,1e-05
4500,13.0113366159572,0,1e-05
4501,13.3356714748635,0,1e-05
4502,13.0090387279424,0,1e-05
4503,13.3334713047227,0,1e-05
4504,13.0067415854553,0,1e-05
4505,13.3312718643248,0,1e-05
4506,13.0044451878127,0,1e-05
4507,13.3290731529625,0,1e-05
4508,13.002149534342,0,1e-05
4509,13.3268751699736,0,1e-05
4510,12.9998546243877,0,1e-05
4511,13.324677914716,0,1e-05
4512,12.9975604572626,0,1e-05
4513,13.3224813864784,0,1e-05
4514,12.9952670323236,0,1e-05
4515,13.3202855846078,0,1e-05
4516,12.9929743488967,0,1e-05
4517,13.3180905084611,0,1e-05
4518,12.9906824063432,0,1e-05
4519,13.315896157356,0,1e-05
4520,12.9883912039711,0,1e-05
4521,13.3137025306391,0,1e-05
4522,12.9861007411493,0,1e-05
4523,13.3115096276343,0,1e-05
4524,12.9838110171836,0,1e-05
4525,13.3093174476698,0,1e-05
4526,12.981522031423,0,1e-05
4527,13.3071259900967,0,1e-05
4528,12.9792337832012,0,1e-05
4529,13.3049352542365,0,1e-05
4530,12.976946271869,0,1e-05
4531,13.3027452394368,0,1e-05
4532,12.9746594967801,0,1e-05
4533,13.3005559450633,0,1e-05
4534,12.9723734572875,0,1e-05
4535,13.2983673704471,0,1e-05
4536,12.9700881526899,0,1e-05
4537,13.2961795149038,0,1e-05
4538,12.9678035823915,0,1e-05
4539,13.2939923778217,0,1e-05
4540,12.9655197457056,0,1e-05
4541,13.2918059585164,0,1e-05
4542,12.9632366419837,0,1e-05
4543,13.2896202563127,0,1e-05
4544,12.960954270554,0,1e-05
4545,13.2874352705885,0,1e-05
4546,12.9586726308036,0,1e-05
4547,13.2852510006816,0,1e-05
4548,12.9563917220533,0,1e-05
4549,13.2830674459491,0,1e-05
4550,12.9541115436972,0,1e-05
4551,13.2808846057598,0,1e-05
4552,12.9518320950524,0,1e-05
4553,13.2787024794048,0,1e-05
4554,12.9495533754657,0,1e-05
4555,13.2765210662841,0,1e-05
4556,12.9472753842903,0,1e-05
4557,13.2743403657112,0,1e-05
4558,12.9449981209222,0,1e-05
4559,13.2721603770804,0,1e-05
4560,12.9427215846737,0,1e-05
4561,13.2699810997136,0,1e-05
4562,12.9404457749024,0,1e-05
4563,13.267802532962,0,1e-05
4564,12.938170690992,0,1e-05
4565,13.2656246762475,0,1e-05
4566,12.9358963323295,0,1e-05
4567,13.2634475288666,0,1e-05
4568,12.9336226982178,0,1e-05
4569,13.2612710901664,0,1e-05
4570,12.9313497880247,0,1e-05
4571,13.2590953595131,0,1e-05
4572,12.9290776010914,0,1e-05
4573,13.2569203362721,0,1e-05
4574,12.9268061368474,0,1e-05
4575,13.2547460198303,0,1e-05
4576,12.924535394586,0,1e-05
4577,13.2525724095151,0,1e-05
4578,12.9222653737132,0,1e-05
4579,13.2503995047013,0,1e-05
4580,12.919996073583,0,1e-05
4581,13.2482273047437,0,1e-05
4582,12.9177274935692,0,1e-05
4583,13.2460558090259,0,1e-05
4584,12.9154596330395,0,1e-05
4585,13.2438850168898,0,1e-05
4586,12.9131924913319,0,1e-05
4587,13.2417149277137,0,1e-05
4588,12.9109260678321,0,1e-05
4589,13.2395455408491,0,1e-05
4590,12.9086603619085,0,1e-05
4591,13.2373768556824,0,1e-05
4592,12.9063953729559,0,1e-05
4593,13.2352088715878,0,1e-05
4594,12.9041311003147,0,1e-05
4595,13.2330415879035,0,1e-05
4596,12.9018675433637,0,1e-05
4597,13.2308750040251,0,1e-05
4598,12.8996047014804,0,1e-05
4599,13.2287091193127,0,1e-05
4600,12.8973425740065,0,1e-05
4601,13.226543933121,0,1e-05
4602,12.8950811603739,0,1e-05
4603,13.2243794448798,0,1e-05
4604,12.8928204599552,0,1e-05
4605,13.2222156539391,0,1e-05
4606,12.8905604720885,0,1e-05
4607,13.2200525596317,0,1e-05
4608,12.8883011961687,0,1e-05
4609,13.2178901613641,0,1e-05
4610,12.8860426315626,0,1e-05
4611,13.2157284585039,0,1e-05
4612,12.8837847776404,0,1e-05
4613,13.2135674504309,0,1e-05
4614,12.8815276338023,0,1e-05
4615,13.211407136509,0,1e-05
4616,12.8792711993995,0,1e-05
4617,13.209247516121,0,1e-05
4618,12.8770154738237,0,1e-05
4619,13.2070885886534,0,1e-05
4620,12.8747604564815,0,1e-05
4621,13.2049303534963,0,1e-05
4622,12.872506146729,0,1e-05
4623,13.2027728100177,0,1e-05
4624,12.8702525439372,0,1e-05
4625,13.2006159575939,0,1e-05
4626,12.8679996475281,0,1e-05
4627,13.1984597956252,0,1e-05
4628,12.8657474568833,0,1e-05
4629,13.1963043234879,0,1e-05
4630,12.8634959713484,0,1e-05
4631,13.1941495405529,0,1e-05
4632,12.8612451903655,0,1e-05
4633,13.1919954462563,0,1e-05
4634,12.8589951132849,0,1e-05
4635,13.1898420399221,0,1e-05
4636,12.8567457395175,0,1e-05
4637,13.1876893209663,0,1e-05
4638,12.8544970684215,0,1e-05
4639,13.1855372887589,0,1e-05
4640,12.8522490994194,0,1e-05
4641,13.183385942709,0,1e-05
4642,12.8500018318998,0,1e-05
4643,13.1812352822049,0,1e-05
4644,12.8477552652372,0,1e-05
4645,13.17908530662,0,1e-05
4646,12.8455093988088,0,1e-05
4647,13.1769360153485,0,1e-05
4648,12.8432642320511,0,1e-05
4649,13.1747874078052,0,1e-05
4650,12.8410197643386,0,1e-05
4651,13.1726394833821,0,1e-05
4652,12.8387759950557,0,1e-05
4653,13.1704922414456,0,1e-05
4654,12.8365329236297,0,1e-05
4655,13.1683456814064,0,1e-05
4656,12.834290549441,0,1e-05
4657,13.1661998026622,0,1e-05
4658,12.832048871876,0,1e-05
4659,13.164054604629,0,1e-05
4660,12.8298078903501,0,1e-05
4661,13.1619100866744,0,1e-05
4662,12.8275676042504,0,1e-05
4663,13.1597662482093,0,1e-05
4664,12.8253280129882,0,1e-05
4665,13.1576230886236,0,1e-05
4666,12.8230891159488,0,1e-05
4667,13.1554806072923,0,1e-05
4668,12.8208509125426,0,1e-05
4669,13.1533388036639,0,1e-05
4670,12.818613402156,0,1e-05
4671,13.1511976771236,0,1e-05
4672,12.8163765842379,0,1e-05
4673,13.1490572270694,0,1e-05
4674,12.8141404581347,0,1e-05
4675,13.1469174528934,0,1e-05
4676,12.8119050232974,0,1e-05
4677,13.1447783540291,0,1e-05
4678,12.8096702791285,0,1e-05
4679,13.1426399298665,0,1e-05
4680,12.8074362250007,0,1e-05
4681,13.1405021797905,0,1e-05
4682,12.8052028603675,0,1e-05
4683,13.1383651032468,0,1e-05
4684,12.8029701845967,0,1e-05
4685,13.1362286996064,0,1e-05
4686,12.8007381971054,0,1e-05
4687,13.1340929682841,0,1e-05
4688,12.7985068973015,0,1e-05
4689,13.1319579087014,0,1e-05
4690,12.7962762846164,0,1e-05
4691,13.1298235202763,0,1e-05
4692,12.7940463584645,0,1e-05
4693,13.127689802417,0,1e-05
4694,12.7918171182506,0,1e-05
4695,13.1255567545281,0,1e-05
4696,12.7895885633696,0,1e-05
4697,13.1234243760079,0,1e-05
4698,12.7873606932599,0,1e-05
4699,13.1212926662763,0,1e-05
4700,12.7851335072924,0,1e-05
4701,13.1191616247337,0,1e-05
4702,12.7829070049256,0,1e-05
4703,13.1170312508363,0,1e-05
4704,12.7806811855922,0,1e-05
4705,13.1149015439875,0,1e-05
4706,12.7784560486631,0,1e-05
4707,13.1127725035754,0,1e-05
4708,12.7762315935886,0,1e-05
4709,13.1106441290257,0,1e-05
4710,12.774007819761,0,1e-05
4711,13.1085164197678,0,1e-05
4712,12.771784726623,0,1e-05
4713,13.1063893752282,0,1e-05
4714,12.7695623135871,0,1e-05
4715,13.1042629948014,0,1e-05
4716,12.767340580072,0,1e-05
4717,13.1021372779321,0,1e-05
4718,12.7651195254814,0,1e-05
4719,13.1000122240098,0,1e-05
4720,12.7628991492787,0,1e-05
4721,13.0978878325118,0,1e-05
4722,12.7606794508834,0,1e-05
4723,13.0957641028206,0,1e-05
4724,12.758460429696,0,1e-05
4725,13.0936410343657,0,1e-05
4726,12.7562420851454,0,1e-05
4727,13.0915186265649,0,1e-05
4728,12.7540244166678,0,1e-05
4729,13.0893968788557,0,1e-05
4730,12.7518074236683,0,1e-05
4731,13.0872757906417,0,1e-05
4732,12.7495911055789,0,1e-05
4733,13.0851553613661,0,1e-05
4734,12.7473754618366,0,1e-05
4735,13.083035590463,0,1e-05
4736,12.7451604919038,0,1e-05
4737,13.0809164773693,0,1e-05
4738,12.7429461951548,0,1e-05
4739,13.0787980214804,0,1e-05
4740,12.7407325710864,0,1e-05
4741,13.0766802222768,0,1e-05
4742,12.7385196190735,0,1e-05
4743,13.0745630791547,0,1e-05
4744,12.7363073385525,0,1e-05
4745,13.0724465915345,0,1e-05
4746,12.73409572897,0,1e-05
4747,13.0703307588589,0,1e-05
4748,12.7318847897689,0,1e-05
4749,13.0682155805719,0,1e-05
4750,12.7296745203623,0,1e-05
4751,13.0661010560958,0,1e-05
4752,12.7274649202101,0,1e-05
4753,13.0639871848832,0,1e-05
4754,12.7252559887273,0,1e-05
4755,13.0618739663294,0,1e-05
4756,12.7230477253339,0,1e-05
4757,13.0597613998941,0,1e-05
4758,12.7208401294763,0,1e-05
4759,13.0576494850079,0,1e-05
4760,12.7186332006127,0,1e-05
4761,13.0555382211115,0,1e-05
4762,12.7164269381667,0,1e-05
4763,13.053427607652,0,1e-05
4764,12.7142213416089,0,1e-05
4765,13.0513176440858,0,1e-05
4766,12.7120164103762,0,1e-05
4767,13.0492083298529,0,1e-05
4768,12.7098121439193,0,1e-05
4769,13.0470996643802,0,1e-05
4770,12.7076085416306,0,1e-05
4771,13.0449916470953,0,1e-05
4772,12.7054056029663,0,1e-05
4773,13.0428842774358,0,1e-05
4774,12.703203327392,0,1e-05
4775,13.0407775548632,0,1e-05
4776,12.7010017143253,0,1e-05
4777,13.0386714788142,0,1e-05
4778,12.6988007632206,0,1e-05
4779,13.0365660487316,0,1e-05
4780,12.6966004735379,0,1e-05
4781,13.0344612640618,0,1e-05
4782,12.6944008447228,0,1e-05
4783,13.0323571242732,0,1e-05
4784,12.692201876224,0,1e-05
4785,13.0302536287938,0,1e-05
4786,12.6900035674955,0,1e-05
4787,13.0281507770946,0,1e-05
4788,12.6878059179877,0,1e-05
4789,13.0260485685988,0,1e-05
4790,12.685608927134,0,1e-05
4791,13.0239470027616,0,1e-05
4792,12.6834125943824,0,1e-05
4793,13.0218460790274,0,1e-05
4794,12.6812169191861,0,1e-05
4795,13.0197457968451,0,1e-05
4796,12.6790219010133,0,1e-05
4797,13.0176461556783,0,1e-05
4798,12.6768275393068,0,1e-05
4799,13.0155471549723,0,1e-05
4800,12.6746338335004,0,1e-05
4801,13.0134487941652,0,1e-05
4802,12.67244078307,0,1e-05
4803,13.0113510727515,0,1e-05
4804,12.6702483874815,0,1e-05
4805,13.0092539901591,0,1e-05
4806,12.6680566461829,0,1e-05
4807,13.0071575458554,0,1e-05
4808,12.6658655586309,0,1e-05
4809,13.0050617392964,0,1e-05
4810,12.6636751242785,0,1e-05
4811,13.0029665699177,0,1e-05
4812,12.6614853425716,0,1e-05
4813,13.0008720371945,0,1e-05
4814,12.6592962129929,0,1e-05
4815,12.9987781405761,0,1e-05
4816,12.6571077349836,0,1e-05
4817,12.996684879533,0,1e-05
4818,12.6549199080227,0,1e-05
4819,12.9945922535273,0,1e-05
4820,12.6527327315744,0,1e-05
4821,12.9925002620216,0,1e-05
4822,12.6505462050867,0,1e-05
4823,12.9904089044522,0,1e-05
4824,12.6483603279862,0,1e-05
4825,12.9883181802974,0,1e-05
4826,12.6461750997509,0,1e-05
4827,12.9862280890002,0,1e-05
4828,12.6439905198844,0,1e-05
4829,12.9841386300635,0,1e-05
4830,12.6418065878271,0,1e-05
4831,12.9820498029194,0,1e-05
4832,12.6396233030459,0,1e-05
4833,12.9799616070426,0,1e-05
4834,12.6374406650291,0,1e-05
4835,12.9778740419326,0,1e-05
4836,12.6352586732159,0,1e-05
4837,12.9757871070276,0,1e-05
4838,12.6330773270897,0,1e-05
4839,12.9737008017826,0,1e-05
4840,12.6308966261328,0,1e-05
4841,12.9716151257063,0,1e-05
4842,12.6287165697883,0,1e-05
4843,12.9695300782169,0,1e-05
4844,12.6265371575145,0,1e-05
4845,12.9674456588056,0,1e-05
4846,12.6243583887879,0,1e-05
4847,12.9653618669211,0,1e-05
4848,12.6221802630999,0,1e-05
4849,12.9632787020781,0,1e-05
4850,12.6200027799257,0,1e-05
4851,12.9611961637246,0,1e-05
4852,12.6178259387202,0,1e-05
4853,12.9591142513463,0,1e-05
4854,12.6156497389759,0,1e-05
4855,12.9570329644138,0,1e-05
4856,12.6134741801489,0,1e-05
4857,12.9549523023816,0,1e-05
4858,12.6112992617506,0,1e-05
4859,12.952872264759,0,1e-05
4860,12.6091249832056,0,1e-05
4861,12.9507928509886,0,1e-05
4862,12.6069513440104,0,1e-05
4863,12.948714060561,0,1e-05
4864,12.6047783436497,0,1e-05
4865,12.9466358929549,0,1e-05
4866,12.602605981587,0,1e-05
4867,12.944558347653,0,1e-05
4868,12.6004342573108,0,1e-05
4869,12.942481424099,0,1e-05
4870,12.5982631702974,0,1e-05
4871,12.940405121807,0,1e-05
4872,12.5960927200302,0,1e-05
4873,12.938329440248,0,1e-05
4874,12.5939229059754,0,1e-05
4875,12.9362543788928,0,1e-05
4876,12.5917537276373,0,1e-05
4877,12.9341799372471,0,1e-05
4878,12.58958518449,0,1e-05
4879,12.9321061147624,0,1e-05
4880,12.587417275989,0,1e-05
4881,12.9300329109374,0,1e-05
4882,12.5852500016427,0,1e-05
4883,12.9279603252529,0,1e-05
4884,12.5830833609401,0,1e-05
4885,12.9258883571974,0,1e-05
4886,12.5809173533611,0,1e-05
4887,12.9238170062583,0,1e-05
4888,12.5787519783875,0,1e-05
4889,12.9217462719052,0,1e-05
4890,12.5765872355127,0,1e-05
4891,12.9196761536486,0,1e-05
4892,12.5744231242354,0,1e-05
4893,12.9176066509785,0,1e-05
4894,12.5722596440217,0,1e-05
4895,12.9155377633614,0,1e-05
4896,12.5700967943807,0,1e-05
4897,12.9134694902996,0,1e-05
4898,12.5679345747699,0,1e-05
4899,12.9114018312484,0,1e-05
4900,12.5657729846849,0,1e-05
4901,12.9093347857282,0,1e-05
4902,12.5636120236345,0,1e-05
4903,12.9072683532208,0,1e-05
4904,12.5614516910883,0,1e-05
4905,12.9052025332194,0,1e-05
4906,12.5592919865824,0,1e-05
4907,12.9031373252421,0,1e-05
4908,12.5571329095702,0,1e-05
4909,12.90107272875,0,1e-05
4910,12.5549744595435,0,1e-05
4911,12.8990087432338,0,1e-05
4912,12.5528166360166,0,1e-05
4913,12.8969453681892,0,1e-05
4914,12.5506594384514,0,1e-05
4915,12.8948826031287,0,1e-05
4916,12.5485028663678,0,1e-05
4917,12.8928204475313,0,1e-05
4918,12.5463469192733,0,1e-05
4919,12.8907589009117,0,1e-05
4920,12.5441915966509,0,1e-05
4921,12.8886979627708,0,1e-05
4922,12.542036898006,0,1e-05
4923,12.8866376325774,0,1e-05
4924,12.539882822838,0,1e-05
4925,12.8845779098579,0,1e-05
4926,12.5377293706405,0,1e-05
4927,12.8825187940931,0,1e-05
4928,12.535576540886,0,1e-05
4929,12.8804602847664,0,1e-05
4930,12.5334243331095,0,1e-05
4931,12.8784023814257,0,1e-05
4932,12.531272746811,0,1e-05
4933,12.8763450835346,0,1e-05
4934,12.5291217814746,0,1e-05
4935,12.8742883906053,0,1e-05
4936,12.5269714366061,0,1e-05
4937,12.8722323021522,0,1e-05
4938,12.5248217117308,0,1e-05
4939,12.8701768176462,0,1e-05
4940,12.5226726063069,0,1e-05
4941,12.868121936602,0,1e-05
4942,12.5205241198716,0,1e-05
4943,12.8660676585399,0,1e-05
4944,12.5183762519294,0,1e-05
4945,12.86401398297,0,1e-05
4946,12.5162290019773,0,1e-05
4947,12.8619609093792,0,1e-05
4948,12.5140823695426,0,1e-05
4949,12.8599084373059,0,1e-05
4950,12.5119363541272,0,1e-05
4951,12.8578565662335,0,1e-05
4952,12.5097909552133,0,1e-05
4953,12.8558052956609,0,1e-05
4954,12.5076461723279,0,1e-05
4955,12.8537546251156,0,1e-05
4956,12.5055020049863,0,1e-05
4957,12.8517045541018,0,1e-05
4958,12.5033584526768,0,1e-05
4959,12.8496550821133,0,1e-05
4960,12.5012155149084,0,1e-05
4961,12.8476062086645,0,1e-05
4962,12.4990731911911,0,1e-05
4963,12.8455579332616,0,1e-05
4964,12.4969314810488,0,1e-05
4965,12.8435102554424,0,1e-05
4966,12.4947903839869,0,1e-05
4967,12.8414631746961,0,1e-05
4968,12.492649899547,0,1e-05
4969,12.8394166905762,0,1e-05
4970,12.490510027219,0,1e-05
4971,12.8373708025469,0,1e-05
4972,12.4883707665208,0,1e-05
4973,12.8353255101628,0,1e-05
4974,12.4862321169658,0,1e-05
4975,12.8332808128969,0,1e-05
4976,12.4840940780682,0,1e-05
4977,12.8312367103027,0,1e-05
4978,12.4819566493384,0,1e-05
4979,12.8291932018803,0,1e-05
4980,12.4798198302971,0,1e-05
4981,12.8271502871494,0,1e-05
4982,12.4776836204774,0,1e-05
4983,12.8251079656359,0,1e-05
4984,12.4755480193901,0,1e-05
4985,12.8230662368497,0,1e-05
4986,12.4734130265436,0,1e-05
4987,12.8210251002999,0,1e-05
4988,12.4712786414664,0,1e-05
4989,12.8189845555211,0,1e-05
4990,12.4691448636705,0,1e-05
4991,12.816944602027,0,1e-05
4992,12.4670116926816,0,1e-05
4993,12.8149052393511,0,1e-05
4994,12.4648791280103,0,1e-05
4995,12.8128664669939,0,1e-05
4996,12.4627471692035,0,1e-05
4997,12.8108282844986,0,1e-05
4998,12.4606158157856,0,1e-05
4999,12.8087906913925,0,1e-05
5000,12.4584850672445,0,1e-05
5001,12.8067536871728,0,1e-05
5002,12.4563549231272,0,1e-05
5003,12.8047172713856,0,1e-05
5004,12.4542253829626,0,1e-05
5005,12.8026814435551,0,1e-05
5006,12.4520964462708,0,1e-05
5007,12.8006462031982,0,1e-05
5008,12.4499681125782,0,1e-05
5009,12.7986115498495,0,1e-05
5010,12.447840381403,0,1e-05
5011,12.796577483006,0,1e-05
5012,12.4457132522799,0,1e-05
5013,12.7945440022257,0,1e-05
5014,12.4435867247342,0,1e-05
5015,12.792511107025,0,1e-05
5016,12.4414607982927,0,1e-05
5017,12.7904787969595,0,1e-05
5018,12.4393354724979,0,1e-05
5019,12.7884470715308,0,1e-05
5020,12.4372107468696,0,1e-05
5021,12.7864159302866,0,1e-05
5022,12.4350866209376,0,1e-05
5023,12.7843853727382,0,1e-05
5024,12.4329630942291,0,1e-05
5025,12.7823553984301,0,1e-05
5026,12.4308401662934,0,1e-05
5027,12.7803260069174,0,1e-05
5028,12.4287178366685,0,1e-05
5029,12.7782971977093,0,1e-05
5030,12.4265961048503,0,1e-05
5031,12.776268970322,0,1e-05
5032,12.424474970401,0,1e-05
5033,12.7742413243151,0,1e-05
5034,12.4223544328323,0,1e-05
5035,12.7722142592068,0,1e-05
5036,12.4202344916925,0,1e-05
5037,12.770187774545,0,1e-05
5038,12.4181151465048,0,1e-05
5039,12.7681618698504,0,1e-05
5040,12.4159963968297,0,1e-05
5041,12.7661365446783,0,1e-05
5042,12.4138782422098,0,1e-05
5043,12.7641117985691,0,1e-05
5044,12.4117606821708,0,1e-05
5045,12.7620876310578,0,1e-05
5046,12.4096437162351,0,1e-05
5047,12.7600640416566,0,1e-05
5048,12.4075273439545,0,1e-05
5049,12.7580410299358,0,1e-05
5050,12.4054115648673,0,1e-05
5051,12.756018595438,0,1e-05
5052,12.4032963785174,0,1e-05
5053,12.7539967376833,0,1e-05
5054,12.4011817844483,0,1e-05
5055,12.7519754562377,0,1e-05
5056,12.3990677821938,0,1e-05
5057,12.7499547506142,0,1e-05
5058,12.3969543712936,0,1e-05
5059,12.7479346203684,0,1e-05
5060,12.3948415512869,0,1e-05
5061,12.7459150650388,0,1e-05
5062,12.3927293217169,0,1e-05
5063,12.743896084174,0,1e-05
5064,12.3906176821439,0,1e-05
5065,12.7418776773163,0,1e-05
5066,12.3885066320914,0,1e-05
5067,12.7398598440101,0,1e-05
5068,12.3863961711258,0,1e-05
5069,12.7378425838096,0,1e-05
5070,12.3842862987803,0,1e-05
5071,12.735825896258,0,1e-05
5072,12.3821770146167,0,1e-05
5073,12.733809780912,0,1e-05
5074,12.380068318154,0,1e-05
5075,12.7317942372999,0,1e-05
5076,12.3779602089771,0,1e-05
5077,12.7297792649944,0,1e-05
5078,12.3758526866124,0,1e-05
5079,12.7277648635173,0,1e-05
5080,12.3737457506101,0,1e-05
5081,12.725751032432,0,1e-05
5082,12.3716394005106,0,1e-05
5083,12.723737771272,0,1e-05
5084,12.3695336358446,0,1e-05
5085,12.7217250795838,0,1e-05
5086,12.3674284562054,0,1e-05
5087,12.719712956946,0,1e-05
5088,12.3653238611248,0,1e-05
5089,12.7177014029093,0,1e-05
5090,12.3632198501599,0,1e-05
5091,12.7156904170216,0,1e-05
5092,12.3611164228744,0,1e-05
5093,12.7136799988372,0,1e-05
5094,12.3590135787929,0,1e-05
5095,12.7116701478837,0,1e-05
5096,12.3569113174897,0,1e-05
5097,12.7096608637542,0,1e-05
5098,12.3548096385065,0,1e-05
5099,12.7076521459715,0,1e-05
5100,12.3527085414022,0,1e-05
5101,12.7056439940864,0,1e-05
5102,12.3506080257212,0,1e-05
5103,12.7036364076792,0,1e-05
5104,12.3485080910496,0,1e-05
5105,12.7016293863253,0,1e-05
5106,12.3464087369414,0,1e-05
5107,12.6996229295621,0,1e-05
5108,12.3443099629369,0,1e-05
5109,12.6976170369276,0,1e-05
5110,12.3422117685858,0,1e-05
5111,12.6956117079926,0,1e-05
5112,12.3401141534518,0,1e-05
5113,12.6936069423154,0,1e-05
5114,12.3380171171115,0,1e-05
5115,12.6916027394731,0,1e-05
5116,12.335920659107,0,1e-05
5117,12.6895990990032,0,1e-05
5118,12.3338247789981,0,1e-05
5119,12.6875960204763,0,1e-05
5120,12.3317294763507,0,1e-05
5121,12.6855935034534,0,1e-05
5122,12.3296347507405,0,1e-05
5123,12.6835915474992,0,1e-05
5124,12.3275406017037,0,1e-05
5125,12.681590152172,0,1e-05
5126,12.3254470288256,0,1e-05
5127,12.6795893170555,0,1e-05
5128,12.3233540316571,0,1e-05
5129,12.6775890416853,0,1e-05
5130,12.3212616097688,0,1e-05
5131,12.6755893256411,0,1e-05
5132,12.3191697627159,0,1e-05
5133,12.673590168487,0,1e-05
5134,12.3170784900764,0,1e-05
5135,12.6715915697875,0,1e-05
5136,12.3149877914086,0,1e-05
5137,12.6695935291063,0,1e-05
5138,12.3128976662705,0,1e-05
5139,12.6675960459937,0,1e-05
5140,12.3108081142227,0,1e-05
5141,12.6655991200347,0,1e-05
5142,12.3087191348643,0,1e-05
5143,12.6636027508115,0,1e-05
5144,12.3066307277295,0,1e-05
5145,12.6616069378786,0,1e-05
5146,12.3045428924023,0,1e-05
5147,12.6596116807983,0,1e-05
5148,12.3024556284518,0,1e-05
5149,12.6576169791531,0,1e-05
5150,12.3003689354591,0,1e-05
5151,12.6556228325099,0,1e-05
5152,12.2982828129694,0,1e-05
5153,12.6536292404362,0,1e-05
5154,12.2961972605801,0,1e-05
5155,12.6516362025147,0,1e-05
5156,12.2941122778482,0,1e-05
5157,12.6496437183103,0,1e-05
5158,12.2920278643497,0,1e-05
5159,12.6476517873965,0,1e-05
5160,12.2899440196531,0,1e-05
5161,12.6456604093429,0,1e-05
5162,12.2878607433251,0,1e-05
5163,12.6436695837193,0,1e-05
5164,12.2857780349542,0,1e-05
5165,12.6416793101012,0,1e-05
5166,12.2836958941033,0,1e-05
5167,12.6396895880923,0,1e-05
5168,12.2816143203671,0,1e-05
5169,12.6377004172482,0,1e-05
5170,12.279533313305,0,1e-05
5171,12.6357117971407,0,1e-05
5172,12.2774528724922,0,1e-05
5173,12.6337237273449,0,1e-05
5174,12.2753729975107,0,1e-05
5175,12.6317362074443,0,1e-05
5176,12.2732936879241,0,1e-05
5177,12.6297492370166,0,1e-05
5178,12.2712149433161,0,1e-05
5179,12.6277628156334,0,1e-05
5180,12.2691367632688,0,1e-05
5181,12.6257769428747,0,1e-05
5182,12.267059147369,0,1e-05
5183,12.6237916183328,0,1e-05
5184,12.2649820951925,0,1e-05
5185,12.6218068415819,0,1e-05
5186,12.2629056063121,0,1e-05
5187,12.6198226122035,0,1e-05
5188,12.2608296803111,0,1e-05
5189,12.6178389297698,0,1e-05
5190,12.2587543167634,0,1e-05
5191,12.6158557938699,0,1e-05
5192,12.2566795152507,0,1e-05
5193,12.6138732040773,0,1e-05
5194,12.2546052753708,0,1e-05
5195,12.6118911600103,0,1e-05
5196,12.2525315967069,0,1e-05
5197,12.6099096612175,0,1e-05
5198,12.2504584788449,0,1e-05
5199,12.6079287072919,0,1e-05
5200,12.2483859213557,0,1e-05
5201,12.6059482978236,0,1e-05
5202,12.2463139238277,0,1e-05
5203,12.6039684323998,0,1e-05
5204,12.2442424858379,0,1e-05
5205,12.6019891105917,0,1e-05
5206,12.2421716069828,0,1e-05
5207,12.6000103319998,0,1e-05
5208,12.2401012868395,0,1e-05
5209,12.5980320961995,0,1e-05
5210,12.2380315249994,0,1e-05
5211,12.5960544027873,0,1e-05
5212,12.2359623210521,0,1e-05
5213,12.5940772513376,0,1e-05
5214,12.2338936745811,0,1e-05
5215,12.592100641464,0,1e-05
5216,12.2318255851766,0,1e-05
5217,12.5901245727411,0,1e-05
5218,12.2297580524385,0,1e-05
5219,12.5881490447697,0,1e-05
5220,12.2276910759417,0,1e-05
5221,12.5861740571325,0,1e-05
5222,12.2256246552858,0,1e-05
5223,12.5841996094137,0,1e-05
5224,12.2235587900559,0,1e-05
5225,12.5822257012096,0,1e-05
5226,12.2214934798283,0,1e-05
5227,12.5802523321105,0,1e-05
5228,12.2194287242139,0,1e-05
5229,12.5782795017074,0,1e-05
5230,12.2173645227889,0,1e-05
5231,12.5763072095942,0,1e-05
5232,12.2153008751618,0,1e-05
5233,12.5743354553776,0,1e-05
5234,12.213237780941,0,1e-05
5235,12.5723642386599,0,1e-05
5236,12.2111752397099,0,1e-05
5237,12.5703935590248,0,1e-05
5238,12.2091132510688,0,1e-05
5239,12.5684234160706,0,1e-05
5240,12.2070518145981,0,1e-05
5241,12.5664538093862,0,1e-05
5242,12.2049909298918,0,1e-05
5243,12.5644847385649,0,1e-05
5244,12.2029305965429,0,1e-05
5245,12.5625162031917,0,1e-05
5246,12.2008708141453,0,1e-05
5247,12.5605482028833,0,1e-05
5248,12.198811582323,0,1e-05
5249,12.5585807372494,0,1e-05
5250,12.1967529006558,0,1e-05
5251,12.5566138058745,0,1e-05
5252,12.1946947687465,0,1e-05
5253,12.5546474083508,0,1e-05
5254,12.192637186182,0,1e-05
5255,12.5526815442756,0,1e-05
5256,12.1905801525541,0,1e-05
5257,12.5507162132514,0,1e-05
5258,12.188523667489,0,1e-05
5259,12.5487514148989,0,1e-05
5260,12.1864677305753,0,1e-05
5261,12.5467871488023,0,1e-05
5262,12.1844123414232,0,1e-05
5263,12.5448234145739,0,1e-05
5264,12.1823574996174,0,1e-05
5265,12.5428602118161,0,1e-05
5266,12.1803032047761,0,1e-05
5267,12.5408975401135,0,1e-05
5268,12.1782494564884,0,1e-05
5269,12.5389353990952,0,1e-05
5270,12.1761962543677,0,1e-05
5271,12.5369737883478,0,1e-05
5272,12.1741435980163,0,1e-05
5273,12.5350127074833,0,1e-05
5274,12.17209148703,0,1e-05
5275,12.5330521561004,0,1e-05
5276,12.1700399210344,0,1e-05
5277,12.531092133818,0,1e-05
5278,12.1679888996063,0,1e-05
5279,12.5291326402322,0,1e-05
5280,12.165938422375,0,1e-05
5281,12.5271736749545,0,1e-05
5282,12.1638884889364,0,1e-05
5283,12.525215237591,0,1e-05
5284,12.1618390988993,0,1e-05
5285,12.5232573277534,0,1e-05
5286,12.1597902518712,0,1e-05
5287,12.521299945047,0,1e-05
5288,12.1577419474534,0,1e-05
5289,12.5193430890661,0,1e-05
5290,12.1556941852458,0,1e-05
5291,12.5173867594227,0,1e-05
5292,12.1536469648749,0,1e-05
5293,12.5154309557508,0,1e-05
5294,12.1516002859528,0,1e-05
5295,12.5134756776611,0,1e-05
5296,12.1495541481002,0,1e-05
5297,12.5115209247531,0,1e-05
5298,12.147508550911,0,1e-05
5299,12.5095666966343,0,1e-05
5300,12.1454634939943,0,1e-05
5301,12.507612992916,0,1e-05
5302,12.1434189769622,0,1e-05
5303,12.5056598132175,0,1e-05
5304,12.1413749994319,0,1e-05
5305,12.5037071571513,0,1e-05
5306,12.1393315610084,0,1e-05
5307,12.5017550243215,0,1e-05
5308,12.1372886613059,0,1e-05
5309,12.4998034143587,0,1e-05
5310,12.1352462999513,0,1e-05
5311,12.4978523268742,0,1e-05
5312,12.1332044765502,0,1e-05
5313,12.4959017614872,0,1e-05
5314,12.1311631907271,0,1e-05
5315,12.4939517177999,0,1e-05
5316,12.1291224420962,0,1e-05
5317,12.4920021954403,0,1e-05
5318,12.1270822302586,0,1e-05
5319,12.4900531940156,0,1e-05
5320,12.1250425548213,0,1e-05
5321,12.4881047131329,0,1e-05
5322,12.1230034154176,0,1e-05
5323,12.4861567524387,0,1e-05
5324,12.1209648116753,0,1e-05
5325,12.484209311535,0,1e-05
5326,12.1189267431837,0,1e-05
5327,12.4822623900397,0,1e-05
5328,12.1168892095857,0,1e-05
5329,12.4803159875758,0,1e-05
5330,12.1148522105006,0,1e-05
5331,12.4783701037626,0,1e-05
5332,12.112815745534,0,1e-05
5333,12.4764247382236,0,1e-05
5334,12.1107798143078,0,1e-05
5335,12.4744798905713,0,1e-05
5336,12.1087444164467,0,1e-05
5337,12.4725355604259,0,1e-05
5338,12.1067095515736,0,1e-05
5339,12.4705917474221,0,1e-05
5340,12.1046752193012,0,1e-05
5341,12.4686484511781,0,1e-05
5342,12.1026414192696,0,1e-05
5343,12.4667056713216,0,1e-05
5344,12.1006081510896,0,1e-05
5345,12.4647634074689,0,1e-05
5346,12.0985754143845,0,1e-05
5347,12.462821659249,0,1e-05
5348,12.096543208771,0,1e-05
5349,12.4608804262778,0,1e-05
5350,12.0945115338677,0,1e-05
5351,12.4589397081737,0,1e-05
5352,12.0924803893246,0,1e-05
5353,12.4569995045884,0,1e-05
5354,12.090449774745,0,1e-05
5355,12.4550598151231,0,1e-05
5356,12.0884196897572,0,1e-05
5357,12.4531206394219,0,1e-05
5358,12.0863901340012,0,1e-05
5359,12.4511819771081,0,1e-05
5360,12.0843611070914,0,1e-05
5361,12.4492438278087,0,1e-05
5362,12.0823326086599,0,1e-05
5363,12.4473061911459,0,1e-05
5364,12.0803046383319,0,1e-05
5365,12.4453690667558,0,1e-05
5366,12.0782771957391,0,1e-05
5367,12.4434324542577,0,1e-05
5368,12.0762502804989,0,1e-05
5369,12.4414963532814,0,1e-05
5370,12.0742238922545,0,1e-05
5371,12.4395607634695,0,1e-05
5372,12.0721980306222,0,1e-05
5373,12.4376256844448,0,1e-05
5374,12.0701726952465,0,1e-05
5375,12.4356911158422,0,1e-05
5376,12.0681478857397,0,1e-05
5377,12.4337570572898,0,1e-05
5378,12.0661236017476,0,1e-05
5379,12.4318235084199,0,1e-05
5380,12.0640998428987,0,1e-05
5381,12.429890468875,0,1e-05
5382,12.0620766088363,0,1e-05
5383,12.4279579382707,0,1e-05
5384,12.0600538991621,0,1e-05
5385,12.4260259162419,0,1e-05
5386,12.0580317135209,0,1e-05
5387,12.424094402432,0,1e-05
5388,12.0560100515562,0,1e-05
5389,12.4221633964807,0,1e-05
5390,12.0539889129015,0,1e-05
5391,12.4202328980089,0,1e-05
5392,12.0519682971796,0,1e-05
5393,12.4183029066539,0,1e-05
5394,12.0499482040373,0,1e-05
5395,12.4163734220656,0,1e-05
5396,12.0479286331077,0,1e-05
5397,12.4144444438701,0,1e-05
5398,12.0459095840252,0,1e-05
5399,12.4125159717183,0,1e-05
5400,12.0438910564386,0,1e-05
5401,12.410588005234,0,1e-05
5402,12.0418730499638,0,1e-05
5403,12.4086605440591,0,1e-05
5404,12.0398555642503,0,1e-05
5405,12.4067335878268,0,1e-05
5406,12.0378385989345,0,1e-05
5407,12.4048071361923,0,1e-05
5408,12.0358221536654,0,1e-05
5409,12.4028811887829,0,1e-05
5410,12.0338062280666,0,1e-05
5411,12.4009557452359,0,1e-05
5412,12.0317908217706,0,1e-05
5413,12.3990308051806,0,1e-05
5414,12.0297759344242,0,1e-05
5415,12.3971063682668,0,1e-05
5416,12.0277615656631,0,1e-05
5417,12.395182434143,0,1e-05
5418,12.0257477151296,0,1e-05
5419,12.3932590024407,0,1e-05
5420,12.0237343824619,0,1e-05
5421,12.3913360727988,0,1e-05
5422,12.0217215673057,0,1e-05
5423,12.3894136448781,0,1e-05
5424,12.0197092693106,0,1e-05
5425,12.3874917183244,0,1e-05
5426,12.0176974881301,0,1e-05
5427,12.3855702927782,0,1e-05
5428,12.0156862233926,0,1e-05
5429,12.3836493678859,0,1e-05
5430,12.0136754747546,0,1e-05
5431,12.3817289432896,0,1e-05
5432,12.0116652418393,0,1e-05
5433,12.3798090186147,0,1e-05
5434,12.009655524308,0,1e-05
5435,12.3778895935361,0,1e-05
5436,12.0076463217982,0,1e-05
5437,12.3759706676904,0,1e-05
5438,12.0056376339516,0,1e-05
5439,12.3740522407116,0,1e-05
5440,12.0036294604204,0,1e-05
5441,12.3721343122565,0,1e-05
5442,12.0016218008537,0,1e-05
5443,12.3702168819771,0,1e-05
5444,11.9996146548885,0,1e-05
5445,12.3682999495137,0,1e-05
5446,11.9976080221684,0,1e-05
5447,12.3663835145116,0,1e-05
5448,11.9956019023569,0,1e-05
5449,12.3644675766279,0,1e-05
5450,11.9935962950944,0,1e-05
5451,12.3625521355104,0,1e-05
5452,11.9915912000275,0,1e-05
5453,12.3606371908,0,1e-05
5454,11.9895866167974,0,1e-05
5455,12.3587227421495,0,1e-05
5456,11.9875825450689,0,1e-05
5457,12.3568087892128,0,1e-05
5458,11.985578984482,0,1e-05
5459,12.3548953316429,0,1e-05
5460,11.9835759346913,0,1e-05
5461,12.3529823690873,0,1e-05
5462,11.9815733953502,0,1e-05
5463,12.3510699012048,0,1e-05
5464,11.9795713661093,0,1e-05
5465,12.3491579276455,0,1e-05
5466,11.9775698466144,0,1e-05
5467,12.3472464480666,0,1e-05
5468,11.9755688365286,0,1e-05
5469,12.3453354621189,0,1e-05
5470,11.9735683355079,0,1e-05
5471,12.3434249694585,0,1e-05
5472,11.9715683432008,0,1e-05
5473,12.3415149697371,0,1e-05
5474,11.9695688592454,0,1e-05
5475,12.3396054626058,0,1e-05
5476,11.9675698833101,0,1e-05
5477,12.3376964477211,0,1e-05
5478,11.9655714150541,0,1e-05
5479,12.3357879247472,0,1e-05
5480,11.96357345413,0,1e-05
5481,12.3338798933379,0,1e-05
5482,11.9615760001822,0,1e-05
5483,12.3319723531378,0,1e-05
5484,11.9595790528786,0,1e-05
5485,12.3300653038264,0,1e-05
5486,11.957582611877,0,1e-05
5487,12.3281587450484,0,1e-05
5488,11.9555866768307,0,1e-05
5489,12.3262526764651,0,1e-05
5490,11.9535912473908,0,1e-05
5491,12.3243470977305,0,1e-05
5492,11.9515963232293,0,1e-05
5493,12.3224420085123,0,1e-05
5494,11.9496019039961,0,1e-05
5495,12.3205374084588,0,1e-05
5496,11.9476079893514,0,1e-05
5497,12.3186332972411,0,1e-05
5498,11.9456145789531,0,1e-05
5499,12.3167296745183,0,1e-05
5500,11.9436216724665,0,1e-05
5501,12.3148265399504,0,1e-05
5502,11.9416292695502,0,1e-05
5503,12.3129238931968,0,1e-05
5504,11.9396373698597,0,1e-05
5505,12.3110217339183,0,1e-05
5506,11.9376459730648,0,1e-05
5507,12.309120061777,0,1e-05
5508,11.9356550788143,0,1e-05
5509,12.3072188764314,0,1e-05
5510,11.9336646867876,0,1e-05
5511,12.3053181775597,0,1e-05
5512,11.9316747966265,0,1e-05
5513,12.3034179648123,0,1e-05
5514,11.9296854080008,0,1e-05
5515,12.3015182378609,0,1e-05
5516,11.9276965205887,0,1e-05
5517,12.2996189963683,0,1e-05
5518,11.9257081340365,0,1e-05
5519,12.2977202399955,0,1e-05
5520,11.9237202480158,0,1e-05
5521,12.2958219684036,0,1e-05
5522,11.9217328621931,0,1e-05
5523,12.293924181265,0,1e-05
5524,11.9197459762321,0,1e-05
5525,12.2920268782591,0,1e-05
5526,11.9177595898016,0,1e-05
5527,12.2901300590441,0,1e-05
5528,11.9157737025569,0,1e-05
5529,12.2882337232764,0,1e-05
5530,11.91378831418,0,1e-05
5531,12.2863378706318,0,1e-05
5532,11.9118034243298,0,1e-05
5533,12.2844425007798,0,1e-05
5534,11.9098190326675,0,1e-05
5535,12.2825476133858,0,1e-05
5536,11.9078351388665,0,1e-05
5537,12.2806532081221,0,1e-05
5538,11.9058517426074,0,1e-05
5539,12.2787592846567,0,1e-05
5540,11.9038688435394,0,1e-05
5541,12.2768658426607,0,1e-05
5542,11.9018864413403,0,1e-05
5543,12.2749728817981,0,1e-05
5544,11.8999045356776,0,1e-05
5545,12.2730804017457,0,1e-05
5546,11.8979231262199,0,1e-05
5547,12.2711884021741,0,1e-05
5548,11.8959422126481,0,1e-05
5549,12.2692968827583,0,1e-05
5550,11.8939617946182,0,1e-05
5551,12.2674058431614,0,1e-05
5552,11.8919818718108,0,1e-05
5553,12.2655152830676,0,1e-05
5554,11.8900024439033,0,1e-05
5555,12.2636252021437,0,1e-05
5556,11.8880235105665,0,1e-05
5557,12.2617356000664,0,1e-05
5558,11.8860450714633,0,1e-05
5559,12.2598464765044,0,1e-05
5560,11.8840671262648,0,1e-05
5561,12.2579578311304,0,1e-05
5562,11.882089674658,0,1e-05
5563,12.2560696636217,0,1e-05
5564,11.8801127163144,0,1e-05
5565,12.2541819736625,0,1e-05
5566,11.878136250888,0,1e-05
5567,12.2522947609121,0,1e-05
5568,11.8761602780839,0,1e-05
5569,12.250408025062,0,1e-05
5570,11.8741847975565,0,1e-05
5571,12.2485217657824,0,1e-05
5572,11.8722098089878,0,1e-05
5573,12.2466359827435,0,1e-05
5574,11.8702353120573,0,1e-05
5575,12.2447506756307,0,1e-05
5576,11.8682613064356,0,1e-05
5577,12.2428658441233,0,1e-05
5578,11.8662877918046,0,1e-05
5579,12.2409814878903,0,1e-05
5580,11.8643147678349,0,1e-05
5581,12.2390976066162,0,1e-05
5582,11.8623422342118,0,1e-05
5583,12.2372141999798,0,1e-05
5584,11.8603701906142,0,1e-05
5585,12.2353312676629,0,1e-05
5586,11.8583986367138,0,1e-05
5587,12.2334488093437,0,1e-05
5588,11.8564275722006,0,1e-05
5589,12.2315668247028,0,1e-05
5590,11.8544569967404,0,1e-05
5591,12.2296853134186,0,1e-05
5592,11.8524869100267,0,1e-05
5593,12.2278042751721,0,1e-05
5594,11.8505173117228,0,1e-05
5595,12.2259237096419,0,1e-05
5596,11.8485482015267,0,1e-05
5597,12.2240436165203,0,1e-05
5598,11.8465795791154,0,1e-05
5599,12.2221639954925,0,1e-05
5600,11.8446114441734,0,1e-05
5601,12.220284846231,0,1e-05
5602,11.8426437963852,0,1e-05
5603,12.2184061684297,0,1e-05
5604,11.840676635424,0,1e-05
5605,12.2165279617612,0,1e-05
5606,11.8387099609755,0,1e-05
5607,12.2146502259125,0,1e-05
5608,11.8367437727194,0,1e-05
5609,12.2127729605693,0,1e-05
5610,11.8347780703459,0,1e-05
5611,12.2108961654171,0,1e-05
5612,11.8328128535351,0,1e-05
5613,12.2090198401384,0,1e-05
5614,11.830848121972,0,1e-05
5615,12.2071439844175,0,1e-05
5616,11.8288838753466,0,1e-05
5617,12.2052685979458,0,1e-05
5618,11.8269201133352,0,1e-05
5619,12.2033936804071,0,1e-05
5620,11.8249568356322,0,1e-05
5621,12.2015192314863,0,1e-05
5622,11.8229940419175,0,1e-05
5623,12.1996452508764,0,1e-05
5624,11.8210317318812,0,1e-05
5625,12.1977717382626,0,1e-05
5626,11.8190699052079,0,1e-05
5627,12.1958986933278,0,1e-05
5628,11.8171085615812,0,1e-05
5629,12.1940261157701,0,1e-05
5630,11.8151477007072,0,1e-05
5631,12.1921540052797,0,1e-05
5632,11.8131873222605,0,1e-05
5633,12.1902823615311,0,1e-05
5634,11.8112274259275,0,1e-05
5635,12.1884111842274,0,1e-05
5636,11.8092680113998,0,1e-05
5637,12.1865404730516,0,1e-05
5638,11.8073090783708,0,1e-05
5639,12.1846702277015,0,1e-05
5640,11.8053506265225,0,1e-05
5641,12.1828004478629,0,1e-05
5642,11.8033926555612,0,1e-05
5643,12.1809311332348,0,1e-05
5644,11.8014351651657,0,1e-05
5645,12.1790622834951,0,1e-05
5646,11.7994781550194,0,1e-05
5647,12.1771938983447,0,1e-05
5648,11.7975216248303,0,1e-05
5649,12.1753259774786,0,1e-05
5650,11.7955655742851,0,1e-05
5651,12.1734585205927,0,1e-05
5652,11.7936100030717,0,1e-05
5653,12.1715915273758,0,1e-05
5654,11.7916549108907,0,1e-05
5655,12.1697249975258,0,1e-05
5656,11.7897002974329,0,1e-05
5657,12.167858930728,0,1e-05
5658,11.7877461623902,0,1e-05
5659,12.1659933266879,0,1e-05
5660,11.7857925054584,0,1e-05
5661,12.1641281850947,0,1e-05
5662,11.7838393263329,0,1e-05
5663,12.162263505644,0,1e-05
5664,11.7818866246972,0,1e-05
5665,12.1603992880284,0,1e-05
5666,11.7799344002616,0,1e-05
5667,12.1585355319569,0,1e-05
5668,11.7779826527175,0,1e-05
5669,12.1566722371222,0,1e-05
5670,11.7760313817583,0,1e-05
5671,12.1548094032113,0,1e-05
5672,11.7740805870807,0,1e-05
5673,12.1529470299263,0,1e-05
5674,11.7721302683866,0,1e-05
5675,12.1510851169762,0,1e-05
5676,11.7701804253712,0,1e-05
5677,12.1492236640422,0,1e-05
5678,11.768231057725,0,1e-05
5679,12.1473626708304,0,1e-05
5680,11.7662821651485,0,1e-05
5681,12.1455021370405,0,1e-05
5682,11.7643337473438,0,1e-05
5683,12.1436420623664,0,1e-05
5684,11.7623858040041,0,1e-05
5685,12.1417824465188,0,1e-05
5686,11.7604383348436,0,1e-05
5687,12.1399232891923,0,1e-05
5688,11.7584913395463,0,1e-05
5689,12.1380645900967,0,1e-05
5690,11.7565448178267,0,1e-05
5691,12.1362063489286,0,1e-05
5692,11.7545987693764,0,1e-05
5693,12.1343485653884,0,1e-05
5694,11.7526531939036,0,1e-05
5695,12.1324912391759,0,1e-05
5696,11.750708091095,0,1e-05
5697,12.130634369988,0,1e-05
5698,11.7487634606583,0,1e-05
5699,12.1287779575281,0,1e-05
5700,11.7468193022935,0,1e-05
5701,12.126922001505,0,1e-05
5702,11.7448756157089,0,1e-05
5703,12.1250665016218,0,1e-05
5704,11.7429324006044,0,1e-05
5705,12.1232114575816,0,1e-05
5706,11.7409896566839,0,1e-05
5707,12.1213568690908,0,1e-05
5708,11.7390473836543,0,1e-05
5709,12.1195027358587,0,1e-05
5710,11.737105581219,0,1e-05
5711,12.1176490575808,0,1e-05
5712,11.7351642490811,0,1e-05
5713,12.1157958339691,0,1e-05
5714,11.7332233869444,0,1e-05
5715,12.1139430647293,0,1e-05
5716,11.7312829945114,0,1e-05
5717,12.1120907495596,0,1e-05
5718,11.729343071489,0,1e-05
5719,12.1102388881703,0,1e-05
5720,11.7274036175855,0,1e-05
5721,12.1083874802724,0,1e-05
5722,11.7254646325022,0,1e-05
5723,12.1065365255674,0,1e-05
5724,11.7235261159509,0,1e-05
5725,12.1046860237697,0,1e-05
5726,11.7215880676436,0,1e-05
5727,12.1028359745833,0,1e-05
5728,11.7196504872676,0,1e-05
5729,12.1009863777142,0,1e-05
5730,11.7177133745496,0,1e-05
5731,12.0991372328807,0,1e-05
5732,11.7157767291971,0,1e-05
5733,12.0972885397893,0,1e-05
5734,11.7138405509109,0,1e-05
5735,12.0954402981419,0,1e-05
5736,11.711904839411,0,1e-05
5737,12.0935925076606,0,1e-05
5738,11.7099695943952,0,1e-05
5739,12.0917451680451,0,1e-05
5740,11.7080348155791,0,1e-05
5741,12.0898982790088,0,1e-05
5742,11.7061005026656,0,1e-05
5743,12.0880518402653,0,1e-05
5744,11.704166655373,0,1e-05
5745,12.0862058515212,0,1e-05
5746,11.7022332734122,0,1e-05
5747,12.0843603125009,0,1e-05
5748,11.7003003564923,0,1e-05
5749,12.0825152229017,0,1e-05
5750,11.6983679043266,0,1e-05
5751,12.0806705824445,0,1e-05
5752,11.6964359166247,0,1e-05
5753,12.0788263908378,0,1e-05
5754,11.6945043930977,0,1e-05
5755,12.0769826477997,0,1e-05
5756,11.6925733334641,0,1e-05
5757,12.0751393530442,0,1e-05
5758,11.6906427374347,0,1e-05
5759,12.0732965062892,0,1e-05
5760,11.6887126047224,0,1e-05
5761,12.0714541072384,0,1e-05
5762,11.6867829350477,0,1e-05
5763,12.0696121556149,0,1e-05
5764,11.6848537281086,0,1e-05
5765,12.0677706511303,0,1e-05
5766,11.6829249836356,0,1e-05
5767,12.0659295935012,0,1e-05
5768,11.6809967013361,0,1e-05
5769,12.0640889824425,0,1e-05
5770,11.6790688809215,0,1e-05
5771,12.0622488176701,0,1e-05
5772,11.6771415221123,0,1e-05
5773,12.0604090989002,0,1e-05
5774,11.6752146246267,0,1e-05
5775,12.0585698258575,0,1e-05
5776,11.6732881881876,0,1e-05
5777,12.0567309982629,0,1e-05
5778,11.6713622125031,0,1e-05
5779,12.0548926158231,0,1e-05
5780,11.6694366972966,0,1e-05
5781,12.0530546782645,0,1e-05
5782,11.6675116422833,0,1e-05
5783,12.0512171853027,0,1e-05
5784,11.6655870471787,0,1e-05
5785,12.0493801366528,0,1e-05
5786,11.6636629116992,0,1e-05
5787,12.0475435320392,0,1e-05
5788,11.6617392355655,0,1e-05
5789,12.045707371177,0,1e-05
5790,11.659816018497,0,1e-05
5791,12.0438716537892,0,1e-05
5792,11.6578932602183,0,1e-05
5793,12.0420363795976,0,1e-05
5794,11.6559709604462,0,1e-05
5795,12.0402015483207,0,1e-05
5796,11.6540491188984,0,1e-05
5797,12.0383671596786,0,1e-05
5798,11.6521277352987,0,1e-05
5799,12.0365332133989,0,1e-05
5800,11.6502068093652,0,1e-05
5801,12.0346997091974,0,1e-05
5802,11.6482863408179,0,1e-05
5803,12.032866646796,0,1e-05
5804,11.6463663293843,0,1e-05
5805,12.0310340259277,0,1e-05
5806,11.6444467747811,0,1e-05
5807,12.0292018463071,0,1e-05
5808,11.6425276767397,0,1e-05
5809,12.0273701076661,0,1e-05
5810,11.6406090349738,0,1e-05
5811,12.0255388097155,0,1e-05
5812,11.6386908492169,0,1e-05
5813,12.0237079521855,0,1e-05
5814,11.6367731191777,0,1e-05
5815,12.0218775347988,0,1e-05
5816,11.6348558445871,0,1e-05
5817,12.0200475572849,0,1e-05
5818,11.6329390251692,0,1e-05
5819,12.0182180193606,0,1e-05
5820,11.6310226606495,0,1e-05
5821,12.0163889207646,0,1e-05
5822,11.6291067507509,0,1e-05
5823,12.0145602612113,0,1e-05
5824,11.6271912952058,0,1e-05
5825,12.012732040434,0,1e-05
5826,11.6252762937343,0,1e-05
5827,12.0109042581551,0,1e-05
5828,11.6233617460596,0,1e-05
5829,12.0090769141055,0,1e-05
5830,11.6214476519166,0,1e-05
5831,12.0072500080125,0,1e-05
5832,11.6195340110222,0,1e-05
5833,12.0054235395973,0,1e-05
5834,11.6176208231081,0,1e-05
5835,12.0035975085939,0,1e-05
5836,11.6157080879029,0,1e-05
5837,12.00177191473,0,1e-05
5838,11.6137958051369,0,1e-05
5839,11.9999467577354,0,1e-05
5840,11.6118839745311,0,1e-05
5841,11.998122037333,0,1e-05
5842,11.6099725958157,0,1e-05
5843,11.9962977532558,0,1e-05
5844,11.6080616687222,0,1e-05
5845,11.9944739052328,0,1e-05
5846,11.606151192978,0,1e-05
5847,11.9926504929949,0,1e-05
5848,11.6042411683119,0,1e-05
5849,11.990827516274,0,1e-05
5850,11.6023315944607,0,1e-05
5851,11.9890049748088,0,1e-05
5852,11.6004224711548,0,1e-05
5853,11.9871828683234,0,1e-05
5854,11.598513798119,0,1e-05
5855,11.9853611965481,0,1e-05
5856,11.596605575087,0,1e-05
5857,11.9835399592155,0,1e-05
5858,11.5946978017859,0,1e-05
5859,11.9817191560592,0,1e-05
5860,11.5927904779529,0,1e-05
5861,11.9798987868086,0,1e-05
5862,11.5908836033143,0,1e-05
5863,11.9780788511976,0,1e-05
5864,11.5889771776106,0,1e-05
5865,11.9762593489649,0,1e-05
5866,11.5870712005615,0,1e-05
5867,11.9744402798391,0,1e-05
5868,11.5851656719143,0,1e-05
5869,11.9726216435543,0,1e-05
5870,11.583260591395,0,1e-05
5871,11.9708034398452,0,1e-05
5872,11.581355958746,0,1e-05
5873,11.9689856684541,0,1e-05
5874,11.5794517736911,0,1e-05
5875,11.967168329107,0,1e-05
5876,11.5775480359686,0,1e-05
5877,11.9653514215427,0,1e-05
5878,11.5756447453136,0,1e-05
5879,11.9635349454948,0,1e-05
5880,11.5737419014599,0,1e-05
5881,11.9617189007005,0,1e-05
5882,11.5718395041453,0,1e-05
5883,11.959903286896,0,1e-05
5884,11.5699375531053,0,1e-05
5885,11.9580881038253,0,1e-05
5886,11.5680360480763,0,1e-05
5887,11.9562733512143,0,1e-05
5888,11.5661349887977,0,1e-05
5889,11.9544590288082,0,1e-05
5890,11.5642343750025,0,1e-05
5891,11.9526451363455,0,1e-05
5892,11.5623342064249,0,1e-05
5893,11.9508316735551,0,1e-05
5894,11.560434482806,0,1e-05
5895,11.9490186401802,0,1e-05
5896,11.558535203886,0,1e-05
5897,11.9472060359635,0,1e-05
5898,11.5566363694038,0,1e-05
5899,11.945393860646,0,1e-05
5900,11.5547379790971,0,1e-05
5901,11.9435821139597,0,1e-05
5902,11.5528400327006,0,1e-05
5903,11.9417707956437,0,1e-05
5904,11.5509425299542,0,1e-05
5905,11.9399599054443,0,1e-05
5906,11.5490454706007,0,1e-05
5907,11.938149443099,0,1e-05
5908,11.5471488543771,0,1e-05
5909,11.9363394083461,0,1e-05
5910,11.5452526810221,0,1e-05
5911,11.9345298009314,0,1e-05
5912,11.543356950286,0,1e-05
5913,11.9327206205984,0,1e-05
5914,11.5414616619008,0,1e-05
5915,11.9309118670829,0,1e-05
5916,11.5395668156155,0,1e-05
5917,11.9291035401336,0,1e-05
5918,11.5376724111668,0,1e-05
5919,11.9272956394908,0,1e-05
5920,11.535778448298,0,1e-05
5921,11.9254881648971,0,1e-05
5922,11.5338849267501,0,1e-05
5923,11.9236811160909,0,1e-05
5924,11.5319918462649,0,1e-05
5925,11.9218744928183,0,1e-05
5926,11.530099206584,0,1e-05
5927,11.9200682948289,0,1e-05
5928,11.5282070074591,0,1e-05
5929,11.9182625218628,0,1e-05
5930,11.526315248631,0,1e-05
5931,11.9164571736648,0,1e-05
5932,11.5244239298373,0,1e-05
5933,11.9146522499795,0,1e-05
5934,11.5225330508282,0,1e-05
5935,11.9128477505533,0,1e-05
5936,11.5206426113462,0,1e-05
5937,11.9110436751305,0,1e-05
5938,11.5187526111376,0,1e-05
5939,11.9092400234552,0,1e-05
5940,11.5168630499503,0,1e-05
5941,11.9074367952788,0,1e-05
5942,11.5149739275279,0,1e-05
5943,11.9056339903422,0,1e-05
5944,11.513085243614,0,1e-05
5945,11.9038316083944,0,1e-05
5946,11.5111969979539,0,1e-05
5947,11.9020296491822,0,1e-05
5948,11.5093091902964,0,1e-05
5949,11.9002281124524,0,1e-05
5950,11.5074218203888,0,1e-05
5951,11.8984269979581,0,1e-05
5952,11.5055348879827,0,1e-05
5953,11.8966263054433,0,1e-05
5954,11.5036483928238,0,1e-05
5955,11.8948260346614,0,1e-05
5956,11.5017623346562,0,1e-05
5957,11.8930261853534,0,1e-05
5958,11.4998767132286,0,1e-05
5959,11.8912267572714,0,1e-05
5960,11.4979915282957,0,1e-05
5961,11.8894277501639,0,1e-05
5962,11.4961067796011,0,1e-05
5963,11.8876291637825,0,1e-05
5964,11.4942224668919,0,1e-05
5965,11.8858309978741,0,1e-05
5966,11.492338589921,0,1e-05
5967,11.8840332521946,0,1e-05
5968,11.4904551484394,0,1e-05
5969,11.8822359264932,0,1e-05
5970,11.4885721421981,0,1e-05
5971,11.8804390205223,0,1e-05
5972,11.4866895709505,0,1e-05
5973,11.8786425340321,0,1e-05
5974,11.4848074344408,0,1e-05
5975,11.8768464667735,0,1e-05
5976,11.4829257324185,0,1e-05
5977,11.8750508184926,0,1e-05
5978,11.4810444646418,0,1e-05
5979,11.873255588952,0,1e-05
5980,11.4791636308638,0,1e-05
5981,11.8714607779001,0,1e-05
5982,11.477283230834,0,1e-05
5983,11.8696663850924,0,1e-05
5984,11.4754032643039,0,1e-05
5985,11.8678724102789,0,1e-05
5986,11.4735237310299,0,1e-05
5987,11.8660788532165,0,1e-05
5988,11.4716446307566,0,1e-05
5989,11.8642857136521,0,1e-05
5990,11.4697659632442,0,1e-05
5991,11.8624929913441,0,1e-05
5992,11.4678877282426,0,1e-05
5993,11.8607006860475,0,1e-05
5994,11.4660099255105,0,1e-05
5995,11.8589087975174,0,1e-05
5996,11.4641325547984,0,1e-05
5997,11.8571173255071,0,1e-05
5998,11.4622556158657,0,1e-05
5999,11.8553262697783,0,1e-05
6000,11.4603791084648,0,1e-05
