method,eta,tau,budget,start_id,x0,y0,execution_status,raw_x,raw_y,grad_norm,lambda1,lambda2,n_outer_updates,terminal_category,endpoint,stop_reason,failure_reason,certification_reason,source
HiSD,0.00019952623149688788,0.002,2000000,31,-0.5046875000000001,1.2093749999999999,completed,0.06601892967084777,0.1840409415208806,9.92226404009047e-07,-1005.136367390378,762.7329006357002,275,success_index1,S_L,gradient_tolerance,,raw_state_verified,run.py:numpy-batch
HiSD,0.00019952623149688788,0.002,2000000,30,-0.5140625000000001,1.2093749999999999,completed,0.06601892976446135,0.18404094136763985,9.719457552651038e-07,-1005.1363667568608,762.7329008921682,276,success_index1,S_L,gradient_tolerance,,raw_state_verified,run.py:numpy-batch
HiSD,0.00019952623149688788,0.002,2000000,29,-0.5234375,1.2093749999999999,completed,0.06601892965743032,0.18404094150800535,9.780166453081685e-07,-1005.1363673394351,762.7329006294848,277,success_index1,S_L,gradient_tolerance,,raw_state_verified,run.py:numpy-batch
HiSD,0.00019952623149688788,0.002,2000000,63,-0.5046875000000001,1.228125,completed,0.06601892962359092,0.184040941475515,9.421688815419438e-07,-1005.1363672108771,762.732900613827,277,success_index1,S_L,gradient_tolerance,,raw_state_verified,run.py:numpy-batch
HiSD,0.00019952623149688788,0.002,2000000,62,-0.5140625000000001,1.228125,completed,0.06601892961404762,0.18404094146635688,9.320617545099857e-07,-1005.1363671746403,762.7329006094072,278,success_index1,S_L,gradient_tolerance,,raw_state_verified,run.py:numpy-batch
HiSD,0.00019952623149688788,0.002,2000000,28,-0.5328125000000001,1.2093749999999999,completed,0.06601892964648456,0.18404094149750133,9.664242144221152e-07,-1005.1363672978732,762.7329006244155,280,success_index1,S_L,gradient_tolerance,,raw_state_verified,run.py:numpy-batch
HiSD,0.00019952623149688788,0.002,2000000,0,-0.7953125000000001,1.2093749999999999,completed,-3.3907126808458137,0.7493927489134468,4771.536125819171,2437.287759183422,21396.6367253065,2000000,budget_exhausted,U,budget_exhausted,,raw_state_verified,run.py:numpy-batch
HiSD,0.00019952623149688788,0.002,2000000,1,-0.7859375000000001,1.2093749999999999,completed,-3.409747714127745,0.9779370172176743,3296.583072505702,263.9688202836305,13953.675127950952,2000000,budget_exhausted,U,budget_exhausted,,raw_state_verified,run.py:numpy-batch
HiSD,0.00019952623149688788,0.002,2000000,2,-0.7765625,1.2093749999999999,completed,-3.4097477141277457,0.9779370172176797,3296.5830725056826,263.9688202835739,13953.675127950852,2000000,budget_exhausted,U,budget_exhausted,,raw_state_verified,run.py:numpy-batch
HiSD,0.00019952623149688788,0.002,2000000,3,-0.7671875,1.2093749999999999,completed,-3.3907126808458155,0.7493927489134509,4771.536125819164,2437.287759183395,21396.636725306467,2000000,budget_exhausted,U,budget_exhausted,,raw_state_verified,run.py:numpy-batch
HiSD,0.00019952623149688788,0.002,2000000,4,-0.7578125,1.2093749999999999,completed,-3.409747714127745,0.97793701721767,3296.5830725057294,263.9688202836749,13953.675127951086,2000000,budget_exhausted,U,budget_exhausted,,raw_state_verified,run.py:numpy-batch
HiSD,0.00019952623149688788,0.002,2000000,5,-0.7484375000000001,1.2093749999999999,completed,-3.4097477141277466,0.9779370172176738,3296.5830725057244,263.9688202836356,13953.675127951063,2000000,budget_exhausted,U,budget_exhausted,,raw_state_verified,run.py:numpy-batch
HiSD,0.00019952623149688788,0.002,2000000,6,-0.7390625000000001,1.2093749999999999,completed,-3.3907126808458123,0.7493927489134448,4771.536125819169,2437.287759183435,21396.636725306493,2000000,budget_exhausted,U,budget_exhausted,,raw_state_verified,run.py:numpy-batch
HiSD,0.00019952623149688788,0.002,2000000,7,-0.7296875,1.2093749999999999,completed,-3.390712680845812,0.7493927489134427,4771.536125819184,2437.287759183452,21396.636725306573,2000000,budget_exhausted,U,budget_exhausted,,raw_state_verified,run.py:numpy-batch
HiSD,0.00019952623149688788,0.002,2000000,8,-0.7203125,1.2093749999999999,completed,-3.3907126808458115,0.7493927489134425,4771.536125819179,2437.287759183452,21396.636725306547,2000000,budget_exhausted,U,budget_exhausted,,raw_state_verified,run.py:numpy-batch
HiSD,0.00019952623149688788,0.002,2000000,9,-0.7109375,1.2093749999999999,completed,-3.4097477141277466,0.9779370172176738,3296.5830725057244,263.9688202836356,13953.675127951063,2000000,budget_exhausted,U,budget_exhausted,,raw_state_verified,run.py:numpy-batch
HiSD,0.00019952623149688788,0.002,2000000,10,-0.7015625000000001,1.2093749999999999,completed,-3.409747714127745,0.9779370172176743,3296.583072505702,263.9688202836305,13953.675127950952,2000000,budget_exhausted,U,budget_exhausted,,raw_state_verified,run.py:numpy-batch
HiSD,0.00019952623149688788,0.002,2000000,11,-0.6921875000000001,1.2093749999999999,completed,-3.390712680845816,0.7493927489134505,4771.5361258191815,2437.2877591834003,21396.63672530655,2000000,budget_exhausted,U,budget_exhausted,,raw_state_verified,run.py:numpy-batch
HiSD,0.00019952623149688788,0.002,2000000,12,-0.6828125,1.2093749999999999,completed,-3.390712680845812,0.7493927489134437,4771.536125819171,2437.287759183444,21396.63672530651,2000000,budget_exhausted,U,budget_exhausted,,raw_state_verified,run.py:numpy-batch
HiSD,0.00019952623149688788,0.002,2000000,13,-0.6734375,1.2093749999999999,completed,-3.3907126808458155,0.7493927489134509,4771.536125819164,2437.287759183395,21396.636725306467,2000000,budget_exhausted,U,budget_exhausted,,raw_state_verified,run.py:numpy-batch
HiSD,0.00019952623149688788,0.002,2000000,14,-0.6640625,1.2093749999999999,completed,-3.3907126808458115,0.7493927489134433,4771.53612581917,2437.2877591834463,21396.636725306504,2000000,budget_exhausted,U,budget_exhausted,,raw_state_verified,run.py:numpy-batch
HiSD,0.00019952623149688788,0.002,2000000,15,-0.6546875000000001,1.2093749999999999,completed,-3.409747714127745,0.9779370172176688,3296.583072505737,263.968820283689,13953.675127951123,2000000,budget_exhausted,U,budget_exhausted,,raw_state_verified,run.py:numpy-batch
HiSD,0.00019952623149688788,0.002,2000000,16,-0.6453125000000001,1.2093749999999999,completed,-3.390712680845816,0.7493927489134505,4771.5361258191815,2437.2877591834003,21396.63672530655,2000000,budget_exhausted,U,budget_exhausted,,raw_state_verified,run.py:numpy-batch
HiSD,0.00019952623149688788,0.002,2000000,17,-0.6359375,1.2093749999999999,completed,-3.390712680845816,0.7493927489134505,4771.5361258191815,2437.2877591834003,21396.63672530655,2000000,budget_exhausted,U,budget_exhausted,,raw_state_verified,run.py:numpy-batch
HiSD,0.00019952623149688788,0.002,2000000,18,-0.6265625,1.2093749999999999,completed,-3.3907126808458106,0.7493927489134404,4771.536125819177,2437.2877591834654,21396.63672530654,2000000,budget_exhausted,U,budget_exhausted,,raw_state_verified,run.py:numpy-batch
HiSD,0.00019952623149688788,0.002,2000000,19,-0.6171875,1.2093749999999999,completed,-3.409747714127745,0.977937017217677,3296.583072505688,263.96882028360267,13953.675127950879,2000000,budget_exhausted,U,budget_exhausted,,raw_state_verified,run.py:numpy-batch
HiSD,0.00019952623149688788,0.002,2000000,20,-0.6078125000000001,1.2093749999999999,completed,-3.390712680845811,0.7493927489134433,4771.53612581916,2437.2877591834445,21396.636725306464,2000000,budget_exhausted,U,budget_exhausted,,raw_state_verified,run.py:numpy-batch
HiSD,0.00019952623149688788,0.002,2000000,21,-0.5984375000000001,1.2093749999999999,completed,-3.409747714127746,0.9779370172176758,3296.583072505711,263.968820283615,13953.675127950988,2000000,budget_exhausted,U,budget_exhausted,,raw_state_verified,run.py:numpy-batch
HiSD,0.00019952623149688788,0.002,2000000,22,-0.5890625,1.2093749999999999,completed,-3.409747714127746,0.9779370172176758,3296.583072505711,263.968820283615,13953.675127950988,2000000,budget_exhausted,U,budget_exhausted,,raw_state_verified,run.py:numpy-batch
HiSD,0.00019952623149688788,0.002,2000000,23,-0.5796875,1.2093749999999999,completed,-3.390712680845816,0.7493927489134505,4771.5361258191815,2437.2877591834003,21396.63672530655,2000000,budget_exhausted,U,budget_exhausted,,raw_state_verified,run.py:numpy-batch
HiSD,0.00019952623149688788,0.002,2000000,24,-0.5703125,1.2093749999999999,completed,-3.409747714127743,0.9779370172176717,3296.5830725056976,263.968820283658,13953.675127950932,2000000,budget_exhausted,U,budget_exhausted,,raw_state_verified,run.py:numpy-batch
HiSD,0.00019952623149688788,0.002,2000000,25,-0.5609375000000001,1.2093749999999999,completed,-3.390712680845816,0.7493927489134505,4771.5361258191815,2437.2877591834003,21396.63672530655,2000000,budget_exhausted,U,budget_exhausted,,raw_state_verified,run.py:numpy-batch
HiSD,0.00019952623149688788,0.002,2000000,26,-0.5515625000000001,1.2093749999999999,completed,-3.390712680845816,0.7493927489134505,4771.5361258191815,2437.2877591834003,21396.63672530655,2000000,budget_exhausted,U,budget_exhausted,,raw_state_verified,run.py:numpy-batch
HiSD,0.00019952623149688788,0.002,2000000,27,-0.5421875,1.2093749999999999,completed,-3.6851517158061187,1.6547647301786588,3662.245856333819,891.8534166428866,15015.731960855577,2000000,budget_exhausted,U,budget_exhausted,,raw_state_verified,run.py:numpy-batch
HiSD,0.00019952623149688788,0.002,2000000,32,-0.7953125000000001,1.228125,completed,-3.409747714127745,0.9779370172176688,3296.583072505737,263.968820283689,13953.675127951123,2000000,budget_exhausted,U,budget_exhausted,,raw_state_verified,run.py:numpy-batch
HiSD,0.00019952623149688788,0.002,2000000,33,-0.7859375000000001,1.228125,completed,-3.3907126808458137,0.7493927489134468,4771.536125819171,2437.287759183422,21396.6367253065,2000000,budget_exhausted,U,budget_exhausted,,raw_state_verified,run.py:numpy-batch
HiSD,0.00019952623149688788,0.002,2000000,34,-0.7765625,1.228125,completed,-3.3907126808458155,0.7493927489134509,4771.536125819164,2437.287759183395,21396.636725306467,2000000,budget_exhausted,U,budget_exhausted,,raw_state_verified,run.py:numpy-batch
HiSD,0.00019952623149688788,0.002,2000000,35,-0.7671875,1.228125,completed,-3.409747714127745,0.9779370172176688,3296.583072505737,263.968820283689,13953.675127951123,2000000,budget_exhausted,U,budget_exhausted,,raw_state_verified,run.py:numpy-batch
HiSD,0.00019952623149688788,0.002,2000000,36,-0.7578125,1.228125,completed,-3.4097477141277457,0.9779370172176705,3296.5830725057363,263.96882028366974,13953.675127951119,2000000,budget_exhausted,U,budget_exhausted,,raw_state_verified,run.py:numpy-batch
HiSD,0.00019952623149688788,0.002,2000000,37,-0.7484375000000001,1.228125,completed,-3.390712680845814,0.7493927489134465,4771.536125819185,2437.287759183428,21396.636725306576,2000000,budget_exhausted,U,budget_exhausted,,raw_state_verified,run.py:numpy-batch
HiSD,0.00019952623149688788,0.002,2000000,38,-0.7390625000000001,1.228125,completed,-3.4097477141277444,0.9779370172176736,3296.583072505702,263.9688202836368,13953.675127950955,2000000,budget_exhausted,U,budget_exhausted,,raw_state_verified,run.py:numpy-batch
HiSD,0.00019952623149688788,0.002,2000000,39,-0.7296875,1.228125,completed,-3.390712680845816,0.7493927489134505,4771.5361258191815,2437.2877591834003,21396.63672530655,2000000,budget_exhausted,U,budget_exhausted,,raw_state_verified,run.py:numpy-batch
HiSD,0.00019952623149688788,0.002,2000000,40,-0.7203125,1.228125,completed,-3.409747714127745,0.977937017217677,3296.583072505688,263.96882028360267,13953.675127950879,2000000,budget_exhausted,U,budget_exhausted,,raw_state_verified,run.py:numpy-batch
HiSD,0.00019952623149688788,0.002,2000000,41,-0.7109375,1.228125,completed,-3.3907126808458155,0.7493927489134509,4771.536125819164,2437.287759183395,21396.636725306467,2000000,budget_exhausted,U,budget_exhausted,,raw_state_verified,run.py:numpy-batch
HiSD,0.00019952623149688788,0.002,2000000,42,-0.7015625000000001,1.228125,completed,-3.409747714127743,0.9779370172176687,3296.583072505715,263.96882028368833,13953.675127951017,2000000,budget_exhausted,U,budget_exhausted,,raw_state_verified,run.py:numpy-batch
HiSD,0.00019952623149688788,0.002,2000000,43,-0.6921875000000001,1.228125,completed,-3.3907126808458146,0.7493927489134475,4771.536125819184,2437.28775918342,21396.63672530657,2000000,budget_exhausted,U,budget_exhausted,,raw_state_verified,run.py:numpy-batch
HiSD,0.00019952623149688788,0.002,2000000,44,-0.6828125,1.228125,completed,-3.4097477141277466,0.9779370172176743,3296.5830725057244,263.96882028362967,13953.675127951059,2000000,budget_exhausted,U,budget_exhausted,,raw_state_verified,run.py:numpy-batch
HiSD,0.00019952623149688788,0.002,2000000,45,-0.6734375,1.228125,completed,-3.390712680845811,0.7493927489134433,4771.53612581916,2437.2877591834445,21396.636725306464,2000000,budget_exhausted,U,budget_exhausted,,raw_state_verified,run.py:numpy-batch
HiSD,0.00019952623149688788,0.002,2000000,46,-0.6640625,1.228125,completed,-3.3907126808458132,0.7493927489134464,4771.536125819168,2437.2877591834244,21396.636725306496,2000000,budget_exhausted,U,budget_exhausted,,raw_state_verified,run.py:numpy-batch
HiSD,0.00019952623149688788,0.002,2000000,47,-0.6546875000000001,1.228125,completed,-3.390712680845816,0.7493927489134505,4771.5361258191815,2437.2877591834003,21396.63672530655,2000000,budget_exhausted,U,budget_exhausted,,raw_state_verified,run.py:numpy-batch
HiSD,0.00019952623149688788,0.002,2000000,48,-0.6453125000000001,1.228125,completed,-3.4097477141277457,0.9779370172176757,3296.5830725057044,263.9688202836149,13953.675127950959,2000000,budget_exhausted,U,budget_exhausted,,raw_state_verified,run.py:numpy-batch
HiSD,0.00019952623149688788,0.002,2000000,49,-0.6359375,1.228125,completed,-0.6035666599883276,2.609782784601437,526.7500366965545,1364.220268528547,3614.6399286750575,2000000,budget_exhausted,U,budget_exhausted,,raw_state_verified,run.py:numpy-batch
HiSD,0.00019952623149688788,0.002,2000000,50,-0.6265625,1.228125,completed,-0.7084208440239587,2.6169733778028466,526.7500366965543,1157.493569637462,3394.158114562696,2000000,budget_exhausted,U,budget_exhausted,,raw_state_verified,run.py:numpy-batch
HiSD,0.00019952623149688788,0.002,2000000,51,-0.6171875,1.228125,completed,-0.6035666599883276,2.609782784601437,526.7500366965545,1364.220268528547,3614.6399286750575,2000000,budget_exhausted,U,budget_exhausted,,raw_state_verified,run.py:numpy-batch
HiSD,0.00019952623149688788,0.002,2000000,52,-0.6078125000000001,1.228125,completed,-0.6035666599883276,2.609782784601437,526.7500366965545,1364.220268528547,3614.6399286750575,2000000,budget_exhausted,U,budget_exhausted,,raw_state_verified,run.py:numpy-batch
HiSD,0.00019952623149688788,0.002,2000000,53,-0.5984375000000001,1.228125,completed,-0.7084208440239587,2.6169733778028466,526.7500366965543,1157.493569637462,3394.158114562696,2000000,budget_exhausted,U,budget_exhausted,,raw_state_verified,run.py:numpy-batch
HiSD,0.00019952623149688788,0.002,2000000,54,-0.5890625,1.228125,completed,-0.7084208440239587,2.6169733778028466,526.7500366965543,1157.493569637462,3394.158114562696,2000000,budget_exhausted,U,budget_exhausted,,raw_state_verified,run.py:numpy-batch
HiSD,0.00019952623149688788,0.002,2000000,55,-0.5796875,1.228125,completed,-0.6035666599883276,2.609782784601437,526.7500366965545,1364.220268528547,3614.6399286750575,2000000,budget_exhausted,U,budget_exhausted,,raw_state_verified,run.py:numpy-batch
HiSD,0.00019952623149688788,0.002,2000000,56,-0.5703125,1.228125,completed,-0.6035666599883276,2.609782784601437,526.7500366965545,1364.220268528547,3614.6399286750575,2000000,budget_exhausted,U,budget_exhausted,,raw_state_verified,run.py:numpy-batch
HiSD,0.00019952623149688788,0.002,2000000,57,-0.5609375000000001,1.228125,completed,-3.409747714127745,0.9779370172176743,3296.583072505702,263.9688202836305,13953.675127950952,2000000,budget_exhausted,U,budget_exhausted,,raw_state_verified,run.py:numpy-batch
HiSD,0.00019952623149688788,0.002,2000000,58,-0.5515625000000001,1.228125,completed,-3.4097477141277452,0.9779370172176761,3296.583072505698,263.96882028361165,13953.675127950934,2000000,budget_exhausted,U,budget_exhausted,,raw_state_verified,run.py:numpy-batch
HiSD,0.00019952623149688788,0.002,2000000,59,-0.5421875,1.228125,completed,-3.390712680845811,0.7493927489134433,4771.53612581916,2437.2877591834445,21396.636725306464,2000000,budget_exhausted,U,budget_exhausted,,raw_state_verified,run.py:numpy-batch
HiSD,0.00019952623149688788,0.002,2000000,60,-0.5328125000000001,1.228125,completed,-3.390712680845812,0.7493927489134437,4771.536125819171,2437.287759183444,21396.63672530651,2000000,budget_exhausted,U,budget_exhausted,,raw_state_verified,run.py:numpy-batch
HiSD,0.00019952623149688788,0.002,2000000,61,-0.5234375,1.228125,completed,-3.6851517158061142,1.654764730178651,3662.245856333779,891.8534166427612,15015.73196085542,2000000,budget_exhausted,U,budget_exhausted,,raw_state_verified,run.py:numpy-batch
HiSD,0.00019952623149688788,0.002,2000000,64,-0.7953125000000001,1.246875,completed,-3.4097477141277444,0.9779370172176736,3296.583072505702,263.9688202836368,13953.675127950955,2000000,budget_exhausted,U,budget_exhausted,,raw_state_verified,run.py:numpy-batch
HiSD,0.00019952623149688788,0.002,2000000,65,-0.7859375000000001,1.246875,completed,-3.4097477141277466,0.9779370172176738,3296.5830725057244,263.9688202836356,13953.675127951063,2000000,budget_exhausted,U,budget_exhausted,,raw_state_verified,run.py:numpy-batch
HiSD,0.00019952623149688788,0.002,2000000,66,-0.7765625,1.246875,completed,-3.409747714127745,0.9779370172176739,3296.5830725057062,263.9688202836352,13953.675127950972,2000000,budget_exhausted,U,budget_exhausted,,raw_state_verified,run.py:numpy-batch
HiSD,0.00019952623149688788,0.002,2000000,67,-0.7671875,1.246875,completed,-3.390712680845816,0.7493927489134505,4771.5361258191815,2437.2877591834003,21396.63672530655,2000000,budget_exhausted,U,budget_exhausted,,raw_state_verified,run.py:numpy-batch
HiSD,0.00019952623149688788,0.002,2000000,68,-0.7578125,1.246875,completed,-3.4097477141277444,0.9779370172176736,3296.583072505702,263.9688202836368,13953.675127950955,2000000,budget_exhausted,U,budget_exhausted,,raw_state_verified,run.py:numpy-batch
HiSD,0.00019952623149688788,0.002,2000000,69,-0.7484375000000001,1.246875,completed,-3.3907126808458132,0.7493927489134493,4771.536125819137,2437.2877591834003,21396.636725306344,2000000,budget_exhausted,U,budget_exhausted,,raw_state_verified,run.py:numpy-batch
HiSD,0.00019952623149688788,0.002,2000000,70,-0.7390625000000001,1.246875,completed,-3.4097477141277466,0.9779370172176738,3296.5830725057244,263.9688202836356,13953.675127951063,2000000,budget_exhausted,U,budget_exhausted,,raw_state_verified,run.py:numpy-batch
HiSD,0.00019952623149688788,0.002,2000000,71,-0.7296875,1.246875,completed,-3.409747714127745,0.9779370172176743,3296.583072505702,263.9688202836305,13953.675127950952,2000000,budget_exhausted,U,budget_exhausted,,raw_state_verified,run.py:numpy-batch
HiSD,0.00019952623149688788,0.002,2000000,72,-0.7203125,1.246875,completed,-3.4097477141277457,0.9779370172176797,3296.5830725056826,263.9688202835739,13953.675127950852,2000000,budget_exhausted,U,budget_exhausted,,raw_state_verified,run.py:numpy-batch
HiSD,0.00019952623149688788,0.002,2000000,73,-0.7109375,1.246875,completed,-3.4097477141277466,0.9779370172176738,3296.5830725057244,263.9688202836356,13953.675127951063,2000000,budget_exhausted,U,budget_exhausted,,raw_state_verified,run.py:numpy-batch
HiSD,0.00019952623149688788,0.002,2000000,74,-0.7015625000000001,1.246875,completed,-3.4097477141277444,0.9779370172176722,3296.5830725057094,263.9688202836522,13953.675127950992,2000000,budget_exhausted,U,budget_exhausted,,raw_state_verified,run.py:numpy-batch
HiSD,0.00019952623149688788,0.002,2000000,75,-0.6921875000000001,1.246875,completed,-3.3907126808458146,0.7493927489134503,4771.53612581916,2437.2877591833967,21396.63672530644,2000000,budget_exhausted,U,budget_exhausted,,raw_state_verified,run.py:numpy-batch
HiSD,0.00019952623149688788,0.002,2000000,76,-0.6828125,1.246875,completed,-3.409747714127743,0.9779370172176717,3296.5830725056976,263.968820283658,13953.675127950932,2000000,budget_exhausted,U,budget_exhausted,,raw_state_verified,run.py:numpy-batch
HiSD,0.00019952623149688788,0.002,2000000,77,-0.6734375,1.246875,completed,-0.6035666599883276,2.609782784601437,526.7500366965545,1364.220268528547,3614.6399286750575,2000000,budget_exhausted,U,budget_exhausted,,raw_state_verified,run.py:numpy-batch
HiSD,0.00019952623149688788,0.002,2000000,78,-0.6640625,1.246875,completed,-0.6035666599883276,2.609782784601437,526.7500366965545,1364.220268528547,3614.6399286750575,2000000,budget_exhausted,U,budget_exhausted,,raw_state_verified,run.py:numpy-batch
HiSD,0.00019952623149688788,0.002,2000000,79,-0.6546875000000001,1.246875,completed,-0.6035666599883276,2.609782784601437,526.7500366965545,1364.220268528547,3614.6399286750575,2000000,budget_exhausted,U,budget_exhausted,,raw_state_verified,run.py:numpy-batch
HiSD,0.00019952623149688788,0.002,2000000,80,-0.6453125000000001,1.246875,completed,-0.6035666599883276,2.609782784601437,526.7500366965545,1364.220268528547,3614.6399286750575,2000000,budget_exhausted,U,budget_exhausted,,raw_state_verified,run.py:numpy-batch
HiSD,0.00019952623149688788,0.002,2000000,81,-0.6359375,1.246875,completed,-0.7084208440239587,2.6169733778028466,526.7500366965543,1157.493569637462,3394.158114562696,2000000,budget_exhausted,U,budget_exhausted,,raw_state_verified,run.py:numpy-batch
HiSD,0.00019952623149688788,0.002,2000000,82,-0.6265625,1.246875,completed,-0.6035666599883276,2.609782784601437,526.7500366965545,1364.220268528547,3614.6399286750575,2000000,budget_exhausted,U,budget_exhausted,,raw_state_verified,run.py:numpy-batch
HiSD,0.00019952623149688788,0.002,2000000,83,-0.6171875,1.246875,completed,-0.7084208440239587,2.6169733778028466,526.7500366965543,1157.493569637462,3394.158114562696,2000000,budget_exhausted,U,budget_exhausted,,raw_state_verified,run.py:numpy-batch
HiSD,0.00019952623149688788,0.002,2000000,84,-0.6078125000000001,1.246875,completed,-0.6035666599883276,2.609782784601437,526.7500366965545,1364.220268528547,3614.6399286750575,2000000,budget_exhausted,U,budget_exhausted,,raw_state_verified,run.py:numpy-batch
HiSD,0.00019952623149688788,0.002,2000000,85,-0.5984375000000001,1.246875,completed,-0.7084208440239587,2.6169733778028466,526.7500366965543,1157.493569637462,3394.158114562696,2000000,budget_exhausted,U,budget_exhausted,,raw_state_verified,run.py:numpy-batch
HiSD,0.00019952623149688788,0.002,2000000,86,-0.5890625,1.246875,completed,-0.7084208440239587,2.6169733778028466,526.7500366965543,1157.493569637462,3394.158114562696,2000000,budget_exhausted,U,budget_exhausted,,raw_state_verified,run.py:numpy-batch
HiSD,0.00019952623149688788,0.002,2000000,87,-0.5796875,1.246875,completed,-0.6035666599883276,2.609782784601437,526.7500366965545,1364.220268528547,3614.6399286750575,2000000,budget_exhausted,U,budget_exhausted,,raw_state_verified,run.py:numpy-batch
HiSD,0.00019952623149688788,0.002,2000000,88,-0.5703125,1.246875,completed,-0.6035666599883276,2.609782784601437,526.7500366965545,1364.220268528547,3614.6399286750575,2000000,budget_exhausted,U,budget_exhausted,,raw_state_verified,run.py:numpy-batch
HiSD,0.00019952623149688788,0.002,2000000,89,-0.5609375000000001,1.246875,completed,-0.7084208440239587,2.6169733778028466,526.7500366965543,1157.493569637462,3394.158114562696,2000000,budget_exhausted,U,budget_exhausted,,raw_state_verified,run.py:numpy-batch
HiSD,0.00019952623149688788,0.002,2000000,90,-0.5515625000000001,1.246875,completed,-0.6035666599883276,2.609782784601437,526.7500366965545,1364.220268528547,3614.6399286750575,2000000,budget_exhausted,U,budget_exhausted,,raw_state_verified,run.py:numpy-batch
HiSD,0.00019952623149688788,0.002,2000000,91,-0.5421875,1.246875,completed,-0.7084208440239587,2.6169733778028466,526.7500366965543,1157.493569637462,3394.158114562696,2000000,budget_exhausted,U,budget_exhausted,,raw_state_verified,run.py:numpy-batch
HiSD,0.00019952623149688788,0.002,2000000,92,-0.5328125000000001,1.246875,completed,-0.6035666599883276,2.609782784601437,526.7500366965545,1364.220268528547,3614.6399286750575,2000000,budget_exhausted,U,budget_exhausted,,raw_state_verified,run.py:numpy-batch
HiSD,0.00019952623149688788,0.002,2000000,93,-0.5234375,1.246875,completed,-0.6035666599883276,2.609782784601437,526.7500366965545,1364.220268528547,3614.6399286750575,2000000,budget_exhausted,U,budget_exhausted,,raw_state_verified,run.py:numpy-batch
HiSD,0.00019952623149688788,0.002,2000000,94,-0.5140625000000001,1.246875,completed,-3.3907126808458155,0.7493927489134509,4771.536125819164,2437.287759183395,21396.636725306467,2000000,budget_exhausted,U,budget_exhausted,,raw_state_verified,run.py:numpy-batch
HiSD,0.00019952623149688788,0.002,2000000,95,-0.5046875000000001,1.246875,completed,-3.685151715806117,1.6547647301786537,3662.2458563338073,891.8534166428163,15015.731960855534,2000000,budget_exhausted,U,budget_exhausted,,raw_state_verified,run.py:numpy-batch
HiSD,0.00019952623149688788,0.002,2000000,96,-0.7953125000000001,1.265625,completed,-3.3907126808458115,0.749392748913444,4771.536125819159,2437.2877591834417,21396.63672530646,2000000,budget_exhausted,U,budget_exhausted,,raw_state_verified,run.py:numpy-batch
HiSD,0.00019952623149688788,0.002,2000000,97,-0.7859375000000001,1.265625,completed,-3.390712680845816,0.7493927489134505,4771.5361258191815,2437.2877591834003,21396.63672530655,2000000,budget_exhausted,U,budget_exhausted,,raw_state_verified,run.py:numpy-batch
HiSD,0.00019952623149688788,0.002,2000000,98,-0.7765625,1.265625,completed,-3.3907126808458132,0.7493927489134455,4771.536125819172,2437.2877591834313,21396.63672530652,2000000,budget_exhausted,U,budget_exhausted,,raw_state_verified,run.py:numpy-batch
HiSD,0.00019952623149688788,0.002,2000000,99,-0.7671875,1.265625,completed,-3.4097477141277466,0.9779370172176706,3296.5830725057463,263.96882028366963,13953.675127951166,2000000,budget_exhausted,U,budget_exhausted,,raw_state_verified,run.py:numpy-batch
HiSD,0.00019952623149688788,0.002,2000000,100,-0.7578125,1.265625,completed,-3.3907126808458155,0.7493927489134509,4771.536125819164,2437.287759183395,21396.636725306467,2000000,budget_exhausted,U,budget_exhausted,,raw_state_verified,run.py:numpy-batch
HiSD,0.00019952623149688788,0.002,2000000,101,-0.7484375000000001,1.265625,completed,-3.3907126808458137,0.7493927489134489,4771.5361258191515,2437.287759183408,21396.636725306405,2000000,budget_exhausted,U,budget_exhausted,,raw_state_verified,run.py:numpy-batch
HiSD,0.00019952623149688788,0.002,2000000,102,-0.7390625000000001,1.265625,completed,-3.390712680845811,0.7493927489134433,4771.53612581916,2437.2877591834445,21396.636725306464,2000000,budget_exhausted,U,budget_exhausted,,raw_state_verified,run.py:numpy-batch
HiSD,0.00019952623149688788,0.002,2000000,103,-0.7296875,1.265625,completed,-3.409747714127745,0.9779370172176688,3296.583072505737,263.968820283689,13953.675127951123,2000000,budget_exhausted,U,budget_exhausted,,raw_state_verified,run.py:numpy-batch
HiSD,0.00019952623149688788,0.002,2000000,104,-0.7203125,1.265625,completed,-3.409747714127745,0.9779370172176688,3296.583072505737,263.968820283689,13953.675127951123,2000000,budget_exhausted,U,budget_exhausted,,raw_state_verified,run.py:numpy-batch
HiSD,0.00019952623149688788,0.002,2000000,105,-0.7109375,1.265625,completed,-3.409747714127745,0.9779370172176688,3296.583072505737,263.968820283689,13953.675127951123,2000000,budget_exhausted,U,budget_exhausted,,raw_state_verified,run.py:numpy-batch
HiSD,0.00019952623149688788,0.002,2000000,106,-0.7015625000000001,1.265625,completed,-0.6035666599883276,2.609782784601437,526.7500366965545,1364.220268528547,3614.6399286750575,2000000,budget_exhausted,U,budget_exhausted,,raw_state_verified,run.py:numpy-batch
HiSD,0.00019952623149688788,0.002,2000000,107,-0.6921875000000001,1.265625,completed,-0.6035666599883276,2.609782784601437,526.7500366965545,1364.220268528547,3614.6399286750575,2000000,budget_exhausted,U,budget_exhausted,,raw_state_verified,run.py:numpy-batch
HiSD,0.00019952623149688788,0.002,2000000,108,-0.6828125,1.265625,completed,-0.6035666599883276,2.609782784601437,526.7500366965545,1364.220268528547,3614.6399286750575,2000000,budget_exhausted,U,budget_exhausted,,raw_state_verified,run.py:numpy-batch
HiSD,0.00019952623149688788,0.002,2000000,109,-0.6734375,1.265625,completed,-0.6035666599883276,2.609782784601437,526.7500366965545,1364.220268528547,3614.6399286750575,2000000,budget_exhausted,U,budget_exhausted,,raw_state_verified,run.py:numpy-batch
HiSD,0.00019952623149688788,0.002,2000000,110,-0.6640625,1.265625,completed,-0.6035666599883276,2.609782784601437,526.7500366965545,1364.220268528547,3614.6399286750575,2000000,budget_exhausted,U,budget_exhausted,,raw_state_verified,run.py:numpy-batch
HiSD,0.00019952623149688788,0.002,2000000,111,-0.6546875000000001,1.265625,completed,-0.7084208440239587,2.6169733778028466,526.7500366965543,1157.493569637462,3394.158114562696,2000000,budget_exhausted,U,budget_exhausted,,raw_state_verified,run.py:numpy-batch
HiSD,0.00019952623149688788,0.002,2000000,112,-0.6453125000000001,1.265625,completed,-0.6035666599883276,2.609782784601437,526.7500366965545,1364.220268528547,3614.6399286750575,2000000,budget_exhausted,U,budget_exhausted,,raw_state_verified,run.py:numpy-batch
HiSD,0.00019952623149688788,0.002,2000000,113,-0.6359375,1.265625,completed,-0.6035666599883276,2.609782784601437,526.7500366965545,1364.220268528547,3614.6399286750575,2000000,budget_exhausted,U,budget_exhausted,,raw_state_verified,run.py:numpy-batch
HiSD,0.00019952623149688788,0.002,2000000,114,-0.6265625,1.265625,completed,-0.7084208440239587,2.6169733778028466,526.7500366965543,1157.493569637462,3394.158114562696,2000000,budget_exhausted,U,budget_exhausted,,raw_state_verified,run.py:numpy-batch
HiSD,0.00019952623149688788,0.002,2000000,115,-0.6171875,1.265625,completed,-0.6035666599883276,2.609782784601437,526.7500366965545,1364.220268528547,3614.6399286750575,2000000,budget_exhausted,U,budget_exhausted,,raw_state_verified,run.py:numpy-batch
HiSD,0.00019952623149688788,0.002,2000000,116,-0.6078125000000001,1.265625,completed,-0.6035666599883276,2.609782784601437,526.7500366965545,1364.220268528547,3614.6399286750575,2000000,budget_exhausted,U,budget_exhausted,,raw_state_verified,run.py:numpy-batch
HiSD,0.00019952623149688788,0.002,2000000,117,-0.5984375000000001,1.265625,completed,-0.7084208440239587,2.6169733778028466,526.7500366965543,1157.493569637462,3394.158114562696,2000000,budget_exhausted,U,budget_exhausted,,raw_state_verified,run.py:numpy-batch
HiSD,0.00019952623149688788,0.002,2000000,118,-0.5890625,1.265625,completed,-0.6035666599883276,2.609782784601437,526.7500366965545,1364.220268528547,3614.6399286750575,2000000,budget_exhausted,U,budget_exhausted,,raw_state_verified,run.py:numpy-batch
HiSD,0.00019952623149688788,0.002,2000000,119,-0.5796875,1.265625,completed,-0.6035666599883276,2.609782784601437,526.7500366965545,1364.220268528547,3614.6399286750575,2000000,budget_exhausted,U,budget_exhausted,,raw_state_verified,run.py:numpy-batch
HiSD,0.00019952623149688788,0.002,2000000,120,-0.5703125,1.265625,completed,-0.6035666599883276,2.609782784601437,526.7500366965545,1364.220268528547,3614.6399286750575,2000000,budget_exhausted,U,budget_exhausted,,raw_state_verified,run.py:numpy-batch
HiSD,0.00019952623149688788,0.002,2000000,121,-0.5609375000000001,1.265625,completed,-0.7084208440239587,2.6169733778028466,526.7500366965543,1157.493569637462,3394.158114562696,2000000,budget_exhausted,U,budget_exhausted,,raw_state_verified,run.py:numpy-batch
HiSD,0.00019952623149688788,0.002,2000000,122,-0.5515625000000001,1.265625,completed,-0.6035666599883276,2.609782784601437,526.7500366965545,1364.220268528547,3614.6399286750575,2000000,budget_exhausted,U,budget_exhausted,,raw_state_verified,run.py:numpy-batch
HiSD,0.00019952623149688788,0.002,2000000,123,-0.5421875,1.265625,completed,-0.6035666599883276,2.609782784601437,526.7500366965545,1364.220268528547,3614.6399286750575,2000000,budget_exhausted,U,budget_exhausted,,raw_state_verified,run.py:numpy-batch
HiSD,0.00019952623149688788,0.002,2000000,124,-0.5328125000000001,1.265625,completed,-0.6035666599883276,2.609782784601437,526.7500366965545,1364.220268528547,3614.6399286750575,2000000,budget_exhausted,U,budget_exhausted,,raw_state_verified,run.py:numpy-batch
HiSD,0.00019952623149688788,0.002,2000000,125,-0.5234375,1.265625,completed,-0.6035666599883276,2.609782784601437,526.7500366965545,1364.220268528547,3614.6399286750575,2000000,budget_exhausted,U,budget_exhausted,,raw_state_verified,run.py:numpy-batch
HiSD,0.00019952623149688788,0.002,2000000,126,-0.5140625000000001,1.265625,completed,-0.6035666599883276,2.609782784601437,526.7500366965545,1364.220268528547,3614.6399286750575,2000000,budget_exhausted,U,budget_exhausted,,raw_state_verified,run.py:numpy-batch
HiSD,0.00019952623149688788,0.002,2000000,127,-0.5046875000000001,1.265625,completed,-0.6035666599883276,2.609782784601437,526.7500366965545,1364.220268528547,3614.6399286750575,2000000,budget_exhausted,U,budget_exhausted,,raw_state_verified,run.py:numpy-batch
HiSD,0.00019952623149688788,0.002,2000000,128,-0.7953125000000001,1.284375,completed,-3.390712680845816,0.7493927489134505,4771.5361258191815,2437.2877591834003,21396.63672530655,2000000,budget_exhausted,U,budget_exhausted,,raw_state_verified,run.py:numpy-batch
HiSD,0.00019952623149688788,0.002,2000000,129,-0.7859375000000001,1.284375,completed,-3.409747714127745,0.9779370172176762,3296.5830725056917,263.96882028361,13953.675127950899,2000000,budget_exhausted,U,budget_exhausted,,raw_state_verified,run.py:numpy-batch
HiSD,0.00019952623149688788,0.002,2000000,130,-0.7765625,1.284375,completed,-3.4097477141277452,0.9779370172176745,3296.583072505706,263.9688202836291,13953.67512795097,2000000,budget_exhausted,U,budget_exhausted,,raw_state_verified,run.py:numpy-batch
HiSD,0.00019952623149688788,0.002,2000000,131,-0.7671875,1.284375,completed,-3.409747714127745,0.97793701721767,3296.5830725057294,263.9688202836749,13953.675127951086,2000000,budget_exhausted,U,budget_exhausted,,raw_state_verified,run.py:numpy-batch
HiSD,0.00019952623149688788,0.002,2000000,132,-0.7578125,1.284375,completed,-3.390712680845812,0.7493927489134437,4771.536125819171,2437.287759183444,21396.63672530651,2000000,budget_exhausted,U,budget_exhausted,,raw_state_verified,run.py:numpy-batch
HiSD,0.00019952623149688788,0.002,2000000,133,-0.7484375000000001,1.284375,completed,-3.409747714127745,0.9779370172176743,3296.583072505702,263.9688202836305,13953.675127950952,2000000,budget_exhausted,U,budget_exhausted,,raw_state_verified,run.py:numpy-batch
HiSD,0.00019952623149688788,0.002,2000000,134,-0.7390625000000001,1.284375,completed,-3.4097477141277457,0.9779370172176705,3296.5830725057363,263.96882028366974,13953.675127951119,2000000,budget_exhausted,U,budget_exhausted,,raw_state_verified,run.py:numpy-batch
HiSD,0.00019952623149688788,0.002,2000000,135,-0.7296875,1.284375,completed,-0.6035666599883276,2.609782784601437,526.7500366965545,1364.220268528547,3614.6399286750575,2000000,budget_exhausted,U,budget_exhausted,,raw_state_verified,run.py:numpy-batch
HiSD,0.00019952623149688788,0.002,2000000,136,-0.7203125,1.284375,completed,-0.7084208440239587,2.6169733778028466,526.7500366965543,1157.493569637462,3394.158114562696,2000000,budget_exhausted,U,budget_exhausted,,raw_state_verified,run.py:numpy-batch
HiSD,0.00019952623149688788,0.002,2000000,137,-0.7109375,1.284375,completed,-0.6035666599883276,2.609782784601437,526.7500366965545,1364.220268528547,3614.6399286750575,2000000,budget_exhausted,U,budget_exhausted,,raw_state_verified,run.py:numpy-batch
HiSD,0.00019952623149688788,0.002,2000000,138,-0.7015625000000001,1.284375,completed,-0.7084208440239587,2.6169733778028466,526.7500366965543,1157.493569637462,3394.158114562696,2000000,budget_exhausted,U,budget_exhausted,,raw_state_verified,run.py:numpy-batch
HiSD,0.00019952623149688788,0.002,2000000,139,-0.6921875000000001,1.284375,completed,-0.6035666599883276,2.609782784601437,526.7500366965545,1364.220268528547,3614.6399286750575,2000000,budget_exhausted,U,budget_exhausted,,raw_state_verified,run.py:numpy-batch
HiSD,0.00019952623149688788,0.002,2000000,140,-0.6828125,1.284375,completed,-0.7084208440239587,2.6169733778028466,526.7500366965543,1157.493569637462,3394.158114562696,2000000,budget_exhausted,U,budget_exhausted,,raw_state_verified,run.py:numpy-batch
HiSD,0.00019952623149688788,0.002,2000000,141,-0.6734375,1.284375,completed,-0.7084208440239587,2.6169733778028466,526.7500366965543,1157.493569637462,3394.158114562696,2000000,budget_exhausted,U,budget_exhausted,,raw_state_verified,run.py:numpy-batch
HiSD,0.00019952623149688788,0.002,2000000,142,-0.6640625,1.284375,completed,-0.6035666599883276,2.609782784601437,526.7500366965545,1364.220268528547,3614.6399286750575,2000000,budget_exhausted,U,budget_exhausted,,raw_state_verified,run.py:numpy-batch
HiSD,0.00019952623149688788,0.002,2000000,143,-0.6546875000000001,1.284375,completed,-0.7084208440239587,2.6169733778028466,526.7500366965543,1157.493569637462,3394.158114562696,2000000,budget_exhausted,U,budget_exhausted,,raw_state_verified,run.py:numpy-batch
HiSD,0.00019952623149688788,0.002,2000000,144,-0.6453125000000001,1.284375,completed,-0.6035666599883276,2.609782784601437,526.7500366965545,1364.220268528547,3614.6399286750575,2000000,budget_exhausted,U,budget_exhausted,,raw_state_verified,run.py:numpy-batch
HiSD,0.00019952623149688788,0.002,2000000,145,-0.6359375,1.284375,completed,-0.6035666599883276,2.609782784601437,526.7500366965545,1364.220268528547,3614.6399286750575,2000000,budget_exhausted,U,budget_exhausted,,raw_state_verified,run.py:numpy-batch
HiSD,0.00019952623149688788,0.002,2000000,146,-0.6265625,1.284375,completed,-0.6035666599883276,2.609782784601437,526.7500366965545,1364.220268528547,3614.6399286750575,2000000,budget_exhausted,U,budget_exhausted,,raw_state_verified,run.py:numpy-batch
HiSD,0.00019952623149688788,0.002,2000000,147,-0.6171875,1.284375,completed,-0.6035666599883276,2.609782784601437,526.7500366965545,1364.220268528547,3614.6399286750575,2000000,budget_exhausted,U,budget_exhausted,,raw_state_verified,run.py:numpy-batch
HiSD,0.00019952623149688788,0.002,2000000,148,-0.6078125000000001,1.284375,completed,-0.7084208440239587,2.6169733778028466,526.7500366965543,1157.493569637462,3394.158114562696,2000000,budget_exhausted,U,budget_exhausted,,raw_state_verified,run.py:numpy-batch
HiSD,0.00019952623149688788,0.002,2000000,149,-0.5984375000000001,1.284375,completed,-0.7084208440239587,2.6169733778028466,526.7500366965543,1157.493569637462,3394.158114562696,2000000,budget_exhausted,U,budget_exhausted,,raw_state_verified,run.py:numpy-batch
HiSD,0.00019952623149688788,0.002,2000000,150,-0.5890625,1.284375,completed,-0.6035666599883276,2.609782784601437,526.7500366965545,1364.220268528547,3614.6399286750575,2000000,budget_exhausted,U,budget_exhausted,,raw_state_verified,run.py:numpy-batch
HiSD,0.00019952623149688788,0.002,2000000,151,-0.5796875,1.284375,completed,-0.7084208440239587,2.6169733778028466,526.7500366965543,1157.493569637462,3394.158114562696,2000000,budget_exhausted,U,budget_exhausted,,raw_state_verified,run.py:numpy-batch
HiSD,0.00019952623149688788,0.002,2000000,152,-0.5703125,1.284375,completed,-0.6035666599883276,2.609782784601437,526.7500366965545,1364.220268528547,3614.6399286750575,2000000,budget_exhausted,U,budget_exhausted,,raw_state_verified,run.py:numpy-batch
HiSD,0.00019952623149688788,0.002,2000000,153,-0.5609375000000001,1.284375,completed,-0.7084208440239587,2.6169733778028466,526.7500366965543,1157.493569637462,3394.158114562696,2000000,budget_exhausted,U,budget_exhausted,,raw_state_verified,run.py:numpy-batch
HiSD,0.00019952623149688788,0.002,2000000,154,-0.5515625000000001,1.284375,completed,-0.7084208440239587,2.6169733778028466,526.7500366965543,1157.493569637462,3394.158114562696,2000000,budget_exhausted,U,budget_exhausted,,raw_state_verified,run.py:numpy-batch
HiSD,0.00019952623149688788,0.002,2000000,155,-0.5421875,1.284375,completed,-0.6035666599883276,2.609782784601437,526.7500366965545,1364.220268528547,3614.6399286750575,2000000,budget_exhausted,U,budget_exhausted,,raw_state_verified,run.py:numpy-batch
HiSD,0.00019952623149688788,0.002,2000000,156,-0.5328125000000001,1.284375,completed,-0.6035666599883276,2.609782784601437,526.7500366965545,1364.220268528547,3614.6399286750575,2000000,budget_exhausted,U,budget_exhausted,,raw_state_verified,run.py:numpy-batch
HiSD,0.00019952623149688788,0.002,2000000,157,-0.5234375,1.284375,completed,-0.7084208440239587,2.6169733778028466,526.7500366965543,1157.493569637462,3394.158114562696,2000000,budget_exhausted,U,budget_exhausted,,raw_state_verified,run.py:numpy-batch
HiSD,0.00019952623149688788,0.002,2000000,158,-0.5140625000000001,1.284375,completed,-0.7084208440239587,2.6169733778028466,526.7500366965543,1157.493569637462,3394.158114562696,2000000,budget_exhausted,U,budget_exhausted,,raw_state_verified,run.py:numpy-batch
HiSD,0.00019952623149688788,0.002,2000000,159,-0.5046875000000001,1.284375,completed,-0.6035666599883276,2.609782784601437,526.7500366965545,1364.220268528547,3614.6399286750575,2000000,budget_exhausted,U,budget_exhausted,,raw_state_verified,run.py:numpy-batch
HiSD,0.00019952623149688788,0.002,2000000,160,-0.7953125000000001,1.3031249999999999,completed,-3.3907126808458137,0.7493927489134468,4771.536125819171,2437.287759183422,21396.6367253065,2000000,budget_exhausted,U,budget_exhausted,,raw_state_verified,run.py:numpy-batch
HiSD,0.00019952623149688788,0.002,2000000,161,-0.7859375000000001,1.3031249999999999,completed,-3.4097477141277457,0.9779370172176811,3296.583072505673,263.9688202835582,13953.67512795081,2000000,budget_exhausted,U,budget_exhausted,,raw_state_verified,run.py:numpy-batch
HiSD,0.00019952623149688788,0.002,2000000,162,-0.7765625,1.3031249999999999,completed,-3.4097477141277444,0.9779370172176722,3296.5830725057094,263.9688202836522,13953.675127950992,2000000,budget_exhausted,U,budget_exhausted,,raw_state_verified,run.py:numpy-batch
HiSD,0.00019952623149688788,0.002,2000000,163,-0.7671875,1.3031249999999999,completed,-3.409747714127744,0.9779370172176641,3296.583072505749,263.9688202837354,13953.675127951181,2000000,budget_exhausted,U,budget_exhausted,,raw_state_verified,run.py:numpy-batch
HiSD,0.00019952623149688788,0.002,2000000,164,-0.7578125,1.3031249999999999,completed,-3.3907126808458123,0.749392748913446,4771.536125819153,2437.2877591834267,21396.636725306427,2000000,budget_exhausted,U,budget_exhausted,,raw_state_verified,run.py:numpy-batch
HiSD,0.00019952623149688788,0.002,2000000,165,-0.7484375000000001,1.3031249999999999,completed,-0.7084208440239587,2.6169733778028466,526.7500366965543,1157.493569637462,3394.158114562696,2000000,budget_exhausted,U,budget_exhausted,,raw_state_verified,run.py:numpy-batch
HiSD,0.00019952623149688788,0.002,2000000,166,-0.7390625000000001,1.3031249999999999,completed,-0.7084208440239587,2.6169733778028466,526.7500366965543,1157.493569637462,3394.158114562696,2000000,budget_exhausted,U,budget_exhausted,,raw_state_verified,run.py:numpy-batch
HiSD,0.00019952623149688788,0.002,2000000,167,-0.7296875,1.3031249999999999,completed,-0.7084208440239587,2.6169733778028466,526.7500366965543,1157.493569637462,3394.158114562696,2000000,budget_exhausted,U,budget_exhausted,,raw_state_verified,run.py:numpy-batch
HiSD,0.00019952623149688788,0.002,2000000,168,-0.7203125,1.3031249999999999,completed,-0.7084208440239587,2.6169733778028466,526.7500366965543,1157.493569637462,3394.158114562696,2000000,budget_exhausted,U,budget_exhausted,,raw_state_verified,run.py:numpy-batch
HiSD,0.00019952623149688788,0.002,2000000,169,-0.7109375,1.3031249999999999,completed,-0.7084208440239587,2.6169733778028466,526.7500366965543,1157.493569637462,3394.158114562696,2000000,budget_exhausted,U,budget_exhausted,,raw_state_verified,run.py:numpy-batch
HiSD,0.00019952623149688788,0.002,2000000,170,-0.7015625000000001,1.3031249999999999,completed,-0.7084208440239587,2.6169733778028466,526.7500366965543,1157.493569637462,3394.158114562696,2000000,budget_exhausted,U,budget_exhausted,,raw_state_verified,run.py:numpy-batch
HiSD,0.00019952623149688788,0.002,2000000,171,-0.6921875000000001,1.3031249999999999,completed,-0.6035666599883276,2.609782784601437,526.7500366965545,1364.220268528547,3614.6399286750575,2000000,budget_exhausted,U,budget_exhausted,,raw_state_verified,run.py:numpy-batch
HiSD,0.00019952623149688788,0.002,2000000,172,-0.6828125,1.3031249999999999,completed,-0.7084208440239587,2.6169733778028466,526.7500366965543,1157.493569637462,3394.158114562696,2000000,budget_exhausted,U,budget_exhausted,,raw_state_verified,run.py:numpy-batch
HiSD,0.00019952623149688788,0.002,2000000,173,-0.6734375,1.3031249999999999,completed,-0.7084208440239587,2.6169733778028466,526.7500366965543,1157.493569637462,3394.158114562696,2000000,budget_exhausted,U,budget_exhausted,,raw_state_verified,run.py:numpy-batch
HiSD,0.00019952623149688788,0.002,2000000,174,-0.6640625,1.3031249999999999,completed,-0.6035666599883276,2.609782784601437,526.7500366965545,1364.220268528547,3614.6399286750575,2000000,budget_exhausted,U,budget_exhausted,,raw_state_verified,run.py:numpy-batch
HiSD,0.00019952623149688788,0.002,2000000,175,-0.6546875000000001,1.3031249999999999,completed,-0.6035666599883276,2.609782784601437,526.7500366965545,1364.220268528547,3614.6399286750575,2000000,budget_exhausted,U,budget_exhausted,,raw_state_verified,run.py:numpy-batch
HiSD,0.00019952623149688788,0.002,2000000,176,-0.6453125000000001,1.3031249999999999,completed,-0.7084208440239587,2.6169733778028466,526.7500366965543,1157.493569637462,3394.158114562696,2000000,budget_exhausted,U,budget_exhausted,,raw_state_verified,run.py:numpy-batch
HiSD,0.00019952623149688788,0.002,2000000,177,-0.6359375,1.3031249999999999,completed,-0.7084208440239587,2.6169733778028466,526.7500366965543,1157.493569637462,3394.158114562696,2000000,budget_exhausted,U,budget_exhausted,,raw_state_verified,run.py:numpy-batch
HiSD,0.00019952623149688788,0.002,2000000,178,-0.6265625,1.3031249999999999,completed,-0.6035666599883276,2.609782784601437,526.7500366965545,1364.220268528547,3614.6399286750575,2000000,budget_exhausted,U,budget_exhausted,,raw_state_verified,run.py:numpy-batch
HiSD,0.00019952623149688788,0.002,2000000,179,-0.6171875,1.3031249999999999,completed,-0.7084208440239587,2.6169733778028466,526.7500366965543,1157.493569637462,3394.158114562696,2000000,budget_exhausted,U,budget_exhausted,,raw_state_verified,run.py:numpy-batch
HiSD,0.00019952623149688788,0.002,2000000,180,-0.6078125000000001,1.3031249999999999,completed,-0.7084208440239587,2.6169733778028466,526.7500366965543,1157.493569637462,3394.158114562696,2000000,budget_exhausted,U,budget_exhausted,,raw_state_verified,run.py:numpy-batch
HiSD,0.00019952623149688788,0.002,2000000,181,-0.5984375000000001,1.3031249999999999,completed,-0.6035666599883276,2.609782784601437,526.7500366965545,1364.220268528547,3614.6399286750575,2000000,budget_exhausted,U,budget_exhausted,,raw_state_verified,run.py:numpy-batch
HiSD,0.00019952623149688788,0.002,2000000,182,-0.5890625,1.3031249999999999,completed,-0.7084208440239587,2.6169733778028466,526.7500366965543,1157.493569637462,3394.158114562696,2000000,budget_exhausted,U,budget_exhausted,,raw_state_verified,run.py:numpy-batch
HiSD,0.00019952623149688788,0.002,2000000,183,-0.5796875,1.3031249999999999,completed,-0.6035666599883276,2.609782784601437,526.7500366965545,1364.220268528547,3614.6399286750575,2000000,budget_exhausted,U,budget_exhausted,,raw_state_verified,run.py:numpy-batch
HiSD,0.00019952623149688788,0.002,2000000,184,-0.5703125,1.3031249999999999,completed,-0.7084208440239587,2.6169733778028466,526.7500366965543,1157.493569637462,3394.158114562696,2000000,budget_exhausted,U,budget_exhausted,,raw_state_verified,run.py:numpy-batch
HiSD,0.00019952623149688788,0.002,2000000,185,-0.5609375000000001,1.3031249999999999,completed,-0.7084208440239587,2.6169733778028466,526.7500366965543,1157.493569637462,3394.158114562696,2000000,budget_exhausted,U,budget_exhausted,,raw_state_verified,run.py:numpy-batch
HiSD,0.00019952623149688788,0.002,2000000,186,-0.5515625000000001,1.3031249999999999,completed,-0.6035666599883276,2.609782784601437,526.7500366965545,1364.220268528547,3614.6399286750575,2000000,budget_exhausted,U,budget_exhausted,,raw_state_verified,run.py:numpy-batch
HiSD,0.00019952623149688788,0.002,2000000,187,-0.5421875,1.3031249999999999,completed,-0.6035666599883276,2.609782784601437,526.7500366965545,1364.220268528547,3614.6399286750575,2000000,budget_exhausted,U,budget_exhausted,,raw_state_verified,run.py:numpy-batch
HiSD,0.00019952623149688788,0.002,2000000,188,-0.5328125000000001,1.3031249999999999,completed,-0.6035666599883276,2.609782784601437,526.7500366965545,1364.220268528547,3614.6399286750575,2000000,budget_exhausted,U,budget_exhausted,,raw_state_verified,run.py:numpy-batch
HiSD,0.00019952623149688788,0.002,2000000,189,-0.5234375,1.3031249999999999,completed,-0.7084208440239587,2.6169733778028466,526.7500366965543,1157.493569637462,3394.158114562696,2000000,budget_exhausted,U,budget_exhausted,,raw_state_verified,run.py:numpy-batch
HiSD,0.00019952623149688788,0.002,2000000,190,-0.5140625000000001,1.3031249999999999,completed,-0.7084208440239587,2.6169733778028466,526.7500366965543,1157.493569637462,3394.158114562696,2000000,budget_exhausted,U,budget_exhausted,,raw_state_verified,run.py:numpy-batch
HiSD,0.00019952623149688788,0.002,2000000,191,-0.5046875000000001,1.3031249999999999,completed,-0.6035666599883276,2.609782784601437,526.7500366965545,1364.220268528547,3614.6399286750575,2000000,budget_exhausted,U,budget_exhausted,,raw_state_verified,run.py:numpy-batch
HiSD,0.00019952623149688788,0.002,2000000,192,-0.7953125000000001,1.321875,completed,-3.390712680845812,0.7493927489134437,4771.536125819171,2437.287759183444,21396.63672530651,2000000,budget_exhausted,U,budget_exhausted,,raw_state_verified,run.py:numpy-batch
HiSD,0.00019952623149688788,0.002,2000000,193,-0.7859375000000001,1.321875,completed,-3.3907126808458115,0.7493927489134433,4771.53612581917,2437.2877591834463,21396.636725306504,2000000,budget_exhausted,U,budget_exhausted,,raw_state_verified,run.py:numpy-batch
HiSD,0.00019952623149688788,0.002,2000000,194,-0.7765625,1.321875,completed,-3.390712680845816,0.7493927489134505,4771.5361258191815,2437.2877591834003,21396.63672530655,2000000,budget_exhausted,U,budget_exhausted,,raw_state_verified,run.py:numpy-batch
HiSD,0.00019952623149688788,0.002,2000000,195,-0.7671875,1.321875,completed,-0.6035666599883276,2.609782784601437,526.7500366965545,1364.220268528547,3614.6399286750575,2000000,budget_exhausted,U,budget_exhausted,,raw_state_verified,run.py:numpy-batch
HiSD,0.00019952623149688788,0.002,2000000,196,-0.7578125,1.321875,completed,-0.7084208440239587,2.6169733778028466,526.7500366965543,1157.493569637462,3394.158114562696,2000000,budget_exhausted,U,budget_exhausted,,raw_state_verified,run.py:numpy-batch
HiSD,0.00019952623149688788,0.002,2000000,197,-0.7484375000000001,1.321875,completed,-0.6035666599883276,2.609782784601437,526.7500366965545,1364.220268528547,3614.6399286750575,2000000,budget_exhausted,U,budget_exhausted,,raw_state_verified,run.py:numpy-batch
HiSD,0.00019952623149688788,0.002,2000000,198,-0.7390625000000001,1.321875,completed,-0.6035666599883276,2.609782784601437,526.7500366965545,1364.220268528547,3614.6399286750575,2000000,budget_exhausted,U,budget_exhausted,,raw_state_verified,run.py:numpy-batch
HiSD,0.00019952623149688788,0.002,2000000,199,-0.7296875,1.321875,completed,-0.6035666599883276,2.609782784601437,526.7500366965545,1364.220268528547,3614.6399286750575,2000000,budget_exhausted,U,budget_exhausted,,raw_state_verified,run.py:numpy-batch
HiSD,0.00019952623149688788,0.002,2000000,200,-0.7203125,1.321875,completed,-0.6035666599883276,2.609782784601437,526.7500366965545,1364.220268528547,3614.6399286750575,2000000,budget_exhausted,U,budget_exhausted,,raw_state_verified,run.py:numpy-batch
HiSD,0.00019952623149688788,0.002,2000000,201,-0.7109375,1.321875,completed,-0.7084208440239587,2.6169733778028466,526.7500366965543,1157.493569637462,3394.158114562696,2000000,budget_exhausted,U,budget_exhausted,,raw_state_verified,run.py:numpy-batch
HiSD,0.00019952623149688788,0.002,2000000,202,-0.7015625000000001,1.321875,completed,-0.7084208440239587,2.6169733778028466,526.7500366965543,1157.493569637462,3394.158114562696,2000000,budget_exhausted,U,budget_exhausted,,raw_state_verified,run.py:numpy-batch
HiSD,0.00019952623149688788,0.002,2000000,203,-0.6921875000000001,1.321875,completed,-0.7084208440239587,2.6169733778028466,526.7500366965543,1157.493569637462,3394.158114562696,2000000,budget_exhausted,U,budget_exhausted,,raw_state_verified,run.py:numpy-batch
HiSD,0.00019952623149688788,0.002,2000000,204,-0.6828125,1.321875,completed,-0.6035666599883276,2.609782784601437,526.7500366965545,1364.220268528547,3614.6399286750575,2000000,budget_exhausted,U,budget_exhausted,,raw_state_verified,run.py:numpy-batch
HiSD,0.00019952623149688788,0.002,2000000,205,-0.6734375,1.321875,completed,-0.6035666599883276,2.609782784601437,526.7500366965545,1364.220268528547,3614.6399286750575,2000000,budget_exhausted,U,budget_exhausted,,raw_state_verified,run.py:numpy-batch
HiSD,0.00019952623149688788,0.002,2000000,206,-0.6640625,1.321875,completed,-0.7084208440239587,2.6169733778028466,526.7500366965543,1157.493569637462,3394.158114562696,2000000,budget_exhausted,U,budget_exhausted,,raw_state_verified,run.py:numpy-batch
HiSD,0.00019952623149688788,0.002,2000000,207,-0.6546875000000001,1.321875,completed,-0.7084208440239587,2.6169733778028466,526.7500366965543,1157.493569637462,3394.158114562696,2000000,budget_exhausted,U,budget_exhausted,,raw_state_verified,run.py:numpy-batch
HiSD,0.00019952623149688788,0.002,2000000,208,-0.6453125000000001,1.321875,completed,-0.6035666599883276,2.609782784601437,526.7500366965545,1364.220268528547,3614.6399286750575,2000000,budget_exhausted,U,budget_exhausted,,raw_state_verified,run.py:numpy-batch
HiSD,0.00019952623149688788,0.002,2000000,209,-0.6359375,1.321875,completed,-0.7084208440239587,2.6169733778028466,526.7500366965543,1157.493569637462,3394.158114562696,2000000,budget_exhausted,U,budget_exhausted,,raw_state_verified,run.py:numpy-batch
HiSD,0.00019952623149688788,0.002,2000000,210,-0.6265625,1.321875,completed,-0.7084208440239587,2.6169733778028466,526.7500366965543,1157.493569637462,3394.158114562696,2000000,budget_exhausted,U,budget_exhausted,,raw_state_verified,run.py:numpy-batch
HiSD,0.00019952623149688788,0.002,2000000,211,-0.6171875,1.321875,completed,-0.7084208440239587,2.6169733778028466,526.7500366965543,1157.493569637462,3394.158114562696,2000000,budget_exhausted,U,budget_exhausted,,raw_state_verified,run.py:numpy-batch
HiSD,0.00019952623149688788,0.002,2000000,212,-0.6078125000000001,1.321875,completed,-0.6035666599883276,2.609782784601437,526.7500366965545,1364.220268528547,3614.6399286750575,2000000,budget_exhausted,U,budget_exhausted,,raw_state_verified,run.py:numpy-batch
HiSD,0.00019952623149688788,0.002,2000000,213,-0.5984375000000001,1.321875,completed,-0.7084208440239587,2.6169733778028466,526.7500366965543,1157.493569637462,3394.158114562696,2000000,budget_exhausted,U,budget_exhausted,,raw_state_verified,run.py:numpy-batch
HiSD,0.00019952623149688788,0.002,2000000,214,-0.5890625,1.321875,completed,-0.6035666599883276,2.609782784601437,526.7500366965545,1364.220268528547,3614.6399286750575,2000000,budget_exhausted,U,budget_exhausted,,raw_state_verified,run.py:numpy-batch
HiSD,0.00019952623149688788,0.002,2000000,215,-0.5796875,1.321875,completed,-0.6035666599883276,2.609782784601437,526.7500366965545,1364.220268528547,3614.6399286750575,2000000,budget_exhausted,U,budget_exhausted,,raw_state_verified,run.py:numpy-batch
HiSD,0.00019952623149688788,0.002,2000000,216,-0.5703125,1.321875,completed,-0.6035666599883276,2.609782784601437,526.7500366965545,1364.220268528547,3614.6399286750575,2000000,budget_exhausted,U,budget_exhausted,,raw_state_verified,run.py:numpy-batch
HiSD,0.00019952623149688788,0.002,2000000,217,-0.5609375000000001,1.321875,completed,-0.7084208440239587,2.6169733778028466,526.7500366965543,1157.493569637462,3394.158114562696,2000000,budget_exhausted,U,budget_exhausted,,raw_state_verified,run.py:numpy-batch
HiSD,0.00019952623149688788,0.002,2000000,218,-0.5515625000000001,1.321875,completed,-0.6035666599883276,2.609782784601437,526.7500366965545,1364.220268528547,3614.6399286750575,2000000,budget_exhausted,U,budget_exhausted,,raw_state_verified,run.py:numpy-batch
HiSD,0.00019952623149688788,0.002,2000000,219,-0.5421875,1.321875,completed,-0.7084208440239587,2.6169733778028466,526.7500366965543,1157.493569637462,3394.158114562696,2000000,budget_exhausted,U,budget_exhausted,,raw_state_verified,run.py:numpy-batch
HiSD,0.00019952623149688788,0.002,2000000,220,-0.5328125000000001,1.321875,completed,-0.6035666599883276,2.609782784601437,526.7500366965545,1364.220268528547,3614.6399286750575,2000000,budget_exhausted,U,budget_exhausted,,raw_state_verified,run.py:numpy-batch
HiSD,0.00019952623149688788,0.002,2000000,221,-0.5234375,1.321875,completed,-0.6035666599883276,2.609782784601437,526.7500366965545,1364.220268528547,3614.6399286750575,2000000,budget_exhausted,U,budget_exhausted,,raw_state_verified,run.py:numpy-batch
HiSD,0.00019952623149688788,0.002,2000000,222,-0.5140625000000001,1.321875,completed,-0.6035666599883276,2.609782784601437,526.7500366965545,1364.220268528547,3614.6399286750575,2000000,budget_exhausted,U,budget_exhausted,,raw_state_verified,run.py:numpy-batch
HiSD,0.00019952623149688788,0.002,2000000,223,-0.5046875000000001,1.321875,completed,-0.7084208440239587,2.6169733778028466,526.7500366965543,1157.493569637462,3394.158114562696,2000000,budget_exhausted,U,budget_exhausted,,raw_state_verified,run.py:numpy-batch
HiSD,0.00019952623149688788,0.002,2000000,224,-0.7953125000000001,1.340625,completed,-3.409747714127745,0.9779370172176688,3296.583072505737,263.968820283689,13953.675127951123,2000000,budget_exhausted,U,budget_exhausted,,raw_state_verified,run.py:numpy-batch
HiSD,0.00019952623149688788,0.002,2000000,225,-0.7859375000000001,1.340625,completed,-0.6035666599883276,2.609782784601437,526.7500366965545,1364.220268528547,3614.6399286750575,2000000,budget_exhausted,U,budget_exhausted,,raw_state_verified,run.py:numpy-batch
HiSD,0.00019952623149688788,0.002,2000000,226,-0.7765625,1.340625,completed,-0.7084208440239587,2.6169733778028466,526.7500366965543,1157.493569637462,3394.158114562696,2000000,budget_exhausted,U,budget_exhausted,,raw_state_verified,run.py:numpy-batch
HiSD,0.00019952623149688788,0.002,2000000,227,-0.7671875,1.340625,completed,-0.7084208440239587,2.6169733778028466,526.7500366965543,1157.493569637462,3394.158114562696,2000000,budget_exhausted,U,budget_exhausted,,raw_state_verified,run.py:numpy-batch
HiSD,0.00019952623149688788,0.002,2000000,228,-0.7578125,1.340625,completed,-0.6035666599883276,2.609782784601437,526.7500366965545,1364.220268528547,3614.6399286750575,2000000,budget_exhausted,U,budget_exhausted,,raw_state_verified,run.py:numpy-batch
HiSD,0.00019952623149688788,0.002,2000000,229,-0.7484375000000001,1.340625,completed,-0.7084208440239587,2.6169733778028466,526.7500366965543,1157.493569637462,3394.158114562696,2000000,budget_exhausted,U,budget_exhausted,,raw_state_verified,run.py:numpy-batch
HiSD,0.00019952623149688788,0.002,2000000,230,-0.7390625000000001,1.340625,completed,-0.7084208440239587,2.6169733778028466,526.7500366965543,1157.493569637462,3394.158114562696,2000000,budget_exhausted,U,budget_exhausted,,raw_state_verified,run.py:numpy-batch
HiSD,0.00019952623149688788,0.002,2000000,231,-0.7296875,1.340625,completed,-0.6035666599883276,2.609782784601437,526.7500366965545,1364.220268528547,3614.6399286750575,2000000,budget_exhausted,U,budget_exhausted,,raw_state_verified,run.py:numpy-batch
HiSD,0.00019952623149688788,0.002,2000000,232,-0.7203125,1.340625,completed,-0.6035666599883276,2.609782784601437,526.7500366965545,1364.220268528547,3614.6399286750575,2000000,budget_exhausted,U,budget_exhausted,,raw_state_verified,run.py:numpy-batch
HiSD,0.00019952623149688788,0.002,2000000,233,-0.7109375,1.340625,completed,-0.6035666599883276,2.609782784601437,526.7500366965545,1364.220268528547,3614.6399286750575,2000000,budget_exhausted,U,budget_exhausted,,raw_state_verified,run.py:numpy-batch
HiSD,0.00019952623149688788,0.002,2000000,234,-0.7015625000000001,1.340625,completed,-0.6035666599883276,2.609782784601437,526.7500366965545,1364.220268528547,3614.6399286750575,2000000,budget_exhausted,U,budget_exhausted,,raw_state_verified,run.py:numpy-batch
HiSD,0.00019952623149688788,0.002,2000000,235,-0.6921875000000001,1.340625,completed,-0.6035666599883276,2.609782784601437,526.7500366965545,1364.220268528547,3614.6399286750575,2000000,budget_exhausted,U,budget_exhausted,,raw_state_verified,run.py:numpy-batch
HiSD,0.00019952623149688788,0.002,2000000,236,-0.6828125,1.340625,completed,-0.6035666599883276,2.609782784601437,526.7500366965545,1364.220268528547,3614.6399286750575,2000000,budget_exhausted,U,budget_exhausted,,raw_state_verified,run.py:numpy-batch
HiSD,0.00019952623149688788,0.002,2000000,237,-0.6734375,1.340625,completed,-0.6035666599883276,2.609782784601437,526.7500366965545,1364.220268528547,3614.6399286750575,2000000,budget_exhausted,U,budget_exhausted,,raw_state_verified,run.py:numpy-batch
HiSD,0.00019952623149688788,0.002,2000000,238,-0.6640625,1.340625,completed,-0.7084208440239587,2.6169733778028466,526.7500366965543,1157.493569637462,3394.158114562696,2000000,budget_exhausted,U,budget_exhausted,,raw_state_verified,run.py:numpy-batch
HiSD,0.00019952623149688788,0.002,2000000,239,-0.6546875000000001,1.340625,completed,-0.7084208440239587,2.6169733778028466,526.7500366965543,1157.493569637462,3394.158114562696,2000000,budget_exhausted,U,budget_exhausted,,raw_state_verified,run.py:numpy-batch
HiSD,0.00019952623149688788,0.002,2000000,240,-0.6453125000000001,1.340625,completed,-0.7084208440239587,2.6169733778028466,526.7500366965543,1157.493569637462,3394.158114562696,2000000,budget_exhausted,U,budget_exhausted,,raw_state_verified,run.py:numpy-batch
HiSD,0.00019952623149688788,0.002,2000000,241,-0.6359375,1.340625,completed,-0.7084208440239587,2.6169733778028466,526.7500366965543,1157.493569637462,3394.158114562696,2000000,budget_exhausted,U,budget_exhausted,,raw_state_verified,run.py:numpy-batch
HiSD,0.00019952623149688788,0.002,2000000,242,-0.6265625,1.340625,completed,-0.6035666599883276,2.609782784601437,526.7500366965545,1364.220268528547,3614.6399286750575,2000000,budget_exhausted,U,budget_exhausted,,raw_state_verified,run.py:numpy-batch
HiSD,0.00019952623149688788,0.002,2000000,243,-0.6171875,1.340625,completed,-0.7084208440239587,2.6169733778028466,526.7500366965543,1157.493569637462,3394.158114562696,2000000,budget_exhausted,U,budget_exhausted,,raw_state_verified,run.py:numpy-batch
HiSD,0.00019952623149688788,0.002,2000000,244,-0.6078125000000001,1.340625,completed,-0.7084208440239587,2.6169733778028466,526.7500366965543,1157.493569637462,3394.158114562696,2000000,budget_exhausted,U,budget_exhausted,,raw_state_verified,run.py:numpy-batch
HiSD,0.00019952623149688788,0.002,2000000,245,-0.5984375000000001,1.340625,completed,-0.6035666599883276,2.609782784601437,526.7500366965545,1364.220268528547,3614.6399286750575,2000000,budget_exhausted,U,budget_exhausted,,raw_state_verified,run.py:numpy-batch
HiSD,0.00019952623149688788,0.002,2000000,246,-0.5890625,1.340625,completed,-0.6035666599883276,2.609782784601437,526.7500366965545,1364.220268528547,3614.6399286750575,2000000,budget_exhausted,U,budget_exhausted,,raw_state_verified,run.py:numpy-batch
HiSD,0.00019952623149688788,0.002,2000000,247,-0.5796875,1.340625,completed,-0.6035666599883276,2.609782784601437,526.7500366965545,1364.220268528547,3614.6399286750575,2000000,budget_exhausted,U,budget_exhausted,,raw_state_verified,run.py:numpy-batch
HiSD,0.00019952623149688788,0.002,2000000,248,-0.5703125,1.340625,completed,-0.6035666599883276,2.609782784601437,526.7500366965545,1364.220268528547,3614.6399286750575,2000000,budget_exhausted,U,budget_exhausted,,raw_state_verified,run.py:numpy-batch
HiSD,0.00019952623149688788,0.002,2000000,249,-0.5609375000000001,1.340625,completed,-0.7084208440239587,2.6169733778028466,526.7500366965543,1157.493569637462,3394.158114562696,2000000,budget_exhausted,U,budget_exhausted,,raw_state_verified,run.py:numpy-batch
HiSD,0.00019952623149688788,0.002,2000000,250,-0.5515625000000001,1.340625,completed,-0.6035666599883276,2.609782784601437,526.7500366965545,1364.220268528547,3614.6399286750575,2000000,budget_exhausted,U,budget_exhausted,,raw_state_verified,run.py:numpy-batch
HiSD,0.00019952623149688788,0.002,2000000,251,-0.5421875,1.340625,completed,-0.7084208440239587,2.6169733778028466,526.7500366965543,1157.493569637462,3394.158114562696,2000000,budget_exhausted,U,budget_exhausted,,raw_state_verified,run.py:numpy-batch
HiSD,0.00019952623149688788,0.002,2000000,252,-0.5328125000000001,1.340625,completed,-0.6035666599883276,2.609782784601437,526.7500366965545,1364.220268528547,3614.6399286750575,2000000,budget_exhausted,U,budget_exhausted,,raw_state_verified,run.py:numpy-batch
HiSD,0.00019952623149688788,0.002,2000000,253,-0.5234375,1.340625,completed,-0.7084208440239587,2.6169733778028466,526.7500366965543,1157.493569637462,3394.158114562696,2000000,budget_exhausted,U,budget_exhausted,,raw_state_verified,run.py:numpy-batch
HiSD,0.00019952623149688788,0.002,2000000,254,-0.5140625000000001,1.340625,completed,-0.7084208440239587,2.6169733778028466,526.7500366965543,1157.493569637462,3394.158114562696,2000000,budget_exhausted,U,budget_exhausted,,raw_state_verified,run.py:numpy-batch
HiSD,0.00019952623149688788,0.002,2000000,255,-0.5046875000000001,1.340625,completed,-0.6035666599883276,2.609782784601437,526.7500366965545,1364.220268528547,3614.6399286750575,2000000,budget_exhausted,U,budget_exhausted,,raw_state_verified,run.py:numpy-batch
HiSD,0.00019952623149688788,0.002,2000000,256,-0.7953125000000001,1.359375,completed,-0.7084208440239587,2.6169733778028466,526.7500366965543,1157.493569637462,3394.158114562696,2000000,budget_exhausted,U,budget_exhausted,,raw_state_verified,run.py:numpy-batch
HiSD,0.00019952623149688788,0.002,2000000,257,-0.7859375000000001,1.359375,completed,-0.7084208440239587,2.6169733778028466,526.7500366965543,1157.493569637462,3394.158114562696,2000000,budget_exhausted,U,budget_exhausted,,raw_state_verified,run.py:numpy-batch
HiSD,0.00019952623149688788,0.002,2000000,258,-0.7765625,1.359375,completed,-0.7084208440239587,2.6169733778028466,526.7500366965543,1157.493569637462,3394.158114562696,2000000,budget_exhausted,U,budget_exhausted,,raw_state_verified,run.py:numpy-batch
HiSD,0.00019952623149688788,0.002,2000000,259,-0.7671875,1.359375,completed,-0.6035666599883276,2.609782784601437,526.7500366965545,1364.220268528547,3614.6399286750575,2000000,budget_exhausted,U,budget_exhausted,,raw_state_verified,run.py:numpy-batch
HiSD,0.00019952623149688788,0.002,2000000,260,-0.7578125,1.359375,completed,-0.6035666599883276,2.609782784601437,526.7500366965545,1364.220268528547,3614.6399286750575,2000000,budget_exhausted,U,budget_exhausted,,raw_state_verified,run.py:numpy-batch
HiSD,0.00019952623149688788,0.002,2000000,261,-0.7484375000000001,1.359375,completed,-0.6035666599883276,2.609782784601437,526.7500366965545,1364.220268528547,3614.6399286750575,2000000,budget_exhausted,U,budget_exhausted,,raw_state_verified,run.py:numpy-batch
HiSD,0.00019952623149688788,0.002,2000000,262,-0.7390625000000001,1.359375,completed,-0.6035666599883276,2.609782784601437,526.7500366965545,1364.220268528547,3614.6399286750575,2000000,budget_exhausted,U,budget_exhausted,,raw_state_verified,run.py:numpy-batch
HiSD,0.00019952623149688788,0.002,2000000,263,-0.7296875,1.359375,completed,-0.7084208440239587,2.6169733778028466,526.7500366965543,1157.493569637462,3394.158114562696,2000000,budget_exhausted,U,budget_exhausted,,raw_state_verified,run.py:numpy-batch
HiSD,0.00019952623149688788,0.002,2000000,264,-0.7203125,1.359375,completed,-0.7084208440239587,2.6169733778028466,526.7500366965543,1157.493569637462,3394.158114562696,2000000,budget_exhausted,U,budget_exhausted,,raw_state_verified,run.py:numpy-batch
HiSD,0.00019952623149688788,0.002,2000000,265,-0.7109375,1.359375,completed,-0.7084208440239587,2.6169733778028466,526.7500366965543,1157.493569637462,3394.158114562696,2000000,budget_exhausted,U,budget_exhausted,,raw_state_verified,run.py:numpy-batch
HiSD,0.00019952623149688788,0.002,2000000,266,-0.7015625000000001,1.359375,completed,-0.7084208440239587,2.6169733778028466,526.7500366965543,1157.493569637462,3394.158114562696,2000000,budget_exhausted,U,budget_exhausted,,raw_state_verified,run.py:numpy-batch
HiSD,0.00019952623149688788,0.002,2000000,267,-0.6921875000000001,1.359375,completed,-0.7084208440239587,2.6169733778028466,526.7500366965543,1157.493569637462,3394.158114562696,2000000,budget_exhausted,U,budget_exhausted,,raw_state_verified,run.py:numpy-batch
HiSD,0.00019952623149688788,0.002,2000000,268,-0.6828125,1.359375,completed,-0.6035666599883276,2.609782784601437,526.7500366965545,1364.220268528547,3614.6399286750575,2000000,budget_exhausted,U,budget_exhausted,,raw_state_verified,run.py:numpy-batch
HiSD,0.00019952623149688788,0.002,2000000,269,-0.6734375,1.359375,completed,-0.7084208440239587,2.6169733778028466,526.7500366965543,1157.493569637462,3394.158114562696,2000000,budget_exhausted,U,budget_exhausted,,raw_state_verified,run.py:numpy-batch
HiSD,0.00019952623149688788,0.002,2000000,270,-0.6640625,1.359375,completed,-0.6035666599883276,2.609782784601437,526.7500366965545,1364.220268528547,3614.6399286750575,2000000,budget_exhausted,U,budget_exhausted,,raw_state_verified,run.py:numpy-batch
HiSD,0.00019952623149688788,0.002,2000000,271,-0.6546875000000001,1.359375,completed,-0.6035666599883276,2.609782784601437,526.7500366965545,1364.220268528547,3614.6399286750575,2000000,budget_exhausted,U,budget_exhausted,,raw_state_verified,run.py:numpy-batch
HiSD,0.00019952623149688788,0.002,2000000,272,-0.6453125000000001,1.359375,completed,-0.7084208440239587,2.6169733778028466,526.7500366965543,1157.493569637462,3394.158114562696,2000000,budget_exhausted,U,budget_exhausted,,raw_state_verified,run.py:numpy-batch
HiSD,0.00019952623149688788,0.002,2000000,273,-0.6359375,1.359375,completed,-0.7084208440239587,2.6169733778028466,526.7500366965543,1157.493569637462,3394.158114562696,2000000,budget_exhausted,U,budget_exhausted,,raw_state_verified,run.py:numpy-batch
HiSD,0.00019952623149688788,0.002,2000000,274,-0.6265625,1.359375,completed,-0.7084208440239587,2.6169733778028466,526.7500366965543,1157.493569637462,3394.158114562696,2000000,budget_exhausted,U,budget_exhausted,,raw_state_verified,run.py:numpy-batch
HiSD,0.00019952623149688788,0.002,2000000,275,-0.6171875,1.359375,completed,-0.7084208440239587,2.6169733778028466,526.7500366965543,1157.493569637462,3394.158114562696,2000000,budget_exhausted,U,budget_exhausted,,raw_state_verified,run.py:numpy-batch
HiSD,0.00019952623149688788,0.002,2000000,276,-0.6078125000000001,1.359375,completed,-0.7084208440239587,2.6169733778028466,526.7500366965543,1157.493569637462,3394.158114562696,2000000,budget_exhausted,U,budget_exhausted,,raw_state_verified,run.py:numpy-batch
HiSD,0.00019952623149688788,0.002,2000000,277,-0.5984375000000001,1.359375,completed,-0.6035666599883276,2.609782784601437,526.7500366965545,1364.220268528547,3614.6399286750575,2000000,budget_exhausted,U,budget_exhausted,,raw_state_verified,run.py:numpy-batch
HiSD,0.00019952623149688788,0.002,2000000,278,-0.5890625,1.359375,completed,-0.7084208440239587,2.6169733778028466,526.7500366965543,1157.493569637462,3394.158114562696,2000000,budget_exhausted,U,budget_exhausted,,raw_state_verified,run.py:numpy-batch
HiSD,0.00019952623149688788,0.002,2000000,279,-0.5796875,1.359375,completed,-0.6035666599883276,2.609782784601437,526.7500366965545,1364.220268528547,3614.6399286750575,2000000,budget_exhausted,U,budget_exhausted,,raw_state_verified,run.py:numpy-batch
HiSD,0.00019952623149688788,0.002,2000000,280,-0.5703125,1.359375,completed,-0.7084208440239587,2.6169733778028466,526.7500366965543,1157.493569637462,3394.158114562696,2000000,budget_exhausted,U,budget_exhausted,,raw_state_verified,run.py:numpy-batch
HiSD,0.00019952623149688788,0.002,2000000,281,-0.5609375000000001,1.359375,completed,-0.6035666599883276,2.609782784601437,526.7500366965545,1364.220268528547,3614.6399286750575,2000000,budget_exhausted,U,budget_exhausted,,raw_state_verified,run.py:numpy-batch
HiSD,0.00019952623149688788,0.002,2000000,282,-0.5515625000000001,1.359375,completed,-0.6035666599883276,2.609782784601437,526.7500366965545,1364.220268528547,3614.6399286750575,2000000,budget_exhausted,U,budget_exhausted,,raw_state_verified,run.py:numpy-batch
HiSD,0.00019952623149688788,0.002,2000000,283,-0.5421875,1.359375,completed,-0.6035666599883276,2.609782784601437,526.7500366965545,1364.220268528547,3614.6399286750575,2000000,budget_exhausted,U,budget_exhausted,,raw_state_verified,run.py:numpy-batch
HiSD,0.00019952623149688788,0.002,2000000,284,-0.5328125000000001,1.359375,completed,-0.7084208440239587,2.6169733778028466,526.7500366965543,1157.493569637462,3394.158114562696,2000000,budget_exhausted,U,budget_exhausted,,raw_state_verified,run.py:numpy-batch
HiSD,0.00019952623149688788,0.002,2000000,285,-0.5234375,1.359375,completed,-0.6035666599883276,2.609782784601437,526.7500366965545,1364.220268528547,3614.6399286750575,2000000,budget_exhausted,U,budget_exhausted,,raw_state_verified,run.py:numpy-batch
HiSD,0.00019952623149688788,0.002,2000000,286,-0.5140625000000001,1.359375,completed,-0.7084208440239587,2.6169733778028466,526.7500366965543,1157.493569637462,3394.158114562696,2000000,budget_exhausted,U,budget_exhausted,,raw_state_verified,run.py:numpy-batch
HiSD,0.00019952623149688788,0.002,2000000,287,-0.5046875000000001,1.359375,completed,-0.6035666599883276,2.609782784601437,526.7500366965545,1364.220268528547,3614.6399286750575,2000000,budget_exhausted,U,budget_exhausted,,raw_state_verified,run.py:numpy-batch
HiSD,0.00019952623149688788,0.002,2000000,288,-0.7953125000000001,1.378125,completed,-0.7084208440239587,2.6169733778028466,526.7500366965543,1157.493569637462,3394.158114562696,2000000,budget_exhausted,U,budget_exhausted,,raw_state_verified,run.py:numpy-batch
HiSD,0.00019952623149688788,0.002,2000000,289,-0.7859375000000001,1.378125,completed,-0.6035666599883276,2.609782784601437,526.7500366965545,1364.220268528547,3614.6399286750575,2000000,budget_exhausted,U,budget_exhausted,,raw_state_verified,run.py:numpy-batch
HiSD,0.00019952623149688788,0.002,2000000,290,-0.7765625,1.378125,completed,-0.6035666599883276,2.609782784601437,526.7500366965545,1364.220268528547,3614.6399286750575,2000000,budget_exhausted,U,budget_exhausted,,raw_state_verified,run.py:numpy-batch
HiSD,0.00019952623149688788,0.002,2000000,291,-0.7671875,1.378125,completed,-0.6035666599883276,2.609782784601437,526.7500366965545,1364.220268528547,3614.6399286750575,2000000,budget_exhausted,U,budget_exhausted,,raw_state_verified,run.py:numpy-batch
HiSD,0.00019952623149688788,0.002,2000000,292,-0.7578125,1.378125,completed,-0.7084208440239587,2.6169733778028466,526.7500366965543,1157.493569637462,3394.158114562696,2000000,budget_exhausted,U,budget_exhausted,,raw_state_verified,run.py:numpy-batch
HiSD,0.00019952623149688788,0.002,2000000,293,-0.7484375000000001,1.378125,completed,-0.6035666599883276,2.609782784601437,526.7500366965545,1364.220268528547,3614.6399286750575,2000000,budget_exhausted,U,budget_exhausted,,raw_state_verified,run.py:numpy-batch
HiSD,0.00019952623149688788,0.002,2000000,294,-0.7390625000000001,1.378125,completed,-0.7084208440239587,2.6169733778028466,526.7500366965543,1157.493569637462,3394.158114562696,2000000,budget_exhausted,U,budget_exhausted,,raw_state_verified,run.py:numpy-batch
HiSD,0.00019952623149688788,0.002,2000000,295,-0.7296875,1.378125,completed,-0.7084208440239587,2.6169733778028466,526.7500366965543,1157.493569637462,3394.158114562696,2000000,budget_exhausted,U,budget_exhausted,,raw_state_verified,run.py:numpy-batch
HiSD,0.00019952623149688788,0.002,2000000,296,-0.7203125,1.378125,completed,-0.6035666599883276,2.609782784601437,526.7500366965545,1364.220268528547,3614.6399286750575,2000000,budget_exhausted,U,budget_exhausted,,raw_state_verified,run.py:numpy-batch
HiSD,0.00019952623149688788,0.002,2000000,297,-0.7109375,1.378125,completed,-0.7084208440239587,2.6169733778028466,526.7500366965543,1157.493569637462,3394.158114562696,2000000,budget_exhausted,U,budget_exhausted,,raw_state_verified,run.py:numpy-batch
HiSD,0.00019952623149688788,0.002,2000000,298,-0.7015625000000001,1.378125,completed,-0.6035666599883276,2.609782784601437,526.7500366965545,1364.220268528547,3614.6399286750575,2000000,budget_exhausted,U,budget_exhausted,,raw_state_verified,run.py:numpy-batch
HiSD,0.00019952623149688788,0.002,2000000,299,-0.6921875000000001,1.378125,completed,-0.7084208440239587,2.6169733778028466,526.7500366965543,1157.493569637462,3394.158114562696,2000000,budget_exhausted,U,budget_exhausted,,raw_state_verified,run.py:numpy-batch
HiSD,0.00019952623149688788,0.002,2000000,300,-0.6828125,1.378125,completed,-0.6035666599883276,2.609782784601437,526.7500366965545,1364.220268528547,3614.6399286750575,2000000,budget_exhausted,U,budget_exhausted,,raw_state_verified,run.py:numpy-batch
HiSD,0.00019952623149688788,0.002,2000000,301,-0.6734375,1.378125,completed,-0.6035666599883276,2.609782784601437,526.7500366965545,1364.220268528547,3614.6399286750575,2000000,budget_exhausted,U,budget_exhausted,,raw_state_verified,run.py:numpy-batch
HiSD,0.00019952623149688788,0.002,2000000,302,-0.6640625,1.378125,completed,-0.7084208440239587,2.6169733778028466,526.7500366965543,1157.493569637462,3394.158114562696,2000000,budget_exhausted,U,budget_exhausted,,raw_state_verified,run.py:numpy-batch
HiSD,0.00019952623149688788,0.002,2000000,303,-0.6546875000000001,1.378125,completed,-0.6035666599883276,2.609782784601437,526.7500366965545,1364.220268528547,3614.6399286750575,2000000,budget_exhausted,U,budget_exhausted,,raw_state_verified,run.py:numpy-batch
HiSD,0.00019952623149688788,0.002,2000000,304,-0.6453125000000001,1.378125,completed,-0.7084208440239587,2.6169733778028466,526.7500366965543,1157.493569637462,3394.158114562696,2000000,budget_exhausted,U,budget_exhausted,,raw_state_verified,run.py:numpy-batch
HiSD,0.00019952623149688788,0.002,2000000,305,-0.6359375,1.378125,completed,-0.7084208440239587,2.6169733778028466,526.7500366965543,1157.493569637462,3394.158114562696,2000000,budget_exhausted,U,budget_exhausted,,raw_state_verified,run.py:numpy-batch
HiSD,0.00019952623149688788,0.002,2000000,306,-0.6265625,1.378125,completed,-0.7084208440239587,2.6169733778028466,526.7500366965543,1157.493569637462,3394.158114562696,2000000,budget_exhausted,U,budget_exhausted,,raw_state_verified,run.py:numpy-batch
HiSD,0.00019952623149688788,0.002,2000000,307,-0.6171875,1.378125,completed,-0.7084208440239587,2.6169733778028466,526.7500366965543,1157.493569637462,3394.158114562696,2000000,budget_exhausted,U,budget_exhausted,,raw_state_verified,run.py:numpy-batch
HiSD,0.00019952623149688788,0.002,2000000,308,-0.6078125000000001,1.378125,completed,-0.7084208440239587,2.6169733778028466,526.7500366965543,1157.493569637462,3394.158114562696,2000000,budget_exhausted,U,budget_exhausted,,raw_state_verified,run.py:numpy-batch
HiSD,0.00019952623149688788,0.002,2000000,309,-0.5984375000000001,1.378125,completed,-0.7084208440239587,2.6169733778028466,526.7500366965543,1157.493569637462,3394.158114562696,2000000,budget_exhausted,U,budget_exhausted,,raw_state_verified,run.py:numpy-batch
HiSD,0.00019952623149688788,0.002,2000000,310,-0.5890625,1.378125,completed,-0.6035666599883276,2.609782784601437,526.7500366965545,1364.220268528547,3614.6399286750575,2000000,budget_exhausted,U,budget_exhausted,,raw_state_verified,run.py:numpy-batch
HiSD,0.00019952623149688788,0.002,2000000,311,-0.5796875,1.378125,completed,-0.7084208440239587,2.6169733778028466,526.7500366965543,1157.493569637462,3394.158114562696,2000000,budget_exhausted,U,budget_exhausted,,raw_state_verified,run.py:numpy-batch
HiSD,0.00019952623149688788,0.002,2000000,312,-0.5703125,1.378125,completed,-0.6035666599883276,2.609782784601437,526.7500366965545,1364.220268528547,3614.6399286750575,2000000,budget_exhausted,U,budget_exhausted,,raw_state_verified,run.py:numpy-batch
HiSD,0.00019952623149688788,0.002,2000000,313,-0.5609375000000001,1.378125,completed,-0.6035666599883276,2.609782784601437,526.7500366965545,1364.220268528547,3614.6399286750575,2000000,budget_exhausted,U,budget_exhausted,,raw_state_verified,run.py:numpy-batch
HiSD,0.00019952623149688788,0.002,2000000,314,-0.5515625000000001,1.378125,completed,-0.6035666599883276,2.609782784601437,526.7500366965545,1364.220268528547,3614.6399286750575,2000000,budget_exhausted,U,budget_exhausted,,raw_state_verified,run.py:numpy-batch
HiSD,0.00019952623149688788,0.002,2000000,315,-0.5421875,1.378125,completed,-0.6035666599883276,2.609782784601437,526.7500366965545,1364.220268528547,3614.6399286750575,2000000,budget_exhausted,U,budget_exhausted,,raw_state_verified,run.py:numpy-batch
HiSD,0.00019952623149688788,0.002,2000000,316,-0.5328125000000001,1.378125,completed,-0.7084208440239587,2.6169733778028466,526.7500366965543,1157.493569637462,3394.158114562696,2000000,budget_exhausted,U,budget_exhausted,,raw_state_verified,run.py:numpy-batch
HiSD,0.00019952623149688788,0.002,2000000,317,-0.5234375,1.378125,completed,-0.7084208440239587,2.6169733778028466,526.7500366965543,1157.493569637462,3394.158114562696,2000000,budget_exhausted,U,budget_exhausted,,raw_state_verified,run.py:numpy-batch
HiSD,0.00019952623149688788,0.002,2000000,318,-0.5140625000000001,1.378125,completed,-0.7084208440239587,2.6169733778028466,526.7500366965543,1157.493569637462,3394.158114562696,2000000,budget_exhausted,U,budget_exhausted,,raw_state_verified,run.py:numpy-batch
HiSD,0.00019952623149688788,0.002,2000000,319,-0.5046875000000001,1.378125,completed,-0.7084208440239587,2.6169733778028466,526.7500366965543,1157.493569637462,3394.158114562696,2000000,budget_exhausted,U,budget_exhausted,,raw_state_verified,run.py:numpy-batch
HiSD,0.00019952623149688788,0.002,2000000,320,-0.7953125000000001,1.3968749999999999,completed,-0.6035666599883276,2.609782784601437,526.7500366965545,1364.220268528547,3614.6399286750575,2000000,budget_exhausted,U,budget_exhausted,,raw_state_verified,run.py:numpy-batch
HiSD,0.00019952623149688788,0.002,2000000,321,-0.7859375000000001,1.3968749999999999,completed,-0.7084208440239587,2.6169733778028466,526.7500366965543,1157.493569637462,3394.158114562696,2000000,budget_exhausted,U,budget_exhausted,,raw_state_verified,run.py:numpy-batch
HiSD,0.00019952623149688788,0.002,2000000,322,-0.7765625,1.3968749999999999,completed,-0.6035666599883276,2.609782784601437,526.7500366965545,1364.220268528547,3614.6399286750575,2000000,budget_exhausted,U,budget_exhausted,,raw_state_verified,run.py:numpy-batch
HiSD,0.00019952623149688788,0.002,2000000,323,-0.7671875,1.3968749999999999,completed,-0.7084208440239587,2.6169733778028466,526.7500366965543,1157.493569637462,3394.158114562696,2000000,budget_exhausted,U,budget_exhausted,,raw_state_verified,run.py:numpy-batch
HiSD,0.00019952623149688788,0.002,2000000,324,-0.7578125,1.3968749999999999,completed,-0.7084208440239587,2.6169733778028466,526.7500366965543,1157.493569637462,3394.158114562696,2000000,budget_exhausted,U,budget_exhausted,,raw_state_verified,run.py:numpy-batch
HiSD,0.00019952623149688788,0.002,2000000,325,-0.7484375000000001,1.3968749999999999,completed,-0.6035666599883276,2.609782784601437,526.7500366965545,1364.220268528547,3614.6399286750575,2000000,budget_exhausted,U,budget_exhausted,,raw_state_verified,run.py:numpy-batch
HiSD,0.00019952623149688788,0.002,2000000,326,-0.7390625000000001,1.3968749999999999,completed,-0.6035666599883276,2.609782784601437,526.7500366965545,1364.220268528547,3614.6399286750575,2000000,budget_exhausted,U,budget_exhausted,,raw_state_verified,run.py:numpy-batch
HiSD,0.00019952623149688788,0.002,2000000,327,-0.7296875,1.3968749999999999,completed,-0.6035666599883276,2.609782784601437,526.7500366965545,1364.220268528547,3614.6399286750575,2000000,budget_exhausted,U,budget_exhausted,,raw_state_verified,run.py:numpy-batch
HiSD,0.00019952623149688788,0.002,2000000,328,-0.7203125,1.3968749999999999,completed,-0.6035666599883276,2.609782784601437,526.7500366965545,1364.220268528547,3614.6399286750575,2000000,budget_exhausted,U,budget_exhausted,,raw_state_verified,run.py:numpy-batch
HiSD,0.00019952623149688788,0.002,2000000,329,-0.7109375,1.3968749999999999,completed,-0.6035666599883276,2.609782784601437,526.7500366965545,1364.220268528547,3614.6399286750575,2000000,budget_exhausted,U,budget_exhausted,,raw_state_verified,run.py:numpy-batch
HiSD,0.00019952623149688788,0.002,2000000,330,-0.7015625000000001,1.3968749999999999,completed,-0.6035666599883276,2.609782784601437,526.7500366965545,1364.220268528547,3614.6399286750575,2000000,budget_exhausted,U,budget_exhausted,,raw_state_verified,run.py:numpy-batch
HiSD,0.00019952623149688788,0.002,2000000,331,-0.6921875000000001,1.3968749999999999,completed,-0.7084208440239587,2.6169733778028466,526.7500366965543,1157.493569637462,3394.158114562696,2000000,budget_exhausted,U,budget_exhausted,,raw_state_verified,run.py:numpy-batch
HiSD,0.00019952623149688788,0.002,2000000,332,-0.6828125,1.3968749999999999,completed,-0.6035666599883276,2.609782784601437,526.7500366965545,1364.220268528547,3614.6399286750575,2000000,budget_exhausted,U,budget_exhausted,,raw_state_verified,run.py:numpy-batch
HiSD,0.00019952623149688788,0.002,2000000,333,-0.6734375,1.3968749999999999,completed,-0.7084208440239587,2.6169733778028466,526.7500366965543,1157.493569637462,3394.158114562696,2000000,budget_exhausted,U,budget_exhausted,,raw_state_verified,run.py:numpy-batch
HiSD,0.00019952623149688788,0.002,2000000,334,-0.6640625,1.3968749999999999,completed,-0.7084208440239587,2.6169733778028466,526.7500366965543,1157.493569637462,3394.158114562696,2000000,budget_exhausted,U,budget_exhausted,,raw_state_verified,run.py:numpy-batch
HiSD,0.00019952623149688788,0.002,2000000,335,-0.6546875000000001,1.3968749999999999,completed,-0.7084208440239587,2.6169733778028466,526.7500366965543,1157.493569637462,3394.158114562696,2000000,budget_exhausted,U,budget_exhausted,,raw_state_verified,run.py:numpy-batch
HiSD,0.00019952623149688788,0.002,2000000,336,-0.6453125000000001,1.3968749999999999,completed,-0.7084208440239587,2.6169733778028466,526.7500366965543,1157.493569637462,3394.158114562696,2000000,budget_exhausted,U,budget_exhausted,,raw_state_verified,run.py:numpy-batch
HiSD,0.00019952623149688788,0.002,2000000,337,-0.6359375,1.3968749999999999,completed,-0.7084208440239587,2.6169733778028466,526.7500366965543,1157.493569637462,3394.158114562696,2000000,budget_exhausted,U,budget_exhausted,,raw_state_verified,run.py:numpy-batch
HiSD,0.00019952623149688788,0.002,2000000,338,-0.6265625,1.3968749999999999,completed,-0.7084208440239587,2.6169733778028466,526.7500366965543,1157.493569637462,3394.158114562696,2000000,budget_exhausted,U,budget_exhausted,,raw_state_verified,run.py:numpy-batch
HiSD,0.00019952623149688788,0.002,2000000,339,-0.6171875,1.3968749999999999,completed,-0.7084208440239587,2.6169733778028466,526.7500366965543,1157.493569637462,3394.158114562696,2000000,budget_exhausted,U,budget_exhausted,,raw_state_verified,run.py:numpy-batch
HiSD,0.00019952623149688788,0.002,2000000,340,-0.6078125000000001,1.3968749999999999,completed,-0.6035666599883276,2.609782784601437,526.7500366965545,1364.220268528547,3614.6399286750575,2000000,budget_exhausted,U,budget_exhausted,,raw_state_verified,run.py:numpy-batch
HiSD,0.00019952623149688788,0.002,2000000,341,-0.5984375000000001,1.3968749999999999,completed,-0.7084208440239587,2.6169733778028466,526.7500366965543,1157.493569637462,3394.158114562696,2000000,budget_exhausted,U,budget_exhausted,,raw_state_verified,run.py:numpy-batch
HiSD,0.00019952623149688788,0.002,2000000,342,-0.5890625,1.3968749999999999,completed,-0.6035666599883276,2.609782784601437,526.7500366965545,1364.220268528547,3614.6399286750575,2000000,budget_exhausted,U,budget_exhausted,,raw_state_verified,run.py:numpy-batch
HiSD,0.00019952623149688788,0.002,2000000,343,-0.5796875,1.3968749999999999,completed,-0.7084208440239587,2.6169733778028466,526.7500366965543,1157.493569637462,3394.158114562696,2000000,budget_exhausted,U,budget_exhausted,,raw_state_verified,run.py:numpy-batch
HiSD,0.00019952623149688788,0.002,2000000,344,-0.5703125,1.3968749999999999,completed,-0.6035666599883276,2.609782784601437,526.7500366965545,1364.220268528547,3614.6399286750575,2000000,budget_exhausted,U,budget_exhausted,,raw_state_verified,run.py:numpy-batch
HiSD,0.00019952623149688788,0.002,2000000,345,-0.5609375000000001,1.3968749999999999,completed,-0.7084208440239587,2.6169733778028466,526.7500366965543,1157.493569637462,3394.158114562696,2000000,budget_exhausted,U,budget_exhausted,,raw_state_verified,run.py:numpy-batch
HiSD,0.00019952623149688788,0.002,2000000,346,-0.5515625000000001,1.3968749999999999,completed,-0.6035666599883276,2.609782784601437,526.7500366965545,1364.220268528547,3614.6399286750575,2000000,budget_exhausted,U,budget_exhausted,,raw_state_verified,run.py:numpy-batch
HiSD,0.00019952623149688788,0.002,2000000,347,-0.5421875,1.3968749999999999,completed,-0.6035666599883276,2.609782784601437,526.7500366965545,1364.220268528547,3614.6399286750575,2000000,budget_exhausted,U,budget_exhausted,,raw_state_verified,run.py:numpy-batch
HiSD,0.00019952623149688788,0.002,2000000,348,-0.5328125000000001,1.3968749999999999,completed,-0.7084208440239587,2.6169733778028466,526.7500366965543,1157.493569637462,3394.158114562696,2000000,budget_exhausted,U,budget_exhausted,,raw_state_verified,run.py:numpy-batch
HiSD,0.00019952623149688788,0.002,2000000,349,-0.5234375,1.3968749999999999,completed,-0.7084208440239587,2.6169733778028466,526.7500366965543,1157.493569637462,3394.158114562696,2000000,budget_exhausted,U,budget_exhausted,,raw_state_verified,run.py:numpy-batch
HiSD,0.00019952623149688788,0.002,2000000,350,-0.5140625000000001,1.3968749999999999,completed,-0.6035666599883276,2.609782784601437,526.7500366965545,1364.220268528547,3614.6399286750575,2000000,budget_exhausted,U,budget_exhausted,,raw_state_verified,run.py:numpy-batch
HiSD,0.00019952623149688788,0.002,2000000,351,-0.5046875000000001,1.3968749999999999,completed,-0.6035666599883276,2.609782784601437,526.7500366965545,1364.220268528547,3614.6399286750575,2000000,budget_exhausted,U,budget_exhausted,,raw_state_verified,run.py:numpy-batch
HiSD,0.00019952623149688788,0.002,2000000,352,-0.7953125000000001,1.415625,completed,-0.6035666599883276,2.609782784601437,526.7500366965545,1364.220268528547,3614.6399286750575,2000000,budget_exhausted,U,budget_exhausted,,raw_state_verified,run.py:numpy-batch
HiSD,0.00019952623149688788,0.002,2000000,353,-0.7859375000000001,1.415625,completed,-0.7084208440239587,2.6169733778028466,526.7500366965543,1157.493569637462,3394.158114562696,2000000,budget_exhausted,U,budget_exhausted,,raw_state_verified,run.py:numpy-batch
HiSD,0.00019952623149688788,0.002,2000000,354,-0.7765625,1.415625,completed,-0.7084208440239587,2.6169733778028466,526.7500366965543,1157.493569637462,3394.158114562696,2000000,budget_exhausted,U,budget_exhausted,,raw_state_verified,run.py:numpy-batch
HiSD,0.00019952623149688788,0.002,2000000,355,-0.7671875,1.415625,completed,-0.6035666599883276,2.609782784601437,526.7500366965545,1364.220268528547,3614.6399286750575,2000000,budget_exhausted,U,budget_exhausted,,raw_state_verified,run.py:numpy-batch
HiSD,0.00019952623149688788,0.002,2000000,356,-0.7578125,1.415625,completed,-0.7084208440239587,2.6169733778028466,526.7500366965543,1157.493569637462,3394.158114562696,2000000,budget_exhausted,U,budget_exhausted,,raw_state_verified,run.py:numpy-batch
HiSD,0.00019952623149688788,0.002,2000000,357,-0.7484375000000001,1.415625,completed,-0.7084208440239587,2.6169733778028466,526.7500366965543,1157.493569637462,3394.158114562696,2000000,budget_exhausted,U,budget_exhausted,,raw_state_verified,run.py:numpy-batch
HiSD,0.00019952623149688788,0.002,2000000,358,-0.7390625000000001,1.415625,completed,-0.7084208440239587,2.6169733778028466,526.7500366965543,1157.493569637462,3394.158114562696,2000000,budget_exhausted,U,budget_exhausted,,raw_state_verified,run.py:numpy-batch
HiSD,0.00019952623149688788,0.002,2000000,359,-0.7296875,1.415625,completed,-0.7084208440239587,2.6169733778028466,526.7500366965543,1157.493569637462,3394.158114562696,2000000,budget_exhausted,U,budget_exhausted,,raw_state_verified,run.py:numpy-batch
HiSD,0.00019952623149688788,0.002,2000000,360,-0.7203125,1.415625,completed,-0.6035666599883276,2.609782784601437,526.7500366965545,1364.220268528547,3614.6399286750575,2000000,budget_exhausted,U,budget_exhausted,,raw_state_verified,run.py:numpy-batch
HiSD,0.00019952623149688788,0.002,2000000,361,-0.7109375,1.415625,completed,-0.6035666599883276,2.609782784601437,526.7500366965545,1364.220268528547,3614.6399286750575,2000000,budget_exhausted,U,budget_exhausted,,raw_state_verified,run.py:numpy-batch
HiSD,0.00019952623149688788,0.002,2000000,362,-0.7015625000000001,1.415625,completed,-0.7084208440239587,2.6169733778028466,526.7500366965543,1157.493569637462,3394.158114562696,2000000,budget_exhausted,U,budget_exhausted,,raw_state_verified,run.py:numpy-batch
HiSD,0.00019952623149688788,0.002,2000000,363,-0.6921875000000001,1.415625,completed,-0.7084208440239587,2.6169733778028466,526.7500366965543,1157.493569637462,3394.158114562696,2000000,budget_exhausted,U,budget_exhausted,,raw_state_verified,run.py:numpy-batch
HiSD,0.00019952623149688788,0.002,2000000,364,-0.6828125,1.415625,completed,-0.7084208440239587,2.6169733778028466,526.7500366965543,1157.493569637462,3394.158114562696,2000000,budget_exhausted,U,budget_exhausted,,raw_state_verified,run.py:numpy-batch
HiSD,0.00019952623149688788,0.002,2000000,365,-0.6734375,1.415625,completed,-0.7084208440239587,2.6169733778028466,526.7500366965543,1157.493569637462,3394.158114562696,2000000,budget_exhausted,U,budget_exhausted,,raw_state_verified,run.py:numpy-batch
HiSD,0.00019952623149688788,0.002,2000000,366,-0.6640625,1.415625,completed,-0.7084208440239587,2.6169733778028466,526.7500366965543,1157.493569637462,3394.158114562696,2000000,budget_exhausted,U,budget_exhausted,,raw_state_verified,run.py:numpy-batch
HiSD,0.00019952623149688788,0.002,2000000,367,-0.6546875000000001,1.415625,completed,-0.7084208440239587,2.6169733778028466,526.7500366965543,1157.493569637462,3394.158114562696,2000000,budget_exhausted,U,budget_exhausted,,raw_state_verified,run.py:numpy-batch
HiSD,0.00019952623149688788,0.002,2000000,368,-0.6453125000000001,1.415625,completed,-0.6035666599883276,2.609782784601437,526.7500366965545,1364.220268528547,3614.6399286750575,2000000,budget_exhausted,U,budget_exhausted,,raw_state_verified,run.py:numpy-batch
HiSD,0.00019952623149688788,0.002,2000000,369,-0.6359375,1.415625,completed,-0.6035666599883276,2.609782784601437,526.7500366965545,1364.220268528547,3614.6399286750575,2000000,budget_exhausted,U,budget_exhausted,,raw_state_verified,run.py:numpy-batch
HiSD,0.00019952623149688788,0.002,2000000,370,-0.6265625,1.415625,completed,-0.7084208440239587,2.6169733778028466,526.7500366965543,1157.493569637462,3394.158114562696,2000000,budget_exhausted,U,budget_exhausted,,raw_state_verified,run.py:numpy-batch
HiSD,0.00019952623149688788,0.002,2000000,371,-0.6171875,1.415625,completed,-0.6035666599883276,2.609782784601437,526.7500366965545,1364.220268528547,3614.6399286750575,2000000,budget_exhausted,U,budget_exhausted,,raw_state_verified,run.py:numpy-batch
HiSD,0.00019952623149688788,0.002,2000000,372,-0.6078125000000001,1.415625,completed,-0.7084208440239587,2.6169733778028466,526.7500366965543,1157.493569637462,3394.158114562696,2000000,budget_exhausted,U,budget_exhausted,,raw_state_verified,run.py:numpy-batch
HiSD,0.00019952623149688788,0.002,2000000,373,-0.5984375000000001,1.415625,completed,-0.6035666599883276,2.609782784601437,526.7500366965545,1364.220268528547,3614.6399286750575,2000000,budget_exhausted,U,budget_exhausted,,raw_state_verified,run.py:numpy-batch
HiSD,0.00019952623149688788,0.002,2000000,374,-0.5890625,1.415625,completed,-0.7084208440239587,2.6169733778028466,526.7500366965543,1157.493569637462,3394.158114562696,2000000,budget_exhausted,U,budget_exhausted,,raw_state_verified,run.py:numpy-batch
HiSD,0.00019952623149688788,0.002,2000000,375,-0.5796875,1.415625,completed,-0.6035666599883276,2.609782784601437,526.7500366965545,1364.220268528547,3614.6399286750575,2000000,budget_exhausted,U,budget_exhausted,,raw_state_verified,run.py:numpy-batch
HiSD,0.00019952623149688788,0.002,2000000,376,-0.5703125,1.415625,completed,-0.7084208440239587,2.6169733778028466,526.7500366965543,1157.493569637462,3394.158114562696,2000000,budget_exhausted,U,budget_exhausted,,raw_state_verified,run.py:numpy-batch
HiSD,0.00019952623149688788,0.002,2000000,377,-0.5609375000000001,1.415625,completed,-0.6035666599883276,2.609782784601437,526.7500366965545,1364.220268528547,3614.6399286750575,2000000,budget_exhausted,U,budget_exhausted,,raw_state_verified,run.py:numpy-batch
HiSD,0.00019952623149688788,0.002,2000000,378,-0.5515625000000001,1.415625,completed,-0.6035666599883276,2.609782784601437,526.7500366965545,1364.220268528547,3614.6399286750575,2000000,budget_exhausted,U,budget_exhausted,,raw_state_verified,run.py:numpy-batch
HiSD,0.00019952623149688788,0.002,2000000,379,-0.5421875,1.415625,completed,-0.7084208440239587,2.6169733778028466,526.7500366965543,1157.493569637462,3394.158114562696,2000000,budget_exhausted,U,budget_exhausted,,raw_state_verified,run.py:numpy-batch
HiSD,0.00019952623149688788,0.002,2000000,380,-0.5328125000000001,1.415625,completed,-0.7084208440239587,2.6169733778028466,526.7500366965543,1157.493569637462,3394.158114562696,2000000,budget_exhausted,U,budget_exhausted,,raw_state_verified,run.py:numpy-batch
HiSD,0.00019952623149688788,0.002,2000000,381,-0.5234375,1.415625,completed,-0.7084208440239587,2.6169733778028466,526.7500366965543,1157.493569637462,3394.158114562696,2000000,budget_exhausted,U,budget_exhausted,,raw_state_verified,run.py:numpy-batch
HiSD,0.00019952623149688788,0.002,2000000,382,-0.5140625000000001,1.415625,completed,-0.6035666599883276,2.609782784601437,526.7500366965545,1364.220268528547,3614.6399286750575,2000000,budget_exhausted,U,budget_exhausted,,raw_state_verified,run.py:numpy-batch
HiSD,0.00019952623149688788,0.002,2000000,383,-0.5046875000000001,1.415625,completed,-0.6035666599883276,2.609782784601437,526.7500366965545,1364.220268528547,3614.6399286750575,2000000,budget_exhausted,U,budget_exhausted,,raw_state_verified,run.py:numpy-batch
HiSD,0.00019952623149688788,0.002,2000000,384,-0.7953125000000001,1.434375,completed,-0.7084208440239587,2.6169733778028466,526.7500366965543,1157.493569637462,3394.158114562696,2000000,budget_exhausted,U,budget_exhausted,,raw_state_verified,run.py:numpy-batch
HiSD,0.00019952623149688788,0.002,2000000,385,-0.7859375000000001,1.434375,completed,-0.6035666599883276,2.609782784601437,526.7500366965545,1364.220268528547,3614.6399286750575,2000000,budget_exhausted,U,budget_exhausted,,raw_state_verified,run.py:numpy-batch
HiSD,0.00019952623149688788,0.002,2000000,386,-0.7765625,1.434375,completed,-0.7084208440239587,2.6169733778028466,526.7500366965543,1157.493569637462,3394.158114562696,2000000,budget_exhausted,U,budget_exhausted,,raw_state_verified,run.py:numpy-batch
HiSD,0.00019952623149688788,0.002,2000000,387,-0.7671875,1.434375,completed,-0.7084208440239587,2.6169733778028466,526.7500366965543,1157.493569637462,3394.158114562696,2000000,budget_exhausted,U,budget_exhausted,,raw_state_verified,run.py:numpy-batch
HiSD,0.00019952623149688788,0.002,2000000,388,-0.7578125,1.434375,completed,-0.7084208440239587,2.6169733778028466,526.7500366965543,1157.493569637462,3394.158114562696,2000000,budget_exhausted,U,budget_exhausted,,raw_state_verified,run.py:numpy-batch
HiSD,0.00019952623149688788,0.002,2000000,389,-0.7484375000000001,1.434375,completed,-0.6035666599883276,2.609782784601437,526.7500366965545,1364.220268528547,3614.6399286750575,2000000,budget_exhausted,U,budget_exhausted,,raw_state_verified,run.py:numpy-batch
HiSD,0.00019952623149688788,0.002,2000000,390,-0.7390625000000001,1.434375,completed,-0.6035666599883276,2.609782784601437,526.7500366965545,1364.220268528547,3614.6399286750575,2000000,budget_exhausted,U,budget_exhausted,,raw_state_verified,run.py:numpy-batch
HiSD,0.00019952623149688788,0.002,2000000,391,-0.7296875,1.434375,completed,-0.7084208440239587,2.6169733778028466,526.7500366965543,1157.493569637462,3394.158114562696,2000000,budget_exhausted,U,budget_exhausted,,raw_state_verified,run.py:numpy-batch
HiSD,0.00019952623149688788,0.002,2000000,392,-0.7203125,1.434375,completed,-0.7084208440239587,2.6169733778028466,526.7500366965543,1157.493569637462,3394.158114562696,2000000,budget_exhausted,U,budget_exhausted,,raw_state_verified,run.py:numpy-batch
HiSD,0.00019952623149688788,0.002,2000000,393,-0.7109375,1.434375,completed,-0.7084208440239587,2.6169733778028466,526.7500366965543,1157.493569637462,3394.158114562696,2000000,budget_exhausted,U,budget_exhausted,,raw_state_verified,run.py:numpy-batch
HiSD,0.00019952623149688788,0.002,2000000,394,-0.7015625000000001,1.434375,completed,-0.6035666599883276,2.609782784601437,526.7500366965545,1364.220268528547,3614.6399286750575,2000000,budget_exhausted,U,budget_exhausted,,raw_state_verified,run.py:numpy-batch
HiSD,0.00019952623149688788,0.002,2000000,395,-0.6921875000000001,1.434375,completed,-0.6035666599883276,2.609782784601437,526.7500366965545,1364.220268528547,3614.6399286750575,2000000,budget_exhausted,U,budget_exhausted,,raw_state_verified,run.py:numpy-batch
HiSD,0.00019952623149688788,0.002,2000000,396,-0.6828125,1.434375,completed,-0.7084208440239587,2.6169733778028466,526.7500366965543,1157.493569637462,3394.158114562696,2000000,budget_exhausted,U,budget_exhausted,,raw_state_verified,run.py:numpy-batch
HiSD,0.00019952623149688788,0.002,2000000,397,-0.6734375,1.434375,completed,-0.7084208440239587,2.6169733778028466,526.7500366965543,1157.493569637462,3394.158114562696,2000000,budget_exhausted,U,budget_exhausted,,raw_state_verified,run.py:numpy-batch
HiSD,0.00019952623149688788,0.002,2000000,398,-0.6640625,1.434375,completed,-0.6035666599883276,2.609782784601437,526.7500366965545,1364.220268528547,3614.6399286750575,2000000,budget_exhausted,U,budget_exhausted,,raw_state_verified,run.py:numpy-batch
HiSD,0.00019952623149688788,0.002,2000000,399,-0.6546875000000001,1.434375,completed,-0.7084208440239587,2.6169733778028466,526.7500366965543,1157.493569637462,3394.158114562696,2000000,budget_exhausted,U,budget_exhausted,,raw_state_verified,run.py:numpy-batch
HiSD,0.00019952623149688788,0.002,2000000,400,-0.6453125000000001,1.434375,completed,-0.6035666599883276,2.609782784601437,526.7500366965545,1364.220268528547,3614.6399286750575,2000000,budget_exhausted,U,budget_exhausted,,raw_state_verified,run.py:numpy-batch
HiSD,0.00019952623149688788,0.002,2000000,401,-0.6359375,1.434375,completed,-0.7084208440239587,2.6169733778028466,526.7500366965543,1157.493569637462,3394.158114562696,2000000,budget_exhausted,U,budget_exhausted,,raw_state_verified,run.py:numpy-batch
HiSD,0.00019952623149688788,0.002,2000000,402,-0.6265625,1.434375,completed,-0.6035666599883276,2.609782784601437,526.7500366965545,1364.220268528547,3614.6399286750575,2000000,budget_exhausted,U,budget_exhausted,,raw_state_verified,run.py:numpy-batch
HiSD,0.00019952623149688788,0.002,2000000,403,-0.6171875,1.434375,completed,-0.7084208440239587,2.6169733778028466,526.7500366965543,1157.493569637462,3394.158114562696,2000000,budget_exhausted,U,budget_exhausted,,raw_state_verified,run.py:numpy-batch
HiSD,0.00019952623149688788,0.002,2000000,404,-0.6078125000000001,1.434375,completed,-0.6035666599883276,2.609782784601437,526.7500366965545,1364.220268528547,3614.6399286750575,2000000,budget_exhausted,U,budget_exhausted,,raw_state_verified,run.py:numpy-batch
HiSD,0.00019952623149688788,0.002,2000000,405,-0.5984375000000001,1.434375,completed,-0.7084208440239587,2.6169733778028466,526.7500366965543,1157.493569637462,3394.158114562696,2000000,budget_exhausted,U,budget_exhausted,,raw_state_verified,run.py:numpy-batch
HiSD,0.00019952623149688788,0.002,2000000,406,-0.5890625,1.434375,completed,-0.6035666599883276,2.609782784601437,526.7500366965545,1364.220268528547,3614.6399286750575,2000000,budget_exhausted,U,budget_exhausted,,raw_state_verified,run.py:numpy-batch
HiSD,0.00019952623149688788,0.002,2000000,407,-0.5796875,1.434375,completed,-0.6035666599883276,2.609782784601437,526.7500366965545,1364.220268528547,3614.6399286750575,2000000,budget_exhausted,U,budget_exhausted,,raw_state_verified,run.py:numpy-batch
HiSD,0.00019952623149688788,0.002,2000000,408,-0.5703125,1.434375,completed,-0.7084208440239587,2.6169733778028466,526.7500366965543,1157.493569637462,3394.158114562696,2000000,budget_exhausted,U,budget_exhausted,,raw_state_verified,run.py:numpy-batch
HiSD,0.00019952623149688788,0.002,2000000,409,-0.5609375000000001,1.434375,completed,-0.7084208440239587,2.6169733778028466,526.7500366965543,1157.493569637462,3394.158114562696,2000000,budget_exhausted,U,budget_exhausted,,raw_state_verified,run.py:numpy-batch
HiSD,0.00019952623149688788,0.002,2000000,410,-0.5515625000000001,1.434375,completed,-0.6035666599883276,2.609782784601437,526.7500366965545,1364.220268528547,3614.6399286750575,2000000,budget_exhausted,U,budget_exhausted,,raw_state_verified,run.py:numpy-batch
HiSD,0.00019952623149688788,0.002,2000000,411,-0.5421875,1.434375,completed,-0.6035666599883276,2.609782784601437,526.7500366965545,1364.220268528547,3614.6399286750575,2000000,budget_exhausted,U,budget_exhausted,,raw_state_verified,run.py:numpy-batch
HiSD,0.00019952623149688788,0.002,2000000,412,-0.5328125000000001,1.434375,completed,-0.7084208440239587,2.6169733778028466,526.7500366965543,1157.493569637462,3394.158114562696,2000000,budget_exhausted,U,budget_exhausted,,raw_state_verified,run.py:numpy-batch
HiSD,0.00019952623149688788,0.002,2000000,413,-0.5234375,1.434375,completed,-0.7084208440239587,2.6169733778028466,526.7500366965543,1157.493569637462,3394.158114562696,2000000,budget_exhausted,U,budget_exhausted,,raw_state_verified,run.py:numpy-batch
HiSD,0.00019952623149688788,0.002,2000000,414,-0.5140625000000001,1.434375,completed,-0.7084208440239587,2.6169733778028466,526.7500366965543,1157.493569637462,3394.158114562696,2000000,budget_exhausted,U,budget_exhausted,,raw_state_verified,run.py:numpy-batch
HiSD,0.00019952623149688788,0.002,2000000,415,-0.5046875000000001,1.434375,completed,-0.7084208440239587,2.6169733778028466,526.7500366965543,1157.493569637462,3394.158114562696,2000000,budget_exhausted,U,budget_exhausted,,raw_state_verified,run.py:numpy-batch
HiSD,0.00019952623149688788,0.002,2000000,416,-0.7953125000000001,1.453125,completed,-0.7084208440239587,2.6169733778028466,526.7500366965543,1157.493569637462,3394.158114562696,2000000,budget_exhausted,U,budget_exhausted,,raw_state_verified,run.py:numpy-batch
HiSD,0.00019952623149688788,0.002,2000000,417,-0.7859375000000001,1.453125,completed,-0.6035666599883276,2.609782784601437,526.7500366965545,1364.220268528547,3614.6399286750575,2000000,budget_exhausted,U,budget_exhausted,,raw_state_verified,run.py:numpy-batch
HiSD,0.00019952623149688788,0.002,2000000,418,-0.7765625,1.453125,completed,-0.6035666599883276,2.609782784601437,526.7500366965545,1364.220268528547,3614.6399286750575,2000000,budget_exhausted,U,budget_exhausted,,raw_state_verified,run.py:numpy-batch
HiSD,0.00019952623149688788,0.002,2000000,419,-0.7671875,1.453125,completed,-0.6035666599883276,2.609782784601437,526.7500366965545,1364.220268528547,3614.6399286750575,2000000,budget_exhausted,U,budget_exhausted,,raw_state_verified,run.py:numpy-batch
HiSD,0.00019952623149688788,0.002,2000000,420,-0.7578125,1.453125,completed,-0.7084208440239587,2.6169733778028466,526.7500366965543,1157.493569637462,3394.158114562696,2000000,budget_exhausted,U,budget_exhausted,,raw_state_verified,run.py:numpy-batch
HiSD,0.00019952623149688788,0.002,2000000,421,-0.7484375000000001,1.453125,completed,-0.7084208440239587,2.6169733778028466,526.7500366965543,1157.493569637462,3394.158114562696,2000000,budget_exhausted,U,budget_exhausted,,raw_state_verified,run.py:numpy-batch
HiSD,0.00019952623149688788,0.002,2000000,422,-0.7390625000000001,1.453125,completed,-0.7084208440239587,2.6169733778028466,526.7500366965543,1157.493569637462,3394.158114562696,2000000,budget_exhausted,U,budget_exhausted,,raw_state_verified,run.py:numpy-batch
HiSD,0.00019952623149688788,0.002,2000000,423,-0.7296875,1.453125,completed,-0.6035666599883276,2.609782784601437,526.7500366965545,1364.220268528547,3614.6399286750575,2000000,budget_exhausted,U,budget_exhausted,,raw_state_verified,run.py:numpy-batch
HiSD,0.00019952623149688788,0.002,2000000,424,-0.7203125,1.453125,completed,-0.6035666599883276,2.609782784601437,526.7500366965545,1364.220268528547,3614.6399286750575,2000000,budget_exhausted,U,budget_exhausted,,raw_state_verified,run.py:numpy-batch
HiSD,0.00019952623149688788,0.002,2000000,425,-0.7109375,1.453125,completed,-0.7084208440239587,2.6169733778028466,526.7500366965543,1157.493569637462,3394.158114562696,2000000,budget_exhausted,U,budget_exhausted,,raw_state_verified,run.py:numpy-batch
HiSD,0.00019952623149688788,0.002,2000000,426,-0.7015625000000001,1.453125,completed,-0.6035666599883276,2.609782784601437,526.7500366965545,1364.220268528547,3614.6399286750575,2000000,budget_exhausted,U,budget_exhausted,,raw_state_verified,run.py:numpy-batch
HiSD,0.00019952623149688788,0.002,2000000,427,-0.6921875000000001,1.453125,completed,-0.7084208440239587,2.6169733778028466,526.7500366965543,1157.493569637462,3394.158114562696,2000000,budget_exhausted,U,budget_exhausted,,raw_state_verified,run.py:numpy-batch
HiSD,0.00019952623149688788,0.002,2000000,428,-0.6828125,1.453125,completed,-0.6035666599883276,2.609782784601437,526.7500366965545,1364.220268528547,3614.6399286750575,2000000,budget_exhausted,U,budget_exhausted,,raw_state_verified,run.py:numpy-batch
HiSD,0.00019952623149688788,0.002,2000000,429,-0.6734375,1.453125,completed,-0.7084208440239587,2.6169733778028466,526.7500366965543,1157.493569637462,3394.158114562696,2000000,budget_exhausted,U,budget_exhausted,,raw_state_verified,run.py:numpy-batch
HiSD,0.00019952623149688788,0.002,2000000,430,-0.6640625,1.453125,completed,-0.6035666599883276,2.609782784601437,526.7500366965545,1364.220268528547,3614.6399286750575,2000000,budget_exhausted,U,budget_exhausted,,raw_state_verified,run.py:numpy-batch
HiSD,0.00019952623149688788,0.002,2000000,431,-0.6546875000000001,1.453125,completed,-0.7084208440239587,2.6169733778028466,526.7500366965543,1157.493569637462,3394.158114562696,2000000,budget_exhausted,U,budget_exhausted,,raw_state_verified,run.py:numpy-batch
HiSD,0.00019952623149688788,0.002,2000000,432,-0.6453125000000001,1.453125,completed,-0.7084208440239587,2.6169733778028466,526.7500366965543,1157.493569637462,3394.158114562696,2000000,budget_exhausted,U,budget_exhausted,,raw_state_verified,run.py:numpy-batch
HiSD,0.00019952623149688788,0.002,2000000,433,-0.6359375,1.453125,completed,-0.6035666599883276,2.609782784601437,526.7500366965545,1364.220268528547,3614.6399286750575,2000000,budget_exhausted,U,budget_exhausted,,raw_state_verified,run.py:numpy-batch
HiSD,0.00019952623149688788,0.002,2000000,434,-0.6265625,1.453125,completed,-0.7084208440239587,2.6169733778028466,526.7500366965543,1157.493569637462,3394.158114562696,2000000,budget_exhausted,U,budget_exhausted,,raw_state_verified,run.py:numpy-batch
HiSD,0.00019952623149688788,0.002,2000000,435,-0.6171875,1.453125,completed,-0.6035666599883276,2.609782784601437,526.7500366965545,1364.220268528547,3614.6399286750575,2000000,budget_exhausted,U,budget_exhausted,,raw_state_verified,run.py:numpy-batch
HiSD,0.00019952623149688788,0.002,2000000,436,-0.6078125000000001,1.453125,completed,-0.6035666599883276,2.609782784601437,526.7500366965545,1364.220268528547,3614.6399286750575,2000000,budget_exhausted,U,budget_exhausted,,raw_state_verified,run.py:numpy-batch
HiSD,0.00019952623149688788,0.002,2000000,437,-0.5984375000000001,1.453125,completed,-0.7084208440239587,2.6169733778028466,526.7500366965543,1157.493569637462,3394.158114562696,2000000,budget_exhausted,U,budget_exhausted,,raw_state_verified,run.py:numpy-batch
HiSD,0.00019952623149688788,0.002,2000000,438,-0.5890625,1.453125,completed,-0.7084208440239587,2.6169733778028466,526.7500366965543,1157.493569637462,3394.158114562696,2000000,budget_exhausted,U,budget_exhausted,,raw_state_verified,run.py:numpy-batch
HiSD,0.00019952623149688788,0.002,2000000,439,-0.5796875,1.453125,completed,-0.6035666599883276,2.609782784601437,526.7500366965545,1364.220268528547,3614.6399286750575,2000000,budget_exhausted,U,budget_exhausted,,raw_state_verified,run.py:numpy-batch
HiSD,0.00019952623149688788,0.002,2000000,440,-0.5703125,1.453125,completed,-0.6035666599883276,2.609782784601437,526.7500366965545,1364.220268528547,3614.6399286750575,2000000,budget_exhausted,U,budget_exhausted,,raw_state_verified,run.py:numpy-batch
HiSD,0.00019952623149688788,0.002,2000000,441,-0.5609375000000001,1.453125,completed,-0.7084208440239587,2.6169733778028466,526.7500366965543,1157.493569637462,3394.158114562696,2000000,budget_exhausted,U,budget_exhausted,,raw_state_verified,run.py:numpy-batch
HiSD,0.00019952623149688788,0.002,2000000,442,-0.5515625000000001,1.453125,completed,-0.7084208440239587,2.6169733778028466,526.7500366965543,1157.493569637462,3394.158114562696,2000000,budget_exhausted,U,budget_exhausted,,raw_state_verified,run.py:numpy-batch
HiSD,0.00019952623149688788,0.002,2000000,443,-0.5421875,1.453125,completed,-0.7084208440239587,2.6169733778028466,526.7500366965543,1157.493569637462,3394.158114562696,2000000,budget_exhausted,U,budget_exhausted,,raw_state_verified,run.py:numpy-batch
HiSD,0.00019952623149688788,0.002,2000000,444,-0.5328125000000001,1.453125,completed,-0.6035666599883276,2.609782784601437,526.7500366965545,1364.220268528547,3614.6399286750575,2000000,budget_exhausted,U,budget_exhausted,,raw_state_verified,run.py:numpy-batch
HiSD,0.00019952623149688788,0.002,2000000,445,-0.5234375,1.453125,completed,-0.6035666599883276,2.609782784601437,526.7500366965545,1364.220268528547,3614.6399286750575,2000000,budget_exhausted,U,budget_exhausted,,raw_state_verified,run.py:numpy-batch
HiSD,0.00019952623149688788,0.002,2000000,446,-0.5140625000000001,1.453125,completed,-0.6035666599883276,2.609782784601437,526.7500366965545,1364.220268528547,3614.6399286750575,2000000,budget_exhausted,U,budget_exhausted,,raw_state_verified,run.py:numpy-batch
HiSD,0.00019952623149688788,0.002,2000000,447,-0.5046875000000001,1.453125,completed,-0.6035666599883276,2.609782784601437,526.7500366965545,1364.220268528547,3614.6399286750575,2000000,budget_exhausted,U,budget_exhausted,,raw_state_verified,run.py:numpy-batch
HiSD,0.00019952623149688788,0.002,2000000,448,-0.7953125000000001,1.4718749999999998,completed,-0.6035666599883276,2.609782784601437,526.7500366965545,1364.220268528547,3614.6399286750575,2000000,budget_exhausted,U,budget_exhausted,,raw_state_verified,run.py:numpy-batch
HiSD,0.00019952623149688788,0.002,2000000,449,-0.7859375000000001,1.4718749999999998,completed,-0.6035666599883276,2.609782784601437,526.7500366965545,1364.220268528547,3614.6399286750575,2000000,budget_exhausted,U,budget_exhausted,,raw_state_verified,run.py:numpy-batch
HiSD,0.00019952623149688788,0.002,2000000,450,-0.7765625,1.4718749999999998,completed,-0.6035666599883276,2.609782784601437,526.7500366965545,1364.220268528547,3614.6399286750575,2000000,budget_exhausted,U,budget_exhausted,,raw_state_verified,run.py:numpy-batch
HiSD,0.00019952623149688788,0.002,2000000,451,-0.7671875,1.4718749999999998,completed,-0.7084208440239587,2.6169733778028466,526.7500366965543,1157.493569637462,3394.158114562696,2000000,budget_exhausted,U,budget_exhausted,,raw_state_verified,run.py:numpy-batch
HiSD,0.00019952623149688788,0.002,2000000,452,-0.7578125,1.4718749999999998,completed,-0.7084208440239587,2.6169733778028466,526.7500366965543,1157.493569637462,3394.158114562696,2000000,budget_exhausted,U,budget_exhausted,,raw_state_verified,run.py:numpy-batch
HiSD,0.00019952623149688788,0.002,2000000,453,-0.7484375000000001,1.4718749999999998,completed,-0.6035666599883276,2.609782784601437,526.7500366965545,1364.220268528547,3614.6399286750575,2000000,budget_exhausted,U,budget_exhausted,,raw_state_verified,run.py:numpy-batch
HiSD,0.00019952623149688788,0.002,2000000,454,-0.7390625000000001,1.4718749999999998,completed,-0.7084208440239587,2.6169733778028466,526.7500366965543,1157.493569637462,3394.158114562696,2000000,budget_exhausted,U,budget_exhausted,,raw_state_verified,run.py:numpy-batch
HiSD,0.00019952623149688788,0.002,2000000,455,-0.7296875,1.4718749999999998,completed,-0.7084208440239587,2.6169733778028466,526.7500366965543,1157.493569637462,3394.158114562696,2000000,budget_exhausted,U,budget_exhausted,,raw_state_verified,run.py:numpy-batch
HiSD,0.00019952623149688788,0.002,2000000,456,-0.7203125,1.4718749999999998,completed,-0.7084208440239587,2.6169733778028466,526.7500366965543,1157.493569637462,3394.158114562696,2000000,budget_exhausted,U,budget_exhausted,,raw_state_verified,run.py:numpy-batch
HiSD,0.00019952623149688788,0.002,2000000,457,-0.7109375,1.4718749999999998,completed,-0.6035666599883276,2.609782784601437,526.7500366965545,1364.220268528547,3614.6399286750575,2000000,budget_exhausted,U,budget_exhausted,,raw_state_verified,run.py:numpy-batch
HiSD,0.00019952623149688788,0.002,2000000,458,-0.7015625000000001,1.4718749999999998,completed,-0.7084208440239587,2.6169733778028466,526.7500366965543,1157.493569637462,3394.158114562696,2000000,budget_exhausted,U,budget_exhausted,,raw_state_verified,run.py:numpy-batch
HiSD,0.00019952623149688788,0.002,2000000,459,-0.6921875000000001,1.4718749999999998,completed,-0.7084208440239587,2.6169733778028466,526.7500366965543,1157.493569637462,3394.158114562696,2000000,budget_exhausted,U,budget_exhausted,,raw_state_verified,run.py:numpy-batch
HiSD,0.00019952623149688788,0.002,2000000,460,-0.6828125,1.4718749999999998,completed,-0.6035666599883276,2.609782784601437,526.7500366965545,1364.220268528547,3614.6399286750575,2000000,budget_exhausted,U,budget_exhausted,,raw_state_verified,run.py:numpy-batch
HiSD,0.00019952623149688788,0.002,2000000,461,-0.6734375,1.4718749999999998,completed,-0.6035666599883276,2.609782784601437,526.7500366965545,1364.220268528547,3614.6399286750575,2000000,budget_exhausted,U,budget_exhausted,,raw_state_verified,run.py:numpy-batch
HiSD,0.00019952623149688788,0.002,2000000,462,-0.6640625,1.4718749999999998,completed,-0.7084208440239587,2.6169733778028466,526.7500366965543,1157.493569637462,3394.158114562696,2000000,budget_exhausted,U,budget_exhausted,,raw_state_verified,run.py:numpy-batch
HiSD,0.00019952623149688788,0.002,2000000,463,-0.6546875000000001,1.4718749999999998,completed,-0.7084208440239587,2.6169733778028466,526.7500366965543,1157.493569637462,3394.158114562696,2000000,budget_exhausted,U,budget_exhausted,,raw_state_verified,run.py:numpy-batch
HiSD,0.00019952623149688788,0.002,2000000,464,-0.6453125000000001,1.4718749999999998,completed,-0.6035666599883276,2.609782784601437,526.7500366965545,1364.220268528547,3614.6399286750575,2000000,budget_exhausted,U,budget_exhausted,,raw_state_verified,run.py:numpy-batch
HiSD,0.00019952623149688788,0.002,2000000,465,-0.6359375,1.4718749999999998,completed,-0.7084208440239587,2.6169733778028466,526.7500366965543,1157.493569637462,3394.158114562696,2000000,budget_exhausted,U,budget_exhausted,,raw_state_verified,run.py:numpy-batch
HiSD,0.00019952623149688788,0.002,2000000,466,-0.6265625,1.4718749999999998,completed,-0.7084208440239587,2.6169733778028466,526.7500366965543,1157.493569637462,3394.158114562696,2000000,budget_exhausted,U,budget_exhausted,,raw_state_verified,run.py:numpy-batch
HiSD,0.00019952623149688788,0.002,2000000,467,-0.6171875,1.4718749999999998,completed,-0.7084208440239587,2.6169733778028466,526.7500366965543,1157.493569637462,3394.158114562696,2000000,budget_exhausted,U,budget_exhausted,,raw_state_verified,run.py:numpy-batch
HiSD,0.00019952623149688788,0.002,2000000,468,-0.6078125000000001,1.4718749999999998,completed,-0.6035666599883276,2.609782784601437,526.7500366965545,1364.220268528547,3614.6399286750575,2000000,budget_exhausted,U,budget_exhausted,,raw_state_verified,run.py:numpy-batch
HiSD,0.00019952623149688788,0.002,2000000,469,-0.5984375000000001,1.4718749999999998,completed,-0.6035666599883276,2.609782784601437,526.7500366965545,1364.220268528547,3614.6399286750575,2000000,budget_exhausted,U,budget_exhausted,,raw_state_verified,run.py:numpy-batch
HiSD,0.00019952623149688788,0.002,2000000,470,-0.5890625,1.4718749999999998,completed,-0.7084208440239587,2.6169733778028466,526.7500366965543,1157.493569637462,3394.158114562696,2000000,budget_exhausted,U,budget_exhausted,,raw_state_verified,run.py:numpy-batch
HiSD,0.00019952623149688788,0.002,2000000,471,-0.5796875,1.4718749999999998,completed,-0.7084208440239587,2.6169733778028466,526.7500366965543,1157.493569637462,3394.158114562696,2000000,budget_exhausted,U,budget_exhausted,,raw_state_verified,run.py:numpy-batch
HiSD,0.00019952623149688788,0.002,2000000,472,-0.5703125,1.4718749999999998,completed,-0.7084208440239587,2.6169733778028466,526.7500366965543,1157.493569637462,3394.158114562696,2000000,budget_exhausted,U,budget_exhausted,,raw_state_verified,run.py:numpy-batch
HiSD,0.00019952623149688788,0.002,2000000,473,-0.5609375000000001,1.4718749999999998,completed,-0.6035666599883276,2.609782784601437,526.7500366965545,1364.220268528547,3614.6399286750575,2000000,budget_exhausted,U,budget_exhausted,,raw_state_verified,run.py:numpy-batch
HiSD,0.00019952623149688788,0.002,2000000,474,-0.5515625000000001,1.4718749999999998,completed,-0.6035666599883276,2.609782784601437,526.7500366965545,1364.220268528547,3614.6399286750575,2000000,budget_exhausted,U,budget_exhausted,,raw_state_verified,run.py:numpy-batch
HiSD,0.00019952623149688788,0.002,2000000,475,-0.5421875,1.4718749999999998,completed,-0.6035666599883276,2.609782784601437,526.7500366965545,1364.220268528547,3614.6399286750575,2000000,budget_exhausted,U,budget_exhausted,,raw_state_verified,run.py:numpy-batch
HiSD,0.00019952623149688788,0.002,2000000,476,-0.5328125000000001,1.4718749999999998,completed,-0.6035666599883276,2.609782784601437,526.7500366965545,1364.220268528547,3614.6399286750575,2000000,budget_exhausted,U,budget_exhausted,,raw_state_verified,run.py:numpy-batch
HiSD,0.00019952623149688788,0.002,2000000,477,-0.5234375,1.4718749999999998,completed,-0.7084208440239587,2.6169733778028466,526.7500366965543,1157.493569637462,3394.158114562696,2000000,budget_exhausted,U,budget_exhausted,,raw_state_verified,run.py:numpy-batch
HiSD,0.00019952623149688788,0.002,2000000,478,-0.5140625000000001,1.4718749999999998,completed,-0.7084208440239587,2.6169733778028466,526.7500366965543,1157.493569637462,3394.158114562696,2000000,budget_exhausted,U,budget_exhausted,,raw_state_verified,run.py:numpy-batch
HiSD,0.00019952623149688788,0.002,2000000,479,-0.5046875000000001,1.4718749999999998,completed,-0.7084208440239587,2.6169733778028466,526.7500366965543,1157.493569637462,3394.158114562696,2000000,budget_exhausted,U,budget_exhausted,,raw_state_verified,run.py:numpy-batch
HiSD,0.00019952623149688788,0.002,2000000,480,-0.7953125000000001,1.4906249999999999,completed,-0.7084208440239587,2.6169733778028466,526.7500366965543,1157.493569637462,3394.158114562696,2000000,budget_exhausted,U,budget_exhausted,,raw_state_verified,run.py:numpy-batch
HiSD,0.00019952623149688788,0.002,2000000,481,-0.7859375000000001,1.4906249999999999,completed,-0.6035666599883276,2.609782784601437,526.7500366965545,1364.220268528547,3614.6399286750575,2000000,budget_exhausted,U,budget_exhausted,,raw_state_verified,run.py:numpy-batch
HiSD,0.00019952623149688788,0.002,2000000,482,-0.7765625,1.4906249999999999,completed,-0.7084208440239587,2.6169733778028466,526.7500366965543,1157.493569637462,3394.158114562696,2000000,budget_exhausted,U,budget_exhausted,,raw_state_verified,run.py:numpy-batch
HiSD,0.00019952623149688788,0.002,2000000,483,-0.7671875,1.4906249999999999,completed,-0.6035666599883276,2.609782784601437,526.7500366965545,1364.220268528547,3614.6399286750575,2000000,budget_exhausted,U,budget_exhausted,,raw_state_verified,run.py:numpy-batch
HiSD,0.00019952623149688788,0.002,2000000,484,-0.7578125,1.4906249999999999,completed,-0.6035666599883276,2.609782784601437,526.7500366965545,1364.220268528547,3614.6399286750575,2000000,budget_exhausted,U,budget_exhausted,,raw_state_verified,run.py:numpy-batch
HiSD,0.00019952623149688788,0.002,2000000,485,-0.7484375000000001,1.4906249999999999,completed,-0.7084208440239587,2.6169733778028466,526.7500366965543,1157.493569637462,3394.158114562696,2000000,budget_exhausted,U,budget_exhausted,,raw_state_verified,run.py:numpy-batch
HiSD,0.00019952623149688788,0.002,2000000,486,-0.7390625000000001,1.4906249999999999,completed,-0.6035666599883276,2.609782784601437,526.7500366965545,1364.220268528547,3614.6399286750575,2000000,budget_exhausted,U,budget_exhausted,,raw_state_verified,run.py:numpy-batch
HiSD,0.00019952623149688788,0.002,2000000,487,-0.7296875,1.4906249999999999,completed,-0.6035666599883276,2.609782784601437,526.7500366965545,1364.220268528547,3614.6399286750575,2000000,budget_exhausted,U,budget_exhausted,,raw_state_verified,run.py:numpy-batch
HiSD,0.00019952623149688788,0.002,2000000,488,-0.7203125,1.4906249999999999,completed,-0.7084208440239587,2.6169733778028466,526.7500366965543,1157.493569637462,3394.158114562696,2000000,budget_exhausted,U,budget_exhausted,,raw_state_verified,run.py:numpy-batch
HiSD,0.00019952623149688788,0.002,2000000,489,-0.7109375,1.4906249999999999,completed,-0.6035666599883276,2.609782784601437,526.7500366965545,1364.220268528547,3614.6399286750575,2000000,budget_exhausted,U,budget_exhausted,,raw_state_verified,run.py:numpy-batch
HiSD,0.00019952623149688788,0.002,2000000,490,-0.7015625000000001,1.4906249999999999,completed,-0.6035666599883276,2.609782784601437,526.7500366965545,1364.220268528547,3614.6399286750575,2000000,budget_exhausted,U,budget_exhausted,,raw_state_verified,run.py:numpy-batch
HiSD,0.00019952623149688788,0.002,2000000,491,-0.6921875000000001,1.4906249999999999,completed,-0.7084208440239587,2.6169733778028466,526.7500366965543,1157.493569637462,3394.158114562696,2000000,budget_exhausted,U,budget_exhausted,,raw_state_verified,run.py:numpy-batch
HiSD,0.00019952623149688788,0.002,2000000,492,-0.6828125,1.4906249999999999,completed,-0.7084208440239587,2.6169733778028466,526.7500366965543,1157.493569637462,3394.158114562696,2000000,budget_exhausted,U,budget_exhausted,,raw_state_verified,run.py:numpy-batch
HiSD,0.00019952623149688788,0.002,2000000,493,-0.6734375,1.4906249999999999,completed,-0.7084208440239587,2.6169733778028466,526.7500366965543,1157.493569637462,3394.158114562696,2000000,budget_exhausted,U,budget_exhausted,,raw_state_verified,run.py:numpy-batch
HiSD,0.00019952623149688788,0.002,2000000,494,-0.6640625,1.4906249999999999,completed,-0.7084208440239587,2.6169733778028466,526.7500366965543,1157.493569637462,3394.158114562696,2000000,budget_exhausted,U,budget_exhausted,,raw_state_verified,run.py:numpy-batch
HiSD,0.00019952623149688788,0.002,2000000,495,-0.6546875000000001,1.4906249999999999,completed,-0.6035666599883276,2.609782784601437,526.7500366965545,1364.220268528547,3614.6399286750575,2000000,budget_exhausted,U,budget_exhausted,,raw_state_verified,run.py:numpy-batch
HiSD,0.00019952623149688788,0.002,2000000,496,-0.6453125000000001,1.4906249999999999,completed,-0.6035666599883276,2.609782784601437,526.7500366965545,1364.220268528547,3614.6399286750575,2000000,budget_exhausted,U,budget_exhausted,,raw_state_verified,run.py:numpy-batch
HiSD,0.00019952623149688788,0.002,2000000,497,-0.6359375,1.4906249999999999,completed,-0.6035666599883276,2.609782784601437,526.7500366965545,1364.220268528547,3614.6399286750575,2000000,budget_exhausted,U,budget_exhausted,,raw_state_verified,run.py:numpy-batch
HiSD,0.00019952623149688788,0.002,2000000,498,-0.6265625,1.4906249999999999,completed,-0.7084208440239587,2.6169733778028466,526.7500366965543,1157.493569637462,3394.158114562696,2000000,budget_exhausted,U,budget_exhausted,,raw_state_verified,run.py:numpy-batch
HiSD,0.00019952623149688788,0.002,2000000,499,-0.6171875,1.4906249999999999,completed,-0.7084208440239587,2.6169733778028466,526.7500366965543,1157.493569637462,3394.158114562696,2000000,budget_exhausted,U,budget_exhausted,,raw_state_verified,run.py:numpy-batch
HiSD,0.00019952623149688788,0.002,2000000,500,-0.6078125000000001,1.4906249999999999,completed,-0.7084208440239587,2.6169733778028466,526.7500366965543,1157.493569637462,3394.158114562696,2000000,budget_exhausted,U,budget_exhausted,,raw_state_verified,run.py:numpy-batch
HiSD,0.00019952623149688788,0.002,2000000,501,-0.5984375000000001,1.4906249999999999,completed,-0.7084208440239587,2.6169733778028466,526.7500366965543,1157.493569637462,3394.158114562696,2000000,budget_exhausted,U,budget_exhausted,,raw_state_verified,run.py:numpy-batch
HiSD,0.00019952623149688788,0.002,2000000,502,-0.5890625,1.4906249999999999,completed,-0.6035666599883276,2.609782784601437,526.7500366965545,1364.220268528547,3614.6399286750575,2000000,budget_exhausted,U,budget_exhausted,,raw_state_verified,run.py:numpy-batch
HiSD,0.00019952623149688788,0.002,2000000,503,-0.5796875,1.4906249999999999,completed,-0.6035666599883276,2.609782784601437,526.7500366965545,1364.220268528547,3614.6399286750575,2000000,budget_exhausted,U,budget_exhausted,,raw_state_verified,run.py:numpy-batch
HiSD,0.00019952623149688788,0.002,2000000,504,-0.5703125,1.4906249999999999,completed,-0.6035666599883276,2.609782784601437,526.7500366965545,1364.220268528547,3614.6399286750575,2000000,budget_exhausted,U,budget_exhausted,,raw_state_verified,run.py:numpy-batch
HiSD,0.00019952623149688788,0.002,2000000,505,-0.5609375000000001,1.4906249999999999,completed,-0.6035666599883276,2.609782784601437,526.7500366965545,1364.220268528547,3614.6399286750575,2000000,budget_exhausted,U,budget_exhausted,,raw_state_verified,run.py:numpy-batch
HiSD,0.00019952623149688788,0.002,2000000,506,-0.5515625000000001,1.4906249999999999,completed,-0.7084208440239587,2.6169733778028466,526.7500366965543,1157.493569637462,3394.158114562696,2000000,budget_exhausted,U,budget_exhausted,,raw_state_verified,run.py:numpy-batch
HiSD,0.00019952623149688788,0.002,2000000,507,-0.5421875,1.4906249999999999,completed,-0.7084208440239587,2.6169733778028466,526.7500366965543,1157.493569637462,3394.158114562696,2000000,budget_exhausted,U,budget_exhausted,,raw_state_verified,run.py:numpy-batch
HiSD,0.00019952623149688788,0.002,2000000,508,-0.5328125000000001,1.4906249999999999,completed,-0.7084208440239587,2.6169733778028466,526.7500366965543,1157.493569637462,3394.158114562696,2000000,budget_exhausted,U,budget_exhausted,,raw_state_verified,run.py:numpy-batch
HiSD,0.00019952623149688788,0.002,2000000,509,-0.5234375,1.4906249999999999,completed,-0.7084208440239587,2.6169733778028466,526.7500366965543,1157.493569637462,3394.158114562696,2000000,budget_exhausted,U,budget_exhausted,,raw_state_verified,run.py:numpy-batch
HiSD,0.00019952623149688788,0.002,2000000,510,-0.5140625000000001,1.4906249999999999,completed,-0.7084208440239587,2.6169733778028466,526.7500366965543,1157.493569637462,3394.158114562696,2000000,budget_exhausted,U,budget_exhausted,,raw_state_verified,run.py:numpy-batch
HiSD,0.00019952623149688788,0.002,2000000,511,-0.5046875000000001,1.4906249999999999,completed,-0.6035666599883276,2.609782784601437,526.7500366965545,1364.220268528547,3614.6399286750575,2000000,budget_exhausted,U,budget_exhausted,,raw_state_verified,run.py:numpy-batch
