method,eta,tau,budget,start_id,x0,y0,execution_status,raw_x,raw_y,grad_norm,lambda1,lambda2,n_outer_updates,terminal_category,endpoint,stop_reason,failure_reason,certification_reason,source
HiSD,0.01995262314968881,0.002,2000000,0,-0.7953125000000001,1.2093749999999999,completed,-7.487067310556201,5.12778254628803,10198325901524.076,2540645612191.927,71672484035006.25,1,state_safeguard,U,state_safeguard,source_norm2_gt_5,raw_state_verified,run.py:numpy-batch
HiSD,0.01995262314968881,0.002,2000000,1,-0.7859375000000001,1.2093749999999999,completed,-7.9072804725327455,5.472149384641897,375472572303184.25,88885564179153.72,2796251220899291.0,1,state_safeguard,U,state_safeguard,source_norm2_gt_5,raw_state_verified,run.py:numpy-batch
HiSD,0.01995262314968881,0.002,2000000,2,-0.7765625,1.2093749999999999,completed,-8.336918278141269,5.809199118394493,1.847945481141216e+16,4152241783992165.0,1.456549841154715e+17,1,state_safeguard,U,state_safeguard,source_norm2_gt_5,raw_state_verified,run.py:numpy-batch
HiSD,0.01995262314968881,0.002,2000000,3,-0.7671875,1.2093749999999999,completed,-8.775356595259815,6.136845722281188,1.2114038747997965e+18,2.581818472413338e+17,1.009149060044528e+19,1,state_safeguard,U,state_safeguard,source_norm2_gt_5,raw_state_verified,run.py:numpy-batch
HiSD,0.01995262314968881,0.002,2000000,4,-0.7578125,1.2093749999999999,completed,-9.222046398486462,6.452815254500284,1.0522867085330517e+20,2.1263467257953706e+19,9.251054077777698e+20,1,state_safeguard,U,state_safeguard,source_norm2_gt_5,raw_state_verified,run.py:numpy-batch
HiSD,0.01995262314968881,0.002,2000000,5,-0.7484375000000001,1.2093749999999999,completed,-9.676532311710426,6.754612389118248,1.2035786053023764e+22,2.3051867790745768e+21,1.1150233207800743e+23,1,state_safeguard,U,state_safeguard,source_norm2_gt_5,raw_state_verified,run.py:numpy-batch
HiSD,0.01995262314968881,0.002,2000000,6,-0.7390625000000001,1.2093749999999999,completed,-10.138473421356164,7.0394764730588255,1.8000841937444744e+24,3.2667356262438675e+23,1.75486595842197e+25,1,state_safeguard,U,state_safeguard,source_norm2_gt_5,raw_state_verified,run.py:numpy-batch
HiSD,0.01995262314968881,0.002,2000000,7,-0.7296875,1.2093749999999999,completed,-10.607666434591557,7.304323688696427,3.4965397380484113e+26,6.009568217006e+25,3.582379760866377e+27,1,state_safeguard,U,state_safeguard,source_norm2_gt_5,raw_state_verified,run.py:numpy-batch
HiSD,0.01995262314968881,0.002,2000000,8,-0.7203125,1.2093749999999999,completed,-11.08407110000777,7.545670676203438,8.771683370291946e+28,1.426760119454723e+28,9.434342043095814e+29,1,state_safeguard,U,state_safeguard,source_norm2_gt_5,raw_state_verified,run.py:numpy-batch
HiSD,0.01995262314968881,0.002,2000000,9,-0.7109375,1.2093749999999999,completed,-11.567837481772736,7.759533239694361,2.8335906977336427e+31,4.356942668406223e+30,3.196466887315881e+32,1,state_safeguard,U,state_safeguard,source_norm2_gt_5,raw_state_verified,run.py:numpy-batch
HiSD,0.01995262314968881,0.002,2000000,10,-0.7015625000000001,1.2093749999999999,completed,-12.059334041192752,7.941291305658153,1.1805574140653473e+34,1.7131718076791646e+33,1.3958960445645922e+35,1,state_safeguard,U,state_safeguard,source_norm2_gt_5,raw_state_verified,run.py:numpy-batch
HiSD,0.01995262314968881,0.002,2000000,11,-0.6921875000000001,1.2093749999999999,completed,-12.55917427703665,8.085507800140634,6.399310892016234e+36,8.744325603597123e+35,7.928800261521906e+37,1,state_safeguard,U,state_safeguard,source_norm2_gt_5,raw_state_verified,run.py:numpy-batch
HiSD,0.01995262314968881,0.002,2000000,12,-0.6828125,1.2093749999999999,completed,-13.068237445346252,8.18568410353821,4.602095766067009e+39,5.903195232000681e+38,5.975754930221577e+40,1,state_safeguard,U,state_safeguard,source_norm2_gt_5,raw_state_verified,run.py:numpy-batch
HiSD,0.01995262314968881,0.002,2000000,13,-0.6734375,1.2093749999999999,completed,-13.587674772268418,8.233927598134478,4.548737384582463e+42,5.454945321448475e+41,6.193878447506198e+43,1,state_safeguard,U,state_safeguard,source_norm2_gt_5,raw_state_verified,run.py:numpy-batch
HiSD,0.01995262314968881,0.002,2000000,14,-0.6640625,1.2093749999999999,completed,-14.11888502657331,8.22049673455571,6.549216105194109e+45,7.30415234838753e+44,9.363325133916588e+46,1,state_safeguard,U,state_safeguard,source_norm2_gt_5,raw_state_verified,run.py:numpy-batch
HiSD,0.01995262314968881,0.002,2000000,15,-0.6546875000000001,1.2093749999999999,completed,-14.66342943164568,8.133175154188352,1.5043633458331237e+49,1.549947700495355e+48,2.2626207498454273e+50,1,state_safeguard,U,state_safeguard,source_norm2_gt_5,raw_state_verified,run.py:numpy-batch
HiSD,0.01995262314968881,0.002,2000000,16,-0.6453125000000001,1.2093749999999999,completed,-15.222830287378976,7.956408344898999,6.328787341914315e+52,5.974065397320433e+51,1.004201292067451e+54,1,state_safeguard,U,state_safeguard,source_norm2_gt_5,raw_state_verified,run.py:numpy-batch
HiSD,0.01995262314968881,0.002,2000000,17,-0.6359375,1.2093749999999999,completed,-15.798150419637194,7.670115871755878,5.987976608456632e+56,5.126744045227648e+55,1.0061884316804123e+58,1,state_safeguard,U,state_safeguard,source_norm2_gt_5,raw_state_verified,run.py:numpy-batch
HiSD,0.01995262314968881,0.002,2000000,18,-0.6265625,1.2093749999999999,completed,-16.389163836313998,7.248078095689953,1.7219842480828816e+61,1.3213875924296692e+60,3.0794531046013627e+62,1,state_safeguard,U,state_safeguard,source_norm2_gt_5,raw_state_verified,run.py:numpy-batch
HiSD,0.01995262314968881,0.002,2000000,19,-0.6171875,1.2093749999999999,completed,-16.992771590793357,6.655816530998139,2.3260242811706522e+66,1.5781725998025103e+65,4.4541717314588635e+67,1,state_safeguard,U,state_safeguard,source_norm2_gt_5,raw_state_verified,run.py:numpy-batch
HiSD,0.01995262314968881,0.002,2000000,20,-0.6078125000000001,1.2093749999999999,completed,-17.600047580260174,5.848020125399381,2.7322074600995258e+72,1.6151260895113429e+71,5.6431803242111346e+73,1,state_safeguard,U,state_safeguard,source_norm2_gt_5,raw_state_verified,run.py:numpy-batch
HiSD,0.01995262314968881,0.002,2000000,21,-0.5984375000000001,1.2093749999999999,completed,-18.190885132405572,4.766015258214973,6.449656527168518e+79,3.273533961144695e+78,1.4484168518158526e+81,1,state_safeguard,U,state_safeguard,source_norm2_gt_5,raw_state_verified,run.py:numpy-batch
HiSD,0.01995262314968881,0.002,2000000,22,-0.5890625,1.2093749999999999,completed,-18.72476526912695,3.336984862723048,8.737687558325338e+88,3.7601381513704255e+87,2.150699562773855e+90,1,state_safeguard,U,state_safeguard,source_norm2_gt_5,raw_state_verified,run.py:numpy-batch
HiSD,0.01995262314968881,0.002,2000000,23,-0.5796875,1.2093749999999999,completed,-19.12638156989395,1.4794074225928378,1.996614645616865e+100,7.2311878217199e+98,5.4212780193443584e+101,1,state_safeguard,U,state_safeguard,source_norm2_gt_5,raw_state_verified,run.py:numpy-batch
HiSD,0.01995262314968881,0.002,2000000,24,-0.5703125,1.2093749999999999,completed,-19.268132827115345,-0.8759804885303584,1.279372018784567e+114,3.906625698897445e+112,3.8409504669400126e+115,1,state_safeguard,U,state_safeguard,source_norm2_gt_5,raw_state_verified,run.py:numpy-batch
HiSD,0.01995262314968881,0.002,2000000,25,-0.5609375000000001,1.2093749999999999,completed,-18.96283984657832,-3.736997570894541,6.024535873983238e+129,1.5750153834109709e+128,1.989393072068365e+131,1,state_safeguard,U,state_safeguard,source_norm2_gt_5,raw_state_verified,run.py:numpy-batch
HiSD,0.01995262314968881,0.002,2000000,26,-0.5515625000000001,1.2093749999999999,completed,-18.000367081222763,-6.974158981523855,1.7611134889604898e+145,4.0690880017287175e+143,6.294543490760547e+146,1,state_safeguard,U,state_safeguard,source_norm2_gt_5,raw_state_verified,run.py:numpy-batch
HiSD,0.01995262314968881,0.002,2000000,27,-0.5421875,1.2093749999999999,completed,-16.26030372616884,-10.274026252047546,,,,1,numerical_breakdown,U,state_safeguard,source_norm2_gt_5,nonfinite_derivatives_or_residual,run.py:numpy-batch
HiSD,0.01995262314968881,0.002,2000000,28,-0.5328125000000001,1.2093749999999999,completed,-13.845935697674427,-13.223994912219325,,,,1,numerical_breakdown,U,state_safeguard,source_norm2_gt_5,nonfinite_derivatives_or_residual,run.py:numpy-batch
HiSD,0.01995262314968881,0.002,2000000,29,-0.5234375,1.2093749999999999,completed,-11.081451554194338,-15.519130591982142,,,,1,numerical_breakdown,U,state_safeguard,source_norm2_gt_5,nonfinite_derivatives_or_residual,run.py:numpy-batch
HiSD,0.01995262314968881,0.002,2000000,30,-0.5140625000000001,1.2093749999999999,completed,-8.336054704805216,-17.093450542508503,1.6214347243636022e+153,3.7047253728556636e+151,5.922758454703455e+154,1,state_safeguard,U,state_safeguard,source_norm2_gt_5,raw_state_verified,run.py:numpy-batch
HiSD,0.01995262314968881,0.002,2000000,31,-0.5046875000000001,1.2093749999999999,completed,-5.858662987379846,-18.064464751019557,3.332221045131559e+144,8.2796045101792e+142,1.1605914308513016e+146,1,state_safeguard,U,state_safeguard,source_norm2_gt_5,raw_state_verified,run.py:numpy-batch
HiSD,0.01995262314968881,0.002,2000000,32,-0.7953125000000001,1.228125,completed,-6.546089349343966,4.725389602220864,13457227991.086864,4054184096.9773107,81021534032.98566,1,state_safeguard,U,state_safeguard,source_norm2_gt_5,raw_state_verified,run.py:numpy-batch
HiSD,0.01995262314968881,0.002,2000000,33,-0.7859375000000001,1.228125,completed,-6.953042123213787,5.094586049392973,310190852996.1408,88329610166.82147,1992798973948.871,1,state_safeguard,U,state_safeguard,source_norm2_gt_5,raw_state_verified,run.py:numpy-batch
HiSD,0.01995262314968881,0.002,2000000,34,-0.7765625,1.228125,completed,-7.370451528902214,5.460351983389286,9621733673127.682,2586876328459.742,65862708813722.3,1,state_safeguard,U,state_safeguard,source_norm2_gt_5,raw_state_verified,run.py:numpy-batch
HiSD,0.01995262314968881,0.002,2000000,35,-0.7671875,1.228125,completed,-7.797572403676659,5.820928197506424,401224524237930.2,101817529721963.22,2921099613707480.0,1,state_safeguard,U,state_safeguard,source_norm2_gt_5,raw_state_verified,run.py:numpy-batch
HiSD,0.01995262314968881,0.002,2000000,36,-0.7578125,1.228125,completed,-8.23370757779977,6.174417626300736,2.242057467573583e+16,5371388924127056.0,1.7326982513836704e+17,1,state_safeguard,U,state_safeguard,source_norm2_gt_5,raw_state_verified,run.py:numpy-batch
HiSD,0.01995262314968881,0.002,2000000,37,-0.7484375000000001,1.228125,completed,-8.678223439213207,6.518766904634724,1.6701180332771464e+18,3.77930346547576e+17,1.3672754944386142e+19,1,state_safeguard,U,state_safeguard,source_norm2_gt_5,raw_state_verified,run.py:numpy-batch
HiSD,0.01995262314968881,0.002,2000000,38,-0.7390625000000001,1.228125,completed,-9.130567804363567,6.851741976307881,1.646646151946087e+20,3.5217919821186105e+19,1.4251554504339117e+21,1,state_safeguard,U,state_safeguard,source_norm2_gt_5,raw_state_verified,run.py:numpy-batch
HiSD,0.01995262314968881,0.002,2000000,39,-0.7296875,1.228125,completed,-9.5902903691911,7.170895836505213,2.130431310171569e+22,4.3092255436040747e+21,1.9455127858631496e+23,1,state_safeguard,U,state_safeguard,source_norm2_gt_5,raw_state_verified,run.py:numpy-batch
HiSD,0.01995262314968881,0.002,2000000,40,-0.7203125,1.228125,completed,-10.057066048320351,7.473525842694542,3.5825068741193994e+24,6.85649799870785e+23,3.4455753279544555e+25,1,state_safeguard,U,state_safeguard,source_norm2_gt_5,raw_state_verified,run.py:numpy-batch
HiSD,0.01995262314968881,0.002,2000000,41,-0.7109375,1.228125,completed,-10.530721518846024,7.756617117289268,7.753380143810203e+26,1.4044503365994108e+26,7.84057655377388e+27,1,state_safeguard,U,state_safeguard,source_norm2_gt_5,raw_state_verified,run.py:numpy-batch
HiSD,0.01995262314968881,0.002,2000000,42,-0.7015625000000001,1.228125,completed,-11.011265234058055,8.01676727671914,2.140134655324677e+29,3.668846467627789e+28,2.272179528494657e+30,1,state_safeguard,U,state_safeguard,source_norm2_gt_5,raw_state_verified,run.py:numpy-batch
HiSD,0.01995262314968881,0.002,2000000,43,-0.6921875000000001,1.228125,completed,-11.498920999816308,8.250085880903034,7.4820206566698115e+31,1.2132868558911171e+31,8.329807664791865e+32,1,state_safeguard,U,state_safeguard,source_norm2_gt_5,raw_state_verified,run.py:numpy-batch
HiSD,0.01995262314968881,0.002,2000000,44,-0.6828125,1.228125,completed,-11.994164792507148,8.45205934648154,3.303176243604819e+34,5.061423097985137e+33,3.8526690447503026e+35,1,state_safeguard,U,state_safeguard,source_norm2_gt_5,raw_state_verified,run.py:numpy-batch
HiSD,0.01995262314968881,0.002,2000000,45,-0.6734375,1.228125,completed,-12.497763619833771,8.61736821724735,1.8480639496627733e+37,2.67109824072894e+36,2.256919595001321e+38,1,state_safeguard,U,state_safeguard,source_norm2_gt_5,raw_state_verified,run.py:numpy-batch
HiSD,0.01995262314968881,0.002,2000000,46,-0.6640625,1.228125,completed,-13.010813462573934,8.739638056066248,1.328236472134734e+40,1.8060841909368398e+39,1.69819434726603e+41,1,state_safeguard,U,state_safeguard,source_norm2_gt_5,raw_state_verified,run.py:numpy-batch
HiSD,0.01995262314968881,0.002,2000000,47,-0.6546875000000001,1.228125,completed,-13.534769884432933,8.81109696290385,1.26191082239777e+43,1.6083222303958513e+42,1.6897654652411592e+44,1,state_safeguard,U,state_safeguard,source_norm2_gt_5,raw_state_verified,run.py:numpy-batch
HiSD,0.01995262314968881,0.002,2000000,48,-0.6453125000000001,1.228125,completed,-14.071458225860232,8.822100615141919,1.667244414117882e+46,1.9817473230734856e+45,2.340642723831292e+47,1,state_safeguard,U,state_safeguard,source_norm2_gt_5,raw_state_verified,run.py:numpy-batch
HiSD,0.01995262314968881,0.002,2000000,49,-0.6359375,1.228125,completed,-14.623037445077223,8.760468163092543,3.32863658228176e+49,3.665682942862293e+48,4.908326868133553e+50,1,state_safeguard,U,state_safeguard,source_norm2_gt_5,raw_state_verified,run.py:numpy-batch
HiSD,0.01995262314968881,0.002,2000000,50,-0.6265625,1.228125,completed,-15.191866891424073,8.61054754670847,1.1441487269915064e+53,1.1575231122525176e+52,1.7769998956962235e+54,1,state_safeguard,U,state_safeguard,source_norm2_gt_5,raw_state_verified,run.py:numpy-batch
HiSD,0.01995262314968881,0.002,2000000,51,-0.6171875,1.228125,completed,-15.780177423849729,8.351896170724574,8.269064362752076e+56,7.604026107449709e+55,1.3580019855005418e+58,1,state_safeguard,U,state_safeguard,source_norm2_gt_5,raw_state_verified,run.py:numpy-batch
HiSD,0.01995262314968881,0.002,2000000,52,-0.6078125000000001,1.228125,completed,-16.389355825867533,7.957426975839526,1.698964337450884e+61,1.401747176940004e+60,2.965822584426359e+62,1,state_safeguard,U,state_safeguard,source_norm2_gt_5,raw_state_verified,run.py:numpy-batch
HiSD,0.01995262314968881,0.002,2000000,53,-0.5984375000000001,1.228125,completed,-17.01847438605143,7.3908531810225835,1.5556682874934848e+66,1.1340779340955607e+65,2.906115005723228e+67,1,state_safeguard,U,state_safeguard,source_norm2_gt_5,raw_state_verified,run.py:numpy-batch
HiSD,0.01995262314968881,0.002,2000000,54,-0.5890625,1.228125,completed,-17.661367630364925,6.603342774555996,1.2275857357251733e+72,7.77205589042164e+70,2.4742861441577012e+73,1,state_safeguard,U,state_safeguard,source_norm2_gt_5,raw_state_verified,run.py:numpy-batch
HiSD,0.01995262314968881,0.002,2000000,55,-0.5796875,1.228125,completed,-18.30098692186552,5.529686014205167,2.1342228619637956e+79,1.152609975010253e+78,4.685382438183321e+80,1,state_safeguard,U,state_safeguard,source_norm2_gt_5,raw_state_verified,run.py:numpy-batch
HiSD,0.01995262314968881,0.002,2000000,56,-0.5703125,1.228125,completed,-18.898955842596653,4.085555679208357,2.8583602910112952e+88,1.2953435077279963e+87,6.902855536544472e+89,1,state_safeguard,U,state_safeguard,source_norm2_gt_5,raw_state_verified,run.py:numpy-batch
HiSD,0.01995262314968881,0.002,2000000,57,-0.5609375000000001,1.228125,completed,-19.377837187053547,2.17082828556809,1.2286791359115286e+100,4.620260651503902e+98,3.2924123671649075e+101,1,state_safeguard,U,state_safeguard,source_norm2_gt_5,raw_state_verified,run.py:numpy-batch
HiSD,0.01995262314968881,0.002,2000000,58,-0.5515625000000001,1.228125,completed,-19.59655749866995,-0.309009376462551,4.461794630072736e+114,1.3909960880626595e+113,1.3324595015912217e+116,1,state_safeguard,U,state_safeguard,source_norm2_gt_5,raw_state_verified,run.py:numpy-batch
HiSD,0.01995262314968881,0.002,2000000,59,-0.5421875,1.228125,completed,-19.333709676881767,-3.3833993426396636,4.591197990748066e+131,1.2049321266116666e+130,1.5215348162903068e+133,1,state_safeguard,U,state_safeguard,source_norm2_gt_5,raw_state_verified,run.py:numpy-batch
HiSD,0.01995262314968881,0.002,2000000,60,-0.5328125000000001,1.228125,completed,-18.32561643600667,-6.913077318348041,5.620512447064617e+148,1.286610374610613e+147,2.0313972079259817e+150,1,state_safeguard,U,state_safeguard,source_norm2_gt_5,raw_state_verified,run.py:numpy-batch
HiSD,0.01995262314968881,0.002,2000000,61,-0.5234375,1.228125,completed,-16.415260807627902,-10.515769213307784,,,,1,numerical_breakdown,U,state_safeguard,source_norm2_gt_5,nonfinite_derivatives_or_residual,run.py:numpy-batch
HiSD,0.01995262314968881,0.002,2000000,62,-0.5140625000000001,1.228125,completed,-13.740375835674438,-13.679784290864209,,,,1,numerical_breakdown,U,state_safeguard,source_norm2_gt_5,nonfinite_derivatives_or_residual,run.py:numpy-batch
HiSD,0.01995262314968881,0.002,2000000,63,-0.5046875000000001,1.228125,completed,-10.71857099427595,-16.053629239664826,,,,1,numerical_breakdown,U,state_safeguard,source_norm2_gt_5,nonfinite_derivatives_or_residual,run.py:numpy-batch
HiSD,0.01995262314968881,0.002,2000000,64,-0.7953125000000001,1.246875,completed,-5.617492070513492,4.269889322052525,45697894.837403774,17015634.758799117,231071732.0752548,1,state_safeguard,U,state_safeguard,source_norm2_gt_5,raw_state_verified,run.py:numpy-batch
HiSD,0.01995262314968881,0.002,2000000,65,-0.7859375000000001,1.246875,completed,-6.009071224507968,4.655998805965301,655327496.4730635,228549529.40282512,3568475661.392668,1,state_safeguard,U,state_safeguard,source_norm2_gt_5,raw_state_verified,run.py:numpy-batch
HiSD,0.01995262314968881,0.002,2000000,66,-0.7765625,1.246875,completed,-6.412299207155581,5.041986326145993,12664469462.584757,4132180355.6859336,74142568218.3451,1,state_safeguard,U,state_safeguard,source_norm2_gt_5,raw_state_verified,run.py:numpy-batch
HiSD,0.01995262314968881,0.002,2000000,67,-0.7671875,1.246875,completed,-6.826351554429567,5.426344087253482,330725252466.3682,100973833621.99117,2076958624000.6655,1,state_safeguard,U,state_safeguard,source_norm2_gt_5,raw_state_verified,run.py:numpy-batch
HiSD,0.01995262314968881,0.002,2000000,68,-0.7578125,1.246875,completed,-7.250428349533976,5.8074542782510585,11675169254375.875,3338761213960.3135,78449117025684.62,1,state_safeguard,U,state_safeguard,source_norm2_gt_5,raw_state_verified,run.py:numpy-batch
HiSD,0.01995262314968881,0.002,2000000,69,-0.7484375000000001,1.246875,completed,-7.683766486059039,6.183579511586227,555996612668169.0,149144773946237.12,3986443728259129.5,1,state_safeguard,U,state_safeguard,source_norm2_gt_5,raw_state_verified,run.py:numpy-batch
HiSD,0.01995262314968881,0.002,2000000,70,-0.7390625000000001,1.246875,completed,-8.125653989046231,6.552849939536983,3.555674395501226e+16,8961959768487001.0,2.7129352491797222e+17,1,state_safeguard,U,state_safeguard,source_norm2_gt_5,raw_state_verified,run.py:numpy-batch
HiSD,0.01995262314968881,0.002,2000000,71,-0.7296875,1.246875,completed,-8.575446635094039,6.9132459554406065,3.03256820646331e+18,7.194399209524014e+17,2.455682070384272e+19,1,state_safeguard,U,state_safeguard,source_norm2_gt_5,raw_state_verified,run.py:numpy-batch
HiSD,0.01995262314968881,0.002,2000000,72,-0.7203125,1.246875,completed,-9.032587180994648,7.262575046928476,3.418178344837983e+20,7.645638578361737e+19,2.9301385068695205e+21,1,state_safeguard,U,state_safeguard,source_norm2_gt_5,raw_state_verified,run.py:numpy-batch
HiSD,0.01995262314968881,0.002,2000000,73,-0.7109375,1.246875,completed,-9.496627589383754,7.598440894301332,5.036577873889788e+22,1.0637894717925153e+22,4.559450528050475e+23,1,state_safeguard,U,state_safeguard,source_norm2_gt_5,raw_state_verified,run.py:numpy-batch
HiSD,0.01995262314968881,0.002,2000000,74,-0.7015625000000001,1.246875,completed,-9.967254725454685,7.918202143724711,9.58324262264801e+24,1.913811001088142e+24,9.1411647973511e+25,1,state_safeguard,U,state_safeguard,source_norm2_gt_5,raw_state_verified,run.py:numpy-batch
HiSD,0.01995262314968881,0.002,2000000,75,-0.6921875000000001,1.246875,completed,-10.444320080700363,8.218917348278277,2.3244642229307788e+27,4.393469401951566e+26,2.3315328123616347e+28,1,state_safeguard,U,state_safeguard,source_norm2_gt_5,raw_state_verified,run.py:numpy-batch
HiSD,0.01995262314968881,0.002,2000000,76,-0.6828125,1.246875,completed,-10.927874138113058,8.497271230399386,7.097296614189568e+29,1.2703959869550776e+29,7.472406205167284e+30,1,state_safeguard,U,state_safeguard,source_norm2_gt_5,raw_state_verified,run.py:numpy-batch
HiSD,0.01995262314968881,0.002,2000000,77,-0.6734375,1.246875,completed,-11.41820598092615,8.749475486889807,2.6979742351586218e+32,4.574040170768698e+31,2.9770786463749806e+33,1,state_safeguard,U,state_safeguard,source_norm2_gt_5,raw_state_verified,run.py:numpy-batch
HiSD,0.01995262314968881,0.002,2000000,78,-0.6640625,1.246875,completed,-11.91588857283235,8.971134536313059,1.267145805622162e+35,2.0337715624085149e+34,1.4636467079105137e+36,1,state_safeguard,U,state_safeguard,source_norm2_gt_5,raw_state_verified,run.py:numpy-batch
HiSD,0.01995262314968881,0.002,2000000,79,-0.6546875000000001,1.246875,completed,-12.42182961739906,9.15706244580747,7.339039590002807e+37,1.1138017468426579e+37,8.866231041779783e+38,1,state_safeguard,U,state_safeguard,source_norm2_gt_5,raw_state_verified,run.py:numpy-batch
HiSD,0.01995262314968881,0.002,2000000,80,-0.6453125000000001,1.246875,completed,-12.93732667243824,9.301031071923745,5.280140830917522e+40,7.561240383600441e+39,6.6690152128287376e+41,1,state_safeguard,U,state_safeguard,source_norm2_gt_5,raw_state_verified,run.py:numpy-batch
HiSD,0.01995262314968881,0.002,2000000,81,-0.6359375,1.246875,completed,-13.464122527773705,9.395420128824872,4.820706189882129e+43,6.49281571203612e+42,6.366564831056034e+44,1,state_safeguard,U,state_safeguard,source_norm2_gt_5,raw_state_verified,run.py:numpy-batch
HiSD,0.01995262314968881,0.002,2000000,82,-0.6265625,1.246875,completed,-14.004451304797714,9.430725815989286,5.827011975232323e+46,7.347338485873636e+45,8.053251590454808e+47,1,state_safeguard,U,state_safeguard,source_norm2_gt_5,raw_state_verified,run.py:numpy-batch
HiSD,0.01995262314968881,0.002,2000000,83,-0.6171875,1.246875,completed,-14.561054393283852,9.394863370849501,1.0039335863886248e+50,1.1775613298583186e+49,1.4543688077549883e+51,1,state_safeguard,U,state_safeguard,source_norm2_gt_5,raw_state_verified,run.py:numpy-batch
HiSD,0.01995262314968881,0.002,2000000,84,-0.6078125000000001,1.246875,completed,-15.137122295045758,9.272167149325474,2.7817327650433083e+53,3.009527103237396e+52,4.235363003570339e+54,1,state_safeguard,U,state_safeguard,source_norm2_gt_5,raw_state_verified,run.py:numpy-batch
HiSD,0.01995262314968881,0.002,2000000,85,-0.5984375000000001,1.246875,completed,-15.736071612838959,9.041945954101323,1.5006257616193942e+57,1.4810362260924516e+56,2.41083172933265e+58,1,state_safeguard,U,state_safeguard,source_norm2_gt_5,raw_state_verified,run.py:numpy-batch
HiSD,0.01995262314968881,0.002,2000000,86,-0.5890625,1.246875,completed,-16.360971092631416,8.6763904997431,2.121501005901753e+61,1.883586340195061e+60,3.6160773414543253e+62,1,state_safeguard,U,state_safeguard,source_norm2_gt_5,raw_state_verified,run.py:numpy-batch
HiSD,0.01995262314968881,0.002,2000000,87,-0.5796875,1.246875,completed,-17.013236958384347,8.137567577909621,1.241426311757514e+66,9.74760593396319e+64,2.2613703589140114e+67,1,state_safeguard,U,state_safeguard,source_norm2_gt_5,raw_state_verified,run.py:numpy-batch
HiSD,0.01995262314968881,0.002,2000000,88,-0.5703125,1.246875,completed,-17.68983003234606,7.373236473603133,6.02357604546419e+71,4.100182781786686e+70,1.1834677827509068e+73,1,state_safeguard,U,state_safeguard,source_norm2_gt_5,raw_state_verified,run.py:numpy-batch
HiSD,0.01995262314968881,0.002,2000000,89,-0.5609375000000001,1.246875,completed,-18.377445697560443,6.311513717538126,6.8120238961215e+78,3.933281204046272e+77,1.4594998022218208e+80,1,state_safeguard,U,state_safeguard,source_norm2_gt_5,raw_state_verified,run.py:numpy-batch
HiSD,0.01995262314968881,0.002,2000000,90,-0.5515625000000001,1.246875,completed,-19.04094176790011,4.855672962738026,7.74222039114584e+87,3.713001627713138e+86,1.8308592755516973e+89,1,state_safeguard,U,state_safeguard,source_norm2_gt_5,raw_state_verified,run.py:numpy-batch
HiSD,0.01995262314968881,0.002,2000000,91,-0.5421875,1.246875,completed,-19.601925739109923,2.884340145190798,5.468897883977597e+99,2.143846134101286e+98,1.4436185682001677e+101,1,state_safeguard,U,state_safeguard,source_norm2_gt_5,raw_state_verified,run.py:numpy-batch
HiSD,0.01995262314968881,0.002,2000000,92,-0.5328125000000001,1.246875,completed,-19.905394278106833,0.27214644520600284,1.122585042996992e+115,3.581226483287176e+113,3.330842444151689e+116,1,state_safeguard,U,state_safeguard,source_norm2_gt_5,raw_state_verified,run.py:numpy-batch
HiSD,0.01995262314968881,0.002,2000000,93,-0.5234375,1.246875,completed,-19.689535630989315,-3.0391880328726604,3.28902934803753e+133,8.667074491697966e+131,1.093683188343442e+135,1,state_safeguard,U,state_safeguard,source_norm2_gt_5,raw_state_verified,run.py:numpy-batch
HiSD,0.01995262314968881,0.002,2000000,94,-0.5140625000000001,1.246875,completed,-18.623083909435156,-6.899694329357939,2.528698401268745e+152,5.7290807710915466e+150,9.246282073194503e+153,1,state_safeguard,U,state_safeguard,source_norm2_gt_5,raw_state_verified,run.py:numpy-batch
HiSD,0.01995262314968881,0.002,2000000,95,-0.5046875000000001,1.246875,completed,-16.504380570580597,-10.836418148301213,,,,1,numerical_breakdown,U,state_safeguard,source_norm2_gt_5,nonfinite_derivatives_or_residual,run.py:numpy-batch
HiSD,0.01995262314968881,0.002,2000000,96,-0.7953125000000001,1.265625,completed,-4.707096576098579,3.7794242922444137,405567.45029585756,192701.41451468418,1678614.148771245,1,state_safeguard,U,state_safeguard,source_norm2_gt_5,raw_state_verified,run.py:numpy-batch
HiSD,0.01995262314968881,0.002,2000000,97,-0.7859375000000001,1.265625,completed,-5.081043399354561,4.175524928473899,3642780.2110918364,1598567.592927326,16437437.29042516,1,state_safeguard,U,state_safeguard,source_norm2_gt_5,raw_state_verified,run.py:numpy-batch
HiSD,0.01995262314968881,0.002,2000000,98,-0.7765625,1.265625,completed,-5.467919724615563,4.574350567916271,43796303.458577715,17712279.33608895,215050875.7234118,1,state_safeguard,U,state_safeguard,source_norm2_gt_5,raw_state_verified,run.py:numpy-batch
HiSD,0.01995262314968881,0.002,2000000,99,-0.7671875,1.265625,completed,-5.8668598641657015,4.974603067677198,710155132.3425411,265026367.2502621,3783590476.045873,1,state_safeguard,U,state_safeguard,source_norm2_gt_5,raw_state_verified,run.py:numpy-batch
HiSD,0.01995262314968881,0.002,2000000,100,-0.7578125,1.265625,completed,-6.277003799231581,5.374888460843368,15603762411.494316,5386439968.561897,89896076622.41515,1,state_safeguard,U,state_safeguard,source_norm2_gt_5,raw_state_verified,run.py:numpy-batch
HiSD,0.01995262314968881,0.002,2000000,101,-0.7484375000000001,1.265625,completed,-6.697506257285035,5.773712605100072,465647628602.1841,149122523418.7038,2890337773876.795,1,state_safeguard,U,state_safeguard,source_norm2_gt_5,raw_state_verified,run.py:numpy-batch
HiSD,0.01995262314968881,0.002,2000000,102,-0.7390625000000001,1.265625,completed,-7.127547622022028,6.169475055053964,18865453943399.56,5622577332546.373,125704278220627.5,1,state_safeguard,U,state_safeguard,source_norm2_gt_5,raw_state_verified,run.py:numpy-batch
HiSD,0.01995262314968881,0.002,2000000,103,-0.7296875,1.265625,completed,-7.56634683008443,6.560460516788201,1034399887498600.1,287814009878688.75,7372500073685343.0,1,state_safeguard,U,state_safeguard,source_norm2_gt_5,raw_state_verified,run.py:numpy-batch
HiSD,0.01995262314968881,0.002,2000000,104,-0.7203125,1.265625,completed,-8.013176470115631,6.9448270645259855,7.630435720945331e+16,1.9881626196814964e+16,5.797456672028677e+17,1,state_safeguard,U,state_safeguard,source_norm2_gt_5,raw_state_verified,run.py:numpy-batch
HiSD,0.01995262314968881,0.002,2000000,105,-0.7109375,1.265625,completed,-8.467380376306155,7.3205900519795115,7.507867111974269e+18,1.8371289873501663e+18,6.061297846524474e+19,1,state_safeguard,U,state_safeguard,source_norm2_gt_5,raw_state_verified,run.py:numpy-batch
HiSD,0.01995262314968881,0.002,2000000,106,-0.7015625000000001,1.265625,completed,-8.92839410148898,7.685600310248232,9.744955314802628e+20,2.245224407929013e+20,8.334458852055958e+21,1,state_safeguard,U,state_safeguard,source_norm2_gt_5,raw_state_verified,run.py:numpy-batch
HiSD,0.01995262314968881,0.002,2000000,107,-0.6921875000000001,1.265625,completed,-9.395768769095064,8.037514747261795,1.64660275038671e+23,3.5804599777607606e+22,1.4877026695287996e+24,1,state_safeguard,U,state_safeguard,source_norm2_gt_5,raw_state_verified,run.py:numpy-batch
HiSD,0.01995262314968881,0.002,2000000,108,-0.6828125,1.265625,completed,-9.869198938756558,8.373756793637156,3.5682370249041497e+25,7.337475325944117e+24,3.396956159611329e+26,1,state_safeguard,U,state_safeguard,source_norm2_gt_5,raw_state_verified,run.py:numpy-batch
HiSD,0.01995262314968881,0.002,2000000,109,-0.6734375,1.265625,completed,-10.348555277279765,8.691463184650102,9.759447338460648e+27,1.9009646088015243e+27,9.76681151709421e+28,1,state_safeguard,U,state_safeguard,source_norm2_gt_5,raw_state_verified,run.py:numpy-batch
HiSD,0.01995262314968881,0.002,2000000,110,-0.6640625,1.265625,completed,-10.83392299529803,8.987412192333533,3.3149621672964144e+30,6.1236652487309274e+29,3.480090915985735e+31,1,state_safeguard,U,state_safeguard,source_norm2_gt_5,raw_state_verified,run.py:numpy-batch
HiSD,0.01995262314968881,0.002,2000000,111,-0.6546875000000001,1.265625,completed,-11.325647164340658,9.257926415415168,1.3773248951037552e+33,2.414707259409924e+32,1.514075935430477e+34,1,state_safeguard,U,state_safeguard,source_norm2_gt_5,raw_state_verified,run.py:numpy-batch
HiSD,0.01995262314968881,0.002,2000000,112,-0.6453125000000001,1.265625,completed,-11.82438610789337,9.498740270742204,6.913307221412427e+35,1.1504297067230049e+35,7.946005294600806e+36,1,state_safeguard,U,state_safeguard,source_norm2_gt_5,raw_state_verified,run.py:numpy-batch
HiSD,0.01995262314968881,0.002,2000000,113,-0.6359375,1.265625,completed,-12.33117392555828,9.704817895614575,4.160767522965317e+38,6.567902517437293e+37,4.994603150547882e+39,1,state_safeguard,U,state_safeguard,source_norm2_gt_5,raw_state_verified,run.py:numpy-batch
HiSD,0.01995262314968881,0.002,2000000,114,-0.6265625,1.265625,completed,-12.84749256994536,9.870100449964603,3.0047518940720694e+41,4.49240286739619e+40,3.764483473109364e+42,1,state_safeguard,U,state_safeguard,source_norm2_gt_5,raw_state_verified,run.py:numpy-batch
HiSD,0.01995262314968881,0.002,2000000,115,-0.6171875,1.265625,completed,-13.375352133469345,9.987151500590103,2.6392677373642684e+44,3.7274447574110317e+43,3.450558549059601e+45,1,state_safeguard,U,state_safeguard,source_norm2_gt_5,raw_state_verified,run.py:numpy-batch
HiSD,0.01995262314968881,0.002,2000000,116,-0.6078125000000001,1.265625,completed,-13.917373821926844,10.046653193291746,2.9150131894404357e+47,3.872903742475145e+46,3.9791426883049014e+48,1,state_safeguard,U,state_safeguard,source_norm2_gt_5,raw_state_verified,run.py:numpy-batch
HiSD,0.01995262314968881,0.002,2000000,117,-0.5984375000000001,1.265625,completed,-14.476860750704954,10.036680984804136,4.3124746906897074e+50,5.357979260145046e+49,6.154951141777025e+51,1,state_safeguard,U,state_safeguard,source_norm2_gt_5,raw_state_verified,run.py:numpy-batch
HiSD,0.01995262314968881,0.002,2000000,118,-0.5890625,1.265625,completed,-15.057821363891945,9.941645765399382,9.528167416577505e+53,1.0978912299134005e+53,1.42539994885455e+55,1,state_safeguard,U,state_safeguard,source_norm2_gt_5,raw_state_verified,run.py:numpy-batch
HiSD,0.01995262314968881,0.002,2000000,119,-0.5796875,1.265625,completed,-15.664866382212049,9.740732165705381,3.760032133771638e+57,3.97331473999411e+56,5.918769760549874e+58,1,state_safeguard,U,state_safeguard,source_norm2_gt_5,raw_state_verified,run.py:numpy-batch
HiSD,0.01995262314968881,0.002,2000000,120,-0.5703125,1.265625,completed,-16.302805503478247,9.405573049160159,3.5328910888776425e+61,3.373777338485285e+60,5.884672553461653e+62,1,state_safeguard,U,state_safeguard,source_norm2_gt_5,raw_state_verified,run.py:numpy-batch
HiSD,0.01995262314968881,0.002,2000000,121,-0.5609375000000001,1.265625,completed,-16.97556564239452,8.896783363855349,1.2480016178838994e+66,1.0570698817859077e+65,2.2167643203512064e+67,1,state_safeguard,U,state_safeguard,source_norm2_gt_5,raw_state_verified,run.py:numpy-batch
HiSD,0.01995262314968881,0.002,2000000,122,-0.5515625000000001,1.265625,completed,-17.68361350475855,8.158876343148073,3.405409022559349e+71,2.5007304774121874e+70,6.5163162625567804e+72,1,state_safeguard,U,state_safeguard,source_norm2_gt_5,raw_state_verified,run.py:numpy-batch
HiSD,0.01995262314968881,0.002,2000000,123,-0.5421875,1.265625,completed,-18.418147455849113,7.113213420617992,2.1974570428216825e+78,1.3631211638173677e+77,4.5874742422586305e+79,1,state_safeguard,U,state_safeguard,source_norm2_gt_5,raw_state_verified,run.py:numpy-batch
HiSD,0.01995262314968881,0.002,2000000,124,-0.5328125000000001,1.265625,completed,-19.148558697786424,5.649759782218786,1.7891715810443372e+87,9.128752198606546e+85,4.134548517142397e+88,1,state_safeguard,U,state_safeguard,source_norm2_gt_5,raw_state_verified,run.py:numpy-batch
HiSD,0.01995262314968881,0.002,2000000,125,-0.5234375,1.265625,completed,-19.79707257608598,3.6228498141691046,1.7702913048627369e+99,7.267075397083655e+97,4.594274269193531e+100,1,state_safeguard,U,state_safeguard,source_norm2_gt_5,raw_state_verified,run.py:numpy-batch
HiSD,0.01995262314968881,0.002,2000000,126,-0.5140625000000001,1.265625,completed,-20.194537833786487,0.869244592897499,2.034286346290747e+115,6.657110541479178e+113,5.989623681694004e+116,1,state_safeguard,U,state_safeguard,source_norm2_gt_5,raw_state_verified,run.py:numpy-batch
HiSD,0.01995262314968881,0.002,2000000,127,-0.5046875000000001,1.265625,completed,-20.03099651137878,-2.70791542017906,2.3471542326153876e+135,6.210136274285049e+133,7.830818976519353e+136,1,state_safeguard,U,state_safeguard,source_norm2_gt_5,raw_state_verified,run.py:numpy-batch
HiSD,0.01995262314968881,0.002,2000000,128,-0.7953125000000001,1.284375,completed,-3.820760218404807,3.270532474999573,8702.677128597172,6016.618953284237,31069.936183313614,1,state_safeguard,U,state_safeguard,source_norm2_gt_5,raw_state_verified,run.py:numpy-batch
HiSD,0.01995262314968881,0.002,2000000,129,-0.7859375000000001,1.284375,completed,-4.1748053543761285,3.670504361098911,53931.979648082786,30714.578535032717,194787.15363072866,1,state_safeguard,U,state_safeguard,source_norm2_gt_5,raw_state_verified,run.py:numpy-batch
HiSD,0.01995262314968881,0.002,2000000,130,-0.7765625,1.284375,completed,-4.543078128912123,4.0756522382519,405793.8142025017,209411.82205474837,1633577.5672014563,1,state_safeguard,U,state_safeguard,source_norm2_gt_5,raw_state_verified,run.py:numpy-batch
HiSD,0.01995262314968881,0.002,2000000,131,-0.7671875,1.284375,completed,-4.924704246850836,4.484867119483591,4110772.1566534303,1913280.435416155,18220546.193794355,1,state_safeguard,U,state_safeguard,source_norm2_gt_5,raw_state_verified,run.py:numpy-batch
HiSD,0.01995262314968881,0.002,2000000,132,-0.7578125,1.284375,completed,-5.318800911939292,4.896949965060049,56021645.02443459,23666200.181014355,272310244.0535137,1,state_safeguard,U,state_safeguard,source_norm2_gt_5,raw_state_verified,run.py:numpy-batch
HiSD,0.01995262314968881,0.002,2000000,133,-0.7484375000000001,1.284375,completed,-5.724482850618747,5.310610344591462,1035542066.2503215,399314837.9504444,5491577159.395595,1,state_safeguard,U,state_safeguard,source_norm2_gt_5,raw_state_verified,run.py:numpy-batch
HiSD,0.01995262314968881,0.002,2000000,134,-0.7390625000000001,1.284375,completed,-6.140870055632724,5.724464247251077,26083216410.258003,9232250787.664902,150152406144.277,1,state_safeguard,U,state_safeguard,source_norm2_gt_5,raw_state_verified,run.py:numpy-batch
HiSD,0.01995262314968881,0.002,2000000,135,-0.7296875,1.284375,completed,-6.567097313181781,6.137030647968329,896829407977.0432,292911511068.9678,5577498423331.952,1,state_safeguard,U,state_safeguard,source_norm2_gt_5,raw_state_verified,run.py:numpy-batch
HiSD,0.01995262314968881,0.002,2000000,136,-0.7203125,1.284375,completed,-7.002325627317263,6.5467263439409615,42041644090802.0,12732027620478.834,281195443587172.8,1,state_safeguard,U,state_safeguard,source_norm2_gt_5,raw_state_verified,run.py:numpy-batch
HiSD,0.01995262314968881,0.002,2000000,137,-0.7109375,1.284375,completed,-7.445755714875959,6.951858447608614,2675484593242586.0,754650816708962.8,1.9164681784687004e+16,1,state_safeguard,U,state_safeguard,source_norm2_gt_5,raw_state_verified,run.py:numpy-batch
HiSD,0.01995262314968881,0.002,2000000,138,-0.7015625000000001,1.284375,completed,-7.896643819218708,7.3506137441359645,2.2944640354593008e+17,6.052172345930979e+16,1.7532834670240335e+18,1,state_safeguard,U,state_safeguard,source_norm2_gt_5,raw_state_verified,run.py:numpy-batch
HiSD,0.01995262314968881,0.002,2000000,139,-0.6921875000000001,1.284375,completed,-8.354320183220697,7.741043877933651,2.6244065384083464e+19,6.497411866640465e+18,2.1315688700713003e+20,1,state_safeguard,U,state_safeguard,source_norm2_gt_5,raw_state_verified,run.py:numpy-batch
HiSD,0.01995262314968881,0.002,2000000,140,-0.6828125,1.284375,completed,-8.818210638296096,8.121044994395284,3.9514787025976406e+21,9.212512313461606e+20,3.399927346224891e+22,1,state_safeguard,U,state_safeguard,source_norm2_gt_5,raw_state_verified,run.py:numpy-batch
HiSD,0.01995262314968881,0.002,2000000,141,-0.6734375,1.284375,completed,-9.287861914480663,8.488329987356348,7.710725739210698e+23,1.6978210834922928e+23,7.00656424130353e+24,1,state_safeguard,U,state_safeguard,source_norm2_gt_5,raw_state_verified,run.py:numpy-batch
HiSD,0.01995262314968881,0.002,2000000,142,-0.6640625,1.284375,completed,-9.762971460327957,8.840390832505483,1.9159009695656023e+26,3.994421888606122e+25,1.8333761541441876e+27,1,state_safeguard,U,state_safeguard,source_norm2_gt_5,raw_state_verified,run.py:numpy-batch
HiSD,0.01995262314968881,0.002,2000000,143,-0.6546875000000001,1.284375,completed,-10.243422792971923,9.17444752216739,5.94693875828591e+28,1.1765038715729253e+28,5.9775011855646174e+29,1,state_safeguard,U,state_safeguard,source_norm2_gt_5,raw_state_verified,run.py:numpy-batch
HiSD,0.01995262314968881,0.002,2000000,144,-0.6453125000000001,1.284375,completed,-10.729327677689884,9.487378719060702,2.2608692377045167e+31,4.251503467898321e+30,2.381450005401069e+32,1,state_safeguard,U,state_safeguard,source_norm2_gt_5,raw_state_verified,run.py:numpy-batch
HiSD,0.01995262314968881,0.002,2000000,145,-0.6359375,1.284375,completed,-11.221076761699495,9.775627186584737,1.0326132086425702e+34,1.8480280337712203e+33,1.1375120687055045e+35,1,state_safeguard,U,state_safeguard,source_norm2_gt_5,raw_state_verified,run.py:numpy-batch
HiSD,0.01995262314968881,0.002,2000000,146,-0.6265625,1.284375,completed,-11.719400628322864,10.03506997871018,5.568765537941832e+36,9.491202542119786e+35,6.404352883232395e+37,1,state_safeguard,U,state_safeguard,source_norm2_gt_5,raw_state_verified,run.py:numpy-batch
HiSD,0.01995262314968881,0.002,2000000,147,-0.6171875,1.284375,completed,-12.225443514460773,10.260838712530846,3.4994346062601795e+39,5.679846380608369e+38,4.1957652504640465e+40,1,state_safeguard,U,state_safeguard,source_norm2_gt_5,raw_state_verified,run.py:numpy-batch
HiSD,0.01995262314968881,0.002,2000000,148,-0.6078125000000001,1.284375,completed,-12.740851941440807,10.447068076999035,2.546829579789946e+42,3.932979935407131e+41,3.180478120991404e+43,1,state_safeguard,U,state_safeguard,source_norm2_gt_5,raw_state_verified,run.py:numpy-batch
HiSD,0.01995262314968881,0.002,2000000,149,-0.5984375000000001,1.284375,completed,-13.26787976887958,10.586539533773061,2.1582249016952055e+45,3.1646486808627708e+44,2.805931459047747e+46,1,state_safeguard,U,state_safeguard,source_norm2_gt_5,raw_state_verified,run.py:numpy-batch
HiSD,0.01995262314968881,0.002,2000000,150,-0.5890625,1.284375,completed,-13.809508613713698,10.670169416869069,2.1798997295815973e+48,3.0246142429208048e+47,2.951212942226839e+49,1,state_safeguard,U,state_safeguard,source_norm2_gt_5,raw_state_verified,run.py:numpy-batch
HiSD,0.01995262314968881,0.002,2000000,151,-0.5796875,1.284375,completed,-14.369575746365651,10.686262145019088,2.7625219414734574e+51,3.6076351398802202e+50,3.8987119487926e+52,1,state_safeguard,U,state_safeguard,source_norm2_gt_5,raw_state_verified,run.py:numpy-batch
HiSD,0.01995262314968881,0.002,2000000,152,-0.5703125,1.284375,completed,-14.952884998455236,10.619403097712302,4.8293549159711104e+54,5.889729689189053e+53,7.120510454127815e+55,1,state_safeguard,U,state_safeguard,source_norm2_gt_5,raw_state_verified,run.py:numpy-batch
HiSD,0.01995262314968881,0.002,2000000,153,-0.5609375000000001,1.284375,completed,-15.56523740150594,10.448790835016299,1.371135557167699e+58,1.544501557857235e+57,2.119852359221334e+59,1,state_safeguard,U,state_safeguard,source_norm2_gt_5,raw_state_verified,run.py:numpy-batch
HiSD,0.01995262314968881,0.002,2000000,154,-0.5515625000000001,1.284375,completed,-16.213228493113675,10.145688819551474,8.300233821494806e+61,8.50631907501335e+60,1.3531723270316692e+63,1,state_safeguard,U,state_safeguard,source_norm2_gt_5,raw_state_verified,run.py:numpy-batch
HiSD,0.01995262314968881,0.002,2000000,155,-0.5421875,1.284375,completed,-16.903451866188444,9.669496374245542,1.6766573848028555e+66,1.5322498021926082e+65,2.9056825833190927e+67,1,state_safeguard,U,state_safeguard,source_norm2_gt_5,raw_state_verified,run.py:numpy-batch
HiSD,0.01995262314968881,0.002,2000000,156,-0.5328125000000001,1.284375,completed,-17.640269965002393,8.961710118243069,2.3524928169372735e+71,1.8687094342205767e+70,4.382046383672271e+72,1,state_safeguard,U,state_safeguard,source_norm2_gt_5,raw_state_verified,run.py:numpy-batch
HiSD,0.01995262314968881,0.002,2000000,157,-0.5234375,1.284375,completed,-18.420222809671326,7.936938853052332,7.542321254404223e+77,5.0503620075164875e+76,1.531926756266253e+79,1,state_safeguard,U,state_safeguard,source_norm2_gt_5,raw_state_verified,run.py:numpy-batch
HiSD,0.01995262314968881,0.002,2000000,158,-0.5140625000000001,1.284375,completed,-19.218787875796036,6.47093883642286,3.640326745487545e+86,1.987495534780534e+85,8.202879882481565e+87,1,state_safeguard,U,state_safeguard,source_norm2_gt_5,raw_state_verified,run.py:numpy-batch
HiSD,0.01995262314968881,0.002,2000000,159,-0.5046875000000001,1.284375,completed,-19.96092192015808,4.390263381099107,4.165960278974065e+98,1.7999953015115747e+97,1.0606155492080167e+100,1,state_safeguard,U,state_safeguard,source_norm2_gt_5,raw_state_verified,run.py:numpy-batch
HiSD,0.01995262314968881,0.002,2000000,162,-0.7765625,1.3031249999999999,completed,-3.6436198792999557,3.5625730672263725,9491.12164595006,6916.521705483664,34287.0601720384,1,state_safeguard,U,state_safeguard,source_norm2_gt_5,raw_state_verified,run.py:numpy-batch
HiSD,0.01995262314968881,0.002,2000000,163,-0.7671875,1.3031249999999999,completed,-4.005724125588446,3.9745797976445267,65300.526473960315,38265.0672689026,233622.42767021913,1,state_safeguard,U,state_safeguard,source_norm2_gt_5,raw_state_verified,run.py:numpy-batch
HiSD,0.01995262314968881,0.002,2000000,164,-0.7578125,1.3031249999999999,completed,-4.38157406940432,4.391908282968816,555127.4609318079,289937.7995590012,2245223.257351909,1,state_safeguard,U,state_safeguard,source_norm2_gt_5,raw_state_verified,run.py:numpy-batch
HiSD,0.01995262314968881,0.002,2000000,165,-0.7484375000000001,1.3031249999999999,completed,-4.770280643557792,4.813452883916279,6375590.563627441,2971553.0826430474,28541710.64038992,1,state_safeguard,U,state_safeguard,source_norm2_gt_5,raw_state_verified,run.py:numpy-batch
HiSD,0.01995262314968881,0.002,2000000,166,-0.7390625000000001,1.3031249999999999,completed,-5.170944476872965,5.238018884500507,99156805.52870508,41671495.51755568,488449286.2324649,1,state_safeguard,U,state_safeguard,source_norm2_gt_5,raw_state_verified,run.py:numpy-batch
HiSD,0.01995262314968881,0.002,2000000,167,-0.7296875,1.3031249999999999,completed,-5.582662334062159,5.664322026957179,2104938888.805602,804369866.1976874,11335467557.894691,1,state_safeguard,U,state_safeguard,source_norm2_gt_5,raw_state_verified,run.py:numpy-batch
HiSD,0.01995262314968881,0.002,2000000,168,-0.7203125,1.3031249999999999,completed,-6.0045352951051925,6.090987197693397,61254675764.01109,21440850258.187813,358483774943.0403,1,state_safeguard,U,state_safeguard,source_norm2_gt_5,raw_state_verified,run.py:numpy-batch
HiSD,0.01995262314968881,0.002,2000000,169,-0.7109375,1.3031249999999999,completed,-6.43567874281683,6.516545899491132,2446209183246.3423,789370056567.7505,15474085894362.332,1,state_safeguard,U,state_safeguard,source_norm2_gt_5,raw_state_verified,run.py:numpy-batch
HiSD,0.01995262314968881,0.002,2000000,170,-0.7015625000000001,1.3031249999999999,completed,-6.875234283217811,6.9394320532777565,133763682170684.89,40020479461474.516,910091174909630.0,1,state_safeguard,U,state_safeguard,source_norm2_gt_5,raw_state_verified,run.py:numpy-batch
HiSD,0.01995262314968881,0.002,2000000,171,-0.6921875000000001,1.3031249999999999,completed,-7.322383792517456,7.357975544973476,9959944939130280.0,2776876432403213.5,7.255625294732424e+16,1,state_safeguard,U,state_safeguard,source_norm2_gt_5,raw_state_verified,run.py:numpy-batch
HiSD,0.01995262314968881,0.002,2000000,172,-0.6828125,1.3031249999999999,completed,-7.776365868592579,7.770392760075008,1.0009014099893068e+18,2.612223473402958e+17,7.774605471174365e+18,1,state_safeguard,U,state_safeguard,source_norm2_gt_5,raw_state_verified,run.py:numpy-batch
HiSD,0.01995262314968881,0.002,2000000,173,-0.6734375,1.3031249999999999,completed,-8.236495073203896,8.174773108316726,1.3411585801323194e+20,3.289861574253525e+19,1.1065705918659069e+21,1,state_safeguard,U,state_safeguard,source_norm2_gt_5,raw_state_verified,run.py:numpy-batch
HiSD,0.01995262314968881,0.002,2000000,174,-0.6640625,1.3031249999999999,completed,-8.702184488622114,8.569060208483837,2.3601236607948076e+22,5.461179870767397e+21,2.0611958495202227e+23,1,state_safeguard,U,state_safeguard,source_norm2_gt_5,raw_state_verified,run.py:numpy-batch
HiSD,0.01995262314968881,0.002,2000000,175,-0.6546875000000001,1.3031249999999999,completed,-9.172972291465136,8.951025934809868,5.35743423464337e+24,1.1731925329029088e+24,4.936513693967957e+25,1,state_safeguard,U,state_safeguard,source_norm2_gt_5,raw_state_verified,run.py:numpy-batch
HiSD,0.01995262314968881,0.002,2000000,176,-0.6453125000000001,1.3031249999999999,completed,-9.648553278993328,9.318234859708571,1.5371214345652526e+27,3.1946655522384137e+26,1.4898977655860677e+28,1,state_safeguard,U,state_safeguard,source_norm2_gt_5,raw_state_verified,run.py:numpy-batch
HiSD,0.01995262314968881,0.002,2000000,177,-0.6359375,1.3031249999999999,completed,-10.128816584835114,9.66799566620364,5.451870604795855e+29,1.0780740586116136e+29,5.543608901506603e+30,1,state_safeguard,U,state_safeguard,source_norm2_gt_5,raw_state_verified,run.py:numpy-batch
HiSD,0.01995262314968881,0.002,2000000,178,-0.6265625,1.3031249999999999,completed,-10.613891211745534,9.997294695780546,2.3352875978496202e+32,4.402896286216421e+31,2.4848948318176475e+33,1,state_safeguard,U,state_safeguard,source_norm2_gt_5,raw_state_verified,run.py:numpy-batch
HiSD,0.01995262314968881,0.002,2000000,179,-0.6171875,1.3031249999999999,completed,-11.104201504308753,10.302704709148282,1.1800845263890679e+35,2.1248325368853613e+34,1.3110985759543775e+36,1,state_safeguard,U,state_safeguard,source_norm2_gt_5,raw_state_verified,run.py:numpy-batch
HiSD,0.01995262314968881,0.002,2000000,180,-0.6078125000000001,1.3031249999999999,completed,-11.600535297168351,10.580258785281133,6.880644780391193e+37,1.1845420298213412e+37,7.966398976143092e+38,1,state_safeguard,U,state_safeguard,source_norm2_gt_5,raw_state_verified,run.py:numpy-batch
HiSD,0.01995262314968881,0.002,2000000,181,-0.5984375000000001,1.3031249999999999,completed,-12.104128180312598,10.825274453755595,4.541830587564247e+40,7.479759095878477e+39,5.4710426869293886e+41,1,state_safeguard,U,state_safeguard,source_norm2_gt_5,raw_state_verified,run.py:numpy-batch
HiSD,0.01995262314968881,0.002,2000000,182,-0.5890625,1.3031249999999999,completed,-12.61676802388431,11.032105618216946,3.349866392064268e+43,5.2759796912174794e+42,4.193101500073267e+44,1,state_safeguard,U,state_safeguard,source_norm2_gt_5,raw_state_verified,run.py:numpy-batch
HiSD,0.01995262314968881,0.002,2000000,183,-0.5796875,1.3031249999999999,completed,-13.140924293504565,11.193787861352481,2.7519466926559496e+46,4.13974045502564e+45,3.5767392511407817e+47,1,state_safeguard,U,state_safeguard,source_norm2_gt_5,raw_state_verified,run.py:numpy-batch
HiSD,0.01995262314968881,0.002,2000000,184,-0.5703125,1.3031249999999999,completed,-13.679905967058206,11.30152337028135,2.550573849131511e+49,3.654893627849043e+48,3.4416299709379003e+50,1,state_safeguard,U,state_safeguard,source_norm2_gt_5,raw_state_verified,run.py:numpy-batch
HiSD,0.01995262314968881,0.002,2000000,185,-0.5609375000000001,1.3031249999999999,completed,-14.238048057243693,11.34391987353612,2.7709890647049327e+52,3.7654918324700066e+51,3.88451511448448e+53,1,state_safeguard,U,state_safeguard,source_norm2_gt_5,raw_state_verified,run.py:numpy-batch
HiSD,0.01995262314968881,0.002,2000000,186,-0.5515625000000001,1.3031249999999999,completed,-14.820915032594272,11.305844728152355,3.8180019894761367e+55,4.885744209578669e+54,5.570494040407027e+56,1,state_safeguard,U,state_safeguard,source_norm2_gt_5,raw_state_verified,run.py:numpy-batch
HiSD,0.01995262314968881,0.002,2000000,187,-0.5421875,1.3031249999999999,completed,-15.435478077388774,11.166665224970773,7.705317035424485e+58,9.189055566613347e+57,1.1739335573155424e+60,1,state_safeguard,U,state_safeguard,source_norm2_gt_5,raw_state_verified,run.py:numpy-batch
HiSD,0.01995262314968881,0.002,2000000,188,-0.5328125000000001,1.3031249999999999,completed,-16.090143293147975,10.897493618006996,2.9273972942084315e+62,3.205111225703166e+61,4.68242529904083e+63,1,state_safeguard,U,state_safeguard,source_norm2_gt_5,raw_state_verified,run.py:numpy-batch
HiSD,0.01995262314968881,0.002,2000000,189,-0.5234375,1.3031249999999999,completed,-16.794307876150626,10.456802497252834,3.2164143311125485e+66,3.1662114049534883e+65,5.445632387739066e+67,1,state_safeguard,U,state_safeguard,source_norm2_gt_5,raw_state_verified,run.py:numpy-batch
HiSD,0.01995262314968881,0.002,2000000,190,-0.5140625000000001,1.3031249999999999,completed,-17.556621323011814,9.783389868771323,2.1238917969568278e+71,1.827766854217856e+70,3.85133109612225e+72,1,state_safeguard,U,state_safeguard,source_norm2_gt_5,raw_state_verified,run.py:numpy-batch
HiSD,0.01995262314968881,0.002,2000000,191,-0.5046875000000001,1.3031249999999999,completed,-18.379885028227367,8.785238518995898,2.9247715191094856e+77,2.12345880861137e+76,5.772363920609562e+78,1,state_safeguard,U,state_safeguard,source_norm2_gt_5,raw_state_verified,run.py:numpy-batch
HiSD,0.01995262314968881,0.002,2000000,196,-0.7578125,1.321875,completed,-3.4712081789165254,3.8765974714234677,14976.428452629081,9984.015905026501,54040.26293069364,1,state_safeguard,U,state_safeguard,source_norm2_gt_5,raw_state_verified,run.py:numpy-batch
HiSD,0.01995262314968881,0.002,2000000,197,-0.7484375000000001,1.321875,completed,-3.8407814109343636,4.299791656055497,111223.60490075026,61196.6165257261,416600.18500770757,1,state_safeguard,U,state_safeguard,source_norm2_gt_5,raw_state_verified,run.py:numpy-batch
HiSD,0.01995262314968881,0.002,2000000,198,-0.7390625000000001,1.321875,completed,-4.223563146257797,4.728471155195637,1074249.0869468316,526610.2077978754,4521868.324147429,1,state_safeguard,U,state_safeguard,source_norm2_gt_5,raw_state_verified,run.py:numpy-batch
HiSD,0.01995262314968881,0.002,2000000,199,-0.7296875,1.321875,completed,-4.6186518769040505,5.161530731204414,14055202.623006877,6173655.645219215,65427588.563008845,1,state_safeguard,U,state_safeguard,source_norm2_gt_5,raw_state_verified,run.py:numpy-batch
HiSD,0.01995262314968881,0.002,2000000,200,-0.7203125,1.321875,completed,-5.0251333706311865,5.597777689834823,251067256.96844873,99835226.37967084,1283769746.7673483,1,state_safeguard,U,state_safeguard,source_norm2_gt_5,raw_state_verified,run.py:numpy-batch
HiSD,0.01995262314968881,0.002,2000000,201,-0.7109375,1.321875,completed,-5.442087588071513,6.035932238252325,6166058923.530421,2238381601.0657625,34405867080.993484,1,state_safeguard,U,state_safeguard,source_norm2_gt_5,raw_state_verified,run.py:numpy-batch
HiSD,0.01995262314968881,0.002,2000000,202,-0.7015625000000001,1.321875,completed,-5.868597326127766,6.47462700863781,208952612839.67426,69748679670.5216,1264820322922.551,1,state_safeguard,U,state_safeguard,source_norm2_gt_5,raw_state_verified,run.py:numpy-batch
HiSD,0.01995262314968881,0.002,2000000,203,-0.6921875000000001,1.321875,completed,-6.303758663141313,6.912405412388464,9771590028059.35,3018145169269.8857,63821873412140.58,1,state_safeguard,U,state_safeguard,source_norm2_gt_5,raw_state_verified,run.py:numpy-batch
HiSD,0.01995262314968881,0.002,2000000,204,-0.6828125,1.321875,completed,-6.746693343752922,7.3477183976943365,628470089253716.0,180612607214169.4,4407449068378250.5,1,state_safeguard,U,state_safeguard,source_norm2_gt_5,raw_state_verified,run.py:numpy-batch
HiSD,0.01995262314968881,0.002,2000000,205,-0.6734375,1.321875,completed,-7.196563315646697,7.778919059972845,5.5205988021464136e+16,1.4834625983623754e+16,4.13850416873711e+17,1,state_safeguard,U,state_safeguard,source_norm2_gt_5,raw_state_verified,run.py:numpy-batch
HiSD,0.01995262314968881,0.002,2000000,206,-0.6640625,1.321875,completed,-7.652587724827993,8.204254385180459,6.55410728384517e+18,1.654055371895169e+18,5.230455304697477e+19,1,state_safeguard,U,state_safeguard,source_norm2_gt_5,raw_state_verified,run.py:numpy-batch
HiSD,0.01995262314968881,0.002,2000000,207,-0.6546875000000001,1.321875,completed,-8.11406279566809,8.621853174444519,1.037070993371078e+21,2.467876787552893e+20,8.777208435736919e+21,1,state_safeguard,U,state_safeguard,source_norm2_gt_5,raw_state_verified,run.py:numpy-batch
HiSD,0.01995262314968881,0.002,2000000,208,-0.6453125000000001,1.321875,completed,-8.58038518087933,9.029708872856894,2.149702188431636e+23,4.84106521580772e+22,1.9227598330129222e+24,1,state_safeguard,U,state_safeguard,source_norm2_gt_5,raw_state_verified,run.py:numpy-batch
HiSD,0.01995262314968881,0.002,2000000,209,-0.6359375,1.321875,completed,-9.051079572772354,9.425655569640432,5.720071823039767e+25,1.2230199973832739e+25,5.3893386536182604e+26,1,state_safeguard,U,state_safeguard,source_norm2_gt_5,raw_state_verified,run.py:numpy-batch
HiSD,0.01995262314968881,0.002,2000000,210,-0.6265625,1.321875,completed,-9.52583164509587,9.807334781496792,1.9093244974203033e+28,3.8874489181951017e+27,1.8892622399927197e+29,1,state_safeguard,U,state_safeguard,source_norm2_gt_5,raw_state_verified,run.py:numpy-batch
HiSD,0.01995262314968881,0.002,2000000,211,-0.6171875,1.321875,completed,-10.004527764769357,10.172149682050087,7.795560639412422e+30,1.5154179898832797e+30,8.078429951484053e+31,1,state_safeguard,U,state_safeguard,source_norm2_gt_5,raw_state_verified,run.py:numpy-batch
HiSD,0.01995262314968881,0.002,2000000,212,-0.6078125000000001,1.321875,completed,-10.487303409862893,10.517202041661548,3.790133568621125e+33,7.05091561258903e+32,4.102846387978435e+34,1,state_safeguard,U,state_safeguard,source_norm2_gt_5,raw_state_verified,run.py:numpy-batch
HiSD,0.01995262314968881,0.002,2000000,213,-0.5984375000000001,1.321875,completed,-10.974602895684578,10.839205048259839,2.134768094853236e+36,3.8080060217163964e+35,2.4083202957482325e+37,1,state_safeguard,U,state_safeguard,source_norm2_gt_5,raw_state_verified,run.py:numpy-batch
HiSD,0.01995262314968881,0.002,2000000,214,-0.5890625,1.321875,completed,-11.467253894022145,11.13436199261727,1.3558426603138118e+39,2.322632150546303e+38,1.590714984202119e+40,1,state_safeguard,U,state_safeguard,source_norm2_gt_5,raw_state_verified,run.py:numpy-batch
HiSD,0.01995262314968881,0.002,2000000,215,-0.5796875,1.321875,completed,-11.966561379200156,11.398195861042277,9.472413758922897e+41,1.5599146978996826e+41,1.1536375979737769e+43,1,state_safeguard,U,state_safeguard,source_norm2_gt_5,raw_state_verified,run.py:numpy-batch
HiSD,0.01995262314968881,0.002,2000000,216,-0.5703125,1.321875,completed,-12.47442706412852,11.625307072381801,7.1341911412389736e+44,1.1298253687244132e+44,9.005930269160811e+45,1,state_safeguard,U,state_safeguard,source_norm2_gt_5,raw_state_verified,run.py:numpy-batch
HiSD,0.01995262314968881,0.002,2000000,217,-0.5609375000000001,1.321875,completed,-12.99350199774235,11.809024011095953,5.723607963728629e+47,8.712375093595004e+46,7.480991970693923e+48,1,state_safeguard,U,state_safeguard,source_norm2_gt_5,raw_state_verified,run.py:numpy-batch
HiSD,0.01995262314968881,0.002,2000000,218,-0.5515625000000001,1.321875,completed,-13.527381339626263,11.940890283040238,4.900024963186342e+50,7.156691284488054e+49,6.627688077440228e+51,1,state_safeguard,U,state_safeguard,source_norm2_gt_5,raw_state_verified,run.py:numpy-batch
HiSD,0.01995262314968881,0.002,2000000,219,-0.5421875,1.321875,completed,-14.080850042856772,12.009897741079774,4.585845625687565e+53,6.404574891541004e+52,6.42025822538455e+54,1,state_safeguard,U,state_safeguard,source_norm2_gt_5,raw_state_verified,run.py:numpy-batch
HiSD,0.01995262314968881,0.002,2000000,220,-0.5328125000000001,1.321875,completed,-14.66018247272018,12.001314345014801,4.985591277432076e+56,6.619220736196861e+55,7.233866601498476e+57,1,state_safeguard,U,state_safeguard,source_norm2_gt_5,raw_state_verified,run.py:numpy-batch
HiSD,0.01995262314968881,0.002,2000000,221,-0.5234375,1.321875,completed,-15.273477693146472,11.89485071991379,7.108371131302846e+59,8.888896345980912e+58,1.0718811943438587e+61,1,state_safeguard,U,state_safeguard,source_norm2_gt_5,raw_state_verified,run.py:numpy-batch
HiSD,0.01995262314968881,0.002,2000000,222,-0.5140625000000001,1.321875,completed,-15.930948118687162,11.661722106995372,1.6620491908299816e+63,1.930001431358946e+62,2.6174433156330772e+64,1,state_safeguard,U,state_safeguard,source_norm2_gt_5,raw_state_verified,run.py:numpy-batch
HiSD,0.01995262314968881,0.002,2000000,223,-0.5046875000000001,1.321875,completed,-16.644899365440008,11.259829047728607,9.508321675513668e+66,1.0040657470289295e+66,1.5763517801183213e+68,1,state_safeguard,U,state_safeguard,source_norm2_gt_5,raw_state_verified,run.py:numpy-batch
HiSD,0.01995262314968881,0.002,2000000,230,-0.7390625000000001,1.340625,completed,-3.304707845868523,4.212816211755749,33673.64300207657,18954.81131029552,125992.26735213088,1,state_safeguard,U,state_safeguard,source_norm2_gt_5,raw_state_verified,run.py:numpy-batch
HiSD,0.01995262314968881,0.002,2000000,231,-0.7296875,1.340625,completed,-3.6810442532832406,4.646321055054295,274891.44565039757,131156.53838514988,1120355.3979161754,1,state_safeguard,U,state_safeguard,source_norm2_gt_5,raw_state_verified,run.py:numpy-batch
HiSD,0.01995262314968881,0.002,2000000,232,-0.7203125,1.340625,completed,-4.070001739941147,5.0854946786516075,3021811.641013062,1307259.6911555014,13642270.841668677,1,state_safeguard,U,state_safeguard,source_norm2_gt_5,raw_state_verified,run.py:numpy-batch
HiSD,0.01995262314968881,0.002,2000000,233,-0.7109375,1.340625,completed,-4.470667983367861,5.52922899095006,45336763.81174654,17840910.25341679,224894067.3930334,1,state_safeguard,U,state_safeguard,source_norm2_gt_5,raw_state_verified,run.py:numpy-batch
HiSD,0.01995262314968881,0.002,2000000,234,-0.7015625000000001,1.340625,completed,-4.88211496566095,5.9763308131630275,937111583.8742653,337925169.0878598,5077144662.492001,1,state_safeguard,U,state_safeguard,source_norm2_gt_5,raw_state_verified,run.py:numpy-batch
HiSD,0.01995262314968881,0.002,2000000,235,-0.6921875000000001,1.340625,completed,-5.303406411468478,6.425522987849228,26845302593.142147,8927024803.849127,157959074882.71594,1,state_safeguard,U,state_safeguard,source_norm2_gt_5,raw_state_verified,run.py:numpy-batch
HiSD,0.01995262314968881,0.002,2000000,236,-0.6828125,1.340625,completed,-5.733606905491663,6.875444685912541,1068505280855.7601,329512928459.49817,6792473598972.66,1,state_safeguard,U,state_safeguard,source_norm2_gt_5,raw_state_verified,run.py:numpy-batch
HiSD,0.01995262314968881,0.002,2000000,237,-0.6734375,1.340625,completed,-6.17179277536394,7.324650605806679,59027844265025.086,16967294040015.15,403443574693597.0,1,state_safeguard,U,state_safeguard,source_norm2_gt_5,raw_state_verified,run.py:numpy-batch
HiSD,0.01995262314968881,0.002,2000000,238,-0.6640625,1.340625,completed,-6.617064890689224,7.771608669216952,4504609423961809.0,1212468217513077.8,3.2954544085240324e+16,1,state_safeguard,U,state_safeguard,source_norm2_gt_5,raw_state_verified,run.py:numpy-batch
HiSD,0.01995262314968881,0.002,2000000,239,-0.6546875000000001,1.340625,completed,-7.068563608252939,8.214695698096623,4.7088150250097626e+17,1.1918113368513762e+17,3.671994312726956e+18,1,state_safeguard,U,state_safeguard,source_norm2_gt_5,raw_state_verified,run.py:numpy-batch
HiSD,0.01995262314968881,0.002,2000000,240,-0.6453125000000001,1.340625,completed,-7.525486194017695,8.652190395965107,6.661037797746597e+19,1.591469166467162e+19,5.515582989233779e+20,1,state_safeguard,U,state_safeguard,source_norm2_gt_5,raw_state_verified,run.py:numpy-batch
HiSD,0.01995262314968881,0.002,2000000,241,-0.6359375,1.340625,completed,-7.987107184761356,9.082262732289893,1.2551163484728096e+22,2.8408660614976105e+21,1.099595786666205e+23,1,state_safeguard,U,state_safeguard,source_norm2_gt_5,raw_state_verified,run.py:numpy-batch
HiSD,0.01995262314968881,0.002,2000000,242,-0.6265625,1.340625,completed,-8.452802324585923,9.50295851873373,3.089911992528105e+24,6.647527279524464e+23,2.854545392143908e+25,1,state_safeguard,U,state_safeguard,source_norm2_gt_5,raw_state_verified,run.py:numpy-batch
HiSD,0.01995262314968881,0.002,2000000,243,-0.6171875,1.340625,completed,-8.92207694728776,9.912177522873417,9.716304791947253e+26,1.9929490885556785e+26,9.435571498898235e+27,1,state_safeguard,U,state_safeguard,source_norm2_gt_5,raw_state_verified,run.py:numpy-batch
HiSD,0.01995262314968881,0.002,2000000,244,-0.6078125000000001,1.340625,completed,-9.394599990577214,10.307642832849274,3.803818794752311e+29,7.4598939398381965e+28,3.871529072767046e+30,1,state_safeguard,U,state_safeguard,source_norm2_gt_5,raw_state_verified,run.py:numpy-batch
HiSD,0.01995262314968881,0.002,2000000,245,-0.5984375000000001,1.340625,completed,-9.870245263438598,10.68685825980847,1.8024097633503804e+32,3.3886366431838664e+31,1.9173931298803542e+33,1,state_safeguard,U,state_safeguard,source_norm2_gt_5,raw_state_verified,run.py:numpy-batch
HiSD,0.01995262314968881,0.002,2000000,246,-0.5890625,1.340625,completed,-10.349142185184723,11.047049193617283,1.0029505634707585e+35,1.8119682241438236e+34,1.112266851744668e+36,1,state_safeguard,U,state_safeguard,source_norm2_gt_5,raw_state_verified,run.py:numpy-batch
HiSD,0.01995262314968881,0.002,2000000,247,-0.5796875,1.340625,completed,-10.831739043492925,11.385080257411241,6.350825972875768e+37,1.1049199801279412e+37,7.324651017342652e+38,1,state_safeguard,U,state_safeguard,source_norm2_gt_5,raw_state_verified,run.py:numpy-batch
HiSD,0.01995262314968881,0.002,2000000,248,-0.5703125,1.340625,completed,-11.318882968269975,11.69733992828462,4.433441561095053e+40,7.441659376664755e+39,5.3059613411332474e+41,1,state_safeguard,U,state_safeguard,source_norm2_gt_5,raw_state_verified,run.py:numpy-batch
HiSD,0.01995262314968881,0.002,2000000,249,-0.5609375000000001,1.340625,completed,-11.811922410174466,11.979577313610122,3.309592592687807e+43,5.367412378761124e+42,4.102020103569875e+44,1,state_safeguard,U,state_safeguard,source_norm2_gt_5,raw_state_verified,run.py:numpy-batch
HiSD,0.01995262314968881,0.002,2000000,250,-0.5515625000000001,1.340625,completed,-12.312840090740105,12.226668313189982,2.5711024100329936e+46,4.032609105190673e+45,3.2945086375302653e+47,1,state_safeguard,U,state_safeguard,source_norm2_gt_5,raw_state_verified,run.py:numpy-batch
HiSD,0.01995262314968881,0.002,2000000,251,-0.5421875,1.340625,completed,-12.824427285058976,12.432275383031449,2.0357818717009344e+49,3.0887793294013594e+48,2.6930502225345555e+50,1,state_safeguard,U,state_safeguard,source_norm2_gt_5,raw_state_verified,run.py:numpy-batch
HiSD,0.01995262314968881,0.002,2000000,252,-0.5328125000000001,1.340625,completed,-13.350513888352511,12.588343318991349,1.627097556549381e+52,2.3863794805744216e+51,2.2200349030861535e+53,1,state_safeguard,U,state_safeguard,source_norm2_gt_5,raw_state_verified,run.py:numpy-batch
HiSD,0.01995262314968881,0.002,2000000,253,-0.5234375,1.340625,completed,-13.896272414808175,12.684336032439031,1.324861049466303e+55,1.8742049343109206e+54,1.8638828984681078e+56,1,state_safeguard,U,state_safeguard,source_norm2_gt_5,raw_state_verified,run.py:numpy-batch
HiSD,0.01995262314968881,0.002,2000000,254,-0.5140625000000001,1.340625,completed,-14.46861550652826,12.70605323417414,1.1450249568640672e+58,1.5555838600724913e+57,1.6620335980624534e+59,1,state_safeguard,U,state_safeguard,source_norm2_gt_5,raw_state_verified,run.py:numpy-batch
HiSD,0.01995262314968881,0.002,2000000,255,-0.5046875000000001,1.340625,completed,-15.076698023626838,12.633746274296772,1.1553253225020945e+61,1.495926318720079e+60,1.733745866189042e+62,1,state_safeguard,U,state_safeguard,source_norm2_gt_5,raw_state_verified,run.py:numpy-batch
HiSD,0.01995262314968881,0.002,2000000,264,-0.7203125,1.359375,completed,-3.145282746433071,4.571300893706509,109106.6105848055,48315.0204730926,449576.9212786931,1,state_safeguard,U,state_safeguard,source_norm2_gt_5,raw_state_verified,run.py:numpy-batch
HiSD,0.01995262314968881,0.002,2000000,265,-0.7109375,1.359375,completed,-3.5275536766543483,5.014216607830434,1004793.8909596038,398734.4627428004,4537868.666323923,1,state_safeguard,U,state_safeguard,source_norm2_gt_5,raw_state_verified,run.py:numpy-batch
HiSD,0.01995262314968881,0.002,2000000,266,-0.7015625000000001,1.359375,completed,-3.921813838990073,5.463005839622767,12646628.833711682,4648744.3862185115,62455486.96698244,1,state_safeguard,U,state_safeguard,source_norm2_gt_5,raw_state_verified,run.py:numpy-batch
HiSD,0.01995262314968881,0.002,2000000,267,-0.6921875000000001,1.359375,completed,-4.327140863261661,5.916554169568809,219542104.28872567,74865058.17333503,1180405096.8536282,1,state_safeguard,U,state_safeguard,source_norm2_gt_5,raw_state_verified,run.py:numpy-batch
HiSD,0.01995262314968881,0.002,2000000,268,-0.6828125,1.359375,completed,-4.742593251122528,6.373665296998407,5300232838.437926,1682684637.2592733,30886985341.07967,1,state_safeguard,U,state_safeguard,source_norm2_gt_5,raw_state_verified,run.py:numpy-batch
HiSD,0.01995262314968881,0.002,2000000,269,-0.6734375,1.359375,completed,-5.167218353021576,6.833062806699227,178803876863.366,53037605330.33918,1124364578074.5732,1,state_safeguard,U,state_safeguard,source_norm2_gt_5,raw_state_verified,run.py:numpy-batch
HiSD,0.01995262314968881,0.002,2000000,270,-0.6640625,1.359375,completed,-5.600061946851741,7.29339118978892,8439676408340.007,2347253411613.6016,57023720713870.99,1,state_safeguard,U,state_safeguard,source_norm2_gt_5,raw_state_verified,run.py:numpy-batch
HiSD,0.01995262314968881,0.002,2000000,271,-0.6546875000000001,1.359375,completed,-6.040179515846511,7.753215840305826,556055040006849.7,145500543577873.3,4020519053546679.0,1,state_safeguard,U,state_safeguard,source_norm2_gt_5,raw_state_verified,run.py:numpy-batch
HiSD,0.01995262314968881,0.002,2000000,272,-0.6453125000000001,1.359375,completed,-6.486649388907291,8.211021663360933,5.082664698811313e+16,1.2554086911673656e+16,3.917559729258792e+17,1,state_safeguard,U,state_safeguard,source_norm2_gt_5,raw_state_verified,run.py:numpy-batch
HiSD,0.01995262314968881,0.002,2000000,273,-0.6359375,1.359375,completed,-6.938587988350259,8.66520981717111,6.381416167321437e+18,1.4925801578130627e+18,5.2241438840279515e+19,1,state_safeguard,U,state_safeguard,source_norm2_gt_5,raw_state_verified,run.py:numpy-batch
HiSD,0.01995262314968881,0.002,2000000,274,-0.6265625,1.359375,completed,-7.395167535828039,9.114091957625853,1.0853996140847395e+21,2.411367482344639e+20,9.405028394092181e+21,1,state_safeguard,U,state_safeguard,source_norm2_gt_5,raw_state_verified,run.py:numpy-batch
HiSD,0.01995262314968881,0.002,2000000,275,-0.6171875,1.359375,completed,-7.855636706259212,9.555881143178619,2.4572448821060764e+23,5.200550213105422e+22,2.2463039121355244e+24,1,state_safeguard,U,state_safeguard,source_norm2_gt_5,raw_state_verified,run.py:numpy-batch
HiSD,0.01995262314968881,0.002,2000000,276,-0.6078125000000001,1.359375,completed,-8.319344907254429,9.988678262319135,7.248107406005874e+25,1.4654679014339562e+25,6.968581976839468e+26,1,state_safeguard,U,state_safeguard,source_norm2_gt_5,raw_state_verified,run.py:numpy-batch
HiSD,0.01995262314968881,0.002,2000000,277,-0.5984375000000001,1.359375,completed,-8.785771116719134,10.410452426370274,2.7171948394402287e+28,5.262575486392625e+27,2.739414385417574e+29,1,state_safeguard,U,state_safeguard,source_norm2_gt_5,raw_state_verified,run.py:numpy-batch
HiSD,0.01995262314968881,0.002,2000000,278,-0.5890625,1.359375,completed,-9.254558562682067,10.819013165117793,1.2587094882964202e+31,2.341293008308127e+30,1.3269656811982722e+32,1,state_safeguard,U,state_safeguard,source_norm2_gt_5,raw_state_verified,run.py:numpy-batch
HiSD,0.01995262314968881,0.002,2000000,279,-0.5796875,1.359375,completed,-9.725557019802741,11.21197137400727,6.985046464971298e+33,1.2509201248965603e+33,7.679622453502498e+34,1,state_safeguard,U,state_safeguard,source_norm2_gt_5,raw_state_verified,run.py:numpy-batch
HiSD,0.01995262314968881,0.002,2000000,280,-0.5703125,1.359375,completed,-10.198875186458766,11.586684635988318,4.490878712646548e+36,7.76149314068258e+35,5.1361120713569015e+37,1,state_safeguard,U,state_safeguard,source_norm2_gt_5,raw_state_verified,run.py:numpy-batch
HiSD,0.01995262314968881,0.002,2000000,281,-0.5609375000000001,1.359375,completed,-10.674946585465223,11.940180527254785,3.229334085661469e+39,5.3981160775639414e+38,3.8326759090311475e+40,1,state_safeguard,U,state_safeguard,source_norm2_gt_5,raw_state_verified,run.py:numpy-batch
HiSD,0.01995262314968881,0.002,2000000,282,-0.5515625000000001,1.359375,completed,-11.154613834558003,12.269048396639525,2.5049868230716806e+42,4.058211934210187e+41,3.0781805798262733e+43,1,state_safeguard,U,state_safeguard,source_norm2_gt_5,raw_state_verified,run.py:numpy-batch
HiSD,0.01995262314968881,0.002,2000000,283,-0.5421875,1.359375,completed,-11.63923815492103,12.569285176411865,2.0220789229683244e+45,3.1806103372544477e+44,2.567246064647598e+46,1,state_safeguard,U,state_safeguard,source_norm2_gt_5,raw_state_verified,run.py:numpy-batch
HiSD,0.01995262314968881,0.002,2000000,284,-0.5328125000000001,1.359375,completed,-12.130843909140328,12.836072807173078,1.641758303712361e+48,2.5109932113591257e+47,2.1494250338386782e+49,1,state_safeguard,U,state_safeguard,source_norm2_gt_5,raw_state_verified,run.py:numpy-batch
HiSD,0.01995262314968881,0.002,2000000,285,-0.5234375,1.359375,completed,-12.632312170364836,13.063451644545776,1.3016181852588119e+51,1.9376578702689907e+50,1.754322898694997e+52,1,state_safeguard,U,state_safeguard,source_norm2_gt_5,raw_state_verified,run.py:numpy-batch
HiSD,0.01995262314968881,0.002,2000000,286,-0.5140625000000001,1.359375,completed,-13.147643285037597,13.243831730796172,9.86548410661177e+53,1.4298443146890188e+53,1.3670165235756303e+55,1,state_safeguard,U,state_safeguard,source_norm2_gt_5,raw_state_verified,run.py:numpy-batch
HiSD,0.01995262314968881,0.002,2000000,287,-0.5046875000000001,1.359375,completed,-13.682316446301838,13.367244443307529,7.1039689243127775e+56,1.0015723291377604e+56,1.0111567861520814e+58,1,state_safeguard,U,state_safeguard,source_norm2_gt_5,raw_state_verified,run.py:numpy-batch
HiSD,0.01995262314968881,0.002,2000000,297,-0.7109375,1.378125,completed,-2.6190410242016484,4.507717326687158,67207.9937983651,22977.78071306944,289451.94140599604,1,state_safeguard,U,state_safeguard,source_norm2_gt_5,raw_state_verified,run.py:numpy-batch
HiSD,0.01995262314968881,0.002,2000000,298,-0.7015625000000001,1.378125,completed,-2.9940669585146598,4.951984233045121,523353.5707010149,180909.52397959083,2436009.0497014155,1,state_safeguard,U,state_safeguard,source_norm2_gt_5,raw_state_verified,run.py:numpy-batch
HiSD,0.01995262314968881,0.002,2000000,299,-0.6921875000000001,1.378125,completed,-3.381315016919788,5.40339493323353,5524040.93856969,1796623.7726535026,27874719.694366295,1,state_safeguard,U,state_safeguard,source_norm2_gt_5,raw_state_verified,run.py:numpy-batch
HiSD,0.01995262314968881,0.002,2000000,300,-0.6828125,1.378125,completed,-3.7798825256778583,5.860905661458819,80514466.73716114,24763495.043653473,439365851.79858255,1,state_safeguard,U,state_safeguard,source_norm2_gt_5,raw_state_verified,run.py:numpy-batch
HiSD,0.01995262314968881,0.002,2000000,301,-0.6734375,1.378125,completed,-4.188836834003977,6.323392090084368,1635710572.5663574,475543938.96335053,9626470185.190317,1,state_safeguard,U,state_safeguard,source_norm2_gt_5,raw_state_verified,run.py:numpy-batch
HiSD,0.01995262314968881,0.002,2000000,302,-0.6640625,1.378125,completed,-4.607222377550928,6.789652116875949,46639875948.72186,12824396432.933544,295104424853.5928,1,state_safeguard,U,state_safeguard,source_norm2_gt_5,raw_state_verified,run.py:numpy-batch
HiSD,0.01995262314968881,0.002,2000000,303,-0.6546875000000001,1.378125,completed,-5.034069180857337,7.25840818040623,1873192789594.8315,487711814287.0524,12701163709296.604,1,state_safeguard,U,state_safeguard,source_norm2_gt_5,raw_state_verified,run.py:numpy-batch
HiSD,0.01995262314968881,0.002,2000000,304,-0.6453125000000001,1.378125,completed,-5.468402855042653,7.728308913323383,105975089772676.33,26167499696838.566,767495726991881.6,1,state_safeguard,U,state_safeguard,source_norm2_gt_5,raw_state_verified,run.py:numpy-batch
HiSD,0.01995262314968881,0.002,2000000,305,-0.6359375,1.378125,completed,-5.909256200883336,8.197929879781608,8414460529634928.0,1974029746651812.8,6.487701683553112e+16,1,state_safeguard,U,state_safeguard,source_norm2_gt_5,raw_state_verified,run.py:numpy-batch
HiSD,0.01995262314968881,0.002,2000000,306,-0.6265625,1.378125,completed,-6.355682590044151,8.665773064445684,9.306304029719497e+17,2.078457823506425e+17,7.614568422628815e+18,1,state_safeguard,U,state_safeguard,source_norm2_gt_5,raw_state_verified,run.py:numpy-batch
HiSD,0.01995262314968881,0.002,2000000,307,-0.6171875,1.378125,completed,-6.806771381393245,9.130264673292608,1.4173240978508998e+20,3.0198599453768876e+19,1.2268473753525504e+21,1,state_safeguard,U,state_safeguard,source_norm2_gt_5,raw_state_verified,run.py:numpy-batch
HiSD,0.01995262314968881,0.002,2000000,308,-0.6078125000000001,1.378125,completed,-7.261665735540836,9.58975066507622,2.9267599168852724e+22,5.962200390835859e+21,2.672111522028922e+23,1,state_safeguard,U,state_safeguard,source_norm2_gt_5,raw_state_verified,run.py:numpy-batch
HiSD,0.01995262314968881,0.002,2000000,309,-0.5984375000000001,1.378125,completed,-7.71958333565039,10.042489235840991,8.037138308962512e+24,1.5688788671422277e+24,7.7170612689134875e+25,1,state_safeguard,U,state_safeguard,source_norm2_gt_5,raw_state_verified,run.py:numpy-batch
HiSD,0.01995262314968881,0.002,2000000,310,-0.5890625,1.378125,completed,-8.179840719665322,10.486639203614077,2.867527439509795e+27,5.375767835941874e+26,2.8874967660984653e+28,1,state_safeguard,U,state_safeguard,source_norm2_gt_5,raw_state_verified,run.py:numpy-batch
HiSD,0.01995262314968881,0.002,2000000,311,-0.5796875,1.378125,completed,-8.641882199719937,10.920242849086634,1.293878080984181e+30,2.3348091494008096e+29,1.3626771832025305e+31,1,state_safeguard,U,state_safeguard,source_norm2_gt_5,raw_state_verified,run.py:numpy-batch
HiSD,0.01995262314968881,0.002,2000000,312,-0.5703125,1.378125,completed,-9.105314723745057,11.341201199825312,7.162034094213868e+32,1.2468059071626873e+32,7.868354372213314e+33,1,state_safeguard,U,state_safeguard,source_norm2_gt_5,raw_state_verified,run.py:numpy-batch
HiSD,0.01995262314968881,0.002,2000000,313,-0.5609375000000001,1.378125,completed,-9.56995057093616,11.747238907123448,4.7025608912806246e+35,7.915455222990132e+34,5.375638007008168e+36,1,state_safeguard,U,state_safeguard,source_norm2_gt_5,raw_state_verified,run.py:numpy-batch
HiSD,0.01995262314968881,0.002,2000000,314,-0.5515625000000001,1.378125,completed,-10.035860538713955,12.135854607807714,3.5316242892939425e+38,5.760503637140155e+37,4.190393372716512e+39,1,state_safeguard,U,state_safeguard,source_norm2_gt_5,raw_state_verified,run.py:numpy-batch
HiSD,0.01995262314968881,0.002,2000000,315,-0.5421875,1.378125,completed,-10.503441391392757,12.504250738403925,2.918442526452978e+41,4.623087248143882e+40,3.585822309729884e+42,1,state_safeguard,U,state_safeguard,source_norm2_gt_5,raw_state_verified,run.py:numpy-batch
HiSD,0.01995262314968881,0.002,2000000,316,-0.5328125000000001,1.378125,completed,-10.973502970412342,12.849233766444438,2.5489008320245903e+44,3.9296609601270964e+43,3.235620367088611e+45,1,state_safeguard,U,state_safeguard,source_norm2_gt_5,raw_state_verified,run.py:numpy-batch
HiSD,0.01995262314968881,0.002,2000000,317,-0.5234375,1.378125,completed,-11.447382787206282,13.167071011123625,2.2581429098750885e+47,3.395168435266139e+46,2.955109847815531e+48,1,state_safeguard,U,state_safeguard,source_norm2_gt_5,raw_state_verified,run.py:numpy-batch
HiSD,0.01995262314968881,0.002,2000000,318,-0.5140625000000001,1.378125,completed,-11.927099553066407,13.453282394330458,1.9487460091840556e+50,2.862818701966738e+49,2.6235832567944424e+51,1,state_safeguard,U,state_safeguard,source_norm2_gt_5,raw_state_verified,run.py:numpy-batch
HiSD,0.01995262314968881,0.002,2000000,319,-0.5046875000000001,1.378125,completed,-12.41556260349578,13.702332323418043,1.577046617064976e+53,2.2673732791358566e+52,2.180050287572787e+54,1,state_safeguard,U,state_safeguard,source_norm2_gt_5,raw_state_verified,run.py:numpy-batch
HiSD,0.01995262314968881,0.002,2000000,331,-0.6921875000000001,1.3968749999999999,completed,-2.472549170810458,4.903091159733887,426988.23057139193,121202.55094120672,2099465.723555104,1,state_safeguard,U,state_safeguard,source_norm2_gt_5,raw_state_verified,run.py:numpy-batch
HiSD,0.01995262314968881,0.002,2000000,332,-0.6828125,1.3968749999999999,completed,-2.8521550506973465,5.3546623799459825,3801001.539862985,1053205.7196600598,20030086.644783825,1,state_safeguard,U,state_safeguard,source_norm2_gt_5,raw_state_verified,run.py:numpy-batch
HiSD,0.01995262314968881,0.002,2000000,333,-0.6734375,1.3968749999999999,completed,-3.2432893890081833,5.813643394174652,46626840.22997801,12468759.418037422,263453398.36774224,1,state_safeguard,U,state_safeguard,source_norm2_gt_5,raw_state_verified,run.py:numpy-batch
HiSD,0.01995262314968881,0.002,2000000,334,-0.6640625,1.3968749999999999,completed,-3.6450425078131206,6.278972261697627,797948261.1452472,205300875.49700767,4828656319.121868,1,state_safeguard,U,state_safeguard,source_norm2_gt_5,raw_state_verified,run.py:numpy-batch
HiSD,0.01995262314968881,0.002,2000000,335,-0.6546875000000001,1.3968749999999999,completed,-4.0564701207341205,6.749511191320188,19219787599.213207,4747005811.817584,124353369257.7477,1,state_safeguard,U,state_safeguard,source_norm2_gt_5,raw_state_verified,run.py:numpy-batch
HiSD,0.01995262314968881,0.002,2000000,336,-0.6453125000000001,1.3968749999999999,completed,-4.476601014919536,7.2240496588342955,655371919348.5774,155185771848.52945,4524335013609.084,1,state_safeguard,U,state_safeguard,source_norm2_gt_5,raw_state_verified,run.py:numpy-batch
HiSD,0.01995262314968881,0.002,2000000,337,-0.6359375,1.3968749999999999,completed,-4.904446026944895,7.701307150501267,31714844793324.344,7196042866653.194,233065472330837.94,1,state_safeguard,U,state_safeguard,source_norm2_gt_5,raw_state_verified,run.py:numpy-batch
HiSD,0.01995262314968881,0.002,2000000,338,-0.6265625,1.3968749999999999,completed,-5.339008384113551,8.179935358318337,2175585970889726.5,473052409895762.3,1.6977135158223912e+16,1,state_safeguard,U,state_safeguard,source_norm2_gt_5,raw_state_verified,run.py:numpy-batch
HiSD,0.01995262314968881,0.002,2000000,339,-0.6171875,1.3968749999999999,completed,-5.779295530362017,8.658519596136525,2.1051331439611824e+17,4.388845570774581e+16,1.739921655449783e+18,1,state_safeguard,U,state_safeguard,source_norm2_gt_5,raw_state_verified,run.py:numpy-batch
HiSD,0.01995262314968881,0.002,2000000,340,-0.6078125000000001,1.3968749999999999,completed,-6.224332617346368,9.135579132897371,2.8477878868406678e+19,5.697792867500432e+18,2.4865363908884208e+20,1,state_safeguard,U,state_safeguard,source_norm2_gt_5,raw_state_verified,run.py:numpy-batch
HiSD,0.01995262314968881,0.002,2000000,341,-0.5984375000000001,1.3968749999999999,completed,-6.673177921854625,9.609566043265547,5.316678450016049e+21,1.0220624290677445e+21,4.891474515334733e+22,1,state_safeguard,U,state_safeguard,source_norm2_gt_5,raw_state_verified,run.py:numpy-batch
HiSD,0.01995262314968881,0.002,2000000,342,-0.5890625,1.3968749999999999,completed,-7.124940557068167,10.078862047414344,1.346750883346675e+24,2.4909457429765302e+23,1.302216731908426e+25,1,state_safeguard,U,state_safeguard,source_norm2_gt_5,raw_state_verified,run.py:numpy-batch
HiSD,0.01995262314968881,0.002,2000000,343,-0.5796875,1.3968749999999999,completed,-7.578800991769575,10.541772633163065,4.5320662997389125e+26,8.077691577644841e+25,4.5939691617758865e+27,1,state_safeguard,U,state_safeguard,source_norm2_gt_5,raw_state_verified,run.py:numpy-batch
HiSD,0.01995262314968881,0.002,2000000,344,-0.5703125,1.3968749999999999,completed,-8.03403509145042,10.996517504319115,1.976002423076326e+29,3.399567848686511e+28,2.0945575055770973e+30,1,state_safeguard,U,state_safeguard,source_norm2_gt_5,raw_state_verified,run.py:numpy-batch
HiSD,0.01995262314968881,0.002,2000000,345,-0.5609375000000001,1.3968749999999999,completed,-8.4900426777275,11.441216039704228,1.084454012629795e+32,1.8041395080796117e+31,1.1991278114436893e+33,1,state_safeguard,U,state_safeguard,source_norm2_gt_5,raw_state_verified,run.py:numpy-batch
HiSD,0.01995262314968881,0.002,2000000,346,-0.5515625000000001,1.3968749999999999,completed,-8.946381996934091,11.8738659277709,7.251535103593905e+34,1.1687662236845294e+34,8.34429962241913e+35,1,state_safeguard,U,state_safeguard,source_norm2_gt_5,raw_state_verified,run.py:numpy-batch
HiSD,0.01995262314968881,0.002,2000000,347,-0.5421875,1.3968749999999999,completed,-9.402812059172652,12.292312367405799,5.699364651463098e+37,8.916855816864658e+36,6.80874476837707e+38,1,state_safeguard,U,state_safeguard,source_norm2_gt_5,raw_state_verified,run.py:numpy-batch
HiSD,0.01995262314968881,0.002,2000000,348,-0.5328125000000001,1.3968749999999999,completed,-9.859345632877389,12.694204059941704,5.063341367285973e+40,7.705268152814523e+39,6.265440111015807e+41,1,state_safeguard,U,state_safeguard,source_norm2_gt_5,raw_state_verified,run.py:numpy-batch
HiSD,0.01995262314968881,0.002,2000000,349,-0.5234375,1.3968749999999999,completed,-10.316316896093484,13.076930420574152,4.876618550616597e+43,7.23331656074825e+42,6.236156602759607e+44,1,state_safeguard,U,state_safeguard,source_norm2_gt_5,raw_state_verified,run.py:numpy-batch
HiSD,0.01995262314968881,0.002,2000000,350,-0.5140625000000001,1.3968749999999999,completed,-10.774469562848125,13.437531612939582,4.872541717451599e+46,7.059378017471605e+45,6.424866605612411e+47,1,state_safeguard,U,state_safeguard,source_norm2_gt_5,raw_state_verified,run.py:numpy-batch
HiSD,0.01995262314968881,0.002,2000000,351,-0.5046875000000001,1.3968749999999999,completed,-11.235074065266232,13.772568464135505,4.825371892428637e+49,6.843411960256344e+48,6.546256449441419e+50,1,state_safeguard,U,state_safeguard,source_norm2_gt_5,raw_state_verified,run.py:numpy-batch
HiSD,0.01995262314968881,0.002,2000000,364,-0.6828125,1.415625,completed,-1.9663224351573472,4.871859439918522,544542.2575639549,126503.34752066615,2868961.5374219893,1,state_safeguard,U,state_safeguard,source_norm2_gt_5,raw_state_verified,run.py:numpy-batch
HiSD,0.01995262314968881,0.002,2000000,365,-0.6734375,1.415625,completed,-2.3376144122461726,5.321073587449992,4112956.760006618,952698.5499506806,23005459.786738858,1,state_safeguard,U,state_safeguard,source_norm2_gt_5,raw_state_verified,run.py:numpy-batch
HiSD,0.01995262314968881,0.002,2000000,366,-0.6640625,1.415625,completed,-2.7205931725910317,5.778999008545677,42725319.183199905,9727934.67196713,253887443.89079717,1,state_safeguard,U,state_safeguard,source_norm2_gt_5,raw_state_verified,run.py:numpy-batch
HiSD,0.01995262314968881,0.002,2000000,367,-0.6546875000000001,1.415625,completed,-3.114385863893367,6.244624534357776,618444094.8944402,137747383.83227515,3905323046.9211445,1,state_safeguard,U,state_safeguard,source_norm2_gt_5,raw_state_verified,run.py:numpy-batch
HiSD,0.01995262314968881,0.002,2000000,368,-0.6453125000000001,1.415625,completed,-3.518073240077204,6.716865563203092,12610884716.859837,2736503424.9848247,84589688563.01189,1,state_safeguard,U,state_safeguard,source_norm2_gt_5,raw_state_verified,run.py:numpy-batch
HiSD,0.01995262314968881,0.002,2000000,369,-0.6359375,1.415625,completed,-3.9306968012020986,7.194567455819984,365184449775.074,76962661601.38544,2599511579920.8994,1,state_safeguard,U,state_safeguard,source_norm2_gt_5,raw_state_verified,run.py:numpy-batch
HiSD,0.01995262314968881,0.002,2000000,370,-0.6265625,1.415625,completed,-4.351267015747722,7.676508817410161,15090962956258.025,3081924165210.382,113848093498879.73,1,state_safeguard,U,state_safeguard,source_norm2_gt_5,raw_state_verified,run.py:numpy-batch
HiSD,0.01995262314968881,0.002,2000000,371,-0.6171875,1.415625,completed,-4.778772675275153,8.16140454234323,891200839925677.6,176101119419062.62,7113928657033607.0,1,state_safeguard,U,state_safeguard,source_norm2_gt_5,raw_state_verified,run.py:numpy-batch
HiSD,0.01995262314968881,0.002,2000000,372,-0.6078125000000001,1.415625,completed,-5.212191464841041,8.647908457449416,7.504113679053958e+16,1.433461980868396e+16,6.326504835175265e+17,1,state_safeguard,U,state_safeguard,source_norm2_gt_5,raw_state_verified,run.py:numpy-batch
HiSD,0.01995262314968881,0.002,2000000,373,-0.5984375000000001,1.415625,completed,-5.650501874384419,9.134615351058821,8.953882964276006e+18,1.6528949525822702e+18,7.956993589568042e+19,1,state_safeguard,U,state_safeguard,source_norm2_gt_5,raw_state_verified,run.py:numpy-batch
HiSD,0.01995262314968881,0.002,2000000,374,-0.5890625,1.415625,completed,-6.092696632641712,9.620062111856797,1.4985981697875184e+21,2.6736272014953995e+20,1.4008663543224839e+22,1,state_safeguard,U,state_safeguard,source_norm2_gt_5,raw_state_verified,run.py:numpy-batch
HiSD,0.01995262314968881,0.002,2000000,375,-0.5796875,1.415625,completed,-6.5377979211370505,10.102727618076708,3.4682205693629464e+23,5.982645338054519e+22,3.403035754501474e+24,1,state_safeguard,U,state_safeguard,source_norm2_gt_5,raw_state_verified,run.py:numpy-batch
HiSD,0.01995262314968881,0.002,2000000,376,-0.5703125,1.415625,completed,-6.98487472836127,10.581030905055712,1.0895805562746818e+26,1.8185819602311627e+25,1.1197644895847193e+27,1,state_safeguard,U,state_safeguard,source_norm2_gt_5,raw_state_verified,run.py:numpy-batch
HiSD,0.01995262314968881,0.002,2000000,377,-0.5609375000000001,1.415625,completed,-7.433062848542981,11.053326981581328,4.542888485912277e+28,7.343683874944453e+27,4.879316474495522e+29,1,state_safeguard,U,state_safeguard,source_norm2_gt_5,raw_state_verified,run.py:numpy-batch
HiSD,0.01995262314968881,0.002,2000000,378,-0.5515625000000001,1.415625,completed,-7.881588226712695,11.517899445749661,2.447653305388514e+31,3.836630373896331e+30,2.7414889135332926e+32,1,state_safeguard,U,state_safeguard,source_norm2_gt_5,raw_state_verified,run.py:numpy-batch
HiSD,0.01995262314968881,0.002,2000000,379,-0.5421875,1.415625,completed,-8.329794635007545,11.972948732066145,1.652819222462277e+34,2.5155275768075072e+33,1.926296516012735e+35,1,state_safeguard,U,state_safeguard,source_norm2_gt_5,raw_state_verified,run.py:numpy-batch
HiSD,0.01995262314968881,0.002,2000000,380,-0.5328125000000001,1.415625,completed,-8.777177065985677,12.41657435764697,1.3515415540469834e+37,2.000271072127144e+36,1.6354716077753085e+38,1,state_safeguard,U,state_safeguard,source_norm2_gt_5,raw_state_verified,run.py:numpy-batch
HiSD,0.01995262314968881,0.002,2000000,381,-0.5234375,1.415625,completed,-9.223422811896992,12.846748842648516,1.2884864818950835e+40,1.8574088190036416e+39,1.6153532036312211e+41,1,state_safeguard,U,state_safeguard,source_norm2_gt_5,raw_state_verified,run.py:numpy-batch
HiSD,0.01995262314968881,0.002,2000000,382,-0.5140625000000001,1.415625,completed,-9.66846305505316,13.261279929254503,1.3741863653825796e+43,1.9329061730577346e+42,1.7810188287069746e+44,1,state_safeguard,U,state_safeguard,source_norm2_gt_5,raw_state_verified,run.py:numpy-batch
HiSD,0.01995262314968881,0.002,2000000,383,-0.5046875000000001,1.415625,completed,-10.112539073960933,13.657756095343718,1.5684330419419226e+46,2.156718177481865e+45,2.0969447233783996e+47,1,state_safeguard,U,state_safeguard,source_norm2_gt_5,raw_state_verified,run.py:numpy-batch
HiSD,0.01995262314968881,0.002,2000000,397,-0.6734375,1.434375,completed,-1.4791143861859957,4.862658952182594,1071884.392876125,210889.33452180334,6115117.696851769,1,state_safeguard,U,state_safeguard,source_norm2_gt_5,raw_state_verified,run.py:numpy-batch
HiSD,0.01995262314968881,0.002,2000000,398,-0.6640625,1.434375,completed,-1.8413485374543768,5.306909030304599,6952868.98212098,1345907.68121701,41705759.381920844,1,state_safeguard,U,state_safeguard,source_norm2_gt_5,raw_state_verified,run.py:numpy-batch
HiSD,0.01995262314968881,0.002,2000000,399,-0.6546875000000001,1.434375,completed,-2.2153749683894866,5.761191497265851,61713903.74170675,11905731.720077468,389900727.9040369,1,state_safeguard,U,state_safeguard,source_norm2_gt_5,raw_state_verified,run.py:numpy-batch
HiSD,0.01995262314968881,0.002,2000000,400,-0.6453125000000001,1.434375,completed,-2.600370583340864,6.224530755357232,760953839.406986,145436113.42988926,5069448334.806194,1,state_safeguard,U,state_safeguard,source_norm2_gt_5,raw_state_verified,run.py:numpy-batch
HiSD,0.01995262314968881,0.002,2000000,401,-0.6359375,1.434375,completed,-2.9954539571860783,6.695881797197136,13203016065.620052,2489000275.532555,92797753290.00519,1,state_safeguard,U,state_safeguard,source_norm2_gt_5,raw_state_verified,run.py:numpy-batch
HiSD,0.01995262314968881,0.002,2000000,402,-0.6265625,1.434375,completed,-3.399692215822517,7.174133241167813,325662232917.1715,60318624545.24479,2414861896891.3345,1,state_safeguard,U,state_safeguard,source_norm2_gt_5,raw_state_verified,run.py:numpy-batch
HiSD,0.01995262314968881,0.002,2000000,403,-0.6171875,1.434375,completed,-3.8121087669894287,7.658110544273135,11502416392163.842,2086328243066.1064,89945362397738.52,1,state_safeguard,U,state_safeguard,source_norm2_gt_5,raw_state_verified,run.py:numpy-batch
HiSD,0.01995262314968881,0.002,2000000,404,-0.6078125000000001,1.434375,completed,-4.231691929304108,8.14657928419401,584066353284699.6,103473642531490.22,4812401742773834.0,1,state_safeguard,U,state_safeguard,source_norm2_gt_5,raw_state_verified,run.py:numpy-batch
HiSD,0.01995262314968881,0.002,2000000,405,-0.5984375000000001,1.434375,completed,-4.657404523661607,8.638248379678434,4.2654963669242904e+16,7366284885557792.0,3.699112775095839e+17,1,state_safeguard,U,state_safeguard,source_norm2_gt_5,raw_state_verified,run.py:numpy-batch
HiSD,0.01995262314968881,0.002,2000000,406,-0.5890625,1.434375,completed,-5.088194516921631,9.131773088443316,4.4653382132627057e+18,7.506366207829088e+17,4.070331291028998e+19,1,state_safeguard,U,state_safeguard,source_norm2_gt_5,raw_state_verified,run.py:numpy-batch
HiSD,0.01995262314968881,0.002,2000000,407,-0.5796875,1.434375,completed,-5.523006841886382,9.625757583929524,6.651836328283756e+20,1.087469500026534e+20,6.363665116920455e+21,1,state_safeguard,U,state_safeguard,source_norm2_gt_5,raw_state_verified,run.py:numpy-batch
HiSD,0.01995262314968881,0.002,2000000,408,-0.5703125,1.434375,completed,-5.9607965681799415,10.11875686062013,1.3940599773623692e+23,2.215391822095015e+22,1.39740772325838e+24,1,state_safeguard,U,state_safeguard,source_norm2_gt_5,raw_state_verified,run.py:numpy-batch
HiSD,0.01995262314968881,0.002,2000000,409,-0.5609375000000001,1.434375,completed,-6.400543666142674,10.609277649609892,4.046834409500097e+25,6.25078651621014e+24,4.243029453937857e+26,1,state_safeguard,U,state_safeguard,source_norm2_gt_5,raw_state_verified,run.py:numpy-batch
HiSD,0.01995262314968881,0.002,2000000,410,-0.5515625000000001,1.434375,completed,-6.841269703247063,11.095777930887019,1.5953801927422062e+28,2.3956870149837763e+27,1.7464483413721875e+29,1,state_safeguard,U,state_safeguard,source_norm2_gt_5,raw_state_verified,run.py:numpy-batch
HiSD,0.01995262314968881,0.002,2000000,411,-0.5421875,1.434375,completed,-7.282056946531936,11.576664497196836,8.339460648681757e+30,1.2180562485544683e+30,9.513715356654892e+31,1,state_safeguard,U,state_safeguard,source_norm2_gt_5,raw_state_verified,run.py:numpy-batch
HiSD,0.01995262314968881,0.002,2000000,412,-0.5328125000000001,1.434375,completed,-7.722070534559288,12.050287837012883,5.620398149476216e+33,7.990633751738464e+32,6.66919897385071e+34,1,state_safeguard,U,state_safeguard,source_norm2_gt_5,raw_state_verified,run.py:numpy-batch
HiSD,0.01995262314968881,0.002,2000000,413,-0.5234375,1.434375,completed,-8.160584654505303,12.514933332691797,4.72988853666736e+36,6.5518370369997035e+35,5.82658500211072e+37,1,state_safeguard,U,state_safeguard,source_norm2_gt_5,raw_state_verified,run.py:numpy-batch
HiSD,0.01995262314968881,0.002,2000000,414,-0.5140625000000001,1.434375,completed,-8.597014051017485,12.968807371955362,4.7953673043606523e+39,6.479302927729068e+38,6.120613117161423e+40,1,state_safeguard,U,state_safeguard,source_norm2_gt_5,raw_state_verified,run.py:numpy-batch
HiSD,0.01995262314968881,0.002,2000000,415,-0.5046875000000001,1.434375,completed,-9.030952766770564,13.410016374498243,5.630160894236692e+42,7.430099099843979e+41,7.431034866288206e+43,1,state_safeguard,U,state_safeguard,source_norm2_gt_5,raw_state_verified,run.py:numpy-batch
HiSD,0.01995262314968881,0.002,2000000,431,-0.6546875000000001,1.453125,completed,-1.3674940737864025,5.316473145479065,18159875.816588882,2984557.330111166,117496812.5582764,1,state_safeguard,U,state_safeguard,source_norm2_gt_5,raw_state_verified,run.py:numpy-batch
HiSD,0.01995262314968881,0.002,2000000,432,-0.6453125000000001,1.453125,completed,-1.7316557973063298,5.764433882977339,139311804.0037568,22924956.23573926,942039456.6184981,1,state_safeguard,U,state_safeguard,source_norm2_gt_5,raw_state_verified,run.py:numpy-batch
HiSD,0.01995262314968881,0.002,2000000,433,-0.6359375,1.453125,completed,-2.106905802707214,6.22284174110679,1477412762.1435175,242856792.70690656,10459034599.927979,1,state_safeguard,U,state_safeguard,source_norm2_gt_5,raw_state_verified,run.py:numpy-batch
HiSD,0.01995262314968881,0.002,2000000,434,-0.6265625,1.453125,completed,-2.492411293284282,6.690673706122428,21980503879.055103,3595253024.626013,163099335598.44128,1,state_safeguard,U,state_safeguard,source_norm2_gt_5,raw_state_verified,run.py:numpy-batch
HiSD,0.01995262314968881,0.002,2000000,435,-0.6171875,1.453125,completed,-2.8872760858528745,7.166846224720247,464441222707.54767,75305564735.65909,3614711367195.922,1,state_safeguard,U,state_safeguard,source_norm2_gt_5,raw_state_verified,run.py:numpy-batch
HiSD,0.01995262314968881,0.002,2000000,436,-0.6078125000000001,1.453125,completed,-3.2905480697950398,7.650217600058564,14070790503552.572,2253689539770.8926,114894960849582.56,1,state_safeguard,U,state_safeguard,source_norm2_gt_5,raw_state_verified,run.py:numpy-batch
HiSD,0.01995262314968881,0.002,2000000,437,-0.5984375000000001,1.453125,completed,-3.7012273278775822,8.139590823818992,615178499348234.5,97030572837803.36,5269458503932563.0,1,state_safeguard,U,state_safeguard,source_norm2_gt_5,raw_state_verified,run.py:numpy-batch
HiSD,0.01995262314968881,0.002,2000000,438,-0.5890625,1.453125,completed,-4.1182749801636,8.633716705449043,3.893281305258908e+16,6031342681337005.0,3.496725661448932e+17,1,state_safeguard,U,state_safeguard,source_norm2_gt_5,raw_state_verified,run.py:numpy-batch
HiSD,0.01995262314968881,0.002,2000000,439,-0.5796875,1.453125,completed,-4.540622820890006,9.13129715126988,3.564723477478698e+18,5.412360943497275e+17,3.35452019714037e+19,1,state_safeguard,U,state_safeguard,source_norm2_gt_5,raw_state_verified,run.py:numpy-batch
HiSD,0.01995262314968881,0.002,2000000,440,-0.5703125,1.453125,completed,-4.967183835058861,9.63098842984012,4.7014203806298715e+20,6.984424781875137e+19,4.6309591721493565e+21,1,state_safeguard,U,state_safeguard,source_norm2_gt_5,raw_state_verified,run.py:numpy-batch
HiSD,0.01995262314968881,0.002,2000000,441,-0.5609375000000001,1.453125,completed,-5.396863708510516,10.131404234814696,8.856982711315424e+22,1.285871590965256e+22,9.121430498101838e+23,1,state_safeguard,U,state_safeguard,source_norm2_gt_5,raw_state_verified,run.py:numpy-batch
HiSD,0.01995262314968881,0.002,2000000,442,-0.5515625000000001,1.453125,completed,-5.828573486645958,10.631118319600134,2.3537951130037216e+25,3.3368301954190613e+24,2.5311310900359768e+26,1,state_safeguard,U,state_safeguard,source_norm2_gt_5,raw_state_verified,run.py:numpy-batch
HiSD,0.01995262314968881,0.002,2000000,443,-0.5421875,1.453125,completed,-6.26124359650983,11.128666425893837,8.678302547529744e+27,1.2007498437008974e+27,9.730430902527534e+28,1,state_safeguard,U,state_safeguard,source_norm2_gt_5,raw_state_verified,run.py:numpy-batch
HiSD,0.01995262314968881,0.002,2000000,444,-0.5328125000000001,1.453125,completed,-6.693839530524479,11.622547155343444,4.3473030830205985e+30,5.869839253759204e+29,5.074705528191706e+31,1,state_safeguard,U,state_safeguard,source_norm2_gt_5,raw_state_verified,run.py:numpy-batch
HiSD,0.01995262314968881,0.002,2000000,445,-0.5234375,1.453125,completed,-7.125379612377267,12.111221328279996,2.885716897750433e+33,3.8028262585424976e+32,3.501459849390295e+34,1,state_safeguard,U,state_safeguard,source_norm2_gt_5,raw_state_verified,run.py:numpy-batch
HiSD,0.01995262314968881,0.002,2000000,446,-0.5140625000000001,1.453125,completed,-7.554955436317886,12.593109224501475,2.4654399235725757e+36,3.172193860722929e+35,3.1044195242976676e+37,1,state_safeguard,U,state_safeguard,source_norm2_gt_5,raw_state_verified,run.py:numpy-batch
HiSD,0.01995262314968881,0.002,2000000,447,-0.5046875000000001,1.453125,completed,-7.981755819738472,13.066584882747284,2.6228885417965436e+39,3.2970143891590262e+38,3.4215469366997415e+40,1,state_safeguard,U,state_safeguard,source_norm2_gt_5,raw_state_verified,run.py:numpy-batch
HiSD,0.01995262314968881,0.002,2000000,464,-0.6453125000000001,1.4718749999999998,completed,-0.9208130778279324,5.354091102570852,72207009.4006404,10225539.329975473,505076235.0114682,1,state_safeguard,U,state_safeguard,source_norm2_gt_5,raw_state_verified,run.py:numpy-batch
HiSD,0.01995262314968881,0.002,2000000,465,-0.6359375,1.4718749999999998,completed,-1.2740186631383987,5.792928648414368,484973157.384158,69032255.75702538,3521624291.0526676,1,state_safeguard,U,state_safeguard,source_norm2_gt_5,raw_state_verified,run.py:numpy-batch
HiSD,0.01995262314968881,0.002,2000000,466,-0.6265625,1.4718749999999998,completed,-1.6384097401915407,6.243672492201035,4475055748.225481,638820944.0735712,33803152681.625874,1,state_safeguard,U,state_safeguard,source_norm2_gt_5,raw_state_verified,run.py:numpy-batch
HiSD,0.01995262314968881,0.002,2000000,467,-0.6171875,1.4718749999999998,completed,-2.0132092541779523,6.705298312585708,57662577702.79299,8233465240.502847,453822431937.3987,1,state_safeguard,U,state_safeguard,source_norm2_gt_5,raw_state_verified,run.py:numpy-batch
HiSD,0.01995262314968881,0.002,2000000,468,-0.6078125000000001,1.4718749999999998,completed,-2.397565562806813,7.176730737622787,1052301611717.2378,149834387654.59332,8639350842525.275,1,state_safeguard,U,state_safeguard,source_norm2_gt_5,raw_state_verified,run.py:numpy-batch
HiSD,0.01995262314968881,0.002,2000000,469,-0.5984375000000001,1.4718749999999998,completed,-2.7905597200143717,7.656843940238561,27515871635682.188,3894650517859.0684,235837753893982.06,1,state_safeguard,U,state_safeguard,source_norm2_gt_5,raw_state_verified,run.py:numpy-batch
HiSD,0.01995262314968881,0.002,2000000,470,-0.5890625,1.4718749999999998,completed,-3.191213204698112,8.144463178654052,1040002457541711.4,145885135471220.34,9309607436498100.0,1,state_safeguard,U,state_safeguard,source_norm2_gt_5,raw_state_verified,run.py:numpy-batch
HiSD,0.01995262314968881,0.002,2000000,471,-0.5796875,1.4718749999999998,completed,-3.5984961596215985,8.638367080011967,5.713931591039818e+16,7921134448352874.0,5.3423263873525504e+17,1,state_safeguard,U,state_safeguard,source_norm2_gt_5,raw_state_verified,run.py:numpy-batch
HiSD,0.01995262314968881,0.002,2000000,472,-0.5703125,1.4718749999999998,completed,-4.011336200519751,9.137290486465123,4.573372190167652e+18,6.250159706264082e+17,4.465116855913182e+19,1,state_safeguard,U,state_safeguard,source_norm2_gt_5,raw_state_verified,run.py:numpy-batch
HiSD,0.01995262314968881,0.002,2000000,473,-0.5609375000000001,1.4718749999999998,completed,-4.428627856747326,9.639927692625442,5.3247106087854375e+20,7.158775612224094e+19,5.426056308730429e+21,1,state_safeguard,U,state_safeguard,source_norm2_gt_5,raw_state_verified,run.py:numpy-batch
HiSD,0.01995262314968881,0.002,2000000,474,-0.5515625000000001,1.4718749999999998,completed,-4.849242714774756,10.144935902686065,8.969981915419458e+22,1.1843278961945508e+22,9.533847301606877e+23,1,state_safeguard,U,state_safeguard,source_norm2_gt_5,raw_state_verified,run.py:numpy-batch
HiSD,0.01995262314968881,0.002,2000000,475,-0.5421875,1.4718749999999998,completed,-5.272040355702169,10.650938724991875,2.165999790829961e+25,2.8046921361313934e+24,2.399054918896482e+26,1,state_safeguard,U,state_safeguard,source_norm2_gt_5,raw_state_verified,run.py:numpy-batch
HiSD,0.01995262314968881,0.002,2000000,476,-0.5328125000000001,1.4718749999999998,completed,-5.695880207507861,11.15652950186033,7.396850390884285e+27,9.383801784070826e+26,8.528735158622534e+28,1,state_safeguard,U,state_safeguard,source_norm2_gt_5,raw_state_verified,run.py:numpy-batch
HiSD,0.01995262314968881,0.002,2000000,477,-0.5234375,1.4718749999999998,completed,-6.119634481514599,11.66027423806095,3.5099655606090656e+30,4.359505787816766e+29,4.208170333965662e+31,1,state_safeguard,U,state_safeguard,source_norm2_gt_5,raw_state_verified,run.py:numpy-batch
HiSD,0.01995262314968881,0.002,2000000,478,-0.5140625000000001,1.4718749999999998,completed,-6.542202430329635,12.160713841251297,2.264493696490298e+33,2.7525239629914204e+32,2.819464397740457e+34,1,state_safeguard,U,state_safeguard,source_norm2_gt_5,raw_state_verified,run.py:numpy-batch
HiSD,0.01995262314968881,0.002,2000000,479,-0.5046875000000001,1.4718749999999998,completed,-6.962526262606232,12.656365314225166,1.935615085604291e+36,2.3021926583229705e+35,2.4994006922825853e+37,1,state_safeguard,U,state_safeguard,source_norm2_gt_5,raw_state_verified,run.py:numpy-batch
HiSD,0.01995262314968881,0.002,2000000,496,-0.6453125000000001,1.4906249999999999,completed,-0.17792376278807198,5.011823962133087,96220060.45346251,11929729.433858419,706480097.8936782,1,state_safeguard,U,state_safeguard,source_norm2_gt_5,raw_state_verified,run.py:numpy-batch
HiSD,0.01995262314968881,0.002,2000000,497,-0.6359375,1.4906249999999999,completed,-0.5068872703430017,5.424083816953096,428567446.3813917,53365253.50258877,3239907852.234868,1,state_safeguard,U,state_safeguard,source_norm2_gt_5,raw_state_verified,run.py:numpy-batch
HiSD,0.01995262314968881,0.002,2000000,498,-0.6265625,1.4906249999999999,completed,-0.847771985554761,5.850844466606214,2555330092.259711,319731606.8262414,19940561111.65808,1,state_safeguard,U,state_safeguard,source_norm2_gt_5,raw_state_verified,run.py:numpy-batch
HiSD,0.01995262314968881,0.002,2000000,499,-0.6171875,1.4906249999999999,completed,-1.1999477652061463,6.291081022648112,20786453109.14657,2611738955.63144,167805777220.70886,1,state_safeguard,U,state_safeguard,source_norm2_gt_5,raw_state_verified,run.py:numpy-batch
HiSD,0.01995262314968881,0.002,2000000,500,-0.6078125000000001,1.4906249999999999,completed,-1.5626938448911178,6.7437371432446955,234757058890.4436,29573810630.242237,1964220131082.365,1,state_safeguard,U,state_safeguard,source_norm2_gt_5,raw_state_verified,run.py:numpy-batch
HiSD,0.01995262314968881,0.002,2000000,501,-0.5984375000000001,1.4906249999999999,completed,-1.9352055217876547,7.207720371638964,3739044832114.2705,471261049481.5671,32473664750578.195,1,state_safeguard,U,state_safeguard,source_norm2_gt_5,raw_state_verified,run.py:numpy-batch
HiSD,0.01995262314968881,0.002,2000000,502,-0.5890625,1.4906249999999999,completed,-2.3166010809427595,7.6818996129687305,85122370583883.03,10707189627552.66,768270108833792.5,1,state_safeguard,U,state_safeguard,source_norm2_gt_5,raw_state_verified,run.py:numpy-batch
HiSD,0.01995262314968881,0.002,2000000,503,-0.5796875,1.4906249999999999,completed,-2.7059290347496088,8.165104309309001,2800205178825651.0,350597134321964.2,2.628524686089329e+16,1,state_safeguard,U,state_safeguard,source_norm2_gt_5,raw_state_verified,run.py:numpy-batch
HiSD,0.01995262314968881,0.002,2000000,504,-0.5703125,1.4906249999999999,completed,-3.102175730457331,8.65612497110637,1.3417219896962462e+17,1.6677565246414514e+16,1.3105397479715878e+18,1,state_safeguard,U,state_safeguard,source_norm2_gt_5,raw_state_verified,run.py:numpy-batch
HiSD,0.01995262314968881,0.002,2000000,505,-0.5609375000000001,1.4906249999999999,completed,-3.5042733694660053,9.15371479060178,9.4088386034469e+18,1.1582011221160548e+18,9.564786743895753e+19,1,state_safeguard,U,state_safeguard,source_norm2_gt_5,raw_state_verified,run.py:numpy-batch
HiSD,0.01995262314968881,0.002,2000000,506,-0.5515625000000001,1.4906249999999999,completed,-3.911108475884472,9.6565921081885,9.668976019586023e+20,1.1760578155321673e+20,1.022923494290834e+22,1,state_safeguard,U,state_safeguard,source_norm2_gt_5,raw_state_verified,run.py:numpy-batch
HiSD,0.01995262314968881,0.002,2000000,507,-0.5421875,1.4906249999999999,completed,-4.3215308501245335,10.163443531945399,1.4526641734036017e+23,1.7424189683398435e+22,1.5989029499787574e+24,1,state_safeguard,U,state_safeguard,source_norm2_gt_5,raw_state_verified,run.py:numpy-batch
HiSD,0.01995262314968881,0.002,2000000,508,-0.5328125000000001,1.4906249999999999,completed,-4.734363047887869,10.672927527131685,3.1708963860513994e+25,3.744326130955815e+24,3.629243733643026e+26,1,state_safeguard,U,state_safeguard,source_norm2_gt_5,raw_state_verified,run.py:numpy-batch
HiSD,0.01995262314968881,0.002,2000000,509,-0.5234375,1.4906249999999999,completed,-5.1484104357033,11.183678298733367,9.953837575387837e+27,1.1555251434326923e+27,1.183884877105948e+29,1,state_safeguard,U,state_safeguard,source_norm2_gt_5,raw_state_verified,run.py:numpy-batch
HiSD,0.01995262314968881,0.002,2000000,510,-0.5140625000000001,1.4906249999999999,completed,-5.562471893820073,11.694309786706242,4.429823003853189e+30,5.0499828348947155e+29,5.470585551583073e+31,1,state_safeguard,U,state_safeguard,source_norm2_gt_5,raw_state_verified,run.py:numpy-batch
HiSD,0.01995262314968881,0.002,2000000,511,-0.5046875000000001,1.4906249999999999,completed,-5.97535126862078,12.20341957976469,2.7440561211466096e+33,3.0693504809535496e+32,3.515271582000813e+34,1,state_safeguard,U,state_safeguard,source_norm2_gt_5,raw_state_verified,run.py:numpy-batch
HiSD,0.01995262314968881,0.002,2000000,160,-0.7953125000000001,1.3031249999999999,completed,-9.82084796895587,-14.707739145564293,3.0594016094338254e+137,7.142477984634197e+135,1.0696771956491614e+139,2,state_safeguard,U,state_safeguard,source_norm2_gt_5,raw_state_verified,run.py:numpy-batch
HiSD,0.01995262314968881,0.002,2000000,161,-0.7859375000000001,1.3031249999999999,completed,38.96794539834415,24.432694185589575,,,,2,numerical_breakdown,U,state_safeguard,source_norm2_gt_5,nonfinite_derivatives_or_residual,run.py:numpy-batch
HiSD,0.01995262314968881,0.002,2000000,192,-0.7953125000000001,1.321875,completed,-5.601621131429115,0.09442579175051424,7163225467.184219,781069246.6489855,59471155045.91475,2,state_safeguard,U,state_safeguard,source_norm2_gt_5,raw_state_verified,run.py:numpy-batch
HiSD,0.01995262314968881,0.002,2000000,193,-0.7859375000000001,1.321875,completed,-19.527881733298297,3.499025092870803,5.993860757550603e+96,2.4788479842959098e+95,1.538470728307366e+98,2,state_safeguard,U,state_safeguard,source_norm2_gt_5,raw_state_verified,run.py:numpy-batch
HiSD,0.01995262314968881,0.002,2000000,194,-0.7765625,1.321875,completed,-11.962352736995575,-21.103388331683774,,,,2,numerical_breakdown,U,state_safeguard,source_norm2_gt_5,nonfinite_derivatives_or_residual,run.py:numpy-batch
HiSD,0.01995262314968881,0.002,2000000,195,-0.7671875,1.321875,completed,-58.76915537508452,-5.115913613879985,,,,2,numerical_breakdown,U,state_safeguard,source_norm2_gt_5,nonfinite_derivatives_or_residual,run.py:numpy-batch
HiSD,0.01995262314968881,0.002,2000000,224,-0.7953125000000001,1.340625,completed,15.082919598303919,5.620523461048533,1.3851948014981177e+107,3.9540799775161544e+105,4.162967719118711e+108,2,state_safeguard,U,state_safeguard,source_norm2_gt_5,raw_state_verified,run.py:numpy-batch
HiSD,0.01995262314968881,0.002,2000000,225,-0.7859375000000001,1.340625,completed,-19.593989530836655,12.463234303520073,9.660780024899936e+91,8.244365362819536e+90,1.915234035230641e+93,2,state_safeguard,U,state_safeguard,source_norm2_gt_5,raw_state_verified,run.py:numpy-batch
HiSD,0.01995262314968881,0.002,2000000,226,-0.7765625,1.340625,completed,3.644578096174183,6.446170172058938,3.141861344634962e+24,1.763080904565714e+23,4.529832014084497e+25,2,state_safeguard,U,state_safeguard,source_norm2_gt_5,raw_state_verified,run.py:numpy-batch
HiSD,0.01995262314968881,0.002,2000000,227,-0.7671875,1.340625,completed,6.524276406774274,14.807367200465249,7.907517668619034e+104,2.125272540383518e+103,2.4071634551144916e+106,2,state_safeguard,U,state_safeguard,source_norm2_gt_5,raw_state_verified,run.py:numpy-batch
HiSD,0.01995262314968881,0.002,2000000,228,-0.7578125,1.340625,completed,-33.781247719301696,-18.516658952921315,,,,2,numerical_breakdown,U,state_safeguard,source_norm2_gt_5,nonfinite_derivatives_or_residual,run.py:numpy-batch
HiSD,0.01995262314968881,0.002,2000000,229,-0.7484375000000001,1.340625,completed,-108.04615934724183,13.656699419566202,,,,2,numerical_breakdown,U,state_safeguard,source_norm2_gt_5,nonfinite_derivatives_or_residual,run.py:numpy-batch
HiSD,0.01995262314968881,0.002,2000000,256,-0.7953125000000001,1.359375,completed,-11.78207728008037,-1.802090018851756,1.1819392932009233e+48,5.166426792102403e+46,2.344060932013274e+49,2,state_safeguard,U,state_safeguard,source_norm2_gt_5,raw_state_verified,run.py:numpy-batch
HiSD,0.01995262314968881,0.002,2000000,257,-0.7859375000000001,1.359375,completed,0.9819592738322367,5.222377888404436,82907530778.41107,7707489722.793363,753479300434.979,2,state_safeguard,U,state_safeguard,source_norm2_gt_5,raw_state_verified,run.py:numpy-batch
HiSD,0.01995262314968881,0.002,2000000,258,-0.7765625,1.359375,completed,14.573474636270179,9.97944150170289,2.5247292088833163e+137,5.882435784840166e+135,8.831433736033951e+138,2,state_safeguard,U,state_safeguard,source_norm2_gt_5,raw_state_verified,run.py:numpy-batch
HiSD,0.01995262314968881,0.002,2000000,259,-0.7671875,1.359375,completed,-19.25294108072057,-9.403239614650516,,,,2,numerical_breakdown,U,state_safeguard,source_norm2_gt_5,nonfinite_derivatives_or_residual,run.py:numpy-batch
HiSD,0.01995262314968881,0.002,2000000,260,-0.7578125,1.359375,completed,6.5206540079555975,4.592685366221145,3.4351344352901117e+30,1.781971500825545e+29,5.495340985132412e+31,2,state_safeguard,U,state_safeguard,source_norm2_gt_5,raw_state_verified,run.py:numpy-batch
HiSD,0.01995262314968881,0.002,2000000,261,-0.7484375000000001,1.359375,completed,12.235853708406571,-2.4902038517730243,2.1044625197973274e+47,1.4895313199602886e+46,3.5385128954938695e+48,2,state_safeguard,U,state_safeguard,source_norm2_gt_5,raw_state_verified,run.py:numpy-batch
HiSD,0.01995262314968881,0.002,2000000,262,-0.7390625000000001,1.359375,completed,-76.55340655471177,1.0472722973159687,,,,2,numerical_breakdown,U,state_safeguard,source_norm2_gt_5,nonfinite_derivatives_or_residual,run.py:numpy-batch
HiSD,0.01995262314968881,0.002,2000000,263,-0.7296875,1.359375,completed,-313.4604273369293,9.319114640671561,,,,2,numerical_breakdown,U,state_safeguard,source_norm2_gt_5,nonfinite_derivatives_or_residual,run.py:numpy-batch
HiSD,0.01995262314968881,0.002,2000000,288,-0.7953125000000001,1.378125,completed,-10.372713256764879,1.3272894557734618,1.8163040261472227e+28,1.285970749217864e+27,2.5518533249342586e+29,2,state_safeguard,U,state_safeguard,source_norm2_gt_5,raw_state_verified,run.py:numpy-batch
HiSD,0.01995262314968881,0.002,2000000,289,-0.7859375000000001,1.378125,completed,17.861625140473816,1.9747590939673783,7.652805454896857e+115,2.4070125896888043e+114,2.286989423565042e+117,2,state_safeguard,U,state_safeguard,source_norm2_gt_5,raw_state_verified,run.py:numpy-batch
HiSD,0.01995262314968881,0.002,2000000,290,-0.7765625,1.378125,completed,-12.171795199461659,4.712774320179673,4.2793058216256713e+33,4.011172540265092e+32,5.824460323216617e+34,2,state_safeguard,U,state_safeguard,source_norm2_gt_5,raw_state_verified,run.py:numpy-batch
HiSD,0.01995262314968881,0.002,2000000,292,-0.7578125,1.378125,completed,10.02494458323292,15.455303275027143,5.455964692935648e+144,1.2147641920775472e+143,1.9718974621195855e+146,2,state_safeguard,U,state_safeguard,source_norm2_gt_5,raw_state_verified,run.py:numpy-batch
HiSD,0.01995262314968881,0.002,2000000,293,-0.7484375000000001,1.378125,completed,-13.693397043472636,-16.435386900054112,,,,2,numerical_breakdown,U,state_safeguard,source_norm2_gt_5,nonfinite_derivatives_or_residual,run.py:numpy-batch
HiSD,0.01995262314968881,0.002,2000000,294,-0.7390625000000001,1.378125,completed,-14.418249455913118,-5.167283729222284,3.0631966688049964e+90,9.03322757342213e+88,8.598607739991051e+91,2,state_safeguard,U,state_safeguard,source_norm2_gt_5,raw_state_verified,run.py:numpy-batch
HiSD,0.01995262314968881,0.002,2000000,295,-0.7296875,1.378125,completed,-39.23940258990806,-30.628724682710352,,,,2,numerical_breakdown,U,state_safeguard,source_norm2_gt_5,nonfinite_derivatives_or_residual,run.py:numpy-batch
HiSD,0.01995262314968881,0.002,2000000,296,-0.7203125,1.378125,completed,-242.75835092947526,-25.647490398467536,,,,2,numerical_breakdown,U,state_safeguard,source_norm2_gt_5,nonfinite_derivatives_or_residual,run.py:numpy-batch
HiSD,0.01995262314968881,0.002,2000000,320,-0.7953125000000001,1.3968749999999999,completed,-11.72367023451898,-4.88583279122106,3.079058351715638e+64,1.0624983504229209e+63,7.3072719906627925e+65,2,state_safeguard,U,state_safeguard,source_norm2_gt_5,raw_state_verified,run.py:numpy-batch
HiSD,0.01995262314968881,0.002,2000000,321,-0.7859375000000001,1.3968749999999999,completed,-11.251523623170348,-1.955418073238476,9.058886576913227e+44,4.052507381092353e+43,1.7419939036680075e+46,2,state_safeguard,U,state_safeguard,source_norm2_gt_5,raw_state_verified,run.py:numpy-batch
HiSD,0.01995262314968881,0.002,2000000,322,-0.7765625,1.3968749999999999,completed,-5.483272152212534,-11.398206175631056,7.699416050694936e+69,2.6647905228585775e+68,1.8764165981670456e+71,2,state_safeguard,U,state_safeguard,source_norm2_gt_5,raw_state_verified,run.py:numpy-batch
HiSD,0.01995262314968881,0.002,2000000,323,-0.7671875,1.3968749999999999,completed,23.62372799060571,4.998063601966888,,,,2,numerical_breakdown,U,state_safeguard,source_norm2_gt_5,nonfinite_derivatives_or_residual,run.py:numpy-batch
HiSD,0.01995262314968881,0.002,2000000,324,-0.7578125,1.3968749999999999,completed,-15.773642050009135,-8.83100924535556,1.9928405809377177e+136,4.6109231842649226e+134,6.968057883523256e+137,2,state_safeguard,U,state_safeguard,source_norm2_gt_5,raw_state_verified,run.py:numpy-batch
HiSD,0.01995262314968881,0.002,2000000,325,-0.7484375000000001,1.3968749999999999,completed,-9.306331863589731,-7.332846186499134,4.652347636103991e+62,1.5816684618453836e+61,1.0987146545025052e+64,2,state_safeguard,U,state_safeguard,source_norm2_gt_5,raw_state_verified,run.py:numpy-batch
HiSD,0.01995262314968881,0.002,2000000,326,-0.7390625000000001,1.3968749999999999,completed,-7.521739189979753,18.609108580846694,5.8282041514181514e+79,3.6908945720421076e+78,1.215801406332145e+81,2,state_safeguard,U,state_safeguard,source_norm2_gt_5,raw_state_verified,run.py:numpy-batch
HiSD,0.01995262314968881,0.002,2000000,327,-0.7296875,1.3968749999999999,completed,-5.297154116969866,35.08553168702574,,,,2,numerical_breakdown,U,state_safeguard,source_norm2_gt_5,nonfinite_derivatives_or_residual,run.py:numpy-batch
HiSD,0.01995262314968881,0.002,2000000,328,-0.7203125,1.3968749999999999,completed,-57.57592800367161,-37.6511615856911,,,,2,numerical_breakdown,U,state_safeguard,source_norm2_gt_5,nonfinite_derivatives_or_residual,run.py:numpy-batch
HiSD,0.01995262314968881,0.002,2000000,329,-0.7109375,1.3968749999999999,completed,-244.4782241461076,-103.16283551098707,,,,2,numerical_breakdown,U,state_safeguard,source_norm2_gt_5,nonfinite_derivatives_or_residual,run.py:numpy-batch
HiSD,0.01995262314968881,0.002,2000000,330,-0.7015625000000001,1.3968749999999999,completed,-1268.9625086565213,-320.6023639561389,,,,2,numerical_breakdown,U,state_safeguard,source_norm2_gt_5,nonfinite_derivatives_or_residual,run.py:numpy-batch
HiSD,0.01995262314968881,0.002,2000000,352,-0.7953125000000001,1.415625,completed,-19.084914257965682,-21.778938264853807,,,,2,numerical_breakdown,U,state_safeguard,source_norm2_gt_5,nonfinite_derivatives_or_residual,run.py:numpy-batch
HiSD,0.01995262314968881,0.002,2000000,353,-0.7859375000000001,1.415625,completed,-8.815082699895594,-19.654263990237258,,,,2,numerical_breakdown,U,state_safeguard,source_norm2_gt_5,nonfinite_derivatives_or_residual,run.py:numpy-batch
HiSD,0.01995262314968881,0.002,2000000,354,-0.7765625,1.415625,completed,-10.443960512775389,15.27519079710216,1.944778704889973e+56,2.262737187093722e+55,2.941789294764861e+57,2,state_safeguard,U,state_safeguard,source_norm2_gt_5,raw_state_verified,run.py:numpy-batch
HiSD,0.01995262314968881,0.002,2000000,355,-0.7671875,1.415625,completed,-7.7312662296463115,-13.757102530776336,3.359487631431287e+108,9.032934215665323e+106,1.0344081576640158e+110,2,state_safeguard,U,state_safeguard,source_norm2_gt_5,raw_state_verified,run.py:numpy-batch
HiSD,0.01995262314968881,0.002,2000000,356,-0.7578125,1.415625,completed,-19.006802740511098,-4.478144768987096,1.27955107118304e+136,3.2109288421031932e+134,4.352757255038748e+137,2,state_safeguard,U,state_safeguard,source_norm2_gt_5,raw_state_verified,run.py:numpy-batch
HiSD,0.01995262314968881,0.002,2000000,357,-0.7484375000000001,1.415625,completed,31.058915393248913,0.509333961398952,,,,2,numerical_breakdown,U,state_safeguard,source_norm2_gt_5,nonfinite_derivatives_or_residual,run.py:numpy-batch
HiSD,0.01995262314968881,0.002,2000000,358,-0.7390625000000001,1.415625,completed,-30.10043044539997,20.763235121398303,,,,2,numerical_breakdown,U,state_safeguard,source_norm2_gt_5,nonfinite_derivatives_or_residual,run.py:numpy-batch
HiSD,0.01995262314968881,0.002,2000000,359,-0.7296875,1.415625,completed,-36.81065914015827,18.2869674373625,,,,2,numerical_breakdown,U,state_safeguard,source_norm2_gt_5,nonfinite_derivatives_or_residual,run.py:numpy-batch
HiSD,0.01995262314968881,0.002,2000000,360,-0.7203125,1.415625,completed,25.166466647468177,-48.50449952674942,,,,2,numerical_breakdown,U,state_safeguard,source_norm2_gt_5,nonfinite_derivatives_or_residual,run.py:numpy-batch
HiSD,0.01995262314968881,0.002,2000000,361,-0.7109375,1.415625,completed,-128.4601245688756,-59.073348063327245,,,,2,numerical_breakdown,U,state_safeguard,source_norm2_gt_5,nonfinite_derivatives_or_residual,run.py:numpy-batch
HiSD,0.01995262314968881,0.002,2000000,362,-0.7015625000000001,1.415625,completed,-401.84505592161884,-227.20647828161717,,,,2,numerical_breakdown,U,state_safeguard,source_norm2_gt_5,nonfinite_derivatives_or_residual,run.py:numpy-batch
HiSD,0.01995262314968881,0.002,2000000,363,-0.6921875000000001,1.415625,completed,-1781.1831433541322,-785.8423396920258,,,,2,numerical_breakdown,U,state_safeguard,source_norm2_gt_5,nonfinite_derivatives_or_residual,run.py:numpy-batch
HiSD,0.01995262314968881,0.002,2000000,384,-0.7953125000000001,1.434375,completed,-31.62510892700349,-180.9179768449405,,,,2,numerical_breakdown,U,state_safeguard,source_norm2_gt_5,nonfinite_derivatives_or_residual,run.py:numpy-batch
HiSD,0.01995262314968881,0.002,2000000,385,-0.7859375000000001,1.434375,completed,-31.950293915252466,-120.46554859888926,,,,2,numerical_breakdown,U,state_safeguard,source_norm2_gt_5,nonfinite_derivatives_or_residual,run.py:numpy-batch
HiSD,0.01995262314968881,0.002,2000000,386,-0.7765625,1.434375,completed,-29.886378721521684,-82.8225744300883,,,,2,numerical_breakdown,U,state_safeguard,source_norm2_gt_5,nonfinite_derivatives_or_residual,run.py:numpy-batch
HiSD,0.01995262314968881,0.002,2000000,387,-0.7671875,1.434375,completed,-25.879306559408676,-60.08526469132317,,,,2,numerical_breakdown,U,state_safeguard,source_norm2_gt_5,nonfinite_derivatives_or_residual,run.py:numpy-batch
HiSD,0.01995262314968881,0.002,2000000,388,-0.7578125,1.434375,completed,-17.245766202826335,-50.22091824743224,,,,2,numerical_breakdown,U,state_safeguard,source_norm2_gt_5,nonfinite_derivatives_or_residual,run.py:numpy-batch
HiSD,0.01995262314968881,0.002,2000000,389,-0.7484375000000001,1.434375,completed,-15.734942644414586,50.79454215594256,,,,2,numerical_breakdown,U,state_safeguard,source_norm2_gt_5,nonfinite_derivatives_or_residual,run.py:numpy-batch
HiSD,0.01995262314968881,0.002,2000000,390,-0.7390625000000001,1.434375,completed,-58.61508046221332,5.504800420441556,,,,2,numerical_breakdown,U,state_safeguard,source_norm2_gt_5,nonfinite_derivatives_or_residual,run.py:numpy-batch
HiSD,0.01995262314968881,0.002,2000000,391,-0.7296875,1.434375,completed,-43.011695172904666,71.55107949222476,,,,2,numerical_breakdown,U,state_safeguard,source_norm2_gt_5,nonfinite_derivatives_or_residual,run.py:numpy-batch
HiSD,0.01995262314968881,0.002,2000000,392,-0.7203125,1.434375,completed,49.99394314746589,-108.3640602856982,,,,2,numerical_breakdown,U,state_safeguard,source_norm2_gt_5,nonfinite_derivatives_or_residual,run.py:numpy-batch
HiSD,0.01995262314968881,0.002,2000000,393,-0.7109375,1.434375,completed,-41.86217581918905,-198.21839157228473,,,,2,numerical_breakdown,U,state_safeguard,source_norm2_gt_5,nonfinite_derivatives_or_residual,run.py:numpy-batch
HiSD,0.01995262314968881,0.002,2000000,394,-0.7015625000000001,1.434375,completed,-330.59985640502254,-274.24515218581286,,,,2,numerical_breakdown,U,state_safeguard,source_norm2_gt_5,nonfinite_derivatives_or_residual,run.py:numpy-batch
HiSD,0.01995262314968881,0.002,2000000,395,-0.6921875000000001,1.434375,completed,-997.4189443646673,-680.0488891054647,,,,2,numerical_breakdown,U,state_safeguard,source_norm2_gt_5,nonfinite_derivatives_or_residual,run.py:numpy-batch
HiSD,0.01995262314968881,0.002,2000000,396,-0.6828125,1.434375,completed,-3806.7773680007845,-2269.2445605937405,,,,2,numerical_breakdown,U,state_safeguard,source_norm2_gt_5,nonfinite_derivatives_or_residual,run.py:numpy-batch
HiSD,0.01995262314968881,0.002,2000000,416,-0.7953125000000001,1.453125,completed,-119.31199171727683,-2210.0185290874883,,,,2,numerical_breakdown,U,state_safeguard,source_norm2_gt_5,nonfinite_derivatives_or_residual,run.py:numpy-batch
HiSD,0.01995262314968881,0.002,2000000,417,-0.7859375000000001,1.453125,completed,-152.07977391432573,-1392.391917424448,,,,2,numerical_breakdown,U,state_safeguard,source_norm2_gt_5,nonfinite_derivatives_or_residual,run.py:numpy-batch
HiSD,0.01995262314968881,0.002,2000000,418,-0.7765625,1.453125,completed,-154.0247055680512,-910.4312764051219,,,,2,numerical_breakdown,U,state_safeguard,source_norm2_gt_5,nonfinite_derivatives_or_residual,run.py:numpy-batch
HiSD,0.01995262314968881,0.002,2000000,419,-0.7671875,1.453125,completed,-146.4966479767858,-622.983085453235,,,,2,numerical_breakdown,U,state_safeguard,source_norm2_gt_5,nonfinite_derivatives_or_residual,run.py:numpy-batch
HiSD,0.01995262314968881,0.002,2000000,420,-0.7578125,1.453125,completed,-139.97379758889647,-451.20032590676055,,,,2,numerical_breakdown,U,state_safeguard,source_norm2_gt_5,nonfinite_derivatives_or_residual,run.py:numpy-batch
HiSD,0.01995262314968881,0.002,2000000,421,-0.7484375000000001,1.453125,completed,-139.97286343519107,-351.176944305812,,,,2,numerical_breakdown,U,state_safeguard,source_norm2_gt_5,nonfinite_derivatives_or_residual,run.py:numpy-batch
HiSD,0.01995262314968881,0.002,2000000,422,-0.7390625000000001,1.453125,completed,-150.43870288118083,-299.94128227195176,,,,2,numerical_breakdown,U,state_safeguard,source_norm2_gt_5,nonfinite_derivatives_or_residual,run.py:numpy-batch
HiSD,0.01995262314968881,0.002,2000000,423,-0.7296875,1.453125,completed,-176.06779794089877,-289.96224323558016,,,,2,numerical_breakdown,U,state_safeguard,source_norm2_gt_5,nonfinite_derivatives_or_residual,run.py:numpy-batch
HiSD,0.01995262314968881,0.002,2000000,424,-0.7203125,1.453125,completed,-216.24481719829888,-337.34124979252186,,,,2,numerical_breakdown,U,state_safeguard,source_norm2_gt_5,nonfinite_derivatives_or_residual,run.py:numpy-batch
HiSD,0.01995262314968881,0.002,2000000,425,-0.7109375,1.453125,completed,-453.122469676133,-329.4623358968371,,,,2,numerical_breakdown,U,state_safeguard,source_norm2_gt_5,nonfinite_derivatives_or_residual,run.py:numpy-batch
HiSD,0.01995262314968881,0.002,2000000,426,-0.7015625000000001,1.453125,completed,-449.0247205629001,-815.5625375980594,,,,2,numerical_breakdown,U,state_safeguard,source_norm2_gt_5,nonfinite_derivatives_or_residual,run.py:numpy-batch
HiSD,0.01995262314968881,0.002,2000000,427,-0.6921875000000001,1.453125,completed,-1303.9122261352977,-1343.9020453978485,,,,2,numerical_breakdown,U,state_safeguard,source_norm2_gt_5,nonfinite_derivatives_or_residual,run.py:numpy-batch
HiSD,0.01995262314968881,0.002,2000000,428,-0.6828125,1.453125,completed,-3559.471284209381,-3068.5344563157614,,,,2,numerical_breakdown,U,state_safeguard,source_norm2_gt_5,nonfinite_derivatives_or_residual,run.py:numpy-batch
HiSD,0.01995262314968881,0.002,2000000,429,-0.6734375,1.453125,completed,-12177.719049321964,-9057.900225194926,,,,2,numerical_breakdown,U,state_safeguard,source_norm2_gt_5,nonfinite_derivatives_or_residual,run.py:numpy-batch
HiSD,0.01995262314968881,0.002,2000000,430,-0.6640625,1.453125,completed,-53833.193686547056,-34989.677470675204,,,,2,numerical_breakdown,U,state_safeguard,source_norm2_gt_5,nonfinite_derivatives_or_residual,run.py:numpy-batch
HiSD,0.01995262314968881,0.002,2000000,448,-0.7953125000000001,1.4718749999999998,completed,-1506.4058960384705,-61630.02002683762,,,,2,numerical_breakdown,U,state_safeguard,source_norm2_gt_5,nonfinite_derivatives_or_residual,run.py:numpy-batch
HiSD,0.01995262314968881,0.002,2000000,449,-0.7859375000000001,1.4718749999999998,completed,-2123.5486239320844,-31505.86211734296,,,,2,numerical_breakdown,U,state_safeguard,source_norm2_gt_5,nonfinite_derivatives_or_residual,run.py:numpy-batch
HiSD,0.01995262314968881,0.002,2000000,450,-0.7765625,1.4718749999999998,completed,-1990.8804411497467,-17499.76160171706,,,,2,numerical_breakdown,U,state_safeguard,source_norm2_gt_5,nonfinite_derivatives_or_residual,run.py:numpy-batch
HiSD,0.01995262314968881,0.002,2000000,451,-0.7671875,1.4718749999999998,completed,-1714.3213041676822,-10451.636991121153,,,,2,numerical_breakdown,U,state_safeguard,source_norm2_gt_5,nonfinite_derivatives_or_residual,run.py:numpy-batch
HiSD,0.01995262314968881,0.002,2000000,452,-0.7578125,1.4718749999999998,completed,-1465.3424453576142,-6700.186562763901,,,,2,numerical_breakdown,U,state_safeguard,source_norm2_gt_5,nonfinite_derivatives_or_residual,run.py:numpy-batch
HiSD,0.01995262314968881,0.002,2000000,453,-0.7484375000000001,1.4718749999999998,completed,-1289.3468480539784,-4630.42981825415,,,,2,numerical_breakdown,U,state_safeguard,source_norm2_gt_5,nonfinite_derivatives_or_residual,run.py:numpy-batch
HiSD,0.01995262314968881,0.002,2000000,454,-0.7390625000000001,1.4718749999999998,completed,-1197.2767452539856,-3480.3297017584187,,,,2,numerical_breakdown,U,state_safeguard,source_norm2_gt_5,nonfinite_derivatives_or_residual,run.py:numpy-batch
HiSD,0.01995262314968881,0.002,2000000,455,-0.7296875,1.4718749999999998,completed,-1198.4571846863334,-2880.1778183667793,,,,2,numerical_breakdown,U,state_safeguard,source_norm2_gt_5,nonfinite_derivatives_or_residual,run.py:numpy-batch
HiSD,0.01995262314968881,0.002,2000000,456,-0.7203125,1.4718749999999998,completed,-1319.7025100095689,-2664.359260297533,,,,2,numerical_breakdown,U,state_safeguard,source_norm2_gt_5,nonfinite_derivatives_or_residual,run.py:numpy-batch
HiSD,0.01995262314968881,0.002,2000000,457,-0.7109375,1.4718749999999998,completed,-1631.9853825186262,-2804.5539949663007,,,,2,numerical_breakdown,U,state_safeguard,source_norm2_gt_5,nonfinite_derivatives_or_residual,run.py:numpy-batch
HiSD,0.01995262314968881,0.002,2000000,458,-0.7015625000000001,1.4718749999999998,completed,-2316.068918122307,-3426.319810426832,,,,2,numerical_breakdown,U,state_safeguard,source_norm2_gt_5,nonfinite_derivatives_or_residual,run.py:numpy-batch
HiSD,0.01995262314968881,0.002,2000000,459,-0.6921875000000001,1.4718749999999998,completed,-3836.0329651174848,-4972.889942126368,,,,2,numerical_breakdown,U,state_safeguard,source_norm2_gt_5,nonfinite_derivatives_or_residual,run.py:numpy-batch
HiSD,0.01995262314968881,0.002,2000000,460,-0.6828125,1.4718749999999998,completed,-7556.9194830068445,-8786.040578532857,,,,2,numerical_breakdown,U,state_safeguard,source_norm2_gt_5,nonfinite_derivatives_or_residual,run.py:numpy-batch
HiSD,0.01995262314968881,0.002,2000000,461,-0.6734375,1.4718749999999998,completed,-18613.0283479239,-18885.272935251265,,,,2,numerical_breakdown,U,state_safeguard,source_norm2_gt_5,nonfinite_derivatives_or_residual,run.py:numpy-batch
HiSD,0.01995262314968881,0.002,2000000,462,-0.6640625,1.4718749999999998,completed,-57414.56873123213,-51212.068560538355,,,,2,numerical_breakdown,U,state_safeguard,source_norm2_gt_5,nonfinite_derivatives_or_residual,run.py:numpy-batch
HiSD,0.01995262314968881,0.002,2000000,463,-0.6546875000000001,1.4718749999999998,completed,-227313.78150778246,-179138.4034948099,,,,2,numerical_breakdown,U,state_safeguard,source_norm2_gt_5,nonfinite_derivatives_or_residual,run.py:numpy-batch
HiSD,0.01995262314968881,0.002,2000000,480,-0.7953125000000001,1.4906249999999999,completed,447311.5742730194,-9098232.928557448,,,,2,numerical_breakdown,U,state_safeguard,source_norm2_gt_5,nonfinite_derivatives_or_residual,run.py:numpy-batch
HiSD,0.01995262314968881,0.002,2000000,481,-0.7859375000000001,1.4906249999999999,completed,-4834.649463828859,-2556649.3502933523,,,,2,numerical_breakdown,U,state_safeguard,source_norm2_gt_5,nonfinite_derivatives_or_residual,run.py:numpy-batch
HiSD,0.01995262314968881,0.002,2000000,482,-0.7765625,1.4906249999999999,completed,-45994.88663066768,-919761.7800472239,,,,2,numerical_breakdown,U,state_safeguard,source_norm2_gt_5,nonfinite_derivatives_or_residual,run.py:numpy-batch
HiSD,0.01995262314968881,0.002,2000000,483,-0.7671875,1.4906249999999999,completed,-38777.34987727213,-396806.41798122216,,,,2,numerical_breakdown,U,state_safeguard,source_norm2_gt_5,nonfinite_derivatives_or_residual,run.py:numpy-batch
HiSD,0.01995262314968881,0.002,2000000,484,-0.7578125,1.4906249999999999,completed,-28907.310922519857,-197170.7043388867,,,,2,numerical_breakdown,U,state_safeguard,source_norm2_gt_5,nonfinite_derivatives_or_residual,run.py:numpy-batch
HiSD,0.01995262314968881,0.002,2000000,485,-0.7484375000000001,1.4906249999999999,completed,-21806.0709497854,-110294.36899695975,,,,2,numerical_breakdown,U,state_safeguard,source_norm2_gt_5,nonfinite_derivatives_or_residual,run.py:numpy-batch
HiSD,0.01995262314968881,0.002,2000000,486,-0.7390625000000001,1.4906249999999999,completed,-17302.233671551057,-68722.6422293289,,,,2,numerical_breakdown,U,state_safeguard,source_norm2_gt_5,nonfinite_derivatives_or_residual,run.py:numpy-batch
HiSD,0.01995262314968881,0.002,2000000,487,-0.7296875,1.4906249999999999,completed,-14727.753231526433,-47601.340744075365,,,,2,numerical_breakdown,U,state_safeguard,source_norm2_gt_5,nonfinite_derivatives_or_residual,run.py:numpy-batch
HiSD,0.01995262314968881,0.002,2000000,488,-0.7203125,1.4906249999999999,completed,-13661.453929952833,-36810.44274052549,,,,2,numerical_breakdown,U,state_safeguard,source_norm2_gt_5,nonfinite_derivatives_or_residual,run.py:numpy-batch
HiSD,0.01995262314968881,0.002,2000000,489,-0.7109375,1.4906249999999999,completed,-14028.689858960262,-32066.28547766799,,,,2,numerical_breakdown,U,state_safeguard,source_norm2_gt_5,nonfinite_derivatives_or_residual,run.py:numpy-batch
HiSD,0.01995262314968881,0.002,2000000,490,-0.7015625000000001,1.4906249999999999,completed,-16220.209671959441,-31864.548295300847,,,,2,numerical_breakdown,U,state_safeguard,source_norm2_gt_5,nonfinite_derivatives_or_residual,run.py:numpy-batch
HiSD,0.01995262314968881,0.002,2000000,491,-0.6921875000000001,1.4906249999999999,completed,-21508.04809512687,-36680.37049639452,,,,2,numerical_breakdown,U,state_safeguard,source_norm2_gt_5,nonfinite_derivatives_or_residual,run.py:numpy-batch
HiSD,0.01995262314968881,0.002,2000000,492,-0.6828125,1.4906249999999999,completed,-33359.062733553954,-49780.91711597489,,,,2,numerical_breakdown,U,state_safeguard,source_norm2_gt_5,nonfinite_derivatives_or_residual,run.py:numpy-batch
HiSD,0.01995262314968881,0.002,2000000,493,-0.6734375,1.4906249999999999,completed,-61822.12745205333,-81163.09646192916,,,,2,numerical_breakdown,U,state_safeguard,source_norm2_gt_5,nonfinite_derivatives_or_residual,run.py:numpy-batch
HiSD,0.01995262314968881,0.002,2000000,494,-0.6640625,1.4906249999999999,completed,-139375.3366893744,-162560.27836738297,,,,2,numerical_breakdown,U,state_safeguard,source_norm2_gt_5,nonfinite_derivatives_or_residual,run.py:numpy-batch
HiSD,0.01995262314968881,0.002,2000000,495,-0.6546875000000001,1.4906249999999999,completed,-392801.3295978615,-406913.00750413456,,,,2,numerical_breakdown,U,state_safeguard,source_norm2_gt_5,nonfinite_derivatives_or_residual,run.py:numpy-batch
HiSD,0.01995262314968881,0.002,2000000,291,-0.7671875,1.378125,completed,-51452.35495470401,-29399.094900335996,,,,3,numerical_breakdown,U,state_safeguard,source_norm2_gt_5,nonfinite_derivatives_or_residual,run.py:numpy-batch
