method,eta,tau,budget,start_id,x0,y0,execution_status,raw_x,raw_y,grad_norm,lambda1,lambda2,n_outer_updates,terminal_category,endpoint,stop_reason,failure_reason,certification_reason,source
HiSD,0.0007943282347242822,0.002,2000000,28,-0.5328125000000001,1.2093749999999999,completed,0.06601892766811786,0.18404094022243198,9.019259984178056e-07,-1005.1363623224818,762.732899161553,156,success_index1,S_L,gradient_tolerance,,raw_state_verified,run.py:numpy-batch
HiSD,0.0007943282347242822,0.002,2000000,0,-0.7953125000000001,1.2093749999999999,completed,-1.7610122628952147,0.9572476536294436,196.18364684997525,42.51647618682438,1639.4475068505317,2000000,budget_exhausted,U,budget_exhausted,,raw_state_verified,run.py:numpy-batch
HiSD,0.0007943282347242822,0.002,2000000,1,-0.7859375000000001,1.2093749999999999,completed,-1.7610122628952147,0.9572476536294436,196.18364684997525,42.51647618682438,1639.4475068505317,2000000,budget_exhausted,U,budget_exhausted,,raw_state_verified,run.py:numpy-batch
HiSD,0.0007943282347242822,0.002,2000000,2,-0.7765625,1.2093749999999999,completed,-1.7610122628952147,0.9572476536294436,196.18364684997525,42.51647618682438,1639.4475068505317,2000000,budget_exhausted,U,budget_exhausted,,raw_state_verified,run.py:numpy-batch
HiSD,0.0007943282347242822,0.002,2000000,3,-0.7671875,1.2093749999999999,completed,-1.6932763582961243,0.8169046872992829,196.18364684997513,12.794177714195074,1286.5305214099972,2000000,budget_exhausted,U,budget_exhausted,,raw_state_verified,run.py:numpy-batch
HiSD,0.0007943282347242822,0.002,2000000,4,-0.7578125,1.2093749999999999,completed,-1.6932763582961243,0.8169046872992829,196.18364684997513,12.794177714195074,1286.5305214099972,2000000,budget_exhausted,U,budget_exhausted,,raw_state_verified,run.py:numpy-batch
HiSD,0.0007943282347242822,0.002,2000000,5,-0.7484375000000001,1.2093749999999999,completed,-1.6932763582961243,0.8169046872992829,196.18364684997513,12.794177714195074,1286.5305214099972,2000000,budget_exhausted,U,budget_exhausted,,raw_state_verified,run.py:numpy-batch
HiSD,0.0007943282347242822,0.002,2000000,6,-0.7390625000000001,1.2093749999999999,completed,-1.7610122628952147,0.9572476536294436,196.18364684997525,42.51647618682438,1639.4475068505317,2000000,budget_exhausted,U,budget_exhausted,,raw_state_verified,run.py:numpy-batch
HiSD,0.0007943282347242822,0.002,2000000,7,-0.7296875,1.2093749999999999,completed,-1.6932763582961243,0.8169046872992829,196.18364684997513,12.794177714195074,1286.5305214099972,2000000,budget_exhausted,U,budget_exhausted,,raw_state_verified,run.py:numpy-batch
HiSD,0.0007943282347242822,0.002,2000000,8,-0.7203125,1.2093749999999999,completed,-1.6932763582961243,0.8169046872992829,196.18364684997513,12.794177714195074,1286.5305214099972,2000000,budget_exhausted,U,budget_exhausted,,raw_state_verified,run.py:numpy-batch
HiSD,0.0007943282347242822,0.002,2000000,9,-0.7109375,1.2093749999999999,completed,-1.6932763582961243,0.8169046872992829,196.18364684997513,12.794177714195074,1286.5305214099972,2000000,budget_exhausted,U,budget_exhausted,,raw_state_verified,run.py:numpy-batch
HiSD,0.0007943282347242822,0.002,2000000,10,-0.7015625000000001,1.2093749999999999,completed,-1.7610122628952147,0.9572476536294436,196.18364684997525,42.51647618682438,1639.4475068505317,2000000,budget_exhausted,U,budget_exhausted,,raw_state_verified,run.py:numpy-batch
HiSD,0.0007943282347242822,0.002,2000000,11,-0.6921875000000001,1.2093749999999999,completed,-1.7610122628952147,0.9572476536294436,196.18364684997525,42.51647618682438,1639.4475068505317,2000000,budget_exhausted,U,budget_exhausted,,raw_state_verified,run.py:numpy-batch
HiSD,0.0007943282347242822,0.002,2000000,12,-0.6828125,1.2093749999999999,completed,-1.7610122628952147,0.9572476536294436,196.18364684997525,42.51647618682438,1639.4475068505317,2000000,budget_exhausted,U,budget_exhausted,,raw_state_verified,run.py:numpy-batch
HiSD,0.0007943282347242822,0.002,2000000,13,-0.6734375,1.2093749999999999,completed,-1.7610122628952147,0.9572476536294436,196.18364684997525,42.51647618682438,1639.4475068505317,2000000,budget_exhausted,U,budget_exhausted,,raw_state_verified,run.py:numpy-batch
HiSD,0.0007943282347242822,0.002,2000000,14,-0.6640625,1.2093749999999999,completed,-1.7610122628952147,0.9572476536294436,196.18364684997525,42.51647618682438,1639.4475068505317,2000000,budget_exhausted,U,budget_exhausted,,raw_state_verified,run.py:numpy-batch
HiSD,0.0007943282347242822,0.002,2000000,15,-0.6546875000000001,1.2093749999999999,completed,-1.6932763582961243,0.8169046872992829,196.18364684997513,12.794177714195074,1286.5305214099972,2000000,budget_exhausted,U,budget_exhausted,,raw_state_verified,run.py:numpy-batch
HiSD,0.0007943282347242822,0.002,2000000,16,-0.6453125000000001,1.2093749999999999,completed,-1.6932763582961243,0.8169046872992829,196.18364684997513,12.794177714195074,1286.5305214099972,2000000,budget_exhausted,U,budget_exhausted,,raw_state_verified,run.py:numpy-batch
HiSD,0.0007943282347242822,0.002,2000000,17,-0.6359375,1.2093749999999999,completed,-1.6932763582961243,0.8169046872992829,196.18364684997513,12.794177714195074,1286.5305214099972,2000000,budget_exhausted,U,budget_exhausted,,raw_state_verified,run.py:numpy-batch
HiSD,0.0007943282347242822,0.002,2000000,18,-0.6265625,1.2093749999999999,completed,-1.6932763582961243,0.8169046872992829,196.18364684997513,12.794177714195074,1286.5305214099972,2000000,budget_exhausted,U,budget_exhausted,,raw_state_verified,run.py:numpy-batch
HiSD,0.0007943282347242822,0.002,2000000,19,-0.6171875,1.2093749999999999,completed,-1.6932763582961243,0.8169046872992829,196.18364684997513,12.794177714195074,1286.5305214099972,2000000,budget_exhausted,U,budget_exhausted,,raw_state_verified,run.py:numpy-batch
HiSD,0.0007943282347242822,0.002,2000000,20,-0.6078125000000001,1.2093749999999999,completed,-1.6932763582961243,0.8169046872992829,196.18364684997513,12.794177714195074,1286.5305214099972,2000000,budget_exhausted,U,budget_exhausted,,raw_state_verified,run.py:numpy-batch
HiSD,0.0007943282347242822,0.002,2000000,21,-0.5984375000000001,1.2093749999999999,completed,-1.6932763582961243,0.8169046872992829,196.18364684997513,12.794177714195074,1286.5305214099972,2000000,budget_exhausted,U,budget_exhausted,,raw_state_verified,run.py:numpy-batch
HiSD,0.0007943282347242822,0.002,2000000,22,-0.5890625,1.2093749999999999,completed,-1.6932763582961243,0.8169046872992829,196.18364684997513,12.794177714195074,1286.5305214099972,2000000,budget_exhausted,U,budget_exhausted,,raw_state_verified,run.py:numpy-batch
HiSD,0.0007943282347242822,0.002,2000000,23,-0.5796875,1.2093749999999999,completed,-1.6932763582961243,0.8169046872992829,196.18364684997513,12.794177714195074,1286.5305214099972,2000000,budget_exhausted,U,budget_exhausted,,raw_state_verified,run.py:numpy-batch
HiSD,0.0007943282347242822,0.002,2000000,24,-0.5703125,1.2093749999999999,completed,-1.6932763582961243,0.8169046872992829,196.18364684997513,12.794177714195074,1286.5305214099972,2000000,budget_exhausted,U,budget_exhausted,,raw_state_verified,run.py:numpy-batch
HiSD,0.0007943282347242822,0.002,2000000,25,-0.5609375000000001,1.2093749999999999,completed,-1.6932763582961243,0.8169046872992829,196.18364684997513,12.794177714195074,1286.5305214099972,2000000,budget_exhausted,U,budget_exhausted,,raw_state_verified,run.py:numpy-batch
HiSD,0.0007943282347242822,0.002,2000000,26,-0.5515625000000001,1.2093749999999999,completed,-1.7610122628952147,0.9572476536294436,196.18364684997525,42.51647618682438,1639.4475068505317,2000000,budget_exhausted,U,budget_exhausted,,raw_state_verified,run.py:numpy-batch
HiSD,0.0007943282347242822,0.002,2000000,27,-0.5421875,1.2093749999999999,completed,-1.6932763582961243,0.8169046872992829,196.18364684997513,12.794177714195074,1286.5305214099972,2000000,budget_exhausted,U,budget_exhausted,,raw_state_verified,run.py:numpy-batch
HiSD,0.0007943282347242822,0.002,2000000,29,-0.5234375,1.2093749999999999,completed,-0.44072929190625953,0.7382453727447008,327.71181561471076,-1047.2367394917592,718.309922031359,2000000,budget_exhausted,U,budget_exhausted,,raw_state_verified,run.py:numpy-batch
HiSD,0.0007943282347242822,0.002,2000000,30,-0.5140625000000001,1.2093749999999999,completed,-0.44072929190626,0.7382453727447011,327.7118156147111,-1047.2367394917615,718.3099220313583,2000000,budget_exhausted,U,budget_exhausted,,raw_state_verified,run.py:numpy-batch
HiSD,0.0007943282347242822,0.002,2000000,31,-0.5046875000000001,1.2093749999999999,completed,-0.44072929190625987,0.738245372744701,327.711815614711,-1047.2367394917612,718.3099220313583,2000000,budget_exhausted,U,budget_exhausted,,raw_state_verified,run.py:numpy-batch
HiSD,0.0007943282347242822,0.002,2000000,32,-0.7953125000000001,1.228125,completed,-1.6932763582961243,0.8169046872992829,196.18364684997513,12.794177714195074,1286.5305214099972,2000000,budget_exhausted,U,budget_exhausted,,raw_state_verified,run.py:numpy-batch
HiSD,0.0007943282347242822,0.002,2000000,33,-0.7859375000000001,1.228125,completed,-1.7610122628952147,0.9572476536294436,196.18364684997525,42.51647618682438,1639.4475068505317,2000000,budget_exhausted,U,budget_exhausted,,raw_state_verified,run.py:numpy-batch
HiSD,0.0007943282347242822,0.002,2000000,34,-0.7765625,1.228125,completed,-1.7610122628952147,0.9572476536294436,196.18364684997525,42.51647618682438,1639.4475068505317,2000000,budget_exhausted,U,budget_exhausted,,raw_state_verified,run.py:numpy-batch
HiSD,0.0007943282347242822,0.002,2000000,35,-0.7671875,1.228125,completed,-1.6932763582961243,0.8169046872992829,196.18364684997513,12.794177714195074,1286.5305214099972,2000000,budget_exhausted,U,budget_exhausted,,raw_state_verified,run.py:numpy-batch
HiSD,0.0007943282347242822,0.002,2000000,36,-0.7578125,1.228125,completed,-1.7610122628952147,0.9572476536294436,196.18364684997525,42.51647618682438,1639.4475068505317,2000000,budget_exhausted,U,budget_exhausted,,raw_state_verified,run.py:numpy-batch
HiSD,0.0007943282347242822,0.002,2000000,37,-0.7484375000000001,1.228125,completed,-0.8404304493468521,2.0563227130071,253.12378475630828,173.72455713020693,2249.110596519613,2000000,budget_exhausted,U,budget_exhausted,,raw_state_verified,run.py:numpy-batch
HiSD,0.0007943282347242822,0.002,2000000,38,-0.7390625000000001,1.228125,completed,-1.7610122628952147,0.9572476536294436,196.18364684997525,42.51647618682438,1639.4475068505317,2000000,budget_exhausted,U,budget_exhausted,,raw_state_verified,run.py:numpy-batch
HiSD,0.0007943282347242822,0.002,2000000,39,-0.7296875,1.228125,completed,-1.7610122628952147,0.9572476536294436,196.18364684997525,42.51647618682438,1639.4475068505317,2000000,budget_exhausted,U,budget_exhausted,,raw_state_verified,run.py:numpy-batch
HiSD,0.0007943282347242822,0.002,2000000,40,-0.7203125,1.228125,completed,-1.6932763582961243,0.8169046872992829,196.18364684997513,12.794177714195074,1286.5305214099972,2000000,budget_exhausted,U,budget_exhausted,,raw_state_verified,run.py:numpy-batch
HiSD,0.0007943282347242822,0.002,2000000,41,-0.7109375,1.228125,completed,-1.6932763582961243,0.8169046872992829,196.18364684997513,12.794177714195074,1286.5305214099972,2000000,budget_exhausted,U,budget_exhausted,,raw_state_verified,run.py:numpy-batch
HiSD,0.0007943282347242822,0.002,2000000,42,-0.7015625000000001,1.228125,completed,-1.6932763582961243,0.8169046872992829,196.18364684997513,12.794177714195074,1286.5305214099972,2000000,budget_exhausted,U,budget_exhausted,,raw_state_verified,run.py:numpy-batch
HiSD,0.0007943282347242822,0.002,2000000,43,-0.6921875000000001,1.228125,completed,-1.6932763582961243,0.8169046872992829,196.18364684997513,12.794177714195074,1286.5305214099972,2000000,budget_exhausted,U,budget_exhausted,,raw_state_verified,run.py:numpy-batch
HiSD,0.0007943282347242822,0.002,2000000,44,-0.6828125,1.228125,completed,-1.6932763582961243,0.8169046872992829,196.18364684997513,12.794177714195074,1286.5305214099972,2000000,budget_exhausted,U,budget_exhausted,,raw_state_verified,run.py:numpy-batch
HiSD,0.0007943282347242822,0.002,2000000,45,-0.6734375,1.228125,completed,-1.6932763582961243,0.8169046872992829,196.18364684997513,12.794177714195074,1286.5305214099972,2000000,budget_exhausted,U,budget_exhausted,,raw_state_verified,run.py:numpy-batch
HiSD,0.0007943282347242822,0.002,2000000,46,-0.6640625,1.228125,completed,-1.6932763582961243,0.8169046872992829,196.18364684997513,12.794177714195074,1286.5305214099972,2000000,budget_exhausted,U,budget_exhausted,,raw_state_verified,run.py:numpy-batch
HiSD,0.0007943282347242822,0.002,2000000,47,-0.6546875000000001,1.228125,completed,-1.6932763582961243,0.8169046872992829,196.18364684997513,12.794177714195074,1286.5305214099972,2000000,budget_exhausted,U,budget_exhausted,,raw_state_verified,run.py:numpy-batch
HiSD,0.0007943282347242822,0.002,2000000,48,-0.6453125000000001,1.228125,completed,-1.7610122628952147,0.9572476536294436,196.18364684997525,42.51647618682438,1639.4475068505317,2000000,budget_exhausted,U,budget_exhausted,,raw_state_verified,run.py:numpy-batch
HiSD,0.0007943282347242822,0.002,2000000,49,-0.6359375,1.228125,completed,-1.6932763582961243,0.8169046872992829,196.18364684997513,12.794177714195074,1286.5305214099972,2000000,budget_exhausted,U,budget_exhausted,,raw_state_verified,run.py:numpy-batch
HiSD,0.0007943282347242822,0.002,2000000,50,-0.6265625,1.228125,completed,-1.6932763582961243,0.8169046872992829,196.18364684997513,12.794177714195074,1286.5305214099972,2000000,budget_exhausted,U,budget_exhausted,,raw_state_verified,run.py:numpy-batch
HiSD,0.0007943282347242822,0.002,2000000,51,-0.6171875,1.228125,completed,-1.6932763582961243,0.8169046872992829,196.18364684997513,12.794177714195074,1286.5305214099972,2000000,budget_exhausted,U,budget_exhausted,,raw_state_verified,run.py:numpy-batch
HiSD,0.0007943282347242822,0.002,2000000,52,-0.6078125000000001,1.228125,completed,-1.6932763582961243,0.8169046872992829,196.18364684997513,12.794177714195074,1286.5305214099972,2000000,budget_exhausted,U,budget_exhausted,,raw_state_verified,run.py:numpy-batch
HiSD,0.0007943282347242822,0.002,2000000,53,-0.5984375000000001,1.228125,completed,-1.6932763582961243,0.8169046872992829,196.18364684997513,12.794177714195074,1286.5305214099972,2000000,budget_exhausted,U,budget_exhausted,,raw_state_verified,run.py:numpy-batch
HiSD,0.0007943282347242822,0.002,2000000,54,-0.5890625,1.228125,completed,-1.6932763582961243,0.8169046872992829,196.18364684997513,12.794177714195074,1286.5305214099972,2000000,budget_exhausted,U,budget_exhausted,,raw_state_verified,run.py:numpy-batch
HiSD,0.0007943282347242822,0.002,2000000,55,-0.5796875,1.228125,completed,-1.6932763582961243,0.8169046872992829,196.18364684997513,12.794177714195074,1286.5305214099972,2000000,budget_exhausted,U,budget_exhausted,,raw_state_verified,run.py:numpy-batch
HiSD,0.0007943282347242822,0.002,2000000,56,-0.5703125,1.228125,completed,-1.6932763582961243,0.8169046872992829,196.18364684997513,12.794177714195074,1286.5305214099972,2000000,budget_exhausted,U,budget_exhausted,,raw_state_verified,run.py:numpy-batch
HiSD,0.0007943282347242822,0.002,2000000,57,-0.5609375000000001,1.228125,completed,-1.6932763582961243,0.8169046872992829,196.18364684997513,12.794177714195074,1286.5305214099972,2000000,budget_exhausted,U,budget_exhausted,,raw_state_verified,run.py:numpy-batch
HiSD,0.0007943282347242822,0.002,2000000,58,-0.5515625000000001,1.228125,completed,-1.6932763582961243,0.8169046872992829,196.18364684997513,12.794177714195074,1286.5305214099972,2000000,budget_exhausted,U,budget_exhausted,,raw_state_verified,run.py:numpy-batch
HiSD,0.0007943282347242822,0.002,2000000,59,-0.5421875,1.228125,completed,-1.6932763582961243,0.8169046872992829,196.18364684997513,12.794177714195074,1286.5305214099972,2000000,budget_exhausted,U,budget_exhausted,,raw_state_verified,run.py:numpy-batch
HiSD,0.0007943282347242822,0.002,2000000,60,-0.5328125000000001,1.228125,completed,-1.7610122628952147,0.9572476536294436,196.18364684997525,42.51647618682438,1639.4475068505317,2000000,budget_exhausted,U,budget_exhausted,,raw_state_verified,run.py:numpy-batch
HiSD,0.0007943282347242822,0.002,2000000,61,-0.5234375,1.228125,completed,-1.6932763582961243,0.8169046872992829,196.18364684997513,12.794177714195074,1286.5305214099972,2000000,budget_exhausted,U,budget_exhausted,,raw_state_verified,run.py:numpy-batch
HiSD,0.0007943282347242822,0.002,2000000,62,-0.5140625000000001,1.228125,completed,-0.44072929190625976,0.7382453727447008,327.7118156147108,-1047.2367394917596,718.309922031359,2000000,budget_exhausted,U,budget_exhausted,,raw_state_verified,run.py:numpy-batch
HiSD,0.0007943282347242822,0.002,2000000,63,-0.5046875000000001,1.228125,completed,-0.44072929190626,0.7382453727447011,327.7118156147111,-1047.2367394917615,718.3099220313583,2000000,budget_exhausted,U,budget_exhausted,,raw_state_verified,run.py:numpy-batch
HiSD,0.0007943282347242822,0.002,2000000,64,-0.7953125000000001,1.246875,completed,-1.6932763582961243,0.8169046872992829,196.18364684997513,12.794177714195074,1286.5305214099972,2000000,budget_exhausted,U,budget_exhausted,,raw_state_verified,run.py:numpy-batch
HiSD,0.0007943282347242822,0.002,2000000,65,-0.7859375000000001,1.246875,completed,-1.6932763582961243,0.8169046872992829,196.18364684997513,12.794177714195074,1286.5305214099972,2000000,budget_exhausted,U,budget_exhausted,,raw_state_verified,run.py:numpy-batch
HiSD,0.0007943282347242822,0.002,2000000,66,-0.7765625,1.246875,completed,-1.6932763582961243,0.8169046872992829,196.18364684997513,12.794177714195074,1286.5305214099972,2000000,budget_exhausted,U,budget_exhausted,,raw_state_verified,run.py:numpy-batch
HiSD,0.0007943282347242822,0.002,2000000,67,-0.7671875,1.246875,completed,-1.6932763582961243,0.8169046872992829,196.18364684997513,12.794177714195074,1286.5305214099972,2000000,budget_exhausted,U,budget_exhausted,,raw_state_verified,run.py:numpy-batch
HiSD,0.0007943282347242822,0.002,2000000,68,-0.7578125,1.246875,completed,-0.7234335317200244,1.82059330366361,181.89981325645658,-565.2442316254045,1062.8471854307,2000000,budget_exhausted,U,budget_exhausted,,raw_state_verified,run.py:numpy-batch
HiSD,0.0007943282347242822,0.002,2000000,69,-0.7484375000000001,1.246875,completed,-0.7058451721913672,2.0430112103832228,170.25956431521752,79.17894106620359,1867.2064402906476,2000000,budget_exhausted,U,budget_exhausted,,raw_state_verified,run.py:numpy-batch
HiSD,0.0007943282347242822,0.002,2000000,70,-0.7390625000000001,1.246875,completed,-0.8663482939180069,1.8852076421920991,197.66531561335336,53.04532527864919,1568.6891644679456,2000000,budget_exhausted,U,budget_exhausted,,raw_state_verified,run.py:numpy-batch
HiSD,0.0007943282347242822,0.002,2000000,71,-0.7296875,1.246875,completed,-0.8404304493468521,2.0563227130071,253.12378475630828,173.72455713020693,2249.110596519613,2000000,budget_exhausted,U,budget_exhausted,,raw_state_verified,run.py:numpy-batch
HiSD,0.0007943282347242822,0.002,2000000,72,-0.7203125,1.246875,completed,-0.7058451721913672,2.0430112103832228,170.25956431521752,79.17894106620359,1867.2064402906476,2000000,budget_exhausted,U,budget_exhausted,,raw_state_verified,run.py:numpy-batch
HiSD,0.0007943282347242822,0.002,2000000,73,-0.7109375,1.246875,completed,-0.7235580933077719,1.8205121292861397,181.84019659383523,-564.9678672062897,1062.6004368204551,2000000,budget_exhausted,U,budget_exhausted,,raw_state_verified,run.py:numpy-batch
HiSD,0.0007943282347242822,0.002,2000000,74,-0.7015625000000001,1.246875,completed,-0.7058451721913672,2.0430112103832228,170.25956431521752,79.17894106620359,1867.2064402906476,2000000,budget_exhausted,U,budget_exhausted,,raw_state_verified,run.py:numpy-batch
HiSD,0.0007943282347242822,0.002,2000000,75,-0.6921875000000001,1.246875,completed,-0.8645719673986935,1.8737405301077383,192.0980169253888,39.38193982371622,1501.8482536286529,2000000,budget_exhausted,U,budget_exhausted,,raw_state_verified,run.py:numpy-batch
HiSD,0.0007943282347242822,0.002,2000000,76,-0.6828125,1.246875,completed,-1.7610122628952147,0.9572476536294436,196.18364684997525,42.51647618682438,1639.4475068505317,2000000,budget_exhausted,U,budget_exhausted,,raw_state_verified,run.py:numpy-batch
HiSD,0.0007943282347242822,0.002,2000000,77,-0.6734375,1.246875,completed,-0.8647268133590325,1.8746681675117804,192.53212344299524,40.56389774167784,1507.3208145508036,2000000,budget_exhausted,U,budget_exhausted,,raw_state_verified,run.py:numpy-batch
HiSD,0.0007943282347242822,0.002,2000000,78,-0.6640625,1.246875,completed,-0.8558724428999873,1.829370882069256,176.53166923311204,-36.38051211503432,1238.0667888799621,2000000,budget_exhausted,U,budget_exhausted,,raw_state_verified,run.py:numpy-batch
HiSD,0.0007943282347242822,0.002,2000000,79,-0.6546875000000001,1.246875,completed,-0.7058451721913672,2.0430112103832228,170.25956431521752,79.17894106620359,1867.2064402906476,2000000,budget_exhausted,U,budget_exhausted,,raw_state_verified,run.py:numpy-batch
HiSD,0.0007943282347242822,0.002,2000000,80,-0.6453125000000001,1.246875,completed,-0.7058451721913672,2.0430112103832228,170.25956431521752,79.17894106620359,1867.2064402906476,2000000,budget_exhausted,U,budget_exhausted,,raw_state_verified,run.py:numpy-batch
HiSD,0.0007943282347242822,0.002,2000000,81,-0.6359375,1.246875,completed,-1.6932763582961243,0.8169046872992829,196.18364684997513,12.794177714195074,1286.5305214099972,2000000,budget_exhausted,U,budget_exhausted,,raw_state_verified,run.py:numpy-batch
HiSD,0.0007943282347242822,0.002,2000000,82,-0.6265625,1.246875,completed,-1.6932763582961243,0.8169046872992829,196.18364684997513,12.794177714195074,1286.5305214099972,2000000,budget_exhausted,U,budget_exhausted,,raw_state_verified,run.py:numpy-batch
HiSD,0.0007943282347242822,0.002,2000000,83,-0.6171875,1.246875,completed,-1.6932763582961243,0.8169046872992829,196.18364684997513,12.794177714195074,1286.5305214099972,2000000,budget_exhausted,U,budget_exhausted,,raw_state_verified,run.py:numpy-batch
HiSD,0.0007943282347242822,0.002,2000000,84,-0.6078125000000001,1.246875,completed,-1.6932763582961243,0.8169046872992829,196.18364684997513,12.794177714195074,1286.5305214099972,2000000,budget_exhausted,U,budget_exhausted,,raw_state_verified,run.py:numpy-batch
HiSD,0.0007943282347242822,0.002,2000000,85,-0.5984375000000001,1.246875,completed,-1.6932763582961243,0.8169046872992829,196.18364684997513,12.794177714195074,1286.5305214099972,2000000,budget_exhausted,U,budget_exhausted,,raw_state_verified,run.py:numpy-batch
HiSD,0.0007943282347242822,0.002,2000000,86,-0.5890625,1.246875,completed,-1.6932763582961243,0.8169046872992829,196.18364684997513,12.794177714195074,1286.5305214099972,2000000,budget_exhausted,U,budget_exhausted,,raw_state_verified,run.py:numpy-batch
HiSD,0.0007943282347242822,0.002,2000000,87,-0.5796875,1.246875,completed,-1.6932763582961243,0.8169046872992829,196.18364684997513,12.794177714195074,1286.5305214099972,2000000,budget_exhausted,U,budget_exhausted,,raw_state_verified,run.py:numpy-batch
HiSD,0.0007943282347242822,0.002,2000000,88,-0.5703125,1.246875,completed,-1.6932763582961243,0.8169046872992829,196.18364684997513,12.794177714195074,1286.5305214099972,2000000,budget_exhausted,U,budget_exhausted,,raw_state_verified,run.py:numpy-batch
HiSD,0.0007943282347242822,0.002,2000000,89,-0.5609375000000001,1.246875,completed,-1.6932763582961243,0.8169046872992829,196.18364684997513,12.794177714195074,1286.5305214099972,2000000,budget_exhausted,U,budget_exhausted,,raw_state_verified,run.py:numpy-batch
HiSD,0.0007943282347242822,0.002,2000000,90,-0.5515625000000001,1.246875,completed,-1.6932763582961243,0.8169046872992829,196.18364684997513,12.794177714195074,1286.5305214099972,2000000,budget_exhausted,U,budget_exhausted,,raw_state_verified,run.py:numpy-batch
HiSD,0.0007943282347242822,0.002,2000000,91,-0.5421875,1.246875,completed,-1.6932763582961243,0.8169046872992829,196.18364684997513,12.794177714195074,1286.5305214099972,2000000,budget_exhausted,U,budget_exhausted,,raw_state_verified,run.py:numpy-batch
HiSD,0.0007943282347242822,0.002,2000000,92,-0.5328125000000001,1.246875,completed,-1.6932763582961243,0.8169046872992829,196.18364684997513,12.794177714195074,1286.5305214099972,2000000,budget_exhausted,U,budget_exhausted,,raw_state_verified,run.py:numpy-batch
HiSD,0.0007943282347242822,0.002,2000000,93,-0.5234375,1.246875,completed,-1.6932763582961243,0.8169046872992829,196.18364684997513,12.794177714195074,1286.5305214099972,2000000,budget_exhausted,U,budget_exhausted,,raw_state_verified,run.py:numpy-batch
HiSD,0.0007943282347242822,0.002,2000000,94,-0.5140625000000001,1.246875,completed,-1.7610122628952147,0.9572476536294436,196.18364684997525,42.51647618682438,1639.4475068505317,2000000,budget_exhausted,U,budget_exhausted,,raw_state_verified,run.py:numpy-batch
HiSD,0.0007943282347242822,0.002,2000000,95,-0.5046875000000001,1.246875,completed,-1.6932763582961243,0.8169046872992829,196.18364684997513,12.794177714195074,1286.5305214099972,2000000,budget_exhausted,U,budget_exhausted,,raw_state_verified,run.py:numpy-batch
HiSD,0.0007943282347242822,0.002,2000000,96,-0.7953125000000001,1.265625,completed,-1.7610122628952147,0.9572476536294436,196.18364684997525,42.51647618682438,1639.4475068505317,2000000,budget_exhausted,U,budget_exhausted,,raw_state_verified,run.py:numpy-batch
HiSD,0.0007943282347242822,0.002,2000000,97,-0.7859375000000001,1.265625,completed,-1.6932763582961243,0.8169046872992829,196.18364684997513,12.794177714195074,1286.5305214099972,2000000,budget_exhausted,U,budget_exhausted,,raw_state_verified,run.py:numpy-batch
HiSD,0.0007943282347242822,0.002,2000000,98,-0.7765625,1.265625,completed,-1.7610122628952147,0.9572476536294436,196.18364684997525,42.51647618682438,1639.4475068505317,2000000,budget_exhausted,U,budget_exhausted,,raw_state_verified,run.py:numpy-batch
HiSD,0.0007943282347242822,0.002,2000000,99,-0.7671875,1.265625,completed,-1.7610122628952147,0.9572476536294436,196.18364684997525,42.51647618682438,1639.4475068505317,2000000,budget_exhausted,U,budget_exhausted,,raw_state_verified,run.py:numpy-batch
HiSD,0.0007943282347242822,0.002,2000000,100,-0.7578125,1.265625,completed,-1.7610122628952147,0.9572476536294436,196.18364684997525,42.51647618682438,1639.4475068505317,2000000,budget_exhausted,U,budget_exhausted,,raw_state_verified,run.py:numpy-batch
HiSD,0.0007943282347242822,0.002,2000000,101,-0.7484375000000001,1.265625,completed,-0.7351342070677421,1.8686576887533315,161.85137622063377,-363.8956287274044,1185.9407669361158,2000000,budget_exhausted,U,budget_exhausted,,raw_state_verified,run.py:numpy-batch
HiSD,0.0007943282347242822,0.002,2000000,102,-0.7390625000000001,1.265625,completed,-0.7245035637984347,1.8199683804547007,181.36999132859546,-562.6864778263796,1060.8748248022907,2000000,budget_exhausted,U,budget_exhausted,,raw_state_verified,run.py:numpy-batch
HiSD,0.0007943282347242822,0.002,2000000,103,-0.7296875,1.265625,completed,-0.8404304493468521,2.0563227130071,253.12378475630828,173.72455713020693,2249.110596519613,2000000,budget_exhausted,U,budget_exhausted,,raw_state_verified,run.py:numpy-batch
HiSD,0.0007943282347242822,0.002,2000000,104,-0.7203125,1.265625,completed,-0.7058451721913672,2.0430112103832228,170.25956431521752,79.17894106620359,1867.2064402906476,2000000,budget_exhausted,U,budget_exhausted,,raw_state_verified,run.py:numpy-batch
HiSD,0.0007943282347242822,0.002,2000000,105,-0.7109375,1.265625,completed,-0.7203324241699274,1.8242001566023123,182.9631599429642,-568.1285073310218,1072.1834986662252,2000000,budget_exhausted,U,budget_exhausted,,raw_state_verified,run.py:numpy-batch
HiSD,0.0007943282347242822,0.002,2000000,106,-0.7015625000000001,1.265625,completed,-0.7208897002127587,1.8232072241131267,182.8648100348711,-568.4840200236126,1069.810407619395,2000000,budget_exhausted,U,budget_exhausted,,raw_state_verified,run.py:numpy-batch
HiSD,0.0007943282347242822,0.002,2000000,107,-0.6921875000000001,1.265625,completed,-0.8647991316332777,1.8746052849262549,192.59367325685207,40.57710274800425,1507.2410389446686,2000000,budget_exhausted,U,budget_exhausted,,raw_state_verified,run.py:numpy-batch
HiSD,0.0007943282347242822,0.002,2000000,108,-0.6828125,1.265625,completed,-0.7095889004267426,1.903656516765304,175.50046140252155,-352.7178408200827,1283.1117793479311,2000000,budget_exhausted,U,budget_exhausted,,raw_state_verified,run.py:numpy-batch
HiSD,0.0007943282347242822,0.002,2000000,109,-0.6734375,1.265625,completed,-0.8666752413830389,1.8916401175792985,200.3051147196102,59.45846351189556,1603.450762955095,2000000,budget_exhausted,U,budget_exhausted,,raw_state_verified,run.py:numpy-batch
HiSD,0.0007943282347242822,0.002,2000000,110,-0.6640625,1.265625,completed,-0.8632295218840003,1.7931670348530153,181.19072546941902,-83.47678298828917,1079.5950618536908,2000000,budget_exhausted,U,budget_exhausted,,raw_state_verified,run.py:numpy-batch
HiSD,0.0007943282347242822,0.002,2000000,111,-0.6546875000000001,1.265625,completed,-0.8657234783923661,1.8793678220790548,195.0521853166752,46.58575800651827,1535.7283443382717,2000000,budget_exhausted,U,budget_exhausted,,raw_state_verified,run.py:numpy-batch
HiSD,0.0007943282347242822,0.002,2000000,112,-0.6453125000000001,1.265625,completed,-0.8652403457024236,1.877599989008803,193.96537970480392,44.24618751039756,1524.6761652781313,2000000,budget_exhausted,U,budget_exhausted,,raw_state_verified,run.py:numpy-batch
HiSD,0.0007943282347242822,0.002,2000000,113,-0.6359375,1.265625,completed,-0.8665107827161349,1.8877409825155935,198.72365300344643,55.64122763540131,1582.5344905612399,2000000,budget_exhausted,U,budget_exhausted,,raw_state_verified,run.py:numpy-batch
HiSD,0.0007943282347242822,0.002,2000000,114,-0.6265625,1.265625,completed,-0.7438938814098915,1.87210230292766,155.954010616569,-312.93862534194074,1203.5796877710466,2000000,budget_exhausted,U,budget_exhausted,,raw_state_verified,run.py:numpy-batch
HiSD,0.0007943282347242822,0.002,2000000,115,-0.6171875,1.265625,completed,-0.7058451721913672,2.0430112103832228,170.25956431521752,79.17894106620359,1867.2064402906476,2000000,budget_exhausted,U,budget_exhausted,,raw_state_verified,run.py:numpy-batch
HiSD,0.0007943282347242822,0.002,2000000,116,-0.6078125000000001,1.265625,completed,-0.864449364729297,1.7915411189142005,181.99965532666613,-83.1286005869097,1075.033336526557,2000000,budget_exhausted,U,budget_exhausted,,raw_state_verified,run.py:numpy-batch
HiSD,0.0007943282347242822,0.002,2000000,117,-0.5984375000000001,1.265625,completed,-1.7610122628952147,0.9572476536294436,196.18364684997525,42.51647618682438,1639.4475068505317,2000000,budget_exhausted,U,budget_exhausted,,raw_state_verified,run.py:numpy-batch
HiSD,0.0007943282347242822,0.002,2000000,118,-0.5890625,1.265625,completed,-1.6932763582961243,0.8169046872992829,196.18364684997513,12.794177714195074,1286.5305214099972,2000000,budget_exhausted,U,budget_exhausted,,raw_state_verified,run.py:numpy-batch
HiSD,0.0007943282347242822,0.002,2000000,119,-0.5796875,1.265625,completed,-1.6932763582961243,0.8169046872992829,196.18364684997513,12.794177714195074,1286.5305214099972,2000000,budget_exhausted,U,budget_exhausted,,raw_state_verified,run.py:numpy-batch
HiSD,0.0007943282347242822,0.002,2000000,120,-0.5703125,1.265625,completed,-1.6932763582961243,0.8169046872992829,196.18364684997513,12.794177714195074,1286.5305214099972,2000000,budget_exhausted,U,budget_exhausted,,raw_state_verified,run.py:numpy-batch
HiSD,0.0007943282347242822,0.002,2000000,121,-0.5609375000000001,1.265625,completed,-1.6932763582961243,0.8169046872992829,196.18364684997513,12.794177714195074,1286.5305214099972,2000000,budget_exhausted,U,budget_exhausted,,raw_state_verified,run.py:numpy-batch
HiSD,0.0007943282347242822,0.002,2000000,122,-0.5515625000000001,1.265625,completed,-1.6932763582961243,0.8169046872992829,196.18364684997513,12.794177714195074,1286.5305214099972,2000000,budget_exhausted,U,budget_exhausted,,raw_state_verified,run.py:numpy-batch
HiSD,0.0007943282347242822,0.002,2000000,123,-0.5421875,1.265625,completed,-1.6932763582961243,0.8169046872992829,196.18364684997513,12.794177714195074,1286.5305214099972,2000000,budget_exhausted,U,budget_exhausted,,raw_state_verified,run.py:numpy-batch
HiSD,0.0007943282347242822,0.002,2000000,124,-0.5328125000000001,1.265625,completed,-1.6932763582961243,0.8169046872992829,196.18364684997513,12.794177714195074,1286.5305214099972,2000000,budget_exhausted,U,budget_exhausted,,raw_state_verified,run.py:numpy-batch
HiSD,0.0007943282347242822,0.002,2000000,125,-0.5234375,1.265625,completed,-1.6932763582961243,0.8169046872992829,196.18364684997513,12.794177714195074,1286.5305214099972,2000000,budget_exhausted,U,budget_exhausted,,raw_state_verified,run.py:numpy-batch
HiSD,0.0007943282347242822,0.002,2000000,126,-0.5140625000000001,1.265625,completed,-1.6932763582961243,0.8169046872992829,196.18364684997513,12.794177714195074,1286.5305214099972,2000000,budget_exhausted,U,budget_exhausted,,raw_state_verified,run.py:numpy-batch
HiSD,0.0007943282347242822,0.002,2000000,127,-0.5046875000000001,1.265625,completed,-1.6932763582961243,0.8169046872992829,196.18364684997513,12.794177714195074,1286.5305214099972,2000000,budget_exhausted,U,budget_exhausted,,raw_state_verified,run.py:numpy-batch
HiSD,0.0007943282347242822,0.002,2000000,128,-0.7953125000000001,1.284375,completed,-1.7610122628952147,0.9572476536294436,196.18364684997525,42.51647618682438,1639.4475068505317,2000000,budget_exhausted,U,budget_exhausted,,raw_state_verified,run.py:numpy-batch
HiSD,0.0007943282347242822,0.002,2000000,129,-0.7859375000000001,1.284375,completed,-1.7610122628952147,0.9572476536294436,196.18364684997525,42.51647618682438,1639.4475068505317,2000000,budget_exhausted,U,budget_exhausted,,raw_state_verified,run.py:numpy-batch
HiSD,0.0007943282347242822,0.002,2000000,130,-0.7765625,1.284375,completed,-1.7610122628952147,0.9572476536294436,196.18364684997525,42.51647618682438,1639.4475068505317,2000000,budget_exhausted,U,budget_exhausted,,raw_state_verified,run.py:numpy-batch
HiSD,0.0007943282347242822,0.002,2000000,131,-0.7671875,1.284375,completed,-1.6932763582961243,0.8169046872992829,196.18364684997513,12.794177714195074,1286.5305214099972,2000000,budget_exhausted,U,budget_exhausted,,raw_state_verified,run.py:numpy-batch
HiSD,0.0007943282347242822,0.002,2000000,132,-0.7578125,1.284375,completed,-0.7392864998028195,1.8695772381923743,159.11100956149116,-342.0946827789733,1191.5052388592808,2000000,budget_exhausted,U,budget_exhausted,,raw_state_verified,run.py:numpy-batch
HiSD,0.0007943282347242822,0.002,2000000,133,-0.7484375000000001,1.284375,completed,-0.8404304493468521,2.0563227130071,253.12378475630828,173.72455713020693,2249.110596519613,2000000,budget_exhausted,U,budget_exhausted,,raw_state_verified,run.py:numpy-batch
HiSD,0.0007943282347242822,0.002,2000000,134,-0.7390625000000001,1.284375,completed,-0.7402594470419472,1.869461549562477,158.56330056032456,-338.1613814302543,1191.8020871284793,2000000,budget_exhausted,U,budget_exhausted,,raw_state_verified,run.py:numpy-batch
HiSD,0.0007943282347242822,0.002,2000000,135,-0.7296875,1.284375,completed,-0.7438821522976508,1.87217253804633,155.94578563356595,-312.74795626140286,1203.8117092494067,2000000,budget_exhausted,U,budget_exhausted,,raw_state_verified,run.py:numpy-batch
HiSD,0.0007943282347242822,0.002,2000000,136,-0.7203125,1.284375,completed,-0.7058451721913672,2.0430112103832228,170.25956431521752,79.17894106620359,1867.2064402906476,2000000,budget_exhausted,U,budget_exhausted,,raw_state_verified,run.py:numpy-batch
HiSD,0.0007943282347242822,0.002,2000000,137,-0.7109375,1.284375,completed,-0.7095889004267424,1.9036565167653046,175.50046140252158,-352.71784082007844,1283.1117793479339,2000000,budget_exhausted,U,budget_exhausted,,raw_state_verified,run.py:numpy-batch
HiSD,0.0007943282347242822,0.002,2000000,138,-0.7015625000000001,1.284375,completed,-0.7208641254624073,1.8232650539894413,182.86560369506427,-568.4371460140313,1069.9439391406997,2000000,budget_exhausted,U,budget_exhausted,,raw_state_verified,run.py:numpy-batch
HiSD,0.0007943282347242822,0.002,2000000,139,-0.6921875000000001,1.284375,completed,-0.7058451721913673,2.043011210383222,170.25956431521743,79.17894106620115,1867.2064402906433,2000000,budget_exhausted,U,budget_exhausted,,raw_state_verified,run.py:numpy-batch
HiSD,0.0007943282347242822,0.002,2000000,140,-0.6828125,1.284375,completed,-0.7222977758232532,1.8215766256762984,182.37682625141935,-567.1545590249517,1065.5867231236682,2000000,budget_exhausted,U,budget_exhausted,,raw_state_verified,run.py:numpy-batch
HiSD,0.0007943282347242822,0.002,2000000,141,-0.6734375,1.284375,completed,-0.8678642893606332,1.8335812040155395,186.7742790760795,-5.368732567894088,1298.9309307360118,2000000,budget_exhausted,U,budget_exhausted,,raw_state_verified,run.py:numpy-batch
HiSD,0.0007943282347242822,0.002,2000000,142,-0.6640625,1.284375,completed,-0.8608388249787323,1.7954566603014888,179.6468129052639,-85.89277243727507,1084.2912940045717,2000000,budget_exhausted,U,budget_exhausted,,raw_state_verified,run.py:numpy-batch
HiSD,0.0007943282347242822,0.002,2000000,143,-0.6546875000000001,1.284375,completed,-0.7095889004267424,1.9036565167653046,175.50046140252158,-352.71784082007844,1283.1117793479339,2000000,budget_exhausted,U,budget_exhausted,,raw_state_verified,run.py:numpy-batch
HiSD,0.0007943282347242822,0.002,2000000,144,-0.6453125000000001,1.284375,completed,-0.7417653938827962,1.8705465583029681,157.46637747611243,-327.70929029889516,1196.5393984374393,2000000,budget_exhausted,U,budget_exhausted,,raw_state_verified,run.py:numpy-batch
HiSD,0.0007943282347242822,0.002,2000000,145,-0.6359375,1.284375,completed,-0.7286475131636156,1.866459373168211,166.60251552423452,-400.835854025562,1176.1887830974008,2000000,budget_exhausted,U,budget_exhausted,,raw_state_verified,run.py:numpy-batch
HiSD,0.0007943282347242822,0.002,2000000,146,-0.6265625,1.284375,completed,-0.7226694854623313,1.821127604676569,182.25750935350695,-566.8470002904676,1064.4344848315206,2000000,budget_exhausted,U,budget_exhausted,,raw_state_verified,run.py:numpy-batch
HiSD,0.0007943282347242822,0.002,2000000,147,-0.6171875,1.284375,completed,-0.8593073899594865,1.7957933339722068,178.7188082586072,-89.70161802898701,1081.9821540833946,2000000,budget_exhausted,U,budget_exhausted,,raw_state_verified,run.py:numpy-batch
HiSD,0.0007943282347242822,0.002,2000000,148,-0.6078125000000001,1.284375,completed,-0.8611369653222899,1.7928559037571665,179.94719534140174,-90.19005666132,1072.7805335363937,2000000,budget_exhausted,U,budget_exhausted,,raw_state_verified,run.py:numpy-batch
HiSD,0.0007943282347242822,0.002,2000000,149,-0.5984375000000001,1.284375,completed,-0.7285843486297938,1.8664264691122445,166.65291469629395,-401.2361755849533,1176.0679815671542,2000000,budget_exhausted,U,budget_exhausted,,raw_state_verified,run.py:numpy-batch
HiSD,0.0007943282347242822,0.002,2000000,150,-0.5890625,1.284375,completed,-0.8584821653942679,1.7973900713624293,178.15254946978914,-88.92165450327506,1087.4194351421563,2000000,budget_exhausted,U,budget_exhausted,,raw_state_verified,run.py:numpy-batch
HiSD,0.0007943282347242822,0.002,2000000,151,-0.5796875,1.284375,completed,-0.7448447174333819,1.8728842275201716,155.27723229862124,-306.076167914839,1207.1307414680482,2000000,budget_exhausted,U,budget_exhausted,,raw_state_verified,run.py:numpy-batch
HiSD,0.0007943282347242822,0.002,2000000,152,-0.5703125,1.284375,completed,-1.6932763582961243,0.8169046872992829,196.18364684997513,12.794177714195074,1286.5305214099972,2000000,budget_exhausted,U,budget_exhausted,,raw_state_verified,run.py:numpy-batch
HiSD,0.0007943282347242822,0.002,2000000,153,-0.5609375000000001,1.284375,completed,-1.6932763582961243,0.8169046872992829,196.18364684997513,12.794177714195074,1286.5305214099972,2000000,budget_exhausted,U,budget_exhausted,,raw_state_verified,run.py:numpy-batch
HiSD,0.0007943282347242822,0.002,2000000,154,-0.5515625000000001,1.284375,completed,-1.6932763582961243,0.8169046872992829,196.18364684997513,12.794177714195074,1286.5305214099972,2000000,budget_exhausted,U,budget_exhausted,,raw_state_verified,run.py:numpy-batch
HiSD,0.0007943282347242822,0.002,2000000,155,-0.5421875,1.284375,completed,-1.6932763582961243,0.8169046872992829,196.18364684997513,12.794177714195074,1286.5305214099972,2000000,budget_exhausted,U,budget_exhausted,,raw_state_verified,run.py:numpy-batch
HiSD,0.0007943282347242822,0.002,2000000,156,-0.5328125000000001,1.284375,completed,-1.6932763582961243,0.8169046872992829,196.18364684997513,12.794177714195074,1286.5305214099972,2000000,budget_exhausted,U,budget_exhausted,,raw_state_verified,run.py:numpy-batch
HiSD,0.0007943282347242822,0.002,2000000,157,-0.5234375,1.284375,completed,-1.6932763582961243,0.8169046872992829,196.18364684997513,12.794177714195074,1286.5305214099972,2000000,budget_exhausted,U,budget_exhausted,,raw_state_verified,run.py:numpy-batch
HiSD,0.0007943282347242822,0.002,2000000,158,-0.5140625000000001,1.284375,completed,-1.6932763582961243,0.8169046872992829,196.18364684997513,12.794177714195074,1286.5305214099972,2000000,budget_exhausted,U,budget_exhausted,,raw_state_verified,run.py:numpy-batch
HiSD,0.0007943282347242822,0.002,2000000,159,-0.5046875000000001,1.284375,completed,-1.6932763582961243,0.8169046872992829,196.18364684997513,12.794177714195074,1286.5305214099972,2000000,budget_exhausted,U,budget_exhausted,,raw_state_verified,run.py:numpy-batch
HiSD,0.0007943282347242822,0.002,2000000,160,-0.7953125000000001,1.3031249999999999,completed,-1.7610122628952147,0.9572476536294436,196.18364684997525,42.51647618682438,1639.4475068505317,2000000,budget_exhausted,U,budget_exhausted,,raw_state_verified,run.py:numpy-batch
HiSD,0.0007943282347242822,0.002,2000000,161,-0.7859375000000001,1.3031249999999999,completed,-1.7610122628952147,0.9572476536294436,196.18364684997525,42.51647618682438,1639.4475068505317,2000000,budget_exhausted,U,budget_exhausted,,raw_state_verified,run.py:numpy-batch
HiSD,0.0007943282347242822,0.002,2000000,162,-0.7765625,1.3031249999999999,completed,-1.7610122628952147,0.9572476536294436,196.18364684997525,42.51647618682438,1639.4475068505317,2000000,budget_exhausted,U,budget_exhausted,,raw_state_verified,run.py:numpy-batch
HiSD,0.0007943282347242822,0.002,2000000,163,-0.7671875,1.3031249999999999,completed,-1.7610122628952147,0.9572476536294436,196.18364684997525,42.51647618682438,1639.4475068505317,2000000,budget_exhausted,U,budget_exhausted,,raw_state_verified,run.py:numpy-batch
HiSD,0.0007943282347242822,0.002,2000000,164,-0.7578125,1.3031249999999999,completed,-1.7610122628952147,0.9572476536294436,196.18364684997525,42.51647618682438,1639.4475068505317,2000000,budget_exhausted,U,budget_exhausted,,raw_state_verified,run.py:numpy-batch
HiSD,0.0007943282347242822,0.002,2000000,165,-0.7484375000000001,1.3031249999999999,completed,-0.7242366126876743,1.8200848911101588,181.51326887134837,-563.4236610252159,1061.2870476060693,2000000,budget_exhausted,U,budget_exhausted,,raw_state_verified,run.py:numpy-batch
HiSD,0.0007943282347242822,0.002,2000000,166,-0.7390625000000001,1.3031249999999999,completed,-0.7225336298330037,1.8212438343555983,182.3152881040402,-567.078837660969,1064.759433703241,2000000,budget_exhausted,U,budget_exhausted,,raw_state_verified,run.py:numpy-batch
HiSD,0.0007943282347242822,0.002,2000000,167,-0.7296875,1.3031249999999999,completed,-0.7313706008502894,1.8666363250048086,164.72248013110007,-387.91483581258115,1177.786814418534,2000000,budget_exhausted,U,budget_exhausted,,raw_state_verified,run.py:numpy-batch
HiSD,0.0007943282347242822,0.002,2000000,168,-0.7203125,1.3031249999999999,completed,-0.7396699833861716,1.8691440654523315,158.97638029147976,-341.8906539936213,1190.3430601305026,2000000,budget_exhausted,U,budget_exhausted,,raw_state_verified,run.py:numpy-batch
HiSD,0.0007943282347242822,0.002,2000000,169,-0.7109375,1.3031249999999999,completed,-0.7422668298386823,1.8709279339522549,157.10237604261187,-324.1691365258362,1198.2196560748125,2000000,budget_exhausted,U,budget_exhausted,,raw_state_verified,run.py:numpy-batch
HiSD,0.0007943282347242822,0.002,2000000,170,-0.7015625000000001,1.3031249999999999,completed,-0.8640129220627442,1.8561547103423077,187.17697701176135,18.113257619031106,1406.050797082105,2000000,budget_exhausted,U,budget_exhausted,,raw_state_verified,run.py:numpy-batch
HiSD,0.0007943282347242822,0.002,2000000,171,-0.6921875000000001,1.3031249999999999,completed,-0.7387771073599093,1.8694345353884345,159.44463721642222,-344.8643590261578,1190.6910997370499,2000000,budget_exhausted,U,budget_exhausted,,raw_state_verified,run.py:numpy-batch
HiSD,0.0007943282347242822,0.002,2000000,172,-0.6828125,1.3031249999999999,completed,-0.7095889004267424,1.9036565167653046,175.50046140252158,-352.71784082007844,1283.1117793479339,2000000,budget_exhausted,U,budget_exhausted,,raw_state_verified,run.py:numpy-batch
HiSD,0.0007943282347242822,0.002,2000000,173,-0.6734375,1.3031249999999999,completed,-0.8596090785179586,1.8478675332323453,181.5343056600616,-0.043637347754374486,1346.8057486358146,2000000,budget_exhausted,U,budget_exhausted,,raw_state_verified,run.py:numpy-batch
HiSD,0.0007943282347242822,0.002,2000000,174,-0.6640625,1.3031249999999999,completed,-0.7246791126022574,1.8198808267023519,181.27941138030909,-562.2287155689786,1060.5818476363877,2000000,budget_exhausted,U,budget_exhausted,,raw_state_verified,run.py:numpy-batch
HiSD,0.0007943282347242822,0.002,2000000,175,-0.6546875000000001,1.3031249999999999,completed,-0.8653592242152524,1.876887026830896,193.8845284758665,43.623410462920276,1521.3161171867114,2000000,budget_exhausted,U,budget_exhausted,,raw_state_verified,run.py:numpy-batch
HiSD,0.0007943282347242822,0.002,2000000,176,-0.6453125000000001,1.3031249999999999,completed,-0.8578853466150946,1.8427431215997057,179.33316567010345,-10.714122262584077,1314.0020560742862,2000000,budget_exhausted,U,budget_exhausted,,raw_state_verified,run.py:numpy-batch
HiSD,0.0007943282347242822,0.002,2000000,177,-0.6359375,1.3031249999999999,completed,-0.8404304493468521,2.0563227130071,253.12378475630828,173.72455713020693,2249.110596519613,2000000,budget_exhausted,U,budget_exhausted,,raw_state_verified,run.py:numpy-batch
HiSD,0.0007943282347242822,0.002,2000000,178,-0.6265625,1.3031249999999999,completed,-0.8404304493468521,2.0563227130071,253.12378475630828,173.72455713020693,2249.110596519613,2000000,budget_exhausted,U,budget_exhausted,,raw_state_verified,run.py:numpy-batch
HiSD,0.0007943282347242822,0.002,2000000,179,-0.6171875,1.3031249999999999,completed,-0.865425188824014,1.87845050669322,194.43152833939087,45.32920899934424,1529.8286520825968,2000000,budget_exhausted,U,budget_exhausted,,raw_state_verified,run.py:numpy-batch
HiSD,0.0007943282347242822,0.002,2000000,180,-0.6078125000000001,1.3031249999999999,completed,-0.8660094254240724,1.882017626633408,196.21903875660308,49.56449328998968,1550.7205792401169,2000000,budget_exhausted,U,budget_exhausted,,raw_state_verified,run.py:numpy-batch
HiSD,0.0007943282347242822,0.002,2000000,181,-0.5984375000000001,1.3031249999999999,completed,-0.8647580144721431,1.8633089159192593,189.55346951959655,27.814544523147095,1446.895327804556,2000000,budget_exhausted,U,budget_exhausted,,raw_state_verified,run.py:numpy-batch
HiSD,0.0007943282347242822,0.002,2000000,182,-0.5890625,1.3031249999999999,completed,-0.8652890032128724,1.877891654912773,194.1081200125826,44.60332312224071,1526.391817992616,2000000,budget_exhausted,U,budget_exhausted,,raw_state_verified,run.py:numpy-batch
HiSD,0.0007943282347242822,0.002,2000000,183,-0.5796875,1.3031249999999999,completed,-0.8649296789799962,1.8755078980150768,192.99898435388238,41.69262309429896,1512.491937017534,2000000,budget_exhausted,U,budget_exhausted,,raw_state_verified,run.py:numpy-batch
HiSD,0.0007943282347242822,0.002,2000000,184,-0.5703125,1.3031249999999999,completed,-0.8579593695405983,1.8268041146569056,177.94622295281835,-35.96572758899188,1231.3441071227357,2000000,budget_exhausted,U,budget_exhausted,,raw_state_verified,run.py:numpy-batch
HiSD,0.0007943282347242822,0.002,2000000,185,-0.5609375000000001,1.3031249999999999,completed,-0.8658334815649191,1.8813073035049201,195.78857562806323,48.67557470470382,1546.3578992638315,2000000,budget_exhausted,U,budget_exhausted,,raw_state_verified,run.py:numpy-batch
HiSD,0.0007943282347242822,0.002,2000000,186,-0.5515625000000001,1.3031249999999999,completed,-0.8659130730223552,1.8818803996446898,196.06368044058922,49.33255058163128,1549.6595389132908,2000000,budget_exhausted,U,budget_exhausted,,raw_state_verified,run.py:numpy-batch
HiSD,0.0007943282347242822,0.002,2000000,187,-0.5421875,1.3031249999999999,completed,-1.6932763582961243,0.8169046872992829,196.18364684997513,12.794177714195074,1286.5305214099972,2000000,budget_exhausted,U,budget_exhausted,,raw_state_verified,run.py:numpy-batch
HiSD,0.0007943282347242822,0.002,2000000,188,-0.5328125000000001,1.3031249999999999,completed,-1.6932763582961243,0.8169046872992829,196.18364684997513,12.794177714195074,1286.5305214099972,2000000,budget_exhausted,U,budget_exhausted,,raw_state_verified,run.py:numpy-batch
HiSD,0.0007943282347242822,0.002,2000000,189,-0.5234375,1.3031249999999999,completed,-1.6932763582961243,0.8169046872992829,196.18364684997513,12.794177714195074,1286.5305214099972,2000000,budget_exhausted,U,budget_exhausted,,raw_state_verified,run.py:numpy-batch
HiSD,0.0007943282347242822,0.002,2000000,190,-0.5140625000000001,1.3031249999999999,completed,-1.6932763582961243,0.8169046872992829,196.18364684997513,12.794177714195074,1286.5305214099972,2000000,budget_exhausted,U,budget_exhausted,,raw_state_verified,run.py:numpy-batch
HiSD,0.0007943282347242822,0.002,2000000,191,-0.5046875000000001,1.3031249999999999,completed,-1.6932763582961243,0.8169046872992829,196.18364684997513,12.794177714195074,1286.5305214099972,2000000,budget_exhausted,U,budget_exhausted,,raw_state_verified,run.py:numpy-batch
HiSD,0.0007943282347242822,0.002,2000000,192,-0.7953125000000001,1.321875,completed,-0.8649337449272226,1.7929873760543158,182.2514649899294,-78.9673716930812,1083.2000281428445,2000000,budget_exhausted,U,budget_exhausted,,raw_state_verified,run.py:numpy-batch
HiSD,0.0007943282347242822,0.002,2000000,193,-0.7859375000000001,1.321875,completed,-0.8575794188658062,1.7984315541910925,177.56914969387458,-89.47854442177439,1090.045425822435,2000000,budget_exhausted,U,budget_exhausted,,raw_state_verified,run.py:numpy-batch
HiSD,0.0007943282347242822,0.002,2000000,194,-0.7765625,1.321875,completed,-1.7610122628952147,0.9572476536294436,196.18364684997525,42.51647618682438,1639.4475068505317,2000000,budget_exhausted,U,budget_exhausted,,raw_state_verified,run.py:numpy-batch
HiSD,0.0007943282347242822,0.002,2000000,195,-0.7671875,1.321875,completed,-1.6932763582961243,0.8169046872992829,196.18364684997513,12.794177714195074,1286.5305214099972,2000000,budget_exhausted,U,budget_exhausted,,raw_state_verified,run.py:numpy-batch
HiSD,0.0007943282347242822,0.002,2000000,196,-0.7578125,1.321875,completed,-1.7610122628952147,0.9572476536294436,196.18364684997525,42.51647618682438,1639.4475068505317,2000000,budget_exhausted,U,budget_exhausted,,raw_state_verified,run.py:numpy-batch
HiSD,0.0007943282347242822,0.002,2000000,197,-0.7484375000000001,1.321875,completed,-0.7243839346124392,1.8200003058875969,181.44031486303885,-563.0676053715044,1061.0185381187255,2000000,budget_exhausted,U,budget_exhausted,,raw_state_verified,run.py:numpy-batch
HiSD,0.0007943282347242822,0.002,2000000,198,-0.7390625000000001,1.321875,completed,-0.863978505707163,1.791605981703526,181.7091413577111,-84.35855193843621,1074.1228299254576,2000000,budget_exhausted,U,budget_exhausted,,raw_state_verified,run.py:numpy-batch
HiSD,0.0007943282347242822,0.002,2000000,199,-0.7296875,1.321875,completed,-0.8651365219734128,1.8758846848903525,193.33876977158525,42.32174991448457,1515.2182437020515,2000000,budget_exhausted,U,budget_exhausted,,raw_state_verified,run.py:numpy-batch
HiSD,0.0007943282347242822,0.002,2000000,200,-0.7203125,1.321875,completed,-0.7095889004267426,1.903656516765304,175.50046140252155,-352.7178408200827,1283.1117793479311,2000000,budget_exhausted,U,budget_exhausted,,raw_state_verified,run.py:numpy-batch
HiSD,0.0007943282347242822,0.002,2000000,201,-0.7109375,1.321875,completed,-0.8587637478369509,1.7967383023923151,178.35094409749053,-89.40378073771971,1085.0593025316932,2000000,budget_exhausted,U,budget_exhausted,,raw_state_verified,run.py:numpy-batch
HiSD,0.0007943282347242822,0.002,2000000,202,-0.7015625000000001,1.321875,completed,-0.7396312053878709,1.869693203336165,158.88258378001382,-340.1546910363282,1192.126038221381,2000000,budget_exhausted,U,budget_exhausted,,raw_state_verified,run.py:numpy-batch
HiSD,0.0007943282347242822,0.002,2000000,203,-0.6921875000000001,1.321875,completed,-0.7095889004267424,1.9036565167653046,175.50046140252158,-352.71784082007844,1283.1117793479339,2000000,budget_exhausted,U,budget_exhausted,,raw_state_verified,run.py:numpy-batch
HiSD,0.0007943282347242822,0.002,2000000,204,-0.6828125,1.321875,completed,-0.7058451721913672,2.0430112103832228,170.25956431521752,79.17894106620359,1867.2064402906476,2000000,budget_exhausted,U,budget_exhausted,,raw_state_verified,run.py:numpy-batch
HiSD,0.0007943282347242822,0.002,2000000,205,-0.6734375,1.321875,completed,-0.7095889004267424,1.9036565167653046,175.50046140252158,-352.71784082007844,1283.1117793479339,2000000,budget_exhausted,U,budget_exhausted,,raw_state_verified,run.py:numpy-batch
HiSD,0.0007943282347242822,0.002,2000000,206,-0.6640625,1.321875,completed,-0.7058451721913672,2.0430112103832228,170.25956431521752,79.17894106620359,1867.2064402906476,2000000,budget_exhausted,U,budget_exhausted,,raw_state_verified,run.py:numpy-batch
HiSD,0.0007943282347242822,0.002,2000000,207,-0.6546875000000001,1.321875,completed,-0.8614379672484337,1.7950729623932402,180.02472425239196,-84.91327789982523,1084.0134905417447,2000000,budget_exhausted,U,budget_exhausted,,raw_state_verified,run.py:numpy-batch
HiSD,0.0007943282347242822,0.002,2000000,208,-0.6453125000000001,1.321875,completed,-0.739368219353411,1.8690045750589945,159.18429795661982,-343.7215743765752,1189.679231580686,2000000,budget_exhausted,U,budget_exhausted,,raw_state_verified,run.py:numpy-batch
HiSD,0.0007943282347242822,0.002,2000000,209,-0.6359375,1.321875,completed,-0.8635149039799052,1.8580811977436982,187.09500740508815,19.786050931153234,1414.6104714523817,2000000,budget_exhausted,U,budget_exhausted,,raw_state_verified,run.py:numpy-batch
HiSD,0.0007943282347242822,0.002,2000000,210,-0.6265625,1.321875,completed,-0.8590866917607708,1.8364727818686089,179.62622889552662,-17.925967583516996,1285.0404238193933,2000000,budget_exhausted,U,budget_exhausted,,raw_state_verified,run.py:numpy-batch
HiSD,0.0007943282347242822,0.002,2000000,211,-0.6171875,1.321875,completed,-0.8651772996896354,1.8759765258276222,193.41114726798563,42.463885134806276,1515.8487909920264,2000000,budget_exhausted,U,budget_exhausted,,raw_state_verified,run.py:numpy-batch
HiSD,0.0007943282347242822,0.002,2000000,212,-0.6078125000000001,1.321875,completed,-0.8657401521592123,1.8796945733071093,195.17294619148916,46.93836468466515,1537.5141288491288,2000000,budget_exhausted,U,budget_exhausted,,raw_state_verified,run.py:numpy-batch
HiSD,0.0007943282347242822,0.002,2000000,213,-0.5984375000000001,1.321875,completed,-0.8573718917562018,1.7989415315715294,177.42169656321687,-89.05963671566052,1091.9258436073676,2000000,budget_exhausted,U,budget_exhausted,,raw_state_verified,run.py:numpy-batch
HiSD,0.0007943282347242822,0.002,2000000,214,-0.5890625,1.321875,completed,-0.8614636249445087,1.7940947550159134,180.0822525902722,-86.7683876688977,1079.4465061889118,2000000,budget_exhausted,U,budget_exhausted,,raw_state_verified,run.py:numpy-batch
HiSD,0.0007943282347242822,0.002,2000000,215,-0.5796875,1.321875,completed,-0.8639435533523191,1.791604144836568,181.68791127282526,-84.46305506821918,1074.023950415332,2000000,budget_exhausted,U,budget_exhausted,,raw_state_verified,run.py:numpy-batch
HiSD,0.0007943282347242822,0.002,2000000,216,-0.5703125,1.321875,completed,-0.7058451721913672,2.0430112103832228,170.25956431521752,79.17894106620359,1867.2064402906476,2000000,budget_exhausted,U,budget_exhausted,,raw_state_verified,run.py:numpy-batch
HiSD,0.0007943282347242822,0.002,2000000,217,-0.5609375000000001,1.321875,completed,-0.7058451721913672,2.0430112103832228,170.25956431521752,79.17894106620359,1867.2064402906476,2000000,budget_exhausted,U,budget_exhausted,,raw_state_verified,run.py:numpy-batch
HiSD,0.0007943282347242822,0.002,2000000,218,-0.5515625000000001,1.321875,completed,-0.7058451721913672,2.0430112103832228,170.25956431521752,79.17894106620359,1867.2064402906476,2000000,budget_exhausted,U,budget_exhausted,,raw_state_verified,run.py:numpy-batch
HiSD,0.0007943282347242822,0.002,2000000,219,-0.5421875,1.321875,completed,-0.7058451721913673,2.043011210383222,170.25956431521743,79.17894106620115,1867.2064402906433,2000000,budget_exhausted,U,budget_exhausted,,raw_state_verified,run.py:numpy-batch
HiSD,0.0007943282347242822,0.002,2000000,220,-0.5328125000000001,1.321875,completed,-0.7058451721913673,2.043011210383222,170.25956431521743,79.17894106620115,1867.2064402906433,2000000,budget_exhausted,U,budget_exhausted,,raw_state_verified,run.py:numpy-batch
HiSD,0.0007943282347242822,0.002,2000000,221,-0.5234375,1.321875,completed,-0.7058451721913673,2.043011210383222,170.25956431521743,79.17894106620115,1867.2064402906433,2000000,budget_exhausted,U,budget_exhausted,,raw_state_verified,run.py:numpy-batch
HiSD,0.0007943282347242822,0.002,2000000,222,-0.5140625000000001,1.321875,completed,-1.6932763582961243,0.8169046872992829,196.18364684997513,12.794177714195074,1286.5305214099972,2000000,budget_exhausted,U,budget_exhausted,,raw_state_verified,run.py:numpy-batch
HiSD,0.0007943282347242822,0.002,2000000,223,-0.5046875000000001,1.321875,completed,-1.6932763582961243,0.8169046872992829,196.18364684997513,12.794177714195074,1286.5305214099972,2000000,budget_exhausted,U,budget_exhausted,,raw_state_verified,run.py:numpy-batch
HiSD,0.0007943282347242822,0.002,2000000,224,-0.7953125000000001,1.340625,completed,-0.7095889004267424,1.9036565167653046,175.50046140252158,-352.71784082007844,1283.1117793479339,2000000,budget_exhausted,U,budget_exhausted,,raw_state_verified,run.py:numpy-batch
HiSD,0.0007943282347242822,0.002,2000000,225,-0.7859375000000001,1.340625,completed,-0.7058451721913672,2.0430112103832228,170.25956431521752,79.17894106620359,1867.2064402906476,2000000,budget_exhausted,U,budget_exhausted,,raw_state_verified,run.py:numpy-batch
HiSD,0.0007943282347242822,0.002,2000000,226,-0.7765625,1.340625,completed,-0.7419683608761494,1.87039268112774,157.3837554618155,-327.34317478396616,1196.1780714301678,2000000,budget_exhausted,U,budget_exhausted,,raw_state_verified,run.py:numpy-batch
HiSD,0.0007943282347242822,0.002,2000000,227,-0.7671875,1.340625,completed,-0.857263193251003,1.8056461759541456,177.1051641270862,-76.08819043736644,1123.6759743475059,2000000,budget_exhausted,U,budget_exhausted,,raw_state_verified,run.py:numpy-batch
HiSD,0.0007943282347242822,0.002,2000000,228,-0.7578125,1.340625,completed,-0.8668117755791773,1.8013079965492866,183.41736143288782,-58.59287926285348,1128.9874587870527,2000000,budget_exhausted,U,budget_exhausted,,raw_state_verified,run.py:numpy-batch
HiSD,0.0007943282347242822,0.002,2000000,229,-0.7484375000000001,1.340625,completed,-0.7247903730304236,1.857886914532489,171.1584029961654,-447.70888569981656,1150.7913895250776,2000000,budget_exhausted,U,budget_exhausted,,raw_state_verified,run.py:numpy-batch
HiSD,0.0007943282347242822,0.002,2000000,230,-0.7390625000000001,1.340625,completed,-0.8621663243797555,1.8312344887990515,181.614872686882,-19.762218522855566,1267.6472797894044,2000000,budget_exhausted,U,budget_exhausted,,raw_state_verified,run.py:numpy-batch
HiSD,0.0007943282347242822,0.002,2000000,231,-0.7296875,1.340625,completed,-0.7095889004267424,1.9036565167653046,175.50046140252158,-352.71784082007844,1283.1117793479339,2000000,budget_exhausted,U,budget_exhausted,,raw_state_verified,run.py:numpy-batch
HiSD,0.0007943282347242822,0.002,2000000,232,-0.7203125,1.340625,completed,-0.8610571511034493,1.8585775966681555,184.78558867617272,16.779014526773373,1408.729589982012,2000000,budget_exhausted,U,budget_exhausted,,raw_state_verified,run.py:numpy-batch
HiSD,0.0007943282347242822,0.002,2000000,233,-0.7109375,1.340625,completed,-0.740855697281687,1.870112063061745,158.07930128209372,-333.2515741687298,1194.3957941735148,2000000,budget_exhausted,U,budget_exhausted,,raw_state_verified,run.py:numpy-batch
HiSD,0.0007943282347242822,0.002,2000000,234,-0.7015625000000001,1.340625,completed,-0.7221404293711737,1.8216220289512122,182.47104553294741,-567.6452154668506,1065.783840810349,2000000,budget_exhausted,U,budget_exhausted,,raw_state_verified,run.py:numpy-batch
HiSD,0.0007943282347242822,0.002,2000000,235,-0.6921875000000001,1.340625,completed,-0.8651481671017989,1.8765462582923087,193.54717457759497,43.036675208307194,1518.767928391832,2000000,budget_exhausted,U,budget_exhausted,,raw_state_verified,run.py:numpy-batch
HiSD,0.0007943282347242822,0.002,2000000,236,-0.6828125,1.340625,completed,-0.7447367398622469,1.8727902332955673,155.3546158862653,-306.8720940326347,1206.705852835502,2000000,budget_exhausted,U,budget_exhausted,,raw_state_verified,run.py:numpy-batch
HiSD,0.0007943282347242822,0.002,2000000,237,-0.6734375,1.340625,completed,-0.7095889004267424,1.9036565167653046,175.50046140252158,-352.71784082007844,1283.1117793479339,2000000,budget_exhausted,U,budget_exhausted,,raw_state_verified,run.py:numpy-batch
HiSD,0.0007943282347242822,0.002,2000000,238,-0.6640625,1.340625,completed,-0.8655895934351916,1.8797535247268191,195.01994743732735,46.84584056796297,1537.2973623898115,2000000,budget_exhausted,U,budget_exhausted,,raw_state_verified,run.py:numpy-batch
HiSD,0.0007943282347242822,0.002,2000000,239,-0.6546875000000001,1.340625,completed,-0.7058451721913673,2.043011210383222,170.25956431521743,79.17894106620115,1867.2064402906433,2000000,budget_exhausted,U,budget_exhausted,,raw_state_verified,run.py:numpy-batch
HiSD,0.0007943282347242822,0.002,2000000,240,-0.6453125000000001,1.340625,completed,-0.8661253600371092,1.8833411247712302,196.78409607064356,50.99830005373947,1558.097812396636,2000000,budget_exhausted,U,budget_exhausted,,raw_state_verified,run.py:numpy-batch
HiSD,0.0007943282347242822,0.002,2000000,241,-0.6359375,1.340625,completed,-0.865259430122712,1.8777140811827753,194.02121226103822,44.3860814141207,1525.3475176097686,2000000,budget_exhausted,U,budget_exhausted,,raw_state_verified,run.py:numpy-batch
HiSD,0.0007943282347242822,0.002,2000000,242,-0.6265625,1.340625,completed,-0.8654506552345422,1.8785786307254762,194.49948640884065,45.48890342147463,1530.5961242369397,2000000,budget_exhausted,U,budget_exhausted,,raw_state_verified,run.py:numpy-batch
HiSD,0.0007943282347242822,0.002,2000000,243,-0.6171875,1.340625,completed,-0.8558202521674563,1.819738521650963,176.1199740480404,-53.42858859617066,1189.060147694136,2000000,budget_exhausted,U,budget_exhausted,,raw_state_verified,run.py:numpy-batch
HiSD,0.0007943282347242822,0.002,2000000,244,-0.6078125000000001,1.340625,completed,-0.8643880664105121,1.8588907590227657,188.14476744784193,22.02953082516318,1421.9849878685914,2000000,budget_exhausted,U,budget_exhausted,,raw_state_verified,run.py:numpy-batch
HiSD,0.0007943282347242822,0.002,2000000,245,-0.5984375000000001,1.340625,completed,-0.8591930078957012,1.8714031025271516,185.77371377923586,30.085808404301204,1470.6082658262899,2000000,budget_exhausted,U,budget_exhausted,,raw_state_verified,run.py:numpy-batch
HiSD,0.0007943282347242822,0.002,2000000,246,-0.5890625,1.340625,completed,-0.8660194947111549,1.8811928398512563,195.9658459842361,48.74322716902053,1546.4060751814277,2000000,budget_exhausted,U,budget_exhausted,,raw_state_verified,run.py:numpy-batch
HiSD,0.0007943282347242822,0.002,2000000,247,-0.5796875,1.340625,completed,-0.7058451721913672,2.0430112103832228,170.25956431521752,79.17894106620359,1867.2064402906476,2000000,budget_exhausted,U,budget_exhausted,,raw_state_verified,run.py:numpy-batch
HiSD,0.0007943282347242822,0.002,2000000,248,-0.5703125,1.340625,completed,-0.7436584016301245,1.8719131139792173,156.1223552498677,-314.6265235050146,1202.7264233360788,2000000,budget_exhausted,U,budget_exhausted,,raw_state_verified,run.py:numpy-batch
HiSD,0.0007943282347242822,0.002,2000000,249,-0.5609375000000001,1.340625,completed,-0.8655306398532344,1.7951250468503648,182.57964863634012,-73.26157805174029,1095.0882097372662,2000000,budget_exhausted,U,budget_exhausted,,raw_state_verified,run.py:numpy-batch
HiSD,0.0007943282347242822,0.002,2000000,250,-0.5515625000000001,1.340625,completed,-0.8624629838630717,1.7935683630152222,180.70790974862035,-84.90353734141037,1079.5189445446745,2000000,budget_exhausted,U,budget_exhausted,,raw_state_verified,run.py:numpy-batch
HiSD,0.0007943282347242822,0.002,2000000,251,-0.5421875,1.340625,completed,-0.8651989830278106,1.8773540525564647,193.84504239869332,43.94378949313076,1523.2279776161167,2000000,budget_exhausted,U,budget_exhausted,,raw_state_verified,run.py:numpy-batch
HiSD,0.0007943282347242822,0.002,2000000,252,-0.5328125000000001,1.340625,completed,-0.8682246668368878,1.827865688207933,186.32090477599363,-12.800900307678663,1269.896634827546,2000000,budget_exhausted,U,budget_exhausted,,raw_state_verified,run.py:numpy-batch
HiSD,0.0007943282347242822,0.002,2000000,253,-0.5234375,1.340625,completed,-0.8603648477735859,1.8553041707074511,183.48592394272146,11.430873839233108,1388.8976459385212,2000000,budget_exhausted,U,budget_exhausted,,raw_state_verified,run.py:numpy-batch
HiSD,0.0007943282347242822,0.002,2000000,254,-0.5140625000000001,1.340625,completed,-0.86024368063745,1.794039257388018,179.3598275987603,-90.4594890867073,1076.0922866411086,2000000,budget_exhausted,U,budget_exhausted,,raw_state_verified,run.py:numpy-batch
HiSD,0.0007943282347242822,0.002,2000000,255,-0.5046875000000001,1.340625,completed,-0.8609954866157107,1.8582314522172634,184.65585767670106,16.240575045346443,1406.670499587683,2000000,budget_exhausted,U,budget_exhausted,,raw_state_verified,run.py:numpy-batch
HiSD,0.0007943282347242822,0.002,2000000,256,-0.7953125000000001,1.359375,completed,-0.8665057994681516,1.8882999685585604,198.91229476047602,56.17113906613213,1585.4409547780215,2000000,budget_exhausted,U,budget_exhausted,,raw_state_verified,run.py:numpy-batch
HiSD,0.0007943282347242822,0.002,2000000,257,-0.7859375000000001,1.359375,completed,-0.8404304493468522,2.0563227130070985,253.12378475630751,173.72455713020605,2249.110596519609,2000000,budget_exhausted,U,budget_exhausted,,raw_state_verified,run.py:numpy-batch
HiSD,0.0007943282347242822,0.002,2000000,258,-0.7765625,1.359375,completed,-0.7201248810438738,1.828468680127838,181.8871155134383,-557.8662758008307,1081.0931780696278,2000000,budget_exhausted,U,budget_exhausted,,raw_state_verified,run.py:numpy-batch
HiSD,0.0007943282347242822,0.002,2000000,259,-0.7671875,1.359375,completed,-0.8660245851547405,1.8812342031817488,195.98491997041384,48.790030908245775,1546.6421586636282,2000000,budget_exhausted,U,budget_exhausted,,raw_state_verified,run.py:numpy-batch
HiSD,0.0007943282347242822,0.002,2000000,260,-0.7578125,1.359375,completed,-1.6932763582961243,0.8169046872992829,196.18364684997513,12.794177714195074,1286.5305214099972,2000000,budget_exhausted,U,budget_exhausted,,raw_state_verified,run.py:numpy-batch
HiSD,0.0007943282347242822,0.002,2000000,261,-0.7484375000000001,1.359375,completed,-0.7058451721913673,2.043011210383222,170.25956431521743,79.17894106620115,1867.2064402906433,2000000,budget_exhausted,U,budget_exhausted,,raw_state_verified,run.py:numpy-batch
HiSD,0.0007943282347242822,0.002,2000000,262,-0.7390625000000001,1.359375,completed,-0.7058451721913672,2.0430112103832228,170.25956431521752,79.17894106620359,1867.2064402906476,2000000,budget_exhausted,U,budget_exhausted,,raw_state_verified,run.py:numpy-batch
HiSD,0.0007943282347242822,0.002,2000000,263,-0.7296875,1.359375,completed,-0.7095889004267424,1.9036565167653046,175.50046140252158,-352.71784082007844,1283.1117793479339,2000000,budget_exhausted,U,budget_exhausted,,raw_state_verified,run.py:numpy-batch
HiSD,0.0007943282347242822,0.002,2000000,264,-0.7203125,1.359375,completed,-0.858057491057775,1.8277638031392405,178.07992689461582,-34.13535575798414,1236.5776984380975,2000000,budget_exhausted,U,budget_exhausted,,raw_state_verified,run.py:numpy-batch
HiSD,0.0007943282347242822,0.002,2000000,265,-0.7109375,1.359375,completed,-0.8654273186553934,1.8787351974263398,194.5210988432395,45.62722110830216,1531.3426493756715,2000000,budget_exhausted,U,budget_exhausted,,raw_state_verified,run.py:numpy-batch
HiSD,0.0007943282347242822,0.002,2000000,266,-0.7015625000000001,1.359375,completed,-0.866063167712502,1.846800651887081,187.3046466675937,9.341169844259433,1363.1807219875332,2000000,budget_exhausted,U,budget_exhausted,,raw_state_verified,run.py:numpy-batch
HiSD,0.0007943282347242822,0.002,2000000,267,-0.6921875000000001,1.359375,completed,-0.7421370098780735,1.8708039255404565,157.20166691724737,-325.1726528243963,1197.6974586607525,2000000,budget_exhausted,U,budget_exhausted,,raw_state_verified,run.py:numpy-batch
HiSD,0.0007943282347242822,0.002,2000000,268,-0.6828125,1.359375,completed,-0.8404304493468521,2.0563227130071,253.12378475630828,173.72455713020693,2249.110596519613,2000000,budget_exhausted,U,budget_exhausted,,raw_state_verified,run.py:numpy-batch
HiSD,0.0007943282347242822,0.002,2000000,269,-0.6734375,1.359375,completed,-0.8604014418877374,1.7937660632238586,179.4668156745369,-90.54113770608394,1075.2056849639325,2000000,budget_exhausted,U,budget_exhausted,,raw_state_verified,run.py:numpy-batch
HiSD,0.0007943282347242822,0.002,2000000,270,-0.6640625,1.359375,completed,-0.8614367834986416,1.7936739910514787,180.0853607513341,-87.6800300815513,1077.3906778645028,2000000,budget_exhausted,U,budget_exhausted,,raw_state_verified,run.py:numpy-batch
HiSD,0.0007943282347242822,0.002,2000000,271,-0.6546875000000001,1.359375,completed,-0.8644844968944304,1.87351225368521,191.93808600921994,39.03259708936173,1500.3275187085412,2000000,budget_exhausted,U,budget_exhausted,,raw_state_verified,run.py:numpy-batch
HiSD,0.0007943282347242822,0.002,2000000,272,-0.6453125000000001,1.359375,completed,-0.8654569706606084,1.8786677922101058,194.53394674049312,45.58804692834491,1531.0901018683412,2000000,budget_exhausted,U,budget_exhausted,,raw_state_verified,run.py:numpy-batch
HiSD,0.0007943282347242822,0.002,2000000,273,-0.6359375,1.359375,completed,-0.8652415555231523,1.7940085043478882,182.4182902696943,-76.16319053382853,1088.920995127942,2000000,budget_exhausted,U,budget_exhausted,,raw_state_verified,run.py:numpy-batch
HiSD,0.0007943282347242822,0.002,2000000,274,-0.6265625,1.359375,completed,-0.8628029558333744,1.793480630227662,180.91813956560114,-84.09345260556579,1079.980188757842,2000000,budget_exhausted,U,budget_exhausted,,raw_state_verified,run.py:numpy-batch
HiSD,0.0007943282347242822,0.002,2000000,275,-0.6171875,1.359375,completed,-0.8680220697625902,1.8121595830910957,184.6993482680594,-37.26903967934467,1187.4290834253957,2000000,budget_exhausted,U,budget_exhausted,,raw_state_verified,run.py:numpy-batch
HiSD,0.0007943282347242822,0.002,2000000,276,-0.6078125000000001,1.359375,completed,-0.7155981345726303,1.8464520144809071,180.54748988457888,-524.9716095599348,1123.0005678463783,2000000,budget_exhausted,U,budget_exhausted,,raw_state_verified,run.py:numpy-batch
HiSD,0.0007943282347242822,0.002,2000000,277,-0.5984375000000001,1.359375,completed,-0.8658437708588869,1.8814161245650591,195.83512696084665,48.79587266556429,1546.9680821095562,2000000,budget_exhausted,U,budget_exhausted,,raw_state_verified,run.py:numpy-batch
HiSD,0.0007943282347242822,0.002,2000000,278,-0.5890625,1.359375,completed,-0.7058451721913672,2.0430112103832228,170.25956431521752,79.17894106620359,1867.2064402906476,2000000,budget_exhausted,U,budget_exhausted,,raw_state_verified,run.py:numpy-batch
HiSD,0.0007943282347242822,0.002,2000000,279,-0.5796875,1.359375,completed,-0.865276550935097,1.8699300290873138,191.8066532294545,36.013811838861514,1484.0502996262617,2000000,budget_exhausted,U,budget_exhausted,,raw_state_verified,run.py:numpy-batch
HiSD,0.0007943282347242822,0.002,2000000,280,-0.5703125,1.359375,completed,-0.8665813821945444,1.8900370241140683,199.61549310628516,57.88149501601375,1594.7746324937143,2000000,budget_exhausted,U,budget_exhausted,,raw_state_verified,run.py:numpy-batch
HiSD,0.0007943282347242822,0.002,2000000,281,-0.5609375000000001,1.359375,completed,-0.8637358216753714,1.8510682846954967,185.89133697248442,11.199973079485257,1377.9209065098285,2000000,budget_exhausted,U,budget_exhausted,,raw_state_verified,run.py:numpy-batch
HiSD,0.0007943282347242822,0.002,2000000,282,-0.5515625000000001,1.359375,completed,-0.8659869319616129,1.7972360222283834,182.85001945423735,-68.1057265705341,1106.6016282074238,2000000,budget_exhausted,U,budget_exhausted,,raw_state_verified,run.py:numpy-batch
HiSD,0.0007943282347242822,0.002,2000000,283,-0.5421875,1.359375,completed,-0.8570756405625527,1.7997850322261526,177.2059801576515,-88.22790758202369,1095.1582503987747,2000000,budget_exhausted,U,budget_exhausted,,raw_state_verified,run.py:numpy-batch
HiSD,0.0007943282347242822,0.002,2000000,284,-0.5328125000000001,1.359375,completed,-0.8676656147693316,1.8082989003417669,184.22696535645733,-44.45070922923744,1166.6275431152824,2000000,budget_exhausted,U,budget_exhausted,,raw_state_verified,run.py:numpy-batch
HiSD,0.0007943282347242822,0.002,2000000,285,-0.5234375,1.359375,completed,-0.8576827970175442,1.7981990264597487,177.64158946197827,-89.6435840326139,1089.2105661248843,2000000,budget_exhausted,U,budget_exhausted,,raw_state_verified,run.py:numpy-batch
HiSD,0.0007943282347242822,0.002,2000000,286,-0.5140625000000001,1.359375,completed,-0.8665260362554287,1.8887150258309853,199.08175767793438,56.58386490465097,1587.680853878655,2000000,budget_exhausted,U,budget_exhausted,,raw_state_verified,run.py:numpy-batch
HiSD,0.0007943282347242822,0.002,2000000,287,-0.5046875000000001,1.359375,completed,-0.8640546327934063,1.791500483181245,181.759770471171,-84.34420416130682,1073.8191192370696,2000000,budget_exhausted,U,budget_exhausted,,raw_state_verified,run.py:numpy-batch
HiSD,0.0007943282347242822,0.002,2000000,288,-0.7953125000000001,1.378125,completed,-0.7058451721913672,2.0430112103832228,170.25956431521752,79.17894106620359,1867.2064402906476,2000000,budget_exhausted,U,budget_exhausted,,raw_state_verified,run.py:numpy-batch
HiSD,0.0007943282347242822,0.002,2000000,289,-0.7859375000000001,1.378125,completed,-0.8633141123462638,1.846134009801638,184.61732088864952,3.9448366913404618,1350.1712099507572,2000000,budget_exhausted,U,budget_exhausted,,raw_state_verified,run.py:numpy-batch
HiSD,0.0007943282347242822,0.002,2000000,290,-0.7765625,1.378125,completed,-0.7367220395665741,1.868752890262381,160.8385523641273,-356.43540155731563,1187.1699116563113,2000000,budget_exhausted,U,budget_exhausted,,raw_state_verified,run.py:numpy-batch
HiSD,0.0007943282347242822,0.002,2000000,291,-0.7671875,1.378125,completed,-0.7240636507097973,1.8201764570076882,181.6015046033269,-563.8608282479435,1061.5867668990575,2000000,budget_exhausted,U,budget_exhausted,,raw_state_verified,run.py:numpy-batch
HiSD,0.0007943282347242822,0.002,2000000,292,-0.7578125,1.378125,completed,-1.7610122628952147,0.9572476536294436,196.18364684997525,42.51647618682438,1639.4475068505317,2000000,budget_exhausted,U,budget_exhausted,,raw_state_verified,run.py:numpy-batch
HiSD,0.0007943282347242822,0.002,2000000,293,-0.7484375000000001,1.378125,completed,-0.7194418941797336,1.8257544606939669,183.1408582012594,-567.6203341567549,1075.9163905895114,2000000,budget_exhausted,U,budget_exhausted,,raw_state_verified,run.py:numpy-batch
HiSD,0.0007943282347242822,0.002,2000000,294,-0.7390625000000001,1.378125,completed,-1.6932763582961243,0.8169046872992829,196.18364684997513,12.794177714195074,1286.5305214099972,2000000,budget_exhausted,U,budget_exhausted,,raw_state_verified,run.py:numpy-batch
HiSD,0.0007943282347242822,0.002,2000000,295,-0.7296875,1.378125,completed,-0.7199449882302326,1.8491483336371517,176.66573477968657,-497.87375947051237,1128.3184093254085,2000000,budget_exhausted,U,budget_exhausted,,raw_state_verified,run.py:numpy-batch
HiSD,0.0007943282347242822,0.002,2000000,296,-0.7203125,1.378125,completed,-0.7095889004267426,1.903656516765304,175.50046140252155,-352.7178408200827,1283.1117793479311,2000000,budget_exhausted,U,budget_exhausted,,raw_state_verified,run.py:numpy-batch
HiSD,0.0007943282347242822,0.002,2000000,297,-0.7109375,1.378125,completed,-0.8548152765008362,1.8106374391007054,175.4579657632793,-73.16762362904961,1141.2693505813781,2000000,budget_exhausted,U,budget_exhausted,,raw_state_verified,run.py:numpy-batch
HiSD,0.0007943282347242822,0.002,2000000,298,-0.7015625000000001,1.378125,completed,-0.7058451721913672,2.0430112103832228,170.25956431521752,79.17894106620359,1867.2064402906476,2000000,budget_exhausted,U,budget_exhausted,,raw_state_verified,run.py:numpy-batch
HiSD,0.0007943282347242822,0.002,2000000,299,-0.6921875000000001,1.378125,completed,-0.7391566702999935,1.8695332245946292,159.19741967257136,-342.82690458974673,1191.2716395758532,2000000,budget_exhausted,U,budget_exhausted,,raw_state_verified,run.py:numpy-batch
HiSD,0.0007943282347242822,0.002,2000000,300,-0.6828125,1.378125,completed,-0.7095889004267426,1.903656516765304,175.50046140252155,-352.7178408200827,1283.1117793479311,2000000,budget_exhausted,U,budget_exhausted,,raw_state_verified,run.py:numpy-batch
HiSD,0.0007943282347242822,0.002,2000000,301,-0.6734375,1.378125,completed,-0.8660156620219304,1.8820780273820235,196.24573289568846,49.631228302473374,1551.0608176312778,2000000,budget_exhausted,U,budget_exhausted,,raw_state_verified,run.py:numpy-batch
HiSD,0.0007943282347242822,0.002,2000000,302,-0.6640625,1.378125,completed,-0.8641536599200074,1.8720997167270474,191.18680573110922,37.09121160743202,1491.652809978496,2000000,budget_exhausted,U,budget_exhausted,,raw_state_verified,run.py:numpy-batch
HiSD,0.0007943282347242822,0.002,2000000,303,-0.6546875000000001,1.378125,completed,-0.8558218738827863,1.8027052075846528,176.32888446665254,-86.00557350008884,1105.7924852640976,2000000,budget_exhausted,U,budget_exhausted,,raw_state_verified,run.py:numpy-batch
HiSD,0.0007943282347242822,0.002,2000000,304,-0.6453125000000001,1.378125,completed,-0.8612326843438143,1.8040087341494113,179.67104176633111,-68.33759530597523,1126.5334157951456,2000000,budget_exhausted,U,budget_exhausted,,raw_state_verified,run.py:numpy-batch
HiSD,0.0007943282347242822,0.002,2000000,305,-0.6359375,1.378125,completed,-0.8617685649941336,1.8249686530236362,180.7429098091243,-30.490935556745963,1233.7912831616147,2000000,budget_exhausted,U,budget_exhausted,,raw_state_verified,run.py:numpy-batch
HiSD,0.0007943282347242822,0.002,2000000,306,-0.6265625,1.378125,completed,-0.8637328215088608,1.7920339457665202,181.54228945421582,-84.23400054565396,1075.518008522405,2000000,budget_exhausted,U,budget_exhausted,,raw_state_verified,run.py:numpy-batch
HiSD,0.0007943282347242822,0.002,2000000,307,-0.6171875,1.378125,completed,-0.8640623053571375,1.854935858393992,186.97132264534955,16.656831604503424,1399.7089987881754,2000000,budget_exhausted,U,budget_exhausted,,raw_state_verified,run.py:numpy-batch
HiSD,0.0007943282347242822,0.002,2000000,308,-0.6078125000000001,1.378125,completed,-0.8649137119597503,1.8754480063783363,192.9638606978833,41.61086674085814,1512.1179602510183,2000000,budget_exhausted,U,budget_exhausted,,raw_state_verified,run.py:numpy-batch
HiSD,0.0007943282347242822,0.002,2000000,309,-0.5984375000000001,1.378125,completed,-0.8630478736701142,1.793566175600156,181.06439324082086,-83.22172858020859,1081.0211282337343,2000000,budget_exhausted,U,budget_exhausted,,raw_state_verified,run.py:numpy-batch
HiSD,0.0007943282347242822,0.002,2000000,310,-0.5890625,1.378125,completed,-0.8643659156411279,1.8547385139453845,187.22795097101053,16.861166199383074,1399.7106968483681,2000000,budget_exhausted,U,budget_exhausted,,raw_state_verified,run.py:numpy-batch
HiSD,0.0007943282347242822,0.002,2000000,311,-0.5796875,1.378125,completed,-0.8611068889601712,1.795329879982139,179.8138321388162,-85.36560992690166,1084.3793795960682,2000000,budget_exhausted,U,budget_exhausted,,raw_state_verified,run.py:numpy-batch
HiSD,0.0007943282347242822,0.002,2000000,312,-0.5703125,1.378125,completed,-0.8680909503770586,1.8303186230303392,186.5207886209773,-9.540669239721657,1282.4082899435525,2000000,budget_exhausted,U,budget_exhausted,,raw_state_verified,run.py:numpy-batch
HiSD,0.0007943282347242822,0.002,2000000,313,-0.5609375000000001,1.378125,completed,-0.8666711663802618,1.8907009498738074,199.9612980519606,58.57925636620481,1598.5469256772221,2000000,budget_exhausted,U,budget_exhausted,,raw_state_verified,run.py:numpy-batch
HiSD,0.0007943282347242822,0.002,2000000,314,-0.5515625000000001,1.378125,completed,-0.8592958888889541,1.8502887629974392,181.63020914938957,2.820238435988913,1358.5877520206607,2000000,budget_exhausted,U,budget_exhausted,,raw_state_verified,run.py:numpy-batch
HiSD,0.0007943282347242822,0.002,2000000,315,-0.5421875,1.378125,completed,-0.8666913806888629,1.8915195575390795,200.28102706275598,59.3594832808921,1602.8793277168693,2000000,budget_exhausted,U,budget_exhausted,,raw_state_verified,run.py:numpy-batch
HiSD,0.0007943282347242822,0.002,2000000,316,-0.5328125000000001,1.378125,completed,-0.8637487019836891,1.7919956640943668,181.55349479626148,-84.26276435824347,1075.3774513538408,2000000,budget_exhausted,U,budget_exhausted,,raw_state_verified,run.py:numpy-batch
HiSD,0.0007943282347242822,0.002,2000000,317,-0.5234375,1.378125,completed,-0.8657532182288261,1.8808123072505858,195.53924076583948,48.093465536575344,1543.4640949918657,2000000,budget_exhausted,U,budget_exhausted,,raw_state_verified,run.py:numpy-batch
HiSD,0.0007943282347242822,0.002,2000000,318,-0.5140625000000001,1.378125,completed,-0.8647635187528999,1.8632237286944073,189.53846137844258,27.72188688192881,1446.4595231462822,2000000,budget_exhausted,U,budget_exhausted,,raw_state_verified,run.py:numpy-batch
HiSD,0.0007943282347242822,0.002,2000000,319,-0.5046875000000001,1.378125,completed,-0.8666168659879343,1.890411056890168,199.79178194731193,58.26263154768125,1596.84794061323,2000000,budget_exhausted,U,budget_exhausted,,raw_state_verified,run.py:numpy-batch
HiSD,0.0007943282347242822,0.002,2000000,320,-0.7953125000000001,1.3968749999999999,completed,-0.7237908915227105,1.8203680551978676,181.72682134266051,-564.4320842039442,1062.15475154261,2000000,budget_exhausted,U,budget_exhausted,,raw_state_verified,run.py:numpy-batch
HiSD,0.0007943282347242822,0.002,2000000,321,-0.7859375000000001,1.3968749999999999,completed,-0.8638204529795594,1.852072408390831,186.16441804201676,12.635058388936116,1383.5738577655059,2000000,budget_exhausted,U,budget_exhausted,,raw_state_verified,run.py:numpy-batch
HiSD,0.0007943282347242822,0.002,2000000,322,-0.7765625,1.3968749999999999,completed,-0.8404304493468521,2.0563227130071,253.12378475630828,173.72455713020693,2249.110596519613,2000000,budget_exhausted,U,budget_exhausted,,raw_state_verified,run.py:numpy-batch
HiSD,0.0007943282347242822,0.002,2000000,323,-0.7671875,1.3968749999999999,completed,-0.8682831735244678,1.8265000472609614,186.20472757895487,-14.668566832477715,1262.8924819606143,2000000,budget_exhausted,U,budget_exhausted,,raw_state_verified,run.py:numpy-batch
HiSD,0.0007943282347242822,0.002,2000000,324,-0.7578125,1.3968749999999999,completed,-0.8642259995305547,1.791535929655744,181.8630227107242,-83.78114191901382,1074.4300140273608,2000000,budget_exhausted,U,budget_exhausted,,raw_state_verified,run.py:numpy-batch
HiSD,0.0007943282347242822,0.002,2000000,325,-0.7484375000000001,1.3968749999999999,completed,-0.7362266147187135,1.8679258392431313,161.3216563322691,-361.5427604774641,1184.230493565989,2000000,budget_exhausted,U,budget_exhausted,,raw_state_verified,run.py:numpy-batch
HiSD,0.0007943282347242822,0.002,2000000,326,-0.7390625000000001,1.3968749999999999,completed,-0.8654827633288025,1.8775928777476212,194.23554890113002,44.49525991086503,1525.4901236420576,2000000,budget_exhausted,U,budget_exhausted,,raw_state_verified,run.py:numpy-batch
HiSD,0.0007943282347242822,0.002,2000000,327,-0.7296875,1.3968749999999999,completed,-0.7198815374201757,1.8250264068613937,183.0400917059952,-567.7745951517427,1074.1522387516914,2000000,budget_exhausted,U,budget_exhausted,,raw_state_verified,run.py:numpy-batch
HiSD,0.0007943282347242822,0.002,2000000,328,-0.7203125,1.3968749999999999,completed,-0.7095889004267426,1.903656516765304,175.50046140252155,-352.7178408200827,1283.1117793479311,2000000,budget_exhausted,U,budget_exhausted,,raw_state_verified,run.py:numpy-batch
HiSD,0.0007943282347242822,0.002,2000000,329,-0.7109375,1.3968749999999999,completed,-0.8652469378797651,1.8762809040508017,193.57862934322662,42.86245760472077,1517.7079769571646,2000000,budget_exhausted,U,budget_exhausted,,raw_state_verified,run.py:numpy-batch
HiSD,0.0007943282347242822,0.002,2000000,330,-0.7015625000000001,1.3968749999999999,completed,-0.7058451721913672,2.0430112103832228,170.25956431521752,79.17894106620359,1867.2064402906476,2000000,budget_exhausted,U,budget_exhausted,,raw_state_verified,run.py:numpy-batch
HiSD,0.0007943282347242822,0.002,2000000,331,-0.6921875000000001,1.3968749999999999,completed,-0.7058451721913672,2.0430112103832228,170.25956431521752,79.17894106620359,1867.2064402906476,2000000,budget_exhausted,U,budget_exhausted,,raw_state_verified,run.py:numpy-batch
HiSD,0.0007943282347242822,0.002,2000000,332,-0.6828125,1.3968749999999999,completed,-0.8672691565643112,1.8045691322973152,183.80440114853263,-51.742607137258425,1146.6058229391897,2000000,budget_exhausted,U,budget_exhausted,,raw_state_verified,run.py:numpy-batch
HiSD,0.0007943282347242822,0.002,2000000,333,-0.6734375,1.3968749999999999,completed,-0.7412345542091077,1.8700771711899034,157.86864817524764,-331.6902633123106,1194.5607719624804,2000000,budget_exhausted,U,budget_exhausted,,raw_state_verified,run.py:numpy-batch
HiSD,0.0007943282347242822,0.002,2000000,334,-0.6640625,1.3968749999999999,completed,-0.8615474293510407,1.7947951001721643,180.10249192636044,-85.1432882245047,1082.977507071958,2000000,budget_exhausted,U,budget_exhausted,,raw_state_verified,run.py:numpy-batch
HiSD,0.0007943282347242822,0.002,2000000,335,-0.6546875000000001,1.3968749999999999,completed,-0.8665226158200406,1.8886681862527994,199.06123584731012,56.536382208332775,1587.4241932373234,2000000,budget_exhausted,U,budget_exhausted,,raw_state_verified,run.py:numpy-batch
HiSD,0.0007943282347242822,0.002,2000000,336,-0.6453125000000001,1.3968749999999999,completed,-0.7095889004267426,1.903656516765304,175.50046140252155,-352.7178408200827,1283.1117793479311,2000000,budget_exhausted,U,budget_exhausted,,raw_state_verified,run.py:numpy-batch
HiSD,0.0007943282347242822,0.002,2000000,337,-0.6359375,1.3968749999999999,completed,-0.8666637746693339,1.8914376952525829,200.21787695399655,59.26082427880526,1602.357736815793,2000000,budget_exhausted,U,budget_exhausted,,raw_state_verified,run.py:numpy-batch
HiSD,0.0007943282347242822,0.002,2000000,338,-0.6265625,1.3968749999999999,completed,-0.8648988891698619,1.792630255389434,182.24046894079407,-79.74881033231615,1081.3993924763736,2000000,budget_exhausted,U,budget_exhausted,,raw_state_verified,run.py:numpy-batch
HiSD,0.0007943282347242822,0.002,2000000,339,-0.6171875,1.3968749999999999,completed,-0.8634762100836929,1.8684626296095412,189.50120060279204,32.151390554340026,1469.9024900593167,2000000,budget_exhausted,U,budget_exhausted,,raw_state_verified,run.py:numpy-batch
HiSD,0.0007943282347242822,0.002,2000000,340,-0.6078125000000001,1.3968749999999999,completed,-0.8613071123814201,1.8654370380411427,186.5223575764735,25.71372838746049,1446.1855831029243,2000000,budget_exhausted,U,budget_exhausted,,raw_state_verified,run.py:numpy-batch
HiSD,0.0007943282347242822,0.002,2000000,341,-0.5984375000000001,1.3968749999999999,completed,-0.72827123678024,1.866174958293553,166.92179995576797,-403.52863516582363,1175.2089680581882,2000000,budget_exhausted,U,budget_exhausted,,raw_state_verified,run.py:numpy-batch
HiSD,0.0007943282347242822,0.002,2000000,342,-0.5890625,1.3968749999999999,completed,-0.8557221956781162,1.8181238694674795,176.0256867761646,-56.621763575961104,1180.7001272597772,2000000,budget_exhausted,U,budget_exhausted,,raw_state_verified,run.py:numpy-batch
HiSD,0.0007943282347242822,0.002,2000000,343,-0.5796875,1.3968749999999999,completed,-0.8632271661009875,1.7932447315291469,181.18631710694117,-83.33228868131935,1079.9582093113281,2000000,budget_exhausted,U,budget_exhausted,,raw_state_verified,run.py:numpy-batch
HiSD,0.0007943282347242822,0.002,2000000,344,-0.5703125,1.3968749999999999,completed,-0.8659074464507232,1.8818456779820152,196.04603363283812,49.29207285134912,1549.4567484877352,2000000,budget_exhausted,U,budget_exhausted,,raw_state_verified,run.py:numpy-batch
HiSD,0.0007943282347242822,0.002,2000000,345,-0.5609375000000001,1.3968749999999999,completed,-0.8619294429548873,1.7936215714606216,180.38323020412017,-86.34665803390308,1078.400607093429,2000000,budget_exhausted,U,budget_exhausted,,raw_state_verified,run.py:numpy-batch
HiSD,0.0007943282347242822,0.002,2000000,346,-0.5515625000000001,1.3968749999999999,completed,-0.8619950696402966,1.8628056975082445,186.61708401023196,23.452243784581416,1434.5443014157872,2000000,budget_exhausted,U,budget_exhausted,,raw_state_verified,run.py:numpy-batch
HiSD,0.0007943282347242822,0.002,2000000,347,-0.5421875,1.3968749999999999,completed,-0.8653467146849046,1.8767892727041766,193.84130085585707,43.5070471374098,1520.7540125819967,2000000,budget_exhausted,U,budget_exhausted,,raw_state_verified,run.py:numpy-batch
HiSD,0.0007943282347242822,0.002,2000000,348,-0.5328125000000001,1.3968749999999999,completed,-0.863008367291352,1.7936282265050383,181.03786493802468,-83.21440228225256,1081.2136298832652,2000000,budget_exhausted,U,budget_exhausted,,raw_state_verified,run.py:numpy-batch
HiSD,0.0007943282347242822,0.002,2000000,349,-0.5234375,1.3968749999999999,completed,-0.8643790153699477,1.8546844850496693,187.22959817632173,16.812793667676626,1399.4675090845808,2000000,budget_exhausted,U,budget_exhausted,,raw_state_verified,run.py:numpy-batch
HiSD,0.0007943282347242822,0.002,2000000,350,-0.5140625000000001,1.3968749999999999,completed,-0.8636344653139472,1.8691857075997733,189.85453692046127,33.17923054810412,1474.3118114431375,2000000,budget_exhausted,U,budget_exhausted,,raw_state_verified,run.py:numpy-batch
HiSD,0.0007943282347242822,0.002,2000000,351,-0.5046875000000001,1.3968749999999999,completed,-0.8623858567995701,1.8586375672935833,186.09760095677765,18.83375785984726,1413.6541588782409,2000000,budget_exhausted,U,budget_exhausted,,raw_state_verified,run.py:numpy-batch
HiSD,0.0007943282347242822,0.002,2000000,352,-0.7953125000000001,1.415625,completed,-0.8681857678324698,1.8147791273766791,185.00154302945134,-32.70234802854165,1201.4222094472875,2000000,budget_exhausted,U,budget_exhausted,,raw_state_verified,run.py:numpy-batch
HiSD,0.0007943282347242822,0.002,2000000,353,-0.7859375000000001,1.415625,completed,-0.7182632906093142,1.8270449648158287,183.6126841538869,-568.8845839493275,1079.3033844932609,2000000,budget_exhausted,U,budget_exhausted,,raw_state_verified,run.py:numpy-batch
HiSD,0.0007943282347242822,0.002,2000000,354,-0.7765625,1.415625,completed,-0.743580306759948,1.8719399760196043,156.159624761065,-314.8773713566945,1202.7522373858533,2000000,budget_exhausted,U,budget_exhausted,,raw_state_verified,run.py:numpy-batch
HiSD,0.0007943282347242822,0.002,2000000,355,-0.7671875,1.415625,completed,-0.7411119161819892,1.8695759583418607,158.0454219254592,-333.9728841502273,1192.796566674252,2000000,budget_exhausted,U,budget_exhausted,,raw_state_verified,run.py:numpy-batch
HiSD,0.0007943282347242822,0.002,2000000,356,-0.7578125,1.415625,completed,-0.8635919615005371,1.792275297671039,181.44681345736862,-84.170062794772,1076.2990478940017,2000000,budget_exhausted,U,budget_exhausted,,raw_state_verified,run.py:numpy-batch
HiSD,0.0007943282347242822,0.002,2000000,357,-0.7484375000000001,1.415625,completed,-0.7207303405592231,1.823662534393369,182.84219335502027,-567.9518368364578,1070.8343691637176,2000000,budget_exhausted,U,budget_exhausted,,raw_state_verified,run.py:numpy-batch
HiSD,0.0007943282347242822,0.002,2000000,358,-0.7390625000000001,1.415625,completed,-0.7095889004267424,1.9036565167653046,175.50046140252158,-352.71784082007844,1283.1117793479339,2000000,budget_exhausted,U,budget_exhausted,,raw_state_verified,run.py:numpy-batch
HiSD,0.0007943282347242822,0.002,2000000,359,-0.7296875,1.415625,completed,-0.7234455302100443,1.8205427347196492,181.90700051024967,-565.3241497641852,1062.7373863212993,2000000,budget_exhausted,U,budget_exhausted,,raw_state_verified,run.py:numpy-batch
HiSD,0.0007943282347242822,0.002,2000000,360,-0.7203125,1.415625,completed,-0.723979332014989,1.8202202850746458,181.6448536531298,-564.0758905545264,1061.7312888565787,2000000,budget_exhausted,U,budget_exhausted,,raw_state_verified,run.py:numpy-batch
HiSD,0.0007943282347242822,0.002,2000000,361,-0.7109375,1.415625,completed,-0.7160819631168114,1.835015519537997,183.03216033304216,-556.268293043213,1097.2199455993737,2000000,budget_exhausted,U,budget_exhausted,,raw_state_verified,run.py:numpy-batch
HiSD,0.0007943282347242822,0.002,2000000,362,-0.7015625000000001,1.415625,completed,-0.7419908206793665,1.8706342516518444,157.3200453087095,-326.40717467744685,1197.0098725875555,2000000,budget_exhausted,U,budget_exhausted,,raw_state_verified,run.py:numpy-batch
HiSD,0.0007943282347242822,0.002,2000000,363,-0.6921875000000001,1.415625,completed,-0.8618048230912931,1.8597031677252724,185.75040646750773,19.32202251876746,1417.3246528507646,2000000,budget_exhausted,U,budget_exhausted,,raw_state_verified,run.py:numpy-batch
HiSD,0.0007943282347242822,0.002,2000000,364,-0.6828125,1.415625,completed,-0.865910803313473,1.8818671573172951,196.05680663284838,49.31699385125783,1549.5817647976048,2000000,budget_exhausted,U,budget_exhausted,,raw_state_verified,run.py:numpy-batch
HiSD,0.0007943282347242822,0.002,2000000,365,-0.6734375,1.415625,completed,-0.8658032390760508,1.881144977943492,195.70215028867443,48.481146818363165,1545.3953544336555,2000000,budget_exhausted,U,budget_exhausted,,raw_state_verified,run.py:numpy-batch
HiSD,0.0007943282347242822,0.002,2000000,366,-0.6640625,1.415625,completed,-0.8404304493468522,2.0563227130070985,253.12378475630751,173.72455713020605,2249.110596519609,2000000,budget_exhausted,U,budget_exhausted,,raw_state_verified,run.py:numpy-batch
HiSD,0.0007943282347242822,0.002,2000000,367,-0.6546875000000001,1.415625,completed,-0.7325478515809097,1.8592053873057404,165.58717091322518,-408.319692168074,1155.971914034637,2000000,budget_exhausted,U,budget_exhausted,,raw_state_verified,run.py:numpy-batch
HiSD,0.0007943282347242822,0.002,2000000,368,-0.6453125000000001,1.415625,completed,-0.8578121729376521,1.8252759023138556,177.7498888147431,-38.89069898968739,1223.064043205863,2000000,budget_exhausted,U,budget_exhausted,,raw_state_verified,run.py:numpy-batch
HiSD,0.0007943282347242822,0.002,2000000,369,-0.6359375,1.415625,completed,-0.7095889004267424,1.9036565167653046,175.50046140252158,-352.71784082007844,1283.1117793479339,2000000,budget_exhausted,U,budget_exhausted,,raw_state_verified,run.py:numpy-batch
HiSD,0.0007943282347242822,0.002,2000000,370,-0.6265625,1.415625,completed,-0.8586547300407852,1.796833953285955,178.2819222563013,-89.53235401484964,1085.2343547128996,2000000,budget_exhausted,U,budget_exhausted,,raw_state_verified,run.py:numpy-batch
HiSD,0.0007943282347242822,0.002,2000000,371,-0.6171875,1.415625,completed,-0.8673874965548153,1.8056472845552665,183.92183297361026,-49.6017485443228,1152.3794442604285,2000000,budget_exhausted,U,budget_exhausted,,raw_state_verified,run.py:numpy-batch
HiSD,0.0007943282347242822,0.002,2000000,372,-0.6078125000000001,1.415625,completed,-0.7095889004267424,1.9036565167653046,175.50046140252158,-352.71784082007844,1283.1117793479339,2000000,budget_exhausted,U,budget_exhausted,,raw_state_verified,run.py:numpy-batch
HiSD,0.0007943282347242822,0.002,2000000,373,-0.5984375000000001,1.415625,completed,-0.7371228325110546,1.8688040140987958,160.58090729137317,-354.46068373182396,1187.5785985324583,2000000,budget_exhausted,U,budget_exhausted,,raw_state_verified,run.py:numpy-batch
HiSD,0.0007943282347242822,0.002,2000000,374,-0.5890625,1.415625,completed,-0.8641908208271757,1.8722129603749564,191.25801695345356,37.26064990293348,1492.385885678408,2000000,budget_exhausted,U,budget_exhausted,,raw_state_verified,run.py:numpy-batch
HiSD,0.0007943282347242822,0.002,2000000,375,-0.5796875,1.415625,completed,-0.8659109371489666,1.8786339569282,195.03756142511463,46.022152636461,1532.5054301857065,2000000,budget_exhausted,U,budget_exhausted,,raw_state_verified,run.py:numpy-batch
HiSD,0.0007943282347242822,0.002,2000000,376,-0.5703125,1.415625,completed,-0.8404304493468521,2.0563227130071,253.12378475630828,173.72455713020693,2249.110596519613,2000000,budget_exhausted,U,budget_exhausted,,raw_state_verified,run.py:numpy-batch
HiSD,0.0007943282347242822,0.002,2000000,377,-0.5609375000000001,1.415625,completed,-0.8404304493468521,2.0563227130071,253.12378475630828,173.72455713020693,2249.110596519613,2000000,budget_exhausted,U,budget_exhausted,,raw_state_verified,run.py:numpy-batch
HiSD,0.0007943282347242822,0.002,2000000,378,-0.5515625000000001,1.415625,completed,-0.8404304493468521,2.0563227130071,253.12378475630828,173.72455713020693,2249.110596519613,2000000,budget_exhausted,U,budget_exhausted,,raw_state_verified,run.py:numpy-batch
HiSD,0.0007943282347242822,0.002,2000000,379,-0.5421875,1.415625,completed,-0.8404304493468521,2.0563227130071,253.12378475630828,173.72455713020693,2249.110596519613,2000000,budget_exhausted,U,budget_exhausted,,raw_state_verified,run.py:numpy-batch
HiSD,0.0007943282347242822,0.002,2000000,380,-0.5328125000000001,1.415625,completed,-0.8595657189997119,1.8399977765945386,180.422427665722,-11.604026634882292,1305.0993985910623,2000000,budget_exhausted,U,budget_exhausted,,raw_state_verified,run.py:numpy-batch
HiSD,0.0007943282347242822,0.002,2000000,381,-0.5234375,1.415625,completed,-0.8662269860308284,1.8848473005367377,197.40195368577224,52.58090331015612,1566.3729749342804,2000000,budget_exhausted,U,budget_exhausted,,raw_state_verified,run.py:numpy-batch
HiSD,0.0007943282347242822,0.002,2000000,382,-0.5140625000000001,1.415625,completed,-0.8582791207551022,1.7977826984226273,178.0134351804665,-88.72878665799094,1088.7572051644522,2000000,budget_exhausted,U,budget_exhausted,,raw_state_verified,run.py:numpy-batch
HiSD,0.0007943282347242822,0.002,2000000,383,-0.5046875000000001,1.415625,completed,-0.8651007357109171,1.7936219790974832,182.3388193624966,-77.2892660289286,1086.6865004840506,2000000,budget_exhausted,U,budget_exhausted,,raw_state_verified,run.py:numpy-batch
HiSD,0.0007943282347242822,0.002,2000000,384,-0.7953125000000001,1.434375,completed,-0.7409252443248258,1.8701407679376114,158.03309340514875,-332.84305299407896,1194.5430815067516,2000000,budget_exhausted,U,budget_exhausted,,raw_state_verified,run.py:numpy-batch
HiSD,0.0007943282347242822,0.002,2000000,385,-0.7859375000000001,1.434375,completed,-0.7212682188633885,1.8226427978655806,182.76856354884293,-568.4441019021084,1068.421364237902,2000000,budget_exhausted,U,budget_exhausted,,raw_state_verified,run.py:numpy-batch
HiSD,0.0007943282347242822,0.002,2000000,386,-0.7765625,1.434375,completed,-0.8638955515997067,1.8682661389693798,189.89287365704266,32.452624427857906,1470.3263256200244,2000000,budget_exhausted,U,budget_exhausted,,raw_state_verified,run.py:numpy-batch
HiSD,0.0007943282347242822,0.002,2000000,387,-0.7671875,1.434375,completed,-0.8644112920675623,1.873087371022721,191.73925162897393,38.48270114288017,1497.8114079125237,2000000,budget_exhausted,U,budget_exhausted,,raw_state_verified,run.py:numpy-batch
HiSD,0.0007943282347242822,0.002,2000000,388,-0.7578125,1.434375,completed,-0.7186898247737938,1.8272449495650303,183.2512725038432,-566.711596713527,1079.4380523340187,2000000,budget_exhausted,U,budget_exhausted,,raw_state_verified,run.py:numpy-batch
HiSD,0.0007943282347242822,0.002,2000000,389,-0.7484375000000001,1.434375,completed,-0.7448389747548073,1.872876832631877,155.281840112281,-306.1267307854884,1207.0997716227675,2000000,budget_exhausted,U,budget_exhausted,,raw_state_verified,run.py:numpy-batch
HiSD,0.0007943282347242822,0.002,2000000,390,-0.7390625000000001,1.434375,completed,-0.7095889004267424,1.9036565167653046,175.50046140252158,-352.71784082007844,1283.1117793479339,2000000,budget_exhausted,U,budget_exhausted,,raw_state_verified,run.py:numpy-batch
HiSD,0.0007943282347242822,0.002,2000000,391,-0.7296875,1.434375,completed,-0.8661152743524795,1.8831325143735118,196.70397878908324,50.78126100560792,1556.964436732324,2000000,budget_exhausted,U,budget_exhausted,,raw_state_verified,run.py:numpy-batch
HiSD,0.0007943282347242822,0.002,2000000,392,-0.7203125,1.434375,completed,-0.7095889004267424,1.9036565167653046,175.50046140252158,-352.71784082007844,1283.1117793479339,2000000,budget_exhausted,U,budget_exhausted,,raw_state_verified,run.py:numpy-batch
HiSD,0.0007943282347242822,0.002,2000000,393,-0.7109375,1.434375,completed,-0.7247142610353416,1.8198516373763594,181.2648675359821,-562.1662115313543,1060.4996220969017,2000000,budget_exhausted,U,budget_exhausted,,raw_state_verified,run.py:numpy-batch
HiSD,0.0007943282347242822,0.002,2000000,394,-0.7015625000000001,1.434375,completed,-0.7376714976370221,1.868808927314757,160.24451454459196,-351.98626955032944,1187.9353974221667,2000000,budget_exhausted,U,budget_exhausted,,raw_state_verified,run.py:numpy-batch
HiSD,0.0007943282347242822,0.002,2000000,395,-0.6921875000000001,1.434375,completed,-0.7367359123963498,1.8688046981778672,160.81899292948302,-356.1924782081451,1187.3449378610865,2000000,budget_exhausted,U,budget_exhausted,,raw_state_verified,run.py:numpy-batch
HiSD,0.0007943282347242822,0.002,2000000,396,-0.6828125,1.434375,completed,-0.7180866460744754,1.8431139121877091,179.49061753556006,-524.5656287260592,1114.3708210254117,2000000,budget_exhausted,U,budget_exhausted,,raw_state_verified,run.py:numpy-batch
HiSD,0.0007943282347242822,0.002,2000000,397,-0.6734375,1.434375,completed,-0.7207703087000829,1.8234035869795326,182.890224917693,-568.4499331639907,1070.2855827663052,2000000,budget_exhausted,U,budget_exhausted,,raw_state_verified,run.py:numpy-batch
HiSD,0.0007943282347242822,0.002,2000000,398,-0.6640625,1.434375,completed,-0.7223547425527326,1.8212978913734077,182.42130449648334,-567.6303332422985,1064.9886695514947,2000000,budget_exhausted,U,budget_exhausted,,raw_state_verified,run.py:numpy-batch
HiSD,0.0007943282347242822,0.002,2000000,399,-0.6546875000000001,1.434375,completed,-0.8610765132729798,1.7928778810258432,179.9103969757714,-90.32469622310141,1072.7317077553373,2000000,budget_exhausted,U,budget_exhausted,,raw_state_verified,run.py:numpy-batch
HiSD,0.0007943282347242822,0.002,2000000,400,-0.6453125000000001,1.434375,completed,-0.718252871477866,1.8282918137802642,183.2699596606821,-565.6999285699956,1081.8599988600718,2000000,budget_exhausted,U,budget_exhausted,,raw_state_verified,run.py:numpy-batch
HiSD,0.0007943282347242822,0.002,2000000,401,-0.6359375,1.434375,completed,-0.7422264698125169,1.8707966117239045,157.15275368389618,-324.80219267618986,1197.7432744432765,2000000,budget_exhausted,U,budget_exhausted,,raw_state_verified,run.py:numpy-batch
HiSD,0.0007943282347242822,0.002,2000000,402,-0.6265625,1.434375,completed,-0.7206180158925934,1.823663415899206,182.92023901967343,-568.3823267629101,1070.9107065105118,2000000,budget_exhausted,U,budget_exhausted,,raw_state_verified,run.py:numpy-batch
HiSD,0.0007943282347242822,0.002,2000000,403,-0.6171875,1.434375,completed,-0.7395788317529377,1.8695166142296757,158.95092222891256,-341.00206802104543,1191.5071507706232,2000000,budget_exhausted,U,budget_exhausted,,raw_state_verified,run.py:numpy-batch
HiSD,0.0007943282347242822,0.002,2000000,404,-0.6078125000000001,1.434375,completed,-0.7414906557638479,1.870308052248846,157.67324091871194,-329.7535682409425,1195.5273233663813,2000000,budget_exhausted,U,budget_exhausted,,raw_state_verified,run.py:numpy-batch
HiSD,0.0007943282347242822,0.002,2000000,405,-0.5984375000000001,1.434375,completed,-0.7442218760796979,1.8724285359998425,155.70758361607867,-310.3739078343864,1204.9922513307704,2000000,budget_exhausted,U,budget_exhausted,,raw_state_verified,run.py:numpy-batch
HiSD,0.0007943282347242822,0.002,2000000,406,-0.5890625,1.434375,completed,-0.7411276341476494,1.8695710588366248,158.03743307989365,-333.92003442249666,1192.7917640276282,2000000,budget_exhausted,U,budget_exhausted,,raw_state_verified,run.py:numpy-batch
HiSD,0.0007943282347242822,0.002,2000000,407,-0.5796875,1.434375,completed,-0.7397014345850317,1.8691556066927921,158.9554008132362,-341.71031117238897,1190.4026480980524,2000000,budget_exhausted,U,budget_exhausted,,raw_state_verified,run.py:numpy-batch
HiSD,0.0007943282347242822,0.002,2000000,408,-0.5703125,1.434375,completed,-0.8600082113822534,1.7944659481122331,179.19922520809558,-90.29902334600601,1077.5048736455294,2000000,budget_exhausted,U,budget_exhausted,,raw_state_verified,run.py:numpy-batch
HiSD,0.0007943282347242822,0.002,2000000,409,-0.5609375000000001,1.434375,completed,-0.7413778535576536,1.8702232373185148,157.75564829121305,-330.5479186690304,1195.1574882022,2000000,budget_exhausted,U,budget_exhausted,,raw_state_verified,run.py:numpy-batch
HiSD,0.0007943282347242822,0.002,2000000,410,-0.5515625000000001,1.434375,completed,-0.7239627931235605,1.8202299040602439,181.6530525279726,-564.1155180811099,1061.7617003869113,2000000,budget_exhausted,U,budget_exhausted,,raw_state_verified,run.py:numpy-batch
HiSD,0.0007943282347242822,0.002,2000000,411,-0.5421875,1.434375,completed,-0.8404304493468521,2.0563227130071,253.12378475630828,173.72455713020693,2249.110596519613,2000000,budget_exhausted,U,budget_exhausted,,raw_state_verified,run.py:numpy-batch
HiSD,0.0007943282347242822,0.002,2000000,412,-0.5328125000000001,1.434375,completed,-0.8404304493468522,2.0563227130070985,253.12378475630751,173.72455713020605,2249.110596519609,2000000,budget_exhausted,U,budget_exhausted,,raw_state_verified,run.py:numpy-batch
HiSD,0.0007943282347242822,0.002,2000000,413,-0.5234375,1.434375,completed,-0.8404304493468522,2.0563227130070985,253.12378475630751,173.72455713020605,2249.110596519609,2000000,budget_exhausted,U,budget_exhausted,,raw_state_verified,run.py:numpy-batch
HiSD,0.0007943282347242822,0.002,2000000,414,-0.5140625000000001,1.434375,completed,-0.8404304493468521,2.0563227130071,253.12378475630828,173.72455713020693,2249.110596519613,2000000,budget_exhausted,U,budget_exhausted,,raw_state_verified,run.py:numpy-batch
HiSD,0.0007943282347242822,0.002,2000000,415,-0.5046875000000001,1.434375,completed,-0.8663441045510518,1.8860049643914765,197.92995510845148,53.81852161670505,1572.8587417318904,2000000,budget_exhausted,U,budget_exhausted,,raw_state_verified,run.py:numpy-batch
HiSD,0.0007943282347242822,0.002,2000000,416,-0.7953125000000001,1.453125,completed,-0.8404304493468521,2.0563227130071,253.12378475630828,173.72455713020693,2249.110596519613,2000000,budget_exhausted,U,budget_exhausted,,raw_state_verified,run.py:numpy-batch
HiSD,0.0007943282347242822,0.002,2000000,417,-0.7859375000000001,1.453125,completed,-0.8404304493468521,2.0563227130071,253.12378475630828,173.72455713020693,2249.110596519613,2000000,budget_exhausted,U,budget_exhausted,,raw_state_verified,run.py:numpy-batch
HiSD,0.0007943282347242822,0.002,2000000,418,-0.7765625,1.453125,completed,-0.7244560942191298,1.8574309174050214,171.49800940244913,-450.74520494905573,1149.5209117311701,2000000,budget_exhausted,U,budget_exhausted,,raw_state_verified,run.py:numpy-batch
HiSD,0.0007943282347242822,0.002,2000000,419,-0.7671875,1.453125,completed,-0.7206932534307189,1.8236803076654935,182.86283804900208,-568.0499391962791,1070.8948308500792,2000000,budget_exhausted,U,budget_exhausted,,raw_state_verified,run.py:numpy-batch
HiSD,0.0007943282347242822,0.002,2000000,420,-0.7578125,1.453125,completed,-0.723188637180151,1.8207195908740381,182.02747174131935,-565.870294662356,1063.2654267078167,2000000,budget_exhausted,U,budget_exhausted,,raw_state_verified,run.py:numpy-batch
HiSD,0.0007943282347242822,0.002,2000000,421,-0.7484375000000001,1.453125,completed,-0.7095889004267424,1.9036565167653046,175.50046140252158,-352.71784082007844,1283.1117793479339,2000000,budget_exhausted,U,budget_exhausted,,raw_state_verified,run.py:numpy-batch
HiSD,0.0007943282347242822,0.002,2000000,422,-0.7390625000000001,1.453125,completed,-0.7331521742939606,1.8682237094021557,163.21466396785246,-374.3324195755556,1183.5177773577252,2000000,budget_exhausted,U,budget_exhausted,,raw_state_verified,run.py:numpy-batch
HiSD,0.0007943282347242822,0.002,2000000,423,-0.7296875,1.453125,completed,-0.7193182015635974,1.8257582866311601,183.22729700741274,-568.0897384200231,1076.0044903111966,2000000,budget_exhausted,U,budget_exhausted,,raw_state_verified,run.py:numpy-batch
HiSD,0.0007943282347242822,0.002,2000000,424,-0.7203125,1.453125,completed,-0.8603642584939145,1.7942396385794495,179.42069722667537,-89.702020157098,1077.337933860222,2000000,budget_exhausted,U,budget_exhausted,,raw_state_verified,run.py:numpy-batch
HiSD,0.0007943282347242822,0.002,2000000,425,-0.7109375,1.453125,completed,-0.8404304493468522,2.0563227130070985,253.12378475630751,173.72455713020605,2249.110596519609,2000000,budget_exhausted,U,budget_exhausted,,raw_state_verified,run.py:numpy-batch
HiSD,0.0007943282347242822,0.002,2000000,426,-0.7015625000000001,1.453125,completed,-0.7403759100211722,1.8699198161924797,158.39820102848304,-336.0517011786929,1193.4052149205372,2000000,budget_exhausted,U,budget_exhausted,,raw_state_verified,run.py:numpy-batch
HiSD,0.0007943282347242822,0.002,2000000,427,-0.6921875000000001,1.453125,completed,-0.8658043358280997,1.8799051224731662,195.31195227330477,47.21909340913678,1538.85204816763,2000000,budget_exhausted,U,budget_exhausted,,raw_state_verified,run.py:numpy-batch
HiSD,0.0007943282347242822,0.002,2000000,428,-0.6828125,1.453125,completed,-0.7221918374133834,1.8215665330527855,182.45239791292784,-567.5862872637027,1065.63776233778,2000000,budget_exhausted,U,budget_exhausted,,raw_state_verified,run.py:numpy-batch
HiSD,0.0007943282347242822,0.002,2000000,429,-0.6734375,1.453125,completed,-0.7425205873356268,1.8710206789755124,156.94030846630076,-322.72647151732815,1198.7365674333325,2000000,budget_exhausted,U,budget_exhausted,,raw_state_verified,run.py:numpy-batch
HiSD,0.0007943282347242822,0.002,2000000,430,-0.6640625,1.453125,completed,-0.8643158090617442,1.7914210923851952,181.92240787591584,-83.74551411627438,1074.1174051997236,2000000,budget_exhausted,U,budget_exhausted,,raw_state_verified,run.py:numpy-batch
HiSD,0.0007943282347242822,0.002,2000000,431,-0.6546875000000001,1.453125,completed,-0.8613615110523136,1.7982623572939238,179.8644705296244,-78.91131320025654,1099.0341804194231,2000000,budget_exhausted,U,budget_exhausted,,raw_state_verified,run.py:numpy-batch
HiSD,0.0007943282347242822,0.002,2000000,432,-0.6453125000000001,1.453125,completed,-0.8564733084313955,1.802105537161403,176.7429821625128,-85.32016750750299,1104.6194824976644,2000000,budget_exhausted,U,budget_exhausted,,raw_state_verified,run.py:numpy-batch
HiSD,0.0007943282347242822,0.002,2000000,433,-0.6359375,1.453125,completed,-0.7380250078187904,1.8688194494056114,160.02775096610847,-350.3675461384356,1188.1932387277675,2000000,budget_exhausted,U,budget_exhausted,,raw_state_verified,run.py:numpy-batch
HiSD,0.0007943282347242822,0.002,2000000,434,-0.6265625,1.453125,completed,-0.7207813220205612,1.8234620597029796,182.86541097046612,-568.2604674307881,1070.396091858423,2000000,budget_exhausted,U,budget_exhausted,,raw_state_verified,run.py:numpy-batch
HiSD,0.0007943282347242822,0.002,2000000,435,-0.6171875,1.453125,completed,-0.7165524909025693,1.83360992412663,183.05578760456268,-558.2377355629204,1093.9697111194926,2000000,budget_exhausted,U,budget_exhausted,,raw_state_verified,run.py:numpy-batch
HiSD,0.0007943282347242822,0.002,2000000,436,-0.6078125000000001,1.453125,completed,-0.7213333251393593,1.8225545110500132,182.74961762655067,-568.4149485395324,1068.2001777782764,2000000,budget_exhausted,U,budget_exhausted,,raw_state_verified,run.py:numpy-batch
HiSD,0.0007943282347242822,0.002,2000000,437,-0.5984375000000001,1.453125,completed,-0.7199584197955169,1.8248562094977876,183.03518914803482,-567.9099686203895,1073.756987441651,2000000,budget_exhausted,U,budget_exhausted,,raw_state_verified,run.py:numpy-batch
HiSD,0.0007943282347242822,0.002,2000000,438,-0.5890625,1.453125,completed,-0.7183872188168043,1.826932623317909,183.55571933765017,-568.6922027619853,1078.9947663998073,2000000,budget_exhausted,U,budget_exhausted,,raw_state_verified,run.py:numpy-batch
HiSD,0.0007943282347242822,0.002,2000000,439,-0.5796875,1.453125,completed,-0.7397234018001608,1.869165333366946,158.94039872394458,-341.57856912336604,1190.4497775962627,2000000,budget_exhausted,U,budget_exhausted,,raw_state_verified,run.py:numpy-batch
HiSD,0.0007943282347242822,0.002,2000000,440,-0.5703125,1.453125,completed,-0.7438364643048047,1.8719182493640123,156.0237695254868,-313.8257528852495,1202.8963071650064,2000000,budget_exhausted,U,budget_exhausted,,raw_state_verified,run.py:numpy-batch
HiSD,0.0007943282347242822,0.002,2000000,441,-0.5609375000000001,1.453125,completed,-0.8663829413747269,1.8865419645492192,198.1588215487358,54.3741442395327,1575.8098476800712,2000000,budget_exhausted,U,budget_exhausted,,raw_state_verified,run.py:numpy-batch
HiSD,0.0007943282347242822,0.002,2000000,442,-0.5515625000000001,1.453125,completed,-0.8655295391659182,1.8791750248827046,194.77224022050981,46.188287901843466,1534.0280939284116,2000000,budget_exhausted,U,budget_exhausted,,raw_state_verified,run.py:numpy-batch
HiSD,0.0007943282347242822,0.002,2000000,443,-0.5421875,1.453125,completed,-0.7235472829513654,1.8205076902902257,181.84884275070408,-565.0204861083674,1062.5987294247886,2000000,budget_exhausted,U,budget_exhausted,,raw_state_verified,run.py:numpy-batch
HiSD,0.0007943282347242822,0.002,2000000,444,-0.5328125000000001,1.453125,completed,-0.7242910491473862,1.8200423865614466,181.48971821281012,-563.3202092611989,1061.1651170471125,2000000,budget_exhausted,U,budget_exhausted,,raw_state_verified,run.py:numpy-batch
HiSD,0.0007943282347242822,0.002,2000000,445,-0.5234375,1.453125,completed,-0.8404304493468521,2.0563227130071,253.12378475630828,173.72455713020693,2249.110596519613,2000000,budget_exhausted,U,budget_exhausted,,raw_state_verified,run.py:numpy-batch
HiSD,0.0007943282347242822,0.002,2000000,446,-0.5140625000000001,1.453125,completed,-0.8404304493468521,2.0563227130071,253.12378475630828,173.72455713020693,2249.110596519613,2000000,budget_exhausted,U,budget_exhausted,,raw_state_verified,run.py:numpy-batch
HiSD,0.0007943282347242822,0.002,2000000,447,-0.5046875000000001,1.453125,completed,-0.8404304493468521,2.0563227130071,253.12378475630828,173.72455713020693,2249.110596519613,2000000,budget_exhausted,U,budget_exhausted,,raw_state_verified,run.py:numpy-batch
HiSD,0.0007943282347242822,0.002,2000000,448,-0.7953125000000001,1.4718749999999998,completed,-0.8646608485548188,1.8743097622510994,192.35704401924144,40.10173800762396,1505.185264428089,2000000,budget_exhausted,U,budget_exhausted,,raw_state_verified,run.py:numpy-batch
HiSD,0.0007943282347242822,0.002,2000000,449,-0.7859375000000001,1.4718749999999998,completed,-0.7156745839610474,1.8470022042245935,180.35987524172484,-522.9624829627262,1124.2636252302284,2000000,budget_exhausted,U,budget_exhausted,,raw_state_verified,run.py:numpy-batch
HiSD,0.0007943282347242822,0.002,2000000,450,-0.7765625,1.4718749999999998,completed,-0.7058451721913672,2.0430112103832228,170.25956431521752,79.17894106620359,1867.2064402906476,2000000,budget_exhausted,U,budget_exhausted,,raw_state_verified,run.py:numpy-batch
HiSD,0.0007943282347242822,0.002,2000000,451,-0.7671875,1.4718749999999998,completed,-0.8662806275477352,1.885150351766534,197.56652125488333,52.927297822626485,1568.1520264450585,2000000,budget_exhausted,U,budget_exhausted,,raw_state_verified,run.py:numpy-batch
HiSD,0.0007943282347242822,0.002,2000000,452,-0.7578125,1.4718749999999998,completed,-0.7403523500726824,1.8695369693304047,158.4931258316533,-337.4859571363496,1192.1179241787013,2000000,budget_exhausted,U,budget_exhausted,,raw_state_verified,run.py:numpy-batch
HiSD,0.0007943282347242822,0.002,2000000,453,-0.7484375000000001,1.4718749999999998,completed,-0.7325325095972385,1.8591653326338657,165.60627371709842,-408.52620336725323,1155.850115840233,2000000,budget_exhausted,U,budget_exhausted,,raw_state_verified,run.py:numpy-batch
HiSD,0.0007943282347242822,0.002,2000000,454,-0.7390625000000001,1.4718749999999998,completed,-0.7196843252971439,1.8264514947635095,182.7701452769315,-564.8863493516227,1077.183801613772,2000000,budget_exhausted,U,budget_exhausted,,raw_state_verified,run.py:numpy-batch
HiSD,0.0007943282347242822,0.002,2000000,455,-0.7296875,1.4718749999999998,completed,-0.859547487697276,1.7961465805190953,178.8434690613939,-88.28818773776992,1084.2555071815414,2000000,budget_exhausted,U,budget_exhausted,,raw_state_verified,run.py:numpy-batch
HiSD,0.0007943282347242822,0.002,2000000,456,-0.7203125,1.4718749999999998,completed,-0.7195015353520726,1.825818516793381,183.0803293529963,-567.2252682343661,1076.0080546481795,2000000,budget_exhausted,U,budget_exhausted,,raw_state_verified,run.py:numpy-batch
HiSD,0.0007943282347242822,0.002,2000000,457,-0.7109375,1.4718749999999998,completed,-0.7181390852094072,1.8281911349112634,183.37981317636718,-566.4067139209675,1081.7244177501998,2000000,budget_exhausted,U,budget_exhausted,,raw_state_verified,run.py:numpy-batch
HiSD,0.0007943282347242822,0.002,2000000,458,-0.7015625000000001,1.4718749999999998,completed,-0.8683450233487224,1.8238260078101323,185.95180703364719,-18.478774025464073,1249.0385093791947,2000000,budget_exhausted,U,budget_exhausted,,raw_state_verified,run.py:numpy-batch
HiSD,0.0007943282347242822,0.002,2000000,459,-0.6921875000000001,1.4718749999999998,completed,-0.8649692908609287,1.8751316608716533,192.93338201094187,41.33325348418892,1510.6341592747654,2000000,budget_exhausted,U,budget_exhausted,,raw_state_verified,run.py:numpy-batch
HiSD,0.0007943282347242822,0.002,2000000,460,-0.6828125,1.4718749999999998,completed,-0.8614620461599302,1.7948116824248657,180.0501761163463,-85.35792687618022,1082.8363637738394,2000000,budget_exhausted,U,budget_exhausted,,raw_state_verified,run.py:numpy-batch
HiSD,0.0007943282347242822,0.002,2000000,461,-0.6734375,1.4718749999999998,completed,-0.8553940517964154,1.8224166454456874,175.88771474811833,-49.65887032094613,1201.268727315541,2000000,budget_exhausted,U,budget_exhausted,,raw_state_verified,run.py:numpy-batch
HiSD,0.0007943282347242822,0.002,2000000,462,-0.6640625,1.4718749999999998,completed,-0.7230924579665724,1.8206991400650716,182.09888152659963,-566.2903491614762,1063.2890191836052,2000000,budget_exhausted,U,budget_exhausted,,raw_state_verified,run.py:numpy-batch
HiSD,0.0007943282347242822,0.002,2000000,463,-0.6546875000000001,1.4718749999999998,completed,-0.863979361284247,1.7916072013541107,181.70961426995746,-84.3537068534987,1074.1308200361564,2000000,budget_exhausted,U,budget_exhausted,,raw_state_verified,run.py:numpy-batch
HiSD,0.0007943282347242822,0.002,2000000,464,-0.6453125000000001,1.4718749999999998,completed,-0.8635490762438311,1.869594056866926,189.87025352362537,33.53963020919503,1476.1882012600481,2000000,budget_exhausted,U,budget_exhausted,,raw_state_verified,run.py:numpy-batch
HiSD,0.0007943282347242822,0.002,2000000,465,-0.6359375,1.4718749999999998,completed,-0.7172415028950702,1.8308412662951858,183.29696740730017,-562.9601408284093,1087.7534632128727,2000000,budget_exhausted,U,budget_exhausted,,raw_state_verified,run.py:numpy-batch
HiSD,0.0007943282347242822,0.002,2000000,466,-0.6265625,1.4718749999999998,completed,-0.722256069002459,1.8216248460671889,182.3909652326455,-567.1943755879765,1065.711667902278,2000000,budget_exhausted,U,budget_exhausted,,raw_state_verified,run.py:numpy-batch
HiSD,0.0007943282347242822,0.002,2000000,467,-0.6171875,1.4718749999999998,completed,-0.7186945303318834,1.8257205725216328,183.68084898154794,-570.595450277406,1076.3374912709328,2000000,budget_exhausted,U,budget_exhausted,,raw_state_verified,run.py:numpy-batch
HiSD,0.0007943282347242822,0.002,2000000,468,-0.6078125000000001,1.4718749999999998,completed,-0.7231291199896454,1.820762624370695,182.0548447111323,-565.9916501338973,1063.391918530032,2000000,budget_exhausted,U,budget_exhausted,,raw_state_verified,run.py:numpy-batch
HiSD,0.0007943282347242822,0.002,2000000,469,-0.5984375000000001,1.4718749999999998,completed,-0.7216244060045394,1.8577612370319125,173.4703842183303,-462.28929729585883,1150.2983952237796,2000000,budget_exhausted,U,budget_exhausted,,raw_state_verified,run.py:numpy-batch
HiSD,0.0007943282347242822,0.002,2000000,470,-0.5890625,1.4718749999999998,completed,-0.7409225384428402,1.870138979700466,158.0350323033495,-332.8612756520846,1194.5351045669577,2000000,budget_exhausted,U,budget_exhausted,,raw_state_verified,run.py:numpy-batch
HiSD,0.0007943282347242822,0.002,2000000,471,-0.5796875,1.4718749999999998,completed,-0.7437353510475492,1.8720507674201812,156.05145880524415,-313.8131951622964,1203.2657731841732,2000000,budget_exhausted,U,budget_exhausted,,raw_state_verified,run.py:numpy-batch
HiSD,0.0007943282347242822,0.002,2000000,472,-0.5703125,1.4718749999999998,completed,-0.7189395244153185,1.825253554823607,183.64043644667154,-570.8335435985848,1075.2329462264802,2000000,budget_exhausted,U,budget_exhausted,,raw_state_verified,run.py:numpy-batch
HiSD,0.0007943282347242822,0.002,2000000,473,-0.5609375000000001,1.4718749999999998,completed,-0.7390856287502077,1.8689050173944726,159.3732013944266,-345.32916654271867,1189.163433981087,2000000,budget_exhausted,U,budget_exhausted,,raw_state_verified,run.py:numpy-batch
HiSD,0.0007943282347242822,0.002,2000000,474,-0.5515625000000001,1.4718749999999998,completed,-0.8666953738460013,1.8919080955880245,200.4269066124179,59.72359658440689,1604.914375957405,2000000,budget_exhausted,U,budget_exhausted,,raw_state_verified,run.py:numpy-batch
HiSD,0.0007943282347242822,0.002,2000000,475,-0.5421875,1.4718749999999998,completed,-0.8659457551258878,1.881352215099914,195.93197850772157,48.831687699002394,1546.988400192949,2000000,budget_exhausted,U,budget_exhausted,,raw_state_verified,run.py:numpy-batch
HiSD,0.0007943282347242822,0.002,2000000,476,-0.5328125000000001,1.4718749999999998,completed,-0.8647548837923513,1.8738963281076793,192.34248522255635,39.75958453437406,1503.3191868514855,2000000,budget_exhausted,U,budget_exhausted,,raw_state_verified,run.py:numpy-batch
HiSD,0.0007943282347242822,0.002,2000000,477,-0.5234375,1.4718749999999998,completed,-0.8676088419710885,1.8360774017076902,186.91707572518592,-2.3752053929920836,1311.322526204975,2000000,budget_exhausted,U,budget_exhausted,,raw_state_verified,run.py:numpy-batch
HiSD,0.0007943282347242822,0.002,2000000,478,-0.5140625000000001,1.4718749999999998,completed,-0.8404304493468521,2.0563227130071,253.12378475630828,173.72455713020693,2249.110596519613,2000000,budget_exhausted,U,budget_exhausted,,raw_state_verified,run.py:numpy-batch
HiSD,0.0007943282347242822,0.002,2000000,479,-0.5046875000000001,1.4718749999999998,completed,-0.8404304493468522,2.0563227130070985,253.12378475630751,173.72455713020605,2249.110596519609,2000000,budget_exhausted,U,budget_exhausted,,raw_state_verified,run.py:numpy-batch
HiSD,0.0007943282347242822,0.002,2000000,480,-0.7953125000000001,1.4906249999999999,completed,-0.7238179564077246,1.8203123007940294,181.7255090516865,-564.4670649620227,1062.024353447525,2000000,budget_exhausted,U,budget_exhausted,,raw_state_verified,run.py:numpy-batch
HiSD,0.0007943282347242822,0.002,2000000,481,-0.7859375000000001,1.4906249999999999,completed,-0.8642094978411462,1.8724054064183757,191.33112670123157,37.495795190180736,1493.4753276179108,2000000,budget_exhausted,U,budget_exhausted,,raw_state_verified,run.py:numpy-batch
HiSD,0.0007943282347242822,0.002,2000000,482,-0.7765625,1.4906249999999999,completed,-0.8583818750189174,1.8307395088671954,178.54063037886522,-28.51174480467991,1252.9455941807487,2000000,budget_exhausted,U,budget_exhausted,,raw_state_verified,run.py:numpy-batch
HiSD,0.0007943282347242822,0.002,2000000,483,-0.7671875,1.4906249999999999,completed,-0.7058451721913672,2.0430112103832228,170.25956431521752,79.17894106620359,1867.2064402906476,2000000,budget_exhausted,U,budget_exhausted,,raw_state_verified,run.py:numpy-batch
HiSD,0.0007943282347242822,0.002,2000000,484,-0.7578125,1.4906249999999999,completed,-0.7058451721913672,2.0430112103832228,170.25956431521752,79.17894106620359,1867.2064402906476,2000000,budget_exhausted,U,budget_exhausted,,raw_state_verified,run.py:numpy-batch
HiSD,0.0007943282347242822,0.002,2000000,485,-0.7484375000000001,1.4906249999999999,completed,-0.8656753548156111,1.8789913291580118,194.88083227242092,46.148563782903665,1533.5684629098282,2000000,budget_exhausted,U,budget_exhausted,,raw_state_verified,run.py:numpy-batch
HiSD,0.0007943282347242822,0.002,2000000,486,-0.7390625000000001,1.4906249999999999,completed,-0.8404304493468522,2.0563227130070985,253.12378475630751,173.72455713020605,2249.110596519609,2000000,budget_exhausted,U,budget_exhausted,,raw_state_verified,run.py:numpy-batch
HiSD,0.0007943282347242822,0.002,2000000,487,-0.7296875,1.4906249999999999,completed,-0.7429426610740317,1.8713486227778124,156.63580345238313,-319.72895078947164,1200.1947746517544,2000000,budget_exhausted,U,budget_exhausted,,raw_state_verified,run.py:numpy-batch
HiSD,0.0007943282347242822,0.002,2000000,488,-0.7203125,1.4906249999999999,completed,-0.7058451721913673,2.043011210383222,170.25956431521743,79.17894106620115,1867.2064402906433,2000000,budget_exhausted,U,budget_exhausted,,raw_state_verified,run.py:numpy-batch
HiSD,0.0007943282347242822,0.002,2000000,489,-0.7109375,1.4906249999999999,completed,-0.7228959907634043,1.8209784035078496,182.14815630131554,-566.349252307694,1063.982311362385,2000000,budget_exhausted,U,budget_exhausted,,raw_state_verified,run.py:numpy-batch
HiSD,0.0007943282347242822,0.002,2000000,490,-0.7015625000000001,1.4906249999999999,completed,-0.8574205712244489,1.8205072962537714,177.26174025156465,-48.09640782042882,1197.6461249511758,2000000,budget_exhausted,U,budget_exhausted,,raw_state_verified,run.py:numpy-batch
HiSD,0.0007943282347242822,0.002,2000000,491,-0.6921875000000001,1.4906249999999999,completed,-0.8651835415952344,1.7939122567072403,182.38383070943695,-76.50721179010746,1088.302701984611,2000000,budget_exhausted,U,budget_exhausted,,raw_state_verified,run.py:numpy-batch
HiSD,0.0007943282347242822,0.002,2000000,492,-0.6828125,1.4906249999999999,completed,-0.862992082518669,1.7936477644291111,181.02715885671483,-83.22313906411846,1081.2642622247736,2000000,budget_exhausted,U,budget_exhausted,,raw_state_verified,run.py:numpy-batch
HiSD,0.0007943282347242822,0.002,2000000,493,-0.6734375,1.4906249999999999,completed,-0.8660609892734472,1.8825331015845084,196.4455253421705,50.131184729224266,1553.6176725146138,2000000,budget_exhausted,U,budget_exhausted,,raw_state_verified,run.py:numpy-batch
HiSD,0.0007943282347242822,0.002,2000000,494,-0.6640625,1.4906249999999999,completed,-0.7226934192119195,1.8211050799444053,182.24796489968037,-566.8112489119026,1064.3731243314735,2000000,budget_exhausted,U,budget_exhausted,,raw_state_verified,run.py:numpy-batch
HiSD,0.0007943282347242822,0.002,2000000,495,-0.6546875000000001,1.4906249999999999,completed,-0.8670126423944412,1.8409481940112804,187.15619354135706,3.1911430783634565,1335.2181346337836,2000000,budget_exhausted,U,budget_exhausted,,raw_state_verified,run.py:numpy-batch
HiSD,0.0007943282347242822,0.002,2000000,496,-0.6453125000000001,1.4906249999999999,completed,-0.864476219971993,1.7918898114899653,182.0033212570434,-82.37686404762428,1076.7609236152005,2000000,budget_exhausted,U,budget_exhausted,,raw_state_verified,run.py:numpy-batch
HiSD,0.0007943282347242822,0.002,2000000,497,-0.6359375,1.4906249999999999,completed,-0.7400864471183866,1.8693862425020857,158.6803666052891,-339.19328198705915,1191.43092723685,2000000,budget_exhausted,U,budget_exhausted,,raw_state_verified,run.py:numpy-batch
HiSD,0.0007943282347242822,0.002,2000000,498,-0.6265625,1.4906249999999999,completed,-0.7095889004267424,1.9036565167653046,175.50046140252158,-352.71784082007844,1283.1117793479339,2000000,budget_exhausted,U,budget_exhausted,,raw_state_verified,run.py:numpy-batch
HiSD,0.0007943282347242822,0.002,2000000,499,-0.6171875,1.4906249999999999,completed,-0.8617741096142884,1.7948962218064142,180.23579269702947,-84.28950185776206,1084.0422297688278,2000000,budget_exhausted,U,budget_exhausted,,raw_state_verified,run.py:numpy-batch
HiSD,0.0007943282347242822,0.002,2000000,500,-0.6078125000000001,1.4906249999999999,completed,-0.7095889004267424,1.9036565167653046,175.50046140252158,-352.71784082007844,1283.1117793479339,2000000,budget_exhausted,U,budget_exhausted,,raw_state_verified,run.py:numpy-batch
HiSD,0.0007943282347242822,0.002,2000000,501,-0.5984375000000001,1.4906249999999999,completed,-0.7210176872022596,1.8230673228046606,182.8170351459616,-568.3430236020369,1069.443218950802,2000000,budget_exhausted,U,budget_exhausted,,raw_state_verified,run.py:numpy-batch
HiSD,0.0007943282347242822,0.002,2000000,502,-0.5890625,1.4906249999999999,completed,-0.7191894791591793,1.825170676423828,183.4870484551655,-570.0803978847953,1074.8996917729885,2000000,budget_exhausted,U,budget_exhausted,,raw_state_verified,run.py:numpy-batch
HiSD,0.0007943282347242822,0.002,2000000,503,-0.5796875,1.4906249999999999,completed,-0.7443241420818655,1.8724738024497292,155.6427471972918,-309.7693605345587,1205.239091874113,2000000,budget_exhausted,U,budget_exhausted,,raw_state_verified,run.py:numpy-batch
HiSD,0.0007943282347242822,0.002,2000000,504,-0.5703125,1.4906249999999999,completed,-0.7232208415332556,1.8614837650178484,171.49778707205385,-442.52969348346556,1160.5440752427976,2000000,budget_exhausted,U,budget_exhausted,,raw_state_verified,run.py:numpy-batch
HiSD,0.0007943282347242822,0.002,2000000,505,-0.5609375000000001,1.4906249999999999,completed,-0.7402899966316592,1.8687344918720832,158.70059528338282,-340.5494475876682,1189.4216940307524,2000000,budget_exhausted,U,budget_exhausted,,raw_state_verified,run.py:numpy-batch
HiSD,0.0007943282347242822,0.002,2000000,506,-0.5515625000000001,1.4906249999999999,completed,-0.8640143872983845,1.7915837042648939,181.73190957987632,-84.29835483048764,1074.1098117083925,2000000,budget_exhausted,U,budget_exhausted,,raw_state_verified,run.py:numpy-batch
HiSD,0.0007943282347242822,0.002,2000000,507,-0.5421875,1.4906249999999999,completed,-0.7095889004267424,1.9036565167653046,175.50046140252158,-352.71784082007844,1283.1117793479339,2000000,budget_exhausted,U,budget_exhausted,,raw_state_verified,run.py:numpy-batch
HiSD,0.0007943282347242822,0.002,2000000,508,-0.5328125000000001,1.4906249999999999,completed,-0.8642978814249265,1.7915596130020894,181.90609685500567,-83.52823516376655,1074.7284913939584,2000000,budget_exhausted,U,budget_exhausted,,raw_state_verified,run.py:numpy-batch
HiSD,0.0007943282347242822,0.002,2000000,509,-0.5234375,1.4906249999999999,completed,-0.8639635182977051,1.7916195523738003,181.69946211317426,-84.37539144996929,1074.1484939714385,2000000,budget_exhausted,U,budget_exhausted,,raw_state_verified,run.py:numpy-batch
HiSD,0.0007943282347242822,0.002,2000000,510,-0.5140625000000001,1.4906249999999999,completed,-0.8665403744752385,1.8882674441372767,198.9422455121466,56.17001831622897,1585.3911751263158,2000000,budget_exhausted,U,budget_exhausted,,raw_state_verified,run.py:numpy-batch
HiSD,0.0007943282347242822,0.002,2000000,511,-0.5046875000000001,1.4906249999999999,completed,-0.8608707177705395,1.795015103471071,179.68536193309606,-86.67389373348789,1082.2826915093676,2000000,budget_exhausted,U,budget_exhausted,,raw_state_verified,run.py:numpy-batch
