method,eta,tau,budget,start_id,x0,y0,execution_status,raw_x,raw_y,grad_norm,lambda1,lambda2,n_outer_updates,terminal_category,endpoint,stop_reason,failure_reason,certification_reason,source
HiSD,0.01,0.002,2000000,0,-0.7953125000000001,1.2093749999999999,completed,-4.149134581614652,3.1732308383483243,22768.559953454147,12966.196118043823,85229.02813478932,1,state_safeguard,U,state_safeguard,source_norm2_gt_5,raw_state_verified,run.py:numpy-batch
HiSD,0.01,0.002,2000000,1,-0.7859375000000001,1.2093749999999999,completed,-4.3550636841147,3.345823101415869,58779.34955010278,30313.08856868899,224611.26004978176,1,state_safeguard,U,state_safeguard,source_norm2_gt_5,raw_state_verified,run.py:numpy-batch
HiSD,0.01,0.002,2000000,2,-0.7765625,1.2093749999999999,completed,-4.565716297684584,3.514748125070141,159130.70133225253,75869.65640204777,636732.7556940608,1,state_safeguard,U,state_safeguard,source_norm2_gt_5,raw_state_verified,run.py:numpy-batch
HiSD,0.01,0.002,2000000,3,-0.7671875,1.2093749999999999,completed,-4.780779615272681,3.678960420079484,460390.67926121736,208507.9658285534,1943926.9408621695,1,state_safeguard,U,state_safeguard,source_norm2_gt_5,raw_state_verified,run.py:numpy-batch
HiSD,0.01,0.002,2000000,4,-0.7578125,1.2093749999999999,completed,-4.999978472356609,3.8373203158428764,1424420.6722332756,612128.5580145274,6325198.527497226,1,state_safeguard,U,state_safeguard,source_norm2_gt_5,raw_state_verified,run.py:numpy-batch
HiSD,0.01,0.002,2000000,5,-0.7484375000000001,1.2093749999999999,completed,-5.2230846402431474,3.9885771868586906,4693827.189703079,1908799.9864311544,21881947.244040973,1,state_safeguard,U,state_safeguard,source_norm2_gt_5,raw_state_verified,run.py:numpy-batch
HiSD,0.01,0.002,2000000,6,-0.7390625000000001,1.2093749999999999,completed,-5.449927257400464,4.1313474290486365,16437488.640618317,6326823.386870817,80383368.7269523,1,state_safeguard,U,state_safeguard,source_norm2_gt_5,raw_state_verified,run.py:numpy-batch
HiSD,0.01,0.002,2000000,7,-0.7296875,1.2093749999999999,completed,-5.680404436056409,4.264085472387931,61060061.26710807,22246383.95113331,312931255.1564825,1,state_safeguard,U,state_safeguard,source_norm2_gt_5,raw_state_verified,run.py:numpy-batch
HiSD,0.01,0.002,2000000,8,-0.7203125,1.2093749999999999,completed,-5.914496002718744,4.385045501400846,240170217.80747294,82789310.53085467,1288795988.6662223,1,state_safeguard,U,state_safeguard,source_norm2_gt_5,raw_state_verified,run.py:numpy-batch
HiSD,0.01,0.002,2000000,9,-0.7109375,1.2093749999999999,completed,-6.152277167632657,4.492230687973298,999075877.6655703,325555740.4994084,5609556958.883213,1,state_safeguard,U,state_safeguard,source_norm2_gt_5,raw_state_verified,run.py:numpy-batch
HiSD,0.01,0.002,2000000,10,-0.7015625000000001,1.2093749999999999,completed,-6.393932598900953,4.583325510243134,4394736673.57606,1351802721.7934823,25806158025.03029,1,state_safeguard,U,state_safeguard,source_norm2_gt_5,raw_state_verified,run.py:numpy-batch
HiSD,0.01,0.002,2000000,11,-0.6921875000000001,1.2093749999999999,completed,-6.6397697742744155,4.655604976156232,20473456492.566925,5931988914.337779,125710583185.18796,1,state_safeguard,U,state_safeguard,source_norm2_gt_5,raw_state_verified,run.py:numpy-batch
HiSD,0.01,0.002,2000000,12,-0.6828125,1.2093749999999999,completed,-6.890229365656293,4.705812060531068,101426881827.98866,27598569815.86183,651364934638.4657,1,state_safeguard,U,state_safeguard,source_norm2_gt_5,raw_state_verified,run.py:numpy-batch
HiSD,0.01,0.002,2000000,13,-0.6734375,1.2093749999999999,completed,-7.145888352894415,4.729991084128285,538565293391.44275,137065561039.01378,3620040103392.4883,1,state_safeguard,U,state_safeguard,source_norm2_gt_5,raw_state_verified,run.py:numpy-batch
HiSD,0.01,0.002,2000000,14,-0.6640625,1.2093749999999999,completed,-7.407447781039179,4.723259706766016,3106365297278.8853,735482533393.6211,21882962587637.457,1,state_safeguard,U,state_safeguard,source_norm2_gt_5,raw_state_verified,run.py:numpy-batch
HiSD,0.01,0.002,2000000,15,-0.6546875000000001,1.2093749999999999,completed,-7.675690115319865,4.6794952454657395,19881410340763.69,4349190482340.8857,147086508772613.66,1,state_safeguard,U,state_safeguard,source_norm2_gt_5,raw_state_verified,run.py:numpy-batch
HiSD,0.01,0.002,2000000,16,-0.6453125000000001,1.2093749999999999,completed,-7.951378313008821,4.590901977320889,145893941884690.5,29233956391028.023,1136869599148132.0,1,state_safeguard,U,state_safeguard,source_norm2_gt_5,raw_state_verified,run.py:numpy-batch
HiSD,0.01,0.002,2000000,17,-0.6359375,1.2093749999999999,completed,-8.235045048860648,4.447415844697979,1289345417974306.2,234158436458902.88,1.062464784261306e+16,1,state_safeguard,U,state_safeguard,source_norm2_gt_5,raw_state_verified,run.py:numpy-batch
HiSD,0.01,0.002,2000000,18,-0.6265625,1.2093749999999999,completed,-8.526577058516752,4.235895899225291,1.4756313986530306e+16,2398462091509001.0,1.2924891874375926e+17,1,state_safeguard,U,state_safeguard,source_norm2_gt_5,raw_state_verified,run.py:numpy-batch
HiSD,0.01,0.002,2000000,19,-0.6171875,1.2093749999999999,completed,-8.824421189495489,3.939061964033642,2.4306769243107843e+17,3.485144289527772e+16,2.2774715569635507e+18,1,state_safeguard,U,state_safeguard,source_norm2_gt_5,raw_state_verified,run.py:numpy-batch
HiSD,0.01,0.002,2000000,20,-0.6078125000000001,1.2093749999999999,completed,-9.12410379301988,3.534204718177546,6.697222817748333e+18,8.339021562658209e+17,6.763684522894824e+19,1,state_safeguard,U,state_safeguard,source_norm2_gt_5,raw_state_verified,run.py:numpy-batch
HiSD,0.01,0.002,2000000,21,-0.5984375000000001,1.2093749999999999,completed,-9.415547661618,2.9919176920221484,3.79168919747555e+20,4.036351960490139e+19,4.1623242076957044e+21,1,state_safeguard,U,state_safeguard,source_norm2_gt_5,raw_state_verified,run.py:numpy-batch
HiSD,0.01,0.002,2000000,22,-0.5890625,1.2093749999999999,completed,-9.678445200745193,2.2757059013362637,5.719890740719752e+22,5.136527435640344e+21,6.882780195827074e+23,1,state_safeguard,U,state_safeguard,source_norm2_gt_5,raw_state_verified,run.py:numpy-batch
HiSD,0.01,0.002,2000000,23,-0.5796875,1.2093749999999999,completed,-9.87505379382148,1.3447118028689748,3.014651722320921e+25,2.2659294493801893e+24,4.00368048849897e+26,1,state_safeguard,U,state_safeguard,source_norm2_gt_5,raw_state_verified,run.py:numpy-batch
HiSD,0.01,0.002,2000000,24,-0.5703125,1.2093749999999999,completed,-9.941421344606713,0.16422145157402146,6.36979807264527e+28,4.0153029571677273e+27,9.361476495681071e+29,1,state_safeguard,U,state_safeguard,source_norm2_gt_5,raw_state_verified,run.py:numpy-batch
HiSD,0.01,0.002,2000000,25,-0.5609375000000001,1.2093749999999999,completed,-9.78373603056079,-1.2696837852964518,3.964186225381848e+32,2.1298887878824553e+31,6.414433773903887e+33,1,state_safeguard,U,state_safeguard,source_norm2_gt_5,raw_state_verified,run.py:numpy-batch
HiSD,0.01,0.002,2000000,26,-0.5515625000000001,1.2093749999999999,completed,-9.296680598165905,-2.892107757494715,2.306541366003871e+36,1.0918607257765115e+35,4.043394940365152e+37,1,state_safeguard,U,state_safeguard,source_norm2_gt_5,raw_state_verified,run.py:numpy-batch
HiSD,0.01,0.002,2000000,27,-0.5421875,1.2093749999999999,completed,-8.419906689225497,-4.545959106145661,1.780630460140586e+39,7.7943461400541955e+37,3.289856006659894e+40,1,state_safeguard,U,state_safeguard,source_norm2_gt_5,raw_state_verified,run.py:numpy-batch
HiSD,0.01,0.002,2000000,28,-0.5328125000000001,1.2093749999999999,completed,-7.205179886381507,-6.024445738224305,3.253469095327818e+40,1.3919987558278378e+39,6.123705737972827e+41,1,state_safeguard,U,state_safeguard,source_norm2_gt_5,raw_state_verified,run.py:numpy-batch
HiSD,0.01,0.002,2000000,29,-0.5234375,1.2093749999999999,completed,-5.814979356419518,-7.17473844036388,1.1556720816879748e+40,5.08533076074296e+38,2.1467645310675806e+41,1,state_safeguard,U,state_safeguard,source_norm2_gt_5,raw_state_verified,run.py:numpy-batch
HiSD,0.01,0.002,2000000,30,-0.5140625000000001,1.2093749999999999,completed,-4.434345134580412,-7.963767501212411,2.8895473282603346e+38,1.357743644325579e+37,5.1782480600435187e+39,1,state_safeguard,U,state_safeguard,source_norm2_gt_5,raw_state_verified,run.py:numpy-batch
HiSD,0.01,0.002,2000000,31,-0.5046875000000001,1.2093749999999999,completed,-3.1880316634281307,-8.450427426188842,2.5128992536578136e+36,1.2888738009891724e+35,4.291527009352909e+37,1,state_safeguard,U,state_safeguard,source_norm2_gt_5,raw_state_verified,run.py:numpy-batch
HiSD,0.01,0.002,2000000,33,-0.7859375000000001,1.228125,completed,-3.876811605598477,3.165945917272863,8887.648380959436,5693.040373236163,31548.92742821025,1,state_safeguard,U,state_safeguard,source_norm2_gt_5,raw_state_verified,run.py:numpy-batch
HiSD,0.01,0.002,2000000,34,-0.7765625,1.228125,completed,-4.081335501240719,3.34926313388757,23019.46284538265,13861.678979753959,84075.90910949184,1,state_safeguard,U,state_safeguard,source_norm2_gt_5,raw_state_verified,run.py:numpy-batch
HiSD,0.01,0.002,2000000,35,-0.7671875,1.228125,completed,-4.290726661208639,3.529979329152734,61220.16838553077,33072.859178290804,227549.07427141035,1,state_safeguard,U,state_safeguard,source_norm2_gt_5,raw_state_verified,run.py:numpy-batch
HiSD,0.01,0.002,2000000,36,-0.7578125,1.228125,completed,-4.504635672930206,3.70714371808664,171072.46180290112,86630.37831303349,671776.5569624805,1,state_safeguard,U,state_safeguard,source_norm2_gt_5,raw_state_verified,run.py:numpy-batch
HiSD,0.01,0.002,2000000,37,-0.7484375000000001,1.228125,completed,-4.722744978130706,3.8797271802963986,512805.53666313586,245994.42156371367,2131508.6199157024,1,state_safeguard,U,state_safeguard,source_norm2_gt_5,raw_state_verified,run.py:numpy-batch
HiSD,0.01,0.002,2000000,38,-0.7390625000000001,1.228125,completed,-4.944777829462555,4.046610035335111,1641824.5820950973,743478.4565940732,7184985.226898329,1,state_safeguard,U,state_safeguard,source_norm2_gt_5,raw_state_verified,run.py:numpy-batch
HiSD,0.01,0.002,2000000,39,-0.7296875,1.228125,completed,-5.170508540279756,4.206565875628876,5588803.434563932,2390004.4586614794,25709099.3637935,1,state_safeguard,U,state_safeguard,source_norm2_gt_5,raw_state_verified,run.py:numpy-batch
HiSD,0.01,0.002,2000000,40,-0.7203125,1.228125,completed,-5.399774181942293,4.35824017124351,20179626.25504834,8160749.749508087,97459416.28107506,1,state_safeguard,U,state_safeguard,source_norm2_gt_5,raw_state_verified,run.py:numpy-batch
HiSD,0.01,0.002,2000000,41,-0.7109375,1.228125,completed,-5.632487887222734,4.500121904021659,77083109.71355188,29499690.501971323,390299886.766686,1,state_safeguard,U,state_safeguard,source_norm2_gt_5,raw_state_verified,run.py:numpy-batch
HiSD,0.01,0.002,2000000,42,-0.7015625000000001,1.228125,completed,-5.8686538928020795,4.630505842754011,310664609.7320744,112539918.80909072,1647064702.6475556,1,state_safeguard,U,state_safeguard,source_norm2_gt_5,raw_state_verified,run.py:numpy-batch
HiSD,0.01,0.002,2000000,43,-0.6921875000000001,1.228125,completed,-6.108384367320102,4.747442148538713,1318106147.232494,451895648.63834757,7309584279.648038,1,state_safeguard,U,state_safeguard,source_norm2_gt_5,raw_state_verified,run.py:numpy-batch
HiSD,0.01,0.002,2000000,44,-0.6828125,1.228125,completed,-6.351917864065158,4.8486686710181175,5879804017.318824,1906232155.2853878,34078845946.0408,1,state_safeguard,U,state_safeguard,source_norm2_gt_5,raw_state_verified,run.py:numpy-batch
HiSD,0.01,0.002,2000000,45,-0.6734375,1.228125,completed,-6.599638797506182,4.931519366651282,27580888761.67408,8442486582.825788,166997458963.8946,1,state_safeguard,U,state_safeguard,source_norm2_gt_5,raw_state_verified,run.py:numpy-batch
HiSD,0.01,0.002,2000000,46,-0.6640625,1.228125,completed,-6.852096459217287,4.992799448924979,136391601716.1358,39320403415.762344,862677845871.8202,1,state_safeguard,U,state_safeguard,source_norm2_gt_5,raw_state_verified,run.py:numpy-batch
HiSD,0.01,0.002,2000000,47,-0.6546875000000001,1.228125,completed,-7.110020359145299,5.028613740760946,715395406566.9479,193537109611.04962,4729015865405.338,1,state_safeguard,U,state_safeguard,source_norm2_gt_5,raw_state_verified,run.py:numpy-batch
HiSD,0.01,0.002,2000000,48,-0.6453125000000001,1.228125,completed,-7.3743253346205115,5.03412863078594,4025508100981.6978,1016794662492.0723,27841462294502.484,1,state_safeguard,U,state_safeguard,source_norm2_gt_5,raw_state_verified,run.py:numpy-batch
HiSD,0.01,0.002,2000000,49,-0.6359375,1.228125,completed,-7.6460934279414206,5.003239232641647,24769927195874.375,5802216082896.91,179585419327339.3,1,state_safeguard,U,state_safeguard,source_norm2_gt_5,raw_state_verified,run.py:numpy-batch
HiSD,0.01,0.002,2000000,50,-0.6265625,1.228125,completed,-7.926507114876987,4.928100933652418,171846091605639.56,37003204028810.805,1309823791194337.0,1,state_safeguard,U,state_safeguard,source_norm2_gt_5,raw_state_verified,run.py:numpy-batch
HiSD,0.01,0.002,2000000,51,-0.6171875,1.228125,completed,-8.216684473452444,4.798468166049162,1409494658568984.0,275892528679136.62,1.1340362446940852e+16,1,state_safeguard,U,state_safeguard,source_norm2_gt_5,raw_state_verified,run.py:numpy-batch
HiSD,0.01,0.002,2000000,52,-0.6078125000000001,1.228125,completed,-8.517320541860485,4.600765241513548,1.4691415232825524e+16,2578313726505256.5,1.2545315371222067e+17,1,state_safeguard,U,state_safeguard,source_norm2_gt_5,raw_state_verified,run.py:numpy-batch
HiSD,0.01,0.002,2000000,53,-0.5984375000000001,1.228125,completed,-8.82795036297788,4.316805688643538,2.168924242091236e+17,3.3574233599137908e+16,1.979487729542163e+18,1,state_safeguard,U,state_safeguard,source_norm2_gt_5,raw_state_verified,run.py:numpy-batch
HiSD,0.01,0.002,2000000,54,-0.5890625,1.228125,completed,-9.14548387992828,3.9221155265738603,5.323077291828239e+18,7.134959873749139e+17,5.237019131968106e+19,1,state_safeguard,U,state_safeguard,source_norm2_gt_5,raw_state_verified,run.py:numpy-batch
HiSD,0.01,0.002,2000000,55,-0.5796875,1.228125,completed,-9.461376533525355,3.38401246498841,2.7320863833931376e+20,3.110361251251034e+19,2.9263493582389384e+21,1,state_safeguard,U,state_safeguard,source_norm2_gt_5,raw_state_verified,run.py:numpy-batch
HiSD,0.01,0.002,2000000,56,-0.5703125,1.228125,completed,-9.756394553016932,2.6602327773941337,3.99242007960588e+22,3.793024260596764e+21,4.7043333543190484e+23,1,state_safeguard,U,state_safeguard,source_norm2_gt_5,raw_state_verified,run.py:numpy-batch
HiSD,0.01,0.002,2000000,57,-0.5609375000000001,1.228125,completed,-9.991727399596247,1.7005958518252111,2.3719482517394026e+25,1.8582053337566553e+24,3.1029746541814824e+26,1,state_safeguard,U,state_safeguard,source_norm2_gt_5,raw_state_verified,run.py:numpy-batch
HiSD,0.01,0.002,2000000,58,-0.5515625000000001,1.228125,completed,-10.096670857828622,0.4577328741473524,7.370785975271418e+28,4.75736159858417e+27,1.0756918194945702e+30,1,state_safeguard,U,state_safeguard,source_norm2_gt_5,raw_state_verified,run.py:numpy-batch
HiSD,0.01,0.002,2000000,59,-0.5421875,1.228125,completed,-9.960258515476905,-1.083112128092397,9.401573975704455e+32,5.080810679878048e+31,1.5244509145867396e+34,1,state_safeguard,U,state_safeguard,source_norm2_gt_5,raw_state_verified,run.py:numpy-batch
HiSD,0.01,0.002,2000000,60,-0.5328125000000001,1.228125,completed,-9.45033868315962,-2.8521416683327883,1.3284642358646039e+37,6.238695892358836e+35,2.351900475177104e+38,1,state_safeguard,U,state_safeguard,source_norm2_gt_5,raw_state_verified,run.py:numpy-batch
HiSD,0.01,0.002,2000000,61,-0.5234375,1.228125,completed,-8.48821646084343,-4.6577648527790565,1.8356667686997674e+40,7.923303151811007e+38,3.437699205997752e+41,1,state_safeguard,U,state_safeguard,source_norm2_gt_5,raw_state_verified,run.py:numpy-batch
HiSD,0.01,0.002,2000000,62,-0.5140625000000001,1.228125,completed,-7.142921891794167,-6.243528816654539,2.9571232767318575e+41,1.2509649759740304e+40,5.632448957523993e+42,1,state_safeguard,U,state_safeguard,source_norm2_gt_5,raw_state_verified,run.py:numpy-batch
HiSD,0.01,0.002,2000000,63,-0.5046875000000001,1.228125,completed,-5.623755513087419,-7.433269599603991,5.326755008367908e+40,2.3382604258635386e+39,9.959679104444443e+41,1,state_safeguard,U,state_safeguard,source_norm2_gt_5,raw_state_verified,run.py:numpy-batch
HiSD,0.01,0.002,2000000,67,-0.7671875,1.246875,completed,-3.8039631705333594,3.341571549871272,9360.288411482414,6587.293616524892,33671.92946719222,1,state_safeguard,U,state_safeguard,source_norm2_gt_5,raw_state_verified,run.py:numpy-batch
HiSD,0.01,0.002,2000000,68,-0.7578125,1.246875,completed,-4.011828676632514,3.532579112204509,25354.025415033077,15526.244074602364,90303.9189728981,1,state_safeguard,U,state_safeguard,source_norm2_gt_5,raw_state_verified,run.py:numpy-batch
HiSD,0.01,0.002,2000000,69,-0.7484375000000001,1.246875,completed,-4.224335848817963,3.7210882773971736,69229.62938787213,38820.14821834388,253024.34053856978,1,state_safeguard,U,state_safeguard,source_norm2_gt_5,raw_state_verified,run.py:numpy-batch
HiSD,0.01,0.002,2000000,70,-0.7390625000000001,1.246875,completed,-4.4411278543298325,3.9061619016421716,200465.70815888842,106077.16482568857,780797.8370190592,1,state_safeguard,U,state_safeguard,source_norm2_gt_5,raw_state_verified,run.py:numpy-batch
HiSD,0.01,0.002,2000000,71,-0.7296875,1.246875,completed,-4.661881816623679,4.086787783863199,623889.8598750702,310874.31402422005,2573975.349250301,1,state_safeguard,U,state_safeguard,source_norm2_gt_5,raw_state_verified,run.py:numpy-batch
HiSD,0.01,0.002,2000000,72,-0.7203125,1.246875,completed,-4.886318452517723,4.2618670648515335,2069518.4588330078,970812.7465741567,8995398.096932285,1,state_safeguard,U,state_safeguard,source_norm2_gt_5,raw_state_verified,run.py:numpy-batch
HiSD,0.01,0.002,2000000,73,-0.7109375,1.246875,completed,-5.114213211404783,4.430198739766214,7288248.989771307,3227021.454794079,33328330.940538168,1,state_safeguard,U,state_safeguard,source_norm2_gt_5,raw_state_verified,run.py:numpy-batch
HiSD,0.01,0.002,2000000,74,-0.7015625000000001,1.246875,completed,-5.345409154117355,4.590458995785918,27174983.030220907,11378730.772646267,130507964.07081406,1,state_safeguard,U,state_safeguard,source_norm2_gt_5,raw_state_verified,run.py:numpy-batch
HiSD,0.01,0.002,2000000,75,-0.6921875000000001,1.246875,completed,-5.579831850087604,4.741173617265778,106898869.82486837,42387290.829202436,538183012.4642797,1,state_safeguard,U,state_safeguard,source_norm2_gt_5,raw_state_verified,run.py:numpy-batch
HiSD,0.01,0.002,2000000,76,-0.6828125,1.246875,completed,-5.81750660074677,4.880681029415469,442061211.7932844,166151051.90272242,2329358361.143956,1,state_safeguard,U,state_safeguard,source_norm2_gt_5,raw_state_verified,run.py:numpy-batch
HiSD,0.01,0.002,2000000,77,-0.6734375,1.246875,completed,-6.058578290920883,5.007082583034926,1915521927.711575,682750907.4556644,10549764951.961071,1,state_safeguard,U,state_safeguard,source_norm2_gt_5,raw_state_verified,run.py:numpy-batch
HiSD,0.01,0.002,2000000,78,-0.6640625,1.246875,completed,-6.303334082698057,5.1181752688238165,8675347082.480642,2931823253.674237,49884671204.16382,1,state_safeguard,U,state_safeguard,source_norm2_gt_5,raw_state_verified,run.py:numpy-batch
HiSD,0.01,0.002,2000000,79,-0.6546875000000001,1.246875,completed,-6.552228905518195,5.211359963437422,41015161328.774124,13129764564.197802,246047827153.36975,1,state_safeguard,U,state_safeguard,source_norm2_gt_5,raw_state_verified,run.py:numpy-batch
HiSD,0.01,0.002,2000000,80,-0.6453125000000001,1.246875,completed,-6.805913078791543,5.283515200889758,202600750029.47452,61317645185.48423,1267548460613.7927,1,state_safeguard,U,state_safeguard,source_norm2_gt_5,raw_state_verified,run.py:numpy-batch
HiSD,0.01,0.002,2000000,81,-0.6359375,1.246875,completed,-7.065260066528692,5.330821791202721,1049984547392.0378,299509685613.0422,6852324502180.814,1,state_safeguard,U,state_safeguard,source_norm2_gt_5,raw_state_verified,run.py:numpy-batch
HiSD,0.01,0.002,2000000,82,-0.6265625,1.246875,completed,-7.331389581849819,5.348516550883963,5761527044468.221,1541882686496.5103,39255108125592.625,1,state_safeguard,U,state_safeguard,source_norm2_gt_5,raw_state_verified,run.py:numpy-batch
HiSD,0.01,0.002,2000000,83,-0.6171875,1.246875,completed,-7.605675574311837,5.330542751213244,34034823508362.68,8490130667599.08,242505956701340.94,1,state_safeguard,U,state_safeguard,source_norm2_gt_5,raw_state_verified,run.py:numpy-batch
HiSD,0.01,0.002,2000000,84,-0.6078125000000001,1.246875,completed,-7.889717082692609,5.269048971371099,222559487029832.44,51298437025159.9,1662957264530382.5,1,state_safeguard,U,state_safeguard,source_norm2_gt_5,raw_state_verified,run.py:numpy-batch
HiSD,0.01,0.002,2000000,85,-0.5984375000000001,1.246875,completed,-8.185226464675582,5.153665047414341,1684943419840753.5,354724791488374.7,1.3256342628094148e+16,1,state_safeguard,U,state_safeguard,source_norm2_gt_5,raw_state_verified,run.py:numpy-batch
HiSD,0.01,0.002,2000000,86,-0.5890625,1.246875,completed,-8.49374173656314,4.9704533205071835,1.5848709054363714e+16,3002816148037469.5,1.3203825398037368e+17,1,state_safeguard,U,state_safeguard,source_norm2_gt_5,raw_state_verified,run.py:numpy-batch
HiSD,0.01,0.002,2000000,87,-0.5796875,1.246875,completed,-8.815972691724605,4.7004021508984986,2.0665616626867584e+17,3.460077156949804e+16,1.8369692097883423e+18,1,state_safeguard,U,state_safeguard,source_norm2_gt_5,raw_state_verified,run.py:numpy-batch
HiSD,0.01,0.002,2000000,88,-0.5703125,1.246875,completed,-9.150396133070101,4.317329159155851,4.4181627864144686e+18,6.398172847713645e+17,4.230694144445581e+19,1,state_safeguard,U,state_safeguard,source_norm2_gt_5,raw_state_verified,run.py:numpy-batch
HiSD,0.01,0.002,2000000,89,-0.5609375000000001,1.246875,completed,-9.49034395643293,3.785207268164508,1.991601005375418e+20,2.436614760896909e+19,2.0782162067365036e+21,1,state_safeguard,U,state_safeguard,source_norm2_gt_5,raw_state_verified,run.py:numpy-batch
HiSD,0.01,0.002,2000000,90,-0.5515625000000001,1.246875,completed,-9.818203346764292,3.0555584676644063,2.7092718817348583e+22,2.7372188107698046e+21,3.120094578304924e+23,1,state_safeguard,U,state_safeguard,source_norm2_gt_5,raw_state_verified,run.py:numpy-batch
HiSD,0.01,0.002,2000000,91,-0.5421875,1.246875,completed,-10.094684981719434,2.067551626279255,1.7482385146046712e+25,1.433635328409094e+24,2.2487035167452598e+26,1,state_safeguard,U,state_safeguard,source_norm2_gt_5,raw_state_verified,run.py:numpy-batch
HiSD,0.01,0.002,2000000,92,-0.5328125000000001,1.246875,completed,-10.242103169587462,0.7583534920852878,7.936971055112866e+28,5.258041630910538e+27,1.1488652694171842e+30,1,state_safeguard,U,state_safeguard,source_norm2_gt_5,raw_state_verified,run.py:numpy-batch
HiSD,0.01,0.002,2000000,93,-0.5234375,1.246875,completed,-10.129241201699363,-0.9012450745975638,2.1985547000773813e+33,1.1953774520757244e+32,3.5717002240082385e+34,1,state_safeguard,U,state_safeguard,source_norm2_gt_5,raw_state_verified,run.py:numpy-batch
HiSD,0.01,0.002,2000000,94,-0.5140625000000001,1.246875,completed,-9.590072843891846,-2.836081545733685,8.290384043557101e+37,3.858243604998579e+36,1.483048356708665e+39,1,state_safeguard,U,state_safeguard,source_norm2_gt_5,raw_state_verified,run.py:numpy-batch
HiSD,0.01,0.002,2000000,95,-0.5046875000000001,1.246875,completed,-8.523529408929722,-4.809117266104454,2.029414152832067e+41,8.63307165010337e+39,3.853025189166298e+42,1,state_safeguard,U,state_safeguard,source_norm2_gt_5,raw_state_verified,run.py:numpy-batch
HiSD,0.01,0.002,2000000,101,-0.7484375000000001,1.265625,completed,-3.7300348131221193,3.5250209557494987,11002.980230480538,7753.079464619721,39662.87154961865,1,state_safeguard,U,state_safeguard,source_norm2_gt_5,raw_state_verified,run.py:numpy-batch
HiSD,0.01,0.002,2000000,102,-0.7390625000000001,1.265625,completed,-3.940889685375206,3.723372043215442,30584.423581775318,18700.53747425016,106970.60358888048,1,state_safeguard,U,state_safeguard,source_norm2_gt_5,raw_state_verified,run.py:numpy-batch
HiSD,0.01,0.002,2000000,103,-0.7296875,1.265625,completed,-4.156133876897094,3.919328965170505,85929.83713271664,49189.04967534972,313945.79762690177,1,state_safeguard,U,state_safeguard,source_norm2_gt_5,raw_state_verified,run.py:numpy-batch
HiSD,0.01,0.002,2000000,104,-0.7203125,1.265625,completed,-4.375402818402257,4.1119685719300705,258900.9416162301,139569.14220305343,1011997.2071927167,1,state_safeguard,U,state_safeguard,source_norm2_gt_5,raw_state_verified,run.py:numpy-batch
HiSD,0.01,0.002,2000000,105,-0.7109375,1.265625,completed,-4.598367647963842,4.3002961841114224,837389.0177799388,423602.24298687617,3462899.2148805447,1,state_safeguard,U,state_safeguard,source_norm2_gt_5,raw_state_verified,run.py:numpy-batch
HiSD,0.01,0.002,2000000,106,-0.7015625000000001,1.265625,completed,-4.824745471867681,4.483234665698699,2881379.606403673,1372452.502977113,12557706.81858873,1,state_safeguard,U,state_safeguard,source_norm2_gt_5,raw_state_verified,run.py:numpy-batch
HiSD,0.01,0.002,2000000,107,-0.6921875000000001,1.265625,completed,-5.054311318907896,4.659609688859025,10514679.560107246,4731057.3238403695,48216608.73473354,1,state_safeguard,U,state_safeguard,source_norm2_gt_5,raw_state_verified,run.py:numpy-batch
HiSD,0.01,0.002,2000000,108,-0.6828125,1.265625,completed,-5.286912106271485,4.828129909911064,40546558.233875535,17273990.253576394,195196364.64595225,1,state_safeguard,U,state_safeguard,source_norm2_gt_5,raw_state_verified,run.py:numpy-batch
HiSD,0.01,0.002,2000000,109,-0.6734375,1.265625,completed,-5.522483013812885,4.987360297128548,164501235.08655858,66487527.43224204,829650814.0159955,1,state_safeguard,U,state_safeguard,source_norm2_gt_5,raw_state_verified,run.py:numpy-batch
HiSD,0.01,0.002,2000000,110,-0.6640625,1.265625,completed,-5.761066748013697,5.135686161584143,699040841.45941,268456490.6419365,3686605045.148214,1,state_safeguard,U,state_safeguard,source_norm2_gt_5,raw_state_verified,run.py:numpy-batch
HiSD,0.01,0.002,2000000,111,-0.6546875000000001,1.265625,completed,-6.002836254319098,5.271264436707258,3098001392.460444,1131603462.9214592,17056448176.250671,1,state_safeguard,U,state_safeguard,source_norm2_gt_5,raw_state_verified,run.py:numpy-batch
HiSD,0.01,0.002,2000000,112,-0.6453125000000001,1.265625,completed,-6.248121476055725,5.391957266677734,14264723415.73885,4957826492.603564,81875848644.41061,1,state_safeguard,U,state_safeguard,source_norm2_gt_5,raw_state_verified,run.py:numpy-batch
HiSD,0.01,0.002,2000000,113,-0.6359375,1.265625,completed,-6.497440690742459,5.4952407413999955,68056900049.440575,22499043683.16171,406814509165.9105,1,state_safeguard,U,state_safeguard,source_norm2_gt_5,raw_state_verified,run.py:numpy-batch
HiSD,0.01,0.002,2000000,114,-0.6265625,1.265625,completed,-6.751536634108258,5.578078247581535,336150261841.5614,105567880713.16618,2091291407832.1138,1,state_safeguard,U,state_safeguard,source_norm2_gt_5,raw_state_verified,run.py:numpy-batch
HiSD,0.01,0.002,2000000,115,-0.6171875,1.265625,completed,-7.0114167388098,5.636742739837696,1722486668957.553,512611029348.7177,11151792132080.844,1,state_safeguard,U,state_safeguard,source_norm2_gt_5,raw_state_verified,run.py:numpy-batch
HiSD,0.01,0.002,2000000,116,-0.6078125000000001,1.265625,completed,-7.278394719729052,5.666564228598973,9218130770205.605,2589257339784.416,62141178510640.55,1,state_safeguard,U,state_safeguard,source_norm2_gt_5,raw_state_verified,run.py:numpy-batch
HiSD,0.01,0.002,2000000,117,-0.5984375000000001,1.265625,completed,-7.5541260561292285,5.661566285013913,52235424700543.28,13766192039003.408,367166774073856.4,1,state_safeguard,U,state_safeguard,source_norm2_gt_5,raw_state_verified,run.py:numpy-batch
HiSD,0.01,0.002,2000000,118,-0.5890625,1.265625,completed,-7.840619729014073,5.613935846303284,321224788241178.94,78759009876469.0,2360297333449829.5,1,state_safeguard,U,state_safeguard,source_norm2_gt_5,raw_state_verified,run.py:numpy-batch
HiSD,0.01,0.002,2000000,119,-0.5796875,1.265625,completed,-8.1401865727484,5.51324051507455,2234364328340509.2,503777020768273.6,1.7230288387009042e+16,1,state_safeguard,U,state_safeguard,source_norm2_gt_5,raw_state_verified,run.py:numpy-batch
HiSD,0.01,0.002,2000000,120,-0.5703125,1.265625,completed,-8.455237146473674,5.34526304462829,1.8808309308567024e+16,3839688535565835.5,1.5310225693171712e+17,1,state_safeguard,U,state_safeguard,source_norm2_gt_5,raw_state_verified,run.py:numpy-batch
HiSD,0.01,0.002,2000000,121,-0.5609375000000001,1.265625,completed,-8.787739569707075,5.090264149752281,2.1358996826486954e+17,3.870065005870456e+16,1.8500752370181622e+18,1,state_safeguard,U,state_safeguard,source_norm2_gt_5,raw_state_verified,run.py:numpy-batch
HiSD,0.01,0.002,2000000,122,-0.5515625000000001,1.265625,completed,-9.137927749436264,4.720434571369859,3.889819629932834e+18,6.103631345431384e+17,3.6234347888989553e+19,1,state_safeguard,U,state_safeguard,source_norm2_gt_5,raw_state_verified,run.py:numpy-batch
HiSD,0.01,0.002,2000000,123,-0.5421875,1.265625,completed,-9.501390418703908,4.196361663920399,1.4895175027290594e+20,1.9677049741201023e+19,1.5120870943715518e+21,1,state_safeguard,U,state_safeguard,source_norm2_gt_5,raw_state_verified,run.py:numpy-batch
HiSD,0.01,0.002,2000000,124,-0.5328125000000001,1.265625,completed,-9.862786838775984,3.4628973833493357,1.805144824896404e+22,1.950167811309253e+21,2.027787932034212e+23,1,state_safeguard,U,state_safeguard,source_norm2_gt_5,raw_state_verified,run.py:numpy-batch
HiSD,0.01,0.002,2000000,125,-0.5234375,1.265625,completed,-10.183137345725088,2.4470359836509736,1.2112273120067456e+25,1.0446977785545701e+24,1.528836709179464e+26,1,state_safeguard,U,state_safeguard,source_norm2_gt_5,raw_state_verified,run.py:numpy-batch
HiSD,0.01,0.002,2000000,126,-0.5140625000000001,1.265625,completed,-10.37766548901021,1.0669642003002457,7.959730781262528e+28,5.426602695848012e+27,1.141331325637447e+30,1,state_safeguard,U,state_safeguard,source_norm2_gt_5,raw_state_verified,run.py:numpy-batch
HiSD,0.01,0.002,2000000,127,-0.5046875000000001,1.265625,completed,-10.291024296364203,-0.7258627308956909,5.141509497376483e+33,2.8124776483861823e+32,8.368257217466155e+34,1,state_safeguard,U,state_safeguard,source_norm2_gt_5,raw_state_verified,run.py:numpy-batch
HiSD,0.01,0.002,2000000,135,-0.7296875,1.284375,completed,-3.6553227758172673,3.7164640599510035,14422.989195980676,9725.308306625755,51448.099348029806,1,state_safeguard,U,state_safeguard,source_norm2_gt_5,raw_state_verified,run.py:numpy-batch
HiSD,0.01,0.002,2000000,136,-0.7203125,1.284375,completed,-3.8687772808903462,3.921798312444527,40696.12449399456,24476.76754303712,142402.99222918792,1,state_safeguard,U,state_safeguard,source_norm2_gt_5,raw_state_verified,run.py:numpy-batch
HiSD,0.01,0.002,2000000,137,-0.7109375,1.284375,completed,-4.086342410096244,4.124845350735315,118451.11952451308,67300.2739382249,440417.4886031331,1,state_safeguard,U,state_safeguard,source_norm2_gt_5,raw_state_verified,run.py:numpy-batch
HiSD,0.01,0.002,2000000,138,-0.7015625000000001,1.284375,completed,-4.307645402102487,4.3246964146960805,372192.0452438682,198622.7006975847,1477213.6944212085,1,state_safeguard,U,state_safeguard,source_norm2_gt_5,raw_state_verified,run.py:numpy-batch
HiSD,0.01,0.002,2000000,139,-0.6921875000000001,1.284375,completed,-4.532350583188488,4.520375013378868,1251760.0484555867,627470.9485547108,5246435.577917346,1,state_safeguard,U,state_safeguard,source_norm2_gt_5,raw_state_verified,run.py:numpy-batch
HiSD,0.01,0.002,2000000,140,-0.6828125,1.284375,completed,-4.760170187389078,4.710826721713549,4474526.697553113,2116734.2932013725,19758607.183975976,1,state_safeguard,U,state_safeguard,source_norm2_gt_5,raw_state_verified,run.py:numpy-batch
HiSD,0.01,0.002,2000000,141,-0.6734375,1.284375,completed,-4.990877041584796,4.894905271288517,16946423.46577944,7589878.079699073,78673190.21744786,1,state_safeguard,U,state_safeguard,source_norm2_gt_5,raw_state_verified,run.py:numpy-batch
HiSD,0.01,0.002,2000000,142,-0.6640625,1.284375,completed,-5.224319510853166,5.071353672337291,67691178.78187087,28779948.431435958,329561630.8666033,1,state_safeguard,U,state_safeguard,source_norm2_gt_5,raw_state_verified,run.py:numpy-batch
HiSD,0.01,0.002,2000000,143,-0.6546875000000001,1.284375,completed,-5.460439215468789,5.238778620503626,283702341.82959634,114775514.35393919,1445255148.2091446,1,state_safeguard,U,state_safeguard,source_norm2_gt_5,raw_state_verified,run.py:numpy-batch
HiSD,0.01,0.002,2000000,144,-0.6453125000000001,1.284375,completed,-5.699292170761817,5.395615741390256,1240895675.8174,478621899.0055198,6600808299.71888,1,state_safeguard,U,state_safeguard,source_norm2_gt_5,raw_state_verified,run.py:numpy-batch
HiSD,0.01,0.002,2000000,145,-0.6359375,1.284375,completed,-5.941074164130593,5.540082193425929,5633859791.751969,2074778341.0961993,31234947335.123398,1,state_safeguard,U,state_safeguard,source_norm2_gt_5,raw_state_verified,run.py:numpy-batch
HiSD,0.01,0.002,2000000,146,-0.6265625,1.284375,completed,-6.186151354609262,5.670111608695814,26416807546.21259,9297175736.314959,152401391672.87384,1,state_safeguard,U,state_safeguard,source_norm2_gt_5,raw_state_verified,run.py:numpy-batch
HiSD,0.01,0.002,2000000,147,-0.6171875,1.284375,completed,-6.435097219124737,5.783264015838926,127387707559.74902,42855299839.37278,763734899025.2319,1,state_safeguard,U,state_safeguard,source_norm2_gt_5,raw_state_verified,run.py:numpy-batch
HiSD,0.01,0.002,2000000,148,-0.6078125000000001,1.284375,completed,-6.6887369731463,5.876599795836903,630068958944.1533,202487758206.1025,3921997177095.1206,1,state_safeguard,U,state_safeguard,source_norm2_gt_5,raw_state_verified,run.py:numpy-batch
HiSD,0.01,0.002,2000000,149,-0.5984375000000001,1.284375,completed,-6.948200222340184,5.946501109427442,3196114546455.6914,979510387410.5072,20646899293460.1,1,state_safeguard,U,state_safeguard,source_norm2_gt_5,raw_state_verified,run.py:numpy-batch
HiSD,0.01,0.002,2000000,150,-0.5890625,1.284375,completed,-7.214981315050586,5.988415339184902,16694855153099.785,4863487314317.388,111947623175040.58,1,state_safeguard,U,state_safeguard,source_norm2_gt_5,raw_state_verified,run.py:numpy-batch
HiSD,0.01,0.002,2000000,151,-0.5796875,1.284375,completed,-7.491003442225233,5.996480809087926,90749853513465.27,24999960169569.004,632313624041874.6,1,state_safeguard,U,state_safeguard,source_norm2_gt_5,raw_state_verified,run.py:numpy-batch
HiSD,0.01,0.002,2000000,152,-0.5703125,1.284375,completed,-7.778674222944461,5.962971908125283,524128182049715.06,135478803507103.9,3803000224197662.0,1,state_safeguard,U,state_safeguard,source_norm2_gt_5,raw_state_verified,run.py:numpy-batch
HiSD,0.01,0.002,2000000,153,-0.5609375000000001,1.284375,completed,-8.080901060149712,5.877463220161784,3337656849537685.0,800429507198334.8,2.5312849073712396e+16,1,state_safeguard,U,state_safeguard,source_norm2_gt_5,raw_state_verified,run.py:numpy-batch
HiSD,0.01,0.002,2000000,154,-0.5515625000000001,1.284375,completed,-8.400989553082963,5.725552359524118,2.496172832799741e+16,5467196057936518.0,1.99006749426603e+17,1,state_safeguard,U,state_safeguard,source_norm2_gt_5,raw_state_verified,run.py:numpy-batch
HiSD,0.01,0.002,2000000,155,-0.5421875,1.284375,completed,-8.742244326334447,5.486890785187032,2.436445682900126e+17,4.771042568141868e+16,2.0590016229552128e+18,1,state_safeguard,U,state_safeguard,source_norm2_gt_5,raw_state_verified,run.py:numpy-batch
HiSD,0.01,0.002,2000000,156,-0.5328125000000001,1.284375,completed,-9.106851781280774,5.132157349541749,3.6963806637482353e+18,6.295661697267345e+17,3.349522327088285e+19,1,state_safeguard,U,state_safeguard,source_norm2_gt_5,raw_state_verified,run.py:numpy-batch
HiSD,0.01,0.002,2000000,157,-0.5234375,1.284375,completed,-9.49307782017537,4.618555074040084,1.1609866095926277e+20,1.6633799194377568e+19,1.1452015741236108e+21,1,state_safeguard,U,state_safeguard,source_norm2_gt_5,raw_state_verified,run.py:numpy-batch
HiSD,0.01,0.002,2000000,158,-0.5140625000000001,1.284375,completed,-9.888632066853049,3.883814581208024,1.1936173468766274e+22,1.3870140164311422e+21,1.305236037951099e+23,1,state_safeguard,U,state_safeguard,source_norm2_gt_5,raw_state_verified,run.py:numpy-batch
HiSD,0.01,0.002,2000000,159,-0.5046875000000001,1.284375,completed,-10.255903805842737,2.841006605678148,7.907758605726086e+24,7.212566198970295e+23,9.773562365522162e+25,1,state_safeguard,U,state_safeguard,source_norm2_gt_5,raw_state_verified,run.py:numpy-batch
HiSD,0.01,0.002,2000000,168,-0.7203125,1.3031249999999999,completed,-3.368697504548942,3.702740409850544,7232.40150711102,5509.599423607926,25741.792649249583,1,state_safeguard,U,state_safeguard,source_norm2_gt_5,raw_state_verified,run.py:numpy-batch
HiSD,0.01,0.002,2000000,169,-0.7109375,1.3031249999999999,completed,-3.580104726719318,3.916024998350564,21005.96860615533,13309.614187150632,74519.63118331338,1,state_safeguard,U,state_safeguard,source_norm2_gt_5,raw_state_verified,run.py:numpy-batch
HiSD,0.01,0.002,2000000,170,-0.7015625000000001,1.3031249999999999,completed,-3.795727982353682,4.12797013990616,60362.12339480275,34827.12507532112,216684.00435889713,1,state_safeguard,U,state_safeguard,source_norm2_gt_5,raw_state_verified,run.py:numpy-batch
HiSD,0.01,0.002,2000000,171,-0.6921875000000001,1.3031249999999999,completed,-4.015157238252619,4.337738794661837,183235.25059833715,100096.5019385372,703656.1352147477,1,state_safeguard,U,state_safeguard,source_norm2_gt_5,raw_state_verified,run.py:numpy-batch
HiSD,0.01,0.002,2000000,172,-0.6828125,1.3031249999999999,completed,-4.238010889392331,4.544437037798836,600697.1942939523,308812.92020888213,2448644.9981788113,1,state_safeguard,U,state_safeguard,source_norm2_gt_5,raw_state_verified,run.py:numpy-batch
HiSD,0.01,0.002,2000000,173,-0.6734375,1.3031249999999999,completed,-4.46394540287785,4.7471073058673365,2102800.777578863,1019633.1821914479,9035644.763082324,1,state_safeguard,U,state_safeguard,source_norm2_gt_5,raw_state_verified,run.py:numpy-batch
HiSD,0.01,0.002,2000000,174,-0.6640625,1.3031249999999999,completed,-4.692666623036064,4.944718966855009,7822244.397642404,3593168.57341724,35367487.781729855,1,state_safeguard,U,state_safeguard,source_norm2_gt_5,raw_state_verified,run.py:numpy-batch
HiSD,0.01,0.002,2000000,175,-0.6546875000000001,1.3031249999999999,completed,-4.923943089883675,5.136155312572784,30798312.63640183,13443473.908685403,146158374.80909595,1,state_safeguard,U,state_safeguard,source_norm2_gt_5,raw_state_verified,run.py:numpy-batch
HiSD,0.01,0.002,2000000,176,-0.6453125000000001,1.3031249999999999,completed,-5.1576218397039115,5.320195737806011,127653215.31430285,53097389.419714935,634246570.6869997,1,state_safeguard,U,state_safeguard,source_norm2_gt_5,raw_state_verified,run.py:numpy-batch
HiSD,0.01,0.002,2000000,177,-0.6359375,1.3031249999999999,completed,-5.3936473076867,5.495491388844518,553690666.5599656,220018982.2703138,2873517265.7015877,1,state_safeguard,U,state_safeguard,source_norm2_gt_5,raw_state_verified,run.py:numpy-batch
HiSD,0.01,0.002,2000000,178,-0.6265625,1.3031249999999999,completed,-5.63208414836597,5.660531858514313,2497433700.499295,950128443.5006394,13508738561.489136,1,state_safeguard,U,state_safeguard,source_norm2_gt_5,raw_state_verified,run.py:numpy-batch
HiSD,0.01,0.002,2000000,179,-0.6171875,1.3031249999999999,completed,-5.873145037829963,5.813599458236156,11638520447.300133,4246778072.7687116,65482139556.78134,1,state_safeguard,U,state_safeguard,source_norm2_gt_5,raw_state_verified,run.py:numpy-batch
HiSD,0.01,0.002,2000000,180,-0.6078125000000001,1.3031249999999999,completed,-6.117224828744254,5.952706017835153,55683794199.86332,19513922055.243404,325296308439.0565,1,state_safeguard,U,state_safeguard,source_norm2_gt_5,raw_state_verified,run.py:numpy-batch
HiSD,0.01,0.002,2000000,181,-0.5984375000000001,1.3031249999999999,completed,-6.364942783036956,6.075504742913206,271952316009.57355,91600228725.57722,1647027768271.0796,1,state_safeguard,U,state_safeguard,source_norm2_gt_5,raw_state_verified,run.py:numpy-batch
HiSD,0.01,0.002,2000000,182,-0.5890625,1.3031249999999999,completed,-6.617194958399035,6.1791658820574975,1349663089905.302,436950120697.68585,8463813294077.834,1,state_safeguard,U,state_safeguard,source_norm2_gt_5,raw_state_verified,run.py:numpy-batch
HiSD,0.01,0.002,2000000,183,-0.5796875,1.3031249999999999,completed,-6.875219019473657,6.260198958221248,6790450482700.941,2111035817096.981,44058833531766.78,1,state_safeguard,U,state_safeguard,source_norm2_gt_5,raw_state_verified,run.py:numpy-batch
HiSD,0.01,0.002,2000000,184,-0.5703125,1.3031249999999999,completed,-7.140673383733059,6.314194619904734,34676749829299.137,10328345847590.842,232744166199165.9,1,state_safeguard,U,state_safeguard,source_norm2_gt_5,raw_state_verified,run.py:numpy-batch
HiSD,0.01,0.002,2000000,185,-0.5609375000000001,1.3031249999999999,completed,-7.415730704199323,6.335443206086462,181005839391542.12,51437193041364.734,1257466453308367.5,1,state_safeguard,U,state_safeguard,source_norm2_gt_5,raw_state_verified,run.py:numpy-batch
HiSD,0.01,0.002,2000000,186,-0.5515625000000001,1.3031249999999999,completed,-7.703179821463231,6.316360429301617,981724633015270.5,264384579465124.72,7071226315020350.0,1,state_safeguard,U,state_safeguard,source_norm2_gt_5,raw_state_verified,run.py:numpy-batch
HiSD,0.01,0.002,2000000,187,-0.5421875,1.3031249999999999,completed,-8.006514604088595,6.246605439124421,5711058775815604.0,1442528468967184.0,4.278908535802501e+16,1,state_safeguard,U,state_safeguard,source_norm2_gt_5,raw_state_verified,run.py:numpy-batch
HiSD,0.01,0.002,2000000,188,-0.5328125000000001,1.3031249999999999,completed,-8.329948082842206,6.111700066059238,3.772974246717797e+16,8802351709854895.0,2.956361422892329e+17,1,state_safeguard,U,state_safeguard,source_norm2_gt_5,raw_state_verified,run.py:numpy-batch
HiSD,0.01,0.002,2000000,189,-0.5234375,1.3031249999999999,completed,-8.678190012530862,5.890831302364359,3.1279392377974835e+17,6.594352405638564e+16,2.5847160722467e+18,1,state_safeguard,U,state_safeguard,source_norm2_gt_5,raw_state_verified,run.py:numpy-batch
HiSD,0.01,0.002,2000000,190,-0.5140625000000001,1.3031249999999999,completed,-9.055575410435345,5.553325490006039,3.8679280525483433e+18,7.150830039507976e+17,3.412000208229272e+19,1,state_safeguard,U,state_safeguard,source_norm2_gt_5,raw_state_verified,run.py:numpy-batch
HiSD,0.01,0.002,2000000,191,-0.5046875000000001,1.3031249999999999,completed,-9.463508299713324,5.053064776270767,9.605963346660532e+19,1.4982020257890652e+19,9.199341245882764e+20,1,state_safeguard,U,state_safeguard,source_norm2_gt_5,raw_state_verified,run.py:numpy-batch
HiSD,0.01,0.002,2000000,202,-0.7015625000000001,1.321875,completed,-3.291214390562747,3.9043685247765527,11704.223189815999,7951.661294852565,42716.537355258595,1,state_safeguard,U,state_safeguard,source_norm2_gt_5,raw_state_verified,run.py:numpy-batch
HiSD,0.01,0.002,2000000,203,-0.6921875000000001,1.321875,completed,-3.5046353275573674,4.1237774718941065,34098.17215665138,19883.58636697898,123201.47572870928,1,state_safeguard,U,state_safeguard,source_norm2_gt_5,raw_state_verified,run.py:numpy-batch
HiSD,0.01,0.002,2000000,204,-0.6828125,1.321875,completed,-3.721952165125934,4.341950782761586,100938.20956556212,54244.32473782797,379588.44058372505,1,state_safeguard,U,state_safeguard,source_norm2_gt_5,raw_state_verified,run.py:numpy-batch
HiSD,0.01,0.002,2000000,205,-0.6734375,1.321875,completed,-3.9427448821466093,4.558063049827199,320645.9819146879,163866.24247324045,1285373.121230756,1,state_safeguard,U,state_safeguard,source_norm2_gt_5,raw_state_verified,run.py:numpy-batch
HiSD,0.01,0.002,2000000,206,-0.6640625,1.321875,completed,-4.166622124565951,4.771235684831959,1096870.233269244,530405.7712458558,4642317.620530251,1,state_safeguard,U,state_safeguard,source_norm2_gt_5,raw_state_verified,run.py:numpy-batch
HiSD,0.01,0.002,2000000,207,-0.6546875000000001,1.321875,completed,-4.393231169023505,4.980530866789311,4003538.755460544,1836486.6672342154,17825380.4708697,1,state_safeguard,U,state_safeguard,source_norm2_gt_5,raw_state_verified,run.py:numpy-batch
HiSD,0.01,0.002,2000000,208,-0.6453125000000001,1.321875,completed,-4.622269625561252,5.184942935995728,15528129.879315555,6781998.175593448,72589447.11757113,1,state_safeguard,U,state_safeguard,source_norm2_gt_5,raw_state_verified,run.py:numpy-batch
HiSD,0.01,0.002,2000000,209,-0.6359375,1.321875,completed,-4.853499276033243,5.383386365620526,63679300.18980695,26555632.55000688,311752099.55221236,1,state_safeguard,U,state_safeguard,source_norm2_gt_5,raw_state_verified,run.py:numpy-batch
HiSD,0.01,0.002,2000000,210,-0.6265625,1.321875,completed,-5.086762584135137,5.574679113943853,274422591.0207469,109562996.05978774,1403571034.9330804,1,state_safeguard,U,state_safeguard,source_norm2_gt_5,raw_state_verified,run.py:numpy-batch
HiSD,0.01,0.002,2000000,211,-0.6171875,1.321875,completed,-5.322002598417657,5.757519684738167,1234431066.2367504,473016651.9752499,6580804145.8586855,1,state_safeguard,U,state_safeguard,source_norm2_gt_5,raw_state_verified,run.py:numpy-batch
HiSD,0.01,0.002,2000000,212,-0.6078125000000001,1.321875,completed,-5.5592872187599625,5.930455522308398,5754389970.170573,2121060076.222262,31904215612.751633,1,state_safeguard,U,state_safeguard,source_norm2_gt_5,raw_state_verified,run.py:numpy-batch
HiSD,0.01,0.002,2000000,213,-0.5984375000000001,1.321875,completed,-5.7988391303221825,6.091839318405059,27589174868.307182,9801666518.83266,158752035577.25006,1,state_safeguard,U,state_safeguard,source_norm2_gt_5,raw_state_verified,run.py:numpy-batch
HiSD,0.01,0.002,2000000,214,-0.5890625,1.321875,completed,-6.041073151637955,6.239768210833439,135016218545.03482,46310169613.5606,804750947410.3003,1,state_safeguard,U,state_safeguard,source_norm2_gt_5,raw_state_verified,run.py:numpy-batch
HiSD,0.01,0.002,2000000,215,-0.5796875,1.321875,completed,-6.286643319178969,6.37199837748655,669552703232.1381,221994861227.5249,4126710859205.3394,1,state_safeguard,U,state_safeguard,source_norm2_gt_5,raw_state_verified,run.py:numpy-batch
HiSD,0.01,0.002,2000000,216,-0.5703125,1.321875,completed,-6.536502747177691,6.485823617223545,3343174390083.416,1072201870053.8715,21275639163804.367,1,state_safeguard,U,state_safeguard,source_norm2_gt_5,raw_state_verified,run.py:numpy-batch
HiSD,0.01,0.002,2000000,217,-0.5609375000000001,1.321875,completed,-6.791980107516123,6.577900201508163,16728889304803.623,5189099257198.974,109801175471275.69,1,state_safeguard,U,state_safeguard,source_norm2_gt_5,raw_state_verified,run.py:numpy-batch
HiSD,0.01,0.002,2000000,218,-0.5515625000000001,1.321875,completed,-7.054877248280925,6.643989893552659,83743345851608.28,25092276569236.688,566538995106494.8,1,state_safeguard,U,state_safeguard,source_norm2_gt_5,raw_state_verified,run.py:numpy-batch
HiSD,0.01,0.002,2000000,219,-0.5421875,1.321875,completed,-7.327592326867553,6.678575550547144,420736438974778.8,121425553089751.23,2933965325658927.0,1,state_safeguard,U,state_safeguard,source_norm2_gt_5,raw_state_verified,run.py:numpy-batch
HiSD,0.01,0.002,2000000,220,-0.5328125000000001,1.321875,completed,-7.613269975056616,6.674273662018214,2146137415299241.8,593426917454973.1,1.5443085195227616e+16,1,state_safeguard,U,state_safeguard,source_norm2_gt_5,raw_state_verified,run.py:numpy-batch
HiSD,0.01,0.002,2000000,221,-0.5234375,1.321875,completed,-7.9159693402941524,6.620915452271907,1.1402030150554604e+16,2994059341208658.5,8.488000123563187e+16,1,state_safeguard,U,state_safeguard,source_norm2_gt_5,raw_state_verified,run.py:numpy-batch
HiSD,0.01,0.002,2000000,222,-0.5140625000000001,1.321875,completed,-8.240808754377893,6.504074367683961,6.629538428286809e+16,1.6301769551963894e+16,5.130073819556686e+17,1,state_safeguard,U,state_safeguard,source_norm2_gt_5,raw_state_verified,run.py:numpy-batch
HiSD,0.01,0.002,2000000,223,-0.5046875000000001,1.321875,completed,-8.593955634997949,6.30265069709605,4.622377688702789e+17,1.0417793049374752e+17,3.747856992288328e+18,1,state_safeguard,U,state_safeguard,source_norm2_gt_5,raw_state_verified,run.py:numpy-batch
HiSD,0.01,0.002,2000000,236,-0.6828125,1.340625,completed,-3.214206175708468,4.114605967008273,21170.79926648584,12650.226688514742,79062.15302391337,1,state_safeguard,U,state_safeguard,source_norm2_gt_5,raw_state_verified,run.py:numpy-batch
HiSD,0.01,0.002,2000000,237,-0.6734375,1.340625,completed,-3.4291429699595697,4.339742239329009,62296.96133999551,32578.796821695534,235657.5821280795,1,state_safeguard,U,state_safeguard,source_norm2_gt_5,raw_state_verified,run.py:numpy-batch
HiSD,0.01,0.002,2000000,238,-0.6640625,1.340625,completed,-3.6476312999660685,4.563751914677007,192002.9127698638,93932.36029200931,765457.0620743174,1,state_safeguard,U,state_safeguard,source_norm2_gt_5,raw_state_verified,run.py:numpy-batch
HiSD,0.01,0.002,2000000,239,-0.6546875000000001,1.340625,completed,-3.8692403235233437,4.785821476937337,638760.041761585,299122.84734525386,2694704.2023674655,1,state_safeguard,U,state_safeguard,source_norm2_gt_5,raw_state_verified,run.py:numpy-batch
HiSD,0.01,0.002,2000000,240,-0.6453125000000001,1.340625,completed,-4.093567720579857,5.005088234288641,2282818.643793807,1018217.6754248375,10126377.808886003,1,state_safeguard,U,state_safeguard,source_norm2_gt_5,raw_state_verified,run.py:numpy-batch
HiSD,0.01,0.002,2000000,241,-0.6359375,1.340625,completed,-4.320249898230209,5.220634998790879,8707553.110385822,3708455.8579060375,40530464.57495186,1,state_safeguard,U,state_safeguard,source_norm2_gt_5,raw_state_verified,run.py:numpy-batch
HiSD,0.01,0.002,2000000,242,-0.6265625,1.340625,completed,-4.5489739873878055,5.431482356197315,35289531.46357012,14392720.26680965,171992316.26189286,1,state_safeguard,U,state_safeguard,source_norm2_gt_5,raw_state_verified,run.py:numpy-batch
HiSD,0.01,0.002,2000000,243,-0.6171875,1.340625,completed,-4.779492067666476,5.636577696829792,151065360.522567,59143783.372771315,769098711.3343194,1,state_safeguard,U,state_safeguard,source_norm2_gt_5,raw_state_verified,run.py:numpy-batch
HiSD,0.01,0.002,2000000,244,-0.6078125000000001,1.340625,completed,-5.011638214873113,5.834779861532144,678434692.6391593,255590292.34061795,3599866341.9031515,1,state_safeguard,U,state_safeguard,source_norm2_gt_5,raw_state_verified,run.py:numpy-batch
HiSD,0.01,0.002,2000000,245,-0.5984375000000001,1.340625,completed,-5.245349183681655,6.024837792318608,3172646123.299863,1152809097.1541064,17505984730.311302,1,state_safeguard,U,state_safeguard,source_norm2_gt_5,raw_state_verified,run.py:numpy-batch
HiSD,0.01,0.002,2000000,246,-0.5890625,1.340625,completed,-5.480689837399466,6.205360890011871,15324253250.678652,5382379017.912806,87736734196.01677,1,state_safeguard,U,state_safeguard,source_norm2_gt_5,raw_state_verified,run.py:numpy-batch
HiSD,0.01,0.002,2000000,247,-0.5796875,1.340625,completed,-5.7178848520874235,6.374777743754848,75797373483.5688,25787440560.00356,449342533683.70605,1,state_safeguard,U,state_safeguard,source_norm2_gt_5,raw_state_verified,run.py:numpy-batch
HiSD,0.01,0.002,2000000,248,-0.5703125,1.340625,completed,-5.957358798440019,6.53127830437324,380552144552.1473,125645435642.22046,2331232422661.42,1,state_safeguard,U,state_safeguard,source_norm2_gt_5,raw_state_verified,run.py:numpy-batch
HiSD,0.01,0.002,2000000,249,-0.5609375000000001,1.340625,completed,-6.199787502712521,6.672732078750722,1922455827997.2263,616983986829.5333,12146721956035.307,1,state_safeguard,U,state_safeguard,source_norm2_gt_5,raw_state_verified,run.py:numpy-batch
HiSD,0.01,0.002,2000000,250,-0.5515625000000001,1.340625,completed,-6.4461646796254595,6.796570933284349,9691737149819.197,3027242932587.236,63051603179195.28,1,state_safeguard,U,state_safeguard,source_norm2_gt_5,raw_state_verified,run.py:numpy-batch
HiSD,0.01,0.002,2000000,251,-0.5421875,1.340625,completed,-6.697889280620527,6.899618571832404,48416071291652.67,14728668252221.72,323851322710257.75,1,state_safeguard,U,state_safeguard,source_norm2_gt_5,raw_state_verified,run.py:numpy-batch
HiSD,0.01,0.002,2000000,252,-0.5328125000000001,1.340625,completed,-6.956880800288838,6.977837828914065,238529886713791.22,70660430928909.5,1638666824881937.0,1,state_safeguard,U,state_safeguard,source_norm2_gt_5,raw_state_verified,run.py:numpy-batch
HiSD,0.01,0.002,2000000,253,-0.5234375,1.340625,completed,-7.225731636706904,7.0259481514152835,1158050780914110.0,333566777876157.8,8166553331903369.0,1,state_safeguard,U,state_safeguard,source_norm2_gt_5,raw_state_verified,run.py:numpy-batch
HiSD,0.01,0.002,2000000,254,-0.5140625000000001,1.340625,completed,-7.507906317847029,7.036832535675028,5575015889818231.0,1555954184755196.5,4.037049898166152e+16,1,state_safeguard,U,state_safeguard,source_norm2_gt_5,raw_state_verified,run.py:numpy-batch
HiSD,0.01,0.002,2000000,255,-0.5046875000000001,1.340625,completed,-7.80799314272403,7.0005932104820925,2.710890239342917e+16,7281746508236461.0,2.0191164651726022e+17,1,state_safeguard,U,state_safeguard,source_norm2_gt_5,raw_state_verified,run.py:numpy-batch
HiSD,0.01,0.002,2000000,269,-0.6734375,1.359375,completed,-2.925663094253086,4.102717449578916,15024.88795358117,7299.148831727522,55999.41589606275,1,state_safeguard,U,state_safeguard,source_norm2_gt_5,raw_state_verified,run.py:numpy-batch
HiSD,0.01,0.002,2000000,270,-0.6640625,1.359375,completed,-3.137922407953369,4.333428158459753,42877.76561845055,22084.65708624647,167111.10588481792,1,state_safeguard,U,state_safeguard,source_norm2_gt_5,raw_state_verified,run.py:numpy-batch
HiSD,0.01,0.002,2000000,271,-0.6546875000000001,1.359375,completed,-3.3538273451438734,4.563886403005949,129492.87363987578,59701.48872210513,522152.9059530612,1,state_safeguard,U,state_safeguard,source_norm2_gt_5,raw_state_verified,run.py:numpy-batch
HiSD,0.01,0.002,2000000,272,-0.6453125000000001,1.359375,completed,-3.5729159760363807,4.793332837001394,418003.22930396977,183553.88933892778,1776453.219496028,1,state_safeguard,U,state_safeguard,source_norm2_gt_5,raw_state_verified,run.py:numpy-batch
HiSD,0.01,0.002,2000000,273,-0.6359375,1.359375,completed,-3.7947454627758406,5.020966141355794,1457315.6171274013,616142.056674211,6512144.56884579,1,state_safeguard,U,state_safeguard,source_norm2_gt_5,raw_state_verified,run.py:numpy-batch
HiSD,0.01,0.002,2000000,274,-0.6265625,1.359375,completed,-4.018900933422277,5.245940139554996,5453882.080420069,2211514.861715744,25541411.276816696,1,state_safeguard,U,state_safeguard,source_norm2_gt_5,raw_state_verified,run.py:numpy-batch
HiSD,0.01,0.002,2000000,275,-0.6171875,1.359375,completed,-4.2450058334365774,5.4673592393086325,21796571.19421509,8495704.816995056,106794360.79424821,1,state_safeguard,U,state_safeguard,source_norm2_gt_5,raw_state_verified,run.py:numpy-batch
HiSD,0.01,0.002,2000000,276,-0.6078125000000001,1.359375,completed,-4.472734094218904,5.68427163017252,92530728.2499273,34740928.86810484,473345774.13281935,1,state_safeguard,U,state_safeguard,source_norm2_gt_5,raw_state_verified,run.py:numpy-batch
HiSD,0.01,0.002,2000000,277,-0.5984375000000001,1.359375,completed,-4.701824586147031,5.895659456668765,414532684.6913735,150213048.2967116,2209335110.7032795,1,state_safeguard,U,state_safeguard,source_norm2_gt_5,raw_state_verified,run.py:numpy-batch
HiSD,0.01,0.002,2000000,278,-0.5890625,1.359375,completed,-4.932098499663642,6.10042488309035,1945296096.3274806,681739955.2008026,10778928903.356043,1,state_safeguard,U,state_safeguard,source_norm2_gt_5,raw_state_verified,run.py:numpy-batch
HiSD,0.01,0.002,2000000,279,-0.5796875,1.359375,completed,-5.163480543745923,6.297370520734794,9484032314.311949,3221145146.3628387,54518659898.26974,1,state_safeguard,U,state_safeguard,source_norm2_gt_5,raw_state_verified,run.py:numpy-batch
HiSD,0.01,0.002,2000000,280,-0.5703125,1.359375,completed,-5.396025196633043,6.485172023910527,47609264110.889946,15703471613.081264,283326211535.1266,1,state_safeguard,U,state_safeguard,source_norm2_gt_5,raw_state_verified,run.py:numpy-batch
HiSD,0.01,0.002,2000000,281,-0.5609375000000001,1.359375,completed,-5.629949734425409,6.662339651752975,243742924458.01508,78238165457.94722,1498521363805.2148,1,state_safeguard,U,state_safeguard,source_norm2_gt_5,raw_state_verified,run.py:numpy-batch
HiSD,0.01,0.002,2000000,282,-0.5515625000000001,1.359375,completed,-5.8656764663750804,6.827164029438807,1260025872342.1768,394386987267.6683,7986506905071.319,1,state_safeguard,U,state_safeguard,source_norm2_gt_5,raw_state_verified,run.py:numpy-batch
HiSD,0.01,0.002,2000000,283,-0.5421875,1.359375,completed,-6.103887619161577,6.977638870526067,6510510440860.739,1990881785736.1045,42459746704279.64,1,state_safeguard,U,state_safeguard,source_norm2_gt_5,raw_state_verified,run.py:numpy-batch
HiSD,0.01,0.002,2000000,284,-0.5328125000000001,1.359375,completed,-6.345597777469252,7.111349425153253,33287855159797.613,9962224880670.73,222953009655504.78,1,state_safeguard,U,state_safeguard,source_norm2_gt_5,raw_state_verified,run.py:numpy-batch
HiSD,0.01,0.002,2000000,285,-0.5234375,1.359375,completed,-6.592250898379497,7.22530879564146,166852683246883.5,48939692628367.734,1145699602608848.0,1,state_safeguard,U,state_safeguard,source_norm2_gt_5,raw_state_verified,run.py:numpy-batch
HiSD,0.01,0.002,2000000,286,-0.5140625000000001,1.359375,completed,-6.8458519044596535,7.315712992070746,813505185475073.1,234062848520382.0,5718151053601778.0,1,state_safeguard,U,state_safeguard,source_norm2_gt_5,raw_state_verified,run.py:numpy-batch
HiSD,0.01,0.002,2000000,287,-0.5046875000000001,1.359375,completed,-7.109146897363682,7.377565868048751,3839289163666121.0,1083582561972178.0,2.759427240027443e+16,1,state_safeguard,U,state_safeguard,source_norm2_gt_5,raw_state_verified,run.py:numpy-batch
HiSD,0.01,0.002,2000000,303,-0.6546875000000001,1.378125,completed,-2.8495776896268414,4.325247860132775,33476.92733533217,14748.51830074433,133761.57102955622,1,state_safeguard,U,state_safeguard,source_norm2_gt_5,raw_state_verified,run.py:numpy-batch
HiSD,0.01,0.002,2000000,304,-0.6453125000000001,1.378125,completed,-3.0625838125782043,4.560756108542951,98275.59918501855,43050.3572120255,407662.04653339577,1,state_safeguard,U,state_safeguard,source_norm2_gt_5,raw_state_verified,run.py:numpy-batch
HiSD,0.01,0.002,2000000,305,-0.6359375,1.378125,completed,-3.2788575117306786,4.796124141575514,308758.2751083915,124932.89833618629,1337006.0961479475,1,state_safeguard,U,state_safeguard,source_norm2_gt_5,raw_state_verified,run.py:numpy-batch
HiSD,0.01,0.002,2000000,306,-0.6265625,1.378125,completed,-3.497924349047655,5.030601173068675,1046819.4810330392,409163.4661937129,4756796.939226739,1,state_safeguard,U,state_safeguard,source_norm2_gt_5,raw_state_verified,run.py:numpy-batch
HiSD,0.01,0.002,2000000,307,-0.6171875,1.378125,completed,-3.719327922819433,5.263398437549746,3831787.4954059194,1449052.9011838762,18224817.21227509,1,state_safeguard,U,state_safeguard,source_norm2_gt_5,raw_state_verified,run.py:numpy-batch
HiSD,0.01,0.002,2000000,308,-0.6078125000000001,1.378125,completed,-3.9426387960825844,5.493686950662258,15061334.653044077,5499793.24082058,74842083.38135538,1,state_safeguard,U,state_safeguard,source_norm2_gt_5,raw_state_verified,run.py:numpy-batch
HiSD,0.01,0.002,2000000,309,-0.5984375000000001,1.378125,completed,-4.167464881625986,5.720593742500218,63247310.563919775,22337472.244026206,327827279.9571042,1,state_safeguard,U,state_safeguard,source_norm2_gt_5,raw_state_verified,run.py:numpy-batch
HiSD,0.01,0.002,2000000,310,-0.5890625,1.378125,completed,-4.3934636369922115,5.943196036164053,282046920.05000734,96479123.3223379,1522117719.0833042,1,state_safeguard,U,state_safeguard,source_norm2_gt_5,raw_state_verified,run.py:numpy-batch
HiSD,0.01,0.002,2000000,311,-0.5796875,1.378125,completed,-4.62035655851709,6.160512647729144,1326242363.0137293,440061442.83232635,7437844699.853074,1,state_safeguard,U,state_safeguard,source_norm2_gt_5,raw_state_verified,run.py:numpy-batch
HiSD,0.01,0.002,2000000,312,-0.5703125,1.378125,completed,-4.847946653521399,6.371491599008161,6523274568.183394,2103109925.944841,37943617301.45132,1,state_safeguard,U,state_safeguard,source_norm2_gt_5,raw_state_verified,run.py:numpy-batch
HiSD,0.01,0.002,2000000,313,-0.5609375000000001,1.378125,completed,-5.076139838734427,6.574992514277273,33264735122.57455,10439092967.733427,200281618548.20233,1,state_safeguard,U,state_safeguard,source_norm2_gt_5,raw_state_verified,run.py:numpy-batch
HiSD,0.01,0.002,2000000,314,-0.5515625000000001,1.378125,completed,-5.304971596919609,6.769761742247344,174164221813.98672,53301601116.92842,1083238527433.9434,1,state_safeguard,U,state_safeguard,source_norm2_gt_5,raw_state_verified,run.py:numpy-batch
HiSD,0.01,0.002,2000000,315,-0.5421875,1.378125,completed,-5.534640781286033,6.954397179819852,926525998518.989,277076056273.94806,5940845193482.109,1,state_safeguard,U,state_safeguard,source_norm2_gt_5,raw_state_verified,run.py:numpy-batch
HiSD,0.01,0.002,2000000,316,-0.5328125000000001,1.378125,completed,-5.765553274024583,7.127298269291836,4953200963351.254,1450355615636.0894,32675062465373.71,1,state_safeguard,U,state_safeguard,source_norm2_gt_5,raw_state_verified,run.py:numpy-batch
HiSD,0.01,0.002,2000000,317,-0.5234375,1.378125,completed,-5.9983794187905914,7.286594238696312,26306264416480.523,7557889778040.092,178174565899859.34,1,state_safeguard,U,state_safeguard,source_norm2_gt_5,raw_state_verified,run.py:numpy-batch
HiSD,0.01,0.002,2000000,318,-0.5140625000000001,1.378125,completed,-6.234130967911906,7.430039730078379,137184178996259.67,38752878169645.79,952076811927496.8,1,state_safeguard,U,state_safeguard,source_norm2_gt_5,raw_state_verified,run.py:numpy-batch
HiSD,0.01,0.002,2000000,319,-0.5046875000000001,1.378125,completed,-6.474266043200997,7.554860375072854,694410896385100.0,193262715701570.44,4928483327117410.0,1,state_safeguard,U,state_safeguard,source_norm2_gt_5,raw_state_verified,run.py:numpy-batch
HiSD,0.01,0.002,2000000,336,-0.6453125000000001,1.3968749999999999,completed,-2.5655053920204614,4.317380547124103,30282.38244671358,9121.345249119571,123041.36914810914,1,state_safeguard,U,state_safeguard,source_norm2_gt_5,raw_state_verified,run.py:numpy-batch
HiSD,0.01,0.002,2000000,337,-0.6359375,1.3968749999999999,completed,-2.7752594803339337,4.556575909100563,84510.9626970827,32658.68724720686,362459.1919998917,1,state_safeguard,U,state_safeguard,source_norm2_gt_5,raw_state_verified,run.py:numpy-batch
HiSD,0.01,0.002,2000000,338,-0.6265625,1.3968749999999999,completed,-2.9883802162770943,4.79645825651238,257764.1446431063,96341.85716138758,1149955.2301537227,1,state_safeguard,U,state_safeguard,source_norm2_gt_5,raw_state_verified,run.py:numpy-batch
HiSD,0.01,0.002,2000000,339,-0.6171875,1.3968749999999999,completed,-3.2043701434222647,5.036318566722093,849469.2918389882,302171.7864826463,3958024.6618282134,1,state_safeguard,U,state_safeguard,source_norm2_gt_5,raw_state_verified,run.py:numpy-batch
HiSD,0.01,0.002,2000000,340,-0.6078125000000001,1.3968749999999999,completed,-3.422740680224747,5.27541471622677,3032079.1779527008,1050349.3204569502,14760414.764305566,1,state_safeguard,U,state_safeguard,source_norm2_gt_5,raw_state_verified,run.py:numpy-batch
HiSD,0.01,0.002,2000000,341,-0.5984375000000001,1.3968749999999999,completed,-3.643019847033087,5.512970904609733,11687015.658759097,3935475.534096404,59344119.71102533,1,state_safeguard,U,state_safeguard,source_norm2_gt_5,raw_state_verified,run.py:numpy-batch
HiSD,0.01,0.002,2000000,342,-0.5890625,1.3968749999999999,completed,-3.8647611427471835,5.748176070681402,48405858.77194526,15834921.725868499,256041174.74678248,1,state_safeguard,U,state_safeguard,source_norm2_gt_5,raw_state_verified,run.py:numpy-batch
HiSD,0.01,0.002,2000000,343,-0.5796875,1.3968749999999999,completed,-4.087553828783309,5.980180946569583,214260453.93554342,68151436.72859061,1178844948.7226434,1,state_safeguard,U,state_safeguard,source_norm2_gt_5,raw_state_verified,run.py:numpy-batch
HiSD,0.01,0.002,2000000,344,-0.5703125,1.3968749999999999,completed,-4.311034978170409,6.208093270550474,1006912777.2503382,311690814.47319967,5753197499.418196,1,state_safeguard,U,state_safeguard,source_norm2_gt_5,raw_state_verified,run.py:numpy-batch
HiSD,0.01,0.002,2000000,345,-0.5609375000000001,1.3968749999999999,completed,-4.5349037891649235,6.430970499298239,4986067097.0667095,1503739320.7196422,29535135787.249702,1,state_safeguard,U,state_safeguard,source_norm2_gt_5,raw_state_verified,run.py:numpy-batch
HiSD,0.01,0.002,2000000,346,-0.5515625000000001,1.3968749999999999,completed,-4.758938860468685,6.647809099827523,25794558964.142635,7589194327.088157,158124776229.6172,1,state_safeguard,U,state_safeguard,source_norm2_gt_5,raw_state_verified,run.py:numpy-batch
HiSD,0.01,0.002,2000000,347,-0.5421875,1.3968749999999999,completed,-4.983019411021607,6.857529113329319,138096128747.6112,39696334780.40581,874469298166.6033,1,state_safeguard,U,state_safeguard,source_norm2_gt_5,raw_state_verified,run.py:numpy-batch
HiSD,0.01,0.002,2000000,348,-0.5328125000000001,1.3968749999999999,completed,-5.207151840199913,7.058952098929171,757203534305.8187,213012115229.31494,4943606917059.392,1,state_safeguard,U,state_safeguard,source_norm2_gt_5,raw_state_verified,run.py:numpy-batch
HiSD,0.01,0.002,2000000,349,-0.5234375,1.3968749999999999,completed,-5.431503633773603,7.250769664850782,4204910744868.7695,1159746208407.4558,28249605453523.715,1,state_safeguard,U,state_safeguard,source_norm2_gt_5,raw_state_verified,run.py:numpy-batch
HiSD,0.01,0.002,2000000,350,-0.5140625000000001,1.3968749999999999,completed,-5.656447531718575,7.431498378895108,23368018074341.99,6331448028264.138,161227169041403.7,1,state_safeguard,U,state_safeguard,source_norm2_gt_5,raw_state_verified,run.py:numpy-batch
HiSD,0.01,0.002,2000000,351,-0.5046875000000001,1.3968749999999999,completed,-5.882620258397028,7.599414571509183,128330101237227.42,34230436285825.64,907451069163884.0,1,state_safeguard,U,state_safeguard,source_norm2_gt_5,raw_state_verified,run.py:numpy-batch
HiSD,0.01,0.002,2000000,370,-0.6265625,1.415625,completed,-2.493336852326608,4.553500040509553,83110.67756836487,25405.711940235677,368576.7589687966,1,state_safeguard,U,state_safeguard,source_norm2_gt_5,raw_state_verified,run.py:numpy-batch
HiSD,0.01,0.002,2000000,371,-0.6171875,1.415625,completed,-2.7029208615004197,4.796523587486448,243973.72190650107,81501.39503255491,1128461.0224198233,1,state_safeguard,U,state_safeguard,source_norm2_gt_5,raw_state_verified,run.py:numpy-batch
HiSD,0.01,0.002,2000000,372,-0.6078125000000001,1.415625,completed,-2.9154684559602835,5.040353138847355,780368.6161046587,252167.14437854808,3755777.110233274,1,state_safeguard,U,state_safeguard,source_norm2_gt_5,raw_state_verified,run.py:numpy-batch
HiSD,0.01,0.002,2000000,373,-0.5984375000000001,1.415625,completed,-3.1304676679046217,5.284284420442775,2711215.728819456,850344.861426231,13594258.76192537,1,state_safeguard,U,state_safeguard,source_norm2_gt_5,raw_state_verified,run.py:numpy-batch
HiSD,0.01,0.002,2000000,374,-0.5890625,1.415625,completed,-3.3474136658353295,5.527584139560432,10218724.33949225,3135423.7874310976,53345999.10944688,1,state_safeguard,U,state_safeguard,source_norm2_gt_5,raw_state_verified,run.py:numpy-batch
HiSD,0.01,0.002,2000000,375,-0.5796875,1.415625,completed,-3.5658163796154985,5.769489929390097,41620920.291386314,12470328.608646812,225977634.6762057,1,state_safeguard,U,state_safeguard,source_norm2_gt_5,raw_state_verified,run.py:numpy-batch
HiSD,0.01,0.002,2000000,376,-0.5703125,1.415625,completed,-3.7852091981623746,6.009209430625935,182287036.60005948,53318736.78598342,1028190233.7959578,1,state_safeguard,U,state_safeguard,source_norm2_gt_5,raw_state_verified,run.py:numpy-batch
HiSD,0.01,0.002,2000000,377,-0.5609375000000001,1.415625,completed,-4.005158992576108,6.245918194672823,853430200.4016925,243775797.01116228,4994508071.510647,1,state_safeguard,U,state_safeguard,source_norm2_gt_5,raw_state_verified,run.py:numpy-batch
HiSD,0.01,0.002,2000000,378,-0.5515625000000001,1.415625,completed,-4.2252778163878695,6.478755982808755,4241553277.598955,1183757748.6053913,25718359701.58396,1,state_safeguard,U,state_safeguard,source_norm2_gt_5,raw_state_verified,run.py:numpy-batch
HiSD,0.01,0.002,2000000,379,-0.5421875,1.415625,completed,-4.445236776570437,6.706820875781778,22200153862.423275,6058120954.389612,139254529545.52533,1,state_safeguard,U,state_safeguard,source_norm2_gt_5,raw_state_verified,run.py:numpy-batch
HiSD,0.01,0.002,2000000,380,-0.5328125000000001,1.415625,completed,-4.664782769841067,6.929160375832799,121270415927.68582,32389838454.71848,785679998463.4138,1,state_safeguard,U,state_safeguard,source_norm2_gt_5,raw_state_verified,run.py:numpy-batch
HiSD,0.01,0.002,2000000,381,-0.5234375,1.415625,completed,-4.883759071067551,7.1447583359477616,684529870758.713,179159383835.21783,4572872522895.904,1,state_safeguard,U,state_safeguard,source_norm2_gt_5,raw_state_verified,run.py:numpy-batch
HiSD,0.01,0.002,2000000,382,-0.5140625000000001,1.415625,completed,-5.102131189703057,7.352516024496321,3949401599175.6313,1014340563380.4379,27156320641797.656,1,state_safeguard,U,state_safeguard,source_norm2_gt_5,raw_state_verified,run.py:numpy-batch
HiSD,0.01,0.002,2000000,383,-0.5046875000000001,1.415625,completed,-5.320020051454912,7.551224817377722,23016585402082.418,5810343652909.391,162603632264319.44,1,state_safeguard,U,state_safeguard,source_norm2_gt_5,raw_state_verified,run.py:numpy-batch
HiSD,0.01,0.002,2000000,403,-0.6171875,1.434375,completed,-2.2184412514593705,4.553631800261976,93082.06607453439,24990.2138350543,429471.5583887674,1,state_safeguard,U,state_safeguard,source_norm2_gt_5,raw_state_verified,run.py:numpy-batch
HiSD,0.01,0.002,2000000,404,-0.6078125000000001,1.434375,completed,-2.424054606171703,4.798446096736319,262760.40587868553,74765.95780687306,1263788.527763078,1,state_safeguard,U,state_safeguard,source_norm2_gt_5,raw_state_verified,run.py:numpy-batch
HiSD,0.01,0.002,2000000,405,-0.5984375000000001,1.434375,completed,-2.632739953973283,5.0448643705621805,813039.4364643327,235761.52986294968,4062511.907245123,1,state_safeguard,U,state_safeguard,source_norm2_gt_5,raw_state_verified,run.py:numpy-batch
HiSD,0.01,0.002,2000000,406,-0.5890625,1.434375,completed,-2.843970029284841,5.292212654074757,2745299.534122341,777266.3508955615,14250010.988766272,1,state_safeguard,U,state_safeguard,source_norm2_gt_5,raw_state_verified,run.py:numpy-batch
HiSD,0.01,0.002,2000000,407,-0.5796875,1.434375,completed,-3.057216045896222,5.5397913768222535,10095818.192990514,2802105.223457269,54441429.27709235,1,state_safeguard,U,state_safeguard,source_norm2_gt_5,raw_state_verified,run.py:numpy-batch
HiSD,0.01,0.002,2000000,408,-0.5703125,1.434375,completed,-3.271954298042988,5.786876320487064,40325140.780315995,10985208.48296126,225764571.35143796,1,state_safeguard,U,state_safeguard,source_norm2_gt_5,raw_state_verified,run.py:numpy-batch
HiSD,0.01,0.002,2000000,409,-0.5609375000000001,1.434375,completed,-3.4876735598818063,6.03271907775751,174211432.4756456,46520903.793519765,1011804995.9934074,1,state_safeguard,U,state_safeguard,source_norm2_gt_5,raw_state_verified,run.py:numpy-batch
HiSD,0.01,0.002,2000000,410,-0.5515625000000001,1.434375,completed,-3.703883453520921,6.276546807889683,809817703.7465122,211906279.6902724,4874517247.645285,1,state_safeguard,U,state_safeguard,source_norm2_gt_5,raw_state_verified,run.py:numpy-batch
HiSD,0.01,0.002,2000000,411,-0.5421875,1.434375,completed,-3.9201240229163137,6.517561015747018,4025311694.99084,1032097508.5498153,25083376770.512234,1,state_safeguard,U,state_safeguard,source_norm2_gt_5,raw_state_verified,run.py:numpy-batch
HiSD,0.01,0.002,2000000,412,-0.5328125000000001,1.434375,completed,-4.135976846173408,6.754934987210731,21239650711.650684,5337281352.905474,136848340309.4099,1,state_safeguard,U,state_safeguard,source_norm2_gt_5,raw_state_verified,run.py:numpy-batch
HiSD,0.01,0.002,2000000,413,-0.5234375,1.434375,completed,-4.351078155170905,6.987809377807419,117982131056.91849,29069510198.781425,784929776000.519,1,state_safeguard,U,state_safeguard,source_norm2_gt_5,raw_state_verified,run.py:numpy-batch
HiSD,0.01,0.002,2000000,414,-0.5140625000000001,1.434375,completed,-4.565134627397722,7.215285251961161,683521733893.7432,165242660296.55566,4688833715069.587,1,state_safeguard,U,state_safeguard,source_norm2_gt_5,raw_state_verified,run.py:numpy-batch
HiSD,0.01,0.002,2000000,415,-0.5046875000000001,1.434375,completed,-4.777942802225033,7.436413571397076,4087645106445.577,970486802794.9564,28868341399741.484,1,state_safeguard,U,state_safeguard,source_norm2_gt_5,raw_state_verified,run.py:numpy-batch
HiSD,0.01,0.002,2000000,437,-0.5984375000000001,1.453125,completed,-2.153516150360805,4.8042963089831385,321634.41026724194,80611.4984671812,1614110.1596857202,1,state_safeguard,U,state_safeguard,source_norm2_gt_5,raw_state_verified,run.py:numpy-batch
HiSD,0.01,0.002,2000000,438,-0.5890625,1.453125,completed,-2.357858739816038,5.051945892660941,961895.4818108788,246004.5654726651,5005460.060373293,1,state_safeguard,U,state_safeguard,source_norm2_gt_5,raw_state_verified,run.py:numpy-batch
HiSD,0.01,0.002,2000000,439,-0.5796875,1.453125,completed,-2.5648577160534125,5.301326859808912,3151597.8535464527,802794.7857319027,16997426.40723048,1,state_safeguard,U,state_safeguard,source_norm2_gt_5,raw_state_verified,run.py:numpy-batch
HiSD,0.01,0.002,2000000,440,-0.5703125,1.453125,completed,-2.7739682810332003,5.551765749383203,11290171.832956607,2829395.4498399063,63113310.433572575,1,state_safeguard,U,state_safeguard,source_norm2_gt_5,raw_state_verified,run.py:numpy-batch
HiSD,0.01,0.002,2000000,441,-0.5609375000000001,1.453125,completed,-2.984641978469008,5.802567762341775,44124004.73978871,10890029.259085266,255606600.81366092,1,state_safeguard,U,state_safeguard,source_norm2_gt_5,raw_state_verified,run.py:numpy-batch
HiSD,0.01,0.002,2000000,442,-0.5515625000000001,1.453125,completed,-3.1963330382178086,6.053018082099974,187509027.99065542,45541333.68902652,1125076300.5717568,1,state_safeguard,U,state_safeguard,source_norm2_gt_5,raw_state_verified,run.py:numpy-batch
HiSD,0.01,0.002,2000000,443,-0.5421875,1.453125,completed,-3.408505403968946,6.302382841089802,862637774.8988878,205973417.26328036,5357517885.441444,1,state_safeguard,U,state_safeguard,source_norm2_gt_5,raw_state_verified,run.py:numpy-batch
HiSD,0.01,0.002,2000000,444,-0.5328125000000001,1.453125,completed,-3.6206405937314097,6.549909557624471,4272966073.208772,1002483768.6489544,27446379788.92826,1,state_safeguard,U,state_safeguard,source_norm2_gt_5,raw_state_verified,run.py:numpy-batch
HiSD,0.01,0.002,2000000,445,-0.5234375,1.453125,completed,-3.8322466038697507,6.794826814503636,22641506506.41508,5217889329.802529,150267978490.6828,1,state_safeguard,U,state_safeguard,source_norm2_gt_5,raw_state_verified,run.py:numpy-batch
HiSD,0.01,0.002,2000000,446,-0.5140625000000001,1.453125,completed,-4.042868153018961,7.036342876129345,127375224494.54422,28833647785.040607,872538639090.4336,1,state_safeguard,U,state_safeguard,source_norm2_gt_5,raw_state_verified,run.py:numpy-batch
HiSD,0.01,0.002,2000000,447,-0.5046875000000001,1.453125,completed,-4.25209868681184,7.273642831475413,754317915426.2361,167756922409.48547,5326968493352.584,1,state_safeguard,U,state_safeguard,source_norm2_gt_5,raw_state_verified,run.py:numpy-batch
HiSD,0.01,0.002,2000000,470,-0.5890625,1.4718749999999998,completed,-1.8932272131689034,4.816091010393661,446089.12578635826,103963.12903539455,2343437.1781355888,1,state_safeguard,U,state_safeguard,source_norm2_gt_5,raw_state_verified,run.py:numpy-batch
HiSD,0.01,0.002,2000000,471,-0.5796875,1.4718749999999998,completed,-2.0926758609658016,5.063629340392952,1291033.4204368775,294421.3506765566,7012619.903089371,1,state_safeguard,U,state_safeguard,source_norm2_gt_5,raw_state_verified,run.py:numpy-batch
HiSD,0.01,0.002,2000000,472,-0.5703125,1.4718749999999998,completed,-2.294909649309372,5.313683382265104,4102336.4476537835,936873.6667179288,23043430.71303411,1,state_safeguard,U,state_safeguard,source_norm2_gt_5,raw_state_verified,run.py:numpy-batch
HiSD,0.01,0.002,2000000,473,-0.5609375000000001,1.4718749999999998,completed,-2.4993745304250696,5.565598733138735,14300103.321074422,3237335.9079402266,83077288.14334112,1,state_safeguard,U,state_safeguard,source_norm2_gt_5,raw_state_verified,run.py:numpy-batch
HiSD,0.01,0.002,2000000,474,-0.5515625000000001,1.4718749999999998,completed,-2.7055049578576202,5.818702400898079,54594043.5511917,12208266.367912408,328040835.5585304,1,state_safeguard,U,state_safeguard,source_norm2_gt_5,raw_state_verified,run.py:numpy-batch
HiSD,0.01,0.002,2000000,475,-0.5421875,1.4718749999999998,completed,-2.912729368213422,6.07230455561712,227696267.43884856,50260600.70478222,1414786848.2767649,1,state_safeguard,U,state_safeguard,source_norm2_gt_5,raw_state_verified,run.py:numpy-batch
HiSD,0.01,0.002,2000000,476,-0.5328125000000001,1.4718749999999998,completed,-3.120476121356166,6.325700198423284,1033768839.5695938,224990978.5743528,6639597506.54673,1,state_safeguard,U,state_safeguard,source_norm2_gt_5,raw_state_verified,run.py:numpy-batch
HiSD,0.01,0.002,2000000,477,-0.5234375,1.4718749999999998,completed,-3.3281799839985915,6.5781706292139726,5085671035.601049,1090309017.3688958,33745172231.458557,1,state_safeguard,U,state_safeguard,source_norm2_gt_5,raw_state_verified,run.py:numpy-batch
HiSD,0.01,0.002,2000000,478,-0.5140625000000001,1.4718749999999998,completed,-3.535289275600006,6.828984569534473,26957649857.772385,5689187993.901181,184667408729.51904,1,state_safeguard,U,state_safeguard,source_norm2_gt_5,raw_state_verified,run.py:numpy-batch
HiSD,0.01,0.002,2000000,479,-0.5046875000000001,1.4718749999999998,completed,-3.7412738446415825,7.077398760117528,152943112879.5527,31759238111.832634,1080756873012.9551,1,state_safeguard,U,state_safeguard,source_norm2_gt_5,raw_state_verified,run.py:numpy-batch
HiSD,0.01,0.002,2000000,503,-0.5796875,1.4906249999999999,completed,-1.6453326128245616,4.835788820935043,699183.1376643319,149255.48638396017,3850577.930650794,1,state_safeguard,U,state_safeguard,source_norm2_gt_5,raw_state_verified,run.py:numpy-batch
HiSD,0.01,0.002,2000000,504,-0.5703125,1.4906249999999999,completed,-1.8392500283955178,5.081882108075099,1960574.3041838794,406708.74176724354,11133534.77720747,1,state_safeguard,U,state_safeguard,source_norm2_gt_5,raw_state_verified,run.py:numpy-batch
HiSD,0.01,0.002,2000000,505,-0.5609375000000001,1.4906249999999999,completed,-2.0360998620535886,5.331267773189097,6045225.036802321,1244928.804365602,35418869.65567866,1,state_safeguard,U,state_safeguard,source_norm2_gt_5,raw_state_verified,run.py:numpy-batch
HiSD,0.01,0.002,2000000,506,-0.5515625000000001,1.4906249999999999,completed,-2.2353240538971724,5.583303464844287,20498690.881236725,4200511.0514599625,123958566.27964363,1,state_safeguard,U,state_safeguard,source_norm2_gt_5,raw_state_verified,run.py:numpy-batch
HiSD,0.01,0.002,2000000,507,-0.5421875,1.4906249999999999,completed,-2.4363461385765417,5.837330927777052,76375741.70044282,15512815.216555476,476787919.1905571,1,state_safeguard,U,state_safeguard,source_norm2_gt_5,raw_state_verified,run.py:numpy-batch
HiSD,0.01,0.002,2000000,508,-0.5328125000000001,1.4906249999999999,completed,-2.6385759960410695,6.0926778019018375,312130891.24149066,62731948.30081867,2011590672.9581962,1,state_safeguard,U,state_safeguard,source_norm2_gt_5,raw_state_verified,run.py:numpy-batch
HiSD,0.01,0.002,2000000,509,-0.5234375,1.4906249999999999,completed,-2.84141489124614,6.348659568193879,1395353420.2751262,277164415.72784585,9282296812.125126,1,state_safeguard,U,state_safeguard,source_norm2_gt_5,raw_state_verified,run.py:numpy-batch
HiSD,0.01,0.002,2000000,510,-0.5140625000000001,1.4906249999999999,completed,-3.0442608383066148,6.6045815510539825,6797882797.81919,1332989347.2513742,46663715934.518265,1,state_safeguard,U,state_safeguard,source_norm2_gt_5,raw_state_verified,run.py:numpy-batch
HiSD,0.01,0.002,2000000,511,-0.5046875000000001,1.4906249999999999,completed,-3.2465143402999947,6.8597408798494985,35920445372.32089,6946687274.571065,254323061665.0657,1,state_safeguard,U,state_safeguard,source_norm2_gt_5,raw_state_verified,run.py:numpy-batch
HiSD,0.01,0.002,2000000,32,-0.7953125000000001,1.228125,completed,-13.35206605134094,42.248754491253464,,,,2,numerical_breakdown,U,state_safeguard,source_norm2_gt_5,nonfinite_derivatives_or_residual,run.py:numpy-batch
HiSD,0.01,0.002,2000000,64,-0.7953125000000001,1.246875,completed,12.245973668288062,9.82871181562231,1.5161864617589914e+110,3.9099274378722125e+108,4.758063130025544e+111,2,state_safeguard,U,state_safeguard,source_norm2_gt_5,raw_state_verified,run.py:numpy-batch
HiSD,0.01,0.002,2000000,65,-0.7859375000000001,1.246875,completed,-1.6520654818183431,27.28162919574093,,,,2,numerical_breakdown,U,state_safeguard,source_norm2_gt_5,nonfinite_derivatives_or_residual,run.py:numpy-batch
HiSD,0.01,0.002,2000000,66,-0.7765625,1.246875,completed,-8.987894878578066,41.358054913129266,,,,2,numerical_breakdown,U,state_safeguard,source_norm2_gt_5,nonfinite_derivatives_or_residual,run.py:numpy-batch
HiSD,0.01,0.002,2000000,96,-0.7953125000000001,1.265625,completed,-1.2415534374199817,7.123689394235815,14649618727900.523,1595231818771.4822,135720769096214.81,2,state_safeguard,U,state_safeguard,source_norm2_gt_5,raw_state_verified,run.py:numpy-batch
HiSD,0.01,0.002,2000000,97,-0.7859375000000001,1.265625,completed,-5.916206288708107,-4.050630222529142,7.900874242913534e+23,4.484410173227254e+22,1.1248733709551346e+25,2,state_safeguard,U,state_safeguard,source_norm2_gt_5,raw_state_verified,run.py:numpy-batch
HiSD,0.01,0.002,2000000,98,-0.7765625,1.265625,completed,13.808022665694136,9.708480826652895,1.0468734849341567e+126,2.5447603045416587e+124,3.5065343997399504e+127,2,state_safeguard,U,state_safeguard,source_norm2_gt_5,raw_state_verified,run.py:numpy-batch
HiSD,0.01,0.002,2000000,99,-0.7671875,1.265625,completed,10.455913128474565,22.633208516487976,,,,2,numerical_breakdown,U,state_safeguard,source_norm2_gt_5,nonfinite_derivatives_or_residual,run.py:numpy-batch
HiSD,0.01,0.002,2000000,100,-0.7578125,1.265625,completed,6.62987694285903,43.18473657104527,,,,2,numerical_breakdown,U,state_safeguard,source_norm2_gt_5,nonfinite_derivatives_or_residual,run.py:numpy-batch
HiSD,0.01,0.002,2000000,128,-0.7953125000000001,1.284375,completed,-4.51180166926619,-3.4303923575855495,9945207104683770.0,709839476943530.4,1.1359037120407483e+17,2,state_safeguard,U,state_safeguard,source_norm2_gt_5,raw_state_verified,run.py:numpy-batch
HiSD,0.01,0.002,2000000,129,-0.7859375000000001,1.284375,completed,-8.985230905328239,-4.4357745436001155,1.3598693128298906e+42,5.764323956801108e+40,2.602734160901916e+43,2,state_safeguard,U,state_safeguard,source_norm2_gt_5,raw_state_verified,run.py:numpy-batch
HiSD,0.01,0.002,2000000,130,-0.7765625,1.284375,completed,-1.3996520438834978,5.491755553205137,49846315.38052574,7914174.2273933515,333589841.7086352,2,state_safeguard,U,state_safeguard,source_norm2_gt_5,raw_state_verified,run.py:numpy-batch
HiSD,0.01,0.002,2000000,131,-0.7671875,1.284375,completed,-6.144196001172627,-6.549376588578175,8.358729143464562e+37,3.746096527884647e+36,1.514068679773566e+39,2,state_safeguard,U,state_safeguard,source_norm2_gt_5,raw_state_verified,run.py:numpy-batch
HiSD,0.01,0.002,2000000,132,-0.7578125,1.284375,completed,-8.001639331680575,-15.992711648887344,2.517574633300134e+136,6.091540582972596e+134,8.675005466896167e+137,2,state_safeguard,U,state_safeguard,source_norm2_gt_5,raw_state_verified,run.py:numpy-batch
HiSD,0.01,0.002,2000000,133,-0.7484375000000001,1.284375,completed,-11.94576635579791,-20.412544164222346,,,,2,numerical_breakdown,U,state_safeguard,source_norm2_gt_5,nonfinite_derivatives_or_residual,run.py:numpy-batch
HiSD,0.01,0.002,2000000,134,-0.7390625000000001,1.284375,completed,-52.9448389218434,-7.379612928661837,,,,2,numerical_breakdown,U,state_safeguard,source_norm2_gt_5,nonfinite_derivatives_or_residual,run.py:numpy-batch
HiSD,0.01,0.002,2000000,160,-0.7953125000000001,1.3031249999999999,completed,-1.7759915866324718,10.372148177970343,1.9752456688787584e+27,1.4951126652917905e+26,2.681720857134452e+28,2,state_safeguard,U,state_safeguard,source_norm2_gt_5,raw_state_verified,run.py:numpy-batch
HiSD,0.01,0.002,2000000,162,-0.7765625,1.3031249999999999,completed,-6.415210604072751,-3.4325005981991428,2.9009941511654658e+23,1.6690508058940911e+22,4.084952267391688e+24,2,state_safeguard,U,state_safeguard,source_norm2_gt_5,raw_state_verified,run.py:numpy-batch
HiSD,0.01,0.002,2000000,163,-0.7671875,1.3031249999999999,completed,-9.792839901892542,8.330678714568371,1.5551523635133585e+25,3.226873462210556e+24,1.4687165917667857e+26,2,state_safeguard,U,state_safeguard,source_norm2_gt_5,raw_state_verified,run.py:numpy-batch
HiSD,0.01,0.002,2000000,165,-0.7484375000000001,1.3031249999999999,completed,-8.155353803898034,-8.77445835781802,2.456632472186292e+65,8.239596712702914e+63,5.913446408382292e+66,2,state_safeguard,U,state_safeguard,source_norm2_gt_5,raw_state_verified,run.py:numpy-batch
HiSD,0.01,0.002,2000000,166,-0.7390625000000001,1.3031249999999999,completed,-22.860991923632596,-6.017729001420928,,,,2,numerical_breakdown,U,state_safeguard,source_norm2_gt_5,nonfinite_derivatives_or_residual,run.py:numpy-batch
HiSD,0.01,0.002,2000000,167,-0.7296875,1.3031249999999999,completed,-33.30784648089826,-2.0027267843799894,,,,2,numerical_breakdown,U,state_safeguard,source_norm2_gt_5,nonfinite_derivatives_or_residual,run.py:numpy-batch
HiSD,0.01,0.002,2000000,192,-0.7953125000000001,1.321875,completed,-3.4283271238539186,-7.7676549888743125,1.2489531844366105e+33,6.603057840665858e+31,2.0425544066896508e+34,2,state_safeguard,U,state_safeguard,source_norm2_gt_5,raw_state_verified,run.py:numpy-batch
HiSD,0.01,0.002,2000000,193,-0.7859375000000001,1.321875,completed,-5.797540442013329,-8.441782090545862,2.4301049832647287e+48,9.81257945159442e+46,4.958772818810884e+49,2,state_safeguard,U,state_safeguard,source_norm2_gt_5,raw_state_verified,run.py:numpy-batch
HiSD,0.01,0.002,2000000,194,-0.7765625,1.321875,completed,-8.814724137615997,-1.6166747546786024,2.132994534620903e+28,1.1990790323500855e+27,3.2362533213988266e+29,2,state_safeguard,U,state_safeguard,source_norm2_gt_5,raw_state_verified,run.py:numpy-batch
HiSD,0.01,0.002,2000000,196,-0.7578125,1.321875,completed,-4.32820764524082,-5.19927132087885,5.442145652203154e+22,3.2764781813423517e+21,7.46528041737926e+23,2,state_safeguard,U,state_safeguard,source_norm2_gt_5,raw_state_verified,run.py:numpy-batch
HiSD,0.01,0.002,2000000,197,-0.7484375000000001,1.321875,completed,-4.735479143980667,11.213928847782729,1.878615634227733e+28,2.0331855705040847e+27,2.2947275718100026e+29,2,state_safeguard,U,state_safeguard,source_norm2_gt_5,raw_state_verified,run.py:numpy-batch
HiSD,0.01,0.002,2000000,199,-0.7296875,1.321875,completed,-13.987627325000474,-9.087378578565307,1.1021328372905265e+119,2.708672135395292e+117,3.6078670645536565e+120,2,state_safeguard,U,state_safeguard,source_norm2_gt_5,raw_state_verified,run.py:numpy-batch
HiSD,0.01,0.002,2000000,200,-0.7203125,1.321875,completed,-29.350655253136527,3.8772634089279876,,,,2,numerical_breakdown,U,state_safeguard,source_norm2_gt_5,nonfinite_derivatives_or_residual,run.py:numpy-batch
HiSD,0.01,0.002,2000000,201,-0.7109375,1.321875,completed,-47.40166634009236,6.688116485234614,,,,2,numerical_breakdown,U,state_safeguard,source_norm2_gt_5,nonfinite_derivatives_or_residual,run.py:numpy-batch
HiSD,0.01,0.002,2000000,225,-0.7859375000000001,1.340625,completed,4.512618037939058,3.9039042580495016,1.6920101381684557e+18,1.1539999858219616e+17,2.05733884743361e+19,2,state_safeguard,U,state_safeguard,source_norm2_gt_5,raw_state_verified,run.py:numpy-batch
HiSD,0.01,0.002,2000000,226,-0.7765625,1.340625,completed,8.733428529424785,2.9830239320934497,2.7324210707649836e+37,1.4000546424138244e+36,4.713950283168298e+38,2,state_safeguard,U,state_safeguard,source_norm2_gt_5,raw_state_verified,run.py:numpy-batch
HiSD,0.01,0.002,2000000,227,-0.7671875,1.340625,completed,-10.862612483872732,-4.49321931584733,2.3856676950932548e+55,8.899151754526965e+53,5.235929629062488e+56,2,state_safeguard,U,state_safeguard,source_norm2_gt_5,raw_state_verified,run.py:numpy-batch
HiSD,0.01,0.002,2000000,228,-0.7578125,1.340625,completed,-7.355858669979347,-2.789961926903923,1.8180274201842574e+25,1.0237403055513902e+24,2.6469443007886428e+26,2,state_safeguard,U,state_safeguard,source_norm2_gt_5,raw_state_verified,run.py:numpy-batch
HiSD,0.01,0.002,2000000,230,-0.7390625000000001,1.340625,completed,5.617547060012287,7.024273050297742,1.4540671265990597e+37,6.508814442957698e+35,2.6163331909746593e+38,2,state_safeguard,U,state_safeguard,source_norm2_gt_5,raw_state_verified,run.py:numpy-batch
HiSD,0.01,0.002,2000000,231,-0.7296875,1.340625,completed,2.727232473033003,9.018937659820187,9.14688366525409e+33,4.494918146194666e+32,1.5463452146580136e+35,2,state_safeguard,U,state_safeguard,source_norm2_gt_5,raw_state_verified,run.py:numpy-batch
HiSD,0.01,0.002,2000000,233,-0.7109375,1.340625,completed,-23.329105558521253,-4.745057132768339,,,,2,numerical_breakdown,U,state_safeguard,source_norm2_gt_5,nonfinite_derivatives_or_residual,run.py:numpy-batch
HiSD,0.01,0.002,2000000,234,-0.7015625000000001,1.340625,completed,-39.71086526817311,5.594777031302385,,,,2,numerical_breakdown,U,state_safeguard,source_norm2_gt_5,nonfinite_derivatives_or_residual,run.py:numpy-batch
HiSD,0.01,0.002,2000000,235,-0.6921875000000001,1.340625,completed,-78.96365223401308,10.41890014133398,,,,2,numerical_breakdown,U,state_safeguard,source_norm2_gt_5,nonfinite_derivatives_or_residual,run.py:numpy-batch
HiSD,0.01,0.002,2000000,259,-0.7671875,1.359375,completed,4.267777217266263,5.078758010422096,2.455300811476465e+21,1.4898253151596623e+20,3.2866607088640916e+22,2,state_safeguard,U,state_safeguard,source_norm2_gt_5,raw_state_verified,run.py:numpy-batch
HiSD,0.01,0.002,2000000,260,-0.7578125,1.359375,completed,9.10137777812266,3.9150612422488296,5.343912876430076e+43,2.4254623290619747e+42,1.0129225361764697e+45,2,state_safeguard,U,state_safeguard,source_norm2_gt_5,raw_state_verified,run.py:numpy-batch
HiSD,0.01,0.002,2000000,261,-0.7484375000000001,1.359375,completed,-12.943782016415085,0.3393643108379427,1.0227096204243384e+48,5.055684552280293e+46,1.9464274747735975e+49,2,state_safeguard,U,state_safeguard,source_norm2_gt_5,raw_state_verified,run.py:numpy-batch
HiSD,0.01,0.002,2000000,262,-0.7390625000000001,1.359375,completed,-6.929152566610012,-2.507974378678399,1.4187055105982364e+22,8.591032810872655e+20,1.924382392148995e+23,2,state_safeguard,U,state_safeguard,source_norm2_gt_5,raw_state_verified,run.py:numpy-batch
HiSD,0.01,0.002,2000000,264,-0.7203125,1.359375,completed,6.031231201142073,7.420016144424904,5.993144998058684e+41,2.5212148989931345e+40,1.1465591451267125e+43,2,state_safeguard,U,state_safeguard,source_norm2_gt_5,raw_state_verified,run.py:numpy-batch
HiSD,0.01,0.002,2000000,265,-0.7109375,1.359375,completed,4.895152435210582,4.399396725575855,3.9573771225103446e+21,2.435458890678193e+20,5.2911463078187005e+22,2,state_safeguard,U,state_safeguard,source_norm2_gt_5,raw_state_verified,run.py:numpy-batch
HiSD,0.01,0.002,2000000,266,-0.7015625000000001,1.359375,completed,-9.249036170699581,-7.833735065690878,9.058178051419162e+65,3.0001200669066355e+64,2.1960393013279953e+67,2,state_safeguard,U,state_safeguard,source_norm2_gt_5,raw_state_verified,run.py:numpy-batch
HiSD,0.01,0.002,2000000,267,-0.6921875000000001,1.359375,completed,-35.38654258342798,2.287182562717855,,,,2,numerical_breakdown,U,state_safeguard,source_norm2_gt_5,nonfinite_derivatives_or_residual,run.py:numpy-batch
HiSD,0.01,0.002,2000000,268,-0.6828125,1.359375,completed,-65.23677362081297,4.66455886718507,,,,2,numerical_breakdown,U,state_safeguard,source_norm2_gt_5,nonfinite_derivatives_or_residual,run.py:numpy-batch
HiSD,0.01,0.002,2000000,288,-0.7953125000000001,1.378125,completed,-8.08442283305991,-3.2599357568144933,1.0522414321656766e+31,5.297728802062852e+29,1.709474816231919e+32,2,state_safeguard,U,state_safeguard,source_norm2_gt_5,raw_state_verified,run.py:numpy-batch
HiSD,0.01,0.002,2000000,289,-0.7859375000000001,1.378125,completed,-10.318969654413376,-0.002535095271174903,3.1818902325463645e+31,1.8930087959903195e+30,4.9189744209819484e+32,2,state_safeguard,U,state_safeguard,source_norm2_gt_5,raw_state_verified,run.py:numpy-batch
HiSD,0.01,0.002,2000000,293,-0.7484375000000001,1.378125,completed,3.601944400935506,6.3457680926213405,7.257990685586939e+23,4.130972984839268e+22,1.0318327106931214e+25,2,state_safeguard,U,state_safeguard,source_norm2_gt_5,raw_state_verified,run.py:numpy-batch
HiSD,0.01,0.002,2000000,294,-0.7390625000000001,1.378125,completed,9.342424403069828,4.9619182229168075,2.860173056356388e+50,1.1649004321092227e+49,5.904655278470496e+51,2,state_safeguard,U,state_safeguard,source_norm2_gt_5,raw_state_verified,run.py:numpy-batch
HiSD,0.01,0.002,2000000,295,-0.7296875,1.378125,completed,-13.22702167391315,3.0130343445399346,4.589672418860741e+42,3.0073614204610594e+41,7.63851332725908e+43,2,state_safeguard,U,state_safeguard,source_norm2_gt_5,raw_state_verified,run.py:numpy-batch
HiSD,0.01,0.002,2000000,296,-0.7203125,1.378125,completed,-6.032532368171319,-2.75680121876462,1.5409805014693892e+19,9.950657318118036e+17,1.943366824573464e+20,2,state_safeguard,U,state_safeguard,source_norm2_gt_5,raw_state_verified,run.py:numpy-batch
HiSD,0.01,0.002,2000000,298,-0.7015625000000001,1.378125,completed,5.912975852111531,8.93061835343002,2.7089934356519534e+50,1.0331623242970784e+49,5.7146486671899194e+51,2,state_safeguard,U,state_safeguard,source_norm2_gt_5,raw_state_verified,run.py:numpy-batch
HiSD,0.01,0.002,2000000,299,-0.6921875000000001,1.378125,completed,2.15138581999419,-5.517180281034129,4131468053870.9688,841089533070.8016,30709980277422.273,2,state_safeguard,U,state_safeguard,source_norm2_gt_5,raw_state_verified,run.py:numpy-batch
HiSD,0.01,0.002,2000000,300,-0.6828125,1.378125,completed,-25.477431273789055,-6.4997418582349145,,,,2,numerical_breakdown,U,state_safeguard,source_norm2_gt_5,nonfinite_derivatives_or_residual,run.py:numpy-batch
HiSD,0.01,0.002,2000000,301,-0.6734375,1.378125,completed,-60.00644781113719,1.5151017315798536,,,,2,numerical_breakdown,U,state_safeguard,source_norm2_gt_5,nonfinite_derivatives_or_residual,run.py:numpy-batch
HiSD,0.01,0.002,2000000,302,-0.6640625,1.378125,completed,-129.66821299654274,-2.626663152209395,,,,2,numerical_breakdown,U,state_safeguard,source_norm2_gt_5,nonfinite_derivatives_or_residual,run.py:numpy-batch
HiSD,0.01,0.002,2000000,320,-0.7953125000000001,1.3968749999999999,completed,-5.264697771456945,-0.30200238753101716,3743086198.9227996,395806101.88394,31034114162.016327,2,state_safeguard,U,state_safeguard,source_norm2_gt_5,raw_state_verified,run.py:numpy-batch
HiSD,0.01,0.002,2000000,321,-0.7859375000000001,1.3968749999999999,completed,6.364628430905939,-1.5525180112667714,4925415042850890.0,715436164732074.1,4.428828842842003e+16,2,state_safeguard,U,state_safeguard,source_norm2_gt_5,raw_state_verified,run.py:numpy-batch
HiSD,0.01,0.002,2000000,322,-0.7765625,1.3968749999999999,completed,10.133342390858822,-0.8831237088386645,4.460899775134976e+35,3.2317698230716682e+34,6.747442347286162e+36,2,state_safeguard,U,state_safeguard,source_norm2_gt_5,raw_state_verified,run.py:numpy-batch
HiSD,0.01,0.002,2000000,323,-0.7671875,1.3968749999999999,completed,-10.255083079812106,1.241210271653202,6.210198047117359e+27,4.399582485494502e+26,8.672393664146062e+28,2,state_safeguard,U,state_safeguard,source_norm2_gt_5,raw_state_verified,run.py:numpy-batch
HiSD,0.01,0.002,2000000,324,-0.7578125,1.3968749999999999,completed,-4.242371402234555,3.5319359466237636,52304.23483644173,28884.503007582724,192287.69618152006,2,state_safeguard,U,state_safeguard,source_norm2_gt_5,raw_state_verified,run.py:numpy-batch
HiSD,0.01,0.002,2000000,327,-0.7296875,1.3968749999999999,completed,2.4448669926414084,7.536900479343305,6.239718416974767e+24,3.5884621283827694e+23,8.962506029245358e+25,2,state_safeguard,U,state_safeguard,source_norm2_gt_5,raw_state_verified,run.py:numpy-batch
HiSD,0.01,0.002,2000000,328,-0.7203125,1.3968749999999999,completed,9.548951292563007,5.720197753717271,1.2405398896449643e+56,4.698134957024336e+54,2.7210535694299012e+57,2,state_safeguard,U,state_safeguard,source_norm2_gt_5,raw_state_verified,run.py:numpy-batch
HiSD,0.01,0.002,2000000,329,-0.7109375,1.3968749999999999,completed,-11.490925422287564,-3.781764602173927,9.934361089584564e+55,3.758216287679539e+54,2.1785403311825186e+57,2,state_safeguard,U,state_safeguard,source_norm2_gt_5,raw_state_verified,run.py:numpy-batch
HiSD,0.01,0.002,2000000,331,-0.6921875000000001,1.3968749999999999,completed,-7.4885976551832165,3.4533200605736556,3462126033187.0146,600138780654.0674,27072682861457.625,2,state_safeguard,U,state_safeguard,source_norm2_gt_5,raw_state_verified,run.py:numpy-batch
HiSD,0.01,0.002,2000000,332,-0.6828125,1.3968749999999999,completed,-7.257996849661179,-8.12420222616978,4.055445166359012e+54,1.4995717976524486e+53,8.883628880188045e+55,2,state_safeguard,U,state_safeguard,source_norm2_gt_5,raw_state_verified,run.py:numpy-batch
HiSD,0.01,0.002,2000000,333,-0.6734375,1.3968749999999999,completed,-16.59160714089236,-12.455254250908167,,,,2,numerical_breakdown,U,state_safeguard,source_norm2_gt_5,nonfinite_derivatives_or_residual,run.py:numpy-batch
HiSD,0.01,0.002,2000000,334,-0.6640625,1.3968749999999999,completed,-54.10862985616678,-7.789322329713784,,,,2,numerical_breakdown,U,state_safeguard,source_norm2_gt_5,nonfinite_derivatives_or_residual,run.py:numpy-batch
HiSD,0.01,0.002,2000000,335,-0.6546875000000001,1.3968749999999999,completed,-124.22424105780121,-10.88024082393796,,,,2,numerical_breakdown,U,state_safeguard,source_norm2_gt_5,nonfinite_derivatives_or_residual,run.py:numpy-batch
HiSD,0.01,0.002,2000000,352,-0.7953125000000001,1.415625,completed,-5.200340023247138,1.891123121105825,3513018.0069403094,715357.338489418,20378385.24451509,2,state_safeguard,U,state_safeguard,source_norm2_gt_5,raw_state_verified,run.py:numpy-batch
HiSD,0.01,0.002,2000000,354,-0.7765625,1.415625,completed,-4.932352404004161,-3.0883881772904984,1.594136973679094e+16,1124377338087404.2,1.8363966026282618e+17,2,state_safeguard,U,state_safeguard,source_norm2_gt_5,raw_state_verified,run.py:numpy-batch
HiSD,0.01,0.002,2000000,355,-0.7671875,1.415625,completed,4.3427589999946115,-6.226632923291902,3.5478337489787188e+16,8641850627466149.0,2.7383038125587146e+17,2,state_safeguard,U,state_safeguard,source_norm2_gt_5,raw_state_verified,run.py:numpy-batch
HiSD,0.01,0.002,2000000,356,-0.7578125,1.415625,completed,-5.731021132606105,-9.211261116495688,3.954923086316077e+53,1.5280959942211123e+52,8.483400195433939e+54,2,state_safeguard,U,state_safeguard,source_norm2_gt_5,raw_state_verified,run.py:numpy-batch
HiSD,0.01,0.002,2000000,357,-0.7484375000000001,1.415625,completed,-9.73220142165928,3.2069435290930812,7.272921830242192e+21,7.656854234103285e+20,8.187540035574683e+22,2,state_safeguard,U,state_safeguard,source_norm2_gt_5,raw_state_verified,run.py:numpy-batch
HiSD,0.01,0.002,2000000,358,-0.7390625000000001,1.415625,completed,-4.77915929921173,-2.3081770146067497,12702493221969.018,1014569620026.9534,129894863649869.39,2,state_safeguard,U,state_safeguard,source_norm2_gt_5,raw_state_verified,run.py:numpy-batch
HiSD,0.01,0.002,2000000,361,-0.7109375,1.415625,completed,0.48348488679471735,8.612497028561911,3.3853739114997604e+23,2.2380606888109717e+22,4.559003232283712e+24,2,state_safeguard,U,state_safeguard,source_norm2_gt_5,raw_state_verified,run.py:numpy-batch
HiSD,0.01,0.002,2000000,362,-0.7015625000000001,1.415625,completed,10.297981004621901,4.2686345857025785,1.498884964429128e+54,6.078572605156467e+52,3.1757288080133466e+55,2,state_safeguard,U,state_safeguard,source_norm2_gt_5,raw_state_verified,run.py:numpy-batch
HiSD,0.01,0.002,2000000,363,-0.6921875000000001,1.415625,completed,-7.285682726310889,-8.142859441357425,8.220511859549573e+54,3.0303479119676902e+53,1.8060585610330415e+56,2,state_safeguard,U,state_safeguard,source_norm2_gt_5,raw_state_verified,run.py:numpy-batch
HiSD,0.01,0.002,2000000,364,-0.6828125,1.415625,completed,-6.827060928034824,10.755761450725306,4.335185909015537e+26,6.890244017289012e+25,4.564788310276483e+27,2,state_safeguard,U,state_safeguard,source_norm2_gt_5,raw_state_verified,run.py:numpy-batch
HiSD,0.01,0.002,2000000,365,-0.6734375,1.415625,completed,-11.469976976111704,-5.188294362492567,2.516591331149259e+64,8.634184807551674e+62,5.981046071516774e+65,2,state_safeguard,U,state_safeguard,source_norm2_gt_5,raw_state_verified,run.py:numpy-batch
HiSD,0.01,0.002,2000000,366,-0.6640625,1.415625,completed,-18.404162926230914,-16.316527822021662,,,,2,numerical_breakdown,U,state_safeguard,source_norm2_gt_5,nonfinite_derivatives_or_residual,run.py:numpy-batch
HiSD,0.01,0.002,2000000,367,-0.6546875000000001,1.415625,completed,-50.33989053653594,-21.681727940739258,,,,2,numerical_breakdown,U,state_safeguard,source_norm2_gt_5,nonfinite_derivatives_or_residual,run.py:numpy-batch
HiSD,0.01,0.002,2000000,368,-0.6453125000000001,1.415625,completed,-126.8478350483731,-27.22328707934178,,,,2,numerical_breakdown,U,state_safeguard,source_norm2_gt_5,nonfinite_derivatives_or_residual,run.py:numpy-batch
HiSD,0.01,0.002,2000000,369,-0.6359375,1.415625,completed,-308.5395363668782,-58.33331956840614,,,,2,numerical_breakdown,U,state_safeguard,source_norm2_gt_5,nonfinite_derivatives_or_residual,run.py:numpy-batch
HiSD,0.01,0.002,2000000,384,-0.7953125000000001,1.434375,completed,-5.598289307661813,2.183208186404111,23868754.794892352,4780427.937817667,145899811.3861674,2,state_safeguard,U,state_safeguard,source_norm2_gt_5,raw_state_verified,run.py:numpy-batch
HiSD,0.01,0.002,2000000,385,-0.7859375000000001,1.434375,completed,-4.809666304039585,-1.8265812846355352,625680230517.0437,53516394096.11521,6015179622833.225,2,state_safeguard,U,state_safeguard,source_norm2_gt_5,raw_state_verified,run.py:numpy-batch
HiSD,0.01,0.002,2000000,386,-0.7765625,1.434375,completed,-3.7046070561606124,-3.514567769231748,61484248445116.336,4864581960858.796,642783022840634.2,2,state_safeguard,U,state_safeguard,source_norm2_gt_5,raw_state_verified,run.py:numpy-batch
HiSD,0.01,0.002,2000000,387,-0.7671875,1.434375,completed,3.5649502731217826,-4.755572484168999,330491631567.344,103616594945.08986,2056791246431.6885,2,state_safeguard,U,state_safeguard,source_norm2_gt_5,raw_state_verified,run.py:numpy-batch
HiSD,0.01,0.002,2000000,388,-0.7578125,1.434375,completed,-6.310033624085885,-3.3762574855808527,5.787564490702341e+22,3.384937800719578e+21,8.018340017247002e+23,2,state_safeguard,U,state_safeguard,source_norm2_gt_5,raw_state_verified,run.py:numpy-batch
HiSD,0.01,0.002,2000000,389,-0.7484375000000001,1.434375,completed,-9.755293170729699,-2.89550433795205,1.7298628576812115e+39,7.909005676775452e+37,3.150059278982435e+40,2,state_safeguard,U,state_safeguard,source_norm2_gt_5,raw_state_verified,run.py:numpy-batch
HiSD,0.01,0.002,2000000,390,-0.7390625000000001,1.434375,completed,12.8752152224817,0.3958370597252301,8.743732393714718e+58,4.2337333191871324e+57,1.7982249734382252e+60,2,state_safeguard,U,state_safeguard,source_norm2_gt_5,raw_state_verified,run.py:numpy-batch
HiSD,0.01,0.002,2000000,391,-0.7296875,1.434375,completed,-9.290385515204266,6.617104558771964,2.9441302416414514e+20,5.976859725569419e+19,2.6044597074611646e+21,2,state_safeguard,U,state_safeguard,source_norm2_gt_5,raw_state_verified,run.py:numpy-batch
HiSD,0.01,0.002,2000000,392,-0.7203125,1.434375,completed,-7.194453760228537,7.361195955104715,5328382266621182.0,1498573251858859.8,3.846679326869342e+16,2,state_safeguard,U,state_safeguard,source_norm2_gt_5,raw_state_verified,run.py:numpy-batch
HiSD,0.01,0.002,2000000,393,-0.7109375,1.434375,completed,-3.1190618869827307,-4.551786503615492,1.0451245624254586e+16,793662719654197.8,1.1704112252908706e+17,2,state_safeguard,U,state_safeguard,source_norm2_gt_5,raw_state_verified,run.py:numpy-batch
HiSD,0.01,0.002,2000000,394,-0.7015625000000001,1.434375,completed,-5.229506993574067,2.0772482282042617,3237785.640061501,699471.1021178904,18387338.84494751,2,state_safeguard,U,state_safeguard,source_norm2_gt_5,raw_state_verified,run.py:numpy-batch
HiSD,0.01,0.002,2000000,395,-0.6921875000000001,1.434375,completed,-3.9892003247469443,9.118679342035872,3.8797311902345395e+18,5.298112607757571e+17,3.783667491901896e+19,2,state_safeguard,U,state_safeguard,source_norm2_gt_5,raw_state_verified,run.py:numpy-batch
HiSD,0.01,0.002,2000000,396,-0.6828125,1.434375,completed,-11.168008221907783,10.171439951959865,8.333154618901334e+34,1.4959915466004206e+34,9.253777641484557e+35,2,state_safeguard,U,state_safeguard,source_norm2_gt_5,raw_state_verified,run.py:numpy-batch
HiSD,0.01,0.002,2000000,397,-0.6734375,1.434375,completed,5.158921468650409,-10.97512614681617,1.5983777318798233e+38,1.8579721901076108e+37,2.117105350974872e+39,2,state_safeguard,U,state_safeguard,source_norm2_gt_5,raw_state_verified,run.py:numpy-batch
HiSD,0.01,0.002,2000000,398,-0.6640625,1.434375,completed,-19.69753162339145,-0.32679947086955385,8.554998682585892e+115,2.6508413138362576e+114,2.569707873840007e+117,2,state_safeguard,U,state_safeguard,source_norm2_gt_5,raw_state_verified,run.py:numpy-batch
HiSD,0.01,0.002,2000000,399,-0.6546875000000001,1.434375,completed,-27.610237930152678,-17.990491032820763,,,,2,numerical_breakdown,U,state_safeguard,source_norm2_gt_5,nonfinite_derivatives_or_residual,run.py:numpy-batch
HiSD,0.01,0.002,2000000,400,-0.6453125000000001,1.434375,completed,-57.6281258439046,-35.85229741655381,,,,2,numerical_breakdown,U,state_safeguard,source_norm2_gt_5,nonfinite_derivatives_or_residual,run.py:numpy-batch
HiSD,0.01,0.002,2000000,401,-0.6359375,1.434375,completed,-141.01331141436032,-55.65736054655502,,,,2,numerical_breakdown,U,state_safeguard,source_norm2_gt_5,nonfinite_derivatives_or_residual,run.py:numpy-batch
HiSD,0.01,0.002,2000000,402,-0.6265625,1.434375,completed,-347.3280446884073,-102.86519586282648,,,,2,numerical_breakdown,U,state_safeguard,source_norm2_gt_5,nonfinite_derivatives_or_residual,run.py:numpy-batch
HiSD,0.01,0.002,2000000,416,-0.7953125000000001,1.453125,completed,-4.929029773345721,5.716067322834197,318085911.7873582,122916184.643873,1650011704.7380538,2,state_safeguard,U,state_safeguard,source_norm2_gt_5,raw_state_verified,run.py:numpy-batch
HiSD,0.01,0.002,2000000,417,-0.7859375000000001,1.453125,completed,-6.177105194081358,2.5129210420746455,611468164.3905054,115260606.21222076,4075190959.395877,2,state_safeguard,U,state_safeguard,source_norm2_gt_5,raw_state_verified,run.py:numpy-batch
HiSD,0.01,0.002,2000000,418,-0.7765625,1.453125,completed,-4.2917994713428955,-3.734677504451811,2.5272513715786204e+16,1790137128442537.5,2.9204063889237056e+17,2,state_safeguard,U,state_safeguard,source_norm2_gt_5,raw_state_verified,run.py:numpy-batch
HiSD,0.01,0.002,2000000,419,-0.7671875,1.453125,completed,-3.6195830794996935,-4.488373092864275,1.6970767953616003e+17,1.2065856450977532e+16,1.9942920249947497e+18,2,state_safeguard,U,state_safeguard,source_norm2_gt_5,raw_state_verified,run.py:numpy-batch
HiSD,0.01,0.002,2000000,420,-0.7578125,1.453125,completed,0.7897980296082248,-6.201813612036026,3327212967096472.0,421440145949499.75,3.1168579234687852e+16,2,state_safeguard,U,state_safeguard,source_norm2_gt_5,raw_state_verified,run.py:numpy-batch
HiSD,0.01,0.002,2000000,421,-0.7484375000000001,1.453125,completed,-6.382980371095322,-3.492691434382522,3.7019525997360216e+23,2.123229917142005e+22,5.226558937039366e+24,2,state_safeguard,U,state_safeguard,source_norm2_gt_5,raw_state_verified,run.py:numpy-batch
HiSD,0.01,0.002,2000000,422,-0.7390625000000001,1.453125,completed,9.70986490943807,-2.0345718765655736,3.178901429721613e+31,2.869211431594837e+30,4.282386727935325e+32,2,state_safeguard,U,state_safeguard,source_norm2_gt_5,raw_state_verified,run.py:numpy-batch
HiSD,0.01,0.002,2000000,423,-0.7296875,1.453125,completed,13.157975760761659,2.973548670317462,9.030669864064329e+71,3.4110727980046636e+70,2.1593792116591748e+73,2,state_safeguard,U,state_safeguard,source_norm2_gt_5,raw_state_verified,run.py:numpy-batch
HiSD,0.01,0.002,2000000,424,-0.7203125,1.453125,completed,13.134830781345238,6.171266454268586,3.4251078491832886e+90,1.0359862915254716e+89,9.535628337259787e+91,2,state_safeguard,U,state_safeguard,source_norm2_gt_5,raw_state_verified,run.py:numpy-batch
HiSD,0.01,0.002,2000000,425,-0.7109375,1.453125,completed,-11.86850675935067,6.867796644074141,1.0193945182827816e+32,1.3524769184746793e+31,1.2152730926907719e+33,2,state_safeguard,U,state_safeguard,source_norm2_gt_5,raw_state_verified,run.py:numpy-batch
HiSD,0.01,0.002,2000000,426,-0.7015625000000001,1.453125,completed,-12.254704250227245,6.083076429275209,5.443347176665648e+33,6.132262260450468e+32,6.9781245964978675e+34,2,state_safeguard,U,state_safeguard,source_norm2_gt_5,raw_state_verified,run.py:numpy-batch
HiSD,0.01,0.002,2000000,427,-0.6921875000000001,1.453125,completed,-9.480283806666613,9.514105978599257,1.7574431684528938e+27,3.656106267419506e+26,1.7041603379692658e+28,2,state_safeguard,U,state_safeguard,source_norm2_gt_5,raw_state_verified,run.py:numpy-batch
HiSD,0.01,0.002,2000000,428,-0.6828125,1.453125,completed,-5.727680988389662,-5.599253506161167,3.513852830766652e+30,1.7624255363604774e+29,5.6846801262060775e+31,2,state_safeguard,U,state_safeguard,source_norm2_gt_5,raw_state_verified,run.py:numpy-batch
HiSD,0.01,0.002,2000000,429,-0.6734375,1.453125,completed,-2.014285411097466,15.283965035393742,1.1369103245925327e+61,5.556255420942616e+59,2.3593233164211207e+62,2,state_safeguard,U,state_safeguard,source_norm2_gt_5,raw_state_verified,run.py:numpy-batch
HiSD,0.01,0.002,2000000,430,-0.6640625,1.453125,completed,-3.2774512549352215,-16.14508344729559,5.619967169573994e+103,1.7660720935770773e+102,1.6181245972501206e+105,2,state_safeguard,U,state_safeguard,source_norm2_gt_5,raw_state_verified,run.py:numpy-batch
HiSD,0.01,0.002,2000000,431,-0.6546875000000001,1.453125,completed,-30.67744722774957,3.2552558472733604,,,,2,numerical_breakdown,U,state_safeguard,source_norm2_gt_5,nonfinite_derivatives_or_residual,run.py:numpy-batch
HiSD,0.01,0.002,2000000,432,-0.6453125000000001,1.453125,completed,-45.06605888012202,-21.43238580349551,,,,2,numerical_breakdown,U,state_safeguard,source_norm2_gt_5,nonfinite_derivatives_or_residual,run.py:numpy-batch
HiSD,0.01,0.002,2000000,433,-0.6359375,1.453125,completed,-82.33321440672664,-51.521159835689446,,,,2,numerical_breakdown,U,state_safeguard,source_norm2_gt_5,nonfinite_derivatives_or_residual,run.py:numpy-batch
HiSD,0.01,0.002,2000000,434,-0.6265625,1.453125,completed,-181.4511468624393,-96.79569892556954,,,,2,numerical_breakdown,U,state_safeguard,source_norm2_gt_5,nonfinite_derivatives_or_residual,run.py:numpy-batch
HiSD,0.01,0.002,2000000,435,-0.6171875,1.453125,completed,-435.3517189489913,-183.72250907347217,,,,2,numerical_breakdown,U,state_safeguard,source_norm2_gt_5,nonfinite_derivatives_or_residual,run.py:numpy-batch
HiSD,0.01,0.002,2000000,436,-0.6078125000000001,1.453125,completed,-1108.6099147212524,-403.47485010826324,,,,2,numerical_breakdown,U,state_safeguard,source_norm2_gt_5,nonfinite_derivatives_or_residual,run.py:numpy-batch
HiSD,0.01,0.002,2000000,448,-0.7953125000000001,1.4718749999999998,completed,-1.8108538318723795,-11.980669955534118,4.556562983872131e+56,2.0545340965297837e+55,9.465689132794619e+57,2,state_safeguard,U,state_safeguard,source_norm2_gt_5,raw_state_verified,run.py:numpy-batch
HiSD,0.01,0.002,2000000,449,-0.7859375000000001,1.4718749999999998,completed,1.7074987070633179,-10.583687690986855,1.5790083138757466e+37,1.2166761739721238e+36,2.375034765252135e+38,2,state_safeguard,U,state_safeguard,source_norm2_gt_5,raw_state_verified,run.py:numpy-batch
HiSD,0.01,0.002,2000000,450,-0.7765625,1.4718749999999998,completed,-7.241805581124578,8.062793907497763,3.7952132164882944e+17,9.825521807642317e+16,2.9314374242441887e+18,2,state_safeguard,U,state_safeguard,source_norm2_gt_5,raw_state_verified,run.py:numpy-batch
HiSD,0.01,0.002,2000000,451,-0.7671875,1.4718749999999998,completed,-7.740641132538594,6.431186831729077,1861931795830343.8,500660008824031.44,1.3506295610332176e+16,2,state_safeguard,U,state_safeguard,source_norm2_gt_5,raw_state_verified,run.py:numpy-batch
HiSD,0.01,0.002,2000000,452,-0.7578125,1.4718749999999998,completed,-8.539070843987968,4.228878069354098,1.647229221877037e+16,2666061685290228.0,1.446340821153964e+17,2,state_safeguard,U,state_safeguard,source_norm2_gt_5,raw_state_verified,run.py:numpy-batch
HiSD,0.01,0.002,2000000,453,-0.7484375000000001,1.4718749999999998,completed,-9.134783470721976,1.804221221266967,7.038684229513241e+20,6.2790101825729176e+19,8.226827954432648e+21,2,state_safeguard,U,state_safeguard,source_norm2_gt_5,raw_state_verified,run.py:numpy-batch
HiSD,0.01,0.002,2000000,454,-0.7390625000000001,1.4718749999999998,completed,7.117086508826542,-6.346411780572932,1.0470600435971623e+23,2.3534766373474155e+22,9.327188730772043e+23,2,state_safeguard,U,state_safeguard,source_norm2_gt_5,raw_state_verified,run.py:numpy-batch
HiSD,0.01,0.002,2000000,455,-0.7296875,1.4718749999999998,completed,-10.90385612489452,0.44452500516438054,5.228902438057513e+33,3.1136918576624615e+32,8.275950133676306e+34,2,state_safeguard,U,state_safeguard,source_norm2_gt_5,raw_state_verified,run.py:numpy-batch
HiSD,0.01,0.002,2000000,456,-0.7203125,1.4718749999999998,completed,14.053619146960136,1.5452761670210666,4.660390085627608e+73,1.87232509265579e+72,1.1006056396008623e+75,2,state_safeguard,U,state_safeguard,source_norm2_gt_5,raw_state_verified,run.py:numpy-batch
HiSD,0.01,0.002,2000000,457,-0.7109375,1.4718749999999998,completed,16.319046719838187,0.6052297870527772,1.1026603901588195e+92,4.159038842831504e+90,2.86886549815437e+93,2,state_safeguard,U,state_safeguard,source_norm2_gt_5,raw_state_verified,run.py:numpy-batch
HiSD,0.01,0.002,2000000,458,-0.7015625000000001,1.4718749999999998,completed,-16.95178007958109,0.4379947858814981,2.3013274319862552e+82,8.736287445201879e+80,5.752922171536305e+83,2,state_safeguard,U,state_safeguard,source_norm2_gt_5,raw_state_verified,run.py:numpy-batch
HiSD,0.01,0.002,2000000,459,-0.6921875000000001,1.4718749999999998,completed,-17.424384143836768,8.29107606081087,2.578830887909739e+69,1.9687213773762282e+68,4.8216006885135405e+70,2,state_safeguard,U,state_safeguard,source_norm2_gt_5,raw_state_verified,run.py:numpy-batch
HiSD,0.01,0.002,2000000,460,-0.6828125,1.4718749999999998,completed,-19.305594409610105,7.953112609893827,8.1326677441768e+85,5.031245685090163e+84,1.7534602574994322e+87,2,state_safeguard,U,state_safeguard,source_norm2_gt_5,raw_state_verified,run.py:numpy-batch
HiSD,0.01,0.002,2000000,461,-0.6734375,1.4718749999999998,completed,-20.6447084138805,7.540845541796417,2.4865169855635442e+99,1.32814072534492e+98,5.9151456288978864e+100,2,state_safeguard,U,state_safeguard,source_norm2_gt_5,raw_state_verified,run.py:numpy-batch
HiSD,0.01,0.002,2000000,462,-0.6640625,1.4718749999999998,completed,-20.270358786529425,15.334803105736334,7.286688300890655e+105,6.682136308626395e+104,1.4790104371609455e+107,2,state_safeguard,U,state_safeguard,source_norm2_gt_5,raw_state_verified,run.py:numpy-batch
HiSD,0.01,0.002,2000000,463,-0.6546875000000001,1.4718749999999998,completed,19.330329035485835,-21.020812468229458,,,,2,numerical_breakdown,U,state_safeguard,source_norm2_gt_5,nonfinite_derivatives_or_residual,run.py:numpy-batch
HiSD,0.01,0.002,2000000,464,-0.6453125000000001,1.4718749999999998,completed,-36.62911218767642,36.88699739049024,,,,2,numerical_breakdown,U,state_safeguard,source_norm2_gt_5,nonfinite_derivatives_or_residual,run.py:numpy-batch
HiSD,0.01,0.002,2000000,465,-0.6359375,1.4718749999999998,completed,-73.25346705951416,-38.94944618699112,,,,2,numerical_breakdown,U,state_safeguard,source_norm2_gt_5,nonfinite_derivatives_or_residual,run.py:numpy-batch
HiSD,0.01,0.002,2000000,466,-0.6265625,1.4718749999999998,completed,-132.17604565437307,-82.47648176407452,,,,2,numerical_breakdown,U,state_safeguard,source_norm2_gt_5,nonfinite_derivatives_or_residual,run.py:numpy-batch
HiSD,0.01,0.002,2000000,467,-0.6171875,1.4718749999999998,completed,-271.4780211788453,-164.5915608157536,,,,2,numerical_breakdown,U,state_safeguard,source_norm2_gt_5,nonfinite_derivatives_or_residual,run.py:numpy-batch
HiSD,0.01,0.002,2000000,468,-0.6078125000000001,1.4718749999999998,completed,-619.1320586509586,-329.54706123138334,,,,2,numerical_breakdown,U,state_safeguard,source_norm2_gt_5,nonfinite_derivatives_or_residual,run.py:numpy-batch
HiSD,0.01,0.002,2000000,469,-0.5984375000000001,1.4718749999999998,completed,-1532.8606939966764,-713.4140452189419,,,,2,numerical_breakdown,U,state_safeguard,source_norm2_gt_5,nonfinite_derivatives_or_residual,run.py:numpy-batch
HiSD,0.01,0.002,2000000,480,-0.7953125000000001,1.4906249999999999,completed,-3.6396504660269953,-58.914012343085346,,,,2,numerical_breakdown,U,state_safeguard,source_norm2_gt_5,nonfinite_derivatives_or_residual,run.py:numpy-batch
HiSD,0.01,0.002,2000000,481,-0.7859375000000001,1.4906249999999999,completed,-5.828473746316719,-39.563997631825586,,,,2,numerical_breakdown,U,state_safeguard,source_norm2_gt_5,nonfinite_derivatives_or_residual,run.py:numpy-batch
HiSD,0.01,0.002,2000000,482,-0.7765625,1.4906249999999999,completed,-6.2187455444457775,-28.91669222748598,,,,2,numerical_breakdown,U,state_safeguard,source_norm2_gt_5,nonfinite_derivatives_or_residual,run.py:numpy-batch
HiSD,0.01,0.002,2000000,483,-0.7671875,1.4906249999999999,completed,-5.254528629733409,-22.82177460470464,,,,2,numerical_breakdown,U,state_safeguard,source_norm2_gt_5,nonfinite_derivatives_or_residual,run.py:numpy-batch
HiSD,0.01,0.002,2000000,484,-0.7578125,1.4906249999999999,completed,-2.483382307869868,-19.506100925136575,1.3282457171670315e+139,3.7465289891762044e+137,4.378414513981745e+140,2,state_safeguard,U,state_safeguard,source_norm2_gt_5,raw_state_verified,run.py:numpy-batch
HiSD,0.01,0.002,2000000,485,-0.7484375000000001,1.4906249999999999,completed,7.914574251793651,-16.075963334964612,3.849686569665822e+75,3.174773587508384e+74,7.221633444236553e+76,2,state_safeguard,U,state_safeguard,source_norm2_gt_5,raw_state_verified,run.py:numpy-batch
HiSD,0.01,0.002,2000000,486,-0.7390625000000001,1.4906249999999999,completed,-9.540104322877303,16.13672155245025,3.392537328811448e+60,3.339683066423481e+59,5.56222930730202e+61,2,state_safeguard,U,state_safeguard,source_norm2_gt_5,raw_state_verified,run.py:numpy-batch
HiSD,0.01,0.002,2000000,487,-0.7296875,1.4906249999999999,completed,-16.55432277713958,3.757250826302306,1.518310096608051e+67,7.976522165627586e+65,3.178480457891786e+68,2,state_safeguard,U,state_safeguard,source_norm2_gt_5,raw_state_verified,run.py:numpy-batch
HiSD,0.01,0.002,2000000,488,-0.7203125,1.4906249999999999,completed,-17.123886162348406,4.318672685185702,8.75715619329859e+70,4.640400492257535e+69,1.8623570384143955e+72,2,state_safeguard,U,state_safeguard,source_norm2_gt_5,raw_state_verified,run.py:numpy-batch
HiSD,0.01,0.002,2000000,489,-0.7109375,1.4906249999999999,completed,-14.156621154620456,14.969565083083602,2.631226739261148e+66,3.4083535645992548e+65,4.0626989728719643e+67,2,state_safeguard,U,state_safeguard,source_norm2_gt_5,raw_state_verified,run.py:numpy-batch
HiSD,0.01,0.002,2000000,490,-0.7015625000000001,1.4906249999999999,completed,22.47697175091628,-0.931511008357929,,,,2,numerical_breakdown,U,state_safeguard,source_norm2_gt_5,nonfinite_derivatives_or_residual,run.py:numpy-batch
HiSD,0.01,0.002,2000000,491,-0.6921875000000001,1.4906249999999999,completed,-23.0708068600424,-7.213212084401658,,,,2,numerical_breakdown,U,state_safeguard,source_norm2_gt_5,nonfinite_derivatives_or_residual,run.py:numpy-batch
HiSD,0.01,0.002,2000000,492,-0.6828125,1.4906249999999999,completed,-19.304608855874534,23.494494466047,8.864752435901072e+150,7.164010734703663e+149,2.1155425205333143e+152,2,state_safeguard,U,state_safeguard,source_norm2_gt_5,raw_state_verified,run.py:numpy-batch
HiSD,0.01,0.002,2000000,493,-0.6734375,1.4906249999999999,completed,-16.252679898862215,31.75432053418612,,,,2,numerical_breakdown,U,state_safeguard,source_norm2_gt_5,nonfinite_derivatives_or_residual,run.py:numpy-batch
HiSD,0.01,0.002,2000000,494,-0.6640625,1.4906249999999999,completed,-14.384976783489028,39.66013402719019,,,,2,numerical_breakdown,U,state_safeguard,source_norm2_gt_5,nonfinite_derivatives_or_residual,run.py:numpy-batch
HiSD,0.01,0.002,2000000,495,-0.6546875000000001,1.4906249999999999,completed,-37.37383284960267,33.99528243565294,,,,2,numerical_breakdown,U,state_safeguard,source_norm2_gt_5,nonfinite_derivatives_or_residual,run.py:numpy-batch
HiSD,0.01,0.002,2000000,496,-0.6453125000000001,1.4906249999999999,completed,3.41458654390349,-60.60796087806605,,,,2,numerical_breakdown,U,state_safeguard,source_norm2_gt_5,nonfinite_derivatives_or_residual,run.py:numpy-batch
HiSD,0.01,0.002,2000000,497,-0.6359375,1.4906249999999999,completed,-68.38362430299406,69.50352623791557,,,,2,numerical_breakdown,U,state_safeguard,source_norm2_gt_5,nonfinite_derivatives_or_residual,run.py:numpy-batch
HiSD,0.01,0.002,2000000,498,-0.6265625,1.4906249999999999,completed,-124.97018691425943,-90.31548495524387,,,,2,numerical_breakdown,U,state_safeguard,source_norm2_gt_5,nonfinite_derivatives_or_residual,run.py:numpy-batch
HiSD,0.01,0.002,2000000,499,-0.6171875,1.4906249999999999,completed,-228.48471484552482,-160.96786131066804,,,,2,numerical_breakdown,U,state_safeguard,source_norm2_gt_5,nonfinite_derivatives_or_residual,run.py:numpy-batch
HiSD,0.01,0.002,2000000,500,-0.6078125000000001,1.4906249999999999,completed,-456.2367431517055,-307.1260692364931,,,,2,numerical_breakdown,U,state_safeguard,source_norm2_gt_5,nonfinite_derivatives_or_residual,run.py:numpy-batch
HiSD,0.01,0.002,2000000,501,-0.5984375000000001,1.4906249999999999,completed,-997.9248868151519,-619.9931568105912,,,,2,numerical_breakdown,U,state_safeguard,source_norm2_gt_5,nonfinite_derivatives_or_residual,run.py:numpy-batch
HiSD,0.01,0.002,2000000,502,-0.5890625,1.4906249999999999,completed,-2387.5279903625374,-1340.0395578789066,,,,2,numerical_breakdown,U,state_safeguard,source_norm2_gt_5,nonfinite_derivatives_or_residual,run.py:numpy-batch
HiSD,0.01,0.002,2000000,161,-0.7859375000000001,1.3031249999999999,completed,0.26721540378620734,10.96719494611964,2.387556622281254e+36,1.2985897980826324e+35,3.9983435530211354e+37,3,state_safeguard,U,state_safeguard,source_norm2_gt_5,raw_state_verified,run.py:numpy-batch
HiSD,0.01,0.002,2000000,164,-0.7578125,1.3031249999999999,completed,-14.93490124901864,2.451967010642578,7.4334658089481685e+56,3.905388159858365e+55,1.469776837162547e+58,3,state_safeguard,U,state_safeguard,source_norm2_gt_5,raw_state_verified,run.py:numpy-batch
HiSD,0.01,0.002,2000000,195,-0.7671875,1.321875,completed,-11.788558708287997,-2.6125782498304653,1.0022999343858913e+52,4.081852686244365e+50,2.0908975834733787e+53,3,state_safeguard,U,state_safeguard,source_norm2_gt_5,raw_state_verified,run.py:numpy-batch
HiSD,0.01,0.002,2000000,198,-0.7390625000000001,1.321875,completed,-6.628838922076676,0.5497649862515896,3078792618534.5337,312956407025.34735,28599358658476.883,3,state_safeguard,U,state_safeguard,source_norm2_gt_5,raw_state_verified,run.py:numpy-batch
HiSD,0.01,0.002,2000000,224,-0.7953125000000001,1.340625,completed,28.813283665289678,-99.0271158885458,,,,3,numerical_breakdown,U,state_safeguard,source_norm2_gt_5,nonfinite_derivatives_or_residual,run.py:numpy-batch
HiSD,0.01,0.002,2000000,229,-0.7484375000000001,1.340625,completed,5.398989279990323,0.2709496019611297,33361224831624.535,3863276356884.634,305970021938936.3,3,state_safeguard,U,state_safeguard,source_norm2_gt_5,raw_state_verified,run.py:numpy-batch
HiSD,0.01,0.002,2000000,232,-0.7203125,1.340625,completed,3372930.0719374493,-2942859.102156745,,,,3,numerical_breakdown,U,state_safeguard,source_norm2_gt_5,nonfinite_derivatives_or_residual,run.py:numpy-batch
HiSD,0.01,0.002,2000000,256,-0.7953125000000001,1.359375,completed,-27.57242794207533,29.80890616041556,,,,3,numerical_breakdown,U,state_safeguard,source_norm2_gt_5,nonfinite_derivatives_or_residual,run.py:numpy-batch
HiSD,0.01,0.002,2000000,257,-0.7859375000000001,1.359375,completed,347.8436312996873,-214.84092373316142,,,,3,numerical_breakdown,U,state_safeguard,source_norm2_gt_5,nonfinite_derivatives_or_residual,run.py:numpy-batch
HiSD,0.01,0.002,2000000,258,-0.7765625,1.359375,completed,3954.60109667568,-5810.4095755031685,,,,3,numerical_breakdown,U,state_safeguard,source_norm2_gt_5,nonfinite_derivatives_or_residual,run.py:numpy-batch
HiSD,0.01,0.002,2000000,263,-0.7296875,1.359375,completed,-44.53088664928997,38.53796452381025,,,,3,numerical_breakdown,U,state_safeguard,source_norm2_gt_5,nonfinite_derivatives_or_residual,run.py:numpy-batch
HiSD,0.01,0.002,2000000,290,-0.7765625,1.378125,completed,-9.289511489147095,-3.5873391864228203,4.321762847353751e+39,1.9229365086682443e+38,7.968855076394967e+40,3,state_safeguard,U,state_safeguard,source_norm2_gt_5,raw_state_verified,run.py:numpy-batch
HiSD,0.01,0.002,2000000,291,-0.7671875,1.378125,completed,396.9598673052687,-922.2445616206675,,,,3,numerical_breakdown,U,state_safeguard,source_norm2_gt_5,nonfinite_derivatives_or_residual,run.py:numpy-batch
HiSD,0.01,0.002,2000000,292,-0.7578125,1.378125,completed,446.7873046943062,-351.62182245988964,,,,3,numerical_breakdown,U,state_safeguard,source_norm2_gt_5,nonfinite_derivatives_or_residual,run.py:numpy-batch
HiSD,0.01,0.002,2000000,297,-0.7109375,1.378125,completed,-31070.55911507691,14996.70879383391,,,,3,numerical_breakdown,U,state_safeguard,source_norm2_gt_5,nonfinite_derivatives_or_residual,run.py:numpy-batch
HiSD,0.01,0.002,2000000,325,-0.7484375000000001,1.3968749999999999,completed,0.6762338734493296,-12.844203985452207,3.433143853238682e+55,1.8610543903805042e+54,6.663445300254622e+56,3,state_safeguard,U,state_safeguard,source_norm2_gt_5,raw_state_verified,run.py:numpy-batch
HiSD,0.01,0.002,2000000,326,-0.7390625000000001,1.3968749999999999,completed,17.43410245756129,-9.300900102729369,3.620067172278388e+88,2.9065756104745286e+87,7.230426830062096e+89,3,state_safeguard,U,state_safeguard,source_norm2_gt_5,raw_state_verified,run.py:numpy-batch
HiSD,0.01,0.002,2000000,330,-0.7015625000000001,1.3968749999999999,completed,1193141948.3160539,-512763256.3733063,,,,3,numerical_breakdown,U,state_safeguard,source_norm2_gt_5,nonfinite_derivatives_or_residual,run.py:numpy-batch
HiSD,0.01,0.002,2000000,353,-0.7859375000000001,1.415625,completed,-702727273.0859779,-409655229.04202425,,,,3,numerical_breakdown,U,state_safeguard,source_norm2_gt_5,nonfinite_derivatives_or_residual,run.py:numpy-batch
HiSD,0.01,0.002,2000000,359,-0.7296875,1.415625,completed,-35992.142677472824,-24298.525189060994,,,,3,numerical_breakdown,U,state_safeguard,source_norm2_gt_5,nonfinite_derivatives_or_residual,run.py:numpy-batch
HiSD,0.01,0.002,2000000,360,-0.7203125,1.415625,completed,15.694930252326856,3.6166231312187977,6.722206548942976e+100,2.1122926707771153e+99,1.9168457052938289e+102,3,state_safeguard,U,state_safeguard,source_norm2_gt_5,raw_state_verified,run.py:numpy-batch
