method,eta,tau,budget,start_id,x0,y0,execution_status,raw_x,raw_y,grad_norm,lambda1,lambda2,n_outer_updates,terminal_category,endpoint,stop_reason,failure_reason,certification_reason,source
HiSD,7.943282347242822e-05,0.002,2000000,31,-0.5046875000000001,1.2093749999999999,completed,0.06601892969891557,0.184040941474114,9.823221087508679e-07,-1005.136367197093,762.7329007133155,643,success_index1,S_L,gradient_tolerance,,raw_state_verified,run.py:numpy-batch
HiSD,7.943282347242822e-05,0.002,2000000,30,-0.5140625000000001,1.2093749999999999,completed,0.06601892973471685,0.18404094141713778,9.752267693279206e-07,-1005.1363669614392,762.7329008099705,644,success_index1,S_L,gradient_tolerance,,raw_state_verified,run.py:numpy-batch
HiSD,7.943282347242822e-05,0.002,2000000,29,-0.5234375,1.2093749999999999,completed,0.06601892970341625,0.18404094147812608,9.869227259959464e-07,-1005.136367212933,762.7329007156693,645,success_index1,S_L,gradient_tolerance,,raw_state_verified,run.py:numpy-batch
HiSD,7.943282347242822e-05,0.002,2000000,63,-0.5046875000000001,1.228125,completed,0.06601892968555309,0.18404094146231223,9.687197016902702e-07,-1005.136367150511,762.7329007062309,645,success_index1,S_L,gradient_tolerance,,raw_state_verified,run.py:numpy-batch
HiSD,7.943282347242822e-05,0.002,2000000,28,-0.5328125000000001,1.2093749999999999,completed,0.06601892970055034,0.18404094147560843,9.840123788084515e-07,-1005.1363672029978,762.7329007141377,647,success_index1,S_L,gradient_tolerance,,raw_state_verified,run.py:numpy-batch
HiSD,7.943282347242822e-05,0.002,2000000,62,-0.5140625000000001,1.228125,completed,0.06601892969188358,0.18404094146794178,9.751837221484908e-07,-1005.1363671727356,762.7329007095537,648,success_index1,S_L,gradient_tolerance,,raw_state_verified,run.py:numpy-batch
HiSD,7.943282347242822e-05,0.002,2000000,0,-0.7953125000000001,1.2093749999999999,completed,-2.628045771263902,1.7869725685257405,9.99852620114731e-07,-3153.363698190852,238.0743259273001,5661,success_index1,S_H,gradient_tolerance,,raw_state_verified,run.py:numpy-batch
HiSD,7.943282347242822e-05,0.002,2000000,1,-0.7859375000000001,1.2093749999999999,completed,-2.6280457712568603,1.7869725685300812,9.97867803418885e-07,-3153.36369819363,238.07432591930464,5667,success_index1,S_H,gradient_tolerance,,raw_state_verified,run.py:numpy-batch
HiSD,7.943282347242822e-05,0.002,2000000,2,-0.7765625,1.2093749999999999,completed,-2.628045771253374,1.7869725685322309,9.968852530818548e-07,-3153.363698195003,238.07432591534604,5673,success_index1,S_H,gradient_tolerance,,raw_state_verified,run.py:numpy-batch
HiSD,7.943282347242822e-05,0.002,2000000,32,-0.7953125000000001,1.228125,completed,-2.6280457712528915,1.7869725685325288,9.96749495711586e-07,-3153.3636981951945,238.07432591479898,5673,success_index1,S_H,gradient_tolerance,,raw_state_verified,run.py:numpy-batch
HiSD,7.943282347242822e-05,0.002,2000000,3,-0.7671875,1.2093749999999999,completed,-2.6280457712539365,1.7869725685318847,9.97043967587787e-07,-3153.363698194783,238.07432591598538,5679,success_index1,S_H,gradient_tolerance,,raw_state_verified,run.py:numpy-batch
HiSD,7.943282347242822e-05,0.002,2000000,33,-0.7859375000000001,1.228125,completed,-2.628045771259958,1.786972568528172,9.98741008501489e-07,-3153.3636981924074,238.07432592282157,5679,success_index1,S_H,gradient_tolerance,,raw_state_verified,run.py:numpy-batch
HiSD,7.943282347242822e-05,0.002,2000000,4,-0.7578125,1.2093749999999999,completed,-2.628045771259312,1.7869725685285696,9.985589002438928e-07,-3153.363698192662,238.07432592208858,5685,success_index1,S_H,gradient_tolerance,,raw_state_verified,run.py:numpy-batch
HiSD,7.943282347242822e-05,0.002,2000000,64,-0.7953125000000001,1.246875,completed,-2.6280457712594143,1.7869725685285067,9.985877330708057e-07,-3153.363698192622,238.07432592220454,5685,success_index1,S_H,gradient_tolerance,,raw_state_verified,run.py:numpy-batch
HiSD,7.943282347242822e-05,0.002,2000000,34,-0.7765625,1.228125,completed,-2.6280457712189893,1.786972568461495,9.989461075446457e-07,-3153.363698199559,238.0743258283385,5686,success_index1,S_H,gradient_tolerance,,raw_state_verified,run.py:numpy-batch
HiSD,7.943282347242822e-05,0.002,2000000,5,-0.7484375000000001,1.2093749999999999,completed,-2.6280457712169842,1.7869725684627835,9.983745578162397e-07,-3153.3636982003536,238.07432582608936,5692,success_index1,S_H,gradient_tolerance,,raw_state_verified,run.py:numpy-batch
HiSD,7.943282347242822e-05,0.002,2000000,65,-0.7859375000000001,1.246875,completed,-2.628045771261886,1.7869725685269828,9.992844019384045e-07,-3153.363698191646,238.07432592501104,5693,success_index1,S_H,gradient_tolerance,,raw_state_verified,run.py:numpy-batch
HiSD,7.943282347242822e-05,0.002,2000000,35,-0.7671875,1.228125,completed,-2.628045771214461,1.7869725684644058,9.976546862205078e-07,-3153.363698201356,238.07432582325904,5694,success_index1,S_H,gradient_tolerance,,raw_state_verified,run.py:numpy-batch
HiSD,7.943282347242822e-05,0.002,2000000,6,-0.7390625000000001,1.2093749999999999,completed,-2.628045771211413,1.786972568466365,9.967855020748852e-07,-3153.3636982025673,238.07432581984014,5700,success_index1,S_H,gradient_tolerance,,raw_state_verified,run.py:numpy-batch
HiSD,7.943282347242822e-05,0.002,2000000,96,-0.7953125000000001,1.265625,completed,-2.6280457712139937,1.7869725684647058,9.975217078756163e-07,-3153.363698201542,238.07432582273427,5700,success_index1,S_H,gradient_tolerance,,raw_state_verified,run.py:numpy-batch
HiSD,7.943282347242822e-05,0.002,2000000,36,-0.7578125,1.228125,completed,-2.628045771217678,1.7869725684623374,9.985724848036149e-07,-3153.363698200079,238.07432582686766,5702,success_index1,S_H,gradient_tolerance,,raw_state_verified,run.py:numpy-batch
HiSD,7.943282347242822e-05,0.002,2000000,66,-0.7765625,1.246875,completed,-2.628045771220086,1.7869725684607893,9.992591937193565e-07,-3153.363698199124,238.07432582956872,5702,success_index1,S_H,gradient_tolerance,,raw_state_verified,run.py:numpy-batch
HiSD,7.943282347242822e-05,0.002,2000000,7,-0.7296875,1.2093749999999999,completed,-2.628045771214076,1.7869725684646531,9.97544964664183e-07,-3153.3636982015096,238.0743258228268,5708,success_index1,S_H,gradient_tolerance,,raw_state_verified,run.py:numpy-batch
HiSD,7.943282347242822e-05,0.002,2000000,97,-0.7859375000000001,1.265625,completed,-2.6280457712196137,1.7869725684610938,9.991241274435194e-07,-3153.3636981993113,238.07432582903894,5710,success_index1,S_H,gradient_tolerance,,raw_state_verified,run.py:numpy-batch
HiSD,7.943282347242822e-05,0.002,2000000,37,-0.7484375000000001,1.228125,completed,-2.6280457712605956,1.7869725685277786,9.98920677036652e-07,-3153.3636981921563,238.0743259235458,5711,success_index1,S_H,gradient_tolerance,,raw_state_verified,run.py:numpy-batch
HiSD,7.943282347242822e-05,0.002,2000000,67,-0.7671875,1.246875,completed,-2.628045771219803,1.7869725684609714,9.991785427648673e-07,-3153.363698199236,238.0743258292511,5712,success_index1,S_H,gradient_tolerance,,raw_state_verified,run.py:numpy-batch
HiSD,7.943282347242822e-05,0.002,2000000,8,-0.7203125,1.2093749999999999,completed,-2.628045771256739,1.7869725685301563,9.97833810784647e-07,-3153.363698193677,238.07432591916768,5717,success_index1,S_H,gradient_tolerance,,raw_state_verified,run.py:numpy-batch
HiSD,7.943282347242822e-05,0.002,2000000,128,-0.7953125000000001,1.284375,completed,-2.6280457712130225,1.7869725684653304,9.972446072400465e-07,-3153.3636982019275,238.07432582164517,5718,success_index1,S_H,gradient_tolerance,,raw_state_verified,run.py:numpy-batch
HiSD,7.943282347242822e-05,0.002,2000000,27,-0.5421875,1.2093749999999999,completed,-2.628045771217592,1.7869725684623927,9.985478756464354e-07,-3153.3636982001144,238.0743258267704,5719,success_index1,S_H,gradient_tolerance,,raw_state_verified,run.py:numpy-batch
HiSD,7.943282347242822e-05,0.002,2000000,38,-0.7390625000000001,1.228125,completed,-2.6280457712625624,1.7869725685265656,9.994749105861298e-07,-3153.3636981913805,238.07432592577928,5721,success_index1,S_H,gradient_tolerance,,raw_state_verified,run.py:numpy-batch
HiSD,7.943282347242822e-05,0.002,2000000,98,-0.7765625,1.265625,completed,-2.6280457712183627,1.786972568461898,9.987675269228414e-07,-3153.3636981998075,238.07432582763568,5722,success_index1,S_H,gradient_tolerance,,raw_state_verified,run.py:numpy-batch
HiSD,7.943282347242822e-05,0.002,2000000,68,-0.7578125,1.246875,completed,-2.6280457712643694,1.786972568525452,9.999843495240744e-07,-3153.3636981906675,238.07432592783096,5723,success_index1,S_H,gradient_tolerance,,raw_state_verified,run.py:numpy-batch
HiSD,7.943282347242822e-05,0.002,2000000,9,-0.7109375,1.2093749999999999,completed,-2.628045771258834,1.7869725685288647,9.984240723555945e-07,-3153.3636981928507,238.07432592154532,5727,success_index1,S_H,gradient_tolerance,,raw_state_verified,run.py:numpy-batch
HiSD,7.943282347242822e-05,0.002,2000000,129,-0.7859375000000001,1.284375,completed,-2.628045771214699,1.7869725684642526,9.977227665776678e-07,-3153.3636982012617,238.07432582352544,5732,success_index1,S_H,gradient_tolerance,,raw_state_verified,run.py:numpy-batch
HiSD,7.943282347242822e-05,0.002,2000000,26,-0.5515625000000001,1.2093749999999999,completed,-2.62804577125485,1.7869725685313211,9.973013771787055e-07,-3153.363698194422,238.0743259170228,5733,success_index1,S_H,gradient_tolerance,,raw_state_verified,run.py:numpy-batch
HiSD,7.943282347242822e-05,0.002,2000000,39,-0.7296875,1.228125,completed,-2.6280457712572196,1.78697256852986,9.979692274806945e-07,-3153.3636981934874,238.07432591971295,5733,success_index1,S_H,gradient_tolerance,,raw_state_verified,run.py:numpy-batch
HiSD,7.943282347242822e-05,0.002,2000000,69,-0.7484375000000001,1.246875,completed,-2.628045771221713,1.786972568459744,9.99723107697752e-07,-3153.3636981984773,238.07432583139297,5736,success_index1,S_H,gradient_tolerance,,raw_state_verified,run.py:numpy-batch
HiSD,7.943282347242822e-05,0.002,2000000,99,-0.7671875,1.265625,completed,-2.6280457712162573,1.7869725684632507,9.981672273867106e-07,-3153.3636982006433,238.07432582527358,5736,success_index1,S_H,gradient_tolerance,,raw_state_verified,run.py:numpy-batch
HiSD,7.943282347242822e-05,0.002,2000000,10,-0.7015625000000001,1.2093749999999999,completed,-2.628045771253637,1.786972568532069,9.969595541111337e-07,-3153.3636981949016,238.074325915646,5739,success_index1,S_H,gradient_tolerance,,raw_state_verified,run.py:numpy-batch
HiSD,7.943282347242822e-05,0.002,2000000,160,-0.7953125000000001,1.3031249999999999,completed,-2.6280457712582477,1.7869725685292257,9.982588215808326e-07,-3153.363698193083,238.0743259208797,5741,success_index1,S_H,gradient_tolerance,,raw_state_verified,run.py:numpy-batch
HiSD,7.943282347242822e-05,0.002,2000000,40,-0.7203125,1.228125,completed,-2.6280457712207625,1.786972568460355,9.994519949187532e-07,-3153.363698198854,238.07432583032724,5746,success_index1,S_H,gradient_tolerance,,raw_state_verified,run.py:numpy-batch
HiSD,7.943282347242822e-05,0.002,2000000,130,-0.7765625,1.284375,completed,-2.6280457712555236,1.7869725685309055,9.974911789241478e-07,-3153.3636981941563,238.0743259177869,5749,success_index1,S_H,gradient_tolerance,,raw_state_verified,run.py:numpy-batch
HiSD,7.943282347242822e-05,0.002,2000000,11,-0.6921875000000001,1.2093749999999999,completed,-2.628045771216636,1.7869725684630076,9.982751001117888e-07,-3153.3636982004923,238.07432582569845,5752,success_index1,S_H,gradient_tolerance,,raw_state_verified,run.py:numpy-batch
HiSD,7.943282347242822e-05,0.002,2000000,70,-0.7390625000000001,1.246875,completed,-2.6280457712135354,1.7869725684650006,9.973908494057033e-07,-3153.363698201723,238.07432582222054,5752,success_index1,S_H,gradient_tolerance,,raw_state_verified,run.py:numpy-batch
HiSD,7.943282347242822e-05,0.002,2000000,100,-0.7578125,1.265625,completed,-2.628045771253126,1.7869725685323838,9.968154866266572e-07,-3153.3636981951017,238.07432591506534,5753,success_index1,S_H,gradient_tolerance,,raw_state_verified,run.py:numpy-batch
HiSD,7.943282347242822e-05,0.002,2000000,61,-0.5234375,1.228125,completed,-2.6280457712547913,1.786972568531357,9.972847805502741e-07,-3153.3636981944455,238.07432591695613,5760,success_index1,S_H,gradient_tolerance,,raw_state_verified,run.py:numpy-batch
HiSD,7.943282347242822e-05,0.002,2000000,41,-0.7109375,1.228125,completed,-2.628045771222591,1.7869725684591795,9.999734543586562e-07,-3153.36369819813,238.07432583237835,5762,success_index1,S_H,gradient_tolerance,,raw_state_verified,run.py:numpy-batch
HiSD,7.943282347242822e-05,0.002,2000000,161,-0.7859375000000001,1.3031249999999999,completed,-2.6280457712160508,1.7869725684633835,9.981083975597692e-07,-3153.3636982007247,238.07432582504148,5762,success_index1,S_H,gradient_tolerance,,raw_state_verified,run.py:numpy-batch
HiSD,7.943282347242822e-05,0.002,2000000,12,-0.6828125,1.2093749999999999,completed,-2.6280457712157164,1.786972568463599,9.980126051340352e-07,-3153.363698200859,238.0743258246674,5768,success_index1,S_H,gradient_tolerance,,raw_state_verified,run.py:numpy-batch
HiSD,7.943282347242822e-05,0.002,2000000,131,-0.7671875,1.284375,completed,-2.6280457712184955,1.786972568461812,9.988055141548331e-07,-3153.363698199755,238.0743258277843,5770,success_index1,S_H,gradient_tolerance,,raw_state_verified,run.py:numpy-batch
HiSD,7.943282347242822e-05,0.002,2000000,71,-0.7296875,1.246875,completed,-2.628045771253499,1.7869725685321538,9.969205790747425e-07,-3153.363698194954,238.07432591548869,5771,success_index1,S_H,gradient_tolerance,,raw_state_verified,run.py:numpy-batch
HiSD,7.943282347242822e-05,0.002,2000000,101,-0.7484375000000001,1.265625,completed,-2.6280457712644023,1.7869725685254314,9.999935243352128e-07,-3153.3636981906557,238.07432592786793,5773,success_index1,S_H,gradient_tolerance,,raw_state_verified,run.py:numpy-batch
HiSD,7.943282347242822e-05,0.002,2000000,192,-0.7953125000000001,1.321875,completed,-2.6280457712567475,1.7869725685301507,9.978360778487104e-07,-3153.363698193675,238.0743259191772,5779,success_index1,S_H,gradient_tolerance,,raw_state_verified,run.py:numpy-batch
HiSD,7.943282347242822e-05,0.002,2000000,42,-0.7015625000000001,1.228125,completed,-2.628045771256917,1.7869725685300462,9.978839266127326e-07,-3153.363698193607,238.07432591936987,5783,success_index1,S_H,gradient_tolerance,,raw_state_verified,run.py:numpy-batch
HiSD,7.943282347242822e-05,0.002,2000000,13,-0.6734375,1.2093749999999999,completed,-2.628045771211782,1.7869725684661277,9.968908378682183e-07,-3153.3636982024195,238.07432582025433,5788,success_index1,S_H,gradient_tolerance,,raw_state_verified,run.py:numpy-batch
HiSD,7.943282347242822e-05,0.002,2000000,162,-0.7765625,1.3031249999999999,completed,-2.628045771221774,1.7869725684597049,9.997403682824972e-07,-3153.3636981984528,238.0743258314619,5790,success_index1,S_H,gradient_tolerance,,raw_state_verified,run.py:numpy-batch
HiSD,7.943282347242822e-05,0.002,2000000,72,-0.7203125,1.246875,completed,-2.6280457712640004,1.7869725685256792,9.998802749350454e-07,-3153.3636981908144,238.07432592741162,5795,success_index1,S_H,gradient_tolerance,,raw_state_verified,run.py:numpy-batch
HiSD,7.943282347242822e-05,0.002,2000000,132,-0.7578125,1.284375,completed,-2.628045771212964,1.7869725684653677,9.97228058758482e-07,-3153.3636982019507,238.0743258215801,5800,success_index1,S_H,gradient_tolerance,,raw_state_verified,run.py:numpy-batch
HiSD,7.943282347242822e-05,0.002,2000000,102,-0.7390625000000001,1.265625,completed,-2.6280457712194734,1.7869725684611835,9.990843683143093e-07,-3153.3636981993677,238.07432582888106,5802,success_index1,S_H,gradient_tolerance,,raw_state_verified,run.py:numpy-batch
HiSD,7.943282347242822e-05,0.002,2000000,43,-0.6921875000000001,1.228125,completed,-2.62804577125459,1.786972568531481,9.972280917894304e-07,-3153.363698194525,238.07432591672782,5811,success_index1,S_H,gradient_tolerance,,raw_state_verified,run.py:numpy-batch
HiSD,7.943282347242822e-05,0.002,2000000,14,-0.6640625,1.2093749999999999,completed,-2.6280457712627525,1.7869725685264481,9.995284709837092e-07,-3153.3636981913055,238.0743259259943,5813,success_index1,S_H,gradient_tolerance,,raw_state_verified,run.py:numpy-batch
HiSD,7.943282347242822e-05,0.002,2000000,193,-0.7859375000000001,1.321875,completed,-2.628045771222552,1.7869725684592046,9.99962349706169e-07,-3153.3636981981444,238.07432583233418,5816,success_index1,S_H,gradient_tolerance,,raw_state_verified,run.py:numpy-batch
HiSD,7.943282347242822e-05,0.002,2000000,25,-0.5609375000000001,1.2093749999999999,completed,-2.628045771257344,1.7869725685297835,9.980042832469488e-07,-3153.3636981934396,238.07432591985423,5819,success_index1,S_H,gradient_tolerance,,raw_state_verified,run.py:numpy-batch
HiSD,7.943282347242822e-05,0.002,2000000,60,-0.5328125000000001,1.228125,completed,-2.6280457712129346,1.7869725684653868,9.972196119886207e-07,-3153.3636982019625,238.07432582154684,5830,success_index1,S_H,gradient_tolerance,,raw_state_verified,run.py:numpy-batch
HiSD,7.943282347242822e-05,0.002,2000000,73,-0.7109375,1.246875,completed,-2.628045771254841,1.7869725685313262,9.972988637455243e-07,-3153.363698194425,238.0743259170127,5833,success_index1,S_H,gradient_tolerance,,raw_state_verified,run.py:numpy-batch
HiSD,7.943282347242822e-05,0.002,2000000,95,-0.5046875000000001,1.246875,completed,-2.6280457712553864,1.78697256853099,9.974525042361499e-07,-3153.363698194211,238.0743259176319,5834,success_index1,S_H,gradient_tolerance,,raw_state_verified,run.py:numpy-batch
HiSD,7.943282347242822e-05,0.002,2000000,163,-0.7671875,1.3031249999999999,completed,-2.628045771216978,1.7869725684627875,9.98372689969489e-07,-3153.3636982003572,238.07432582608217,5836,success_index1,S_H,gradient_tolerance,,raw_state_verified,run.py:numpy-batch
HiSD,7.943282347242822e-05,0.002,2000000,103,-0.7296875,1.265625,completed,-2.6280457712596568,1.7869725685283573,9.986561222152024e-07,-3153.363698192526,238.07432592247997,5849,success_index1,S_H,gradient_tolerance,,raw_state_verified,run.py:numpy-batch
HiSD,7.943282347242822e-05,0.002,2000000,133,-0.7484375000000001,1.284375,completed,-2.628045771256527,1.786972568530287,9.977739149214486e-07,-3153.3636981937607,238.07432591892615,5849,success_index1,S_H,gradient_tolerance,,raw_state_verified,run.py:numpy-batch
HiSD,7.943282347242822e-05,0.002,2000000,15,-0.6546875000000001,1.2093749999999999,completed,-2.6280457712613914,1.7869725685272886,9.991450642671716e-07,-3153.3636981918426,238.0743259244497,5851,success_index1,S_H,gradient_tolerance,,raw_state_verified,run.py:numpy-batch
HiSD,7.943282347242822e-05,0.002,2000000,44,-0.6828125,1.228125,completed,-2.628045771261599,1.786972568527159,9.992034291305957e-07,-3153.36369819176,238.07432592468535,5855,success_index1,S_H,gradient_tolerance,,raw_state_verified,run.py:numpy-batch
HiSD,7.943282347242822e-05,0.002,2000000,224,-0.7953125000000001,1.340625,completed,-2.6280457712644116,1.786972568525426,9.99996239755456e-07,-3153.363698190651,238.0743259278784,5879,success_index1,S_H,gradient_tolerance,,raw_state_verified,run.py:numpy-batch
HiSD,7.943282347242822e-05,0.002,2000000,194,-0.7765625,1.321875,completed,-2.628045771256309,1.7869725685304212,9.977124286515364e-07,-3153.363698193848,238.07432591867885,5901,success_index1,S_H,gradient_tolerance,,raw_state_verified,run.py:numpy-batch
HiSD,7.943282347242822e-05,0.002,2000000,74,-0.7015625000000001,1.246875,completed,-2.628045771211702,1.786972568466179,9.968680881255892e-07,-3153.3636982024523,238.07432582016344,5912,success_index1,S_H,gradient_tolerance,,raw_state_verified,run.py:numpy-batch
HiSD,7.943282347242822e-05,0.002,2000000,16,-0.6453125000000001,1.2093749999999999,completed,-2.628045771255262,1.7869725685310667,9.974174738412337e-07,-3153.363698194259,238.07432591749077,5927,success_index1,S_H,gradient_tolerance,,raw_state_verified,run.py:numpy-batch
HiSD,7.943282347242822e-05,0.002,2000000,164,-0.7578125,1.3031249999999999,completed,-2.6280457712154432,1.7869725684637743,9.979350002801408e-07,-3153.3636982009666,238.07432582436064,5978,success_index1,S_H,gradient_tolerance,,raw_state_verified,run.py:numpy-batch
HiSD,7.943282347242822e-05,0.002,2000000,45,-0.6734375,1.228125,completed,-2.628045771257655,1.7869725685295916,9.980918316820535e-07,-3153.363698193315,238.07432592020658,5989,success_index1,S_H,gradient_tolerance,,raw_state_verified,run.py:numpy-batch
HiSD,7.943282347242822e-05,0.002,2000000,104,-0.7203125,1.265625,completed,-2.6280457712544023,1.7869725685315967,9.971751121729623e-07,-3153.3636981945983,238.07432591651386,6017,success_index1,S_H,gradient_tolerance,,raw_state_verified,run.py:numpy-batch
HiSD,7.943282347242822e-05,0.002,2000000,134,-0.7390625000000001,1.284375,completed,-2.6280457712574203,1.786972568529736,9.980256969933603e-07,-3153.3636981934087,238.07432591994058,6095,success_index1,S_H,gradient_tolerance,,raw_state_verified,run.py:numpy-batch
HiSD,7.943282347242822e-05,0.002,2000000,507,-0.5421875,1.4906249999999999,completed,-2.6280457641711705,1.7869725728988437,9.991275591602606e-07,-3153.363700988257,238.07431787434666,7780,success_index1,S_H,gradient_tolerance,,raw_state_verified,run.py:numpy-batch
HiSD,7.943282347242822e-05,0.002,2000000,508,-0.5328125000000001,1.4906249999999999,completed,-2.628045764172809,1.7869725728978338,9.986655962875012e-07,-3153.36370098761,238.07431787620803,7780,success_index1,S_H,gradient_tolerance,,raw_state_verified,run.py:numpy-batch
HiSD,7.943282347242822e-05,0.002,2000000,509,-0.5234375,1.4906249999999999,completed,-2.628045764173316,1.7869725728975208,9.985229187960532e-07,-3153.363700987411,238.07431787678303,7780,success_index1,S_H,gradient_tolerance,,raw_state_verified,run.py:numpy-batch
HiSD,7.943282347242822e-05,0.002,2000000,510,-0.5140625000000001,1.4906249999999999,completed,-2.6280457641741544,1.7869725728970038,9.982867011054187e-07,-3153.363700987081,238.07431787773476,7780,success_index1,S_H,gradient_tolerance,,raw_state_verified,run.py:numpy-batch
HiSD,7.943282347242822e-05,0.002,2000000,511,-0.5046875000000001,1.4906249999999999,completed,-2.6280457641762744,1.7869725728956976,9.97688951684086e-07,-3153.363700986244,238.07431788014236,7780,success_index1,S_H,gradient_tolerance,,raw_state_verified,run.py:numpy-batch
HiSD,7.943282347242822e-05,0.002,2000000,505,-0.5609375000000001,1.4906249999999999,completed,-2.6280457642151642,1.7869725729636128,9.98475045652878e-07,-3153.36370097991,238.07431797224373,7781,success_index1,S_H,gradient_tolerance,,raw_state_verified,run.py:numpy-batch
HiSD,7.943282347242822e-05,0.002,2000000,506,-0.5515625000000001,1.4906249999999999,completed,-2.628045764220765,1.7869725729600119,9.968773925395052e-07,-3153.363700977686,238.07431797852632,7781,success_index1,S_H,gradient_tolerance,,raw_state_verified,run.py:numpy-batch
HiSD,7.943282347242822e-05,0.002,2000000,478,-0.5140625000000001,1.4718749999999998,completed,-2.6280457641703245,1.7869725728993657,9.993659018094768e-07,-3153.363700988591,238.07431787338703,7782,success_index1,S_H,gradient_tolerance,,raw_state_verified,run.py:numpy-batch
HiSD,7.943282347242822e-05,0.002,2000000,479,-0.5046875000000001,1.4718749999999998,completed,-2.6280457641727764,1.786972572897854,9.986748444788295e-07,-3153.363700987623,238.07431787617148,7782,success_index1,S_H,gradient_tolerance,,raw_state_verified,run.py:numpy-batch
HiSD,7.943282347242822e-05,0.002,2000000,499,-0.6171875,1.4906249999999999,completed,-2.6280457641689168,1.786972572900233,9.997627623798483e-07,-3153.3637009891454,238.07431787178882,7782,success_index1,S_H,gradient_tolerance,,raw_state_verified,run.py:numpy-batch
HiSD,7.943282347242822e-05,0.002,2000000,500,-0.6078125000000001,1.4906249999999999,completed,-2.628045764171922,1.7869725728983807,9.98915694339955e-07,-3153.363700987961,238.07431787520085,7782,success_index1,S_H,gradient_tolerance,,raw_state_verified,run.py:numpy-batch
HiSD,7.943282347242822e-05,0.002,2000000,501,-0.5984375000000001,1.4906249999999999,completed,-2.6280457641730544,1.7869725728976826,9.985964847430647e-07,-3153.363700987513,238.0743178764869,7782,success_index1,S_H,gradient_tolerance,,raw_state_verified,run.py:numpy-batch
HiSD,7.943282347242822e-05,0.002,2000000,502,-0.5890625,1.4906249999999999,completed,-2.6280457641736152,1.786972572897337,9.984384781833783e-07,-3153.3637009872937,238.07431787712363,7782,success_index1,S_H,gradient_tolerance,,raw_state_verified,run.py:numpy-batch
HiSD,7.943282347242822e-05,0.002,2000000,503,-0.5796875,1.4906249999999999,completed,-2.628045764175419,1.786972572896224,9.979301538999363e-07,-3153.363700986582,238.0743178791713,7782,success_index1,S_H,gradient_tolerance,,raw_state_verified,run.py:numpy-batch
HiSD,7.943282347242822e-05,0.002,2000000,504,-0.5703125,1.4906249999999999,completed,-2.6280457641794897,1.7869725728937154,9.967827904642536e-07,-3153.3637009849763,238.07431788379344,7782,success_index1,S_H,gradient_tolerance,,raw_state_verified,run.py:numpy-batch
HiSD,7.943282347242822e-05,0.002,2000000,476,-0.5328125000000001,1.4718749999999998,completed,-2.6280457642110053,1.786972572966286,9.996609631322656e-07,-3153.36370098156,238.07431796757865,7783,success_index1,S_H,gradient_tolerance,,raw_state_verified,run.py:numpy-batch
HiSD,7.943282347242822e-05,0.002,2000000,477,-0.5234375,1.4718749999999998,completed,-2.628045764218144,1.7869725729616963,9.976246190749245e-07,-3153.3637009787262,238.07431797558525,7783,success_index1,S_H,gradient_tolerance,,raw_state_verified,run.py:numpy-batch
HiSD,7.943282347242822e-05,0.002,2000000,497,-0.6359375,1.4906249999999999,completed,-2.628045764212484,1.7869725729653347,9.99238952312044e-07,-3153.3637009809727,238.07431796923706,7783,success_index1,S_H,gradient_tolerance,,raw_state_verified,run.py:numpy-batch
HiSD,7.943282347242822e-05,0.002,2000000,498,-0.6265625,1.4906249999999999,completed,-2.6280457642176507,1.7869725729620143,9.9776559002377e-07,-3153.363700978921,238.07431797503233,7783,success_index1,S_H,gradient_tolerance,,raw_state_verified,run.py:numpy-batch
HiSD,7.943282347242822e-05,0.002,2000000,413,-0.5234375,1.434375,completed,-2.628045764217915,1.7869725729618442,9.976902851865364e-07,-3153.363700978817,238.07431797532834,7784,success_index1,S_H,gradient_tolerance,,raw_state_verified,run.py:numpy-batch
HiSD,7.943282347242822e-05,0.002,2000000,414,-0.5140625000000001,1.434375,completed,-2.6280457642195474,1.7869725729607948,9.972246767454268e-07,-3153.3637009781696,238.07431797715967,7784,success_index1,S_H,gradient_tolerance,,raw_state_verified,run.py:numpy-batch
HiSD,7.943282347242822e-05,0.002,2000000,415,-0.5046875000000001,1.434375,completed,-2.6280457642208597,1.7869725729599515,9.968504955081535e-07,-3153.3637009776476,238.07431797863163,7784,success_index1,S_H,gradient_tolerance,,raw_state_verified,run.py:numpy-batch
HiSD,7.943282347242822e-05,0.002,2000000,446,-0.5140625000000001,1.453125,completed,-2.628045764169751,1.7869725728997188,9.995275852960174e-07,-3153.3637009888166,238.07431787273552,7784,success_index1,S_H,gradient_tolerance,,raw_state_verified,run.py:numpy-batch
HiSD,7.943282347242822e-05,0.002,2000000,447,-0.5046875000000001,1.453125,completed,-2.628045764177487,1.7869725728949497,9.973473321005838e-07,-3153.3637009857657,238.07431788151953,7784,success_index1,S_H,gradient_tolerance,,raw_state_verified,run.py:numpy-batch
HiSD,7.943282347242822e-05,0.002,2000000,472,-0.5703125,1.4718749999999998,completed,-2.6280457641684576,1.7869725729005166,9.998921230853522e-07,-3153.363700989328,238.07431787126723,7784,success_index1,S_H,gradient_tolerance,,raw_state_verified,run.py:numpy-batch
HiSD,7.943282347242822e-05,0.002,2000000,473,-0.5609375000000001,1.4718749999999998,completed,-2.6280457641725268,1.7869725728980077,9.987452418750396e-07,-3153.363700987721,238.07431787588735,7784,success_index1,S_H,gradient_tolerance,,raw_state_verified,run.py:numpy-batch
HiSD,7.943282347242822e-05,0.002,2000000,474,-0.5515625000000001,1.4718749999999998,completed,-2.628045764173424,1.7869725728974546,9.984924971714946e-07,-3153.3637009873673,238.07431787690626,7784,success_index1,S_H,gradient_tolerance,,raw_state_verified,run.py:numpy-batch
HiSD,7.943282347242822e-05,0.002,2000000,475,-0.5421875,1.4718749999999998,completed,-2.628045764175569,1.7869725728961323,9.978879266573857e-07,-3153.3637009865224,238.07431787934118,7784,success_index1,S_H,gradient_tolerance,,raw_state_verified,run.py:numpy-batch
HiSD,7.943282347242822e-05,0.002,2000000,493,-0.6734375,1.4906249999999999,completed,-2.628045764172471,1.7869725728980426,9.987609442236468e-07,-3153.363700987744,238.07431787582365,7784,success_index1,S_H,gradient_tolerance,,raw_state_verified,run.py:numpy-batch
HiSD,7.943282347242822e-05,0.002,2000000,494,-0.6640625,1.4906249999999999,completed,-2.6280457641734323,1.7869725728974493,9.984900912226303e-07,-3153.3637009873655,238.07431787691542,7784,success_index1,S_H,gradient_tolerance,,raw_state_verified,run.py:numpy-batch
HiSD,7.943282347242822e-05,0.002,2000000,495,-0.6546875000000001,1.4906249999999999,completed,-2.6280457641749493,1.7869725728965142,9.980625177221135e-07,-3153.363700986768,238.0743178786379,7784,success_index1,S_H,gradient_tolerance,,raw_state_verified,run.py:numpy-batch
HiSD,7.943282347242822e-05,0.002,2000000,496,-0.6453125000000001,1.4906249999999999,completed,-2.628045764178073,1.7869725728945884,9.971820317074054e-07,-3153.3637009855347,238.07431788218472,7784,success_index1,S_H,gradient_tolerance,,raw_state_verified,run.py:numpy-batch
HiSD,7.943282347242822e-05,0.002,2000000,471,-0.5796875,1.4718749999999998,completed,-2.6280457642136907,1.7869725729645596,9.988950305399687e-07,-3153.3637009804943,238.07431797059047,7785,success_index1,S_H,gradient_tolerance,,raw_state_verified,run.py:numpy-batch
HiSD,7.943282347242822e-05,0.002,2000000,492,-0.6828125,1.4906249999999999,completed,-2.6280457642196717,1.7869725729607147,9.971891233579119e-07,-3153.3637009781205,238.07431797729822,7785,success_index1,S_H,gradient_tolerance,,raw_state_verified,run.py:numpy-batch
HiSD,7.943282347242822e-05,0.002,2000000,383,-0.5046875000000001,1.415625,completed,-2.628045764212553,1.7869725729652908,9.992194159597418e-07,-3153.363700980946,238.07431796931434,7786,success_index1,S_H,gradient_tolerance,,raw_state_verified,run.py:numpy-batch
HiSD,7.943282347242822e-05,0.002,2000000,412,-0.5328125000000001,1.434375,completed,-2.6280457642120156,1.7869725729656358,9.993724808651104e-07,-3153.363700981159,238.07431796871143,7786,success_index1,S_H,gradient_tolerance,,raw_state_verified,run.py:numpy-batch
HiSD,7.943282347242822e-05,0.002,2000000,443,-0.5421875,1.453125,completed,-2.628045764169001,1.7869725729001815,9.997389007866048e-07,-3153.363700989113,238.0743178718849,7786,success_index1,S_H,gradient_tolerance,,raw_state_verified,run.py:numpy-batch
HiSD,7.943282347242822e-05,0.002,2000000,444,-0.5328125000000001,1.453125,completed,-2.6280457641731347,1.786972572897633,9.985739680086809e-07,-3153.363700987483,238.07431787657703,7786,success_index1,S_H,gradient_tolerance,,raw_state_verified,run.py:numpy-batch
HiSD,7.943282347242822e-05,0.002,2000000,445,-0.5234375,1.453125,completed,-2.6280457641772026,1.7869725728951256,9.97427286105527e-07,-3153.3637009858785,238.074317881197,7786,success_index1,S_H,gradient_tolerance,,raw_state_verified,run.py:numpy-batch
HiSD,7.943282347242822e-05,0.002,2000000,468,-0.6078125000000001,1.4718749999999998,completed,-2.628045764172106,1.7869725728982675,9.988638343345553e-07,-3153.363700987888,238.07431787540963,7786,success_index1,S_H,gradient_tolerance,,raw_state_verified,run.py:numpy-batch
HiSD,7.943282347242822e-05,0.002,2000000,469,-0.5984375000000001,1.4718749999999998,completed,-2.6280457641734043,1.7869725728974666,9.984979715877689e-07,-3153.3637009873764,238.0743178768837,7786,success_index1,S_H,gradient_tolerance,,raw_state_verified,run.py:numpy-batch
HiSD,7.943282347242822e-05,0.002,2000000,470,-0.5890625,1.4718749999999998,completed,-2.6280457641762442,1.786972572895716,9.976974755991096e-07,-3153.363700986256,238.07431788010842,7786,success_index1,S_H,gradient_tolerance,,raw_state_verified,run.py:numpy-batch
HiSD,7.943282347242822e-05,0.002,2000000,489,-0.7109375,1.4906249999999999,completed,-2.628045764170913,1.7869725728990025,9.992001012620391e-07,-3153.363700988358,238.07431787405542,7786,success_index1,S_H,gradient_tolerance,,raw_state_verified,run.py:numpy-batch
HiSD,7.943282347242822e-05,0.002,2000000,490,-0.7015625000000001,1.4906249999999999,completed,-2.628045764174179,1.7869725728969894,9.982795851062988e-07,-3153.363700987071,238.07431787776324,7786,success_index1,S_H,gradient_tolerance,,raw_state_verified,run.py:numpy-batch
HiSD,7.943282347242822e-05,0.002,2000000,491,-0.6921875000000001,1.4906249999999999,completed,-2.6280457641783976,1.786972572894388,9.970907156496491e-07,-3153.3637009854065,238.07431788255295,7786,success_index1,S_H,gradient_tolerance,,raw_state_verified,run.py:numpy-batch
HiSD,7.943282347242822e-05,0.002,2000000,381,-0.5234375,1.415625,completed,-2.6280457641690522,1.7869725729001502,9.997244946220456e-07,-3153.363700989093,238.07431787194253,7787,success_index1,S_H,gradient_tolerance,,raw_state_verified,run.py:numpy-batch
HiSD,7.943282347242822e-05,0.002,2000000,382,-0.5140625000000001,1.415625,completed,-2.6280457641734563,1.7869725728974346,9.98483355840571e-07,-3153.3637009873564,238.07431787694244,7787,success_index1,S_H,gradient_tolerance,,raw_state_verified,run.py:numpy-batch
HiSD,7.943282347242822e-05,0.002,2000000,442,-0.5515625000000001,1.453125,completed,-2.6280457642115542,1.7869725729659331,9.995043223546643e-07,-3153.363700981342,238.07431796819455,7787,success_index1,S_H,gradient_tolerance,,raw_state_verified,run.py:numpy-batch
HiSD,7.943282347242822e-05,0.002,2000000,467,-0.6171875,1.4718749999999998,completed,-2.6280457642193937,1.786972572960894,9.972688063220833e-07,-3153.3637009782306,238.07431797698789,7787,success_index1,S_H,gradient_tolerance,,raw_state_verified,run.py:numpy-batch
HiSD,7.943282347242822e-05,0.002,2000000,488,-0.7203125,1.4906249999999999,completed,-2.6280457641747743,1.7869725728966221,9.981118048026036e-07,-3153.363700986836,238.0743178784395,7787,success_index1,S_H,gradient_tolerance,,raw_state_verified,run.py:numpy-batch
HiSD,7.943282347242822e-05,0.002,2000000,351,-0.5046875000000001,1.3968749999999999,completed,-2.628045764213114,1.7869725729649304,9.990594679413155e-07,-3153.3637009807226,238.0743179699432,7788,success_index1,S_H,gradient_tolerance,,raw_state_verified,run.py:numpy-batch
HiSD,7.943282347242822e-05,0.002,2000000,411,-0.5421875,1.434375,completed,-2.628045764171752,1.7869725728984855,9.989636510892598e-07,-3153.3637009880285,238.07431787500775,7788,success_index1,S_H,gradient_tolerance,,raw_state_verified,run.py:numpy-batch
HiSD,7.943282347242822e-05,0.002,2000000,440,-0.5703125,1.453125,completed,-2.628045764172669,1.7869725728979198,9.98705211249506e-07,-3153.3637009876657,238.07431787604855,7788,success_index1,S_H,gradient_tolerance,,raw_state_verified,run.py:numpy-batch
HiSD,7.943282347242822e-05,0.002,2000000,441,-0.5609375000000001,1.453125,completed,-2.628045764174229,1.7869725728969583,9.982654906621674e-07,-3153.3637009870517,238.07431787782045,7788,success_index1,S_H,gradient_tolerance,,raw_state_verified,run.py:numpy-batch
HiSD,7.943282347242822e-05,0.002,2000000,463,-0.6546875000000001,1.4718749999999998,completed,-2.6280457641683905,1.7869725729005577,9.9991110493012e-07,-3153.3637009893528,238.07431787119094,7788,success_index1,S_H,gradient_tolerance,,raw_state_verified,run.py:numpy-batch
HiSD,7.943282347242822e-05,0.002,2000000,464,-0.6453125000000001,1.4718749999999998,completed,-2.628045764172885,1.786972572897787,9.986442373950116e-07,-3153.3637009875806,238.07431787629395,7788,success_index1,S_H,gradient_tolerance,,raw_state_verified,run.py:numpy-batch
HiSD,7.943282347242822e-05,0.002,2000000,465,-0.6359375,1.4718749999999998,completed,-2.628045764174152,1.7869725728970058,9.982870795241316e-07,-3153.363700987081,238.07431787773285,7788,success_index1,S_H,gradient_tolerance,,raw_state_verified,run.py:numpy-batch
HiSD,7.943282347242822e-05,0.002,2000000,466,-0.6265625,1.4718749999999998,completed,-2.6280457641798627,1.7869725728934847,9.966777820316953e-07,-3153.363700984829,238.07431788421624,7788,success_index1,S_H,gradient_tolerance,,raw_state_verified,run.py:numpy-batch
HiSD,7.943282347242822e-05,0.002,2000000,350,-0.5140625000000001,1.3968749999999999,completed,-2.628045764173342,1.786972572897505,9.985155091018744e-07,-3153.3637009874,238.0743178768135,7789,success_index1,S_H,gradient_tolerance,,raw_state_verified,run.py:numpy-batch
HiSD,7.943282347242822e-05,0.002,2000000,378,-0.5515625000000001,1.415625,completed,-2.6280457641717683,1.7869725728984758,9.989589797987754e-07,-3153.3637009880213,238.07431787502648,7789,success_index1,S_H,gradient_tolerance,,raw_state_verified,run.py:numpy-batch
HiSD,7.943282347242822e-05,0.002,2000000,379,-0.5421875,1.415625,completed,-2.6280457641733874,1.7869725728974775,9.98502598981504e-07,-3153.363700987382,238.07431787686457,7789,success_index1,S_H,gradient_tolerance,,raw_state_verified,run.py:numpy-batch
HiSD,7.943282347242822e-05,0.002,2000000,380,-0.5328125000000001,1.415625,completed,-2.6280457641787702,1.7869725728941581,9.969856993161451e-07,-3153.36370098526,238.07431788297595,7789,success_index1,S_H,gradient_tolerance,,raw_state_verified,run.py:numpy-batch
HiSD,7.943282347242822e-05,0.002,2000000,410,-0.5515625000000001,1.434375,completed,-2.628045764219997,1.7869725729605057,9.97096501151622e-07,-3153.3637009779914,238.07431797766364,7789,success_index1,S_H,gradient_tolerance,,raw_state_verified,run.py:numpy-batch
HiSD,7.943282347242822e-05,0.002,2000000,439,-0.5796875,1.453125,completed,-2.6280457642193404,1.7869725729609278,9.97283607263875e-07,-3153.3637009782515,238.07431797692797,7789,success_index1,S_H,gradient_tolerance,,raw_state_verified,run.py:numpy-batch
HiSD,7.943282347242822e-05,0.002,2000000,462,-0.6640625,1.4718749999999998,completed,-2.6280457642109694,1.7869725729663093,9.996713919449364e-07,-3153.3637009815748,238.07431796753863,7789,success_index1,S_H,gradient_tolerance,,raw_state_verified,run.py:numpy-batch
HiSD,7.943282347242822e-05,0.002,2000000,487,-0.7296875,1.4906249999999999,completed,-2.628045764174127,1.7869725728970212,9.982943149912303e-07,-3153.363700987092,238.07431787770378,7789,success_index1,S_H,gradient_tolerance,,raw_state_verified,run.py:numpy-batch
HiSD,7.943282347242822e-05,0.002,2000000,349,-0.5234375,1.3968749999999999,completed,-2.6280457642183905,1.7869725729615387,9.975547677261462e-07,-3153.363700978627,238.0743179758621,7790,success_index1,S_H,gradient_tolerance,,raw_state_verified,run.py:numpy-batch
HiSD,7.943282347242822e-05,0.002,2000000,377,-0.5609375000000001,1.415625,completed,-2.6280457642194928,1.7869725729608301,9.972403972192514e-07,-3153.3637009781905,238.07431797709856,7790,success_index1,S_H,gradient_tolerance,,raw_state_verified,run.py:numpy-batch
HiSD,7.943282347242822e-05,0.002,2000000,409,-0.5609375000000001,1.434375,completed,-2.628045764173127,1.786972572897638,9.985759827325327e-07,-3153.3637009874847,238.0743178765694,7790,success_index1,S_H,gradient_tolerance,,raw_state_verified,run.py:numpy-batch
HiSD,7.943282347242822e-05,0.002,2000000,436,-0.6078125000000001,1.453125,completed,-2.6280457641693324,1.7869725728999772,9.996454918488844e-07,-3153.3637009889817,238.07431787226074,7790,success_index1,S_H,gradient_tolerance,,raw_state_verified,run.py:numpy-batch
HiSD,7.943282347242822e-05,0.002,2000000,437,-0.5984375000000001,1.453125,completed,-2.628045764173271,1.7869725728975487,9.985355035427588e-07,-3153.3637009874274,238.07431787673244,7790,success_index1,S_H,gradient_tolerance,,raw_state_verified,run.py:numpy-batch
HiSD,7.943282347242822e-05,0.002,2000000,438,-0.5890625,1.453125,completed,-2.6280457641776773,1.7869725728948318,9.972936818403478e-07,-3153.363700985691,238.07431788173557,7790,success_index1,S_H,gradient_tolerance,,raw_state_verified,run.py:numpy-batch
HiSD,7.943282347242822e-05,0.002,2000000,460,-0.6828125,1.4718749999999998,completed,-2.6280457641705497,1.7869725728992267,9.99302408189412e-07,-3153.3637009885015,238.07431787364297,7790,success_index1,S_H,gradient_tolerance,,raw_state_verified,run.py:numpy-batch
HiSD,7.943282347242822e-05,0.002,2000000,461,-0.6734375,1.4718749999999998,completed,-2.628045764173773,1.7869725728972399,9.983939549924915e-07,-3153.36370098723,238.0743178773024,7790,success_index1,S_H,gradient_tolerance,,raw_state_verified,run.py:numpy-batch
HiSD,7.943282347242822e-05,0.002,2000000,486,-0.7390625000000001,1.4906249999999999,completed,-2.6280457642182866,1.786972572961605,9.97584093377783e-07,-3153.363700978669,238.074317975746,7790,success_index1,S_H,gradient_tolerance,,raw_state_verified,run.py:numpy-batch
HiSD,7.943282347242822e-05,0.002,2000000,318,-0.5140625000000001,1.378125,completed,-2.6280457641703214,1.7869725728993673,9.993668437084901e-07,-3153.3637009885915,238.07431787338368,7791,success_index1,S_H,gradient_tolerance,,raw_state_verified,run.py:numpy-batch
HiSD,7.943282347242822e-05,0.002,2000000,319,-0.5046875000000001,1.378125,completed,-2.628045764174189,1.786972572896983,9.982768050983662e-07,-3153.363700987068,238.07431787777435,7791,success_index1,S_H,gradient_tolerance,,raw_state_verified,run.py:numpy-batch
HiSD,7.943282347242822e-05,0.002,2000000,348,-0.5328125000000001,1.3968749999999999,completed,-2.6280457641736725,1.7869725728973016,9.98422288748361e-07,-3153.36370098727,238.0743178771882,7791,success_index1,S_H,gradient_tolerance,,raw_state_verified,run.py:numpy-batch
HiSD,7.943282347242822e-05,0.002,2000000,376,-0.5703125,1.415625,completed,-2.6280457641772466,1.786972572895098,9.97415020187755e-07,-3153.3637009858603,238.07431788124558,7791,success_index1,S_H,gradient_tolerance,,raw_state_verified,run.py:numpy-batch
HiSD,7.943282347242822e-05,0.002,2000000,408,-0.5703125,1.434375,completed,-2.6280457642103823,1.7869725729666857,9.99838248974975e-07,-3153.3637009818076,238.07431796687905,7791,success_index1,S_H,gradient_tolerance,,raw_state_verified,run.py:numpy-batch
HiSD,7.943282347242822e-05,0.002,2000000,482,-0.7765625,1.4906249999999999,completed,-2.6280457641705337,1.786972572899237,9.993069523447351e-07,-3153.3637009885083,238.07431787362455,7791,success_index1,S_H,gradient_tolerance,,raw_state_verified,run.py:numpy-batch
HiSD,7.943282347242822e-05,0.002,2000000,483,-0.7671875,1.4906249999999999,completed,-2.6280457641734127,1.786972572897462,9.98495458640719e-07,-3153.363700987373,238.07431787689367,7791,success_index1,S_H,gradient_tolerance,,raw_state_verified,run.py:numpy-batch
HiSD,7.943282347242822e-05,0.002,2000000,484,-0.7578125,1.4906249999999999,completed,-2.62804576417373,1.786972572897266,9.984062409330384e-07,-3153.363700987248,238.074317877253,7791,success_index1,S_H,gradient_tolerance,,raw_state_verified,run.py:numpy-batch
HiSD,7.943282347242822e-05,0.002,2000000,485,-0.7484375000000001,1.4906249999999999,completed,-2.6280457641760733,1.7869725728958215,9.977456368197101e-07,-3153.3637009863232,238.07431787991462,7791,success_index1,S_H,gradient_tolerance,,raw_state_verified,run.py:numpy-batch
HiSD,7.943282347242822e-05,0.002,2000000,347,-0.5421875,1.3968749999999999,completed,-2.628045764218836,1.7869725729612524,9.974277008280544e-07,-3153.3637009784507,238.0743179763616,7792,success_index1,S_H,gradient_tolerance,,raw_state_verified,run.py:numpy-batch
HiSD,7.943282347242822e-05,0.002,2000000,407,-0.5796875,1.434375,completed,-2.6280457641727235,1.7869725728978867,9.986897369520474e-07,-3153.3637009876447,238.0743178761107,7792,success_index1,S_H,gradient_tolerance,,raw_state_verified,run.py:numpy-batch
HiSD,7.943282347242822e-05,0.002,2000000,433,-0.6359375,1.453125,completed,-2.6280457641688773,1.7869725729002586,9.99773627571971e-07,-3153.3637009891618,238.07431787174423,7792,success_index1,S_H,gradient_tolerance,,raw_state_verified,run.py:numpy-batch
HiSD,7.943282347242822e-05,0.002,2000000,434,-0.6265625,1.453125,completed,-2.6280457641733594,1.7869725728974948,9.985104797209147e-07,-3153.3637009873937,238.07431787683356,7792,success_index1,S_H,gradient_tolerance,,raw_state_verified,run.py:numpy-batch
HiSD,7.943282347242822e-05,0.002,2000000,435,-0.6171875,1.453125,completed,-2.6280457641797317,1.7869725728935655,9.967146634367463e-07,-3153.36370098488,238.07431788406745,7792,success_index1,S_H,gradient_tolerance,,raw_state_verified,run.py:numpy-batch
HiSD,7.943282347242822e-05,0.002,2000000,458,-0.7015625000000001,1.4718749999999998,completed,-2.6280457641713255,1.7869725728987487,9.990837272344442e-07,-3153.3637009881954,238.0743178745238,7792,success_index1,S_H,gradient_tolerance,,raw_state_verified,run.py:numpy-batch
HiSD,7.943282347242822e-05,0.002,2000000,459,-0.6921875000000001,1.4718749999999998,completed,-2.628045764177166,1.7869725728951473,9.974377173001217e-07,-3153.3637009858926,238.0743178811551,7792,success_index1,S_H,gradient_tolerance,,raw_state_verified,run.py:numpy-batch
HiSD,7.943282347242822e-05,0.002,2000000,316,-0.5328125000000001,1.378125,completed,-2.628045764171308,1.7869725728987587,9.990887855022331e-07,-3153.3637009882027,238.07431787450355,7793,success_index1,S_H,gradient_tolerance,,raw_state_verified,run.py:numpy-batch
HiSD,7.943282347242822e-05,0.002,2000000,317,-0.5234375,1.378125,completed,-2.628045764176715,1.786972572895425,9.97564977684013e-07,-3153.363700986071,238.07431788064227,7793,success_index1,S_H,gradient_tolerance,,raw_state_verified,run.py:numpy-batch
HiSD,7.943282347242822e-05,0.002,2000000,346,-0.5515625000000001,1.3968749999999999,completed,-2.62804576417352,1.7869725728973953,9.98465261638867e-07,-3153.36370098733,238.07431787701543,7793,success_index1,S_H,gradient_tolerance,,raw_state_verified,run.py:numpy-batch
HiSD,7.943282347242822e-05,0.002,2000000,375,-0.5796875,1.415625,completed,-2.628045764177132,1.7869725728951684,9.974473628263226e-07,-3153.363700985906,238.07431788111563,7793,success_index1,S_H,gradient_tolerance,,raw_state_verified,run.py:numpy-batch
HiSD,7.943282347242822e-05,0.002,2000000,406,-0.5890625,1.434375,completed,-2.628045764211647,1.786972572965873,9.994777084320064e-07,-3153.363700981306,238.0743179682981,7793,success_index1,S_H,gradient_tolerance,,raw_state_verified,run.py:numpy-batch
HiSD,7.943282347242822e-05,0.002,2000000,481,-0.7859375000000001,1.4906249999999999,completed,-2.6280457641726556,1.7869725728979282,9.987089826353239e-07,-3153.3637009876716,238.07431787603355,7793,success_index1,S_H,gradient_tolerance,,raw_state_verified,run.py:numpy-batch
HiSD,7.943282347242822e-05,0.002,2000000,287,-0.5046875000000001,1.359375,completed,-2.6280457642148516,1.7869725729638137,9.985640964815578e-07,-3153.363700980034,238.07431797189275,7794,success_index1,S_H,gradient_tolerance,,raw_state_verified,run.py:numpy-batch
HiSD,7.943282347242822e-05,0.002,2000000,345,-0.5609375000000001,1.3968749999999999,completed,-2.6280457642169854,1.786972572962442,9.979553910935185e-07,-3153.3637009791855,238.07431797428652,7794,success_index1,S_H,gradient_tolerance,,raw_state_verified,run.py:numpy-batch
HiSD,7.943282347242822e-05,0.002,2000000,405,-0.5984375000000001,1.434375,completed,-2.628045764173142,1.7869725728976291,9.985718396335244e-07,-3153.36370098748,238.07431787658587,7794,success_index1,S_H,gradient_tolerance,,raw_state_verified,run.py:numpy-batch
HiSD,7.943282347242822e-05,0.002,2000000,431,-0.6546875000000001,1.453125,completed,-2.6280457641730184,1.7869725728977044,9.98606725326157e-07,-3153.3637009875292,238.07431787644543,7794,success_index1,S_H,gradient_tolerance,,raw_state_verified,run.py:numpy-batch
HiSD,7.943282347242822e-05,0.002,2000000,432,-0.6453125000000001,1.453125,completed,-2.628045764177837,1.7869725728947334,9.972486215975661e-07,-3153.3637009856275,238.07431788191673,7794,success_index1,S_H,gradient_tolerance,,raw_state_verified,run.py:numpy-batch
HiSD,7.943282347242822e-05,0.002,2000000,456,-0.7203125,1.4718749999999998,completed,-2.628045764172927,1.7869725728977612,9.986324902673742e-07,-3153.363700987565,238.07431787634167,7794,success_index1,S_H,gradient_tolerance,,raw_state_verified,run.py:numpy-batch
HiSD,7.943282347242822e-05,0.002,2000000,457,-0.7109375,1.4718749999999998,completed,-2.628045764176694,1.7869725728954384,9.975708158001006e-07,-3153.363700986079,238.07431788061905,7794,success_index1,S_H,gradient_tolerance,,raw_state_verified,run.py:numpy-batch
HiSD,7.943282347242822e-05,0.002,2000000,480,-0.7953125000000001,1.4906249999999999,completed,-2.628045764173978,1.786972572897113,9.98336161632662e-07,-3153.36370098715,238.07431787753532,7794,success_index1,S_H,gradient_tolerance,,raw_state_verified,run.py:numpy-batch
HiSD,7.943282347242822e-05,0.002,2000000,286,-0.5140625000000001,1.359375,completed,-2.6280457641735113,1.7869725728974004,9.984678504514958e-07,-3153.3637009873346,238.0743178770053,7795,success_index1,S_H,gradient_tolerance,,raw_state_verified,run.py:numpy-batch
HiSD,7.943282347242822e-05,0.002,2000000,315,-0.5421875,1.378125,completed,-2.628045764175578,1.7869725728961265,9.978853512323167e-07,-3153.3637009865197,238.07431787935153,7795,success_index1,S_H,gradient_tolerance,,raw_state_verified,run.py:numpy-batch
HiSD,7.943282347242822e-05,0.002,2000000,344,-0.5703125,1.3968749999999999,completed,-2.6280457641733017,1.7869725728975303,9.98526743895301e-07,-3153.363700987417,238.07431787676728,7795,success_index1,S_H,gradient_tolerance,,raw_state_verified,run.py:numpy-batch
HiSD,7.943282347242822e-05,0.002,2000000,404,-0.6078125000000001,1.434375,completed,-2.628045764215832,1.7869725729631836,9.982844520994395e-07,-3153.363700979644,238.07431797299267,7795,success_index1,S_H,gradient_tolerance,,raw_state_verified,run.py:numpy-batch
HiSD,7.943282347242822e-05,0.002,2000000,430,-0.6640625,1.453125,completed,-2.6280457642164494,1.7869725729627866,9.981084453993227e-07,-3153.3637009793997,238.0743179736849,7795,success_index1,S_H,gradient_tolerance,,raw_state_verified,run.py:numpy-batch
HiSD,7.943282347242822e-05,0.002,2000000,455,-0.7296875,1.4718749999999998,completed,-2.628045764178307,1.7869725728944441,9.97116146137389e-07,-3153.3637009854424,238.07431788245006,7795,success_index1,S_H,gradient_tolerance,,raw_state_verified,run.py:numpy-batch
HiSD,7.943282347242822e-05,0.002,2000000,285,-0.5234375,1.359375,completed,-2.628045764219124,1.7869725729610673,9.97345591513891e-07,-3153.363700978337,238.07431797668548,7796,success_index1,S_H,gradient_tolerance,,raw_state_verified,run.py:numpy-batch
HiSD,7.943282347242822e-05,0.002,2000000,314,-0.5515625000000001,1.378125,completed,-2.6280457642207478,1.7869725729600232,9.968823465941196e-07,-3153.363700977692,238.07431797850586,7796,success_index1,S_H,gradient_tolerance,,raw_state_verified,run.py:numpy-batch
HiSD,7.943282347242822e-05,0.002,2000000,343,-0.5796875,1.3968749999999999,completed,-2.6280457642151362,1.7869725729636303,9.984826410372314e-07,-3153.3637009799204,238.07431797221187,7796,success_index1,S_H,gradient_tolerance,,raw_state_verified,run.py:numpy-batch
HiSD,7.943282347242822e-05,0.002,2000000,403,-0.6171875,1.434375,completed,-2.6280457641734647,1.7869725728974295,9.984809198970197e-07,-3153.363700987351,238.07431787695268,7796,success_index1,S_H,gradient_tolerance,,raw_state_verified,run.py:numpy-batch
HiSD,7.943282347242822e-05,0.002,2000000,429,-0.6734375,1.453125,completed,-2.6280457641736774,1.7869725728972987,9.984209417943715e-07,-3153.363700987269,238.07431787719423,7796,success_index1,S_H,gradient_tolerance,,raw_state_verified,run.py:numpy-batch
HiSD,7.943282347242822e-05,0.002,2000000,284,-0.5328125000000001,1.359375,completed,-2.6280457641735597,1.786972572897371,9.98454098307322e-07,-3153.3637009873146,238.07431787706076,7797,success_index1,S_H,gradient_tolerance,,raw_state_verified,run.py:numpy-batch
HiSD,7.943282347242822e-05,0.002,2000000,313,-0.5609375000000001,1.378125,completed,-2.628045764173226,1.7869725728975765,9.985480926784603e-07,-3153.3637009874465,238.0743178766819,7797,success_index1,S_H,gradient_tolerance,,raw_state_verified,run.py:numpy-batch
HiSD,7.943282347242822e-05,0.002,2000000,342,-0.5890625,1.3968749999999999,completed,-2.628045764173226,1.7869725728975765,9.985480926784603e-07,-3153.3637009874465,238.0743178766819,7797,success_index1,S_H,gradient_tolerance,,raw_state_verified,run.py:numpy-batch
HiSD,7.943282347242822e-05,0.002,2000000,402,-0.6265625,1.434375,completed,-2.628045764218547,1.7869725729614374,9.975098283961732e-07,-3153.3637009785657,238.07431797603732,7797,success_index1,S_H,gradient_tolerance,,raw_state_verified,run.py:numpy-batch
HiSD,7.943282347242822e-05,0.002,2000000,428,-0.6828125,1.453125,completed,-2.6280457642191353,1.78697257296106,9.97342404580522e-07,-3153.363700978333,238.07431797669759,7797,success_index1,S_H,gradient_tolerance,,raw_state_verified,run.py:numpy-batch
HiSD,7.943282347242822e-05,0.002,2000000,255,-0.5046875000000001,1.340625,completed,-2.6280457642134194,1.786972572964734,9.98972392397576e-07,-3153.3637009806002,238.07431797028582,7798,success_index1,S_H,gradient_tolerance,,raw_state_verified,run.py:numpy-batch
HiSD,7.943282347242822e-05,0.002,2000000,283,-0.5421875,1.359375,completed,-2.628045764215288,1.7869725729635333,9.984396299128185e-07,-3153.3637009798595,238.07431797238283,7798,success_index1,S_H,gradient_tolerance,,raw_state_verified,run.py:numpy-batch
HiSD,7.943282347242822e-05,0.002,2000000,341,-0.5984375000000001,1.3968749999999999,completed,-2.628045764214552,1.786972572964006,9.98649375364001e-07,-3153.3637009801514,238.07431797155667,7798,success_index1,S_H,gradient_tolerance,,raw_state_verified,run.py:numpy-batch
HiSD,7.943282347242822e-05,0.002,2000000,372,-0.6078125000000001,1.415625,completed,-2.6280457641725103,1.7869725728980177,9.987499192756035e-07,-3153.3637009877293,238.0743178758684,7798,success_index1,S_H,gradient_tolerance,,raw_state_verified,run.py:numpy-batch
HiSD,7.943282347242822e-05,0.002,2000000,373,-0.5984375000000001,1.415625,completed,-2.6280457641768695,1.7869725728953303,9.975213316218956e-07,-3153.3637009860095,238.07431788081774,7798,success_index1,S_H,gradient_tolerance,,raw_state_verified,run.py:numpy-batch
HiSD,7.943282347242822e-05,0.002,2000000,374,-0.5890625,1.415625,completed,-2.628045764168232,1.7869725729006558,9.999556543390984e-07,-3153.363700989416,238.07431787101137,7798,success_index1,S_H,gradient_tolerance,,raw_state_verified,run.py:numpy-batch
HiSD,7.943282347242822e-05,0.002,2000000,401,-0.6359375,1.434375,completed,-2.6280457641736366,1.7869725728973234,9.984325275822439e-07,-3153.3637009872846,238.07431787714702,7798,success_index1,S_H,gradient_tolerance,,raw_state_verified,run.py:numpy-batch
HiSD,7.943282347242822e-05,0.002,2000000,427,-0.6921875000000001,1.453125,completed,-2.628045764173299,1.7869725728975319,9.985275269268308e-07,-3153.3637009874174,238.07431787676424,7798,success_index1,S_H,gradient_tolerance,,raw_state_verified,run.py:numpy-batch
HiSD,7.943282347242822e-05,0.002,2000000,454,-0.7390625000000001,1.4718749999999998,completed,-2.6280457642158956,1.7869725729631425,9.982663386576585e-07,-3153.3637009796184,238.0743179730637,7798,success_index1,S_H,gradient_tolerance,,raw_state_verified,run.py:numpy-batch
HiSD,7.943282347242822e-05,0.002,2000000,254,-0.5140625000000001,1.340625,completed,-2.6280457641733133,1.7869725728975225,9.98523650444898e-07,-3153.363700987412,238.07431787678,7799,success_index1,S_H,gradient_tolerance,,raw_state_verified,run.py:numpy-batch
HiSD,7.943282347242822e-05,0.002,2000000,282,-0.5515625000000001,1.359375,completed,-2.628045764172682,1.786972572897912,9.987014139633558e-07,-3153.36370098766,238.07431787606416,7799,success_index1,S_H,gradient_tolerance,,raw_state_verified,run.py:numpy-batch
HiSD,7.943282347242822e-05,0.002,2000000,312,-0.5703125,1.378125,completed,-2.628045764177698,1.7869725728948194,9.972877275867283e-07,-3153.3637009856834,238.0743178817597,7799,success_index1,S_H,gradient_tolerance,,raw_state_verified,run.py:numpy-batch
HiSD,7.943282347242822e-05,0.002,2000000,340,-0.6078125000000001,1.3968749999999999,completed,-2.628045764172993,1.7869725728977202,9.986137849140249e-07,-3153.3637009875383,238.07431787641707,7799,success_index1,S_H,gradient_tolerance,,raw_state_verified,run.py:numpy-batch
HiSD,7.943282347242822e-05,0.002,2000000,400,-0.6453125000000001,1.434375,completed,-2.628045764218091,1.786972572961731,9.976399648737635e-07,-3153.363700978747,238.07431797552692,7799,success_index1,S_H,gradient_tolerance,,raw_state_verified,run.py:numpy-batch
HiSD,7.943282347242822e-05,0.002,2000000,253,-0.5234375,1.340625,completed,-2.628045764215998,1.7869725729630765,9.982369774881968e-07,-3153.363700979577,238.0743179731786,7800,success_index1,S_H,gradient_tolerance,,raw_state_verified,run.py:numpy-batch
HiSD,7.943282347242822e-05,0.002,2000000,311,-0.5796875,1.378125,completed,-2.628045764218795,1.7869725729612786,9.974392997166406e-07,-3153.363700978468,238.07431797631594,7800,success_index1,S_H,gradient_tolerance,,raw_state_verified,run.py:numpy-batch
HiSD,7.943282347242822e-05,0.002,2000000,371,-0.6171875,1.415625,completed,-2.6280457641741837,1.7869725728969863,9.982782156547883e-07,-3153.363700987069,238.07431787776898,7800,success_index1,S_H,gradient_tolerance,,raw_state_verified,run.py:numpy-batch
HiSD,7.943282347242822e-05,0.002,2000000,399,-0.6546875000000001,1.434375,completed,-2.6280457641733372,1.7869725728975079,9.985168693041513e-07,-3153.3637009874033,238.0743178768079,7800,success_index1,S_H,gradient_tolerance,,raw_state_verified,run.py:numpy-batch
HiSD,7.943282347242822e-05,0.002,2000000,426,-0.7015625000000001,1.453125,completed,-2.628045764178225,1.7869725728944945,9.971393081863498e-07,-3153.3637009854747,238.0743178823572,7800,success_index1,S_H,gradient_tolerance,,raw_state_verified,run.py:numpy-batch
HiSD,7.943282347242822e-05,0.002,2000000,252,-0.5328125000000001,1.340625,completed,-2.62804576417311,1.7869725728976484,9.985808581202468e-07,-3153.3637009874924,238.0743178765499,7801,success_index1,S_H,gradient_tolerance,,raw_state_verified,run.py:numpy-batch
HiSD,7.943282347242822e-05,0.002,2000000,281,-0.5609375000000001,1.359375,completed,-2.628045764174912,1.786972572896537,9.980730172558887e-07,-3153.3637009867816,238.0743178785955,7801,success_index1,S_H,gradient_tolerance,,raw_state_verified,run.py:numpy-batch
HiSD,7.943282347242822e-05,0.002,2000000,310,-0.5890625,1.378125,completed,-2.628045764172115,1.7869725728982617,9.988612157903613e-07,-3153.3637009878853,238.07431787541955,7801,success_index1,S_H,gradient_tolerance,,raw_state_verified,run.py:numpy-batch
HiSD,7.943282347242822e-05,0.002,2000000,339,-0.6171875,1.3968749999999999,completed,-2.6280457641759276,1.7869725728959112,9.977866913335028e-07,-3153.36370098638,238.0743178797487,7801,success_index1,S_H,gradient_tolerance,,raw_state_verified,run.py:numpy-batch
HiSD,7.943282347242822e-05,0.002,2000000,370,-0.6265625,1.415625,completed,-2.6280457642103836,1.7869725729666852,9.998379544695753e-07,-3153.3637009818062,238.07431796688113,7801,success_index1,S_H,gradient_tolerance,,raw_state_verified,run.py:numpy-batch
HiSD,7.943282347242822e-05,0.002,2000000,398,-0.6640625,1.434375,completed,-2.628045764212872,1.7869725729650856,9.99128378593366e-07,-3153.363700980819,238.0743179696716,7801,success_index1,S_H,gradient_tolerance,,raw_state_verified,run.py:numpy-batch
HiSD,7.943282347242822e-05,0.002,2000000,425,-0.7109375,1.453125,completed,-2.6280457642165946,1.7869725729626929,9.980668609078824e-07,-3153.363700979341,238.07431797384785,7801,success_index1,S_H,gradient_tolerance,,raw_state_verified,run.py:numpy-batch
HiSD,7.943282347242822e-05,0.002,2000000,453,-0.7484375000000001,1.4718749999999998,completed,-2.6280457641785775,1.786972572894277,9.970399635059512e-07,-3153.3637009853364,238.07431788275693,7801,success_index1,S_H,gradient_tolerance,,raw_state_verified,run.py:numpy-batch
HiSD,7.943282347242822e-05,0.002,2000000,280,-0.5703125,1.359375,completed,-2.62804576421286,1.7869725729650934,9.991317251692716e-07,-3153.363700980823,238.0743179696582,7802,success_index1,S_H,gradient_tolerance,,raw_state_verified,run.py:numpy-batch
HiSD,7.943282347242822e-05,0.002,2000000,397,-0.6734375,1.434375,completed,-2.6280457641721933,1.7869725728982133,9.98839249606003e-07,-3153.363700987854,238.07431787550868,7802,success_index1,S_H,gradient_tolerance,,raw_state_verified,run.py:numpy-batch
HiSD,7.943282347242822e-05,0.002,2000000,424,-0.7203125,1.453125,completed,-2.6280457641691997,1.7869725729000592,9.996829479395537e-07,-3153.363700989035,238.07431787210965,7802,success_index1,S_H,gradient_tolerance,,raw_state_verified,run.py:numpy-batch
HiSD,7.943282347242822e-05,0.002,2000000,452,-0.7578125,1.4718749999999998,completed,-2.6280457642127444,1.786972572965168,9.991649339318663e-07,-3153.363700980869,238.074317969529,7802,success_index1,S_H,gradient_tolerance,,raw_state_verified,run.py:numpy-batch
HiSD,7.943282347242822e-05,0.002,2000000,223,-0.5046875000000001,1.321875,completed,-2.6280457641725965,1.7869725728979644,9.987256966378487e-07,-3153.3637009876957,238.07431787596693,7803,success_index1,S_H,gradient_tolerance,,raw_state_verified,run.py:numpy-batch
HiSD,7.943282347242822e-05,0.002,2000000,250,-0.5515625000000001,1.340625,completed,-2.628045764168118,1.786972572900726,9.999878816043304e-07,-3153.3637009894605,238.07431787088194,7803,success_index1,S_H,gradient_tolerance,,raw_state_verified,run.py:numpy-batch
HiSD,7.943282347242822e-05,0.002,2000000,251,-0.5421875,1.340625,completed,-2.628045764178627,1.786972572894247,9.970260696456711e-07,-3153.3637009853164,238.07431788281323,7803,success_index1,S_H,gradient_tolerance,,raw_state_verified,run.py:numpy-batch
HiSD,7.943282347242822e-05,0.002,2000000,309,-0.5984375000000001,1.378125,completed,-2.6280457641733483,1.7869725728975012,9.985137133341665e-07,-3153.3637009873983,238.07431787681986,7803,success_index1,S_H,gradient_tolerance,,raw_state_verified,run.py:numpy-batch
HiSD,7.943282347242822e-05,0.002,2000000,338,-0.6265625,1.3968749999999999,completed,-2.6280457641789594,1.786972572894042,9.969322157544813e-07,-3153.3637009851855,238.07431788319133,7803,success_index1,S_H,gradient_tolerance,,raw_state_verified,run.py:numpy-batch
HiSD,7.943282347242822e-05,0.002,2000000,369,-0.6359375,1.415625,completed,-2.6280457642204844,1.7869725729601922,9.969573208092743e-07,-3153.363700977797,238.07431797821081,7803,success_index1,S_H,gradient_tolerance,,raw_state_verified,run.py:numpy-batch
HiSD,7.943282347242822e-05,0.002,2000000,451,-0.7671875,1.4718749999999998,completed,-2.6280457641695727,1.7869725728998294,9.995777344934056e-07,-3153.363700988887,238.07431787253412,7803,success_index1,S_H,gradient_tolerance,,raw_state_verified,run.py:numpy-batch
HiSD,7.943282347242822e-05,0.002,2000000,222,-0.5140625000000001,1.321875,completed,-2.6280457642135655,1.78697257296464,9.98930590819204e-07,-3153.3637009805434,238.07431797044995,7804,success_index1,S_H,gradient_tolerance,,raw_state_verified,run.py:numpy-batch
HiSD,7.943282347242822e-05,0.002,2000000,279,-0.5796875,1.359375,completed,-2.6280457642206505,1.7869725729600854,9.969098990380211e-07,-3153.3637009777317,238.07431797839732,7804,success_index1,S_H,gradient_tolerance,,raw_state_verified,run.py:numpy-batch
HiSD,7.943282347242822e-05,0.002,2000000,368,-0.6453125000000001,1.415625,completed,-2.628045764172527,1.7869725728980073,9.987451428889405e-07,-3153.363700987722,238.07431787588786,7804,success_index1,S_H,gradient_tolerance,,raw_state_verified,run.py:numpy-batch
HiSD,7.943282347242822e-05,0.002,2000000,396,-0.6828125,1.434375,completed,-2.628045764174241,1.7869725728969512,9.982620599661245e-07,-3153.3637009870463,238.07431787783403,7804,success_index1,S_H,gradient_tolerance,,raw_state_verified,run.py:numpy-batch
HiSD,7.943282347242822e-05,0.002,2000000,423,-0.7296875,1.453125,completed,-2.628045764173241,1.7869725728975676,9.985439222083165e-07,-3153.36370098744,238.07431787669853,7804,success_index1,S_H,gradient_tolerance,,raw_state_verified,run.py:numpy-batch
HiSD,7.943282347242822e-05,0.002,2000000,221,-0.5234375,1.321875,completed,-2.6280457641731174,1.7869725728976436,9.985788258840674e-07,-3153.363700987489,238.07431787655776,7805,success_index1,S_H,gradient_tolerance,,raw_state_verified,run.py:numpy-batch
HiSD,7.943282347242822e-05,0.002,2000000,249,-0.5609375000000001,1.340625,completed,-2.6280457641729043,1.7869725728977748,9.986389878369259e-07,-3153.363700987574,238.07431787631623,7805,success_index1,S_H,gradient_tolerance,,raw_state_verified,run.py:numpy-batch
HiSD,7.943282347242822e-05,0.002,2000000,278,-0.5890625,1.359375,completed,-2.6280457641707016,1.7869725728991326,9.992598137778125e-07,-3153.3637009884424,238.07431787381492,7805,success_index1,S_H,gradient_tolerance,,raw_state_verified,run.py:numpy-batch
HiSD,7.943282347242822e-05,0.002,2000000,308,-0.6078125000000001,1.378125,completed,-2.6280457641749897,1.7869725728964894,9.9805105718171e-07,-3153.36370098675,238.07431787868424,7805,success_index1,S_H,gradient_tolerance,,raw_state_verified,run.py:numpy-batch
HiSD,7.943282347242822e-05,0.002,2000000,337,-0.6359375,1.3968749999999999,completed,-2.62804576417284,1.7869725728978152,9.986569875089173e-07,-3153.3637009875993,238.074317876243,7805,success_index1,S_H,gradient_tolerance,,raw_state_verified,run.py:numpy-batch
HiSD,7.943282347242822e-05,0.002,2000000,395,-0.6921875000000001,1.434375,completed,-2.62804576421035,1.7869725729667072,9.998476999554498e-07,-3153.3637009818203,238.0743179668426,7805,success_index1,S_H,gradient_tolerance,,raw_state_verified,run.py:numpy-batch
HiSD,7.943282347242822e-05,0.002,2000000,450,-0.7765625,1.4718749999999998,completed,-2.6280457641735775,1.78697257289736,9.984490792033678e-07,-3153.363700987307,238.07431787708077,7805,success_index1,S_H,gradient_tolerance,,raw_state_verified,run.py:numpy-batch
HiSD,7.943282347242822e-05,0.002,2000000,367,-0.6546875000000001,1.415625,completed,-2.628045764173542,1.7869725728973815,9.98459199427828e-07,-3153.363700987322,238.07431787704022,7806,success_index1,S_H,gradient_tolerance,,raw_state_verified,run.py:numpy-batch
HiSD,7.943282347242822e-05,0.002,2000000,422,-0.7390625000000001,1.453125,completed,-2.628045764173631,1.7869725728973271,9.984340441240887e-07,-3153.3637009872873,238.07431787714071,7806,success_index1,S_H,gradient_tolerance,,raw_state_verified,run.py:numpy-batch
HiSD,7.943282347242822e-05,0.002,2000000,449,-0.7859375000000001,1.4718749999999998,completed,-2.628045764215882,1.7869725729631516,9.982703542431519e-07,-3153.3637009796244,238.07431797304818,7806,success_index1,S_H,gradient_tolerance,,raw_state_verified,run.py:numpy-batch
HiSD,7.943282347242822e-05,0.002,2000000,219,-0.5421875,1.321875,completed,-2.6280457641692645,1.7869725729000192,9.996647360182217e-07,-3153.363700989009,238.07431787218343,7807,success_index1,S_H,gradient_tolerance,,raw_state_verified,run.py:numpy-batch
HiSD,7.943282347242822e-05,0.002,2000000,220,-0.5328125000000001,1.321875,completed,-2.62804576417966,1.7869725728936092,9.967348643637038e-07,-3153.363700984909,238.0743178839872,7807,success_index1,S_H,gradient_tolerance,,raw_state_verified,run.py:numpy-batch
HiSD,7.943282347242822e-05,0.002,2000000,248,-0.5703125,1.340625,completed,-2.6280457641737174,1.7869725728972738,9.984097049866364e-07,-3153.3637009872527,238.0743178772396,7807,success_index1,S_H,gradient_tolerance,,raw_state_verified,run.py:numpy-batch
HiSD,7.943282347242822e-05,0.002,2000000,277,-0.5984375000000001,1.359375,completed,-2.6280457641715356,1.7869725728986185,9.99024672813293e-07,-3153.3637009881118,238.0743178747619,7807,success_index1,S_H,gradient_tolerance,,raw_state_verified,run.py:numpy-batch
HiSD,7.943282347242822e-05,0.002,2000000,307,-0.6171875,1.378125,completed,-2.6280457641785326,1.7869725728943047,9.970526202577365e-07,-3153.3637009853533,238.07431788270642,7807,success_index1,S_H,gradient_tolerance,,raw_state_verified,run.py:numpy-batch
HiSD,7.943282347242822e-05,0.002,2000000,394,-0.7015625000000001,1.434375,completed,-2.628045764215914,1.7869725729631307,9.98260963778474e-07,-3153.363700979612,238.07431797308425,7807,success_index1,S_H,gradient_tolerance,,raw_state_verified,run.py:numpy-batch
HiSD,7.943282347242822e-05,0.002,2000000,448,-0.7953125000000001,1.4718749999999998,completed,-2.6280457641729447,1.7869725728977504,9.986274804128032e-07,-3153.3637009875583,238.07431787636227,7807,success_index1,S_H,gradient_tolerance,,raw_state_verified,run.py:numpy-batch
HiSD,7.943282347242822e-05,0.002,2000000,306,-0.6265625,1.378125,completed,-2.6280457642122004,1.7869725729655175,9.993199158054286e-07,-3153.363700981086,238.07431796891814,7808,success_index1,S_H,gradient_tolerance,,raw_state_verified,run.py:numpy-batch
HiSD,7.943282347242822e-05,0.002,2000000,366,-0.6640625,1.415625,completed,-2.6280457641758654,1.7869725728959494,9.9780424609455e-07,-3153.363700986405,238.07431787967786,7808,success_index1,S_H,gradient_tolerance,,raw_state_verified,run.py:numpy-batch
HiSD,7.943282347242822e-05,0.002,2000000,421,-0.7484375000000001,1.453125,completed,-2.628045764217425,1.786972572962159,9.978299226316828e-07,-3153.363700979011,238.07431797477963,7808,success_index1,S_H,gradient_tolerance,,raw_state_verified,run.py:numpy-batch
HiSD,7.943282347242822e-05,0.002,2000000,218,-0.5515625000000001,1.321875,completed,-2.6280457641730286,1.7869725728976982,9.986038625659051e-07,-3153.363700987524,238.07431787645726,7809,success_index1,S_H,gradient_tolerance,,raw_state_verified,run.py:numpy-batch
HiSD,7.943282347242822e-05,0.002,2000000,247,-0.5796875,1.340625,completed,-2.62804576417509,1.786972572896428,9.980227027898785e-07,-3153.3637009867107,238.07431787879756,7809,success_index1,S_H,gradient_tolerance,,raw_state_verified,run.py:numpy-batch
HiSD,7.943282347242822e-05,0.002,2000000,276,-0.6078125000000001,1.359375,completed,-2.6280457641708588,1.7869725728990362,9.992153254259772e-07,-3153.3637009883796,238.07431787399335,7809,success_index1,S_H,gradient_tolerance,,raw_state_verified,run.py:numpy-batch
HiSD,7.943282347242822e-05,0.002,2000000,393,-0.7109375,1.434375,completed,-2.6280457642159414,1.7869725729631134,9.982534494356772e-07,-3153.3637009796003,238.07431797311534,7809,success_index1,S_H,gradient_tolerance,,raw_state_verified,run.py:numpy-batch
HiSD,7.943282347242822e-05,0.002,2000000,305,-0.6359375,1.378125,completed,-2.6280457642139243,1.7869725729644097,9.988285289178877e-07,-3153.3637009804015,238.07431797085297,7810,success_index1,S_H,gradient_tolerance,,raw_state_verified,run.py:numpy-batch
HiSD,7.943282347242822e-05,0.002,2000000,365,-0.6734375,1.415625,completed,-2.628045764179635,1.786972572893625,9.967419854583927e-07,-3153.3637009849185,238.07431788395763,7810,success_index1,S_H,gradient_tolerance,,raw_state_verified,run.py:numpy-batch
HiSD,7.943282347242822e-05,0.002,2000000,190,-0.5140625000000001,1.3031249999999999,completed,-2.628045764173345,1.7869725728975034,9.985147226952615e-07,-3153.363700987399,238.07431787681597,7811,success_index1,S_H,gradient_tolerance,,raw_state_verified,run.py:numpy-batch
HiSD,7.943282347242822e-05,0.002,2000000,191,-0.5046875000000001,1.3031249999999999,completed,-2.628045764175379,1.7869725728962491,9.979412634602632e-07,-3153.363700986597,238.07431787912637,7811,success_index1,S_H,gradient_tolerance,,raw_state_verified,run.py:numpy-batch
HiSD,7.943282347242822e-05,0.002,2000000,217,-0.5609375000000001,1.321875,completed,-2.6280457641737534,1.7869725728972514,9.98399621410146e-07,-3153.363700987238,238.07431787727998,7811,success_index1,S_H,gradient_tolerance,,raw_state_verified,run.py:numpy-batch
HiSD,7.943282347242822e-05,0.002,2000000,246,-0.5890625,1.340625,completed,-2.6280457641756056,1.7869725728961092,9.97877588240832e-07,-3153.363700986509,238.07431787938276,7811,success_index1,S_H,gradient_tolerance,,raw_state_verified,run.py:numpy-batch
HiSD,7.943282347242822e-05,0.002,2000000,364,-0.6828125,1.415625,completed,-2.6280457642118007,1.7869725729657746,9.994339965564354e-07,-3153.3637009812446,238.0743179684709,7811,success_index1,S_H,gradient_tolerance,,raw_state_verified,run.py:numpy-batch
HiSD,7.943282347242822e-05,0.002,2000000,392,-0.7203125,1.434375,completed,-2.6280457642103237,1.7869725729667245,9.998555396922342e-07,-3153.363700981831,238.07431796681473,7811,success_index1,S_H,gradient_tolerance,,raw_state_verified,run.py:numpy-batch
HiSD,7.943282347242822e-05,0.002,2000000,189,-0.5234375,1.3031249999999999,completed,-2.628045764220653,1.7869725729600836,9.969091816007512e-07,-3153.3637009777303,238.07431797840007,7812,success_index1,S_H,gradient_tolerance,,raw_state_verified,run.py:numpy-batch
HiSD,7.943282347242822e-05,0.002,2000000,275,-0.6171875,1.359375,completed,-2.628045764221109,1.7869725729597918,9.967797291612028e-07,-3153.3637009775493,238.0743179789113,7812,success_index1,S_H,gradient_tolerance,,raw_state_verified,run.py:numpy-batch
HiSD,7.943282347242822e-05,0.002,2000000,304,-0.6453125000000001,1.378125,completed,-2.628045764211814,1.786972572965766,9.99430173887521e-07,-3153.363700981239,238.0743179684856,7812,success_index1,S_H,gradient_tolerance,,raw_state_verified,run.py:numpy-batch
HiSD,7.943282347242822e-05,0.002,2000000,336,-0.6453125000000001,1.3968749999999999,completed,-2.6280457641726356,1.7869725728979404,9.987146444148734e-07,-3153.3637009876797,238.07431787601084,7812,success_index1,S_H,gradient_tolerance,,raw_state_verified,run.py:numpy-batch
HiSD,7.943282347242822e-05,0.002,2000000,420,-0.7578125,1.453125,completed,-2.6280457642138497,1.786972572964457,9.988495152726788e-07,-3153.36370098043,238.074317970769,7812,success_index1,S_H,gradient_tolerance,,raw_state_verified,run.py:numpy-batch
HiSD,7.943282347242822e-05,0.002,2000000,188,-0.5328125000000001,1.3031249999999999,completed,-2.6280457641735957,1.7869725728973482,9.984441232451503e-07,-3153.363700987301,238.07431787710064,7813,success_index1,S_H,gradient_tolerance,,raw_state_verified,run.py:numpy-batch
HiSD,7.943282347242822e-05,0.002,2000000,216,-0.5703125,1.321875,completed,-2.628045764174686,1.7869725728966768,9.981366911157212e-07,-3153.3637009868708,238.0743178783392,7813,success_index1,S_H,gradient_tolerance,,raw_state_verified,run.py:numpy-batch
HiSD,7.943282347242822e-05,0.002,2000000,245,-0.5984375000000001,1.340625,completed,-2.6280457641744603,1.7869725728968153,9.982003701270152e-07,-3153.3637009869585,238.07431787808252,7813,success_index1,S_H,gradient_tolerance,,raw_state_verified,run.py:numpy-batch
HiSD,7.943282347242822e-05,0.002,2000000,363,-0.6921875000000001,1.415625,completed,-2.628045764210469,1.7869725729666297,9.998134490447662e-07,-3153.363700981772,238.07431796697637,7813,success_index1,S_H,gradient_tolerance,,raw_state_verified,run.py:numpy-batch
HiSD,7.943282347242822e-05,0.002,2000000,187,-0.5421875,1.3031249999999999,completed,-2.6280457642103654,1.786972572966697,9.998433218127701e-07,-3153.363700981814,238.07431796686058,7814,success_index1,S_H,gradient_tolerance,,raw_state_verified,run.py:numpy-batch
HiSD,7.943282347242822e-05,0.002,2000000,274,-0.6265625,1.359375,completed,-2.6280457642134474,1.786972572964716,9.989642726520448e-07,-3153.3637009805907,238.07431797031745,7814,success_index1,S_H,gradient_tolerance,,raw_state_verified,run.py:numpy-batch
HiSD,7.943282347242822e-05,0.002,2000000,391,-0.7296875,1.434375,completed,-2.628045764174398,1.7869725728968542,9.982177362610598e-07,-3153.363700986984,238.07431787801266,7814,success_index1,S_H,gradient_tolerance,,raw_state_verified,run.py:numpy-batch
HiSD,7.943282347242822e-05,0.002,2000000,215,-0.5796875,1.321875,completed,-2.6280457641745976,1.7869725728967307,9.9816170181401e-07,-3153.3637009869053,238.07431787823833,7815,success_index1,S_H,gradient_tolerance,,raw_state_verified,run.py:numpy-batch
HiSD,7.943282347242822e-05,0.002,2000000,244,-0.6078125000000001,1.340625,completed,-2.6280457641732515,1.7869725728975603,9.98541132232907e-07,-3153.3637009874365,238.0743178767101,7815,success_index1,S_H,gradient_tolerance,,raw_state_verified,run.py:numpy-batch
HiSD,7.943282347242822e-05,0.002,2000000,303,-0.6546875000000001,1.378125,completed,-2.628045764175891,1.7869725728959334,9.977971250153597e-07,-3153.363700986395,238.07431787970725,7815,success_index1,S_H,gradient_tolerance,,raw_state_verified,run.py:numpy-batch
HiSD,7.943282347242822e-05,0.002,2000000,335,-0.6546875000000001,1.3968749999999999,completed,-2.6280457642162856,1.7869725729628918,9.981550482208493e-07,-3153.363700979463,238.07431797350117,7815,success_index1,S_H,gradient_tolerance,,raw_state_verified,run.py:numpy-batch
HiSD,7.943282347242822e-05,0.002,2000000,419,-0.7671875,1.453125,completed,-2.628045764172142,1.7869725728982448,9.988536813925029e-07,-3153.363700987873,238.07431787545076,7815,success_index1,S_H,gradient_tolerance,,raw_state_verified,run.py:numpy-batch
HiSD,7.943282347242822e-05,0.002,2000000,186,-0.5515625000000001,1.3031249999999999,completed,-2.6280457642184247,1.7869725729615165,9.97544944390842e-07,-3153.3637009786144,238.07431797590064,7816,success_index1,S_H,gradient_tolerance,,raw_state_verified,run.py:numpy-batch
HiSD,7.943282347242822e-05,0.002,2000000,334,-0.6640625,1.3968749999999999,completed,-2.628045764173182,1.7869725728976043,9.985606064505236e-07,-3153.3637009874637,238.07431787663094,7816,success_index1,S_H,gradient_tolerance,,raw_state_verified,run.py:numpy-batch
HiSD,7.943282347242822e-05,0.002,2000000,362,-0.7015625000000001,1.415625,completed,-2.628045764175914,1.7869725728959196,9.977906627064774e-07,-3153.363700986387,238.07431787973303,7816,success_index1,S_H,gradient_tolerance,,raw_state_verified,run.py:numpy-batch
HiSD,7.943282347242822e-05,0.002,2000000,390,-0.7390625000000001,1.434375,completed,-2.628045764173153,1.7869725728976216,9.985688101744043e-07,-3153.3637009874747,238.0743178765981,7816,success_index1,S_H,gradient_tolerance,,raw_state_verified,run.py:numpy-batch
HiSD,7.943282347242822e-05,0.002,2000000,214,-0.5890625,1.321875,completed,-2.628045764173591,1.7869725728973516,9.984454133021984e-07,-3153.3637009873028,238.0743178770952,7817,success_index1,S_H,gradient_tolerance,,raw_state_verified,run.py:numpy-batch
HiSD,7.943282347242822e-05,0.002,2000000,243,-0.6171875,1.340625,completed,-2.6280457641702344,1.7869725728994212,9.993912551966902e-07,-3153.363700988627,238.0743178732848,7817,success_index1,S_H,gradient_tolerance,,raw_state_verified,run.py:numpy-batch
HiSD,7.943282347242822e-05,0.002,2000000,273,-0.6359375,1.359375,completed,-2.6280457641749746,1.7869725728964987,9.980553201390722e-07,-3153.363700986756,238.0743178786668,7817,success_index1,S_H,gradient_tolerance,,raw_state_verified,run.py:numpy-batch
HiSD,7.943282347242822e-05,0.002,2000000,302,-0.6640625,1.378125,completed,-2.6280457641728887,1.7869725728977846,9.986433087715615e-07,-3153.3637009875793,238.07431787629795,7817,success_index1,S_H,gradient_tolerance,,raw_state_verified,run.py:numpy-batch
HiSD,7.943282347242822e-05,0.002,2000000,185,-0.5609375000000001,1.3031249999999999,completed,-2.628045764221282,1.7869725729596797,9.967300204020355e-07,-3153.36370097748,238.07431797910536,7818,success_index1,S_H,gradient_tolerance,,raw_state_verified,run.py:numpy-batch
HiSD,7.943282347242822e-05,0.002,2000000,333,-0.6734375,1.3968749999999999,completed,-2.6280457641736565,1.786972572897311,9.984269072964833e-07,-3153.3637009872764,238.07431787717022,7818,success_index1,S_H,gradient_tolerance,,raw_state_verified,run.py:numpy-batch
HiSD,7.943282347242822e-05,0.002,2000000,361,-0.7109375,1.415625,completed,-2.6280457641731365,1.7869725728976322,9.98573310320962e-07,-3153.3637009874815,238.07431787657967,7818,success_index1,S_H,gradient_tolerance,,raw_state_verified,run.py:numpy-batch
HiSD,7.943282347242822e-05,0.002,2000000,389,-0.7484375000000001,1.434375,completed,-2.628045764172847,1.78697257289781,9.98655035150947e-07,-3153.363700987597,238.07431787625097,7818,success_index1,S_H,gradient_tolerance,,raw_state_verified,run.py:numpy-batch
HiSD,7.943282347242822e-05,0.002,2000000,213,-0.5984375000000001,1.321875,completed,-2.628045764172682,1.786972572897912,9.987014139633558e-07,-3153.36370098766,238.07431787606416,7819,success_index1,S_H,gradient_tolerance,,raw_state_verified,run.py:numpy-batch
HiSD,7.943282347242822e-05,0.002,2000000,272,-0.6453125000000001,1.359375,completed,-2.6280457641724273,1.7869725728980692,9.987732554118678e-07,-3153.3637009877607,238.07431787577477,7819,success_index1,S_H,gradient_tolerance,,raw_state_verified,run.py:numpy-batch
HiSD,7.943282347242822e-05,0.002,2000000,418,-0.7765625,1.453125,completed,-2.628045764178342,1.7869725728944228,9.971061903905099e-07,-3153.363700985429,238.07431788249053,7819,success_index1,S_H,gradient_tolerance,,raw_state_verified,run.py:numpy-batch
HiSD,7.943282347242822e-05,0.002,2000000,184,-0.5703125,1.3031249999999999,completed,-2.6280457642198765,1.7869725729605834,9.971308927760941e-07,-3153.3637009780377,238.0743179775293,7820,success_index1,S_H,gradient_tolerance,,raw_state_verified,run.py:numpy-batch
HiSD,7.943282347242822e-05,0.002,2000000,301,-0.6734375,1.378125,completed,-2.6280457642113544,1.7869725729660615,9.99561308659283e-07,-3153.363700981421,238.07431796797042,7820,success_index1,S_H,gradient_tolerance,,raw_state_verified,run.py:numpy-batch
HiSD,7.943282347242822e-05,0.002,2000000,332,-0.6828125,1.3968749999999999,completed,-2.628045764173057,1.7869725728976809,9.985958143345087e-07,-3153.3637009875124,238.07431787648943,7820,success_index1,S_H,gradient_tolerance,,raw_state_verified,run.py:numpy-batch
HiSD,7.943282347242822e-05,0.002,2000000,157,-0.5234375,1.284375,completed,-2.6280457641719805,1.786972572898344,9.988992303328626e-07,-3153.363700987937,238.07431787526698,7821,success_index1,S_H,gradient_tolerance,,raw_state_verified,run.py:numpy-batch
HiSD,7.943282347242822e-05,0.002,2000000,158,-0.5140625000000001,1.284375,completed,-2.628045764170214,1.7869725728994343,9.99396924712071e-07,-3153.3637009886334,238.07431787326206,7821,success_index1,S_H,gradient_tolerance,,raw_state_verified,run.py:numpy-batch
HiSD,7.943282347242822e-05,0.002,2000000,242,-0.6265625,1.340625,completed,-2.6280457641784682,1.7869725728943437,9.970709099482297e-07,-3153.363700985379,238.07431788263298,7821,success_index1,S_H,gradient_tolerance,,raw_state_verified,run.py:numpy-batch
HiSD,7.943282347242822e-05,0.002,2000000,360,-0.7203125,1.415625,completed,-2.6280457642166013,1.7869725729626889,9.980649969221392e-07,-3153.3637009793392,238.074317973855,7821,success_index1,S_H,gradient_tolerance,,raw_state_verified,run.py:numpy-batch
HiSD,7.943282347242822e-05,0.002,2000000,417,-0.7859375000000001,1.453125,completed,-2.628045764172927,1.7869725728977612,9.986324902673742e-07,-3153.363700987565,238.07431787634167,7821,success_index1,S_H,gradient_tolerance,,raw_state_verified,run.py:numpy-batch
HiSD,7.943282347242822e-05,0.002,2000000,156,-0.5328125000000001,1.284375,completed,-2.6280457642167345,1.7869725729626025,9.98026737934721e-07,-3153.3637009792865,238.0743179740048,7822,success_index1,S_H,gradient_tolerance,,raw_state_verified,run.py:numpy-batch
HiSD,7.943282347242822e-05,0.002,2000000,183,-0.5796875,1.3031249999999999,completed,-2.628045764213409,1.7869725729647412,9.98975676959978e-07,-3153.363700980606,238.0743179702753,7822,success_index1,S_H,gradient_tolerance,,raw_state_verified,run.py:numpy-batch
HiSD,7.943282347242822e-05,0.002,2000000,212,-0.6078125000000001,1.321875,completed,-2.6280457642179504,1.786972572961821,9.97680016830791e-07,-3153.3637009788026,238.07431797536842,7822,success_index1,S_H,gradient_tolerance,,raw_state_verified,run.py:numpy-batch
HiSD,7.943282347242822e-05,0.002,2000000,271,-0.6546875000000001,1.359375,completed,-2.628045764210808,1.7869725729664125,9.997171131312906e-07,-3153.363700981638,238.074317967357,7822,success_index1,S_H,gradient_tolerance,,raw_state_verified,run.py:numpy-batch
HiSD,7.943282347242822e-05,0.002,2000000,388,-0.7578125,1.434375,completed,-2.628045764173271,1.7869725728975487,9.985355035427588e-07,-3153.3637009874274,238.07431787673244,7822,success_index1,S_H,gradient_tolerance,,raw_state_verified,run.py:numpy-batch
HiSD,7.943282347242822e-05,0.002,2000000,155,-0.5421875,1.284375,completed,-2.628045764173214,1.7869725728975847,9.985515064754664e-07,-3153.363700987451,238.07431787666812,7823,success_index1,S_H,gradient_tolerance,,raw_state_verified,run.py:numpy-batch
HiSD,7.943282347242822e-05,0.002,2000000,159,-0.5046875000000001,1.284375,completed,-2.6280457641737405,1.7869725728972596,9.984031231939454e-07,-3153.363700987244,238.07431787726526,7823,success_index1,S_H,gradient_tolerance,,raw_state_verified,run.py:numpy-batch
HiSD,7.943282347242822e-05,0.002,2000000,241,-0.6359375,1.340625,completed,-2.6280457641720556,1.7869725728982984,9.988781031434708e-07,-3153.3637009879076,238.0743178753521,7823,success_index1,S_H,gradient_tolerance,,raw_state_verified,run.py:numpy-batch
HiSD,7.943282347242822e-05,0.002,2000000,300,-0.6828125,1.378125,completed,-2.628045764170536,1.7869725728992352,9.993063436777764e-07,-3153.3637009885083,238.074317873627,7823,success_index1,S_H,gradient_tolerance,,raw_state_verified,run.py:numpy-batch
HiSD,7.943282347242822e-05,0.002,2000000,331,-0.6921875000000001,1.3968749999999999,completed,-2.6280457642200816,1.786972572960451,9.970721636910235e-07,-3153.363700977957,238.07431797775894,7823,success_index1,S_H,gradient_tolerance,,raw_state_verified,run.py:numpy-batch
HiSD,7.943282347242822e-05,0.002,2000000,359,-0.7296875,1.415625,completed,-2.628045764173093,1.7869725728976589,9.985856567542548e-07,-3153.363700987499,238.07431787653022,7824,success_index1,S_H,gradient_tolerance,,raw_state_verified,run.py:numpy-batch
HiSD,7.943282347242822e-05,0.002,2000000,416,-0.7953125000000001,1.453125,completed,-2.628045764217442,1.786972572962148,9.978249632687731e-07,-3153.3637009790045,238.07431797479845,7824,success_index1,S_H,gradient_tolerance,,raw_state_verified,run.py:numpy-batch
HiSD,7.943282347242822e-05,0.002,2000000,154,-0.5515625000000001,1.284375,completed,-2.6280457641753445,1.7869725728962707,9.979510154578443e-07,-3153.3637009866115,238.0743178790871,7825,success_index1,S_H,gradient_tolerance,,raw_state_verified,run.py:numpy-batch
HiSD,7.943282347242822e-05,0.002,2000000,182,-0.5890625,1.3031249999999999,completed,-2.628045764174867,1.786972572896565,9.980856412628243e-07,-3153.363700986799,238.07431787854475,7825,success_index1,S_H,gradient_tolerance,,raw_state_verified,run.py:numpy-batch
HiSD,7.943282347242822e-05,0.002,2000000,211,-0.6171875,1.321875,completed,-2.6280457641739923,1.7869725728971046,9.983320911356293e-07,-3153.3637009871436,238.0743178775518,7825,success_index1,S_H,gradient_tolerance,,raw_state_verified,run.py:numpy-batch
HiSD,7.943282347242822e-05,0.002,2000000,270,-0.6640625,1.359375,completed,-2.6280457641722434,1.7869725728981827,9.988250425387226e-07,-3153.3637009878335,238.0743178755656,7825,success_index1,S_H,gradient_tolerance,,raw_state_verified,run.py:numpy-batch
HiSD,7.943282347242822e-05,0.002,2000000,387,-0.7671875,1.434375,completed,-2.628045764173023,1.7869725728977017,9.986054841074386e-07,-3153.3637009875265,238.0743178764508,7825,success_index1,S_H,gradient_tolerance,,raw_state_verified,run.py:numpy-batch
HiSD,7.943282347242822e-05,0.002,2000000,330,-0.7015625000000001,1.3968749999999999,completed,-2.628045764174039,1.7869725728970756,9.983190831950722e-07,-3153.3637009871263,238.07431787760453,7826,success_index1,S_H,gradient_tolerance,,raw_state_verified,run.py:numpy-batch
HiSD,7.943282347242822e-05,0.002,2000000,153,-0.5609375000000001,1.284375,completed,-2.628045764176264,1.7869725728957035,9.97692053689594e-07,-3153.3637009862487,238.07431788013042,7827,success_index1,S_H,gradient_tolerance,,raw_state_verified,run.py:numpy-batch
HiSD,7.943282347242822e-05,0.002,2000000,181,-0.5984375000000001,1.3031249999999999,completed,-2.628045764171785,1.7869725728984651,9.989542859138814e-07,-3153.363700988015,238.0743178750453,7827,success_index1,S_H,gradient_tolerance,,raw_state_verified,run.py:numpy-batch
HiSD,7.943282347242822e-05,0.002,2000000,240,-0.6453125000000001,1.340625,completed,-2.628045764174481,1.7869725728968033,9.981943051115733e-07,-3153.363700986951,238.074317878107,7827,success_index1,S_H,gradient_tolerance,,raw_state_verified,run.py:numpy-batch
HiSD,7.943282347242822e-05,0.002,2000000,299,-0.6921875000000001,1.378125,completed,-2.628045764171116,1.7869725728988777,9.99142891933316e-07,-3153.3637009882796,238.07431787428564,7827,success_index1,S_H,gradient_tolerance,,raw_state_verified,run.py:numpy-batch
HiSD,7.943282347242822e-05,0.002,2000000,210,-0.6265625,1.321875,completed,-2.6280457642171893,1.7869725729623112,9.978975057744483e-07,-3153.3637009791046,238.07431797451517,7828,success_index1,S_H,gradient_tolerance,,raw_state_verified,run.py:numpy-batch
HiSD,7.943282347242822e-05,0.002,2000000,358,-0.7390625000000001,1.415625,completed,-2.6280457641759916,1.786972572895872,9.977686611242245e-07,-3153.363700986355,238.07431787982188,7828,success_index1,S_H,gradient_tolerance,,raw_state_verified,run.py:numpy-batch
HiSD,7.943282347242822e-05,0.002,2000000,152,-0.5703125,1.284375,completed,-2.6280457641740056,1.7869725728970967,9.983282807413183e-07,-3153.3637009871377,238.0743178775668,7829,success_index1,S_H,gradient_tolerance,,raw_state_verified,run.py:numpy-batch
HiSD,7.943282347242822e-05,0.002,2000000,269,-0.6734375,1.359375,completed,-2.628045764173928,1.786972572897144,9.98350377198532e-07,-3153.3637009871695,238.0743178774783,7829,success_index1,S_H,gradient_tolerance,,raw_state_verified,run.py:numpy-batch
HiSD,7.943282347242822e-05,0.002,2000000,329,-0.7109375,1.3968749999999999,completed,-2.6280457642145096,1.7869725729640333,9.986615213283664e-07,-3153.3637009801696,238.0743179715094,7829,success_index1,S_H,gradient_tolerance,,raw_state_verified,run.py:numpy-batch
HiSD,7.943282347242822e-05,0.002,2000000,151,-0.5796875,1.284375,completed,-2.628045764172217,1.7869725728981987,9.988326239580209e-07,-3153.363700987844,238.07431787553517,7831,success_index1,S_H,gradient_tolerance,,raw_state_verified,run.py:numpy-batch
HiSD,7.943282347242822e-05,0.002,2000000,180,-0.6078125000000001,1.3031249999999999,completed,-2.6280457641765826,1.7869725728955066,9.976022398015136e-07,-3153.363700986123,238.07431788049243,7831,success_index1,S_H,gradient_tolerance,,raw_state_verified,run.py:numpy-batch
HiSD,7.943282347242822e-05,0.002,2000000,209,-0.6359375,1.321875,completed,-2.6280457641718877,1.7869725728984016,9.989254191051876e-07,-3153.363700987975,238.0743178751617,7831,success_index1,S_H,gradient_tolerance,,raw_state_verified,run.py:numpy-batch
HiSD,7.943282347242822e-05,0.002,2000000,239,-0.6546875000000001,1.340625,completed,-2.628045764179819,1.7869725728935117,9.966899759585102e-07,-3153.3637009848467,238.0743178841672,7831,success_index1,S_H,gradient_tolerance,,raw_state_verified,run.py:numpy-batch
HiSD,7.943282347242822e-05,0.002,2000000,357,-0.7484375000000001,1.415625,completed,-2.6280457642144492,1.7869725729640724,9.986788273104963e-07,-3153.3637009801932,238.0743179714411,7831,success_index1,S_H,gradient_tolerance,,raw_state_verified,run.py:numpy-batch
HiSD,7.943282347242822e-05,0.002,2000000,386,-0.7765625,1.434375,completed,-2.6280457641740025,1.7869725728970984,9.983292298744354e-07,-3153.3637009871404,238.07431787756323,7831,success_index1,S_H,gradient_tolerance,,raw_state_verified,run.py:numpy-batch
HiSD,7.943282347242822e-05,0.002,2000000,298,-0.7015625000000001,1.378125,completed,-2.628045764216261,1.7869725729629073,9.981619465484115e-07,-3153.363700979474,238.0743179734736,7832,success_index1,S_H,gradient_tolerance,,raw_state_verified,run.py:numpy-batch
HiSD,7.943282347242822e-05,0.002,2000000,328,-0.7203125,1.3968749999999999,completed,-2.6280457641686605,1.7869725729003918,9.998347990226612e-07,-3153.3637009892473,238.07431787149812,7832,success_index1,S_H,gradient_tolerance,,raw_state_verified,run.py:numpy-batch
HiSD,7.943282347242822e-05,0.002,2000000,268,-0.6828125,1.359375,completed,-2.6280457641753765,1.7869725728962507,9.979421127331677e-07,-3153.3637009865984,238.07431787912302,7833,success_index1,S_H,gradient_tolerance,,raw_state_verified,run.py:numpy-batch
HiSD,7.943282347242822e-05,0.002,2000000,179,-0.6171875,1.3031249999999999,completed,-2.6280457642192703,1.7869725729609731,9.973038208880546e-07,-3153.3637009782797,238.07431797684902,7834,success_index1,S_H,gradient_tolerance,,raw_state_verified,run.py:numpy-batch
HiSD,7.943282347242822e-05,0.002,2000000,238,-0.6640625,1.340625,completed,-2.6280457642114814,1.7869725729659798,9.99525074875496e-07,-3153.363700981371,238.07431796811247,7834,success_index1,S_H,gradient_tolerance,,raw_state_verified,run.py:numpy-batch
HiSD,7.943282347242822e-05,0.002,2000000,356,-0.7578125,1.415625,completed,-2.6280457641705457,1.7869725728992294,9.99303567780375e-07,-3153.3637009885033,238.07431787363822,7834,success_index1,S_H,gradient_tolerance,,raw_state_verified,run.py:numpy-batch
HiSD,7.943282347242822e-05,0.002,2000000,150,-0.5890625,1.284375,completed,-2.628045764179657,1.7869725728936119,9.967356271206786e-07,-3153.36370098491,238.07431788398324,7835,success_index1,S_H,gradient_tolerance,,raw_state_verified,run.py:numpy-batch
HiSD,7.943282347242822e-05,0.002,2000000,208,-0.6453125000000001,1.321875,completed,-2.628045764172747,1.7869725728978718,9.986831773100828e-07,-3153.363700987635,238.07431787613757,7835,success_index1,S_H,gradient_tolerance,,raw_state_verified,run.py:numpy-batch
HiSD,7.943282347242822e-05,0.002,2000000,297,-0.7109375,1.378125,completed,-2.6280457641714166,1.7869725728986916,9.990582656557814e-07,-3153.3637009881604,238.0743178746262,7835,success_index1,S_H,gradient_tolerance,,raw_state_verified,run.py:numpy-batch
HiSD,7.943282347242822e-05,0.002,2000000,123,-0.5421875,1.265625,completed,-2.628045764210246,1.7869725729667738,9.99877229919447e-07,-3153.3637009818613,238.0743179667265,7836,success_index1,S_H,gradient_tolerance,,raw_state_verified,run.py:numpy-batch
HiSD,7.943282347242822e-05,0.002,2000000,327,-0.7296875,1.3968749999999999,completed,-2.6280457641689963,1.7869725729001846,9.997402691133084e-07,-3153.363700989114,238.074317871879,7836,success_index1,S_H,gradient_tolerance,,raw_state_verified,run.py:numpy-batch
HiSD,7.943282347242822e-05,0.002,2000000,385,-0.7859375000000001,1.434375,completed,-2.6280457642169335,1.7869725729624752,9.97970200392901e-07,-3153.3637009792064,238.0743179742281,7836,success_index1,S_H,gradient_tolerance,,raw_state_verified,run.py:numpy-batch
HiSD,7.943282347242822e-05,0.002,2000000,122,-0.5515625000000001,1.265625,completed,-2.628045764173227,1.7869725728975758,9.985478894711903e-07,-3153.3637009874456,238.0743178766827,7837,success_index1,S_H,gradient_tolerance,,raw_state_verified,run.py:numpy-batch
HiSD,7.943282347242822e-05,0.002,2000000,124,-0.5328125000000001,1.265625,completed,-2.628045764176482,1.7869725728955692,9.976306342849206e-07,-3153.363700986162,238.07431788037752,7837,success_index1,S_H,gradient_tolerance,,raw_state_verified,run.py:numpy-batch
HiSD,7.943282347242822e-05,0.002,2000000,149,-0.5984375000000001,1.284375,completed,-2.628045764170457,1.786972572899284,9.993286037111435e-07,-3153.3637009885388,238.07431787353735,7837,success_index1,S_H,gradient_tolerance,,raw_state_verified,run.py:numpy-batch
HiSD,7.943282347242822e-05,0.002,2000000,178,-0.6265625,1.3031249999999999,completed,-2.628045764170889,1.7869725728990178,9.9920677838896e-07,-3153.363700988368,238.07431787402783,7837,success_index1,S_H,gradient_tolerance,,raw_state_verified,run.py:numpy-batch
HiSD,7.943282347242822e-05,0.002,2000000,267,-0.6921875000000001,1.359375,completed,-2.628045764173638,1.7869725728973227,9.984321138746504e-07,-3153.363700987283,238.07431787714916,7837,success_index1,S_H,gradient_tolerance,,raw_state_verified,run.py:numpy-batch
HiSD,7.943282347242822e-05,0.002,2000000,125,-0.5234375,1.265625,completed,-2.62804576421098,1.7869725729663024,9.996683102238574e-07,-3153.3637009815707,238.07431796755012,7838,success_index1,S_H,gradient_tolerance,,raw_state_verified,run.py:numpy-batch
HiSD,7.943282347242822e-05,0.002,2000000,355,-0.7671875,1.415625,completed,-2.6280457641708934,1.7869725728990153,9.992054963009063e-07,-3153.363700988366,238.0743178740335,7838,success_index1,S_H,gradient_tolerance,,raw_state_verified,run.py:numpy-batch
HiSD,7.943282347242822e-05,0.002,2000000,121,-0.5609375000000001,1.265625,completed,-2.628045764175309,1.7869725728962922,9.979611460559653e-07,-3153.363700986626,238.0743178790465,7839,success_index1,S_H,gradient_tolerance,,raw_state_verified,run.py:numpy-batch
HiSD,7.943282347242822e-05,0.002,2000000,207,-0.6546875000000001,1.321875,completed,-2.62804576417099,1.7869725728989552,9.991785425218273e-07,-3153.3637009883287,238.0743178741418,7839,success_index1,S_H,gradient_tolerance,,raw_state_verified,run.py:numpy-batch
HiSD,7.943282347242822e-05,0.002,2000000,237,-0.6734375,1.340625,completed,-2.628045764176667,1.786972572895455,9.975784210770982e-07,-3153.36370098609,238.07431788058832,7839,success_index1,S_H,gradient_tolerance,,raw_state_verified,run.py:numpy-batch
HiSD,7.943282347242822e-05,0.002,2000000,120,-0.5703125,1.265625,completed,-2.628045764173956,1.7869725728971269,9.983424597003324e-07,-3153.3637009871586,238.07431787750943,7841,success_index1,S_H,gradient_tolerance,,raw_state_verified,run.py:numpy-batch
HiSD,7.943282347242822e-05,0.002,2000000,148,-0.6078125000000001,1.284375,completed,-2.6280457641729575,1.7869725728977426,9.986237895021487e-07,-3153.363700987553,238.07431787637685,7841,success_index1,S_H,gradient_tolerance,,raw_state_verified,run.py:numpy-batch
HiSD,7.943282347242822e-05,0.002,2000000,177,-0.6359375,1.3031249999999999,completed,-2.628045764170022,1.7869725728995518,9.9945116855722e-07,-3153.3637009887098,238.07431787304373,7841,success_index1,S_H,gradient_tolerance,,raw_state_verified,run.py:numpy-batch
HiSD,7.943282347242822e-05,0.002,2000000,266,-0.7015625000000001,1.359375,completed,-2.6280457641684327,1.7869725729005326,9.998989829378254e-07,-3153.3637009893373,238.0743178712398,7841,success_index1,S_H,gradient_tolerance,,raw_state_verified,run.py:numpy-batch
HiSD,7.943282347242822e-05,0.002,2000000,326,-0.7390625000000001,1.3968749999999999,completed,-2.6280457642157025,1.7869725729632666,9.983212815890776e-07,-3153.3637009796957,238.07431797284718,7841,success_index1,S_H,gradient_tolerance,,raw_state_verified,run.py:numpy-batch
HiSD,7.943282347242822e-05,0.002,2000000,384,-0.7953125000000001,1.434375,completed,-2.628045764173186,1.7869725728976018,9.985594047263458e-07,-3153.363700987462,238.0743178766364,7841,success_index1,S_H,gradient_tolerance,,raw_state_verified,run.py:numpy-batch
HiSD,7.943282347242822e-05,0.002,2000000,296,-0.7203125,1.378125,completed,-2.628045764176624,1.7869725728954815,9.975905536515283e-07,-3153.363700986106,238.07431788053938,7842,success_index1,S_H,gradient_tolerance,,raw_state_verified,run.py:numpy-batch
HiSD,7.943282347242822e-05,0.002,2000000,119,-0.5796875,1.265625,completed,-2.628045764170759,1.7869725728990975,9.992435588358988e-07,-3153.3637009884196,238.0743178738802,7843,success_index1,S_H,gradient_tolerance,,raw_state_verified,run.py:numpy-batch
HiSD,7.943282347242822e-05,0.002,2000000,126,-0.5140625000000001,1.265625,completed,-2.6280457641760298,1.7869725728958485,9.97757877379408e-07,-3153.3637009863405,238.07431787986462,7843,success_index1,S_H,gradient_tolerance,,raw_state_verified,run.py:numpy-batch
HiSD,7.943282347242822e-05,0.002,2000000,236,-0.6828125,1.340625,completed,-2.6280457641729575,1.7869725728977426,9.986237895021487e-07,-3153.363700987553,238.07431787637685,7843,success_index1,S_H,gradient_tolerance,,raw_state_verified,run.py:numpy-batch
HiSD,7.943282347242822e-05,0.002,2000000,206,-0.6640625,1.321875,completed,-2.6280457642107065,1.7869725729664774,9.997458205565194e-07,-3153.363700981679,238.07431796724288,7844,success_index1,S_H,gradient_tolerance,,raw_state_verified,run.py:numpy-batch
HiSD,7.943282347242822e-05,0.002,2000000,147,-0.6171875,1.284375,completed,-2.6280457641728816,1.7869725728977883,9.986454086529076e-07,-3153.3637009875833,238.07431787629,7845,success_index1,S_H,gradient_tolerance,,raw_state_verified,run.py:numpy-batch
HiSD,7.943282347242822e-05,0.002,2000000,354,-0.7765625,1.415625,completed,-2.628045764221308,1.7869725729596628,9.96722413790015e-07,-3153.36370097747,238.07431797913472,7845,success_index1,S_H,gradient_tolerance,,raw_state_verified,run.py:numpy-batch
HiSD,7.943282347242822e-05,0.002,2000000,176,-0.6453125000000001,1.3031249999999999,completed,-2.628045764213357,1.7869725729647743,9.989902221462769e-07,-3153.363700980627,238.07431797021604,7846,success_index1,S_H,gradient_tolerance,,raw_state_verified,run.py:numpy-batch
HiSD,7.943282347242822e-05,0.002,2000000,325,-0.7484375000000001,1.3968749999999999,completed,-2.62804576417439,1.7869725728968588,9.982201134634806e-07,-3153.3637009869867,238.0743178780031,7846,success_index1,S_H,gradient_tolerance,,raw_state_verified,run.py:numpy-batch
HiSD,7.943282347242822e-05,0.002,2000000,118,-0.5890625,1.265625,completed,-2.628045764173807,1.786972572897218,9.983845046080165e-07,-3153.3637009872173,238.0743178773409,7847,success_index1,S_H,gradient_tolerance,,raw_state_verified,run.py:numpy-batch
HiSD,7.943282347242822e-05,0.002,2000000,265,-0.7109375,1.359375,completed,-2.6280457641730286,1.7869725728976982,9.986038625659051e-07,-3153.363700987524,238.07431787645726,7847,success_index1,S_H,gradient_tolerance,,raw_state_verified,run.py:numpy-batch
HiSD,7.943282347242822e-05,0.002,2000000,146,-0.6265625,1.284375,completed,-2.628045764168545,1.7869725729004626,9.998674986123572e-07,-3153.3637009892923,238.07431787136696,7849,success_index1,S_H,gradient_tolerance,,raw_state_verified,run.py:numpy-batch
HiSD,7.943282347242822e-05,0.002,2000000,205,-0.6734375,1.321875,completed,-2.6280457641711856,1.786972572898835,9.991231609431265e-07,-3153.3637009882505,238.07431787436502,7849,success_index1,S_H,gradient_tolerance,,raw_state_verified,run.py:numpy-batch
HiSD,7.943282347242822e-05,0.002,2000000,235,-0.6921875000000001,1.340625,completed,-2.6280457641774873,1.7869725728949495,9.97347200993636e-07,-3153.3637009857653,238.07431788151968,7849,success_index1,S_H,gradient_tolerance,,raw_state_verified,run.py:numpy-batch
HiSD,7.943282347242822e-05,0.002,2000000,353,-0.7859375000000001,1.415625,completed,-2.62804576417383,1.7869725728972041,9.983779509206555e-07,-3153.363700987209,238.0743178773674,7849,success_index1,S_H,gradient_tolerance,,raw_state_verified,run.py:numpy-batch
HiSD,7.943282347242822e-05,0.002,2000000,117,-0.5984375000000001,1.265625,completed,-2.6280457641750457,1.7869725728964543,9.980354163250135e-07,-3153.3637009867284,238.07431787874734,7851,success_index1,S_H,gradient_tolerance,,raw_state_verified,run.py:numpy-batch
HiSD,7.943282347242822e-05,0.002,2000000,175,-0.6546875000000001,1.3031249999999999,completed,-2.628045764173038,1.7869725728976928,9.98601206137594e-07,-3153.363700987522,238.07431787646766,7851,success_index1,S_H,gradient_tolerance,,raw_state_verified,run.py:numpy-batch
HiSD,7.943282347242822e-05,0.002,2000000,324,-0.7578125,1.3968749999999999,completed,-2.6280457642203867,1.7869725729602552,9.969852705138308e-07,-3153.3637009778363,238.0743179781013,7851,success_index1,S_H,gradient_tolerance,,raw_state_verified,run.py:numpy-batch
HiSD,7.943282347242822e-05,0.002,2000000,295,-0.7296875,1.378125,completed,-2.628045764178473,1.7869725728943415,9.970693594921927e-07,-3153.3637009853765,238.07431788263898,7852,success_index1,S_H,gradient_tolerance,,raw_state_verified,run.py:numpy-batch
HiSD,7.943282347242822e-05,0.002,2000000,127,-0.5046875000000001,1.265625,completed,-2.628045764174162,1.7869725728969996,9.98284382129808e-07,-3153.363700987077,238.0743178777438,7853,success_index1,S_H,gradient_tolerance,,raw_state_verified,run.py:numpy-batch
HiSD,7.943282347242822e-05,0.002,2000000,264,-0.7203125,1.359375,completed,-2.628045764172669,1.7869725728979198,9.98705211249506e-07,-3153.3637009876657,238.07431787604855,7853,success_index1,S_H,gradient_tolerance,,raw_state_verified,run.py:numpy-batch
HiSD,7.943282347242822e-05,0.002,2000000,116,-0.6078125000000001,1.265625,completed,-2.628045764173339,1.7869725728975068,9.985164402376922e-07,-3153.363700987403,238.07431787680926,7855,success_index1,S_H,gradient_tolerance,,raw_state_verified,run.py:numpy-batch
HiSD,7.943282347242822e-05,0.002,2000000,145,-0.6359375,1.284375,completed,-2.6280457641746304,1.7869725728967107,9.981524016156372e-07,-3153.3637009868926,238.0743178782755,7855,success_index1,S_H,gradient_tolerance,,raw_state_verified,run.py:numpy-batch
HiSD,7.943282347242822e-05,0.002,2000000,204,-0.6828125,1.321875,completed,-2.6280457641721227,1.7869725728982573,9.988590494349106e-07,-3153.363700987881,238.07431787542907,7855,success_index1,S_H,gradient_tolerance,,raw_state_verified,run.py:numpy-batch
HiSD,7.943282347242822e-05,0.002,2000000,234,-0.7015625000000001,1.340625,completed,-2.6280457641796002,1.7869725728936465,9.967517380796486e-07,-3153.3637009849326,238.0743178839183,7855,success_index1,S_H,gradient_tolerance,,raw_state_verified,run.py:numpy-batch
HiSD,7.943282347242822e-05,0.002,2000000,323,-0.7671875,1.3968749999999999,completed,-2.6280457641727106,1.7869725728978938,9.986935281292959e-07,-3153.3637009876493,238.07431787609607,7856,success_index1,S_H,gradient_tolerance,,raw_state_verified,run.py:numpy-batch
HiSD,7.943282347242822e-05,0.002,2000000,174,-0.6640625,1.3031249999999999,completed,-2.628045764173757,1.7869725728972492,9.983985716647303e-07,-3153.363700987237,238.07431787728441,7857,success_index1,S_H,gradient_tolerance,,raw_state_verified,run.py:numpy-batch
HiSD,7.943282347242822e-05,0.002,2000000,352,-0.7953125000000001,1.415625,completed,-2.62804576417211,1.7869725728982646,9.988626135024573e-07,-3153.3637009878857,238.07431787541412,7857,success_index1,S_H,gradient_tolerance,,raw_state_verified,run.py:numpy-batch
HiSD,7.943282347242822e-05,0.002,2000000,89,-0.5609375000000001,1.246875,completed,-2.628045764220154,1.786972572960405,9.970517274757541e-07,-3153.3637009779286,238.07431797783985,7858,success_index1,S_H,gradient_tolerance,,raw_state_verified,run.py:numpy-batch
HiSD,7.943282347242822e-05,0.002,2000000,90,-0.5515625000000001,1.246875,completed,-2.628045764211926,1.7869725729656942,9.993983916675654e-07,-3153.363700981194,238.0743179686106,7858,success_index1,S_H,gradient_tolerance,,raw_state_verified,run.py:numpy-batch
HiSD,7.943282347242822e-05,0.002,2000000,294,-0.7390625000000001,1.378125,completed,-2.628045764174966,1.7869725728965038,9.980577729555581e-07,-3153.3637009867607,238.07431787865698,7858,success_index1,S_H,gradient_tolerance,,raw_state_verified,run.py:numpy-batch
HiSD,7.943282347242822e-05,0.002,2000000,88,-0.5703125,1.246875,completed,-2.628045764173425,1.786972572897454,9.984920637166733e-07,-3153.3637009873682,238.07431787690777,7859,success_index1,S_H,gradient_tolerance,,raw_state_verified,run.py:numpy-batch
HiSD,7.943282347242822e-05,0.002,2000000,115,-0.6171875,1.265625,completed,-2.628045764217331,1.7869725729622203,9.978571480955351e-07,-3153.3637009790486,238.07431797467382,7860,success_index1,S_H,gradient_tolerance,,raw_state_verified,run.py:numpy-batch
HiSD,7.943282347242822e-05,0.002,2000000,144,-0.6453125000000001,1.284375,completed,-2.6280457642103614,1.7869725729666994,9.998443647412995e-07,-3153.363700981816,238.07431796685583,7860,success_index1,S_H,gradient_tolerance,,raw_state_verified,run.py:numpy-batch
HiSD,7.943282347242822e-05,0.002,2000000,263,-0.7296875,1.359375,completed,-2.6280457642118065,1.7869725729657706,9.994322725882238e-07,-3153.3637009812414,238.07431796847683,7860,success_index1,S_H,gradient_tolerance,,raw_state_verified,run.py:numpy-batch
HiSD,7.943282347242822e-05,0.002,2000000,87,-0.5796875,1.246875,completed,-2.6280457641727235,1.7869725728978867,9.986897369520474e-07,-3153.3637009876447,238.0743178761107,7861,success_index1,S_H,gradient_tolerance,,raw_state_verified,run.py:numpy-batch
HiSD,7.943282347242822e-05,0.002,2000000,91,-0.5421875,1.246875,completed,-2.6280457641737756,1.7869725728972379,9.983932605875012e-07,-3153.363700987229,238.07431787730587,7861,success_index1,S_H,gradient_tolerance,,raw_state_verified,run.py:numpy-batch
HiSD,7.943282347242822e-05,0.002,2000000,233,-0.7109375,1.340625,completed,-2.6280457641733053,1.7869725728975279,9.985258137725692e-07,-3153.3637009874155,238.0743178767709,7861,success_index1,S_H,gradient_tolerance,,raw_state_verified,run.py:numpy-batch
HiSD,7.943282347242822e-05,0.002,2000000,203,-0.6921875000000001,1.321875,completed,-2.628045764215187,1.7869725729635972,9.98467958913169e-07,-3153.3637009798995,238.07431797226815,7862,success_index1,S_H,gradient_tolerance,,raw_state_verified,run.py:numpy-batch
HiSD,7.943282347242822e-05,0.002,2000000,322,-0.7765625,1.3968749999999999,completed,-2.6280457641713233,1.7869725728987504,9.99084250400379e-07,-3153.363700988196,238.0743178745214,7862,success_index1,S_H,gradient_tolerance,,raw_state_verified,run.py:numpy-batch
HiSD,7.943282347242822e-05,0.002,2000000,173,-0.6734375,1.3031249999999999,completed,-2.6280457641727235,1.7869725728978867,9.986897369520474e-07,-3153.3637009876447,238.0743178761107,7863,success_index1,S_H,gradient_tolerance,,raw_state_verified,run.py:numpy-batch
HiSD,7.943282347242822e-05,0.002,2000000,293,-0.7484375000000001,1.378125,completed,-2.6280457641735264,1.7869725728973915,9.98463517488728e-07,-3153.363700987329,238.07431787702222,7864,success_index1,S_H,gradient_tolerance,,raw_state_verified,run.py:numpy-batch
HiSD,7.943282347242822e-05,0.002,2000000,86,-0.5890625,1.246875,completed,-2.628045764175219,1.7869725728963477,9.979865436874236e-07,-3153.36370098666,238.07431787894402,7865,success_index1,S_H,gradient_tolerance,,raw_state_verified,run.py:numpy-batch
HiSD,7.943282347242822e-05,0.002,2000000,114,-0.6265625,1.265625,completed,-2.6280457641705897,1.7869725728992027,9.992910424835421e-07,-3153.3637009884865,238.07431787368859,7865,success_index1,S_H,gradient_tolerance,,raw_state_verified,run.py:numpy-batch
HiSD,7.943282347242822e-05,0.002,2000000,92,-0.5328125000000001,1.246875,completed,-2.6280457641713473,1.7869725728987351,9.990777043934876e-07,-3153.363700988187,238.07431787454803,7867,success_index1,S_H,gradient_tolerance,,raw_state_verified,run.py:numpy-batch
HiSD,7.943282347242822e-05,0.002,2000000,143,-0.6546875000000001,1.284375,completed,-2.6280457641757717,1.7869725728960073,9.978306338408926e-07,-3153.3637009864424,238.07431787957157,7867,success_index1,S_H,gradient_tolerance,,raw_state_verified,run.py:numpy-batch
HiSD,7.943282347242822e-05,0.002,2000000,262,-0.7390625000000001,1.359375,completed,-2.628045764212271,1.7869725729654717,9.992996984141443e-07,-3153.3637009810573,238.07431796899806,7868,success_index1,S_H,gradient_tolerance,,raw_state_verified,run.py:numpy-batch
HiSD,7.943282347242822e-05,0.002,2000000,85,-0.5984375000000001,1.246875,completed,-2.628045764173556,1.7869725728973733,9.984550829362767e-07,-3153.3637009873164,238.0743178770565,7869,success_index1,S_H,gradient_tolerance,,raw_state_verified,run.py:numpy-batch
HiSD,7.943282347242822e-05,0.002,2000000,202,-0.7015625000000001,1.321875,completed,-2.6280457641698587,1.786972572899653,9.994971035411864e-07,-3153.3637009887743,238.07431787285836,7869,success_index1,S_H,gradient_tolerance,,raw_state_verified,run.py:numpy-batch
HiSD,7.943282347242822e-05,0.002,2000000,232,-0.7203125,1.340625,completed,-2.6280457641739536,1.786972572897128,9.983431254976963e-07,-3153.36370098716,238.07431787750755,7869,success_index1,S_H,gradient_tolerance,,raw_state_verified,run.py:numpy-batch
HiSD,7.943282347242822e-05,0.002,2000000,321,-0.7859375000000001,1.3968749999999999,completed,-2.6280457641725685,1.7869725728979826,9.987333339933894e-07,-3153.3637009877057,238.07431787593532,7870,success_index1,S_H,gradient_tolerance,,raw_state_verified,run.py:numpy-batch
HiSD,7.943282347242822e-05,0.002,2000000,172,-0.6828125,1.3031249999999999,completed,-2.6280457641748427,1.7869725728965795,9.98092624139511e-07,-3153.363700986809,238.0743178785171,7871,success_index1,S_H,gradient_tolerance,,raw_state_verified,run.py:numpy-batch
HiSD,7.943282347242822e-05,0.002,2000000,292,-0.7578125,1.378125,completed,-2.628045764219034,1.786972572961125,9.973711270497307e-07,-3153.3637009783724,238.0743179765841,7871,success_index1,S_H,gradient_tolerance,,raw_state_verified,run.py:numpy-batch
HiSD,7.943282347242822e-05,0.002,2000000,113,-0.6359375,1.265625,completed,-2.6280457642168855,1.786972572962506,9.979838881023072e-07,-3153.3637009792265,238.07431797417402,7872,success_index1,S_H,gradient_tolerance,,raw_state_verified,run.py:numpy-batch
HiSD,7.943282347242822e-05,0.002,2000000,84,-0.6078125000000001,1.246875,completed,-2.62804576421315,1.786972572964907,9.990490792439367e-07,-3153.363700980709,238.07431796998367,7874,success_index1,S_H,gradient_tolerance,,raw_state_verified,run.py:numpy-batch
HiSD,7.943282347242822e-05,0.002,2000000,142,-0.6640625,1.284375,completed,-2.6280457642211883,1.7869725729597403,9.967568160227689e-07,-3153.3637009775175,238.07431797900054,7874,success_index1,S_H,gradient_tolerance,,raw_state_verified,run.py:numpy-batch
HiSD,7.943282347242822e-05,0.002,2000000,261,-0.7484375000000001,1.359375,completed,-2.6280457641684727,1.7869725729005075,9.998878037604559e-07,-3153.3637009893205,238.0743178712848,7877,success_index1,S_H,gradient_tolerance,,raw_state_verified,run.py:numpy-batch
HiSD,7.943282347242822e-05,0.002,2000000,231,-0.7296875,1.340625,completed,-2.6280457642157256,1.7869725729632517,9.983147699065685e-07,-3153.3637009796857,238.07431797287305,7878,success_index1,S_H,gradient_tolerance,,raw_state_verified,run.py:numpy-batch
HiSD,7.943282347242822e-05,0.002,2000000,112,-0.6453125000000001,1.265625,completed,-2.628045764172629,1.7869725728979446,9.987164891765181e-07,-3153.363700987681,238.0743178760035,7879,success_index1,S_H,gradient_tolerance,,raw_state_verified,run.py:numpy-batch
HiSD,7.943282347242822e-05,0.002,2000000,171,-0.6921875000000001,1.3031249999999999,completed,-2.6280457641728874,1.7869725728977854,9.986435881088935e-07,-3153.3637009875793,238.07431787629676,7879,success_index1,S_H,gradient_tolerance,,raw_state_verified,run.py:numpy-batch
HiSD,7.943282347242822e-05,0.002,2000000,201,-0.7109375,1.321875,completed,-2.62804576417804,1.7869725728946082,9.971914236566291e-07,-3153.3637009855493,238.07431788214737,7879,success_index1,S_H,gradient_tolerance,,raw_state_verified,run.py:numpy-batch
HiSD,7.943282347242822e-05,0.002,2000000,291,-0.7671875,1.378125,completed,-2.6280457642193427,1.7869725729609265,9.972830888305938e-07,-3153.3637009782497,238.0743179769306,7879,success_index1,S_H,gradient_tolerance,,raw_state_verified,run.py:numpy-batch
HiSD,7.943282347242822e-05,0.002,2000000,83,-0.6171875,1.246875,completed,-2.628045764178267,1.7869725728944683,9.971274248278668e-07,-3153.3637009854583,238.0743178824049,7881,success_index1,S_H,gradient_tolerance,,raw_state_verified,run.py:numpy-batch
HiSD,7.943282347242822e-05,0.002,2000000,320,-0.7953125000000001,1.3968749999999999,completed,-2.6280457642155786,1.7869725729633463,9.983567320254735e-07,-3153.363700979743,238.07431797270823,7881,success_index1,S_H,gradient_tolerance,,raw_state_verified,run.py:numpy-batch
HiSD,7.943282347242822e-05,0.002,2000000,141,-0.6734375,1.284375,completed,-2.6280457642147383,1.786972572963886,9.985960777300695e-07,-3153.3637009800773,238.0743179717653,7882,success_index1,S_H,gradient_tolerance,,raw_state_verified,run.py:numpy-batch
HiSD,7.943282347242822e-05,0.002,2000000,93,-0.5234375,1.246875,completed,-2.6280457642159973,1.7869725729630774,9.982374080249028e-07,-3153.3637009795775,238.07431797317778,7884,success_index1,S_H,gradient_tolerance,,raw_state_verified,run.py:numpy-batch
HiSD,7.943282347242822e-05,0.002,2000000,82,-0.6265625,1.246875,completed,-2.6280457642201847,1.7869725729603854,9.970430847508072e-07,-3153.363700977916,238.07431797787498,7888,success_index1,S_H,gradient_tolerance,,raw_state_verified,run.py:numpy-batch
HiSD,7.943282347242822e-05,0.002,2000000,111,-0.6546875000000001,1.265625,completed,-2.628045764219958,1.7869725729605308,9.971074801624418e-07,-3153.363700978006,238.07431797762018,7888,success_index1,S_H,gradient_tolerance,,raw_state_verified,run.py:numpy-batch
HiSD,7.943282347242822e-05,0.002,2000000,290,-0.7765625,1.378125,completed,-2.628045764172704,1.7869725728978987,9.986953087442298e-07,-3153.363700987653,238.07431787608863,7888,success_index1,S_H,gradient_tolerance,,raw_state_verified,run.py:numpy-batch
HiSD,7.943282347242822e-05,0.002,2000000,170,-0.7015625000000001,1.3031249999999999,completed,-2.6280457641724144,1.786972572898077,9.987769533223278e-07,-3153.363700987767,238.07431787576033,7889,success_index1,S_H,gradient_tolerance,,raw_state_verified,run.py:numpy-batch
HiSD,7.943282347242822e-05,0.002,2000000,200,-0.7203125,1.321875,completed,-2.6280457641739896,1.7869725728971058,9.983329885391422e-07,-3153.363700987145,238.07431787754814,7889,success_index1,S_H,gradient_tolerance,,raw_state_verified,run.py:numpy-batch
HiSD,7.943282347242822e-05,0.002,2000000,230,-0.7390625000000001,1.340625,completed,-2.6280457641730823,1.786972572897665,9.985887161268641e-07,-3153.3637009875038,238.07431787651825,7889,success_index1,S_H,gradient_tolerance,,raw_state_verified,run.py:numpy-batch
HiSD,7.943282347242822e-05,0.002,2000000,260,-0.7578125,1.359375,completed,-2.6280457641728803,1.7869725728977897,9.986456783504368e-07,-3153.363700987583,238.0743178762886,7889,success_index1,S_H,gradient_tolerance,,raw_state_verified,run.py:numpy-batch
HiSD,7.943282347242822e-05,0.002,2000000,140,-0.6828125,1.284375,completed,-2.628045764219175,1.7869725729610346,9.97331071325488e-07,-3153.3637009783165,238.0743179767417,7892,success_index1,S_H,gradient_tolerance,,raw_state_verified,run.py:numpy-batch
HiSD,7.943282347242822e-05,0.002,2000000,55,-0.5796875,1.228125,completed,-2.628045764173479,1.7869725728974208,9.984768679096968e-07,-3153.3637009873464,238.0743178769688,7893,success_index1,S_H,gradient_tolerance,,raw_state_verified,run.py:numpy-batch
HiSD,7.943282347242822e-05,0.002,2000000,56,-0.5703125,1.228125,completed,-2.6280457642208384,1.7869725729599655,9.968568367716282e-07,-3153.363700977656,238.07431797860784,7894,success_index1,S_H,gradient_tolerance,,raw_state_verified,run.py:numpy-batch
HiSD,7.943282347242822e-05,0.002,2000000,54,-0.5890625,1.228125,completed,-2.628045764173709,1.786972572897279,9.984120689409287e-07,-3153.3637009872564,238.07431787722967,7895,success_index1,S_H,gradient_tolerance,,raw_state_verified,run.py:numpy-batch
HiSD,7.943282347242822e-05,0.002,2000000,81,-0.6359375,1.246875,completed,-2.628045764175099,1.7869725728964214,9.980203709982504e-07,-3153.363700986707,238.07431787880796,7897,success_index1,S_H,gradient_tolerance,,raw_state_verified,run.py:numpy-batch
HiSD,7.943282347242822e-05,0.002,2000000,110,-0.6640625,1.265625,completed,-2.628045764219334,1.7869725729609323,9.972856461154135e-07,-3153.363700978253,238.07431797691993,7898,success_index1,S_H,gradient_tolerance,,raw_state_verified,run.py:numpy-batch
HiSD,7.943282347242822e-05,0.002,2000000,53,-0.5984375000000001,1.228125,completed,-2.628045764173348,1.7869725728975014,9.985138648124627e-07,-3153.3637009873987,238.07431787681966,7899,success_index1,S_H,gradient_tolerance,,raw_state_verified,run.py:numpy-batch
HiSD,7.943282347242822e-05,0.002,2000000,57,-0.5609375000000001,1.228125,completed,-2.6280457641741073,1.7869725728970334,9.982998720211686e-07,-3153.3637009870995,238.07431787768206,7899,success_index1,S_H,gradient_tolerance,,raw_state_verified,run.py:numpy-batch
HiSD,7.943282347242822e-05,0.002,2000000,289,-0.7859375000000001,1.378125,completed,-2.628045764173742,1.7869725728972587,9.984028144860215e-07,-3153.3637009872427,238.07431787726702,7900,success_index1,S_H,gradient_tolerance,,raw_state_verified,run.py:numpy-batch
HiSD,7.943282347242822e-05,0.002,2000000,169,-0.7109375,1.3031249999999999,completed,-2.6280457641703245,1.7869725728993657,9.993659018094768e-07,-3153.363700988591,238.07431787338703,7901,success_index1,S_H,gradient_tolerance,,raw_state_verified,run.py:numpy-batch
HiSD,7.943282347242822e-05,0.002,2000000,199,-0.7296875,1.321875,completed,-2.628045764171674,1.7869725728985333,9.989856134133634e-07,-3153.3637009880586,238.0743178749188,7901,success_index1,S_H,gradient_tolerance,,raw_state_verified,run.py:numpy-batch
HiSD,7.943282347242822e-05,0.002,2000000,139,-0.6921875000000001,1.284375,completed,-2.6280457641689123,1.7869725729002364,9.99763900208723e-07,-3153.3637009891486,238.07431787178427,7903,success_index1,S_H,gradient_tolerance,,raw_state_verified,run.py:numpy-batch
HiSD,7.943282347242822e-05,0.002,2000000,229,-0.7484375000000001,1.340625,completed,-2.628045764173679,1.7869725728972976,9.984204079790215e-07,-3153.3637009872677,238.07431787719582,7903,success_index1,S_H,gradient_tolerance,,raw_state_verified,run.py:numpy-batch
HiSD,7.943282347242822e-05,0.002,2000000,259,-0.7671875,1.359375,completed,-2.6280457641732666,1.786972572897552,9.985365852561164e-07,-3153.3637009874296,238.0743178767275,7903,success_index1,S_H,gradient_tolerance,,raw_state_verified,run.py:numpy-batch
HiSD,7.943282347242822e-05,0.002,2000000,52,-0.6078125000000001,1.228125,completed,-2.6280457641730184,1.7869725728977044,9.98606725326157e-07,-3153.3637009875292,238.07431787644543,7905,success_index1,S_H,gradient_tolerance,,raw_state_verified,run.py:numpy-batch
HiSD,7.943282347242822e-05,0.002,2000000,80,-0.6453125000000001,1.246875,completed,-2.6280457641727737,1.7869725728978552,9.986757578819592e-07,-3153.363700987624,238.07431787616764,7907,success_index1,S_H,gradient_tolerance,,raw_state_verified,run.py:numpy-batch
HiSD,7.943282347242822e-05,0.002,2000000,109,-0.6734375,1.265625,completed,-2.6280457642171466,1.7869725729623382,9.979094800293767e-07,-3153.363700979122,238.07431797446728,7910,success_index1,S_H,gradient_tolerance,,raw_state_verified,run.py:numpy-batch
HiSD,7.943282347242822e-05,0.002,2000000,58,-0.5515625000000001,1.228125,completed,-2.6280457642196087,1.7869725729607555,9.972072913233587e-07,-3153.363700978145,238.07431797722867,7912,success_index1,S_H,gradient_tolerance,,raw_state_verified,run.py:numpy-batch
HiSD,7.943282347242822e-05,0.002,2000000,51,-0.6171875,1.228125,completed,-2.6280457641708206,1.78697257289906,9.992260575529616e-07,-3153.3637009883946,238.07431787395063,7913,success_index1,S_H,gradient_tolerance,,raw_state_verified,run.py:numpy-batch
HiSD,7.943282347242822e-05,0.002,2000000,288,-0.7953125000000001,1.378125,completed,-2.628045764168232,1.7869725729006558,9.999556543390984e-07,-3153.363700989416,238.07431787101137,7914,success_index1,S_H,gradient_tolerance,,raw_state_verified,run.py:numpy-batch
HiSD,7.943282347242822e-05,0.002,2000000,168,-0.7203125,1.3031249999999999,completed,-2.628045764173542,1.7869725728973815,9.98459199427828e-07,-3153.363700987322,238.07431787704022,7917,success_index1,S_H,gradient_tolerance,,raw_state_verified,run.py:numpy-batch
HiSD,7.943282347242822e-05,0.002,2000000,198,-0.7390625000000001,1.321875,completed,-2.628045764170359,1.7869725728993444,9.993561329388477e-07,-3153.363700988578,238.07431787342657,7917,success_index1,S_H,gradient_tolerance,,raw_state_verified,run.py:numpy-batch
HiSD,7.943282347242822e-05,0.002,2000000,138,-0.7015625000000001,1.284375,completed,-2.6280457641770463,1.786972572895221,9.974715097394361e-07,-3153.3637009859394,238.07431788101906,7919,success_index1,S_H,gradient_tolerance,,raw_state_verified,run.py:numpy-batch
HiSD,7.943282347242822e-05,0.002,2000000,79,-0.6546875000000001,1.246875,completed,-2.628045764178512,1.7869725728943178,9.970582700254872e-07,-3153.363700985361,238.0743178826837,7921,success_index1,S_H,gradient_tolerance,,raw_state_verified,run.py:numpy-batch
HiSD,7.943282347242822e-05,0.002,2000000,228,-0.7578125,1.340625,completed,-2.628045764179641,1.786972572893621,9.967402850518626e-07,-3153.363700984916,238.0743178839646,7921,success_index1,S_H,gradient_tolerance,,raw_state_verified,run.py:numpy-batch
HiSD,7.943282347242822e-05,0.002,2000000,258,-0.7765625,1.359375,completed,-2.6280457641731574,1.7869725728976198,9.985673746912364e-07,-3153.3637009874737,238.0743178766037,7921,success_index1,S_H,gradient_tolerance,,raw_state_verified,run.py:numpy-batch
HiSD,7.943282347242822e-05,0.002,2000000,50,-0.6265625,1.228125,completed,-2.628045764176423,1.7869725728956058,9.976469859201764e-07,-3153.363700986186,238.0743178803116,7925,success_index1,S_H,gradient_tolerance,,raw_state_verified,run.py:numpy-batch
HiSD,7.943282347242822e-05,0.002,2000000,108,-0.6828125,1.265625,completed,-2.628045764173204,1.7869725728975903,9.985543188806832e-07,-3153.3637009874556,238.07431787665686,7925,success_index1,S_H,gradient_tolerance,,raw_state_verified,run.py:numpy-batch
HiSD,7.943282347242822e-05,0.002,2000000,78,-0.6640625,1.246875,completed,-2.6280457641730908,1.7869725728976598,9.985863961820763e-07,-3153.3637009875,238.07431787652808,7937,success_index1,S_H,gradient_tolerance,,raw_state_verified,run.py:numpy-batch
HiSD,7.943282347242822e-05,0.002,2000000,167,-0.7296875,1.3031249999999999,completed,-2.628045764172993,1.7869725728977202,9.986137849140249e-07,-3153.3637009875383,238.07431787641707,7937,success_index1,S_H,gradient_tolerance,,raw_state_verified,run.py:numpy-batch
HiSD,7.943282347242822e-05,0.002,2000000,137,-0.7109375,1.284375,completed,-2.6280457642176214,1.7869725729620327,9.97773934620636e-07,-3153.363700978933,238.07431797499913,7938,success_index1,S_H,gradient_tolerance,,raw_state_verified,run.py:numpy-batch
HiSD,7.943282347242822e-05,0.002,2000000,49,-0.6359375,1.228125,completed,-2.628045764173401,1.7869725728974684,9.98498846856651e-07,-3153.3637009873773,238.07431787688031,7939,success_index1,S_H,gradient_tolerance,,raw_state_verified,run.py:numpy-batch
HiSD,7.943282347242822e-05,0.002,2000000,197,-0.7484375000000001,1.321875,completed,-2.628045764170724,1.7869725728991195,9.992532848222088e-07,-3153.3637009884337,238.07431787384144,7939,success_index1,S_H,gradient_tolerance,,raw_state_verified,run.py:numpy-batch
HiSD,7.943282347242822e-05,0.002,2000000,227,-0.7671875,1.340625,completed,-2.628045764218144,1.7869725729616963,9.976246190749245e-07,-3153.3637009787262,238.07431797558525,7944,success_index1,S_H,gradient_tolerance,,raw_state_verified,run.py:numpy-batch
HiSD,7.943282347242822e-05,0.002,2000000,107,-0.6921875000000001,1.265625,completed,-2.6280457641732795,1.7869725728975432,9.985332351047524e-07,-3153.3637009874255,238.074317876742,7945,success_index1,S_H,gradient_tolerance,,raw_state_verified,run.py:numpy-batch
HiSD,7.943282347242822e-05,0.002,2000000,257,-0.7859375000000001,1.359375,completed,-2.6280457642152957,1.7869725729635282,9.984374291567085e-07,-3153.3637009798567,238.07431797239056,7945,success_index1,S_H,gradient_tolerance,,raw_state_verified,run.py:numpy-batch
HiSD,7.943282347242822e-05,0.002,2000000,59,-0.5421875,1.228125,completed,-2.628045764178325,1.786972572894433,9.971111907746121e-07,-3153.3637009854356,238.07431788247047,7951,success_index1,S_H,gradient_tolerance,,raw_state_verified,run.py:numpy-batch
HiSD,7.943282347242822e-05,0.002,2000000,94,-0.5140625000000001,1.246875,completed,-2.6280457641731707,1.7869725728976107,9.985637486867693e-07,-3153.3637009874683,238.07431787661835,7951,success_index1,S_H,gradient_tolerance,,raw_state_verified,run.py:numpy-batch
HiSD,7.943282347242822e-05,0.002,2000000,48,-0.6453125000000001,1.228125,completed,-2.6280457641742987,1.786972572896915,9.982459124290026e-07,-3153.363700987023,238.07431787789886,7959,success_index1,S_H,gradient_tolerance,,raw_state_verified,run.py:numpy-batch
HiSD,7.943282347242822e-05,0.002,2000000,77,-0.6734375,1.246875,completed,-2.6280457642159276,1.7869725729631218,9.982571040438836e-07,-3153.3637009796057,238.07431797309982,7960,success_index1,S_H,gradient_tolerance,,raw_state_verified,run.py:numpy-batch
HiSD,7.943282347242822e-05,0.002,2000000,136,-0.7203125,1.284375,completed,-2.628045764216586,1.7869725729626977,9.980689853981036e-07,-3153.3637009793447,238.07431797383748,7966,success_index1,S_H,gradient_tolerance,,raw_state_verified,run.py:numpy-batch
HiSD,7.943282347242822e-05,0.002,2000000,166,-0.7390625000000001,1.3031249999999999,completed,-2.6280457641738115,1.7869725728972157,9.983831967581579e-07,-3153.3637009872155,238.0743178773458,7967,success_index1,S_H,gradient_tolerance,,raw_state_verified,run.py:numpy-batch
HiSD,7.943282347242822e-05,0.002,2000000,196,-0.7578125,1.321875,completed,-2.6280457641721737,1.786972572898225,9.98844844909821e-07,-3153.3637009878626,238.07431787548612,7973,success_index1,S_H,gradient_tolerance,,raw_state_verified,run.py:numpy-batch
HiSD,7.943282347242822e-05,0.002,2000000,106,-0.7015625000000001,1.265625,completed,-2.6280457642163317,1.7869725729628618,9.981417662312382e-07,-3153.3637009794456,238.07431797355312,7974,success_index1,S_H,gradient_tolerance,,raw_state_verified,run.py:numpy-batch
HiSD,7.943282347242822e-05,0.002,2000000,21,-0.5984375000000001,1.2093749999999999,completed,-2.628045764174012,1.7869725728970924,9.983266198427958e-07,-3153.3637009871363,238.0743178775738,7977,success_index1,S_H,gradient_tolerance,,raw_state_verified,run.py:numpy-batch
HiSD,7.943282347242822e-05,0.002,2000000,22,-0.5890625,1.2093749999999999,completed,-2.628045764175419,1.786972572896224,9.979301538999363e-07,-3153.363700986582,238.0743178791713,7981,success_index1,S_H,gradient_tolerance,,raw_state_verified,run.py:numpy-batch
HiSD,7.943282347242822e-05,0.002,2000000,226,-0.7765625,1.340625,completed,-2.628045764176008,1.7869725728958616,9.977641135933296e-07,-3153.36370098635,238.07431787983995,7981,success_index1,S_H,gradient_tolerance,,raw_state_verified,run.py:numpy-batch
HiSD,7.943282347242822e-05,0.002,2000000,20,-0.6078125000000001,1.2093749999999999,completed,-2.628045764173354,1.7869725728974981,9.985119802794157e-07,-3153.3637009873964,238.07431787682688,7983,success_index1,S_H,gradient_tolerance,,raw_state_verified,run.py:numpy-batch
HiSD,7.943282347242822e-05,0.002,2000000,256,-0.7953125000000001,1.359375,completed,-2.6280457641742485,1.786972572896946,9.982600189961197e-07,-3153.363700987044,238.0743178778424,7986,success_index1,S_H,gradient_tolerance,,raw_state_verified,run.py:numpy-batch
HiSD,7.943282347242822e-05,0.002,2000000,47,-0.6546875000000001,1.228125,completed,-2.6280457642100736,1.7869725729668846,9.999265232458353e-07,-3153.36370098193,238.07431796653356,7988,success_index1,S_H,gradient_tolerance,,raw_state_verified,run.py:numpy-batch
HiSD,7.943282347242822e-05,0.002,2000000,76,-0.6828125,1.246875,completed,-2.6280457641726467,1.786972572897934,9.987114175651542e-07,-3153.3637009876747,238.07431787602343,7995,success_index1,S_H,gradient_tolerance,,raw_state_verified,run.py:numpy-batch
HiSD,7.943282347242822e-05,0.002,2000000,19,-0.6171875,1.2093749999999999,completed,-2.628045764173684,1.786972572897294,9.98419126918777e-07,-3153.3637009872655,238.07431787720117,7999,success_index1,S_H,gradient_tolerance,,raw_state_verified,run.py:numpy-batch
HiSD,7.943282347242822e-05,0.002,2000000,23,-0.5796875,1.2093749999999999,completed,-2.628045764214621,1.7869725729639616,9.986296589648396e-07,-3153.363700980124,238.07431797163426,8002,success_index1,S_H,gradient_tolerance,,raw_state_verified,run.py:numpy-batch
HiSD,7.943282347242822e-05,0.002,2000000,135,-0.7296875,1.284375,completed,-2.628045764172764,1.7869725728978614,9.986785391535394e-07,-3153.363700987629,238.07431787615667,8015,success_index1,S_H,gradient_tolerance,,raw_state_verified,run.py:numpy-batch
HiSD,7.943282347242822e-05,0.002,2000000,165,-0.7484375000000001,1.3031249999999999,completed,-2.6280457641727284,1.7869725728978838,9.986883778747167e-07,-3153.3637009876434,238.0743178761163,8021,success_index1,S_H,gradient_tolerance,,raw_state_verified,run.py:numpy-batch
HiSD,7.943282347242822e-05,0.002,2000000,105,-0.7109375,1.265625,completed,-2.6280457642129575,1.7869725729650305,9.991038987946292e-07,-3153.3637009807853,238.07431796976775,8026,success_index1,S_H,gradient_tolerance,,raw_state_verified,run.py:numpy-batch
HiSD,7.943282347242822e-05,0.002,2000000,18,-0.6265625,1.2093749999999999,completed,-2.6280457642168855,1.786972572962506,9.979838881023072e-07,-3153.3637009792265,238.07431797417402,8030,success_index1,S_H,gradient_tolerance,,raw_state_verified,run.py:numpy-batch
HiSD,7.943282347242822e-05,0.002,2000000,46,-0.6640625,1.228125,completed,-2.6280457641699875,1.7869725728995733,9.99460931552848e-07,-3153.363700988724,238.07431787300365,8043,success_index1,S_H,gradient_tolerance,,raw_state_verified,run.py:numpy-batch
HiSD,7.943282347242822e-05,0.002,2000000,195,-0.7671875,1.321875,completed,-2.6280457641729447,1.7869725728977504,9.986274804128032e-07,-3153.3637009875583,238.07431787636227,8045,success_index1,S_H,gradient_tolerance,,raw_state_verified,run.py:numpy-batch
HiSD,7.943282347242822e-05,0.002,2000000,225,-0.7859375000000001,1.340625,completed,-2.6280457641759085,1.7869725728959223,9.977923397696095e-07,-3153.363700986389,238.0743178797268,8067,success_index1,S_H,gradient_tolerance,,raw_state_verified,run.py:numpy-batch
HiSD,7.943282347242822e-05,0.002,2000000,75,-0.6921875000000001,1.246875,completed,-2.6280457641777097,1.7869725728948123,9.972844833786562e-07,-3153.3637009856784,238.0743178817729,8073,success_index1,S_H,gradient_tolerance,,raw_state_verified,run.py:numpy-batch
HiSD,7.943282347242822e-05,0.002,2000000,17,-0.6359375,1.2093749999999999,completed,-2.628045764217227,1.7869725729622863,9.978864511056893e-07,-3153.3637009790896,238.07431797455723,8110,success_index1,S_H,gradient_tolerance,,raw_state_verified,run.py:numpy-batch
HiSD,7.943282347242822e-05,0.002,2000000,24,-0.5703125,1.2093749999999999,completed,-2.6280457641732355,1.7869725728975707,9.9854552576698e-07,-3153.363700987443,238.0743178766922,8113,success_index1,S_H,gradient_tolerance,,raw_state_verified,run.py:numpy-batch
