method,eta,tau,budget,start_id,x0,y0,execution_status,raw_x,raw_y,grad_norm,lambda1,lambda2,n_outer_updates,terminal_category,endpoint,stop_reason,failure_reason,certification_reason,source
HiSD,0.025118864315095822,0.002,2000000,0,-0.7953125000000001,1.2093749999999999,completed,-9.219732680505066,6.142357833788031,4.801863010332623e+19,9.346334743980452e+18,4.248920504764223e+20,1,state_safeguard,U,state_safeguard,source_norm2_gt_5,raw_state_verified,run.py:numpy-batch
HiSD,0.025118864315095822,0.002,2000000,1,-0.7859375000000001,1.2093749999999999,completed,-9.751177134223285,6.575889997570929,1.4501567125325554e+22,2.684324729419303e+21,1.3606238634271446e+23,1,state_safeguard,U,state_safeguard,source_norm2_gt_5,raw_state_verified,run.py:numpy-batch
HiSD,0.025118864315095822,0.002,2000000,2,-0.7765625,1.2093749999999999,completed,-10.29448651130691,7.00021047243053,6.978094853759971e+24,1.2268515755773383e+24,6.933220654707611e+25,1,state_safeguard,U,state_safeguard,source_norm2_gt_5,raw_state_verified,run.py:numpy-batch
HiSD,0.025118864315095822,0.002,2000000,3,-0.7671875,1.2093749999999999,completed,-10.848875075967289,7.412693108151548,5.32173039082973e+27,8.87960791232928e+26,5.590950915399224e+28,1,state_safeguard,U,state_safeguard,source_norm2_gt_5,raw_state_verified,run.py:numpy-batch
HiSD,0.025118864315095822,0.002,2000000,4,-0.7578125,1.2093749999999999,completed,-11.413651646174221,7.810475181614884,6.382309303133717e+30,1.0101299046678891e+30,7.0791610654432655e+31,1,state_safeguard,U,state_safeguard,source_norm2_gt_5,raw_state_verified,run.py:numpy-batch
HiSD,0.025118864315095822,0.002,2000000,5,-0.7484375000000001,1.2093749999999999,completed,-11.988242937369918,8.190415263592104,1.1921564127083736e+34,1.7890280551359136e+33,1.3939651887745858e+35,1,state_safeguard,U,state_safeguard,source_norm2_gt_5,raw_state_verified,run.py:numpy-batch
HiSD,0.025118864315095822,0.002,2000000,6,-0.7390625000000001,1.2093749999999999,completed,-12.572219764790903,8.549037897772365,3.4318999596610745e+37,4.881164294341379e+36,4.2241955723004835e+38,1,state_safeguard,U,state_safeguard,source_norm2_gt_5,raw_state_verified,run.py:numpy-batch
HiSD,0.025118864315095822,0.002,2000000,7,-0.7296875,1.2093749999999999,completed,-13.165326197924786,8.88246078778147,1.5070556441702854e+41,2.0304126442186752e+40,1.9501139620784028e+42,1,state_safeguard,U,state_safeguard,source_norm2_gt_5,raw_state_verified,run.py:numpy-batch
HiSD,0.025118864315095822,0.002,2000000,8,-0.7203125,1.2093749999999999,completed,-13.767511563250128,9.186298643414016,1.0012164566846547e+45,1.2767343815761745e+44,1.3604618184751968e+46,1,state_safeguard,U,state_safeguard,source_norm2_gt_5,raw_state_verified,run.py:numpy-batch
HiSD,0.025118864315095822,0.002,2000000,9,-0.7109375,1.2093749999999999,completed,-14.378964780361331,9.455535659224182,1.002291370991052e+49,1.2082976502183234e+48,1.428840593373274e+50,1,state_safeguard,U,state_safeguard,source_norm2_gt_5,raw_state_verified,run.py:numpy-batch
HiSD,0.025118864315095822,0.002,2000000,10,-0.7015625000000001,1.2093749999999999,completed,-15.00014971456016,9.684355507264561,1.5169855498849252e+53,1.7260055771859657e+52,2.2673954791234978e+54,1,state_safeguard,U,state_safeguard,source_norm2_gt_5,raw_state_verified,run.py:numpy-batch
HiSD,0.025118864315095822,0.002,2000000,11,-0.6921875000000001,1.2093749999999999,completed,-15.631838715036805,9.86591331696843,3.5233585525632244e+57,3.7748086625345303e+56,5.519898824518373e+58,1,state_safeguard,U,state_safeguard,source_norm2_gt_5,raw_state_verified,run.py:numpy-batch
HiSD,0.025118864315095822,0.002,2000000,12,-0.6828125,1.2093749999999999,completed,-16.275138699565783,9.992027810975237,1.2968851498684035e+62,1.3042726258217378e+61,2.1298840932736658e+63,1,state_safeguard,U,state_safeguard,source_norm2_gt_5,raw_state_verified,run.py:numpy-batch
HiSD,0.025118864315095822,0.002,2000000,13,-0.6734375,1.2093749999999999,completed,-16.931498975998103,10.052762772276237,8.012850621705989e+66,7.533760584305538e+65,1.3803533176926914e+68,1,state_safeguard,U,state_safeguard,source_norm2_gt_5,raw_state_verified,run.py:numpy-batch
HiSD,0.025118864315095822,0.002,2000000,14,-0.6640625,1.2093749999999999,completed,-17.602680489883742,10.035854316814582,9.129669372250761e+71,7.982865270790952e+70,1.651721923751262e+73,1,state_safeguard,U,state_safeguard,source_norm2_gt_5,raw_state_verified,run.py:numpy-batch
HiSD,0.025118864315095822,0.002,2000000,15,-0.6546875000000001,1.2093749999999999,completed,-18.29064870501526,9.925922960292091,2.220921548892856e+77,1.7940619567779857e+76,4.228016595911228e+78,1,state_safeguard,U,state_safeguard,source_norm2_gt_5,raw_state_verified,run.py:numpy-batch
HiSD,0.025118864315095822,0.002,2000000,16,-0.6453125000000001,1.2093749999999999,completed,-18.99732008341288,9.70338673211595,1.4397652311297593e+83,1.065685050070227e+82,2.8922141788956444e+84,1,state_safeguard,U,state_safeguard,source_norm2_gt_5,raw_state_verified,run.py:numpy-batch
HiSD,0.025118864315095822,0.002,2000000,17,-0.6359375,1.2093749999999999,completed,-19.7240326435651,9.342965862470678,3.456737693051878e+89,2.32118015761811e+88,7.355038232553924e+90,1,state_safeguard,U,state_safeguard,source_norm2_gt_5,raw_state_verified,run.py:numpy-batch
HiSD,0.025118864315095822,0.002,2000000,18,-0.6265625,1.2093749999999999,completed,-20.47050187826639,8.811651781444189,4.9763614493764655e+96,2.996038489621521e+95,1.127036962273319e+98,1,state_safeguard,U,state_safeguard,source_norm2_gt_5,raw_state_verified,run.py:numpy-batch
HiSD,0.025118864315095822,0.002,2000000,19,-0.6171875,1.2093749999999999,completed,-21.232826444872043,8.066038647224689,8.610102523115324e+104,4.5857529719143004e+103,2.0882448066416385e+106,1,state_safeguard,U,state_safeguard,source_norm2_gt_5,raw_state_verified,run.py:numpy-batch
HiSD,0.025118864315095822,0.002,2000000,20,-0.6078125000000001,1.2093749999999999,completed,-21.999769045719837,7.049083224660422,4.7819161558933787e+114,2.220585468811912e+113,1.250953924477559e+116,1,state_safeguard,U,state_safeguard,source_norm2_gt_5,raw_state_verified,run.py:numpy-batch
HiSD,0.025118864315095822,0.002,2000000,21,-0.5984375000000001,1.2093749999999999,completed,-22.746016880093514,5.686919801676999,3.2366958896707307e+126,1.2916587887502306e+125,9.205812458555057e+127,1,state_safeguard,U,state_safeguard,source_norm2_gt_5,raw_state_verified,run.py:numpy-batch
HiSD,0.025118864315095822,0.002,2000000,22,-0.5890625,1.2093749999999999,completed,-23.42055957679977,3.8878771225659445,1.4154002751283904e+141,4.794145537386192e+139,4.4116740882137916e+142,1,state_safeguard,U,state_safeguard,source_norm2_gt_5,raw_state_verified,run.py:numpy-batch
HiSD,0.025118864315095822,0.002,2000000,23,-0.5796875,1.2093749999999999,completed,-23.928591969361687,1.549325678810465,,,,1,numerical_breakdown,U,state_safeguard,source_norm2_gt_5,nonfinite_derivatives_or_residual,run.py:numpy-batch
HiSD,0.025118864315095822,0.002,2000000,24,-0.5703125,1.2093749999999999,completed,-24.10947365496704,-1.4159320171353083,,,,1,numerical_breakdown,U,state_safeguard,source_norm2_gt_5,nonfinite_derivatives_or_residual,run.py:numpy-batch
HiSD,0.025118864315095822,0.002,2000000,25,-0.5609375000000001,1.2093749999999999,completed,-23.727559989462165,-5.017739125700784,,,,1,numerical_breakdown,U,state_safeguard,source_norm2_gt_5,nonfinite_derivatives_or_residual,run.py:numpy-batch
HiSD,0.025118864315095822,0.002,2000000,26,-0.5515625000000001,1.2093749999999999,completed,-22.518305992731822,-9.093083887621482,,,,1,numerical_breakdown,U,state_safeguard,source_norm2_gt_5,nonfinite_derivatives_or_residual,run.py:numpy-batch
HiSD,0.025118864315095822,0.002,2000000,27,-0.5421875,1.2093749999999999,completed,-20.33012344265819,-13.247370650031614,,,,1,numerical_breakdown,U,state_safeguard,source_norm2_gt_5,nonfinite_derivatives_or_residual,run.py:numpy-batch
HiSD,0.025118864315095822,0.002,2000000,28,-0.5328125000000001,1.2093749999999999,completed,-17.293041603898757,-16.96116116031826,,,,1,numerical_breakdown,U,state_safeguard,source_norm2_gt_5,nonfinite_derivatives_or_residual,run.py:numpy-batch
HiSD,0.025118864315095822,0.002,2000000,29,-0.5234375,1.2093749999999999,completed,-13.815189690905214,-19.85056579108715,,,,1,numerical_breakdown,U,state_safeguard,source_norm2_gt_5,nonfinite_derivatives_or_residual,run.py:numpy-batch
HiSD,0.025118864315095822,0.002,2000000,30,-0.5140625000000001,1.2093749999999999,completed,-10.361367257485174,-21.832517183099323,,,,1,numerical_breakdown,U,state_safeguard,source_norm2_gt_5,nonfinite_derivatives_or_residual,run.py:numpy-batch
HiSD,0.025118864315095822,0.002,2000000,31,-0.5046875000000001,1.2093749999999999,completed,-7.244943295185552,-23.05495164540709,,,,1,numerical_breakdown,U,state_safeguard,source_norm2_gt_5,nonfinite_derivatives_or_residual,run.py:numpy-batch
HiSD,0.025118864315095822,0.002,2000000,32,-0.7953125000000001,1.228125,completed,-8.035111613196715,5.630920279504066,1327473192295683.5,311836784644408.3,1.0043589731926842e+16,1,state_safeguard,U,state_safeguard,source_norm2_gt_5,raw_state_verified,run.py:numpy-batch
HiSD,0.025118864315095822,0.002,2000000,33,-0.7859375000000001,1.228125,completed,-8.54986222735713,6.0957110687931575,1.8793475316054938e+17,4.178503182400973e+16,1.5186518410489892e+18,1,state_safeguard,U,state_safeguard,source_norm2_gt_5,raw_state_verified,run.py:numpy-batch
HiSD,0.025118864315095822,0.002,2000000,34,-0.7765625,1.228125,completed,-9.077776961035763,6.556183097869743,4.283818729639312e+19,9.002730579528579e+18,3.6911220257372465e+20,1,state_safeguard,U,state_safeguard,source_norm2_gt_5,raw_state_verified,run.py:numpy-batch
HiSD,0.025118864315095822,0.002,2000000,35,-0.7671875,1.228125,completed,-9.617917709932636,7.010121656710345,1.5701953471344204e+22,3.1174921345984406e+21,1.4398741750218863e+23,1,state_safeguard,U,state_safeguard,source_norm2_gt_5,raw_state_verified,run.py:numpy-batch
HiSD,0.025118864315095822,0.002,2000000,36,-0.7578125,1.228125,completed,-10.169406789349066,7.455138481420109,9.211350899686036e+24,1.72781433842653e+24,8.971051077311997e+25,1,state_safeguard,U,state_safeguard,source_norm2_gt_5,raw_state_verified,run.py:numpy-batch
HiSD,0.025118864315095822,0.002,2000000,37,-0.7484375000000001,1.228125,completed,-10.731446528963586,7.8886485384477485,8.579498428850064e+27,1.5209297912899708e+27,8.855596085706055e+28,1,state_safeguard,U,state_safeguard,source_norm2_gt_5,raw_state_verified,run.py:numpy-batch
HiSD,0.025118864315095822,0.002,2000000,38,-0.7390625000000001,1.228125,completed,-11.303341770868844,8.307839317671071,1.2549432442710522e+31,2.1035820670603747e+30,1.3699834335708771e+32,1,state_safeguard,U,state_safeguard,source_norm2_gt_5,raw_state_verified,run.py:numpy-batch
HiSD,0.025118864315095822,0.002,2000000,39,-0.7296875,1.228125,completed,-11.884525615840989,8.709630222545693,2.844789549238419e+34,4.5111939736555025e+33,3.2780297180235603e+35,1,state_safeguard,U,state_safeguard,source_norm2_gt_5,raw_state_verified,run.py:numpy-batch
HiSD,0.025118864315095822,0.002,2000000,40,-0.7203125,1.228125,completed,-12.474588805639852,9.090618827708866,9.847664697773532e+37,1.4779209685250458e+37,1.1955287434706763e+39,1,state_safeguard,U,state_safeguard,source_norm2_gt_5,raw_state_verified,run.py:numpy-batch
HiSD,0.025118864315095822,0.002,2000000,41,-0.7109375,1.228125,completed,-13.073313139655516,9.447009627153369,5.127802171641134e+41,7.284560809296135e+40,6.547693170475049e+42,1,state_safeguard,U,state_safeguard,source_norm2_gt_5,raw_state_verified,run.py:numpy-batch
HiSD,0.025118864315095822,0.002,2000000,42,-0.7015625000000001,1.228125,completed,-13.68070925994949,9.774519273741937,3.961555523519518e+45,5.326373602154419e+44,5.312638224265495e+46,1,state_safeguard,U,state_safeguard,source_norm2_gt_5,raw_state_verified,run.py:numpy-batch
HiSD,0.025118864315095822,0.002,2000000,43,-0.6921875000000001,1.228125,completed,-14.29705892140607,10.068249993593389,4.494390301009615e+49,5.715902600607167e+48,6.322215011585168e+50,1,state_safeguard,U,state_safeguard,source_norm2_gt_5,raw_state_verified,run.py:numpy-batch
HiSD,0.025118864315095822,0.002,2000000,44,-0.6828125,1.228125,completed,-14.922961342793462,10.322519521918304,7.4590479549356005e+53,8.963176667263015e+52,1.0995961940866067e+55,1,state_safeguard,U,state_safeguard,source_norm2_gt_5,raw_state_verified,run.py:numpy-batch
HiSD,0.025118864315095822,0.002,2000000,45,-0.6734375,1.228125,completed,-15.559382129600259,10.53063106012038,1.8231090107960044e+58,2.0662019109620374e+57,2.8149321979017648e+59,1,state_safeguard,U,state_safeguard,source_norm2_gt_5,raw_state_verified,run.py:numpy-batch
HiSD,0.025118864315095822,0.002,2000000,46,-0.6640625,1.228125,completed,-16.207701039878422,10.684559667305468,6.71418237486309e+62,7.157805415526279e+61,1.085667531727545e+64,1,state_safeguard,U,state_safeguard,source_norm2_gt_5,raw_state_verified,run.py:numpy-batch
HiSD,0.025118864315095822,0.002,2000000,47,-0.6546875000000001,1.228125,completed,-16.869750519765034,10.774521101022357,3.9051254017297454e+67,3.901530407341949e+66,6.615441562509275e+68,1,state_safeguard,U,state_safeguard,source_norm2_gt_5,raw_state_verified,run.py:numpy-batch
HiSD,0.025118864315095822,0.002,2000000,48,-0.6453125000000001,1.228125,completed,-17.547828536737093,10.788373878447407,3.895331549521064e+72,3.6289762761199004e+71,6.920515611558144e+73,1,state_safeguard,U,state_safeguard,source_norm2_gt_5,raw_state_verified,run.py:numpy-batch
HiSD,0.025118864315095822,0.002,2000000,49,-0.6359375,1.228125,completed,-18.24465305816252,10.710783218371263,7.621442336326238e+77,6.577587995492944e+76,1.4226239666230769e+79,1,state_safeguard,U,state_safeguard,source_norm2_gt_5,raw_state_verified,run.py:numpy-batch
HiSD,0.025118864315095822,0.002,2000000,50,-0.6265625,1.228125,completed,-18.963194328880945,10.522044344653507,3.608545819068391e+83,2.8608854708991922e+82,7.096480171632901e+84,1,state_safeguard,U,state_safeguard,source_norm2_gt_5,raw_state_verified,run.py:numpy-batch
HiSD,0.025118864315095822,0.002,2000000,51,-0.6171875,1.228125,completed,-19.70626083391333,10.196421554631852,5.699299739282329e+89,4.107309147525074e+88,1.1854382901102761e+91,1,state_safeguard,U,state_safeguard,source_norm2_gt_5,raw_state_verified,run.py:numpy-batch
HiSD,0.025118864315095822,0.002,2000000,52,-0.6078125000000001,1.228125,completed,-20.47559843026528,9.69981426102108,4.8685678825553695e+96,3.148696257818226e+95,1.076625041350571e+98,1,state_safeguard,U,state_safeguard,source_norm2_gt_5,raw_state_verified,run.py:numpy-batch
HiSD,0.025118864315095822,0.002,2000000,53,-0.5984375000000001,1.228125,completed,-21.270039198447716,8.986540113069376,4.617036900198868e+104,2.639474279395561e+103,1.092758476483446e+106,1,state_safeguard,U,state_safeguard,source_norm2_gt_5,raw_state_verified,run.py:numpy-batch
HiSD,0.025118864315095822,0.002,2000000,54,-0.5890625,1.228125,completed,-22.08182126652034,7.995123250316235,1.3932789786117455e+114,6.92213525570157e+112,3.5581924811844314e+115,1,state_safeguard,U,state_safeguard,source_norm2_gt_5,raw_state_verified,run.py:numpy-batch
HiSD,0.025118864315095822,0.002,2000000,55,-0.5796875,1.228125,completed,-22.88948167219979,6.643469471165975,5.97470297004001e+125,2.53441985894814e+124,1.6618855986559327e+127,1,state_safeguard,U,state_safeguard,source_norm2_gt_5,raw_state_verified,run.py:numpy-batch
HiSD,0.025118864315095822,0.002,2000000,56,-0.5703125,1.228125,completed,-23.644707367706918,4.825417094495669,2.6682874761037347e+140,9.508697258360573e+138,8.163266264993826e+141,1,state_safeguard,U,state_safeguard,source_norm2_gt_5,raw_state_verified,run.py:numpy-batch
HiSD,0.025118864315095822,0.002,2000000,57,-0.5609375000000001,1.228125,completed,-24.25001068721343,2.414918121983522,,,,1,numerical_breakdown,U,state_safeguard,source_norm2_gt_5,nonfinite_derivatives_or_residual,run.py:numpy-batch
HiSD,0.025118864315095822,0.002,2000000,58,-0.5515625000000001,1.228125,completed,-24.527790671318424,-0.7070125278710877,,,,1,numerical_breakdown,U,state_safeguard,source_norm2_gt_5,nonfinite_derivatives_or_residual,run.py:numpy-batch
HiSD,0.025118864315095822,0.002,2000000,59,-0.5421875,1.228125,completed,-24.19931229477011,-4.577440182056467,,,,1,numerical_breakdown,U,state_safeguard,source_norm2_gt_5,nonfinite_derivatives_or_residual,run.py:numpy-batch
HiSD,0.025118864315095822,0.002,2000000,60,-0.5328125000000001,1.228125,completed,-22.93262552211008,-9.021041481125938,,,,1,numerical_breakdown,U,state_safeguard,source_norm2_gt_5,nonfinite_derivatives_or_residual,run.py:numpy-batch
HiSD,0.025118864315095822,0.002,2000000,61,-0.5234375,1.228125,completed,-20.530057701715602,-13.556561858555643,,,,1,numerical_breakdown,U,state_safeguard,source_norm2_gt_5,nonfinite_derivatives_or_residual,run.py:numpy-batch
HiSD,0.025118864315095822,0.002,2000000,62,-0.5140625000000001,1.228125,completed,-17.16500446263263,-17.539820842991322,,,,1,numerical_breakdown,U,state_safeguard,source_norm2_gt_5,nonfinite_derivatives_or_residual,run.py:numpy-batch
HiSD,0.025118864315095822,0.002,2000000,63,-0.5046875000000001,1.228125,completed,-13.363204984049002,-20.52831457269564,,,,1,numerical_breakdown,U,state_safeguard,source_norm2_gt_5,nonfinite_derivatives_or_residual,run.py:numpy-batch
HiSD,0.025118864315095822,0.002,2000000,64,-0.7953125000000001,1.246875,completed,-6.86607690155412,5.052624550249641,168138135318.85574,48706389278.430984,1064883777976.5862,1,state_safeguard,U,state_safeguard,source_norm2_gt_5,raw_state_verified,run.py:numpy-batch
HiSD,0.025118864315095822,0.002,2000000,65,-0.7859375000000001,1.246875,completed,-7.361473274982197,5.538707591282166,11030396050435.816,2999405443099.7803,75340435521917.19,1,state_safeguard,U,state_safeguard,source_norm2_gt_5,raw_state_verified,run.py:numpy-batch
HiSD,0.025118864315095822,0.002,2000000,66,-0.7765625,1.246875,completed,-7.871534654819345,6.024637089073054,1167926373618549.5,297652036317605.94,8586158743628692.0,1,state_safeguard,U,state_safeguard,source_norm2_gt_5,raw_state_verified,run.py:numpy-batch
HiSD,0.025118864315095822,0.002,2000000,67,-0.7671875,1.246875,completed,-8.39522310235116,6.508514841751582,2.005181112356447e+17,4.788704510090465e+16,1.5827481238068483e+18,1,state_safeguard,U,state_safeguard,source_norm2_gt_5,raw_state_verified,run.py:numpy-batch
HiSD,0.025118864315095822,0.002,2000000,68,-0.7578125,1.246875,completed,-8.9315315819959,6.988304145892161,5.58693960156437e+19,1.2511455735245564e+19,4.721978658911774e+20,1,state_safeguard,U,state_safeguard,source_norm2_gt_5,raw_state_verified,run.py:numpy-batch
HiSD,0.025118864315095822,0.002,2000000,69,-0.7484375000000001,1.246875,completed,-9.479499399702402,7.461817760154815,2.5185157816160054e+22,5.295048675842536e+21,2.2728049884349662e+23,1,state_safeguard,U,state_safeguard,source_norm2_gt_5,raw_state_verified,run.py:numpy-batch
HiSD,0.025118864315095822,0.002,2000000,70,-0.7390625000000001,1.246875,completed,-10.03823023210282,7.926701685726129,1.8240605556886161e+25,3.605745222281983e+24,1.752685306114004e+26,1,state_safeguard,U,state_safeguard,source_norm2_gt_5,raw_state_verified,run.py:numpy-batch
HiSD,0.025118864315095822,0.002,2000000,71,-0.7296875,1.246875,completed,-10.606913049986115,8.380413388456576,2.099949608901655e+28,3.909093811947823e+27,2.142568068525742e+29,1,state_safeguard,U,state_safeguard,source_norm2_gt_5,raw_state_verified,run.py:numpy-batch
HiSD,0.025118864315095822,0.002,2000000,72,-0.7203125,1.246875,completed,-11.18484632571742,8.820192658809624,3.7890489122624206e+31,6.652371072294404e+30,4.094353233769514e+32,1,state_safeguard,U,state_safeguard,source_norm2_gt_5,raw_state_verified,run.py:numpy-batch
HiSD,0.025118864315095822,0.002,2000000,73,-0.7109375,1.246875,completed,-11.771466013673377,9.243022709021092,1.0535196182509509e+35,1.7469448960784677e+34,1.2027196890628044e+36,1,state_safeguard,U,state_safeguard,source_norm2_gt_5,raw_state_verified,run.py:numpy-batch
HiSD,0.025118864315095822,0.002,2000000,74,-0.7015625000000001,1.246875,completed,-12.366377900488555,9.645578271627238,4.4288831177946284e+38,6.9444771557393905e+37,5.329678503837252e+39,1,state_safeguard,U,state_safeguard,source_norm2_gt_5,raw_state_verified,run.py:numpy-batch
HiSD,0.025118864315095822,0.002,2000000,75,-0.6921875000000001,1.246875,completed,-12.969395025029522,10.024156284352603,2.7594649375801517e+42,4.0951522634678304e+41,3.493229421848343e+43,1,state_safeguard,U,state_safeguard,source_norm2_gt_5,raw_state_verified,run.py:numpy-batch
HiSD,0.025118864315095822,0.002,2000000,76,-0.6828125,1.246875,completed,-13.58058094161811,10.374583060026428,2.49935164840487e+46,3.512368537551273e+45,3.322307089115259e+47,1,state_safeguard,U,state_safeguard,source_norm2_gt_5,raw_state_verified,run.py:numpy-batch
HiSD,0.025118864315095822,0.002,2000000,77,-0.6734375,1.246875,completed,-14.200299584482943,10.69208940748487,3.2362857533634125e+50,4.3069576727445033e+49,4.510276547871166e+51,1,state_safeguard,U,state_safeguard,source_norm2_gt_5,raw_state_verified,run.py:numpy-batch
HiSD,0.025118864315095822,0.002,2000000,78,-0.6640625,1.246875,completed,-14.829272272176816,10.971141617557944,5.923925485519662e+54,7.46199194757946e+53,8.645321901464567e+55,1,state_safeguard,U,state_safeguard,source_norm2_gt_5,raw_state_verified,run.py:numpy-batch
HiSD,0.025118864315095822,0.002,2000000,79,-0.6546875000000001,1.246875,completed,-15.468641735787102,11.205210987582223,1.530091509875672e+59,1.8219694599673281e+58,2.3363484427766098e+60,1,state_safeguard,U,state_safeguard,source_norm2_gt_5,raw_state_verified,run.py:numpy-batch
HiSD,0.025118864315095822,0.002,2000000,80,-0.6453125000000001,1.246875,completed,-16.120041503816555,11.386456749501095,5.649609708209208e+63,6.345836284481628e+62,9.022243591138444e+64,1,state_safeguard,U,state_safeguard,source_norm2_gt_5,raw_state_verified,run.py:numpy-batch
HiSD,0.025118864315095822,0.002,2000000,81,-0.6359375,1.246875,completed,-16.785665618661785,11.50528553182921,3.0901443856055843e+68,3.2634789608431404e+67,5.1619489502343535e+69,1,state_safeguard,U,state_safeguard,source_norm2_gt_5,raw_state_verified,run.py:numpy-batch
HiSD,0.025118864315095822,0.002,2000000,82,-0.6265625,1.246875,completed,-17.468326672516543,11.549732758581346,2.683878855221205e+73,2.652656323866517e+72,4.693419878256904e+74,1,state_safeguard,U,state_safeguard,source_norm2_gt_5,raw_state_verified,run.py:numpy-batch
HiSD,0.025118864315095822,0.002,2000000,83,-0.6171875,1.246875,completed,-18.17147587063043,11.504584615065795,4.172740167748372e+78,3.835283731929646e+77,7.651577491218016e+79,1,state_safeguard,U,state_safeguard,source_norm2_gt_5,raw_state_verified,run.py:numpy-batch
HiSD,0.025118864315095822,0.002,2000000,84,-0.6078125000000001,1.246875,completed,-18.899129816813012,11.350119223858073,1.4113660058950844e+84,1.1962145450954502e+83,2.7210007043591435e+85,1,state_safeguard,U,state_safeguard,source_norm2_gt_5,raw_state_verified,run.py:numpy-batch
HiSD,0.025118864315095822,0.002,2000000,85,-0.5984375000000001,1.246875,completed,-19.655589759095225,11.060287910856761,1.412538486856649e+90,1.091981651522231e+89,2.8744299072837183e+91,1,state_safeguard,U,state_safeguard,source_norm2_gt_5,raw_state_verified,run.py:numpy-batch
HiSD,0.025118864315095822,0.002,2000000,86,-0.5890625,1.246875,completed,-20.444719019758473,10.600080859945232,6.740425650653568e+96,4.6876889089727597e+95,1.4556731419745122e+98,1,state_safeguard,U,state_safeguard,source_norm2_gt_5,raw_state_verified,run.py:numpy-batch
HiSD,0.025118864315095822,0.002,2000000,87,-0.5796875,1.246875,completed,-21.268300519136332,9.921742991191882,3.188944739232484e+104,1.9618339160041453e+103,7.361685182854807e+105,1,state_safeguard,U,state_safeguard,source_norm2_gt_5,raw_state_verified,run.py:numpy-batch
HiSD,0.025118864315095822,0.002,2000000,88,-0.5703125,1.246875,completed,-22.12250815912623,8.959507140955745,4.5427407012166554e+113,2.4240633070591606e+112,1.1312480304171308e+115,1,state_safeguard,U,state_safeguard,source_norm2_gt_5,raw_state_verified,run.py:numpy-batch
HiSD,0.025118864315095822,0.002,2000000,89,-0.5609375000000001,1.246875,completed,-22.99059241934794,7.62287738306537,1.0139508513938688e+125,4.593670236166633e+123,2.753534958024462e+126,1,state_safeguard,U,state_safeguard,source_norm2_gt_5,raw_state_verified,run.py:numpy-batch
HiSD,0.025118864315095822,0.002,2000000,90,-0.5515625000000001,1.246875,completed,-23.828311908659693,5.790082461321923,3.6365997250462767e+139,1.3700885563793181e+138,1.0898840128640365e+141,1,state_safeguard,U,state_safeguard,source_norm2_gt_5,raw_state_verified,run.py:numpy-batch
HiSD,0.025118864315095822,0.002,2000000,91,-0.5421875,1.246875,completed,-24.536976311360498,3.308321482207922,,,,1,numerical_breakdown,U,state_safeguard,source_norm2_gt_5,nonfinite_derivatives_or_residual,run.py:numpy-batch
HiSD,0.025118864315095822,0.002,2000000,92,-0.5328125000000001,1.246875,completed,-24.92144799251933,0.019764452768433527,,,,1,numerical_breakdown,U,state_safeguard,source_norm2_gt_5,nonfinite_derivatives_or_residual,run.py:numpy-batch
HiSD,0.025118864315095822,0.002,2000000,93,-0.5234375,1.246875,completed,-24.652125482043147,-4.148958668634972,,,,1,numerical_breakdown,U,state_safeguard,source_norm2_gt_5,nonfinite_derivatives_or_residual,run.py:numpy-batch
HiSD,0.025118864315095822,0.002,2000000,94,-0.5140625000000001,1.246875,completed,-23.311969735062547,-9.009048147671677,,,,1,numerical_breakdown,U,state_safeguard,source_norm2_gt_5,nonfinite_derivatives_or_residual,run.py:numpy-batch
HiSD,0.025118864315095822,0.002,2000000,95,-0.5046875000000001,1.246875,completed,-20.647107687460966,-13.965089802554745,,,,1,numerical_breakdown,U,state_safeguard,source_norm2_gt_5,nonfinite_derivatives_or_residual,run.py:numpy-batch
HiSD,0.025118864315095822,0.002,2000000,96,-0.7953125000000001,1.265625,completed,-5.719956878852271,4.430310809156685,100537615.09174982,37118225.444206424,518136949.9854694,1,state_safeguard,U,state_safeguard,source_norm2_gt_5,raw_state_verified,run.py:numpy-batch
HiSD,0.025118864315095822,0.002,2000000,97,-0.7859375000000001,1.265625,completed,-6.193155463044499,4.928971965733822,3077667360.9356356,1051942124.6931425,17333718464.85672,1,state_safeguard,U,state_safeguard,source_norm2_gt_5,raw_state_verified,run.py:numpy-batch
HiSD,0.025118864315095822,0.002,2000000,98,-0.7765625,1.265625,completed,-6.68263132587269,5.431063698102881,150691739465.15146,47604861054.608925,925299422002.325,1,state_safeguard,U,state_safeguard,source_norm2_gt_5,raw_state_verified,run.py:numpy-batch
HiSD,0.025118864315095822,0.002,2000000,99,-0.7671875,1.265625,completed,-7.187294631072642,5.934951741186052,11934600046838.459,3486673911777.714,79633024736711.0,1,state_safeguard,U,state_safeguard,source_norm2_gt_5,raw_state_verified,run.py:numpy-batch
HiSD,0.025118864315095822,0.002,2000000,100,-0.7578125,1.265625,completed,-7.706062679155904,6.4388811946129625,1540626527208270.2,417007815655010.7,1.1129153938933284e+16,1,state_safeguard,U,state_safeguard,source_norm2_gt_5,raw_state_verified,run.py:numpy-batch
HiSD,0.025118864315095822,0.002,2000000,101,-0.7484375000000001,1.265625,completed,-8.237871335056878,6.94097104465479,3.253508446391689e+17,8.179673154204944e+16,2.534702115025784e+18,1,state_safeguard,U,state_safeguard,source_norm2_gt_5,raw_state_verified,run.py:numpy-batch
HiSD,0.025118864315095822,0.002,2000000,102,-0.7390625000000001,1.265625,completed,-8.781688762982494,7.4392064499356625,1.12338493647016e+20,2.6307306418743923e+19,9.402876406791905e+20,1,state_safeguard,U,state_safeguard,source_norm2_gt_5,raw_state_verified,run.py:numpy-batch
HiSD,0.025118864315095822,0.002,2000000,103,-0.7296875,1.265625,completed,-9.33653166242298,7.931427983354968,6.310937932769975e+22,1.3805972322955028e+22,5.6543994694242224e+23,1,state_safeguard,U,state_safeguard,source_norm2_gt_5,raw_state_verified,run.py:numpy-batch
HiSD,0.025118864315095822,0.002,2000000,104,-0.7203125,1.265625,completed,-9.901484276736669,8.415316797745662,5.715161035491344e+25,1.1712846545991164e+25,5.462140226373664e+26,1,state_safeguard,U,state_safeguard,source_norm2_gt_5,raw_state_verified,run.py:numpy-batch
HiSD,0.025118864315095822,0.002,2000000,105,-0.7109375,1.265625,completed,-10.475720542111663,8.8883743714626,8.231787533388334e+28,1.5847452255743657e+28,8.364520205224502e+29,1,state_safeguard,U,state_safeguard,source_norm2_gt_5,raw_state_verified,run.py:numpy-batch
HiSD,0.025118864315095822,0.002,2000000,106,-0.7015625000000001,1.265625,completed,-11.058529861665784,9.347895061162644,1.8534140137138685e+32,3.360060822665631e+31,1.9961714579495384e+33,1,state_safeguard,U,state_safeguard,source_norm2_gt_5,raw_state_verified,run.py:numpy-batch
HiSD,0.025118864315095822,0.002,2000000,107,-0.6921875000000001,1.265625,completed,-11.649347133279505,9.790929088696256,6.389787597040249e+35,1.093288779981743e+35,7.273698078015664e+36,1,state_safeguard,U,state_safeguard,source_norm2_gt_5,raw_state_verified,run.py:numpy-batch
HiSD,0.025118864315095822,0.002,2000000,108,-0.6828125,1.265625,completed,-12.247787830311953,10.21423274539187,3.2955234843692695e+39,5.331845116027016e+38,3.954612304589382e+40,1,state_safeguard,U,state_safeguard,source_norm2_gt_5,raw_state_verified,run.py:numpy-batch
HiSD,0.025118864315095822,0.002,2000000,109,-0.6734375,1.265625,completed,-12.853689131918998,10.614201394527482,2.4802274228942716e+43,3.800363679487734e+42,3.130081725324667e+44,1,state_safeguard,U,state_safeguard,source_norm2_gt_5,raw_state_verified,run.py:numpy-batch
HiSD,0.025118864315095822,0.002,2000000,110,-0.6640625,1.265625,completed,-13.467158311932307,10.98677912089542,2.6566082749139152e+47,3.8595500876101967e+46,3.518553281474327e+48,1,state_safeguard,U,state_safeguard,source_norm2_gt_5,raw_state_verified,run.py:numpy-batch
HiSD,0.025118864315095822,0.002,2000000,111,-0.6546875000000001,1.265625,completed,-14.088629789669014,11.327336350584648,3.956843622348241e+51,5.453990542501268e+50,5.489970660922225e+52,1,state_safeguard,U,state_safeguard,source_norm2_gt_5,raw_state_verified,run.py:numpy-batch
HiSD,0.025118864315095822,0.002,2000000,112,-0.6453125000000001,1.265625,completed,-14.718932345294471,11.630503032567978,8.042698109829954e+55,1.0518327419073221e+55,1.1672379170871886e+57,1,state_safeguard,U,state_safeguard,source_norm2_gt_5,raw_state_verified,run.py:numpy-batch
HiSD,0.025118864315095822,0.002,2000000,113,-0.6359375,1.265625,completed,-15.359367833076107,11.889939391321992,2.2072968468801003e+60,2.7371130785646624e+59,3.347101709240064e+61,1,state_safeguard,U,state_safeguard,source_norm2_gt_5,raw_state_verified,run.py:numpy-batch
HiSD,0.025118864315095822,0.002,2000000,114,-0.6265625,1.265625,completed,-16.011801920813685,12.098017799119491,8.201297563860297e+64,9.627588103926817e+63,1.2985196971354972e+66,1,state_safeguard,U,state_safeguard,source_norm2_gt_5,raw_state_verified,run.py:numpy-batch
HiSD,0.025118864315095822,0.002,2000000,115,-0.6171875,1.265625,completed,-16.67876516492818,12.24537634122914,4.223244005342674e+69,4.680665574148022e+68,6.980927443445958e+70,1,state_safeguard,U,state_safeguard,source_norm2_gt_5,raw_state_verified,run.py:numpy-batch
HiSD,0.025118864315095822,0.002,2000000,116,-0.6078125000000001,1.265625,completed,-17.36355746800648,12.320284534216006,3.1849955337040815e+74,3.318923721542741e+73,5.4993791686411515e+75,1,state_safeguard,U,state_safeguard,source_norm2_gt_5,raw_state_verified,run.py:numpy-batch
HiSD,0.025118864315095822,0.002,2000000,117,-0.5984375000000001,1.265625,completed,-18.070337205947485,12.307730267539243,3.9006399916385205e+79,3.798933697623827e+78,7.045085018837154e+80,1,state_safeguard,U,state_safeguard,source_norm2_gt_5,raw_state_verified,run.py:numpy-batch
HiSD,0.025118864315095822,0.002,2000000,118,-0.5890625,1.265625,completed,-18.804150710875675,12.188088014815166,9.255540848685129e+84,8.35562152551631e+83,1.752977769598461e+86,1,state_safeguard,U,state_safeguard,source_norm2_gt_5,raw_state_verified,run.py:numpy-batch
HiSD,0.025118864315095822,0.002,2000000,119,-0.5796875,1.265625,completed,-19.57080253627748,11.935152778585346,5.679934169312315e+90,4.700531044599828e+89,1.1324480792362245e+92,1,state_safeguard,U,state_safeguard,source_norm2_gt_5,raw_state_verified,run.py:numpy-batch
HiSD,0.025118864315095822,0.002,2000000,120,-0.5703125,1.265625,completed,-20.37634773295271,11.513212449772084,1.4316378906699053e+97,1.0704036848357892e+96,3.021569534572804e+98,1,state_safeguard,U,state_safeguard,source_norm2_gt_5,raw_state_verified,run.py:numpy-batch
HiSD,0.025118864315095822,0.002,2000000,121,-0.5609375000000001,1.265625,completed,-21.22572999361215,10.872684185683099,3.0846439601545184e+104,2.0455869157875955e+103,6.944826704524402e+105,1,state_safeguard,U,state_safeguard,source_norm2_gt_5,raw_state_verified,run.py:numpy-batch
HiSD,0.025118864315095822,0.002,2000000,122,-0.5515625000000001,1.265625,completed,-22.11953686604434,9.943714285773385,1.7994747011801102e+113,1.0349438540428202e+112,4.3654846582270645e+114,1,state_safeguard,U,state_safeguard,source_norm2_gt_5,raw_state_verified,run.py:numpy-batch
HiSD,0.025118864315095822,0.002,2000000,123,-0.5421875,1.265625,completed,-23.04668774863339,8.627302660429311,1.6986005358946735e+124,8.25879337505564e+122,4.496150552958666e+125,1,state_safeguard,U,state_safeguard,source_norm2_gt_5,raw_state_verified,run.py:numpy-batch
HiSD,0.025118864315095822,0.002,2000000,124,-0.5328125000000001,1.265625,completed,-23.968648447903977,6.784923686065918,3.7460896127017986e+138,1.4999781034167217e+137,1.0975389324685343e+140,1,state_safeguard,U,state_safeguard,source_norm2_gt_5,raw_state_verified,run.py:numpy-batch
HiSD,0.025118864315095822,0.002,2000000,125,-0.5234375,1.265625,completed,-24.78750647493205,4.23319521986927,,,,1,numerical_breakdown,U,state_safeguard,source_norm2_gt_5,nonfinite_derivatives_or_residual,run.py:numpy-batch
HiSD,0.025118864315095822,0.002,2000000,126,-0.5140625000000001,1.265625,completed,-25.290313013892106,0.7666116327613443,,,,1,numerical_breakdown,U,state_safeguard,source_norm2_gt_5,nonfinite_derivatives_or_residual,run.py:numpy-batch
HiSD,0.025118864315095822,0.002,2000000,127,-0.5046875000000001,1.265625,completed,-25.086854112970194,-3.7367660097546924,,,,1,numerical_breakdown,U,state_safeguard,source_norm2_gt_5,nonfinite_derivatives_or_residual,run.py:numpy-batch
HiSD,0.025118864315095822,0.002,2000000,128,-0.7953125000000001,1.284375,completed,-4.604125514754496,3.784799117101901,279509.66279017256,138085.0056746817,1127529.656429926,1,state_safeguard,U,state_safeguard,source_norm2_gt_5,raw_state_verified,run.py:numpy-batch
HiSD,0.025118864315095822,0.002,2000000,129,-0.7859375000000001,1.284375,completed,-5.052269359086484,4.2883338885155995,4127728.8895198223,1846041.3523885238,18557617.538431384,1,state_safeguard,U,state_safeguard,source_norm2_gt_5,raw_state_verified,run.py:numpy-batch
HiSD,0.025118864315095822,0.002,2000000,130,-0.7765625,1.284375,completed,-5.518324739157362,4.798384846597959,95265062.28937338,38464406.21967883,475514499.95969486,1,state_safeguard,U,state_safeguard,source_norm2_gt_5,raw_state_verified,run.py:numpy-batch
HiSD,0.025118864315095822,0.002,2000000,131,-0.7671875,1.284375,completed,-6.0011909825703365,5.313555859464867,3499904112.665506,1279468531.638083,19302646280.677383,1,state_safeguard,U,state_safeguard,source_norm2_gt_5,raw_state_verified,run.py:numpy-batch
HiSD,0.025118864315095822,0.002,2000000,132,-0.7578125,1.284375,completed,-6.499756714689099,5.832337425525522,207753646826.50287,69074661137.84511,1259172596955.0498,1,state_safeguard,U,state_safeguard,source_norm2_gt_5,raw_state_verified,run.py:numpy-batch
HiSD,0.025118864315095822,0.002,2000000,133,-0.7484375000000001,1.284375,completed,-7.012907442134159,6.3531049891700375,20151490937777.133,6124403432386.789,133483420793650.11,1,state_safeguard,U,state_safeguard,source_norm2_gt_5,raw_state_verified,run.py:numpy-batch
HiSD,0.025118864315095822,0.002,2000000,134,-0.7390625000000001,1.284375,completed,-7.539535301407772,6.874116183998416,3216819064679042.0,898222260834418.8,2.3164218055133236e+16,1,state_safeguard,U,state_safeguard,source_norm2_gt_5,raw_state_verified,run.py:numpy-batch
HiSD,0.025118864315095822,0.002,2000000,135,-0.7296875,1.284375,completed,-8.07855105287119,7.393506509913821,8.473382499648886e+17,2.1844767922301226e+17,6.59987432484926e+18,1,state_safeguard,U,state_safeguard,source_norm2_gt_5,raw_state_verified,run.py:numpy-batch
HiSD,0.025118864315095822,0.002,2000000,136,-0.7203125,1.284375,completed,-8.628898463204251,7.909282832676465,3.675445941823427e+20,8.788962659929216e+19,3.0820552005954206e+21,1,state_safeguard,U,state_safeguard,source_norm2_gt_5,raw_state_verified,run.py:numpy-batch
HiSD,0.025118864315095822,0.002,2000000,137,-0.7109375,1.284375,completed,-9.189571294521578,8.419313933117301,2.607460093570083e+23,5.808137263545709e+22,2.3437500302798644e+24,1,state_safeguard,U,state_safeguard,source_norm2_gt_5,raw_state_verified,run.py:numpy-batch
HiSD,0.025118864315095822,0.002,2000000,138,-0.7015625000000001,1.284375,completed,-9.759633212689934,8.921317109003104,2.9904584644465952e+26,6.229433676492796e+25,2.869781817616515e+27,1,state_safeguard,U,state_safeguard,source_norm2_gt_5,raw_state_verified,run.py:numpy-batch
HiSD,0.025118864315095822,0.002,2000000,139,-0.6921875000000001,1.284375,completed,-10.338241043445164,9.412839525971208,5.455311300727141e+29,1.0665148716915411e+29,5.56848412858788e+30,1,state_safeguard,U,state_safeguard,source_norm2_gt_5,raw_state_verified,run.py:numpy-batch
HiSD,0.025118864315095822,0.002,2000000,140,-0.6828125,1.284375,completed,-10.924671951363916,9.891232587994912,1.550717658584305e+33,2.8543518511401832e+32,1.6779235701804743e+34,1,state_safeguard,U,state_safeguard,source_norm2_gt_5,raw_state_verified,run.py:numpy-batch
HiSD,0.025118864315095822,0.002,2000000,141,-0.6734375,1.284375,completed,-11.518355303369798,10.353616999004236,6.703074175045349e+36,1.1649625511360518e+36,7.664281961184199e+37,1,state_safeguard,U,state_safeguard,source_norm2_gt_5,raw_state_verified,run.py:numpy-batch
HiSD,0.025118864315095822,0.002,2000000,142,-0.6640625,1.284375,completed,-12.118910209758512,10.796835343460213,4.2861436044255036e+40,7.050893378559394e+39,5.1638586427674456e+41,1,state_safeguard,U,state_safeguard,source_norm2_gt_5,raw_state_verified,run.py:numpy-batch
HiSD,0.025118864315095822,0.002,2000000,143,-0.6546875000000001,1.284375,completed,-12.726190027289945,11.217387799055425,3.935300007455109e+44,6.140476358117351e+43,4.982676410513729e+45,1,state_safeguard,U,state_safeguard,source_norm2_gt_5,raw_state_verified,run.py:numpy-batch
HiSD,0.025118864315095822,0.002,2000000,144,-0.6453125000000001,1.284375,completed,-13.340335460111872,11.611344834967582,5.0313907847894155e+48,7.459003120708351e+47,6.67935102384212e+49,1,state_safeguard,U,state_safeguard,source_norm2_gt_5,raw_state_verified,run.py:numpy-batch
HiSD,0.025118864315095822,0.002,2000000,145,-0.6359375,1.284375,completed,-13.961838303933646,11.974228155644315,8.694961906603547e+52,1.2261382485765225e+52,1.2077674887623199e+54,1,state_safeguard,U,state_safeguard,source_norm2_gt_5,raw_state_verified,run.py:numpy-batch
HiSD,0.025118864315095822,0.002,2000000,146,-0.6265625,1.284375,completed,-14.591618308664904,12.300847279557866,1.9780691660528577e+57,2.654934340768005e+56,2.8699273155194634e+58,1,state_safeguard,U,state_safeguard,source_norm2_gt_5,raw_state_verified,run.py:numpy-batch
HiSD,0.025118864315095822,0.002,2000000,147,-0.6171875,1.284375,completed,-15.23111598321715,12.585073275753295,5.808585607474427e+61,7.419628062333937e+60,8.790508102816755e+62,1,state_safeguard,U,state_safeguard,source_norm2_gt_5,raw_state_verified,run.py:numpy-batch
HiSD,0.025118864315095822,0.002,2000000,148,-0.6078125000000001,1.284375,completed,-15.882404175130743,12.819522155104577,2.184012480961275e+66,2.6524516297761384e+65,3.444282680372778e+67,1,state_safeguard,U,state_safeguard,source_norm2_gt_5,raw_state_verified,run.py:numpy-batch
HiSD,0.025118864315095822,0.002,2000000,149,-0.5984375000000001,1.284375,completed,-16.548320325551657,12.99510631625735,1.0626505145952619e+71,1.224513308380211e+70,1.7456140245675782e+72,1,state_safeguard,U,state_safeguard,source_norm2_gt_5,raw_state_verified,run.py:numpy-batch
HiSD,0.025118864315095822,0.002,2000000,150,-0.5890625,1.284375,completed,-17.232618067809618,13.100390101272291,6.96161835099115e+75,7.584763973027367e+74,1.1914730050966963e+77,1,state_safeguard,U,state_safeguard,source_norm2_gt_5,raw_state_verified,run.py:numpy-batch
HiSD,0.025118864315095822,0.002,2000000,151,-0.5796875,1.284375,completed,-17.940128239151424,13.120649645685443,6.683726643957451e+80,6.848201182328966e+79,1.1931157045244418e+82,1,state_safeguard,U,state_safeguard,source_norm2_gt_5,raw_state_verified,run.py:numpy-batch
HiSD,0.025118864315095822,0.002,2000000,152,-0.5703125,1.284375,completed,-18.676898505277226,13.036479092022583,1.0977889760496263e+86,1.049569458941812e+85,2.0484790122684475e+87,1,state_safeguard,U,state_safeguard,source_norm2_gt_5,raw_state_verified,run.py:numpy-batch
HiSD,0.025118864315095822,0.002,2000000,153,-0.5609375000000001,1.284375,completed,-19.45023193218655,12.821690978950883,4.0188846311035424e+91,3.5462573444451365e+90,7.867960547580583e+92,1,state_safeguard,U,state_safeguard,source_norm2_gt_5,raw_state_verified,run.py:numpy-batch
HiSD,0.025118864315095822,0.002,2000000,154,-0.5515625000000001,1.284375,completed,-20.268431809763342,12.440108149316185,5.0873789791839306e+97,4.081627444078874e+96,1.0507964268605081e+99,1,state_safeguard,U,state_safeguard,source_norm2_gt_5,raw_state_verified,run.py:numpy-batch
HiSD,0.025118864315095822,0.002,2000000,155,-0.5421875,1.284375,completed,-21.13979897967702,11.840617379016145,4.5759158668512213e+104,3.272591199400297e+103,1.0051926914928623e+106,1,state_safeguard,U,state_safeguard,source_norm2_gt_5,raw_state_verified,run.py:numpy-batch
HiSD,0.025118864315095822,0.002,2000000,156,-0.5328125000000001,1.284375,completed,-22.06982543387934,10.949567275215978,9.476567849068524e+112,5.891197466229758e+111,2.2383539045002605e+114,1,state_safeguard,U,state_safeguard,source_norm2_gt_5,raw_state_verified,run.py:numpy-batch
HiSD,0.025118864315095822,0.002,2000000,157,-0.5234375,1.284375,completed,-23.05415531576978,9.659456688190902,3.0370965886413194e+123,1.5924163636606474e+122,7.823739777627659e+124,1,state_safeguard,U,state_safeguard,source_norm2_gt_5,raw_state_verified,run.py:numpy-batch
HiSD,0.025118864315095822,0.002,2000000,158,-0.5140625000000001,1.284375,completed,-24.061916596220836,7.813872013565386,3.0546448277776964e+137,1.3074195361187326e+136,8.729976846997305e+138,1,state_safeguard,U,state_safeguard,source_norm2_gt_5,raw_state_verified,run.py:numpy-batch
HiSD,0.025118864315095822,0.002,2000000,159,-0.5046875000000001,1.284375,completed,-24.998635429361364,5.194456809161913,,,,1,numerical_breakdown,U,state_safeguard,source_norm2_gt_5,nonfinite_derivatives_or_residual,run.py:numpy-batch
HiSD,0.025118864315095822,0.002,2000000,161,-0.7859375000000001,1.3031249999999999,completed,-3.9460893920125706,3.6368952055476447,25760.252668531128,15939.314403039385,90613.05631375576,1,state_safeguard,U,state_safeguard,source_norm2_gt_5,raw_state_verified,run.py:numpy-batch
HiSD,0.025118864315095822,0.002,2000000,162,-0.7765625,1.3031249999999999,completed,-4.385973891872703,4.147601588460497,291954.10395995236,156650.57234471978,1147725.6504268688,1,state_safeguard,U,state_safeguard,source_norm2_gt_5,raw_state_verified,run.py:numpy-batch
HiSD,0.025118864315095822,0.002,2000000,163,-0.7671875,1.3031249999999999,completed,-4.8442635549794275,4.666287331214139,5147042.989515826,2413163.069987441,22877394.71933043,1,state_safeguard,U,state_safeguard,source_norm2_gt_5,raw_state_verified,run.py:numpy-batch
HiSD,0.025118864315095822,0.002,2000000,164,-0.7578125,1.3031249999999999,completed,-5.319858026006212,5.191672766454458,142936459.35368213,59277972.26552265,712490497.6645758,1,state_safeguard,U,state_safeguard,source_norm2_gt_5,raw_state_verified,run.py:numpy-batch
HiSD,0.025118864315095822,0.002,2000000,165,-0.7484375000000001,1.3031249999999999,completed,-5.811638035675042,5.722365976791849,6382993369.077216,2365572370.705608,35381855865.862686,1,state_safeguard,U,state_safeguard,source_norm2_gt_5,raw_state_verified,run.py:numpy-batch
HiSD,0.025118864315095822,0.002,2000000,166,-0.7390625000000001,1.3031249999999999,completed,-6.318471342757945,6.256862903911152,465510329384.07574,155591902023.1164,2847389017517.343,1,state_safeguard,U,state_safeguard,source_norm2_gt_5,raw_state_verified,run.py:numpy-batch
HiSD,0.025118864315095822,0.002,2000000,167,-0.7296875,1.3031249999999999,completed,-6.839220841398435,6.793546763077566,56063530139497.61,17037491545022.209,375759523460237.1,1,state_safeguard,U,state_safeguard,source_norm2_gt_5,raw_state_verified,run.py:numpy-batch
HiSD,0.025118864315095822,0.002,2000000,168,-0.7203125,1.3031249999999999,completed,-7.37275485833993,7.330686388844887,1.1221511852682496e+16,3122855064302988.5,8.189157451233386e+16,1,state_safeguard,U,state_safeguard,source_norm2_gt_5,raw_state_verified,run.py:numpy-batch
HiSD,0.025118864315095822,0.002,2000000,169,-0.7109375,1.3031249999999999,completed,-7.917959726528232,7.866433052748192,3.7382081827949676e+18,9.587131287298403e+17,2.953399437842726e+19,1,state_safeguard,U,state_safeguard,source_norm2_gt_5,raw_state_verified,run.py:numpy-batch
HiSD,0.025118864315095822,0.002,2000000,170,-0.7015625000000001,1.3031249999999999,completed,-8.473754791969515,8.398815178046071,2.0649778338062637e+21,4.9080374468657545e+20,1.7570829777256288e+22,1,state_safeguard,U,state_safeguard,source_norm2_gt_5,raw_state_verified,run.py:numpy-batch
HiSD,0.025118864315095822,0.002,2000000,171,-0.6921875000000001,1.3031249999999999,completed,-9.039110097833701,8.925730215682872,1.8747775005400062e+24,4.1503848814958504e+23,1.7100056160884384e+25,1,state_safeguard,U,state_safeguard,source_norm2_gt_5,raw_state_verified,run.py:numpy-batch
HiSD,0.025118864315095822,0.002,2000000,172,-0.6828125,1.3031249999999999,completed,-9.613067095639318,9.444932728035571,2.7584378725551453e+27,5.713445315701945e+26,2.6854353978192543e+28,1,state_safeguard,U,state_safeguard,source_norm2_gt_5,raw_state_verified,run.py:numpy-batch
HiSD,0.025118864315095822,0.002,2000000,173,-0.6734375,1.3031249999999999,completed,-10.194762869768713,9.954017424467246,6.453080587427162e+30,1.2555856007363445e+30,6.679038213802266e+31,1,state_safeguard,U,state_safeguard,source_norm2_gt_5,raw_state_verified,run.py:numpy-batch
HiSD,0.025118864315095822,0.002,2000000,174,-0.6640625,1.3031249999999999,completed,-10.783458534577846,10.450395474410254,2.3437250184165713e+34,4.2992833765677123e+33,2.5696995807138773e+35,1,state_safeguard,U,state_safeguard,source_norm2_gt_5,raw_state_verified,run.py:numpy-batch
HiSD,0.025118864315095822,0.002,2000000,175,-0.6546875000000001,1.3031249999999999,completed,-11.378572688875241,10.93126183371651,1.2848442153078833e+38,2.229185726892819e+37,1.4873645079204087e+39,1,state_safeguard,U,state_safeguard,source_norm2_gt_5,raw_state_verified,run.py:numpy-batch
HiSD,0.025118864315095822,0.002,2000000,176,-0.6453125000000001,1.3031249999999999,completed,-11.979721105176216,11.393550480709106,1.0298271073613025e+42,1.6947238724998206e+41,1.2548868595094242e+43,1,state_safeguard,U,state_safeguard,source_norm2_gt_5,raw_state_verified,run.py:numpy-batch
HiSD,0.025118864315095822,0.002,2000000,177,-0.6359375,1.3031249999999999,completed,-12.586764210988285,11.833873248055369,1.1657111664965216e+46,1.8240299105212098e+45,1.4910801040686743e+47,1,state_safeguard,U,state_safeguard,source_norm2_gt_5,raw_state_verified,run.py:numpy-batch
HiSD,0.025118864315095822,0.002,2000000,178,-0.6265625,1.3031249999999999,completed,-13.199864411157959,12.248436164468897,1.7970795981046876e+50,2.6792168037233005e+49,2.4068931050214564e+51,1,state_safeguard,U,state_safeguard,source_norm2_gt_5,raw_state_verified,run.py:numpy-batch
HiSD,0.025118864315095822,0.002,2000000,179,-0.6171875,1.3031249999999999,completed,-13.819555923865597,12.632924591313934,3.6385417544413676e+54,5.176867477102977e+53,5.091232364409887e+55,1,state_safeguard,U,state_safeguard,source_norm2_gt_5,raw_state_verified,run.py:numpy-batch
HiSD,0.025118864315095822,0.002,2000000,180,-0.6078125000000001,1.3031249999999999,completed,-14.446830574164299,12.982344470904636,9.351174868781472e+58,1.27109856914687e+58,1.3643342100684972e+60,1,state_safeguard,U,state_safeguard,source_norm2_gt_5,raw_state_verified,run.py:numpy-batch
HiSD,0.025118864315095822,0.002,2000000,181,-0.5984375000000001,1.3031249999999999,completed,-15.083243877688853,13.29080092223487,2.964047915964218e+63,3.8509871608061393e+62,4.501893123098406e+64,1,state_safeguard,U,state_safeguard,source_norm2_gt_5,raw_state_verified,run.py:numpy-batch
HiSD,0.025118864315095822,0.002,2000000,182,-0.5890625,1.3031249999999999,completed,-15.731046629595038,13.551185931126243,1.1368757444192324e+68,1.4113321886317967e+67,1.7953332936378976e+69,1,state_safeguard,U,state_safeguard,source_norm2_gt_5,raw_state_verified,run.py:numpy-batch
HiSD,0.025118864315095822,0.002,2000000,183,-0.5796875,1.3031249999999999,completed,-16.39334770290678,13.754731815645451,5.2616319469345834e+72,6.232677669352752e+71,8.63282053021402e+73,1,state_safeguard,U,state_safeguard,source_norm2_gt_5,raw_state_verified,run.py:numpy-batch
HiSD,0.025118864315095822,0.002,2000000,184,-0.5703125,1.3031249999999999,completed,-17.07431285397038,13.890362785588582,3.007223128987472e+77,3.3898000666954477e+76,5.125632920660667e+78,1,state_safeguard,U,state_safeguard,source_norm2_gt_5,raw_state_verified,run.py:numpy-batch
HiSD,0.025118864315095822,0.002,2000000,185,-0.5609375000000001,1.3031249999999999,completed,-17.779399540432372,13.943736820907226,2.2634928487626642e+82,2.4169162779162044e+81,4.0106837043512996e+83,1,state_safeguard,U,state_safeguard,source_norm2_gt_5,raw_state_verified,run.py:numpy-batch
HiSD,0.025118864315095822,0.002,2000000,186,-0.5515625000000001,1.3031249999999999,completed,-18.51561301313239,13.895803052825846,2.5543080471496587e+87,2.5654916033485806e+86,4.713683100755632e+88,1,state_safeguard,U,state_safeguard,source_norm2_gt_5,raw_state_verified,run.py:numpy-batch
HiSD,0.025118864315095822,0.002,2000000,187,-0.5421875,1.3031249999999999,completed,-19.291729473109356,13.720586439469665,5.464766730321458e+92,5.109340463322503e+91,1.0537882643530729e+94,1,state_safeguard,U,state_safeguard,source_norm2_gt_5,raw_state_verified,run.py:numpy-batch
HiSD,0.025118864315095822,0.002,2000000,188,-0.5328125000000001,1.3031249999999999,completed,-20.118331575181895,13.381719463329494,3.3277891727340314e+98,2.853502090045686e+97,6.741730123997011e+99,1,state_safeguard,U,state_safeguard,source_norm2_gt_5,raw_state_verified,run.py:numpy-batch
HiSD,0.025118864315095822,0.002,2000000,189,-0.5234375,1.3031249999999999,completed,-21.007249688544945,12.826922212660028,1.1525407467252516e+105,8.878247739425969e+103,2.4730889310013143e+106,1,state_safeguard,U,state_safeguard,source_norm2_gt_5,raw_state_verified,run.py:numpy-batch
HiSD,0.025118864315095822,0.002,2000000,190,-0.5140625000000001,1.3031249999999999,completed,-21.969372884286468,11.97914594204155,7.3542816989056374e+112,4.95047843476714e+111,1.6910857341863757e+114,1,state_safeguard,U,state_safeguard,source_norm2_gt_5,raw_state_verified,run.py:numpy-batch
HiSD,0.025118864315095822,0.002,2000000,191,-0.5046875000000001,1.3031249999999999,completed,-23.008227909125726,10.722547842992617,6.3483168306293975e+122,3.605884989475406e+121,1.5894016261746685e+124,1,state_safeguard,U,state_safeguard,source_norm2_gt_5,raw_state_verified,run.py:numpy-batch
HiSD,0.025118864315095822,0.002,2000000,195,-0.7671875,1.321875,completed,-3.723823581991929,4.0134958750971546,37417.62563602655,22359.11156908283,131662.07339251944,1,state_safeguard,U,state_safeguard,source_norm2_gt_5,raw_state_verified,run.py:numpy-batch
HiSD,0.025118864315095822,0.002,2000000,196,-0.7578125,1.321875,completed,-4.173775272440501,4.538080039356602,502261.1061699409,259317.5616415163,2034372.3465430299,1,state_safeguard,U,state_safeguard,source_norm2_gt_5,raw_state_verified,run.py:numpy-batch
HiSD,0.025118864315095822,0.002,2000000,197,-0.7484375000000001,1.321875,completed,-4.641467831482229,5.0708499525133774,10626880.06348076,4766525.404571993,48796903.11910851,1,state_safeguard,U,state_safeguard,source_norm2_gt_5,raw_state_verified,run.py:numpy-batch
HiSD,0.025118864315095822,0.002,2000000,198,-0.7390625000000001,1.321875,completed,-5.12578891098714,5.610525467496094,358512281.22708046,142003165.9817712,1847926575.8797116,1,state_safeguard,U,state_safeguard,source_norm2_gt_5,raw_state_verified,run.py:numpy-batch
HiSD,0.025118864315095822,0.002,2000000,199,-0.7296875,1.321875,completed,-5.625603579646779,6.155715172554352,19687534036.494095,6972513054.340866,112829391903.03476,1,state_safeguard,U,state_safeguard,source_norm2_gt_5,raw_state_verified,run.py:numpy-batch
HiSD,0.025118864315095822,0.002,2000000,200,-0.7203125,1.321875,completed,-6.139760887259492,6.704917554592093,1786955523228.724,571723858555.9021,11292086912364.568,1,state_safeguard,U,state_safeguard,source_norm2_gt_5,raw_state_verified,run.py:numpy-batch
HiSD,0.025118864315095822,0.002,2000000,201,-0.7109375,1.321875,completed,-6.667102572885442,7.256521449888085,270881487731466.1,78975664929759.4,1873624487359204.0,1,state_safeguard,U,state_safeguard,source_norm2_gt_5,raw_state_verified,run.py:numpy-batch
HiSD,0.025118864315095822,0.002,2000000,202,-0.7015625000000001,1.321875,completed,-7.206473946237702,7.808805444347579,6.893956890840158e+16,1.8452303263344816e+16,5.185489961879253e+17,1,state_safeguard,U,state_safeguard,source_norm2_gt_5,raw_state_verified,run.py:numpy-batch
HiSD,0.025118864315095822,0.002,2000000,203,-0.6921875000000001,1.321875,completed,-7.756737037369952,8.359935801563964,2.9454482136232882e+19,7.284583152835006e+18,2.3953448221822996e+20,1,state_safeguard,U,state_safeguard,source_norm2_gt_5,raw_state_verified,run.py:numpy-batch
HiSD,0.025118864315095822,0.002,2000000,204,-0.6828125,1.321875,completed,-8.31678618829241,8.907962380849508,2.100995877522777e+22,4.828524445154021e+21,1.837672387651259e+23,1,state_safeguard,U,state_safeguard,source_norm2_gt_5,raw_state_verified,run.py:numpy-batch
HiSD,0.025118864315095822,0.002,2000000,205,-0.6734375,1.321875,completed,-8.885566353648182,9.450811852174395,2.474477466160684e+25,5.31125450320359e+24,2.3168484806590357e+26,1,state_safeguard,U,state_safeguard,source_norm2_gt_5,raw_state_verified,run.py:numpy-batch
HiSD,0.025118864315095822,0.002,2000000,206,-0.6640625,1.321875,completed,-9.462094496500507,9.986277301611999,4.732855518340205e+28,9.530589672942629e+27,4.7232006870266766e+29,1,state_safeguard,U,state_safeguard,source_norm2_gt_5,raw_state_verified,run.py:numpy-batch
HiSD,0.025118864315095822,0.002,2000000,207,-0.6546875000000001,1.321875,completed,-10.04548461582619,10.512003029351002,1.4381300911526068e+32,2.7279749118221526e+31,1.5236877314735024e+33,1,state_safeguard,U,state_safeguard,source_norm2_gt_5,raw_state_verified,run.py:numpy-batch
HiSD,0.025118864315095822,0.002,2000000,208,-0.6453125000000001,1.321875,completed,-10.634977142392659,11.025462932427397,6.756566837023853e+35,1.2117290856842133e+35,7.572379825651782e+36,1,state_safeguard,U,state_safeguard,source_norm2_gt_5,raw_state_verified,run.py:numpy-batch
HiSD,0.025118864315095822,0.002,2000000,209,-0.6359375,1.321875,completed,-11.22997369927136,11.523930290724152,4.754001782596858e+39,8.087478586931054e+38,5.617217897941505e+40,1,state_safeguard,U,state_safeguard,source_norm2_gt_5,raw_state_verified,run.py:numpy-batch
HiSD,0.025118864315095822,0.002,2000000,210,-0.6265625,1.321875,completed,-11.830078573156946,12.004435949683696,4.832047938487843e+43,7.820806331501161e+42,6.000786682453772e+44,1,state_safeguard,U,state_safeguard,source_norm2_gt_5,raw_state_verified,run.py:numpy-batch
HiSD,0.025118864315095822,0.002,2000000,211,-0.6171875,1.321875,completed,-12.435148708476731,12.463710698591399,6.820180753369262e+47,1.0530097131186143e+47,8.876720138469296e+48,1,state_safeguard,U,state_safeguard,source_norm2_gt_5,raw_state_verified,run.py:numpy-batch
HiSD,0.025118864315095822,0.002,2000000,212,-0.6078125000000001,1.321875,completed,-13.045354662015875,12.898105882505808,1.2820025029844418e+52,1.8925338119375386e+51,1.7441831453975563e+53,1,state_safeguard,U,state_safeguard,source_norm2_gt_5,raw_state_verified,run.py:numpy-batch
HiSD,0.025118864315095822,0.002,2000000,213,-0.5984375000000001,1.321875,completed,-13.661255793606598,13.30348365018652,3.0750378607435936e+56,4.3487423430773753e+55,4.362855041443364e+57,1,state_safeguard,U,state_safeguard,source_norm2_gt_5,raw_state_verified,run.py:numpy-batch
HiSD,0.025118864315095822,0.002,2000000,214,-0.5890625,1.321875,completed,-14.283894080295097,13.675064227905608,9.027725438927311e+60,1.2249043139356447e+60,1.3328977565338026e+62,1,state_safeguard,U,state_safeguard,source_norm2_gt_5,raw_state_verified,run.py:numpy-batch
HiSD,0.025118864315095822,0.002,2000000,215,-0.5796875,1.321875,completed,-14.914912387420305,14.007211389357808,3.1233323433883677e+65,4.0698175643995716e+64,4.7900545152446546e+66,1,state_safeguard,U,state_safeguard,source_norm2_gt_5,raw_state_verified,run.py:numpy-batch
HiSD,0.025118864315095822,0.002,2000000,216,-0.5703125,1.321875,completed,-15.556704829690442,14.293127464616491,1.2355806630846238e+70,1.5466396315079726e+69,1.9653996791230575e+71,1,state_safeguard,U,state_safeguard,source_norm2_gt_5,raw_state_verified,run.py:numpy-batch
HiSD,0.025118864315095822,0.002,2000000,217,-0.5609375000000001,1.321875,completed,-16.212608879977832,14.52441338734077,5.496900257935534e+74,6.605957277856163e+73,9.059296729430343e+75,1,state_safeguard,U,state_safeguard,source_norm2_gt_5,raw_state_verified,run.py:numpy-batch
HiSD,0.025118864315095822,0.002,2000000,218,-0.5515625000000001,1.321875,completed,-16.88715057604301,14.69042318804999,2.7661427669082418e+79,3.185659198330486e+78,4.720959603118025e+80,1,state_safeguard,U,state_safeguard,source_norm2_gt_5,raw_state_verified,run.py:numpy-batch
HiSD,0.025118864315095822,0.002,2000000,219,-0.5421875,1.321875,completed,-17.586353816908233,14.777298430579282,1.6423999148013156e+84,1.8062470136509836e+83,2.903523008302585e+85,1,state_safeguard,U,state_safeguard,source_norm2_gt_5,raw_state_verified,run.py:numpy-batch
HiSD,0.025118864315095822,0.002,2000000,220,-0.5328125000000001,1.321875,completed,-18.318117560475308,14.766492575153592,1.2735480602265965e+89,1.3295636827420305e+88,2.3351921784998695e+90,1,state_safeguard,U,state_safeguard,source_norm2_gt_5,raw_state_verified,run.py:numpy-batch
HiSD,0.025118864315095822,0.002,2000000,221,-0.5234375,1.321875,completed,-19.092637924137442,14.632462812082203,1.5740710748688192e+94,1.5454463651486335e+93,3.0020124240857225e+95,1,state_safeguard,U,state_safeguard,source_norm2_gt_5,raw_state_verified,run.py:numpy-batch
HiSD,0.025118864315095822,0.002,2000000,222,-0.5140625000000001,1.321875,completed,-19.922771576089318,14.338971277062878,4.4616720762301895e+99,4.061748037195003e+98,8.894318321495482e+100,1,state_safeguard,U,state_safeguard,source_norm2_gt_5,raw_state_verified,run.py:numpy-batch
HiSD,0.025118864315095822,0.002,2000000,223,-0.5046875000000001,1.321875,completed,-20.82401036914417,13.833017891928248,5.541011752410423e+105,4.5809658532186425e+104,1.1638236963594919e+107,1,state_safeguard,U,state_safeguard,source_norm2_gt_5,raw_state_verified,run.py:numpy-batch
HiSD,0.025118864315095822,0.002,2000000,229,-0.7484375000000001,1.340625,completed,-3.5098222267883745,4.419171594918972,92554.44342438386,46923.57528715275,355512.5105368935,1,state_safeguard,U,state_safeguard,source_norm2_gt_5,raw_state_verified,run.py:numpy-batch
HiSD,0.025118864315095822,0.002,2000000,230,-0.7390625000000001,1.340625,completed,-3.969018623565319,4.9564995040111945,1488645.28429442,664706.7914498481,6531348.650811084,1,state_safeguard,U,state_safeguard,source_norm2_gt_5,raw_state_verified,run.py:numpy-batch
HiSD,0.025118864315095822,0.002,2000000,231,-0.7296875,1.340625,completed,-4.4452255159786,5.5022497673755835,38062437.00072297,15059606.886880033,187766767.55496132,1,state_safeguard,U,state_safeguard,source_norm2_gt_5,raw_state_verified,run.py:numpy-batch
HiSD,0.025118864315095822,0.002,2000000,232,-0.7203125,1.340625,completed,-4.9373214057754,6.055136602311967,1576433066.4481704,559353665.2037668,8666738665.295126,1,state_safeguard,U,state_safeguard,source_norm2_gt_5,raw_state_verified,run.py:numpy-batch
HiSD,0.025118864315095822,0.002,2000000,233,-0.7109375,1.340625,completed,-5.444157747008969,6.613765004149497,107807558992.5967,34632908811.112144,655091629281.7754,1,state_safeguard,U,state_safeguard,source_norm2_gt_5,raw_state_verified,run.py:numpy-batch
HiSD,0.025118864315095822,0.002,2000000,234,-0.7015625000000001,1.340625,completed,-5.964566234359333,7.17663284979288,12347579588955.441,3620564792034.067,82319313870761.44,1,state_safeguard,U,state_safeguard,source_norm2_gt_5,raw_state_verified,run.py:numpy-batch
HiSD,0.025118864315095822,0.002,2000000,235,-0.6921875000000001,1.340625,completed,-6.497368166993506,7.742132293284423,2390107706656805.0,644197322675899.2,1.7367482075081788e+16,1,state_safeguard,U,state_safeguard,source_norm2_gt_5,raw_state_verified,run.py:numpy-batch
HiSD,0.025118864315095822,0.002,2000000,236,-0.6828125,1.340625,completed,-7.0413859268212695,8.30855015229391,7.848326272157254e+17,1.9564267382091114e+17,6.17902504482314e+18,1,state_safeguard,U,state_safeguard,source_norm2_gt_5,raw_state_verified,run.py:numpy-batch
HiSD,0.025118864315095822,0.002,2000000,237,-0.6734375,1.340625,completed,-7.595456679228181,8.874066899977015,4.3638086336185985e+20,1.011615405549319e+20,3.702586451861412e+21,1,state_safeguard,U,state_safeguard,source_norm2_gt_5,raw_state_verified,run.py:numpy-batch
HiSD,0.025118864315095822,0.002,2000000,238,-0.6640625,1.340625,completed,-8.158448486110094,9.436753764010517,4.0775863659134634e+23,8.833844981819982e+22,3.7104341410731074e+24,1,state_safeguard,U,state_safeguard,source_norm2_gt_5,raw_state_verified,run.py:numpy-batch
HiSD,0.025118864315095822,0.002,2000000,239,-0.6546875000000001,1.340625,completed,-8.729279120779102,9.994567284303512,6.318085912357025e+26,1.2848735653075105e+26,6.13841479554706e+27,1,state_safeguard,U,state_safeguard,source_norm2_gt_5,raw_state_verified,run.py:numpy-batch
HiSD,0.025118864315095822,0.002,2000000,240,-0.6453125000000001,1.340625,completed,-9.306938000956624,10.545340476975356,1.5925194148635962e+30,3.0524534363135116e+29,1.6452353136181493e+31,1,state_safeguard,U,state_safeguard,source_norm2_gt_5,raw_state_verified,run.py:numpy-batch
HiSD,0.025118864315095822,0.002,2000000,241,-0.6359375,1.340625,completed,-9.890511822556991,11.086769470084318,6.369305912990731e+33,1.1549444831796257e+33,6.97055092971358e+34,1,state_safeguard,U,state_safeguard,source_norm2_gt_5,raw_state_verified,run.py:numpy-batch
HiSD,0.025118864315095822,0.002,2000000,242,-0.6265625,1.340625,completed,-10.479214693966746,11.616394086273196,3.921134761840712e+37,6.749517522218081e+36,4.52998390866313e+38,1,state_safeguard,U,state_safeguard,source_norm2_gt_5,raw_state_verified,run.py:numpy-batch
HiSD,0.025118864315095822,0.002,2000000,243,-0.6171875,1.340625,completed,-11.072423867331779,12.131570289573752,3.586008852275307e+41,5.878088712105437e+40,4.359034081392863e+42,1,state_safeguard,U,state_safeguard,source_norm2_gt_5,raw_state_verified,run.py:numpy-batch
HiSD,0.025118864315095822,0.002,2000000,244,-0.6078125000000001,1.340625,completed,-11.669722559922757,12.629431617785414,4.6799332159086874e+45,7.326426880273892e+44,5.967503873568841e+46,1,state_safeguard,U,state_safeguard,source_norm2_gt_5,raw_state_verified,run.py:numpy-batch
HiSD,0.025118864315095822,0.002,2000000,245,-0.5984375000000001,1.340625,completed,-12.270951906663296,13.106835555328722,8.339215696630463e+49,1.25015538488333e+49,1.112299388352422e+51,1,state_safeguard,U,state_safeguard,source_norm2_gt_5,raw_state_verified,run.py:numpy-batch
HiSD,0.025118864315095822,0.002,2000000,246,-0.5890625,1.340625,completed,-12.876274836815066,13.560289074998508,1.9354309126994087e+54,2.78517258514632e+53,2.693223652572922e+55,1,state_safeguard,U,state_safeguard,source_norm2_gt_5,raw_state_verified,run.py:numpy-batch
HiSD,0.025118864315095822,0.002,2000000,247,-0.5796875,1.340625,completed,-13.48625571112686,13.985844971184536,5.570915764625485e+58,7.711987798841277e+57,8.067890110711494e+59,1,state_safeguard,U,state_safeguard,source_norm2_gt_5,raw_state_verified,run.py:numpy-batch
HiSD,0.025118864315095822,0.002,2000000,248,-0.5703125,1.340625,completed,-14.101961002965405,14.378956605925516,1.8934511236011217e+63,2.5260885149687663e+62,2.8474535981664816e+64,1,state_safeguard,U,state_safeguard,source_norm2_gt_5,raw_state_verified,run.py:numpy-batch
HiSD,0.025118864315095822,0.002,2000000,249,-0.5609375000000001,1.340625,completed,-14.725088311131353,14.734272422470134,7.251293394539897e+67,9.336405947842628e+66,1.1301044798181408e+69,1,state_safeguard,U,state_safeguard,source_norm2_gt_5,raw_state_verified,run.py:numpy-batch
HiSD,0.025118864315095822,0.002,2000000,250,-0.5515625000000001,1.340625,completed,-15.358133734148,15.045341560866841,3.0026581565634844e+72,3.7344492843815404e+71,4.841290303868053e+73,1,state_safeguard,U,state_safeguard,source_norm2_gt_5,raw_state_verified,run.py:numpy-batch
HiSD,0.025118864315095822,0.002,2000000,251,-0.5421875,1.340625,completed,-16.004611279160077,15.304185525934802,1.3039033312808224e+77,1.5667396235449542e+76,2.171983185777108e+78,1,state_safeguard,U,state_safeguard,source_norm2_gt_5,raw_state_verified,run.py:numpy-batch
HiSD,0.025118864315095822,0.002,2000000,252,-0.5328125000000001,1.340625,completed,-16.669342498586353,15.500663416480984,5.866233700249856e+81,6.804156832028806e+80,1.008633356325533e+83,1,state_safeguard,U,state_safeguard,source_norm2_gt_5,raw_state_verified,run.py:numpy-batch
HiSD,0.025118864315095822,0.002,2000000,253,-0.5234375,1.340625,completed,-17.358839201980302,15.621511082787347,2.7861914105595667e+86,3.112301750696775e+85,4.943550750853956e+87,1,state_safeguard,U,state_safeguard,source_norm2_gt_5,raw_state_verified,run.py:numpy-batch
HiSD,0.025118864315095822,0.002,2000000,254,-0.5140625000000001,1.340625,completed,-18.08180389014713,15.648851419924735,1.4992149827922653e+91,1.6055960876875564e+90,2.7469326721482507e+92,1,state_safeguard,U,state_safeguard,source_norm2_gt_5,raw_state_verified,run.py:numpy-batch
HiSD,0.025118864315095822,0.002,2000000,255,-0.5046875000000001,1.340625,completed,-18.84976184912586,15.557822350685537,1.0709433965961748e+96,1.0911183074679131e+95,2.0305668686117854e+97,1,state_safeguard,U,state_safeguard,source_norm2_gt_5,raw_state_verified,run.py:numpy-batch
HiSD,0.025118864315095822,0.002,2000000,262,-0.7390625000000001,1.359375,completed,-2.8555716542079783,4.3150160299418525,32245.923736230732,14319.356929633836,128424.14346609628,1,state_safeguard,U,state_safeguard,source_norm2_gt_5,raw_state_verified,run.py:numpy-batch
HiSD,0.025118864315095822,0.002,2000000,263,-0.7296875,1.359375,completed,-3.305713735638964,4.85404359513756,404599.590939245,160691.85992886164,1776817.5686396512,1,state_safeguard,U,state_safeguard,source_norm2_gt_5,raw_state_verified,run.py:numpy-batch
HiSD,0.025118864315095822,0.002,2000000,264,-0.7203125,1.359375,completed,-3.7731691660793576,5.4029501283868155,7851695.803239721,2851534.4518552804,38512102.52246995,1,state_safeguard,U,state_safeguard,source_norm2_gt_5,raw_state_verified,run.py:numpy-batch
HiSD,0.025118864315095822,0.002,2000000,265,-0.7109375,1.359375,completed,-4.256847180060689,5.960547976180386,245788081.43271792,81536638.34093247,1336799402.7011795,1,state_safeguard,U,state_safeguard,source_norm2_gt_5,raw_state_verified,run.py:numpy-batch
HiSD,0.025118864315095822,0.002,2000000,266,-0.7015625000000001,1.359375,completed,-4.755618743018797,6.525540144623336,12676520651.896658,3860247306.19923,75973418192.47665,1,state_safeguard,U,state_safeguard,source_norm2_gt_5,raw_state_verified,run.py:numpy-batch
HiSD,0.025118864315095822,0.002,2000000,267,-0.6921875000000001,1.359375,completed,-5.268322659696781,7.096523662669215,1096080905535.8326,307849970632.26245,7194756173958.487,1,state_safeguard,U,state_safeguard,source_norm2_gt_5,raw_state_verified,run.py:numpy-batch
HiSD,0.025118864315095822,0.002,2000000,268,-0.6828125,1.359375,completed,-5.793773653900963,7.671992477004218,160904775720503.4,41873871473327.12,1150162554379914.0,1,state_safeguard,U,state_safeguard,source_norm2_gt_5,raw_state_verified,run.py:numpy-batch
HiSD,0.025118864315095822,0.002,2000000,269,-0.6734375,1.359375,completed,-6.330772410902933,8.250339676081538,4.040353718617082e+16,9785318019705476.0,3.128252344857545e+17,1,state_safeguard,U,state_safeguard,source_norm2_gt_5,raw_state_verified,run.py:numpy-batch
HiSD,0.025118864315095822,0.002,2000000,270,-0.6640625,1.359375,completed,-6.878117636243611,8.829858775323274,1.7388274787961068e+19,3.93545462391354e+18,1.451025161603145e+20,1,state_safeguard,U,state_safeguard,source_norm2_gt_5,raw_state_verified,run.py:numpy-batch
HiSD,0.025118864315095822,0.002,2000000,271,-0.6546875000000001,1.359375,completed,-7.43462025376377,9.408743712828377,1.277767845160589e+22,2.7131468024835185e+21,1.1439523593054445e+23,1,state_safeguard,U,state_safeguard,source_norm2_gt_5,raw_state_verified,run.py:numpy-batch
HiSD,0.025118864315095822,0.002,2000000,272,-0.6453125000000001,1.359375,completed,-7.999119948296072,9.985087097139795,1.5878289417298443e+25,3.174769321305958e+24,1.5185942529696838e+26,1,state_safeguard,U,state_safeguard,source_norm2_gt_5,raw_state_verified,run.py:numpy-batch
HiSD,0.025118864315095822,0.002,2000000,273,-0.6359375,1.359375,completed,-8.57050436144106,10.556876105707305,3.2846391837770415e+28,6.205816471743094e+27,3.3425694467378944e+29,1,state_safeguard,U,state_safeguard,source_norm2_gt_5,raw_state_verified,run.py:numpy-batch
HiSD,0.025118864315095822,0.002,2000000,274,-0.6265625,1.359375,completed,-9.14773138200189,11.12198523922634,1.1067463963777415e+32,1.9824256399047183e+31,1.1939399275556149e+33,1,state_safeguard,U,state_safeguard,source_norm2_gt_5,raw_state_verified,run.py:numpy-batch
HiSD,0.025118864315095822,0.002,2000000,275,-0.6171875,1.359375,completed,-9.729855147741043,11.678164871574566,5.907868119897419e+35,1.0064168530154001e+35,6.732793216296603e+36,1,state_safeguard,U,state_safeguard,source_norm2_gt_5,raw_state_verified,run.py:numpy-batch
HiSD,0.025118864315095822,0.002,2000000,276,-0.6078125000000001,1.359375,completed,-10.316056611366848,12.22302416301187,4.831283947584524e+39,7.850561686241226e+38,5.797443792516938e+40,1,state_safeguard,U,state_safeguard,source_norm2_gt_5,raw_state_verified,run.py:numpy-batch
HiSD,0.025118864315095822,0.002,2000000,277,-0.5984375000000001,1.359375,completed,-10.905679844924368,12.75400637617409,5.820798526225662e+43,9.047756427533861e+42,7.332079413919906e+44,1,state_safeguard,U,state_safeguard,source_norm2_gt_5,raw_state_verified,run.py:numpy-batch
HiSD,0.025118864315095822,0.002,2000000,278,-0.5890625,1.359375,completed,-11.498275699112758,13.26835387244474,9.886245567189216e+47,1.4739334664180092e+47,1.3034131649983306e+49,1,state_safeguard,U,state_safeguard,source_norm2_gt_5,raw_state_verified,run.py:numpy-batch
HiSD,0.025118864315095822,0.002,2000000,279,-0.5796875,1.359375,completed,-12.093655051433391,13.763058947388823,2.25480116790205e+52,3.232583844159845e+51,3.102912426073631e+53,1,state_safeguard,U,state_safeguard,source_norm2_gt_5,raw_state_verified,run.py:numpy-batch
HiSD,0.025118864315095822,0.002,2000000,280,-0.5703125,1.359375,completed,-12.691954745036057,14.23479499503305,6.554085922097163e+56,9.057143740573678e+55,9.38974866081911e+57,1,state_safeguard,U,state_safeguard,source_norm2_gt_5,raw_state_verified,run.py:numpy-batch
HiSD,0.025118864315095822,0.002,2000000,281,-0.5609375000000001,1.359375,completed,-13.293720552809257,14.679819955513235,2.2982300047808947e+61,3.0681762952575983e+60,3.419405953084218e+62,1,state_safeguard,U,state_safeguard,source_norm2_gt_5,raw_state_verified,run.py:numpy-batch
HiSD,0.025118864315095822,0.002,2000000,282,-0.5515625000000001,1.359375,completed,-13.900013267633131,15.093840073404285,9.190968146190385e+65,1.1877868932938169e+65,1.416888976403218e+67,1,state_safeguard,U,state_safeguard,source_norm2_gt_5,raw_state_verified,run.py:numpy-batch
HiSD,0.025118864315095822,0.002,2000000,283,-0.5421875,1.359375,completed,-14.512546565447193,15.471815785014936,3.96571801988433e+70,4.9700367737687965e+69,6.321066140170846e+71,1,state_safeguard,U,state_safeguard,source_norm2_gt_5,raw_state_verified,run.py:numpy-batch
HiSD,0.025118864315095822,0.002,2000000,284,-0.5328125000000001,1.359375,completed,-15.133868967753676,15.807681512932586,1.7526009182742717e+75,2.1330312592303619e+74,2.8827747195566067e+76,1,state_safeguard,U,state_safeguard,source_norm2_gt_5,raw_state_verified,run.py:numpy-batch
HiSD,0.025118864315095822,0.002,2000000,285,-0.5234375,1.359375,completed,-15.767607530753015,16.093934509405287,7.588534197699916e+79,8.977252665724706e+78,1.2859481870289918e+81,1,state_safeguard,U,state_safeguard,source_norm2_gt_5,raw_state_verified,run.py:numpy-batch
HiSD,0.025118864315095822,0.002,2000000,286,-0.5140625000000001,1.359375,completed,-16.41879839223834,16.321019583767537,3.123136761871949e+84,3.5918189990585163e+83,5.4453843407175146e+85,1,state_safeguard,U,state_safeguard,source_norm2_gt_5,raw_state_verified,run.py:numpy-batch
HiSD,0.025118864315095822,0.002,2000000,287,-0.5046875000000001,1.359375,completed,-17.094339447693784,16.47638698368653,1.2150339712100732e+89,1.3571074936609515e+88,2.177993544058635e+90,1,state_safeguard,U,state_safeguard,source_norm2_gt_5,raw_state_verified,run.py:numpy-batch
HiSD,0.025118864315095822,0.002,2000000,296,-0.7203125,1.378125,completed,-2.655018718117826,4.768951589809451,215314.39890703905,70928.04672257719,994669.1460067972,1,state_safeguard,U,state_safeguard,source_norm2_gt_5,raw_state_verified,run.py:numpy-batch
HiSD,0.025118864315095822,0.002,2000000,297,-0.7109375,1.378125,completed,-3.1130975149514626,5.318048308622496,3197120.344015534,983708.6508715369,16201098.705101632,1,state_safeguard,U,state_safeguard,source_norm2_gt_5,raw_state_verified,run.py:numpy-batch
HiSD,0.025118864315095822,0.002,2000000,298,-0.7015625000000001,1.378125,completed,-3.5876546194755328,5.877347206655716,76011333.37275083,22050470.28191112,422435046.4931357,1,state_safeguard,U,state_safeguard,source_norm2_gt_5,raw_state_verified,run.py:numpy-batch
HiSD,0.025118864315095822,0.002,2000000,299,-0.6921875000000001,1.378125,completed,-4.077598466605271,6.445639608278703,2967255181.7789764,808830096.5082766,18025488121.159454,1,state_safeguard,U,state_safeguard,source_norm2_gt_5,raw_state_verified,run.py:numpy-batch
HiSD,0.025118864315095822,0.002,2000000,300,-0.6828125,1.378125,completed,-4.58179265743187,7.021611490209974,194040895250.0239,49684325342.647064,1283517027916.3184,1,state_safeguard,U,state_safeguard,source_norm2_gt_5,raw_state_verified,run.py:numpy-batch
HiSD,0.025118864315095822,0.002,2000000,301,-0.6734375,1.378125,completed,-5.0990630541819,7.603847407816606,21594824418587.85,5197694965666.676,154901325510645.78,1,state_safeguard,U,state_safeguard,source_norm2_gt_5,raw_state_verified,run.py:numpy-batch
HiSD,0.025118864315095822,0.002,2000000,302,-0.6640625,1.378125,completed,-5.628206672616041,8.190834004048359,4135231508510026.0,936928394314946.1,3.2033702472661504e+16,1,state_safeguard,U,state_safeguard,source_norm2_gt_5,raw_state_verified,run.py:numpy-batch
HiSD,0.025118864315095822,0.002,2000000,303,-0.6546875000000001,1.378125,completed,-6.168002385977157,8.78096292435923,1.3704030236667036e+18,2.928210520731553e+17,1.141813870149292e+19,1,state_safeguard,U,state_safeguard,source_norm2_gt_5,raw_state_verified,run.py:numpy-batch
HiSD,0.025118864315095822,0.002,2000000,304,-0.6453125000000001,1.378125,completed,-6.717223511342549,9.372532898049338,7.860847185732904e+20,1.5874221498529127e+20,7.017015491092755e+21,1,state_safeguard,U,state_safeguard,source_norm2_gt_5,raw_state_verified,run.py:numpy-batch
HiSD,0.025118864315095822,0.002,2000000,305,-0.6359375,1.378125,completed,-7.274652417031438,9.963750666634933,7.760325025602503e+23,1.4844514704058614e+23,7.393763391251882e+24,1,state_safeguard,U,state_safeguard,source_norm2_gt_5,raw_state_verified,run.py:numpy-batch
HiSD,0.025118864315095822,0.002,2000000,306,-0.6265625,1.378125,completed,-7.839097368577071,10.552730340543249,1.303008237308189e+27,2.36663404502103e+26,1.3203088136180167e+28,1,state_safeguard,U,state_safeguard,source_norm2_gt_5,raw_state_verified,run.py:numpy-batch
HiSD,0.025118864315095822,0.002,2000000,307,-0.6171875,1.378125,completed,-8.409411936717532,11.1374906304858,3.654541050719074e+30,6.317857968596616e+29,3.9247943379463153e+31,1,state_safeguard,U,state_safeguard,source_norm2_gt_5,raw_state_verified,run.py:numpy-batch
HiSD,0.025118864315095822,0.002,2000000,308,-0.6078125000000001,1.378125,completed,-8.9845174245712,11.715949221905634,1.6710006793664593e+34,2.75631530860601e+33,1.8958278798540525e+35,1,state_safeguard,U,state_safeguard,source_norm2_gt_5,raw_state_verified,run.py:numpy-batch
HiSD,0.025118864315095822,0.002,2000000,309,-0.5984375000000001,1.378125,completed,-9.563428953592487,12.285913313540776,1.2081492492923467e+38,1.9061129231023967e+37,1.4435397791815865e+39,1,state_safeguard,U,state_safeguard,source_norm2_gt_5,raw_state_verified,run.py:numpy-batch
HiSD,0.025118864315095822,0.002,2000000,310,-0.5890625,1.378125,completed,-10.145286096030363,12.845064994617875,1.3316096435759738e+42,2.0143455995241474e+41,1.6706251551534454e+43,1,state_safeguard,U,state_safeguard,source_norm2_gt_5,raw_state_verified,run.py:numpy-batch
HiSD,0.025118864315095822,0.002,2000000,311,-0.5796875,1.378125,completed,-10.729389282309675,13.390939642549865,2.1445754842626018e+46,3.1179538583930565e+45,2.8170918783888493e+47,1,state_safeguard,U,state_safeguard,source_norm2_gt_5,raw_state_verified,run.py:numpy-batch
HiSD,0.025118864315095822,0.002,2000000,312,-0.5703125,1.378125,completed,-11.31524368919238,13.92089480760175,4.811222769191729e+50,6.7388166194218e+49,6.599145795279768e+51,1,state_safeguard,U,state_safeguard,source_norm2_gt_5,raw_state_verified,run.py:numpy-batch
HiSD,0.025118864315095822,0.002,2000000,313,-0.5609375000000001,1.378125,completed,-11.902612990187341,14.432065995466015,1.4263441424605973e+55,1.9291428706838078e+54,2.0374727545180727e+56,1,state_safeguard,U,state_safeguard,source_norm2_gt_5,raw_state_verified,run.py:numpy-batch
HiSD,0.025118864315095822,0.002,2000000,314,-0.5515625000000001,1.378125,completed,-12.49158631396658,14.921304176479632,5.278353585540638e+59,6.909434140379009e+58,7.832651133642555e+60,1,state_safeguard,U,state_safeguard,source_norm2_gt_5,raw_state_verified,run.py:numpy-batch
HiSD,0.025118864315095822,0.002,2000000,315,-0.5421875,1.378125,completed,-13.082663157207879,15.385087426893847,2.295297569650197e+64,2.9144276547361845e+63,3.5297447031853906e+65,1,state_safeguard,U,state_safeguard,source_norm2_gt_5,raw_state_verified,run.py:numpy-batch
HiSD,0.025118864315095822,0.002,2000000,316,-0.5328125000000001,1.378125,completed,-13.676863049879298,15.819395327531748,1.1015316262866547e+69,1.3596048329499815e+68,1.7514215311256223e+70,1,state_safeguard,U,state_safeguard,source_norm2_gt_5,raw_state_verified,run.py:numpy-batch
HiSD,0.025118864315095822,0.002,2000000,317,-0.5234375,1.378125,completed,-14.275869819113124,16.219528711673014,5.4747584053768783e+73,6.582062649750606e+72,8.9803129914655e+74,1,state_safeguard,U,state_safeguard,source_norm2_gt_5,raw_state_verified,run.py:numpy-batch
HiSD,0.025118864315095822,0.002,2000000,318,-0.5140625000000001,1.378125,completed,-14.882224871853717,16.579847495136857,2.6479128217202264e+78,3.1065858661073433e+77,4.471599790606068e+79,1,state_safeguard,U,state_safeguard,source_norm2_gt_5,raw_state_verified,run.py:numpy-batch
HiSD,0.025118864315095822,0.002,2000000,319,-0.5046875000000001,1.378125,completed,-15.49959084449732,16.893382779670752,1.1763402409440578e+83,1.3488753274876328e+82,2.041258123123802e+84,1,state_safeguard,U,state_safeguard,source_norm2_gt_5,raw_state_verified,run.py:numpy-batch
HiSD,0.025118864315095822,0.002,2000000,329,-0.7109375,1.3968749999999999,completed,-2.020740759045613,4.706780342342801,224575.42324938922,56331.11274590033,1120419.3191284863,1,state_safeguard,U,state_safeguard,source_norm2_gt_5,raw_state_verified,run.py:numpy-batch
HiSD,0.025118864315095822,0.002,2000000,330,-0.7015625000000001,1.3968749999999999,completed,-2.4688141708528804,5.253010695182608,2572525.227659078,642692.2596358844,13885149.26562763,1,state_safeguard,U,state_safeguard,source_norm2_gt_5,raw_state_verified,run.py:numpy-batch
HiSD,0.025118864315095822,0.002,2000000,331,-0.6921875000000001,1.3968749999999999,completed,-2.9335300495676084,5.810939622732348,46932156.55223862,11356001.279662706,273992285.8074547,1,state_safeguard,U,state_safeguard,source_norm2_gt_5,raw_state_verified,run.py:numpy-batch
HiSD,0.025118864315095822,0.002,2000000,332,-0.6828125,1.3968749999999999,completed,-3.4138529639592665,6.379434107092255,1397907889.5749507,326274651.6492029,8822964934.305542,1,state_safeguard,U,state_safeguard,source_norm2_gt_5,raw_state_verified,run.py:numpy-batch
HiSD,0.025118864315095822,0.002,2000000,333,-0.6734375,1.3968749999999999,completed,-3.908689347619646,6.957256969435787,69533724922.00252,15581023380.575209,473732728467.2384,1,state_safeguard,U,state_safeguard,source_norm2_gt_5,raw_state_verified,run.py:numpy-batch
HiSD,0.025118864315095822,0.002,2000000,334,-0.6640625,1.3968749999999999,completed,-4.416893983886313,7.5430713056018615,5885275524933.119,1262268439239.7864,43187389008686.766,1,state_safeguard,U,state_safeguard,source_norm2_gt_5,raw_state_verified,run.py:numpy-batch
HiSD,0.025118864315095822,0.002,2000000,335,-0.6546875000000001,1.3968749999999999,completed,-4.937278086641944,8.135444721342132,859874118326486.8,176213981567207.78,6778756268584554.0,1,state_safeguard,U,state_safeguard,source_norm2_gt_5,raw_state_verified,run.py:numpy-batch
HiSD,0.025118864315095822,0.002,2000000,336,-0.6453125000000001,1.3968749999999999,completed,-5.468618971347341,8.732853256969504,2.189334204005319e+17,4.2834813936869896e+16,1.8489380894113884e+18,1,state_safeguard,U,state_safeguard,source_norm2_gt_5,raw_state_verified,run.py:numpy-batch
HiSD,0.025118864315095822,0.002,2000000,337,-0.6359375,1.3968749999999999,completed,-6.009671355031017,9.333684841198197,9.754027391998475e+19,1.8219112868990276e+19,8.798494508586535e+20,1,state_safeguard,U,state_safeguard,source_norm2_gt_5,raw_state_verified,run.py:numpy-batch
HiSD,0.025118864315095822,0.002,2000000,338,-0.6265625,1.3968749999999999,completed,-6.559180375215382,9.936242054820605,7.591802079679436e+22,1.3544593813727313e+22,7.29264587884674e+23,1,state_safeguard,U,state_safeguard,source_norm2_gt_5,raw_state_verified,run.py:numpy-batch
HiSD,0.025118864315095822,0.002,2000000,339,-0.6171875,1.3968749999999999,completed,-7.11589647784948,10.538743913494065,1.0243935222158452e+26,1.7472884183704308e+25,1.0447912288936083e+27,1,state_safeguard,U,state_safeguard,source_norm2_gt_5,raw_state_verified,run.py:numpy-batch
HiSD,0.025118864315095822,0.002,2000000,340,-0.6078125000000001,1.3968749999999999,completed,-7.678592401580502,11.13932628726105,2.3632204774745514e+29,3.858435018253703e+28,2.551611122042217e+30,1,state_safeguard,U,state_safeguard,source_norm2_gt_5,raw_state_verified,run.py:numpy-batch
HiSD,0.025118864315095822,0.002,2000000,341,-0.5984375000000001,1.3968749999999999,completed,-8.246082587126008,11.736040453581348,9.133467097086259e+32,1.4294996684212068e+32,1.0409865235680652e+34,1,state_safeguard,U,state_safeguard,source_norm2_gt_5,raw_state_verified,run.py:numpy-batch
HiSD,0.025118864315095822,0.002,2000000,342,-0.5890625,1.3968749999999999,completed,-8.817245474431006,12.326849118857732,5.757630600000264e+36,8.652481039916674e+35,6.907721871077676e+37,1,state_safeguard,U,state_safeguard,source_norm2_gt_5,raw_state_verified,run.py:numpy-batch
HiSD,0.025118864315095822,0.002,2000000,343,-0.5796875,1.3968749999999999,completed,-9.391049334820126,12.90961901864532,5.72709883226528e+40,8.278345173872669e+39,7.213104403474564e+41,1,state_safeguard,U,state_safeguard,source_norm2_gt_5,raw_state_verified,run.py:numpy-batch
HiSD,0.025118864315095822,0.002,2000000,344,-0.5703125,1.3968749999999999,completed,-9.96658253695915,13.482108892826735,8.641647291352048e+44,1.2037164717042202e+44,1.139535818845715e+46,1,state_safeguard,U,state_safeguard,source_norm2_gt_5,raw_state_verified,run.py:numpy-batch
HiSD,0.025118864315095822,0.002,2000000,345,-0.5609375000000001,1.3968749999999999,completed,-10.543089501029856,14.041951179610702,1.8901597688593406e+49,2.5420592557372938e+48,2.602871764287619e+50,1,state_safeguard,U,state_safeguard,source_norm2_gt_5,raw_state_verified,run.py:numpy-batch
HiSD,0.025118864315095822,0.002,2000000,346,-0.5515625000000001,1.3968749999999999,completed,-11.120014092115458,14.586625118107737,5.694162496655844e+53,7.408739891495539e+52,8.167999037177292e+54,1,state_safeguard,U,state_safeguard,source_norm2_gt_5,raw_state_verified,run.py:numpy-batch
HiSD,0.025118864315095822,0.002,2000000,347,-0.5421875,1.3968749999999999,completed,-11.697052921909943,15.113417974438905,2.2329609017971824e+58,2.8165223593291808e+57,3.32839701753175e+59,1,state_safeguard,U,state_safeguard,source_norm2_gt_5,raw_state_verified,run.py:numpy-batch
HiSD,0.025118864315095822,0.002,2000000,348,-0.5328125000000001,1.3968749999999999,completed,-12.274222064919613,15.619369638961324,1.0721891398451524e+63,1.3138025367523105e+62,1.656746575319677e+64,1,state_safeguard,U,state_safeguard,source_norm2_gt_5,raw_state_verified,run.py:numpy-batch
HiSD,0.025118864315095822,0.002,2000000,349,-0.5234375,1.3968749999999999,completed,-12.851942226377608,16.101193580125013,5.905144565351455e+67,7.044337838749373e+66,9.43696911486994e+68,1,state_safeguard,U,state_safeguard,source_norm2_gt_5,raw_state_verified,run.py:numpy-batch
HiSD,0.025118864315095822,0.002,2000000,350,-0.5140625000000001,1.3968749999999999,completed,-13.43114968677186,16.55516358471713,3.483009061145487e+72,4.053689311185721e+71,5.743594439248664e+73,1,state_safeguard,U,state_safeguard,source_norm2_gt_5,raw_state_verified,run.py:numpy-batch
HiSD,0.025118864315095822,0.002,2000000,351,-0.5046875000000001,1.3968749999999999,completed,-14.013443825388395,16.97694999057518,2.049610402437952e+77,2.332342603135171e+76,3.4798549435365034e+78,1,state_safeguard,U,state_safeguard,source_norm2_gt_5,raw_state_verified,run.py:numpy-batch
HiSD,0.025118864315095822,0.002,2000000,363,-0.6921875000000001,1.415625,completed,-1.8445450250731672,5.21338234048882,4050078.0025766003,807287.9837953147,23739756.179806113,1,state_safeguard,U,state_safeguard,source_norm2_gt_5,raw_state_verified,run.py:numpy-batch
HiSD,0.025118864315095822,0.002,2000000,364,-0.6828125,1.415625,completed,-2.2986557736598687,5.766766365531609,57608557.881548375,11411716.370711036,360364034.182448,1,state_safeguard,U,state_safeguard,source_norm2_gt_5,raw_state_verified,run.py:numpy-batch
HiSD,0.025118864315095822,0.002,2000000,365,-0.6734375,1.415625,completed,-2.7685121045478587,6.332293471196431,1326601759.1779459,258937673.04329315,8867145139.729834,1,state_safeguard,U,state_safeguard,source_norm2_gt_5,raw_state_verified,run.py:numpy-batch
HiSD,0.025118864315095822,0.002,2000000,366,-0.6640625,1.415625,completed,-3.2530812238590006,6.908787420520332,50712515901.31118,9694383881.371826,362304323265.9682,1,state_safeguard,U,state_safeguard,source_norm2_gt_5,raw_state_verified,run.py:numpy-batch
HiSD,0.025118864315095822,0.002,2000000,367,-0.6546875000000001,1.415625,completed,-3.751264275653897,7.494975227345206,3288691569441.102,612552813332.5588,25100311291060.516,1,state_safeguard,U,state_safeguard,source_norm2_gt_5,raw_state_verified,run.py:numpy-batch
HiSD,0.025118864315095822,0.002,2000000,368,-0.6453125000000001,1.415625,completed,-4.261903997687811,8.089491459050397,368242661582475.4,66563254359447.67,2999210872837218.5,1,state_safeguard,U,state_safeguard,source_norm2_gt_5,raw_state_verified,run.py:numpy-batch
HiSD,0.025118864315095822,0.002,2000000,369,-0.6359375,1.415625,completed,-4.783793710028515,8.69088251092797,7.213292979937032e+16,1.2616554684085342e+16,6.259632039896804e+17,1,state_safeguard,U,state_safeguard,source_norm2_gt_5,raw_state_verified,run.py:numpy-batch
HiSD,0.025118864315095822,0.002,2000000,370,-0.6265625,1.415625,completed,-5.315687666299296,9.297610738028526,2.4917516375283974e+19,4.208690073797705e+18,2.29958709786908e+20,1,state_safeguard,U,state_safeguard,source_norm2_gt_5,raw_state_verified,run.py:numpy-batch
HiSD,0.025118864315095822,0.002,2000000,371,-0.6171875,1.415625,completed,-5.856312830499775,9.908058288217122,1.5217287391471198e+22,2.4790141564743304e+21,1.4904093141914204e+23,1,state_safeguard,U,state_safeguard,source_norm2_gt_5,raw_state_verified,run.py:numpy-batch
HiSD,0.025118864315095822,0.002,2000000,372,-0.6078125000000001,1.415625,completed,-6.4043821843689095,10.520530429881653,1.6374430570255394e+25,2.571270926238959e+24,1.698203536938226e+26,1,state_safeguard,U,state_safeguard,source_norm2_gt_5,raw_state_verified,run.py:numpy-batch
HiSD,0.025118864315095822,0.002,2000000,373,-0.5984375000000001,1.415625,completed,-6.9586097229325485,11.13325810634193,3.074995983482708e+28,4.6540347359850886e+27,3.369133922076194e+29,1,state_safeguard,U,state_safeguard,source_norm2_gt_5,raw_state_verified,run.py:numpy-batch
HiSD,0.025118864315095822,0.002,2000000,374,-0.5890625,1.415625,completed,-7.517727366800401,11.744399369583666,9.918595700772858e+31,1.447378096094888e+31,1.1453797087354778e+33,1,state_safeguard,U,state_safeguard,source_norm2_gt_5,raw_state_verified,run.py:numpy-batch
HiSD,0.025118864315095822,0.002,2000000,375,-0.5796875,1.415625,completed,-8.080504115445082,12.352039240760408,5.3731590763565246e+35,7.564777118065187e+34,6.524131214322665e+36,1,state_safeguard,U,state_safeguard,source_norm2_gt_5,raw_state_verified,run.py:numpy-batch
HiSD,0.025118864315095822,0.002,2000000,376,-0.5703125,1.415625,completed,-8.645767894819025,12.954187403282956,4.748748259806892e+39,6.456317240533585e+38,6.04832432427251e+40,1,state_safeguard,U,state_safeguard,source_norm2_gt_5,raw_state_verified,run.py:numpy-batch
HiSD,0.025118864315095822,0.002,2000000,377,-0.5609375000000001,1.415625,completed,-9.212430734315607,13.548772935911739,6.607875944697687e+43,8.685736263469956e+42,8.807579677463292e+44,1,state_safeguard,U,state_safeguard,source_norm2_gt_5,raw_state_verified,run.py:numpy-batch
HiSD,0.025118864315095822,0.002,2000000,378,-0.5515625000000001,1.415625,completed,-9.77951815646362,14.133635016673088,1.3882333590396993e+48,1.7665449010721028e+47,1.931886767622542e+49,1,state_safeguard,U,state_safeguard,source_norm2_gt_5,raw_state_verified,run.py:numpy-batch
HiSD,0.025118864315095822,0.002,2000000,379,-0.5421875,1.415625,completed,-10.346204019330571,14.706508126835708,4.1963842069386367e+52,5.1772568593563125e+51,6.082976506830566e+53,1,state_safeguard,U,state_safeguard,source_norm2_gt_5,raw_state_verified,run.py:numpy-batch
HiSD,0.025118864315095822,0.002,2000000,380,-0.5328125000000001,1.415625,completed,-10.911852556214761,15.264999700202495,1.729120077561837e+57,2.0716405857678795e+56,2.604934594625695e+58,1,state_safeguard,U,state_safeguard,source_norm2_gt_5,raw_state_verified,run.py:numpy-batch
HiSD,0.025118864315095822,0.002,2000000,381,-0.5234375,1.415625,completed,-11.476070091383127,15.806557290876409,9.149953314846585e+61,1.0664177678531964e+61,1.4293600779187073e+63,1,state_safeguard,U,state_safeguard,source_norm2_gt_5,raw_state_verified,run.py:numpy-batch
HiSD,0.025118864315095822,0.002,2000000,382,-0.5140625000000001,1.415625,completed,-12.038769988499054,16.328421009783334,5.828062846779015e+66,6.619953663875479e+65,9.419510389288697e+67,1,state_safeguard,U,state_safeguard,source_norm2_gt_5,raw_state_verified,run.py:numpy-batch
HiSD,0.025118864315095822,0.002,2000000,383,-0.5046875000000001,1.415625,completed,-12.600255999206007,16.82755493044377,4.168484861299986e+71,4.623610608390709e+70,6.955076535315296e+72,1,state_safeguard,U,state_safeguard,source_norm2_gt_5,raw_state_verified,run.py:numpy-batch
HiSD,0.025118864315095822,0.002,2000000,396,-0.6828125,1.434375,completed,-1.2450721490180265,5.20481844114492,12273229.10292112,1993004.1495197057,78958308.67672554,1,state_safeguard,U,state_safeguard,source_norm2_gt_5,raw_state_verified,run.py:numpy-batch
HiSD,0.025118864315095822,0.002,2000000,397,-0.6734375,1.434375,completed,-1.687724605714747,5.750328786248807,138910710.5941013,22626494.626999035,942349918.5911484,1,state_safeguard,U,state_safeguard,source_norm2_gt_5,raw_state_verified,run.py:numpy-batch
HiSD,0.025118864315095822,0.002,2000000,398,-0.6640625,1.434375,completed,-2.1461778095017747,6.309606498788144,2516668557.0263906,409519428.09244204,18044421858.967987,1,state_safeguard,U,state_safeguard,source_norm2_gt_5,raw_state_verified,run.py:numpy-batch
HiSD,0.025118864315095822,0.002,2000000,399,-0.6546875000000001,1.434375,completed,-2.6194766138242307,6.881514240578209,75024962532.60413,12130407589.268833,569392799081.0503,1,state_safeguard,U,state_safeguard,source_norm2_gt_5,raw_state_verified,run.py:numpy-batch
HiSD,0.025118864315095822,0.002,2000000,400,-0.6453125000000001,1.434375,completed,-3.106584802651413,7.464823806871305,3771485366318.0938,602718157766.1973,30320258587516.41,1,state_safeguard,U,state_safeguard,source_norm2_gt_5,raw_state_verified,run.py:numpy-batch
HiSD,0.025118864315095822,0.002,2000000,401,-0.6359375,1.434375,completed,-3.6063927274980987,8.058219611319215,326429691291793.44,51316117504970.63,2780163724063327.0,1,state_safeguard,U,state_safeguard,source_norm2_gt_5,raw_state_verified,run.py:numpy-batch
HiSD,0.025118864315095822,0.002,2000000,402,-0.6265625,1.434375,completed,-4.117725969450505,8.660302507361155,4.945884339296896e+16,7617452601479148.0,4.4606610928338035e+17,1,state_safeguard,U,state_safeguard,source_norm2_gt_5,raw_state_verified,run.py:numpy-batch
HiSD,0.025118864315095822,0.002,2000000,403,-0.6171875,1.434375,completed,-4.6393550716946095,9.269593832972053,1.3274427009996933e+19,1.996446293489472e+18,1.2666995917922265e+20,1,state_safeguard,U,state_safeguard,source_norm2_gt_5,raw_state_verified,run.py:numpy-batch
HiSD,0.025118864315095822,0.002,2000000,404,-0.6078125000000001,1.434375,completed,-5.170006402829086,9.884539542525518,6.352891188332515e+21,9.306539713727469e+20,6.406399363368661e+22,1,state_safeguard,U,state_safeguard,source_norm2_gt_5,raw_state_verified,run.py:numpy-batch
HiSD,0.025118864315095822,0.002,2000000,405,-0.5984375000000001,1.434375,completed,-5.708374231722135,10.503514261024712,5.42650660891617e+24,7.728710881690007e+23,5.774552980725818e+25,1,state_safeguard,U,state_safeguard,source_norm2_gt_5,raw_state_verified,run.py:numpy-batch
HiSD,0.025118864315095822,0.002,2000000,406,-0.5890625,1.434375,completed,-6.253134127119388,11.124825058237139,8.231178275314808e+27,1.1383453126676294e+27,9.227901298546333e+28,1,state_safeguard,U,state_safeguard,source_norm2_gt_5,raw_state_verified,run.py:numpy-batch
HiSD,0.025118864315095822,0.002,2000000,407,-0.5796875,1.434375,completed,-6.802957838114385,11.746714692637047,2.19212383169856e+31,2.941588669692078e+30,2.5844950334938257e+32,1,state_safeguard,U,state_safeguard,source_norm2_gt_5,raw_state_verified,run.py:numpy-batch
HiSD,0.025118864315095822,0.002,2000000,408,-0.5703125,1.434375,completed,-7.356529875303332,12.367364010058996,1.0068879549739294e+35,1.3106081742838493e+34,1.2460779792338915e+36,1,state_safeguard,U,state_safeguard,source_norm2_gt_5,raw_state_verified,run.py:numpy-batch
HiSD,0.025118864315095822,0.002,2000000,409,-0.5609375000000001,1.434375,completed,-7.912566097426925,12.98489309633153,7.783845571929813e+38,9.828599581953765e+37,1.0091739326711167e+40,1,state_safeguard,U,state_safeguard,source_norm2_gt_5,raw_state_verified,run.py:numpy-batch
HiSD,0.025118864315095822,0.002,2000000,410,-0.5515625000000001,1.434375,completed,-8.469834730912549,13.597360663276318,9.817620155589655e+42,1.203028426371248e+42,1.3308242135989984e+44,1,state_safeguard,U,state_safeguard,source_norm2_gt_5,raw_state_verified,run.py:numpy-batch
HiSD,0.025118864315095822,0.002,2000000,411,-0.5421875,1.434375,completed,-9.027180418414146,14.202760981794185,1.945618676820926e+47,2.3151609410984697e+46,2.7519325095035742e+48,1,state_safeguard,U,state_safeguard,source_norm2_gt_5,raw_state_verified,run.py:numpy-batch
HiSD,0.025118864315095822,0.002,2000000,412,-0.5328125000000001,1.434375,completed,-9.583552131652079,14.799017439907432,5.796712164046566e+51,6.704078847987314e+50,8.537750044909792e+52,1,state_safeguard,U,state_safeguard,source_norm2_gt_5,raw_state_verified,run.py:numpy-batch
HiSD,0.025118864315095822,0.002,2000000,413,-0.5234375,1.434375,completed,-10.138036126418243,15.383971461893312,2.46881024323123e+56,2.7780817926180846e+55,3.778709916769979e+57,1,state_safeguard,U,state_safeguard,source_norm2_gt_5,raw_state_verified,run.py:numpy-batch
HiSD,0.025118864315095822,0.002,2000000,414,-0.5140625000000001,1.434375,completed,-10.689895609876992,15.95536502367588,1.420597863371098e+61,1.5572959763171045e+60,2.2549235839155616e+62,1,state_safeguard,U,state_safeguard,source_norm2_gt_5,raw_state_verified,run.py:numpy-batch
HiSD,0.025118864315095822,0.002,2000000,415,-0.5046875000000001,1.434375,completed,-11.23861951203544,16.51081424888947,1.037870676292719e+66,1.1099398112509187e+65,1.7049751923644945e+67,1,state_safeguard,U,state_safeguard,source_norm2_gt_5,raw_state_verified,run.py:numpy-batch
HiSD,0.025118864315095822,0.002,2000000,429,-0.6734375,1.453125,completed,-0.6759196135562545,5.233107944407319,70213814.79219161,9515411.075961402,497750094.2912761,1,state_safeguard,U,state_safeguard,source_norm2_gt_5,raw_state_verified,run.py:numpy-batch
HiSD,0.025118864315095822,0.002,2000000,430,-0.6640625,1.453125,completed,-1.1060972521172232,5.767204534483189,646602865.1512216,88245808.28823566,4785145980.497842,1,state_safeguard,U,state_safeguard,source_norm2_gt_5,raw_state_verified,run.py:numpy-batch
HiSD,0.025118864315095822,0.002,2000000,431,-0.6546875000000001,1.453125,completed,-1.5520578094336361,6.3167921549514645,9405431589.579903,1290192993.6788526,72867453314.64491,1,state_safeguard,U,state_safeguard,source_norm2_gt_5,raw_state_verified,run.py:numpy-batch
HiSD,0.025118864315095822,0.002,2000000,432,-0.6453125000000001,1.453125,completed,-2.012937682911205,6.880741310874098,222621207693.1031,30594790730.571125,1809549162597.9644,1,state_safeguard,U,state_safeguard,source_norm2_gt_5,raw_state_verified,run.py:numpy-batch
HiSD,0.025118864315095822,0.002,2000000,433,-0.6359375,1.453125,completed,-2.487776876221847,7.4578426124394,8809249941645.424,1207996428103.0745,75244042110839.6,1,state_safeguard,U,state_safeguard,source_norm2_gt_5,raw_state_verified,run.py:numpy-batch
HiSD,0.025118864315095822,0.002,2000000,434,-0.6265625,1.453125,completed,-2.9755269604310652,8.046808161647187,596763796668429.4,81305353717439.75,5361552696560088.0,1,state_safeguard,U,state_safeguard,source_norm2_gt_5,raw_state_verified,run.py:numpy-batch
HiSD,0.025118864315095822,0.002,2000000,435,-0.6171875,1.453125,completed,-3.4750597077540695,8.646273845708013,7.059697578239814e+16,9517158282153144.0,6.674597695513716e+17,1,state_safeguard,U,state_safeguard,source_norm2_gt_5,raw_state_verified,run.py:numpy-batch
HiSD,0.025118864315095822,0.002,2000000,436,-0.6078125000000001,1.453125,completed,-3.985176481939081,9.254802353455315,1.4811704143299785e+19,1.968416332433246e+18,1.4736374691004001e+20,1,state_safeguard,U,state_safeguard,source_norm2_gt_5,raw_state_verified,run.py:numpy-batch
HiSD,0.025118864315095822,0.002,2000000,437,-0.5984375000000001,1.453125,completed,-4.504618461771539,9.870886740698952,5.569810098143579e+21,7.273653803196223e+20,5.829060521645852e+22,1,state_safeguard,U,state_safeguard,source_norm2_gt_5,raw_state_verified,run.py:numpy-batch
HiSD,0.025118864315095822,0.002,2000000,438,-0.5890625,1.453125,completed,-5.032077774899075,10.492954369708219,3.773462193348374e+24,4.829513622128801e+23,4.151030282174105e+25,1,state_safeguard,U,state_safeguard,source_norm2_gt_5,raw_state_verified,run.py:numpy-batch
HiSD,0.025118864315095822,0.002,2000000,439,-0.5796875,1.453125,completed,-5.566209629941513,11.119371037363942,4.6030419864632135e+27,5.761670609355036e+26,5.317278034127449e+28,1,state_safeguard,U,state_safeguard,source_norm2_gt_5,raw_state_verified,run.py:numpy-batch
HiSD,0.025118864315095822,0.002,2000000,440,-0.5703125,1.453125,completed,-6.105645556094946,11.748445086007933,1.0042586982420757e+31,1.2274424616089229e+30,1.2167407793720983e+32,1,state_safeguard,U,state_safeguard,source_norm2_gt_5,raw_state_verified,run.py:numpy-batch
HiSD,0.025118864315095822,0.002,2000000,441,-0.5609375000000001,1.453125,completed,-6.649007893455309,12.378431259353862,3.867857137056075e+34,4.610968795950859e+33,4.908385043635655e+35,1,state_safeguard,U,state_safeguard,source_norm2_gt_5,raw_state_verified,run.py:numpy-batch
HiSD,0.025118864315095822,0.002,2000000,442,-0.5515625000000001,1.453125,completed,-7.1949257294056075,13.007534019321717,2.5787489312715724e+38,2.996338343120082e+37,3.422512886960438e+39,1,state_safeguard,U,state_safeguard,source_norm2_gt_5,raw_state_verified,run.py:numpy-batch
HiSD,0.025118864315095822,0.002,2000000,443,-0.5421875,1.453125,completed,-7.742052551372582,13.633909973924924,2.899153296163164e+42,3.2821958280917277e+41,4.0177658535207317e+43,1,state_safeguard,U,state_safeguard,source_norm2_gt_5,raw_state_verified,run.py:numpy-batch
HiSD,0.025118864315095822,0.002,2000000,444,-0.5328125000000001,1.453125,completed,-8.289085991478025,14.255668974624475,5.318396058611117e+46,5.866439409357405e+45,7.683321294075377e+47,1,state_safeguard,U,state_safeguard,source_norm2_gt_5,raw_state_verified,run.py:numpy-batch
HiSD,0.025118864315095822,0.002,2000000,445,-0.5234375,1.453125,completed,-8.834790192465807,14.870873309021798,1.5303964596086487e+51,1.6451581514895533e+50,2.300808825827277e+52,1,state_safeguard,U,state_safeguard,source_norm2_gt_5,raw_state_verified,run.py:numpy-batch
HiSD,0.025118864315095822,0.002,2000000,446,-0.5140625000000001,1.453125,completed,-9.37802153925264,15.477534227211049,6.597957678711214e+55,6.915723962996172e+54,1.0304565981425087e+57,1,state_safeguard,U,state_safeguard,source_norm2_gt_5,raw_state_verified,run.py:numpy-batch
HiSD,0.025118864315095822,0.002,2000000,447,-0.5046875000000001,1.453125,completed,-9.917758813439878,16.073604765242667,4.045336436565833e+60,4.1372863558784505e+59,6.551488100593628e+61,1,state_safeguard,U,state_safeguard,source_norm2_gt_5,raw_state_verified,run.py:numpy-batch
HiSD,0.025118864315095822,0.002,2000000,462,-0.6640625,1.4718749999999998,completed,-0.14361005721268294,5.304178580046319,740877099.4656001,86154663.7604575,5785231495.374179,1,state_safeguard,U,state_safeguard,source_norm2_gt_5,raw_state_verified,run.py:numpy-batch
HiSD,0.025118864315095822,0.002,2000000,463,-0.6546875000000001,1.4718749999999998,completed,-0.5600176114960036,5.823046923187993,5678408500.326992,664306267.438096,45910394372.60814,1,state_safeguard,U,state_safeguard,source_norm2_gt_5,raw_state_verified,run.py:numpy-batch
HiSD,0.025118864315095822,0.002,2000000,464,-0.6453125000000001,1.4718749999999998,completed,-0.992147178391561,6.359295505602957,67774758871.07216,7980018355.881311,569077812521.6497,1,state_safeguard,U,state_safeguard,source_norm2_gt_5,raw_state_verified,run.py:numpy-batch
HiSD,0.025118864315095822,0.002,2000000,465,-0.6359375,1.4718749999999998,completed,-1.4392340910621098,6.911759243714748,1299793801861.9407,153840213652.23843,11363241389578.496,1,state_safeguard,U,state_safeguard,source_norm2_gt_5,raw_state_verified,run.py:numpy-batch
HiSD,0.025118864315095822,0.002,2000000,466,-0.6265625,1.4718749999999998,completed,-1.900402703530927,7.479212122867563,41235306454728.73,4894164141690.512,376106277671550.1,1,state_safeguard,U,state_safeguard,source_norm2_gt_5,raw_state_verified,run.py:numpy-batch
HiSD,0.025118864315095822,0.002,2000000,467,-0.6171875,1.4718749999999998,completed,-2.374674761752094,8.060364598890159,2221450009884980.2,263574529102270.3,2.1172184397622704e+16,1,state_safeguard,U,state_safeguard,source_norm2_gt_5,raw_state_verified,run.py:numpy-batch
HiSD,0.025118864315095822,0.002,2000000,468,-0.6078125000000001,1.4718749999999998,completed,-2.860978111603939,8.653862858713087,2.0790655446487245e+17,2.4575261722439108e+16,2.072777621310063e+18,1,state_safeguard,U,state_safeguard,source_norm2_gt_5,raw_state_verified,run.py:numpy-batch
HiSD,0.025118864315095822,0.002,2000000,469,-0.5984375000000001,1.4718749999999998,completed,-3.358155868534737,9.258289570023965,3.4444361162612818e+19,4.042131444193608e+18,3.594465648213028e+20,1,state_safeguard,U,state_safeguard,source_norm2_gt_5,raw_state_verified,run.py:numpy-batch
HiSD,0.025118864315095822,0.002,2000000,470,-0.5890625,1.4718749999999998,completed,-3.8649761474625546,9.872165820544947,1.0246383815669183e+22,1.189897473075562e+21,1.1194960056346974e+23,1,state_safeguard,U,state_safeguard,source_norm2_gt_5,raw_state_verified,run.py:numpy-batch
HiSD,0.025118864315095822,0.002,2000000,471,-0.5796875,1.4718749999999998,completed,-4.380142434941919,10.493953992948708,5.523651179478451e+24,6.329037592249747e+23,6.3178127481294725e+25,1,state_safeguard,U,state_safeguard,source_norm2_gt_5,raw_state_verified,run.py:numpy-batch
HiSD,0.025118864315095822,0.002,2000000,472,-0.5703125,1.4718749999999998,completed,-4.902304679170317,11.122061347871494,5.416404228759386e+27,6.107905291755861e+26,6.482805530661908e+28,1,state_safeguard,U,state_safeguard,source_norm2_gt_5,raw_state_verified,run.py:numpy-batch
HiSD,0.025118864315095822,0.002,2000000,473,-0.5609375000000001,1.4718749999999998,completed,-5.430071175060458,11.754844099619945,9.640793262849963e+30,1.0676854704473834e+30,1.2066717710950848e+32,1,state_safeguard,U,state_safeguard,source_norm2_gt_5,raw_state_verified,run.py:numpy-batch
HiSD,0.025118864315095822,0.002,2000000,474,-0.5515625000000001,1.4718749999999998,completed,-5.962021334144956,12.390611768429949,3.0892103910322674e+34,3.3541890242256504e+33,4.039894602419072e+35,1,state_safeguard,U,state_safeguard,source_norm2_gt_5,raw_state_verified,run.py:numpy-batch
HiSD,0.025118864315095822,0.002,2000000,475,-0.5421875,1.4718749999999998,completed,-6.496719454090671,13.027631579870299,1.756143850706935e+38,1.8669864530098673e+37,2.3970415184621708e+39,1,state_safeguard,U,state_safeguard,source_norm2_gt_5,raw_state_verified,run.py:numpy-batch
HiSD,0.025118864315095822,0.002,2000000,476,-0.5328125000000001,1.4718749999999998,completed,-7.032729639795503,13.664132656838753,1.7340424441058738e+42,1.8033149203259782e+41,2.4674824606653587e+43,1,state_safeguard,U,state_safeguard,source_norm2_gt_5,raw_state_verified,run.py:numpy-batch
HiSD,0.025118864315095822,0.002,2000000,477,-0.5234375,1.4718749999999998,completed,-7.568632089434544,14.29830970629926,2.8926206116535303e+46,2.940811830291338e+45,4.2855034037094884e+47,1,state_safeguard,U,state_safeguard,source_norm2_gt_5,raw_state_verified,run.py:numpy-batch
HiSD,0.025118864315095822,0.002,2000000,478,-0.5140625000000001,1.4718749999999998,completed,-8.1030410441431,14.928325839823781,7.876689640396004e+50,7.826095298497815e+49,1.213300413923649e+52,1,state_safeguard,U,state_safeguard,source_norm2_gt_5,raw_state_verified,run.py:numpy-batch
HiSD,0.025118864315095822,0.002,2000000,479,-0.5046875000000001,1.4718749999999998,completed,-8.634624823514386,15.552314074543794,3.3611635164990197e+55,3.2635719914503605e+54,5.375215159252032e+56,1,state_safeguard,U,state_safeguard,source_norm2_gt_5,raw_state_verified,run.py:numpy-batch
HiSD,0.025118864315095822,0.002,2000000,495,-0.6546875000000001,1.4906249999999999,completed,0.34398409182771206,5.424062820207716,13993005695.674715,1428460531.564787,119987950612.5124,1,state_safeguard,U,state_safeguard,source_norm2_gt_5,raw_state_verified,run.py:numpy-batch
HiSD,0.025118864315095822,0.002,2000000,496,-0.6453125000000001,1.4906249999999999,completed,-0.05690494153751757,5.923551853412591,91263972526.88225,9353731439.384148,804950388031.6523,1,state_safeguard,U,state_safeguard,source_norm2_gt_5,raw_state_verified,run.py:numpy-batch
HiSD,0.025118864315095822,0.002,2000000,497,-0.6359375,1.4906249999999999,completed,-0.47347288648693164,6.442556260908074,914075883599.5756,94195554420.18646,8317920747484.396,1,state_safeguard,U,state_safeguard,source_norm2_gt_5,raw_state_verified,run.py:numpy-batch
HiSD,0.025118864315095822,0.002,2000000,498,-0.6265625,1.4906249999999999,completed,-0.9050487426948035,6.979816087510173,14518442880278.385,1504490687240.3027,136672707580881.19,1,state_safeguard,U,state_safeguard,source_norm2_gt_5,raw_state_verified,run.py:numpy-batch
HiSD,0.025118864315095822,0.002,2000000,499,-0.6171875,1.4906249999999999,completed,-1.350839206851926,7.534041075112066,376994246859809.7,39244944205840.39,3679799658235233.0,1,state_safeguard,U,state_safeguard,source_norm2_gt_5,raw_state_verified,run.py:numpy-batch
HiSD,0.025118864315095822,0.002,2000000,500,-0.6078125000000001,1.4906249999999999,completed,-1.8099368903316189,8.10390136813527,1.6460328103981978e+16,1718072287736818.0,1.6690847527404438e+17,1,state_safeguard,U,state_safeguard,source_norm2_gt_5,raw_state_verified,run.py:numpy-batch
HiSD,0.025118864315095822,0.002,2000000,501,-0.5984375000000001,1.4906249999999999,completed,-2.281328732302298,8.688021645007112,1.2392753474477322e+18,1.2937290806154147e+17,1.3073876791306553e+19,1,state_safeguard,U,state_safeguard,source_norm2_gt_5,raw_state_verified,run.py:numpy-batch
HiSD,0.025118864315095822,0.002,2000000,502,-0.5890625,1.4906249999999999,completed,-2.7639047194036745,9.284977941662433,1.6440918898023065e+20,1.7118110750682065e+19,1.8064844769283528e+21,1,state_safeguard,U,state_safeguard,source_norm2_gt_5,raw_state_verified,run.py:numpy-batch
HiSD,0.025118864315095822,0.002,2000000,503,-0.5796875,1.4906249999999999,completed,-3.256466999708514,9.893296612983482,3.911457719084981e+22,4.050098867932107e+21,4.4795237179308147e+23,1,state_safeguard,U,state_safeguard,source_norm2_gt_5,raw_state_verified,run.py:numpy-batch
HiSD,0.025118864315095822,0.002,2000000,504,-0.5703125,1.4906249999999999,completed,-3.7577394600100065,10.511455001836183,1.690535691824267e+25,1.7359104742743653e+24,2.0186817724480887e+26,1,state_safeguard,U,state_safeguard,source_norm2_gt_5,raw_state_verified,run.py:numpy-batch
HiSD,0.025118864315095822,0.002,2000000,505,-0.5609375000000001,1.4906249999999999,completed,-4.266377821516034,11.137883470249026,1.3377909372674126e+28,1.3587297172476307e+27,1.665766837323608e+29,1,state_safeguard,U,state_safeguard,source_norm2_gt_5,raw_state_verified,run.py:numpy-batch
HiSD,0.025118864315095822,0.002,2000000,506,-0.5515625000000001,1.4906249999999999,completed,-4.780980301131797,11.770968504373833,1.9428507513931254e+31,1.9472018329292148e+30,2.5221020016623617e+32,1,state_safeguard,U,state_safeguard,source_norm2_gt_5,raw_state_verified,run.py:numpy-batch
HiSD,0.025118864315095822,0.002,2000000,507,-0.5421875,1.4906249999999999,completed,-5.300098883367077,12.409056641745448,5.159860913728782e+34,5.0928026886890426e+33,6.980259162228047e+35,1,state_safeguard,U,state_safeguard,source_norm2_gt_5,raw_state_verified,run.py:numpy-batch
HiSD,0.025118864315095822,0.002,2000000,508,-0.5328125000000001,1.4906249999999999,completed,-5.822251253673745,13.050458990187881,2.481843359771607e+38,2.4082559415517806e+37,3.496588118329505e+39,1,state_safeguard,U,state_safeguard,source_norm2_gt_5,raw_state_verified,run.py:numpy-batch
HiSD,0.025118864315095822,0.002,2000000,509,-0.5234375,1.4906249999999999,completed,-6.345933457617157,13.693456115650719,2.1275695128083683e+42,2.0268574370400528e+41,3.1192008935463316e+43,1,state_safeguard,U,state_safeguard,source_norm2_gt_5,raw_state_verified,run.py:numpy-batch
HiSD,0.025118864315095822,0.002,2000000,510,-0.5140625000000001,1.4906249999999999,completed,-6.869633375020477,14.336303071922039,3.178317197053712e+46,2.969495810843071e+45,4.8443788310725146e+47,1,state_safeguard,U,state_safeguard,source_norm2_gt_5,raw_state_verified,run.py:numpy-batch
HiSD,0.025118864315095822,0.002,2000000,511,-0.5046875000000001,1.4906249999999999,completed,-7.391845137698347,14.977234327796587,8.037673527367913e+50,7.359030964637487e+49,1.2723125536180077e+52,1,state_safeguard,U,state_safeguard,source_norm2_gt_5,raw_state_verified,run.py:numpy-batch
HiSD,0.025118864315095822,0.002,2000000,160,-0.7953125000000001,1.3031249999999999,completed,-3.3612657730000897,83.87599413480552,,,,2,numerical_breakdown,U,state_safeguard,source_norm2_gt_5,nonfinite_derivatives_or_residual,run.py:numpy-batch
HiSD,0.025118864315095822,0.002,2000000,192,-0.7953125000000001,1.321875,completed,-26.068183704010295,1.5068552273784892,,,,2,numerical_breakdown,U,state_safeguard,source_norm2_gt_5,nonfinite_derivatives_or_residual,run.py:numpy-batch
HiSD,0.025118864315095822,0.002,2000000,193,-0.7859375000000001,1.321875,completed,-16.046914722308085,-30.15967419763171,,,,2,numerical_breakdown,U,state_safeguard,source_norm2_gt_5,nonfinite_derivatives_or_residual,run.py:numpy-batch
HiSD,0.025118864315095822,0.002,2000000,194,-0.7765625,1.321875,completed,-92.93189932325548,-16.76540457453455,,,,2,numerical_breakdown,U,state_safeguard,source_norm2_gt_5,nonfinite_derivatives_or_residual,run.py:numpy-batch
HiSD,0.025118864315095822,0.002,2000000,224,-0.7953125000000001,1.340625,completed,6.880425720259209,-23.987572413465003,,,,2,numerical_breakdown,U,state_safeguard,source_norm2_gt_5,nonfinite_derivatives_or_residual,run.py:numpy-batch
HiSD,0.025118864315095822,0.002,2000000,225,-0.7859375000000001,1.340625,completed,-5.561616193928681,-3.1689421916070004,6.802204093221939e+18,4.4088105928354477e+17,8.510100799909649e+19,2,state_safeguard,U,state_safeguard,source_norm2_gt_5,raw_state_verified,run.py:numpy-batch
HiSD,0.025118864315095822,0.002,2000000,226,-0.7765625,1.340625,completed,-7.139103682220798,24.571302845323157,2.0368134604622107e+145,8.058076318406295e+143,6.088239223804215e+146,2,state_safeguard,U,state_safeguard,source_norm2_gt_5,raw_state_verified,run.py:numpy-batch
HiSD,0.025118864315095822,0.002,2000000,227,-0.7671875,1.340625,completed,-47.88502087817654,-21.905941817540132,,,,2,numerical_breakdown,U,state_safeguard,source_norm2_gt_5,nonfinite_derivatives_or_residual,run.py:numpy-batch
HiSD,0.025118864315095822,0.002,2000000,228,-0.7578125,1.340625,completed,-206.39940158856584,36.86504858554913,,,,2,numerical_breakdown,U,state_safeguard,source_norm2_gt_5,nonfinite_derivatives_or_residual,run.py:numpy-batch
HiSD,0.025118864315095822,0.002,2000000,256,-0.7953125000000001,1.359375,completed,-18.032327965462237,-4.898447081423649,4.393793061181185e+127,1.121988299597925e+126,1.454090287206125e+129,2,state_safeguard,U,state_safeguard,source_norm2_gt_5,raw_state_verified,run.py:numpy-batch
HiSD,0.025118864315095822,0.002,2000000,257,-0.7859375000000001,1.359375,completed,1.6167831588490398,6.459890994215775,1.2743785647976778e+17,9093965765401058.0,1.4918129239079544e+18,2,state_safeguard,U,state_safeguard,source_norm2_gt_5,raw_state_verified,run.py:numpy-batch
HiSD,0.025118864315095822,0.002,2000000,258,-0.7765625,1.359375,completed,24.434185489311567,-10.923602165335812,,,,2,numerical_breakdown,U,state_safeguard,source_norm2_gt_5,nonfinite_derivatives_or_residual,run.py:numpy-batch
HiSD,0.025118864315095822,0.002,2000000,259,-0.7671875,1.359375,completed,-4.550569792243216,-3.434882684561774,1.3937407961178566e+16,989222207212356.9,1.6001438408012058e+17,2,state_safeguard,U,state_safeguard,source_norm2_gt_5,raw_state_verified,run.py:numpy-batch
HiSD,0.025118864315095822,0.002,2000000,260,-0.7578125,1.359375,completed,18.70209720204403,-5.237435953027609,2.3388903910056385e+100,1.2127615542688832e+99,5.637746540287426e+101,2,state_safeguard,U,state_safeguard,source_norm2_gt_5,raw_state_verified,run.py:numpy-batch
HiSD,0.025118864315095822,0.002,2000000,261,-0.7484375000000001,1.359375,completed,-119.72770270549073,3.7441015037143686,,,,2,numerical_breakdown,U,state_safeguard,source_norm2_gt_5,nonfinite_derivatives_or_residual,run.py:numpy-batch
HiSD,0.025118864315095822,0.002,2000000,288,-0.7953125000000001,1.378125,completed,-13.516856006757617,4.551996186396818,1.7730715131929045e+42,1.3708201082950386e+41,2.784130115081244e+43,2,state_safeguard,U,state_safeguard,source_norm2_gt_5,raw_state_verified,run.py:numpy-batch
HiSD,0.025118864315095822,0.002,2000000,289,-0.7859375000000001,1.378125,completed,-16.656899595458956,-7.346579559001237,2.917180377988282e+132,6.973953964771439e+130,9.992794348454821e+133,2,state_safeguard,U,state_safeguard,source_norm2_gt_5,raw_state_verified,run.py:numpy-batch
HiSD,0.025118864315095822,0.002,2000000,290,-0.7765625,1.378125,completed,-19.439361915429465,7.2822415807116165,5.0071005611407865e+87,2.8853830528864865e+86,1.1131226040399127e+89,2,state_safeguard,U,state_safeguard,source_norm2_gt_5,raw_state_verified,run.py:numpy-batch
HiSD,0.025118864315095822,0.002,2000000,291,-0.7671875,1.378125,completed,-6.940302637582793,1.6053712332391146,1005714560192.2614,123228559098.25278,8664245345241.108,2,state_safeguard,U,state_safeguard,source_norm2_gt_5,raw_state_verified,run.py:numpy-batch
HiSD,0.025118864315095822,0.002,2000000,292,-0.7578125,1.378125,completed,28.11665359016309,2.5903254271148883,,,,2,numerical_breakdown,U,state_safeguard,source_norm2_gt_5,nonfinite_derivatives_or_residual,run.py:numpy-batch
HiSD,0.025118864315095822,0.002,2000000,293,-0.7484375000000001,1.378125,completed,-21.929554067865006,7.500292499223734,1.4063537922441463e+113,6.797855706818577e+111,3.613807972808487e+114,2,state_safeguard,U,state_safeguard,source_norm2_gt_5,raw_state_verified,run.py:numpy-batch
HiSD,0.025118864315095822,0.002,2000000,294,-0.7390625000000001,1.378125,completed,-70.35477265215168,-51.07986265744367,,,,2,numerical_breakdown,U,state_safeguard,source_norm2_gt_5,nonfinite_derivatives_or_residual,run.py:numpy-batch
HiSD,0.025118864315095822,0.002,2000000,295,-0.7296875,1.378125,completed,-573.6326440726906,-89.4468819803934,,,,2,numerical_breakdown,U,state_safeguard,source_norm2_gt_5,nonfinite_derivatives_or_residual,run.py:numpy-batch
HiSD,0.025118864315095822,0.002,2000000,320,-0.7953125000000001,1.3968749999999999,completed,-16.436503192298158,-17.26253152811091,,,,2,numerical_breakdown,U,state_safeguard,source_norm2_gt_5,nonfinite_derivatives_or_residual,run.py:numpy-batch
HiSD,0.025118864315095822,0.002,2000000,321,-0.7859375000000001,1.3968749999999999,completed,-12.373235065575747,14.824675423558116,6.268976522354819e+58,8.258945688500822e+57,9.233427168758795e+59,2,state_safeguard,U,state_safeguard,source_norm2_gt_5,raw_state_verified,run.py:numpy-batch
HiSD,0.025118864315095822,0.002,2000000,322,-0.7765625,1.3968749999999999,completed,-15.716292816691952,-6.740873490682814,2.6312955513894612e+116,6.727350223347375e+114,8.437338944133412e+117,2,state_safeguard,U,state_safeguard,source_norm2_gt_5,raw_state_verified,run.py:numpy-batch
HiSD,0.025118864315095822,0.002,2000000,323,-0.7671875,1.3968749999999999,completed,27.540270646285148,-0.3745630716153163,,,,2,numerical_breakdown,U,state_safeguard,source_norm2_gt_5,nonfinite_derivatives_or_residual,run.py:numpy-batch
HiSD,0.025118864315095822,0.002,2000000,324,-0.7578125,1.3968749999999999,completed,-31.25112261130846,12.373285292902718,,,,2,numerical_breakdown,U,state_safeguard,source_norm2_gt_5,nonfinite_derivatives_or_residual,run.py:numpy-batch
HiSD,0.025118864315095822,0.002,2000000,325,-0.7484375000000001,1.3968749999999999,completed,-16.832697001002956,26.414817241271322,,,,2,numerical_breakdown,U,state_safeguard,source_norm2_gt_5,nonfinite_derivatives_or_residual,run.py:numpy-batch
HiSD,0.025118864315095822,0.002,2000000,326,-0.7390625000000001,1.3968749999999999,completed,2.0417843556007824,-45.21503766315934,,,,2,numerical_breakdown,U,state_safeguard,source_norm2_gt_5,nonfinite_derivatives_or_residual,run.py:numpy-batch
HiSD,0.025118864315095822,0.002,2000000,327,-0.7296875,1.3968749999999999,completed,-135.38805490684805,-66.65708957787947,,,,2,numerical_breakdown,U,state_safeguard,source_norm2_gt_5,nonfinite_derivatives_or_residual,run.py:numpy-batch
HiSD,0.025118864315095822,0.002,2000000,328,-0.7203125,1.3968749999999999,completed,-693.2573802789475,-309.9671614233951,,,,2,numerical_breakdown,U,state_safeguard,source_norm2_gt_5,nonfinite_derivatives_or_residual,run.py:numpy-batch
HiSD,0.025118864315095822,0.002,2000000,352,-0.7953125000000001,1.415625,completed,-37.187028560414994,-182.54878896396772,,,,2,numerical_breakdown,U,state_safeguard,source_norm2_gt_5,nonfinite_derivatives_or_residual,run.py:numpy-batch
HiSD,0.025118864315095822,0.002,2000000,353,-0.7859375000000001,1.415625,completed,-36.95417780870497,-100.6461737007828,,,,2,numerical_breakdown,U,state_safeguard,source_norm2_gt_5,nonfinite_derivatives_or_residual,run.py:numpy-batch
HiSD,0.025118864315095822,0.002,2000000,354,-0.7765625,1.415625,completed,-28.88932488197132,-61.53795082973158,,,,2,numerical_breakdown,U,state_safeguard,source_norm2_gt_5,nonfinite_derivatives_or_residual,run.py:numpy-batch
HiSD,0.025118864315095822,0.002,2000000,355,-0.7671875,1.415625,completed,-4.618096165684589,-49.386746170896984,,,,2,numerical_breakdown,U,state_safeguard,source_norm2_gt_5,nonfinite_derivatives_or_residual,run.py:numpy-batch
HiSD,0.025118864315095822,0.002,2000000,356,-0.7578125,1.415625,completed,-47.00272760856492,9.506685668341891,,,,2,numerical_breakdown,U,state_safeguard,source_norm2_gt_5,nonfinite_derivatives_or_residual,run.py:numpy-batch
HiSD,0.025118864315095822,0.002,2000000,357,-0.7484375000000001,1.415625,completed,65.73582484107104,-2.737346621479369,,,,2,numerical_breakdown,U,state_safeguard,source_norm2_gt_5,nonfinite_derivatives_or_residual,run.py:numpy-batch
HiSD,0.025118864315095822,0.002,2000000,358,-0.7390625000000001,1.415625,completed,78.57947339306725,-64.25097755802496,,,,2,numerical_breakdown,U,state_safeguard,source_norm2_gt_5,nonfinite_derivatives_or_residual,run.py:numpy-batch
HiSD,0.025118864315095822,0.002,2000000,359,-0.7296875,1.415625,completed,-25.981255836697787,-180.7894802187304,,,,2,numerical_breakdown,U,state_safeguard,source_norm2_gt_5,nonfinite_derivatives_or_residual,run.py:numpy-batch
HiSD,0.025118864315095822,0.002,2000000,360,-0.7203125,1.415625,completed,-381.5587686809567,-278.84752440923705,,,,2,numerical_breakdown,U,state_safeguard,source_norm2_gt_5,nonfinite_derivatives_or_residual,run.py:numpy-batch
HiSD,0.025118864315095822,0.002,2000000,361,-0.7109375,1.415625,completed,-1624.5431178330293,-981.6059943401596,,,,2,numerical_breakdown,U,state_safeguard,source_norm2_gt_5,nonfinite_derivatives_or_residual,run.py:numpy-batch
HiSD,0.025118864315095822,0.002,2000000,362,-0.7015625000000001,1.415625,completed,-10075.900519281988,-5027.681562359246,,,,2,numerical_breakdown,U,state_safeguard,source_norm2_gt_5,nonfinite_derivatives_or_residual,run.py:numpy-batch
HiSD,0.025118864315095822,0.002,2000000,384,-0.7953125000000001,1.434375,completed,-127.84041879952888,-3814.4035006853615,,,,2,numerical_breakdown,U,state_safeguard,source_norm2_gt_5,nonfinite_derivatives_or_residual,run.py:numpy-batch
HiSD,0.025118864315095822,0.002,2000000,385,-0.7859375000000001,1.434375,completed,-227.50670221462923,-1992.712913213555,,,,2,numerical_breakdown,U,state_safeguard,source_norm2_gt_5,nonfinite_derivatives_or_residual,run.py:numpy-batch
HiSD,0.025118864315095822,0.002,2000000,386,-0.7765625,1.434375,completed,-222.06961103587088,-1116.1210866576776,,,,2,numerical_breakdown,U,state_safeguard,source_norm2_gt_5,nonfinite_derivatives_or_residual,run.py:numpy-batch
HiSD,0.025118864315095822,0.002,2000000,387,-0.7671875,1.434375,completed,-199.77281244162234,-685.5788900299403,,,,2,numerical_breakdown,U,state_safeguard,source_norm2_gt_5,nonfinite_derivatives_or_residual,run.py:numpy-batch
HiSD,0.025118864315095822,0.002,2000000,388,-0.7578125,1.434375,completed,-189.4587084136787,-473.89245425678547,,,,2,numerical_breakdown,U,state_safeguard,source_norm2_gt_5,nonfinite_derivatives_or_residual,run.py:numpy-batch
HiSD,0.025118864315095822,0.002,2000000,389,-0.7484375000000001,1.434375,completed,-202.92167536220606,-382.0248359742818,,,,2,numerical_breakdown,U,state_safeguard,source_norm2_gt_5,nonfinite_derivatives_or_residual,run.py:numpy-batch
HiSD,0.025118864315095822,0.002,2000000,390,-0.7390625000000001,1.434375,completed,-251.0779536309156,-380.55713935258217,,,,2,numerical_breakdown,U,state_safeguard,source_norm2_gt_5,nonfinite_derivatives_or_residual,run.py:numpy-batch
HiSD,0.025118864315095822,0.002,2000000,391,-0.7296875,1.434375,completed,355.64822195978894,-511.1143120869292,,,,2,numerical_breakdown,U,state_safeguard,source_norm2_gt_5,nonfinite_derivatives_or_residual,run.py:numpy-batch
HiSD,0.025118864315095822,0.002,2000000,392,-0.7203125,1.434375,completed,-520.643903728802,-980.0332916033749,,,,2,numerical_breakdown,U,state_safeguard,source_norm2_gt_5,nonfinite_derivatives_or_residual,run.py:numpy-batch
HiSD,0.025118864315095822,0.002,2000000,393,-0.7109375,1.434375,completed,-1879.1112170806186,-1848.42668833554,,,,2,numerical_breakdown,U,state_safeguard,source_norm2_gt_5,nonfinite_derivatives_or_residual,run.py:numpy-batch
HiSD,0.025118864315095822,0.002,2000000,394,-0.7015625000000001,1.434375,completed,-6826.0622452272055,-5446.8457127900165,,,,2,numerical_breakdown,U,state_safeguard,source_norm2_gt_5,nonfinite_derivatives_or_residual,run.py:numpy-batch
HiSD,0.025118864315095822,0.002,2000000,395,-0.6921875000000001,1.434375,completed,-35088.6323306765,-23622.907913789302,,,,2,numerical_breakdown,U,state_safeguard,source_norm2_gt_5,nonfinite_derivatives_or_residual,run.py:numpy-batch
HiSD,0.025118864315095822,0.002,2000000,416,-0.7953125000000001,1.453125,completed,-3385.061830627523,-159888.40665133996,,,,2,numerical_breakdown,U,state_safeguard,source_norm2_gt_5,nonfinite_derivatives_or_residual,run.py:numpy-batch
HiSD,0.025118864315095822,0.002,2000000,417,-0.7859375000000001,1.453125,completed,-5689.369319964283,-75064.97187450343,,,,2,numerical_breakdown,U,state_safeguard,source_norm2_gt_5,nonfinite_derivatives_or_residual,run.py:numpy-batch
HiSD,0.025118864315095822,0.002,2000000,418,-0.7765625,1.453125,completed,-5078.025123687897,-37427.002232384904,,,,2,numerical_breakdown,U,state_safeguard,source_norm2_gt_5,nonfinite_derivatives_or_residual,run.py:numpy-batch
HiSD,0.025118864315095822,0.002,2000000,419,-0.7671875,1.453125,completed,-4053.1745374538864,-20149.02722531022,,,,2,numerical_breakdown,U,state_safeguard,source_norm2_gt_5,nonfinite_derivatives_or_residual,run.py:numpy-batch
HiSD,0.025118864315095822,0.002,2000000,420,-0.7578125,1.453125,completed,-3263.662982861626,-11956.917996394302,,,,2,numerical_breakdown,U,state_safeguard,source_norm2_gt_5,nonfinite_derivatives_or_residual,run.py:numpy-batch
HiSD,0.025118864315095822,0.002,2000000,421,-0.7484375000000001,1.453125,completed,-2821.7222524125737,-8013.113750262192,,,,2,numerical_breakdown,U,state_safeguard,source_norm2_gt_5,nonfinite_derivatives_or_residual,run.py:numpy-batch
HiSD,0.025118864315095822,0.002,2000000,422,-0.7390625000000001,1.453125,completed,-2740.697150345187,-6231.718772788832,,,,2,numerical_breakdown,U,state_safeguard,source_norm2_gt_5,nonfinite_derivatives_or_residual,run.py:numpy-batch
HiSD,0.025118864315095822,0.002,2000000,423,-0.7296875,1.453125,completed,-3109.9073708356095,-5792.753469977618,,,,2,numerical_breakdown,U,state_safeguard,source_norm2_gt_5,nonfinite_derivatives_or_residual,run.py:numpy-batch
HiSD,0.025118864315095822,0.002,2000000,424,-0.7203125,1.453125,completed,-4281.625395329088,-6645.415133858995,,,,2,numerical_breakdown,U,state_safeguard,source_norm2_gt_5,nonfinite_derivatives_or_residual,run.py:numpy-batch
HiSD,0.025118864315095822,0.002,2000000,425,-0.7109375,1.453125,completed,-7433.351286065593,-9732.373194722477,,,,2,numerical_breakdown,U,state_safeguard,source_norm2_gt_5,nonfinite_derivatives_or_residual,run.py:numpy-batch
HiSD,0.025118864315095822,0.002,2000000,426,-0.7015625000000001,1.453125,completed,-16660.128544117717,-19031.426030933755,,,,2,numerical_breakdown,U,state_safeguard,source_norm2_gt_5,nonfinite_derivatives_or_residual,run.py:numpy-batch
HiSD,0.025118864315095822,0.002,2000000,427,-0.6921875000000001,1.453125,completed,-51567.59055110263,-50293.011262043234,,,,2,numerical_breakdown,U,state_safeguard,source_norm2_gt_5,nonfinite_derivatives_or_residual,run.py:numpy-batch
HiSD,0.025118864315095822,0.002,2000000,428,-0.6828125,1.453125,completed,-224272.16415173284,-188573.15514720164,,,,2,numerical_breakdown,U,state_safeguard,source_norm2_gt_5,nonfinite_derivatives_or_residual,run.py:numpy-batch
HiSD,0.025118864315095822,0.002,2000000,448,-0.7953125000000001,1.4718749999999998,completed,-106927.91746302164,-22753791.430322897,,,,2,numerical_breakdown,U,state_safeguard,source_norm2_gt_5,nonfinite_derivatives_or_residual,run.py:numpy-batch
HiSD,0.025118864315095822,0.002,2000000,449,-0.7859375000000001,1.4718749999999998,completed,-374965.0748985632,-7873668.405432734,,,,2,numerical_breakdown,U,state_safeguard,source_norm2_gt_5,nonfinite_derivatives_or_residual,run.py:numpy-batch
HiSD,0.025118864315095822,0.002,2000000,450,-0.7765625,1.4718749999999998,completed,-290338.9313751674,-3078860.287823954,,,,2,numerical_breakdown,U,state_safeguard,source_norm2_gt_5,nonfinite_derivatives_or_residual,run.py:numpy-batch
HiSD,0.025118864315095822,0.002,2000000,451,-0.7671875,1.4718749999999998,completed,-194762.7896443626,-1341662.566901836,,,,2,numerical_breakdown,U,state_safeguard,source_norm2_gt_5,nonfinite_derivatives_or_residual,run.py:numpy-batch
HiSD,0.025118864315095822,0.002,2000000,452,-0.7578125,1.4718749999999998,completed,-130591.08022981303,-651005.7878317272,,,,2,numerical_breakdown,U,state_safeguard,source_norm2_gt_5,nonfinite_derivatives_or_residual,run.py:numpy-batch
HiSD,0.025118864315095822,0.002,2000000,453,-0.7484375000000001,1.4718749999999998,completed,-92575.09084984656,-354686.2063329756,,,,2,numerical_breakdown,U,state_safeguard,source_norm2_gt_5,nonfinite_derivatives_or_residual,run.py:numpy-batch
HiSD,0.025118864315095822,0.002,2000000,454,-0.7390625000000001,1.4718749999999998,completed,-71998.7632123447,-220286.60738279708,,,,2,numerical_breakdown,U,state_safeguard,source_norm2_gt_5,nonfinite_derivatives_or_residual,run.py:numpy-batch
HiSD,0.025118864315095822,0.002,2000000,455,-0.7296875,1.4718749999999998,completed,-63446.83913775689,-159162.13014803242,,,,2,numerical_breakdown,U,state_safeguard,source_norm2_gt_5,nonfinite_derivatives_or_residual,run.py:numpy-batch
HiSD,0.025118864315095822,0.002,2000000,456,-0.7203125,1.4718749999999998,completed,-65390.58356304503,-137089.67384076052,,,,2,numerical_breakdown,U,state_safeguard,source_norm2_gt_5,nonfinite_derivatives_or_residual,run.py:numpy-batch
HiSD,0.025118864315095822,0.002,2000000,457,-0.7109375,1.4718749999999998,completed,-81428.1567724548,-144715.1632139419,,,,2,numerical_breakdown,U,state_safeguard,source_norm2_gt_5,nonfinite_derivatives_or_residual,run.py:numpy-batch
HiSD,0.025118864315095822,0.002,2000000,458,-0.7015625000000001,1.4718749999999998,completed,-126719.71459607306,-192990.9981573202,,,,2,numerical_breakdown,U,state_safeguard,source_norm2_gt_5,nonfinite_derivatives_or_residual,run.py:numpy-batch
HiSD,0.025118864315095822,0.002,2000000,459,-0.6921875000000001,1.4718749999999998,completed,-255200.40219095873,-335821.0230382351,,,,2,numerical_breakdown,U,state_safeguard,source_norm2_gt_5,nonfinite_derivatives_or_residual,run.py:numpy-batch
HiSD,0.025118864315095822,0.002,2000000,460,-0.6828125,1.4718749999999998,completed,-688775.0281358261,-788970.8402829927,,,,2,numerical_breakdown,U,state_safeguard,source_norm2_gt_5,nonfinite_derivatives_or_residual,run.py:numpy-batch
HiSD,0.025118864315095822,0.002,2000000,461,-0.6734375,1.4718749999999998,completed,-2585420.0833757883,-2588419.8157805987,,,,2,numerical_breakdown,U,state_safeguard,source_norm2_gt_5,nonfinite_derivatives_or_residual,run.py:numpy-batch
HiSD,0.025118864315095822,0.002,2000000,480,-0.7953125000000001,1.4906249999999999,completed,2453943763.6612453,-39637560350.511765,,,,2,numerical_breakdown,U,state_safeguard,source_norm2_gt_5,nonfinite_derivatives_or_residual,run.py:numpy-batch
HiSD,0.025118864315095822,0.002,2000000,481,-0.7859375000000001,1.4906249999999999,completed,65808467.87793927,-5626192871.935917,,,,2,numerical_breakdown,U,state_safeguard,source_norm2_gt_5,nonfinite_derivatives_or_residual,run.py:numpy-batch
HiSD,0.025118864315095822,0.002,2000000,482,-0.7765625,1.4906249999999999,completed,-41477642.56234066,-1155291940.421549,,,,2,numerical_breakdown,U,state_safeguard,source_norm2_gt_5,nonfinite_derivatives_or_residual,run.py:numpy-batch
HiSD,0.025118864315095822,0.002,2000000,483,-0.7671875,1.4906249999999999,completed,-25943089.80152416,-311004658.70618784,,,,2,numerical_breakdown,U,state_safeguard,source_norm2_gt_5,nonfinite_derivatives_or_residual,run.py:numpy-batch
HiSD,0.025118864315095822,0.002,2000000,484,-0.7578125,1.4906249999999999,completed,-13685686.481770366,-103366041.23399764,,,,2,numerical_breakdown,U,state_safeguard,source_norm2_gt_5,nonfinite_derivatives_or_residual,run.py:numpy-batch
HiSD,0.025118864315095822,0.002,2000000,485,-0.7484375000000001,1.4906249999999999,completed,-7544871.584029369,-41033361.576098785,,,,2,numerical_breakdown,U,state_safeguard,source_norm2_gt_5,nonfinite_derivatives_or_residual,run.py:numpy-batch
HiSD,0.025118864315095822,0.002,2000000,486,-0.7390625000000001,1.4906249999999999,completed,-4574675.463070069,-19175486.084526584,,,,2,numerical_breakdown,U,state_safeguard,source_norm2_gt_5,nonfinite_derivatives_or_residual,run.py:numpy-batch
HiSD,0.025118864315095822,0.002,2000000,487,-0.7296875,1.4906249999999999,completed,-3129765.397041517,-10534700.649816861,,,,2,numerical_breakdown,U,state_safeguard,source_norm2_gt_5,nonfinite_derivatives_or_residual,run.py:numpy-batch
HiSD,0.025118864315095822,0.002,2000000,488,-0.7203125,1.4906249999999999,completed,-2469550.4453095063,-6860193.286346305,,,,2,numerical_breakdown,U,state_safeguard,source_norm2_gt_5,nonfinite_derivatives_or_residual,run.py:numpy-batch
HiSD,0.025118864315095822,0.002,2000000,489,-0.7109375,1.4906249999999999,completed,-2300365.910088743,-5377375.604681177,,,,2,numerical_breakdown,U,state_safeguard,source_norm2_gt_5,nonfinite_derivatives_or_residual,run.py:numpy-batch
HiSD,0.025118864315095822,0.002,2000000,490,-0.7015625000000001,1.4906249999999999,completed,-2595901.1253111353,-5180658.13227862,,,,2,numerical_breakdown,U,state_safeguard,source_norm2_gt_5,nonfinite_derivatives_or_residual,run.py:numpy-batch
HiSD,0.025118864315095822,0.002,2000000,491,-0.6921875000000001,1.4906249999999999,completed,-3651485.7787733446,-6290420.460836521,,,,2,numerical_breakdown,U,state_safeguard,source_norm2_gt_5,nonfinite_derivatives_or_residual,run.py:numpy-batch
HiSD,0.025118864315095822,0.002,2000000,492,-0.6828125,1.4906249999999999,completed,-6602550.507904981,-9903003.12365835,,,,2,numerical_breakdown,U,state_safeguard,source_norm2_gt_5,nonfinite_derivatives_or_residual,run.py:numpy-batch
HiSD,0.025118864315095822,0.002,2000000,493,-0.6734375,1.4906249999999999,completed,-15855179.010129198,-20845471.11465269,,,,2,numerical_breakdown,U,state_safeguard,source_norm2_gt_5,nonfinite_derivatives_or_residual,run.py:numpy-batch
HiSD,0.025118864315095822,0.002,2000000,494,-0.6640625,1.4906249999999999,completed,-52305545.31410512,-60605899.044712834,,,,2,numerical_breakdown,U,state_safeguard,source_norm2_gt_5,nonfinite_derivatives_or_residual,run.py:numpy-batch
