method,eta,tau,budget,start_id,x0,y0,execution_status,raw_x,raw_y,grad_norm,lambda1,lambda2,n_outer_updates,terminal_category,endpoint,stop_reason,failure_reason,certification_reason,source
HiSD,6.309573444801929e-05,0.002,2000000,31,-0.5046875000000001,1.2093749999999999,completed,0.0660189296997069,0.18404094146597186,9.785774111527026e-07,-1005.1363671638812,762.7329007214862,803,success_index1,S_L,gradient_tolerance,,raw_state_verified,run.py:numpy-batch
HiSD,6.309573444801929e-05,0.002,2000000,30,-0.5140625000000001,1.2093749999999999,completed,0.06601892972978865,0.1840409414227828,9.748945923476086e-07,-1005.1363669849352,762.7329007985925,804,success_index1,S_L,gradient_tolerance,,raw_state_verified,run.py:numpy-batch
HiSD,6.309573444801929e-05,0.002,2000000,29,-0.5234375,1.2093749999999999,completed,0.06601892971673361,0.18404094148091954,9.958630349294707e-07,-1005.1363672228698,762.7329007305922,805,success_index1,S_L,gradient_tolerance,,raw_state_verified,run.py:numpy-batch
HiSD,6.309573444801929e-05,0.002,2000000,63,-0.5046875000000001,1.228125,completed,0.06601892970066282,0.1840409414668334,9.795592658391118e-07,-1005.1363671672842,762.7329007219776,805,success_index1,S_L,gradient_tolerance,,raw_state_verified,run.py:numpy-batch
HiSD,6.309573444801929e-05,0.002,2000000,62,-0.5140625000000001,1.228125,completed,0.06601892974560687,0.18404094143555727,9.904039184970333e-07,-1005.1363670352115,762.7329008080272,806,success_index1,S_L,gradient_tolerance,,raw_state_verified,run.py:numpy-batch
HiSD,6.309573444801929e-05,0.002,2000000,28,-0.5328125000000001,1.2093749999999999,completed,0.06601892974021546,0.18404094143122976,9.85130263731175e-07,-1005.1363670181833,762.7329008047881,808,success_index1,S_L,gradient_tolerance,,raw_state_verified,run.py:numpy-batch
HiSD,6.309573444801929e-05,0.002,2000000,0,-0.7953125000000001,1.2093749999999999,completed,-2.628045771261987,1.7869725685171585,9.976626785669678e-07,-3153.363698190652,238.07432592003195,6267,success_index1,S_H,gradient_tolerance,,raw_state_verified,run.py:numpy-batch
HiSD,6.309573444801929e-05,0.002,2000000,1,-0.7859375000000001,1.2093749999999999,completed,-2.6280457712652447,1.7869725685151412,9.985794127397646e-07,-3153.3636981893656,238.07432592372595,6273,success_index1,S_H,gradient_tolerance,,raw_state_verified,run.py:numpy-batch
HiSD,6.309573444801929e-05,0.002,2000000,32,-0.7953125000000001,1.228125,completed,-2.6280457712686833,1.7869725685130118,9.995469843135704e-07,-3153.363698188008,238.07432592762578,6279,success_index1,S_H,gradient_tolerance,,raw_state_verified,run.py:numpy-batch
HiSD,6.309573444801929e-05,0.002,2000000,2,-0.7765625,1.2093749999999999,completed,-2.628045771228274,1.7869725684654023,9.974346959904508e-07,-3153.3636981968402,238.07432584390511,6280,success_index1,S_H,gradient_tolerance,,raw_state_verified,run.py:numpy-batch
HiSD,6.309573444801929e-05,0.002,2000000,3,-0.7671875,1.2093749999999999,completed,-2.6280457712610232,1.7869725685177555,9.973916326939886e-07,-3153.363698191032,238.07432591893973,6287,success_index1,S_H,gradient_tolerance,,raw_state_verified,run.py:numpy-batch
HiSD,6.309573444801929e-05,0.002,2000000,33,-0.7859375000000001,1.228125,completed,-2.628045771264998,1.7869725685152942,9.985099560910727e-07,-3153.3636981894624,238.07432592344716,6287,success_index1,S_H,gradient_tolerance,,raw_state_verified,run.py:numpy-batch
HiSD,6.309573444801929e-05,0.002,2000000,4,-0.7578125,1.2093749999999999,completed,-2.628045771232499,1.7869725684626978,9.986348358482786e-07,-3153.363698195164,238.07432584865077,6294,success_index1,S_H,gradient_tolerance,,raw_state_verified,run.py:numpy-batch
HiSD,6.309573444801929e-05,0.002,2000000,64,-0.7953125000000001,1.246875,completed,-2.628045771228289,1.786972568465393,9.974388465056658e-07,-3153.363698196834,238.0743258439225,6294,success_index1,S_H,gradient_tolerance,,raw_state_verified,run.py:numpy-batch
HiSD,6.309573444801929e-05,0.002,2000000,34,-0.7765625,1.228125,completed,-2.628045771266923,1.7869725685141014,9.990515471555387e-07,-3153.363698188703,238.0743259256298,6295,success_index1,S_H,gradient_tolerance,,raw_state_verified,run.py:numpy-batch
HiSD,6.309573444801929e-05,0.002,2000000,5,-0.7484375000000001,1.2093749999999999,completed,-2.628045771231602,1.7869725684632731,9.983795321787567e-07,-3153.363698195519,238.07432584764376,6302,success_index1,S_H,gradient_tolerance,,raw_state_verified,run.py:numpy-batch
HiSD,6.309573444801929e-05,0.002,2000000,65,-0.7859375000000001,1.246875,completed,-2.6280457712659557,1.7869725685147009,9.987794633103031e-07,-3153.363698189084,238.07432592453267,6303,success_index1,S_H,gradient_tolerance,,raw_state_verified,run.py:numpy-batch
HiSD,6.309573444801929e-05,0.002,2000000,35,-0.7671875,1.228125,completed,-2.6280457712317977,1.7869725684631472,9.984354482463607e-07,-3153.3636981954432,238.0743258478627,6304,success_index1,S_H,gradient_tolerance,,raw_state_verified,run.py:numpy-batch
HiSD,6.309573444801929e-05,0.002,2000000,6,-0.7390625000000001,1.2093749999999999,completed,-2.628045771237125,1.786972568459738,9.999482678530359e-07,-3153.3636981933296,238.07432585384672,6310,success_index1,S_H,gradient_tolerance,,raw_state_verified,run.py:numpy-batch
HiSD,6.309573444801929e-05,0.002,2000000,96,-0.7953125000000001,1.265625,completed,-2.6280457712361964,1.786972568460332,9.996847349661358e-07,-3153.363698193697,238.07432585280324,6310,success_index1,S_H,gradient_tolerance,,raw_state_verified,run.py:numpy-batch
HiSD,6.309573444801929e-05,0.002,2000000,66,-0.7765625,1.246875,completed,-2.628045771269519,1.7869725685124938,9.997820173530567e-07,-3153.363698187678,238.0743259285732,6313,success_index1,S_H,gradient_tolerance,,raw_state_verified,run.py:numpy-batch
HiSD,6.309573444801929e-05,0.002,2000000,36,-0.7578125,1.228125,completed,-2.6280457712268537,1.7869725684663111,9.97031346465107e-07,-3153.363698197403,238.0743258423099,6314,success_index1,S_H,gradient_tolerance,,raw_state_verified,run.py:numpy-batch
HiSD,6.309573444801929e-05,0.002,2000000,7,-0.7296875,1.2093749999999999,completed,-2.628045771229147,1.7869725684648436,9.976825374641498e-07,-3153.3636981964937,238.07432584488603,6320,success_index1,S_H,gradient_tolerance,,raw_state_verified,run.py:numpy-batch
HiSD,6.309573444801929e-05,0.002,2000000,97,-0.7859375000000001,1.265625,completed,-2.6280457712360326,1.7869725684604372,9.996379813028737e-07,-3153.363698193763,238.07432585261972,6322,success_index1,S_H,gradient_tolerance,,raw_state_verified,run.py:numpy-batch
HiSD,6.309573444801929e-05,0.002,2000000,37,-0.7484375000000001,1.228125,completed,-2.628045771231558,1.7869725684633007,9.983672633159572e-07,-3153.3636981955374,238.0743258475945,6324,success_index1,S_H,gradient_tolerance,,raw_state_verified,run.py:numpy-batch
HiSD,6.309573444801929e-05,0.002,2000000,67,-0.7671875,1.246875,completed,-2.6280457712635057,1.7869725685162177,9.980900041049694e-07,-3153.3636981900518,238.0743259217543,6325,success_index1,S_H,gradient_tolerance,,raw_state_verified,run.py:numpy-batch
HiSD,6.309573444801929e-05,0.002,2000000,8,-0.7203125,1.2093749999999999,completed,-2.6280457712307324,1.7869725684638285,9.981330425221022e-07,-3153.3636981958643,238.07432584666648,6330,success_index1,S_H,gradient_tolerance,,raw_state_verified,run.py:numpy-batch
HiSD,6.309573444801929e-05,0.002,2000000,27,-0.5421875,1.2093749999999999,completed,-2.6280457712283036,1.786972568465384,9.974427174575994e-07,-3153.3636981968293,238.07432584393882,6331,success_index1,S_H,gradient_tolerance,,raw_state_verified,run.py:numpy-batch
HiSD,6.309573444801929e-05,0.002,2000000,128,-0.7953125000000001,1.284375,completed,-2.628045771262479,1.7869725685168538,9.97801186161175e-07,-3153.3636981904565,238.0743259205904,6331,success_index1,S_H,gradient_tolerance,,raw_state_verified,run.py:numpy-batch
HiSD,6.309573444801929e-05,0.002,2000000,38,-0.7390625000000001,1.228125,completed,-2.628045771227118,1.7869725684661426,9.971061680466536e-07,-3153.3636981972995,238.0743258426072,6336,success_index1,S_H,gradient_tolerance,,raw_state_verified,run.py:numpy-batch
HiSD,6.309573444801929e-05,0.002,2000000,98,-0.7765625,1.265625,completed,-2.628045771231121,1.7869725684635802,9.982431698275453e-07,-3153.363698195711,238.07432584710278,6336,success_index1,S_H,gradient_tolerance,,raw_state_verified,run.py:numpy-batch
HiSD,6.309573444801929e-05,0.002,2000000,68,-0.7578125,1.246875,completed,-2.6280457712290937,1.786972568464878,9.976674048334187e-07,-3153.3636981965146,238.0743258448267,6338,success_index1,S_H,gradient_tolerance,,raw_state_verified,run.py:numpy-batch
HiSD,6.309573444801929e-05,0.002,2000000,9,-0.7109375,1.2093749999999999,completed,-2.6280457712665437,1.7869725685143363,9.989448520697923e-07,-3153.363698188853,238.07432592519933,6341,success_index1,S_H,gradient_tolerance,,raw_state_verified,run.py:numpy-batch
HiSD,6.309573444801929e-05,0.002,2000000,129,-0.7859375000000001,1.284375,completed,-2.6280457712632,1.786972568516407,9.980040927618983e-07,-3153.3636981901727,238.07432592140793,6347,success_index1,S_H,gradient_tolerance,,raw_state_verified,run.py:numpy-batch
HiSD,6.309573444801929e-05,0.002,2000000,39,-0.7296875,1.228125,completed,-2.628045771260687,1.7869725685179638,9.97297021465166e-07,-3153.363698191163,238.0743259185584,6349,success_index1,S_H,gradient_tolerance,,raw_state_verified,run.py:numpy-batch
HiSD,6.309573444801929e-05,0.002,2000000,26,-0.5515625000000001,1.2093749999999999,completed,-2.628045771227678,1.7869725684657842,9.972652844990138e-07,-3153.3636981970767,238.07432584323638,6352,success_index1,S_H,gradient_tolerance,,raw_state_verified,run.py:numpy-batch
HiSD,6.309573444801929e-05,0.002,2000000,69,-0.7484375000000001,1.246875,completed,-2.628045771236948,1.786972568459851,9.998980486967755e-07,-3153.3636981933996,238.07432585364768,6352,success_index1,S_H,gradient_tolerance,,raw_state_verified,run.py:numpy-batch
HiSD,6.309573444801929e-05,0.002,2000000,99,-0.7671875,1.265625,completed,-2.62804577122753,1.7869725684658788,9.972231626522881e-07,-3153.363698197136,238.07432584307077,6352,success_index1,S_H,gradient_tolerance,,raw_state_verified,run.py:numpy-batch
HiSD,6.309573444801929e-05,0.002,2000000,10,-0.7015625000000001,1.2093749999999999,completed,-2.6280457712303456,1.786972568464077,9.980228104538286e-07,-3153.3636981960194,238.0743258462326,6354,success_index1,S_H,gradient_tolerance,,raw_state_verified,run.py:numpy-batch
HiSD,6.309573444801929e-05,0.002,2000000,160,-0.7953125000000001,1.3031249999999999,completed,-2.628045771227409,1.7869725684659554,9.971891777569459e-07,-3153.3636981971827,238.07432584293343,6358,success_index1,S_H,gradient_tolerance,,raw_state_verified,run.py:numpy-batch
HiSD,6.309573444801929e-05,0.002,2000000,40,-0.7203125,1.228125,completed,-2.628045771228429,1.7869725684653037,9.97478415538565e-07,-3153.3636981967793,238.07432584407985,6364,success_index1,S_H,gradient_tolerance,,raw_state_verified,run.py:numpy-batch
HiSD,6.309573444801929e-05,0.002,2000000,130,-0.7765625,1.284375,completed,-2.6280457712317777,1.78697256846316,9.984297691353772e-07,-3153.3636981954505,238.07432584784115,6366,success_index1,S_H,gradient_tolerance,,raw_state_verified,run.py:numpy-batch
HiSD,6.309573444801929e-05,0.002,2000000,11,-0.6921875000000001,1.2093749999999999,completed,-2.6280457712362706,1.7869725684602846,9.997057456427283e-07,-3153.363698193668,238.074325852887,6368,success_index1,S_H,gradient_tolerance,,raw_state_verified,run.py:numpy-batch
HiSD,6.309573444801929e-05,0.002,2000000,70,-0.7390625000000001,1.246875,completed,-2.628045771229991,1.7869725684643039,9.979221386749737e-07,-3153.363698196161,238.07432584583498,6370,success_index1,S_H,gradient_tolerance,,raw_state_verified,run.py:numpy-batch
HiSD,6.309573444801929e-05,0.002,2000000,100,-0.7578125,1.265625,completed,-2.628045771235084,1.7869725684610442,9.993685584663677e-07,-3153.363698194139,238.07432585155428,6370,success_index1,S_H,gradient_tolerance,,raw_state_verified,run.py:numpy-batch
HiSD,6.309573444801929e-05,0.002,2000000,61,-0.5234375,1.228125,completed,-2.6280457712671583,1.7869725685139561,9.991179011157614e-07,-3153.3636981886093,238.07432592589643,6376,success_index1,S_H,gradient_tolerance,,raw_state_verified,run.py:numpy-batch
HiSD,6.309573444801929e-05,0.002,2000000,161,-0.7859375000000001,1.3031249999999999,completed,-2.628045771262916,1.7869725685165838,9.979242252259773e-07,-3153.3636981902846,238.0743259210858,6381,success_index1,S_H,gradient_tolerance,,raw_state_verified,run.py:numpy-batch
HiSD,6.309573444801929e-05,0.002,2000000,41,-0.7109375,1.228125,completed,-2.628045771227266,1.7869725684660478,9.97148273194602e-07,-3153.3636981972404,238.07432584277367,6382,success_index1,S_H,gradient_tolerance,,raw_state_verified,run.py:numpy-batch
HiSD,6.309573444801929e-05,0.002,2000000,12,-0.6828125,1.2093749999999999,completed,-2.6280457712701684,1.7869725685120916,9.99964819738288e-07,-3153.3636981874215,238.07432592930942,6385,success_index1,S_H,gradient_tolerance,,raw_state_verified,run.py:numpy-batch
HiSD,6.309573444801929e-05,0.002,2000000,131,-0.7671875,1.284375,completed,-2.628045771231222,1.7869725684635154,9.982719711885143e-07,-3153.3636981956715,238.07432584721644,6390,success_index1,S_H,gradient_tolerance,,raw_state_verified,run.py:numpy-batch
HiSD,6.309573444801929e-05,0.002,2000000,71,-0.7296875,1.246875,completed,-2.6280457712652905,1.786972568515112,9.98592191638673e-07,-3153.363698189347,238.07432592377776,6391,success_index1,S_H,gradient_tolerance,,raw_state_verified,run.py:numpy-batch
HiSD,6.309573444801929e-05,0.002,2000000,101,-0.7484375000000001,1.265625,completed,-2.6280457712289476,1.7869725684649713,9.97625925956812e-07,-3153.363698196574,238.0743258446625,6394,success_index1,S_H,gradient_tolerance,,raw_state_verified,run.py:numpy-batch
HiSD,6.309573444801929e-05,0.002,2000000,192,-0.7953125000000001,1.321875,completed,-2.628045771237285,1.7869725684596356,9.999936922955198e-07,-3153.363698193267,238.07432585402628,6402,success_index1,S_H,gradient_tolerance,,raw_state_verified,run.py:numpy-batch
HiSD,6.309573444801929e-05,0.002,2000000,42,-0.7015625000000001,1.228125,completed,-2.628045771229398,1.786972568464683,9.97753735103349e-07,-3153.363698196395,238.07432584516758,6404,success_index1,S_H,gradient_tolerance,,raw_state_verified,run.py:numpy-batch
HiSD,6.309573444801929e-05,0.002,2000000,13,-0.6734375,1.2093749999999999,completed,-2.6280457712341585,1.7869725684616367,9.99105651513026e-07,-3153.363698194506,238.0743258505149,6406,success_index1,S_H,gradient_tolerance,,raw_state_verified,run.py:numpy-batch
HiSD,6.309573444801929e-05,0.002,2000000,162,-0.7765625,1.3031249999999999,completed,-2.628045771234864,1.7869725684611846,9.993063294238232e-07,-3153.363698194226,238.07432585130766,6412,success_index1,S_H,gradient_tolerance,,raw_state_verified,run.py:numpy-batch
HiSD,6.309573444801929e-05,0.002,2000000,72,-0.7203125,1.246875,completed,-2.628045771261126,1.7869725685176914,9.97420416815159e-07,-3153.3636981909904,238.07432591905575,6419,success_index1,S_H,gradient_tolerance,,raw_state_verified,run.py:numpy-batch
HiSD,6.309573444801929e-05,0.002,2000000,132,-0.7578125,1.284375,completed,-2.628045771236834,1.7869725684599236,9.998658724100171e-07,-3153.363698193444,238.07432585351972,6422,success_index1,S_H,gradient_tolerance,,raw_state_verified,run.py:numpy-batch
HiSD,6.309573444801929e-05,0.002,2000000,102,-0.7390625000000001,1.265625,completed,-2.6280457712690484,1.7869725685127855,9.996497246878427e-07,-3153.3636981878635,238.07432592803937,6425,success_index1,S_H,gradient_tolerance,,raw_state_verified,run.py:numpy-batch
HiSD,6.309573444801929e-05,0.002,2000000,14,-0.6640625,1.2093749999999999,completed,-2.628045771260485,1.7869725685180884,9.9724009707406e-07,-3153.3636981912446,238.07432591832858,6433,success_index1,S_H,gradient_tolerance,,raw_state_verified,run.py:numpy-batch
HiSD,6.309573444801929e-05,0.002,2000000,43,-0.6921875000000001,1.228125,completed,-2.628045771268069,1.7869725685133921,9.9937412048241e-07,-3153.363698188251,238.07432592692942,6433,success_index1,S_H,gradient_tolerance,,raw_state_verified,run.py:numpy-batch
HiSD,6.309573444801929e-05,0.002,2000000,193,-0.7859375000000001,1.321875,completed,-2.62804577123117,1.7869725684635498,9.982567591882956e-07,-3153.3636981956925,238.0743258471586,6444,success_index1,S_H,gradient_tolerance,,raw_state_verified,run.py:numpy-batch
HiSD,6.309573444801929e-05,0.002,2000000,25,-0.5609375000000001,1.2093749999999999,completed,-2.6280457712652794,1.7869725685151192,9.985890617500679e-07,-3153.3636981893515,238.0743259237657,6459,success_index1,S_H,gradient_tolerance,,raw_state_verified,run.py:numpy-batch
HiSD,6.309573444801929e-05,0.002,2000000,73,-0.7109375,1.246875,completed,-2.628045771263403,1.7869725685162814,9.980612366563294e-07,-3153.363698190092,238.07432592163767,6459,success_index1,S_H,gradient_tolerance,,raw_state_verified,run.py:numpy-batch
HiSD,6.309573444801929e-05,0.002,2000000,163,-0.7671875,1.3031249999999999,completed,-2.628045771269104,1.786972568512751,9.996652218051722e-07,-3153.3636981878426,238.07432592810238,6461,success_index1,S_H,gradient_tolerance,,raw_state_verified,run.py:numpy-batch
HiSD,6.309573444801929e-05,0.002,2000000,60,-0.5328125000000001,1.228125,completed,-2.628045771234084,1.7869725684616842,9.99084681721475e-07,-3153.3636981945365,238.0743258504313,6464,success_index1,S_H,gradient_tolerance,,raw_state_verified,run.py:numpy-batch
HiSD,6.309573444801929e-05,0.002,2000000,95,-0.5046875000000001,1.246875,completed,-2.62804577126349,1.786972568516227,9.980856429630278e-07,-3153.3636981900577,238.07432592173657,6464,success_index1,S_H,gradient_tolerance,,raw_state_verified,run.py:numpy-batch
HiSD,6.309573444801929e-05,0.002,2000000,15,-0.6546875000000001,1.2093749999999999,completed,-2.6280457712666605,1.7869725685142634,9.9897759297744e-07,-3153.363698188807,238.07432592533132,6469,success_index1,S_H,gradient_tolerance,,raw_state_verified,run.py:numpy-batch
HiSD,6.309573444801929e-05,0.002,2000000,103,-0.7296875,1.265625,completed,-2.628045771268858,1.7869725685129032,9.995959741154903e-07,-3153.36369818794,238.07432592782365,6475,success_index1,S_H,gradient_tolerance,,raw_state_verified,run.py:numpy-batch
HiSD,6.309573444801929e-05,0.002,2000000,133,-0.7484375000000001,1.284375,completed,-2.628045771261272,1.786972568517601,9.97461470007794e-07,-3153.363698190934,238.07432591922128,6475,success_index1,S_H,gradient_tolerance,,raw_state_verified,run.py:numpy-batch
HiSD,6.309573444801929e-05,0.002,2000000,44,-0.6828125,1.228125,completed,-2.6280457712337246,1.786972568461914,9.989827005774878e-07,-3153.3636981946775,238.07432585002752,6478,success_index1,S_H,gradient_tolerance,,raw_state_verified,run.py:numpy-batch
HiSD,6.309573444801929e-05,0.002,2000000,224,-0.7953125000000001,1.340625,completed,-2.628045771260118,1.7869725685183155,9.971368707531464e-07,-3153.3636981913887,238.0743259179128,6517,success_index1,S_H,gradient_tolerance,,raw_state_verified,run.py:numpy-batch
HiSD,6.309573444801929e-05,0.002,2000000,16,-0.6453125000000001,1.2093749999999999,completed,-2.6280457712352394,1.7869725684609443,9.994129090328065e-07,-3153.363698194077,238.0743258517289,6530,success_index1,S_H,gradient_tolerance,,raw_state_verified,run.py:numpy-batch
HiSD,6.309573444801929e-05,0.002,2000000,194,-0.7765625,1.321875,completed,-2.6280457712373035,1.7869725684596232,9.999992681021317e-07,-3153.363698193259,238.07432585404698,6530,success_index1,S_H,gradient_tolerance,,raw_state_verified,run.py:numpy-batch
HiSD,6.309573444801929e-05,0.002,2000000,74,-0.7015625000000001,1.246875,completed,-2.628045771261979,1.7869725685171638,9.976605087751106e-07,-3153.3636981906548,238.07432592002326,6537,success_index1,S_H,gradient_tolerance,,raw_state_verified,run.py:numpy-batch
HiSD,6.309573444801929e-05,0.002,2000000,45,-0.6734375,1.228125,completed,-2.628045771261654,1.7869725685173645,9.975689694710312e-07,-3153.363698190783,238.07432591965465,6579,success_index1,S_H,gradient_tolerance,,raw_state_verified,run.py:numpy-batch
HiSD,6.309573444801929e-05,0.002,2000000,164,-0.7578125,1.3031249999999999,completed,-2.628045771236783,1.7869725684599571,9.998510845574038e-07,-3153.363698193466,238.07432585346302,6588,success_index1,S_H,gradient_tolerance,,raw_state_verified,run.py:numpy-batch
HiSD,6.309573444801929e-05,0.002,2000000,104,-0.7203125,1.265625,completed,-2.6280457712355982,1.7869725684607145,9.995148929559302e-07,-3153.3636981939344,238.07432585213155,6612,success_index1,S_H,gradient_tolerance,,raw_state_verified,run.py:numpy-batch
HiSD,6.309573444801929e-05,0.002,2000000,134,-0.7390625000000001,1.284375,completed,-2.6280457712642513,1.7869725685157565,9.982998883609748e-07,-3153.363698189757,238.07432592260034,6637,success_index1,S_H,gradient_tolerance,,raw_state_verified,run.py:numpy-batch
HiSD,6.309573444801929e-05,0.002,2000000,510,-0.5140625000000001,1.4906249999999999,completed,-2.628045764195285,1.7869725729664898,9.999739833446782e-07,-3153.36370098683,238.07431794477907,8463,success_index1,S_H,gradient_tolerance,,raw_state_verified,run.py:numpy-batch
HiSD,6.309573444801929e-05,0.002,2000000,511,-0.5046875000000001,1.4906249999999999,completed,-2.6280457641983452,1.7869725729645312,9.991047367933125e-07,-3153.3637009856157,238.07431794821645,8463,success_index1,S_H,gradient_tolerance,,raw_state_verified,run.py:numpy-batch
HiSD,6.309573444801929e-05,0.002,2000000,447,-0.5046875000000001,1.453125,completed,-2.62804576416554,1.7869725729120916,9.990619786137578e-07,-3153.3637009914355,238.07431787305515,8464,success_index1,S_H,gradient_tolerance,,raw_state_verified,run.py:numpy-batch
HiSD,6.309573444801929e-05,0.002,2000000,507,-0.5421875,1.4906249999999999,completed,-2.6280457641634816,1.786972572913366,9.996411875972168e-07,-3153.3637009922477,238.07431787072113,8464,success_index1,S_H,gradient_tolerance,,raw_state_verified,run.py:numpy-batch
HiSD,6.309573444801929e-05,0.002,2000000,508,-0.5328125000000001,1.4906249999999999,completed,-2.62804576416675,1.7869725729113413,9.987216048187997e-07,-3153.363700990958,238.0743178744273,8464,success_index1,S_H,gradient_tolerance,,raw_state_verified,run.py:numpy-batch
HiSD,6.309573444801929e-05,0.002,2000000,509,-0.5234375,1.4906249999999999,completed,-2.6280457641699355,1.7869725729093693,9.978252103935988e-07,-3153.3637009897006,238.07431787803958,8464,success_index1,S_H,gradient_tolerance,,raw_state_verified,run.py:numpy-batch
HiSD,6.309573444801929e-05,0.002,2000000,504,-0.5703125,1.4906249999999999,completed,-2.6280457641974464,1.7869725729651067,9.993601767098389e-07,-3153.3637009859726,238.07431794720654,8465,success_index1,S_H,gradient_tolerance,,raw_state_verified,run.py:numpy-batch
HiSD,6.309573444801929e-05,0.002,2000000,505,-0.5609375000000001,1.4906249999999999,completed,-2.62804576420061,1.7869725729630823,9.98461830110246e-07,-3153.363700984718,238.0743179507604,8465,success_index1,S_H,gradient_tolerance,,raw_state_verified,run.py:numpy-batch
HiSD,6.309573444801929e-05,0.002,2000000,506,-0.5515625000000001,1.4906249999999999,completed,-2.6280457642038364,1.7869725729610173,9.975454152796518e-07,-3153.3637009834392,238.0743179543839,8465,success_index1,S_H,gradient_tolerance,,raw_state_verified,run.py:numpy-batch
HiSD,6.309573444801929e-05,0.002,2000000,479,-0.5046875000000001,1.4718749999999998,completed,-2.628045764167421,1.7869725729109267,9.985326629039124e-07,-3153.3637009906934,238.07431787518877,8466,success_index1,S_H,gradient_tolerance,,raw_state_verified,run.py:numpy-batch
HiSD,6.309573444801929e-05,0.002,2000000,500,-0.6078125000000001,1.4906249999999999,completed,-2.6280457641625454,1.786972572913946,9.999045637390486e-07,-3153.363700992617,238.07431786965938,8466,success_index1,S_H,gradient_tolerance,,raw_state_verified,run.py:numpy-batch
HiSD,6.309573444801929e-05,0.002,2000000,501,-0.5984375000000001,1.4906249999999999,completed,-2.628045764165697,1.7869725729119939,9.990178512766055e-07,-3153.3637009913737,238.0743178732335,8466,success_index1,S_H,gradient_tolerance,,raw_state_verified,run.py:numpy-batch
HiSD,6.309573444801929e-05,0.002,2000000,502,-0.5890625,1.4906249999999999,completed,-2.6280457641688844,1.7869725729100203,9.981209848616493e-07,-3153.3637009901163,238.0743178768479,8466,success_index1,S_H,gradient_tolerance,,raw_state_verified,run.py:numpy-batch
HiSD,6.309573444801929e-05,0.002,2000000,503,-0.5796875,1.4906249999999999,completed,-2.628045764172056,1.7869725729080561,9.972285808162154e-07,-3153.3637009888635,238.07431788044397,8466,success_index1,S_H,gradient_tolerance,,raw_state_verified,run.py:numpy-batch
HiSD,6.309573444801929e-05,0.002,2000000,476,-0.5328125000000001,1.4718749999999998,completed,-2.6280457641952224,1.7869725729665298,9.999916592561066e-07,-3153.3637009868544,238.07431794470884,8467,success_index1,S_H,gradient_tolerance,,raw_state_verified,run.py:numpy-batch
HiSD,6.309573444801929e-05,0.002,2000000,477,-0.5234375,1.4718749999999998,completed,-2.6280457641999666,1.7869725729634938,9.986444719698124e-07,-3153.363700984974,238.07431795003689,8467,success_index1,S_H,gradient_tolerance,,raw_state_verified,run.py:numpy-batch
HiSD,6.309573444801929e-05,0.002,2000000,478,-0.5140625000000001,1.4718749999999998,completed,-2.6280457642051247,1.7869725729601922,9.97179249223361e-07,-3153.363700982927,238.07431795583057,8467,success_index1,S_H,gradient_tolerance,,raw_state_verified,run.py:numpy-batch
HiSD,6.309573444801929e-05,0.002,2000000,497,-0.6359375,1.4906249999999999,completed,-2.628045764197401,1.7869725729651356,9.993729622464837e-07,-3153.3637009859904,238.07431794715592,8467,success_index1,S_H,gradient_tolerance,,raw_state_verified,run.py:numpy-batch
HiSD,6.309573444801929e-05,0.002,2000000,498,-0.6265625,1.4906249999999999,completed,-2.6280457642002513,1.7869725729633115,9.985634566557857e-07,-3153.3637009848603,238.07431795035677,8467,success_index1,S_H,gradient_tolerance,,raw_state_verified,run.py:numpy-batch
HiSD,6.309573444801929e-05,0.002,2000000,499,-0.6171875,1.4906249999999999,completed,-2.6280457642031494,1.7869725729614572,9.977405717896398e-07,-3153.3637009837094,238.07431795361228,8467,success_index1,S_H,gradient_tolerance,,raw_state_verified,run.py:numpy-batch
HiSD,6.309573444801929e-05,0.002,2000000,415,-0.5046875000000001,1.434375,completed,-2.6280457641959853,1.7869725729660424,9.997754002781422e-07,-3153.363700986553,238.07431794556638,8468,success_index1,S_H,gradient_tolerance,,raw_state_verified,run.py:numpy-batch
HiSD,6.309573444801929e-05,0.002,2000000,446,-0.5140625000000001,1.453125,completed,-2.628045764166847,1.7869725729112815,9.986943146735237e-07,-3153.3637009909194,238.07431787453703,8468,success_index1,S_H,gradient_tolerance,,raw_state_verified,run.py:numpy-batch
HiSD,6.309573444801929e-05,0.002,2000000,474,-0.5515625000000001,1.4718749999999998,completed,-2.628045764163396,1.7869725729134196,9.996652573076002e-07,-3153.3637009922822,238.07431787062418,8468,success_index1,S_H,gradient_tolerance,,raw_state_verified,run.py:numpy-batch
HiSD,6.309573444801929e-05,0.002,2000000,475,-0.5421875,1.4718749999999998,completed,-2.6280457641682573,1.7869725729104087,9.982973963619428e-07,-3153.3637009903623,238.07431787613692,8468,success_index1,S_H,gradient_tolerance,,raw_state_verified,run.py:numpy-batch
HiSD,6.309573444801929e-05,0.002,2000000,494,-0.6640625,1.4906249999999999,completed,-2.628045764164005,1.7869725729130415,9.99493945546808e-07,-3153.363700992042,238.07431787131472,8468,success_index1,S_H,gradient_tolerance,,raw_state_verified,run.py:numpy-batch
HiSD,6.309573444801929e-05,0.002,2000000,495,-0.6546875000000001,1.4906249999999999,completed,-2.628045764168569,1.7869725729102155,9.982097278051409e-07,-3153.3637009902404,238.07431787649017,8468,success_index1,S_H,gradient_tolerance,,raw_state_verified,run.py:numpy-batch
HiSD,6.309573444801929e-05,0.002,2000000,496,-0.6453125000000001,1.4906249999999999,completed,-2.6280457641721333,1.7869725729080073,9.972069963159887e-07,-3153.363700988833,238.0743178805318,8468,success_index1,S_H,gradient_tolerance,,raw_state_verified,run.py:numpy-batch
HiSD,6.309573444801929e-05,0.002,2000000,413,-0.5234375,1.434375,completed,-2.628045764164329,1.7869725729128412,9.994028403790678e-07,-3153.363700991913,238.074317871682,8469,success_index1,S_H,gradient_tolerance,,raw_state_verified,run.py:numpy-batch
HiSD,6.309573444801929e-05,0.002,2000000,414,-0.5140625000000001,1.434375,completed,-2.6280457641685127,1.7869725729102504,9.982255836777568e-07,-3153.3637009902623,238.07431787642608,8469,success_index1,S_H,gradient_tolerance,,raw_state_verified,run.py:numpy-batch
HiSD,6.309573444801929e-05,0.002,2000000,445,-0.5234375,1.453125,completed,-2.6280457642023056,1.7869725729619972,9.979801988234075e-07,-3153.363700984045,238.07431795266467,8469,success_index1,S_H,gradient_tolerance,,raw_state_verified,run.py:numpy-batch
HiSD,6.309573444801929e-05,0.002,2000000,472,-0.5703125,1.4718749999999998,completed,-2.628045764197352,1.7869725729651669,9.993867688373482e-07,-3153.3637009860104,238.07431794710038,8469,success_index1,S_H,gradient_tolerance,,raw_state_verified,run.py:numpy-batch
HiSD,6.309573444801929e-05,0.002,2000000,473,-0.5609375000000001,1.4718749999999998,completed,-2.628045764202154,1.786972572962093,9.980228218924626e-07,-3153.363700984106,238.07431795249397,8469,success_index1,S_H,gradient_tolerance,,raw_state_verified,run.py:numpy-batch
HiSD,6.309573444801929e-05,0.002,2000000,492,-0.6828125,1.4906249999999999,completed,-2.6280457641953463,1.786972572966451,9.999567029715055e-07,-3153.3637009868066,238.0743179448482,8469,success_index1,S_H,gradient_tolerance,,raw_state_verified,run.py:numpy-batch
HiSD,6.309573444801929e-05,0.002,2000000,493,-0.6734375,1.4906249999999999,completed,-2.6280457642018993,1.7869725729622568,9.980954555602017e-07,-3153.363700984207,238.0743179522078,8469,success_index1,S_H,gradient_tolerance,,raw_state_verified,run.py:numpy-batch
HiSD,6.309573444801929e-05,0.002,2000000,412,-0.5328125000000001,1.434375,completed,-2.628045764203519,1.7869725729612203,9.976353893243318e-07,-3153.363700983563,238.0743179540272,8470,success_index1,S_H,gradient_tolerance,,raw_state_verified,run.py:numpy-batch
HiSD,6.309573444801929e-05,0.002,2000000,444,-0.5328125000000001,1.453125,completed,-2.6280457641675032,1.7869725729108752,9.98509615625606e-07,-3153.3637009906615,238.0743178752815,8470,success_index1,S_H,gradient_tolerance,,raw_state_verified,run.py:numpy-batch
HiSD,6.309573444801929e-05,0.002,2000000,470,-0.5890625,1.4718749999999998,completed,-2.6280457641650847,1.7869725729123735,9.991900838228076e-07,-3153.3637009916147,238.07431787253896,8470,success_index1,S_H,gradient_tolerance,,raw_state_verified,run.py:numpy-batch
HiSD,6.309573444801929e-05,0.002,2000000,471,-0.5796875,1.4718749999999998,completed,-2.6280457641702264,1.7869725729091888,9.977433921216367e-07,-3153.363700989586,238.07431787836938,8470,success_index1,S_H,gradient_tolerance,,raw_state_verified,run.py:numpy-batch
HiSD,6.309573444801929e-05,0.002,2000000,490,-0.7015625000000001,1.4906249999999999,completed,-2.628045764162466,1.786972572913995,9.99926973150324e-07,-3153.3637009926497,238.0743178695696,8470,success_index1,S_H,gradient_tolerance,,raw_state_verified,run.py:numpy-batch
HiSD,6.309573444801929e-05,0.002,2000000,491,-0.6921875000000001,1.4906249999999999,completed,-2.628045764166671,1.786972572911391,9.987437350220163e-07,-3153.363700990988,238.07431787433816,8470,success_index1,S_H,gradient_tolerance,,raw_state_verified,run.py:numpy-batch
HiSD,6.309573444801929e-05,0.002,2000000,383,-0.5046875000000001,1.415625,completed,-2.628045764166159,1.7869725729117079,9.988878385182715e-07,-3153.3637009911918,238.07431787375768,8471,success_index1,S_H,gradient_tolerance,,raw_state_verified,run.py:numpy-batch
HiSD,6.309573444801929e-05,0.002,2000000,411,-0.5421875,1.434375,completed,-2.628045764170063,1.78697257290929,9.977893499374743e-07,-3153.3637009896506,238.07431787818416,8471,success_index1,S_H,gradient_tolerance,,raw_state_verified,run.py:numpy-batch
HiSD,6.309573444801929e-05,0.002,2000000,443,-0.5421875,1.453125,completed,-2.6280457642003525,1.7869725729632466,9.98534719596527e-07,-3153.36370098482,238.0743179504711,8471,success_index1,S_H,gradient_tolerance,,raw_state_verified,run.py:numpy-batch
HiSD,6.309573444801929e-05,0.002,2000000,468,-0.6078125000000001,1.4718749999999998,completed,-2.628045764198151,1.786972572964655,9.991597541916592e-07,-3153.363700985694,238.07431794799763,8471,success_index1,S_H,gradient_tolerance,,raw_state_verified,run.py:numpy-batch
HiSD,6.309573444801929e-05,0.002,2000000,469,-0.5984375000000001,1.4718749999999998,completed,-2.628045764203404,1.7869725729612937,9.976681775698531e-07,-3153.3637009836098,238.0743179538981,8471,success_index1,S_H,gradient_tolerance,,raw_state_verified,run.py:numpy-batch
HiSD,6.309573444801929e-05,0.002,2000000,488,-0.7203125,1.4906249999999999,completed,-2.62804576416271,1.7869725729138435,9.998583180174833e-07,-3153.363700992553,238.07431786984625,8471,success_index1,S_H,gradient_tolerance,,raw_state_verified,run.py:numpy-batch
HiSD,6.309573444801929e-05,0.002,2000000,382,-0.5140625000000001,1.415625,completed,-2.6280457642001243,1.7869725729633927,9.985996070889914e-07,-3153.363700984911,238.07431795021424,8472,success_index1,S_H,gradient_tolerance,,raw_state_verified,run.py:numpy-batch
HiSD,6.309573444801929e-05,0.002,2000000,442,-0.5515625000000001,1.453125,completed,-2.6280457641693142,1.7869725729097536,9.980000818510619e-07,-3153.363700989946,238.07431787733512,8472,success_index1,S_H,gradient_tolerance,,raw_state_verified,run.py:numpy-batch
HiSD,6.309573444801929e-05,0.002,2000000,466,-0.6265625,1.4718749999999998,completed,-2.6280457641650496,1.7869725729123953,9.991999832467152e-07,-3153.36370099163,238.07431787249897,8472,success_index1,S_H,gradient_tolerance,,raw_state_verified,run.py:numpy-batch
HiSD,6.309573444801929e-05,0.002,2000000,467,-0.6171875,1.4718749999999998,completed,-2.6280457641706128,1.7869725729089494,9.976347278972043e-07,-3153.363700989433,238.07431787880742,8472,success_index1,S_H,gradient_tolerance,,raw_state_verified,run.py:numpy-batch
HiSD,6.309573444801929e-05,0.002,2000000,489,-0.7109375,1.4906249999999999,completed,-2.628045764172163,1.78697257290799,9.971984230270354e-07,-3153.363700988822,238.07431788056599,8472,success_index1,S_H,gradient_tolerance,,raw_state_verified,run.py:numpy-batch
HiSD,6.309573444801929e-05,0.002,2000000,381,-0.5234375,1.415625,completed,-2.628045764168474,1.7869725729102743,9.982364551726497e-07,-3153.3637009902777,238.07431787638242,8473,success_index1,S_H,gradient_tolerance,,raw_state_verified,run.py:numpy-batch
HiSD,6.309573444801929e-05,0.002,2000000,440,-0.5703125,1.453125,completed,-2.6280457641971213,1.7869725729653148,9.99452395378173e-07,-3153.3637009861013,238.074317946842,8473,success_index1,S_H,gradient_tolerance,,raw_state_verified,run.py:numpy-batch
HiSD,6.309573444801929e-05,0.002,2000000,441,-0.5609375000000001,1.453125,completed,-2.6280457642047126,1.7869725729604564,9.972965337220865e-07,-3153.36370098309,238.07431795536823,8473,success_index1,S_H,gradient_tolerance,,raw_state_verified,run.py:numpy-batch
HiSD,6.309573444801929e-05,0.002,2000000,464,-0.6453125000000001,1.4718749999999998,completed,-2.628045764197045,1.7869725729653636,9.994741129645986e-07,-3153.3637009861313,238.07431794675546,8473,success_index1,S_H,gradient_tolerance,,raw_state_verified,run.py:numpy-batch
HiSD,6.309573444801929e-05,0.002,2000000,465,-0.6359375,1.4718749999999998,completed,-2.6280457642028945,1.7869725729616197,9.97812706717502e-07,-3153.363700983811,238.0743179533257,8473,success_index1,S_H,gradient_tolerance,,raw_state_verified,run.py:numpy-batch
HiSD,6.309573444801929e-05,0.002,2000000,487,-0.7296875,1.4906249999999999,completed,-2.628045764164425,1.7869725729127817,9.993758539924317e-07,-3153.3637009918757,238.07431787179064,8473,success_index1,S_H,gradient_tolerance,,raw_state_verified,run.py:numpy-batch
HiSD,6.309573444801929e-05,0.002,2000000,351,-0.5046875000000001,1.3968749999999999,completed,-2.6280457642025863,1.7869725729618169,9.979003189145428e-07,-3153.3637009839335,238.07431795297975,8474,success_index1,S_H,gradient_tolerance,,raw_state_verified,run.py:numpy-batch
HiSD,6.309573444801929e-05,0.002,2000000,380,-0.5328125000000001,1.415625,completed,-2.628045764202487,1.7869725729618804,9.97928364559441e-07,-3153.363700983973,238.0743179528677,8474,success_index1,S_H,gradient_tolerance,,raw_state_verified,run.py:numpy-batch
HiSD,6.309573444801929e-05,0.002,2000000,439,-0.5796875,1.453125,completed,-2.628045764167439,1.7869725729109152,9.985276985675866e-07,-3153.363700990686,238.07431787520872,8474,success_index1,S_H,gradient_tolerance,,raw_state_verified,run.py:numpy-batch
HiSD,6.309573444801929e-05,0.002,2000000,463,-0.6546875000000001,1.4718749999999998,completed,-2.6280457641684967,1.7869725729102601,9.982300458833976e-07,-3153.3637009902686,238.07431787640814,8474,success_index1,S_H,gradient_tolerance,,raw_state_verified,run.py:numpy-batch
HiSD,6.309573444801929e-05,0.002,2000000,486,-0.7390625000000001,1.4906249999999999,completed,-2.6280457641957864,1.7869725729661696,9.998317742873544e-07,-3153.3637009866316,238.07431794534244,8474,success_index1,S_H,gradient_tolerance,,raw_state_verified,run.py:numpy-batch
HiSD,6.309573444801929e-05,0.002,2000000,350,-0.5140625000000001,1.3968749999999999,completed,-2.628045764170018,1.786972572909318,9.978019862668694e-07,-3153.3637009896684,238.0743178781335,8475,success_index1,S_H,gradient_tolerance,,raw_state_verified,run.py:numpy-batch
HiSD,6.309573444801929e-05,0.002,2000000,378,-0.5515625000000001,1.415625,completed,-2.628045764162622,1.7869725729138985,9.9988309277195e-07,-3153.3637009925865,238.07431786974666,8475,success_index1,S_H,gradient_tolerance,,raw_state_verified,run.py:numpy-batch
HiSD,6.309573444801929e-05,0.002,2000000,379,-0.5421875,1.415625,completed,-2.6280457641713117,1.7869725729085166,9.974380152914214e-07,-3153.363700989157,238.0743178796004,8475,success_index1,S_H,gradient_tolerance,,raw_state_verified,run.py:numpy-batch
HiSD,6.309573444801929e-05,0.002,2000000,409,-0.5609375000000001,1.434375,completed,-2.6280457641970525,1.7869725729653585,9.994718635856824e-07,-3153.363700986129,238.07431794676413,8475,success_index1,S_H,gradient_tolerance,,raw_state_verified,run.py:numpy-batch
HiSD,6.309573444801929e-05,0.002,2000000,437,-0.5984375000000001,1.453125,completed,-2.628045764195766,1.7869725729661818,9.998372171355244e-07,-3153.3637009866397,238.0743179453195,8475,success_index1,S_H,gradient_tolerance,,raw_state_verified,run.py:numpy-batch
HiSD,6.309573444801929e-05,0.002,2000000,438,-0.5890625,1.453125,completed,-2.628045764203348,1.7869725729613302,9.976843105572226e-07,-3153.363700983632,238.0743179538352,8475,success_index1,S_H,gradient_tolerance,,raw_state_verified,run.py:numpy-batch
HiSD,6.309573444801929e-05,0.002,2000000,461,-0.6734375,1.4718749999999998,completed,-2.628045764196349,1.7869725729658086,9.996716586594618e-07,-3153.3637009864087,238.0743179459742,8475,success_index1,S_H,gradient_tolerance,,raw_state_verified,run.py:numpy-batch
HiSD,6.309573444801929e-05,0.002,2000000,462,-0.6640625,1.4718749999999998,completed,-2.628045764204774,1.786972572960417,9.972789611155365e-07,-3153.3637009830654,238.0743179554365,8475,success_index1,S_H,gradient_tolerance,,raw_state_verified,run.py:numpy-batch
HiSD,6.309573444801929e-05,0.002,2000000,485,-0.7484375000000001,1.4906249999999999,completed,-2.6280457641656683,1.7869725729120114,9.990259645999266e-07,-3153.3637009913846,238.07431787320076,8475,success_index1,S_H,gradient_tolerance,,raw_state_verified,run.py:numpy-batch
HiSD,6.309573444801929e-05,0.002,2000000,349,-0.5234375,1.3968749999999999,completed,-2.6280457642022563,1.7869725729620283,9.979940482914226e-07,-3153.363700984065,238.07431795260916,8476,success_index1,S_H,gradient_tolerance,,raw_state_verified,run.py:numpy-batch
HiSD,6.309573444801929e-05,0.002,2000000,377,-0.5609375000000001,1.415625,completed,-2.6280457641981085,1.7869725729646826,9.991719503268872e-07,-3153.3637009857102,238.07431794795053,8476,success_index1,S_H,gradient_tolerance,,raw_state_verified,run.py:numpy-batch
HiSD,6.309573444801929e-05,0.002,2000000,408,-0.5703125,1.434375,completed,-2.628045764166904,1.7869725729112462,9.986782429248906e-07,-3153.363700990898,238.07431787460195,8476,success_index1,S_H,gradient_tolerance,,raw_state_verified,run.py:numpy-batch
HiSD,6.309573444801929e-05,0.002,2000000,436,-0.6078125000000001,1.453125,completed,-2.6280457641656447,1.7869725729120265,9.990325303096847e-07,-3153.3637009913955,238.07431787317444,8476,success_index1,S_H,gradient_tolerance,,raw_state_verified,run.py:numpy-batch
HiSD,6.309573444801929e-05,0.002,2000000,460,-0.6828125,1.4718749999999998,completed,-2.6280457641639323,1.7869725729130865,9.995144168835868e-07,-3153.36370099207,238.07431787123207,8476,success_index1,S_H,gradient_tolerance,,raw_state_verified,run.py:numpy-batch
HiSD,6.309573444801929e-05,0.002,2000000,483,-0.7671875,1.4906249999999999,completed,-2.6280457641980632,1.7869725729647115,9.991847302979277e-07,-3153.3637009857284,238.0743179478995,8476,success_index1,S_H,gradient_tolerance,,raw_state_verified,run.py:numpy-batch
HiSD,6.309573444801929e-05,0.002,2000000,484,-0.7578125,1.4906249999999999,completed,-2.628045764203796,1.7869725729610426,9.975565817088346e-07,-3153.363700983453,238.074317954338,8476,success_index1,S_H,gradient_tolerance,,raw_state_verified,run.py:numpy-batch
HiSD,6.309573444801929e-05,0.002,2000000,319,-0.5046875000000001,1.378125,completed,-2.628045764167241,1.786972572911038,9.985834918009855e-07,-3153.363700990764,238.07431787498368,8477,success_index1,S_H,gradient_tolerance,,raw_state_verified,run.py:numpy-batch
HiSD,6.309573444801929e-05,0.002,2000000,348,-0.5328125000000001,1.3968749999999999,completed,-2.6280457641683226,1.7869725729103687,9.98278946600122e-07,-3153.363700990337,238.07431787621118,8477,success_index1,S_H,gradient_tolerance,,raw_state_verified,run.py:numpy-batch
HiSD,6.309573444801929e-05,0.002,2000000,376,-0.5703125,1.415625,completed,-2.6280457641673993,1.7869725729109396,9.985389100284518e-07,-3153.3637009907015,238.07431787516376,8477,success_index1,S_H,gradient_tolerance,,raw_state_verified,run.py:numpy-batch
HiSD,6.309573444801929e-05,0.002,2000000,407,-0.5796875,1.434375,completed,-2.628045764196561,1.7869725729656736,9.996115983976515e-07,-3153.3637009863232,238.07431794621206,8477,success_index1,S_H,gradient_tolerance,,raw_state_verified,run.py:numpy-batch
HiSD,6.309573444801929e-05,0.002,2000000,410,-0.5515625000000001,1.434375,completed,-2.628045764199429,1.7869725729638375,9.987969581957972e-07,-3153.3637009851855,238.07431794943335,8477,success_index1,S_H,gradient_tolerance,,raw_state_verified,run.py:numpy-batch
HiSD,6.309573444801929e-05,0.002,2000000,435,-0.6171875,1.453125,completed,-2.6280457642010044,1.7869725729628296,9.983497350428265e-07,-3153.363700984561,238.07431795120345,8477,success_index1,S_H,gradient_tolerance,,raw_state_verified,run.py:numpy-batch
HiSD,6.309573444801929e-05,0.002,2000000,459,-0.6921875000000001,1.4718749999999998,completed,-2.6280457641956425,1.7869725729662609,9.998722190625581e-07,-3153.363700986689,238.0743179451809,8477,success_index1,S_H,gradient_tolerance,,raw_state_verified,run.py:numpy-batch
HiSD,6.309573444801929e-05,0.002,2000000,318,-0.5140625000000001,1.378125,completed,-2.6280457641998933,1.78697257296354,9.986649179598833e-07,-3153.3637009850017,238.0743179499543,8478,success_index1,S_H,gradient_tolerance,,raw_state_verified,run.py:numpy-batch
HiSD,6.309573444801929e-05,0.002,2000000,347,-0.5421875,1.3968749999999999,completed,-2.6280457641993595,1.7869725729638828,9.988169668649972e-07,-3153.3637009852137,238.07431794935562,8478,success_index1,S_H,gradient_tolerance,,raw_state_verified,run.py:numpy-batch
HiSD,6.309573444801929e-05,0.002,2000000,375,-0.5796875,1.415625,completed,-2.628045764200069,1.7869725729634272,9.986148855114863e-07,-3153.3637009849317,238.0743179501523,8478,success_index1,S_H,gradient_tolerance,,raw_state_verified,run.py:numpy-batch
HiSD,6.309573444801929e-05,0.002,2000000,434,-0.6265625,1.453125,completed,-2.6280457641704804,1.7869725729090318,9.976719014355929e-07,-3153.3637009894846,238.07431787865792,8478,success_index1,S_H,gradient_tolerance,,raw_state_verified,run.py:numpy-batch
HiSD,6.309573444801929e-05,0.002,2000000,480,-0.7953125000000001,1.4906249999999999,completed,-2.6280457641665116,1.7869725729114898,9.98788593617887e-07,-3153.3637009910526,238.0743178741571,8478,success_index1,S_H,gradient_tolerance,,raw_state_verified,run.py:numpy-batch
HiSD,6.309573444801929e-05,0.002,2000000,317,-0.5234375,1.378125,completed,-2.62804576416607,1.7869725729117625,9.989129290927443e-07,-3153.3637009912263,238.07431787365653,8479,success_index1,S_H,gradient_tolerance,,raw_state_verified,run.py:numpy-batch
HiSD,6.309573444801929e-05,0.002,2000000,346,-0.5515625000000001,1.3968749999999999,completed,-2.6280457641642734,1.786972572912876,9.99418364206741e-07,-3153.3637009919357,238.07431787161914,8479,success_index1,S_H,gradient_tolerance,,raw_state_verified,run.py:numpy-batch
HiSD,6.309573444801929e-05,0.002,2000000,406,-0.5890625,1.434375,completed,-2.6280457642042285,1.786972572960766,9.974338639015913e-07,-3153.3637009832823,238.07431795482398,8479,success_index1,S_H,gradient_tolerance,,raw_state_verified,run.py:numpy-batch
HiSD,6.309573444801929e-05,0.002,2000000,432,-0.6453125000000001,1.453125,completed,-2.628045764196054,1.786972572965998,9.997556826985806e-07,-3153.363700986526,238.07431794564303,8479,success_index1,S_H,gradient_tolerance,,raw_state_verified,run.py:numpy-batch
HiSD,6.309573444801929e-05,0.002,2000000,433,-0.6359375,1.453125,completed,-2.628045764205198,1.7869725729601453,9.971585213072573e-07,-3153.363700982899,238.07431795591245,8479,success_index1,S_H,gradient_tolerance,,raw_state_verified,run.py:numpy-batch
HiSD,6.309573444801929e-05,0.002,2000000,458,-0.7015625000000001,1.4718749999999998,completed,-2.6280457642040442,1.786972572960884,9.974863677410975e-07,-3153.363700983356,238.07431795461704,8479,success_index1,S_H,gradient_tolerance,,raw_state_verified,run.py:numpy-batch
HiSD,6.309573444801929e-05,0.002,2000000,482,-0.7765625,1.4906249999999999,completed,-2.628045764167265,1.7869725729110228,9.98576553825617e-07,-3153.3637009907543,238.07431787501153,8479,success_index1,S_H,gradient_tolerance,,raw_state_verified,run.py:numpy-batch
HiSD,6.309573444801929e-05,0.002,2000000,316,-0.5328125000000001,1.378125,completed,-2.628045764196981,1.7869725729654042,9.994922312833075e-07,-3153.363700986157,238.07431794668452,8480,success_index1,S_H,gradient_tolerance,,raw_state_verified,run.py:numpy-batch
HiSD,6.309573444801929e-05,0.002,2000000,374,-0.5890625,1.415625,completed,-2.628045764203587,1.7869725729611765,9.976161248693123e-07,-3153.3637009835365,238.0743179541031,8480,success_index1,S_H,gradient_tolerance,,raw_state_verified,run.py:numpy-batch
HiSD,6.309573444801929e-05,0.002,2000000,405,-0.5984375000000001,1.434375,completed,-2.628045764169275,1.786972572909778,9.98011000397644e-07,-3153.363700989961,238.07431787729115,8480,success_index1,S_H,gradient_tolerance,,raw_state_verified,run.py:numpy-batch
HiSD,6.309573444801929e-05,0.002,2000000,431,-0.6546875000000001,1.453125,completed,-2.6280457641639967,1.7869725729130477,9.99496156887214e-07,-3153.3637009920453,238.0743178713055,8480,success_index1,S_H,gradient_tolerance,,raw_state_verified,run.py:numpy-batch
HiSD,6.309573444801929e-05,0.002,2000000,457,-0.7109375,1.4718749999999998,completed,-2.6280457641709423,1.7869725729087458,9.975419484323454e-07,-3153.3637009893027,238.07431787918125,8480,success_index1,S_H,gradient_tolerance,,raw_state_verified,run.py:numpy-batch
HiSD,6.309573444801929e-05,0.002,2000000,481,-0.7859375000000001,1.4906249999999999,completed,-2.628045764163813,1.7869725729131611,9.995478911218814e-07,-3153.3637009921176,238.0743178710969,8480,success_index1,S_H,gradient_tolerance,,raw_state_verified,run.py:numpy-batch
HiSD,6.309573444801929e-05,0.002,2000000,287,-0.5046875000000001,1.359375,completed,-2.628045764168145,1.786972572910478,9.98329011037186e-07,-3153.3637009904073,238.0743178760096,8481,success_index1,S_H,gradient_tolerance,,raw_state_verified,run.py:numpy-batch
HiSD,6.309573444801929e-05,0.002,2000000,345,-0.5609375000000001,1.3968749999999999,completed,-2.628045764172409,1.7869725729078376,9.971292119908553e-07,-3153.363700988725,238.07431788084477,8481,success_index1,S_H,gradient_tolerance,,raw_state_verified,run.py:numpy-batch
HiSD,6.309573444801929e-05,0.002,2000000,404,-0.6078125000000001,1.434375,completed,-2.6280457642003285,1.7869725729632622,9.985416528500585e-07,-3153.363700984829,238.0743179504437,8481,success_index1,S_H,gradient_tolerance,,raw_state_verified,run.py:numpy-batch
HiSD,6.309573444801929e-05,0.002,2000000,430,-0.6640625,1.453125,completed,-2.6280457641969517,1.7869725729654231,9.995005013397696e-07,-3153.3637009861686,238.07431794665086,8481,success_index1,S_H,gradient_tolerance,,raw_state_verified,run.py:numpy-batch
HiSD,6.309573444801929e-05,0.002,2000000,455,-0.7296875,1.4718749999999998,completed,-2.6280457641665946,1.7869725729114385,9.987651704246233e-07,-3153.363700991019,238.07431787425202,8481,success_index1,S_H,gradient_tolerance,,raw_state_verified,run.py:numpy-batch
HiSD,6.309573444801929e-05,0.002,2000000,456,-0.7203125,1.4718749999999998,completed,-2.6280457642033874,1.7869725729613044,9.976728471615263e-07,-3153.3637009836157,238.07431795387964,8481,success_index1,S_H,gradient_tolerance,,raw_state_verified,run.py:numpy-batch
HiSD,6.309573444801929e-05,0.002,2000000,286,-0.5140625000000001,1.359375,completed,-2.6280457642000874,1.7869725729634163,9.98609987938974e-07,-3153.3637009849253,238.07431795017274,8482,success_index1,S_H,gradient_tolerance,,raw_state_verified,run.py:numpy-batch
HiSD,6.309573444801929e-05,0.002,2000000,315,-0.5421875,1.378125,completed,-2.628045764204619,1.7869725729605161,9.973230229771646e-07,-3153.363700983128,238.07431795526247,8482,success_index1,S_H,gradient_tolerance,,raw_state_verified,run.py:numpy-batch
HiSD,6.309573444801929e-05,0.002,2000000,344,-0.5703125,1.3968749999999999,completed,-2.628045764202304,1.7869725729619976,9.9798045142147e-07,-3153.363700984047,238.07431795266234,8482,success_index1,S_H,gradient_tolerance,,raw_state_verified,run.py:numpy-batch
HiSD,6.309573444801929e-05,0.002,2000000,403,-0.6171875,1.434375,completed,-2.6280457641659014,1.7869725729118673,9.989603277032384e-07,-3153.3637009912936,238.07431787346485,8482,success_index1,S_H,gradient_tolerance,,raw_state_verified,run.py:numpy-batch
HiSD,6.309573444801929e-05,0.002,2000000,429,-0.6734375,1.453125,completed,-2.6280457641628114,1.7869725729137813,9.998297600670135e-07,-3153.3637009925133,238.07431786996167,8482,success_index1,S_H,gradient_tolerance,,raw_state_verified,run.py:numpy-batch
HiSD,6.309573444801929e-05,0.002,2000000,285,-0.5234375,1.359375,completed,-2.628045764165456,1.786972572912143,9.990856869980952e-07,-3153.363700991469,238.07431787295965,8483,success_index1,S_H,gradient_tolerance,,raw_state_verified,run.py:numpy-batch
HiSD,6.309573444801929e-05,0.002,2000000,314,-0.5515625000000001,1.378125,completed,-2.6280457641677866,1.7869725729106998,9.98429853018298e-07,-3153.3637009905483,238.0743178756029,8483,success_index1,S_H,gradient_tolerance,,raw_state_verified,run.py:numpy-batch
HiSD,6.309573444801929e-05,0.002,2000000,343,-0.5796875,1.3968749999999999,completed,-2.6280457641663766,1.786972572911573,9.988266473193694e-07,-3153.3637009911054,238.07431787400387,8483,success_index1,S_H,gradient_tolerance,,raw_state_verified,run.py:numpy-batch
HiSD,6.309573444801929e-05,0.002,2000000,402,-0.6265625,1.434375,completed,-2.6280457641970023,1.7869725729653905,9.994861050096028e-07,-3153.363700986149,238.0743179467075,8483,success_index1,S_H,gradient_tolerance,,raw_state_verified,run.py:numpy-batch
HiSD,6.309573444801929e-05,0.002,2000000,284,-0.5328125000000001,1.359375,completed,-2.6280457641955395,1.7869725729663268,9.999015557744007e-07,-3153.36370098673,238.07431794506516,8484,success_index1,S_H,gradient_tolerance,,raw_state_verified,run.py:numpy-batch
HiSD,6.309573444801929e-05,0.002,2000000,313,-0.5609375000000001,1.378125,completed,-2.6280457641955555,1.7869725729663166,9.99897058567484e-07,-3153.3637009867225,238.07431794508247,8484,success_index1,S_H,gradient_tolerance,,raw_state_verified,run.py:numpy-batch
HiSD,6.309573444801929e-05,0.002,2000000,342,-0.5890625,1.3968749999999999,completed,-2.628045764195887,1.7869725729661037,9.99802663986857e-07,-3153.363700986592,238.07431794545522,8484,success_index1,S_H,gradient_tolerance,,raw_state_verified,run.py:numpy-batch
HiSD,6.309573444801929e-05,0.002,2000000,428,-0.6828125,1.453125,completed,-2.6280457641706776,1.7869725729089097,9.976164447988731e-07,-3153.3637009894073,238.0743178788807,8484,success_index1,S_H,gradient_tolerance,,raw_state_verified,run.py:numpy-batch
HiSD,6.309573444801929e-05,0.002,2000000,454,-0.7390625000000001,1.4718749999999998,completed,-2.628045764197076,1.7869725729653432,9.994650788625164e-07,-3153.3637009861195,238.07431794679022,8484,success_index1,S_H,gradient_tolerance,,raw_state_verified,run.py:numpy-batch
HiSD,6.309573444801929e-05,0.002,2000000,373,-0.5984375000000001,1.415625,completed,-2.6280457641984505,1.7869725729644639,9.990749048365146e-07,-3153.3637009855747,238.07431794833457,8485,success_index1,S_H,gradient_tolerance,,raw_state_verified,run.py:numpy-batch
HiSD,6.309573444801929e-05,0.002,2000000,401,-0.6359375,1.434375,completed,-2.62804576420553,1.7869725729599335,9.970645047693153e-07,-3153.363700982766,238.074317956286,8485,success_index1,S_H,gradient_tolerance,,raw_state_verified,run.py:numpy-batch
HiSD,6.309573444801929e-05,0.002,2000000,427,-0.6921875000000001,1.453125,completed,-2.628045764198414,1.786972572964487,9.990851673433098e-07,-3153.3637009855893,238.0743179482934,8485,success_index1,S_H,gradient_tolerance,,raw_state_verified,run.py:numpy-batch
HiSD,6.309573444801929e-05,0.002,2000000,255,-0.5046875000000001,1.340625,completed,-2.6280457642041464,1.7869725729608186,9.97457212547173e-07,-3153.3637009833155,238.0743179547318,8486,success_index1,S_H,gradient_tolerance,,raw_state_verified,run.py:numpy-batch
HiSD,6.309573444801929e-05,0.002,2000000,283,-0.5421875,1.359375,completed,-2.6280457642021386,1.7869725729621029,9.980271697905765e-07,-3153.3637009841104,238.0743179524768,8486,success_index1,S_H,gradient_tolerance,,raw_state_verified,run.py:numpy-batch
HiSD,6.309573444801929e-05,0.002,2000000,312,-0.5703125,1.378125,completed,-2.6280457641999604,1.7869725729634975,9.986460367122967e-07,-3153.3637009849763,238.07431795003043,8486,success_index1,S_H,gradient_tolerance,,raw_state_verified,run.py:numpy-batch
HiSD,6.309573444801929e-05,0.002,2000000,341,-0.5984375000000001,1.3968749999999999,completed,-2.628045764202567,1.7869725729618293,9.979058184994989e-07,-3153.3637009839426,238.07431795295827,8486,success_index1,S_H,gradient_tolerance,,raw_state_verified,run.py:numpy-batch
HiSD,6.309573444801929e-05,0.002,2000000,400,-0.6453125000000001,1.434375,completed,-2.6280457641700488,1.786972572909299,9.977934107518692e-07,-3153.363700989656,238.07431787816807,8486,success_index1,S_H,gradient_tolerance,,raw_state_verified,run.py:numpy-batch
HiSD,6.309573444801929e-05,0.002,2000000,254,-0.5140625000000001,1.340625,completed,-2.6280457641697983,1.7869725729094539,9.978638815263481e-07,-3153.3637009897548,238.07431787788397,8487,success_index1,S_H,gradient_tolerance,,raw_state_verified,run.py:numpy-batch
HiSD,6.309573444801929e-05,0.002,2000000,282,-0.5515625000000001,1.359375,completed,-2.6280457641640975,1.7869725729129846,9.994678583085601e-07,-3153.3637009920044,238.07431787141925,8487,success_index1,S_H,gradient_tolerance,,raw_state_verified,run.py:numpy-batch
HiSD,6.309573444801929e-05,0.002,2000000,340,-0.6078125000000001,1.3968749999999999,completed,-2.628045764164631,1.7869725729126544,9.99317799212569e-07,-3153.363700991794,238.0743178720245,8487,success_index1,S_H,gradient_tolerance,,raw_state_verified,run.py:numpy-batch
HiSD,6.309573444801929e-05,0.002,2000000,371,-0.6171875,1.415625,completed,-2.6280457641967523,1.786972572965551,9.99557409851333e-07,-3153.3637009862487,238.0743179464273,8487,success_index1,S_H,gradient_tolerance,,raw_state_verified,run.py:numpy-batch
HiSD,6.309573444801929e-05,0.002,2000000,372,-0.6078125000000001,1.415625,completed,-2.6280457641991286,1.7869725729640298,9.988822713724688e-07,-3153.3637009853055,238.07431794909604,8487,success_index1,S_H,gradient_tolerance,,raw_state_verified,run.py:numpy-batch
HiSD,6.309573444801929e-05,0.002,2000000,399,-0.6546875000000001,1.434375,completed,-2.6280457641994457,1.7869725729638268,9.987922346243324e-07,-3153.36370098518,238.07431794945214,8487,success_index1,S_H,gradient_tolerance,,raw_state_verified,run.py:numpy-batch
HiSD,6.309573444801929e-05,0.002,2000000,426,-0.7015625000000001,1.453125,completed,-2.6280457642016364,1.7869725729624242,9.981698287771562e-07,-3153.3637009843114,238.07431795191195,8487,success_index1,S_H,gradient_tolerance,,raw_state_verified,run.py:numpy-batch
HiSD,6.309573444801929e-05,0.002,2000000,453,-0.7484375000000001,1.4718749999999998,completed,-2.6280457641704253,1.7869725729090655,9.976874363388455e-07,-3153.363700989507,238.0743178785949,8487,success_index1,S_H,gradient_tolerance,,raw_state_verified,run.py:numpy-batch
HiSD,6.309573444801929e-05,0.002,2000000,253,-0.5234375,1.340625,completed,-2.628045764199681,1.786972572963676,9.987252383310077e-07,-3153.3637009850863,238.07431794971632,8488,success_index1,S_H,gradient_tolerance,,raw_state_verified,run.py:numpy-batch
HiSD,6.309573444801929e-05,0.002,2000000,311,-0.5796875,1.378125,completed,-2.628045764203443,1.7869725729612684,9.976568722324136e-07,-3153.3637009835943,238.07431795394157,8488,success_index1,S_H,gradient_tolerance,,raw_state_verified,run.py:numpy-batch
HiSD,6.309573444801929e-05,0.002,2000000,252,-0.5328125000000001,1.340625,completed,-2.62804576416258,1.786972572913925,9.998947235830422e-07,-3153.3637009926033,238.0743178696995,8489,success_index1,S_H,gradient_tolerance,,raw_state_verified,run.py:numpy-batch
HiSD,6.309573444801929e-05,0.002,2000000,281,-0.5609375000000001,1.359375,completed,-2.628045764168313,1.7869725729103743,9.982818612012753e-07,-3153.3637009903414,238.07431787619961,8489,success_index1,S_H,gradient_tolerance,,raw_state_verified,run.py:numpy-batch
HiSD,6.309573444801929e-05,0.002,2000000,310,-0.5890625,1.378125,completed,-2.628045764162351,1.7869725729140662,9.999593225048448e-07,-3153.3637009926942,238.0743178694394,8489,success_index1,S_H,gradient_tolerance,,raw_state_verified,run.py:numpy-batch
HiSD,6.309573444801929e-05,0.002,2000000,339,-0.6171875,1.3968749999999999,completed,-2.6280457641681347,1.7869725729104842,9.983319549314554e-07,-3153.3637009904114,238.07431787599756,8489,success_index1,S_H,gradient_tolerance,,raw_state_verified,run.py:numpy-batch
HiSD,6.309573444801929e-05,0.002,2000000,370,-0.6265625,1.415625,completed,-2.628045764204048,1.7869725729608814,9.974851703969643e-07,-3153.3637009833546,238.074317954621,8489,success_index1,S_H,gradient_tolerance,,raw_state_verified,run.py:numpy-batch
HiSD,6.309573444801929e-05,0.002,2000000,398,-0.6640625,1.434375,completed,-2.62804576420576,1.7869725729597852,9.969987432244747e-07,-3153.3637009826757,238.07431795654432,8489,success_index1,S_H,gradient_tolerance,,raw_state_verified,run.py:numpy-batch
HiSD,6.309573444801929e-05,0.002,2000000,425,-0.7109375,1.453125,completed,-2.6280457642030566,1.7869725729615158,9.977666476188768e-07,-3153.3637009837475,238.0743179535079,8489,success_index1,S_H,gradient_tolerance,,raw_state_verified,run.py:numpy-batch
HiSD,6.309573444801929e-05,0.002,2000000,452,-0.7578125,1.4718749999999998,completed,-2.628045764170829,1.786972572908816,9.975738260968192e-07,-3153.363700989348,238.07431787905347,8489,success_index1,S_H,gradient_tolerance,,raw_state_verified,run.py:numpy-batch
HiSD,6.309573444801929e-05,0.002,2000000,369,-0.6359375,1.415625,completed,-2.6280457641640145,1.7869725729130361,9.994912107149557e-07,-3153.363700992037,238.07431787132572,8490,success_index1,S_H,gradient_tolerance,,raw_state_verified,run.py:numpy-batch
HiSD,6.309573444801929e-05,0.002,2000000,397,-0.6734375,1.434375,completed,-2.62804576416722,1.786972572911051,9.985893195237103e-07,-3153.3637009907725,238.07431787496077,8490,success_index1,S_H,gradient_tolerance,,raw_state_verified,run.py:numpy-batch
HiSD,6.309573444801929e-05,0.002,2000000,451,-0.7671875,1.4718749999999998,completed,-2.6280457641960746,1.7869725729659842,9.99749568375664e-07,-3153.3637009865174,238.07431794566554,8490,success_index1,S_H,gradient_tolerance,,raw_state_verified,run.py:numpy-batch
HiSD,6.309573444801929e-05,0.002,2000000,251,-0.5421875,1.340625,completed,-2.6280457641678696,1.7869725729106487,9.984065413711613e-07,-3153.363700990517,238.07431787569723,8491,success_index1,S_H,gradient_tolerance,,raw_state_verified,run.py:numpy-batch
HiSD,6.309573444801929e-05,0.002,2000000,280,-0.5703125,1.359375,completed,-2.628045764170965,1.786972572908732,9.975355622448995e-07,-3153.3637009892946,238.07431787920717,8491,success_index1,S_H,gradient_tolerance,,raw_state_verified,run.py:numpy-batch
HiSD,6.309573444801929e-05,0.002,2000000,309,-0.5984375000000001,1.378125,completed,-2.628045764163898,1.7869725729131076,9.99524039227603e-07,-3153.363700992084,238.0743178711935,8491,success_index1,S_H,gradient_tolerance,,raw_state_verified,run.py:numpy-batch
HiSD,6.309573444801929e-05,0.002,2000000,338,-0.6265625,1.3968749999999999,completed,-2.628045764169013,1.78697257290994,9.980847977117364e-07,-3153.363700990065,238.07431787699326,8491,success_index1,S_H,gradient_tolerance,,raw_state_verified,run.py:numpy-batch
HiSD,6.309573444801929e-05,0.002,2000000,424,-0.7203125,1.453125,completed,-2.628045764204772,1.7869725729604182,9.97279607235887e-07,-3153.3637009830672,238.07431795543468,8491,success_index1,S_H,gradient_tolerance,,raw_state_verified,run.py:numpy-batch
HiSD,6.309573444801929e-05,0.002,2000000,223,-0.5046875000000001,1.321875,completed,-2.6280457642054422,1.7869725729599888,9.970890456725976e-07,-3153.3637009828008,238.07431795618646,8492,success_index1,S_H,gradient_tolerance,,raw_state_verified,run.py:numpy-batch
HiSD,6.309573444801929e-05,0.002,2000000,368,-0.6453125000000001,1.415625,completed,-2.6280457641661044,1.7869725729117416,9.98903233183931e-07,-3153.3637009912127,238.07431787369507,8492,success_index1,S_H,gradient_tolerance,,raw_state_verified,run.py:numpy-batch
HiSD,6.309573444801929e-05,0.002,2000000,396,-0.6828125,1.434375,completed,-2.62804576417044,1.7869725729090566,9.97683277966029e-07,-3153.363700989502,238.07431787861185,8492,success_index1,S_H,gradient_tolerance,,raw_state_verified,run.py:numpy-batch
HiSD,6.309573444801929e-05,0.002,2000000,423,-0.7296875,1.453125,completed,-2.628045764166045,1.7869725729117791,9.989199446773043e-07,-3153.3637009912363,238.07431787362816,8492,success_index1,S_H,gradient_tolerance,,raw_state_verified,run.py:numpy-batch
HiSD,6.309573444801929e-05,0.002,2000000,450,-0.7765625,1.4718749999999998,completed,-2.6280457642003077,1.786972572963275,9.98547378058717e-07,-3153.3637009848376,238.0743179504201,8492,success_index1,S_H,gradient_tolerance,,raw_state_verified,run.py:numpy-batch
HiSD,6.309573444801929e-05,0.002,2000000,222,-0.5140625000000001,1.321875,completed,-2.628045764171352,1.7869725729084918,9.974266727915889e-07,-3153.3637009891427,238.07431787964606,8493,success_index1,S_H,gradient_tolerance,,raw_state_verified,run.py:numpy-batch
HiSD,6.309573444801929e-05,0.002,2000000,250,-0.5515625000000001,1.340625,completed,-2.6280457641716524,1.7869725729083057,9.973422221831038e-07,-3153.3637009890235,238.0743178799866,8493,success_index1,S_H,gradient_tolerance,,raw_state_verified,run.py:numpy-batch
HiSD,6.309573444801929e-05,0.002,2000000,279,-0.5796875,1.359375,completed,-2.628045764172026,1.786972572908074,9.972371659330474e-07,-3153.3637009888753,238.07431788040978,8493,success_index1,S_H,gradient_tolerance,,raw_state_verified,run.py:numpy-batch
HiSD,6.309573444801929e-05,0.002,2000000,308,-0.6078125000000001,1.378125,completed,-2.628045764164387,1.7869725729128052,9.993864334222744e-07,-3153.363700991891,238.0743178717481,8493,success_index1,S_H,gradient_tolerance,,raw_state_verified,run.py:numpy-batch
HiSD,6.309573444801929e-05,0.002,2000000,337,-0.6359375,1.3968749999999999,completed,-2.628045764166354,1.7869725729115875,9.988329691911422e-07,-3153.3637009911145,238.07431787397903,8493,success_index1,S_H,gradient_tolerance,,raw_state_verified,run.py:numpy-batch
HiSD,6.309573444801929e-05,0.002,2000000,221,-0.5234375,1.321875,completed,-2.628045764200659,1.7869725729630503,9.984475263997145e-07,-3153.3637009846984,238.07431795081536,8494,success_index1,S_H,gradient_tolerance,,raw_state_verified,run.py:numpy-batch
HiSD,6.309573444801929e-05,0.002,2000000,249,-0.5609375000000001,1.340625,completed,-2.6280457641961745,1.7869725729659207,9.997213098845777e-07,-3153.363700986477,238.07431794577818,8494,success_index1,S_H,gradient_tolerance,,raw_state_verified,run.py:numpy-batch
HiSD,6.309573444801929e-05,0.002,2000000,367,-0.6546875000000001,1.415625,completed,-2.628045764167168,1.7869725729110832,9.986039611998667e-07,-3153.3637009907934,238.07431787490154,8494,success_index1,S_H,gradient_tolerance,,raw_state_verified,run.py:numpy-batch
HiSD,6.309573444801929e-05,0.002,2000000,395,-0.6921875000000001,1.434375,completed,-2.6280457641714072,1.7869725729084578,9.97411154500884e-07,-3153.363700989121,238.0743178797086,8494,success_index1,S_H,gradient_tolerance,,raw_state_verified,run.py:numpy-batch
HiSD,6.309573444801929e-05,0.002,2000000,449,-0.7859375000000001,1.4718749999999998,completed,-2.628045764204078,1.7869725729608619,9.9747651473183e-07,-3153.363700983343,238.07431795465416,8494,success_index1,S_H,gradient_tolerance,,raw_state_verified,run.py:numpy-batch
HiSD,6.309573444801929e-05,0.002,2000000,220,-0.5328125000000001,1.321875,completed,-2.628045764162322,1.786972572914084,9.999675176987295e-07,-3153.363700992706,238.07431786940631,8495,success_index1,S_H,gradient_tolerance,,raw_state_verified,run.py:numpy-batch
HiSD,6.309573444801929e-05,0.002,2000000,278,-0.5890625,1.359375,completed,-2.628045764171432,1.7869725729084422,9.974041550390276e-07,-3153.363700989111,238.07431787973672,8495,success_index1,S_H,gradient_tolerance,,raw_state_verified,run.py:numpy-batch
HiSD,6.309573444801929e-05,0.002,2000000,307,-0.6171875,1.378125,completed,-2.6280457641637294,1.7869725729132122,9.99571474553107e-07,-3153.3637009921504,238.07431787100248,8495,success_index1,S_H,gradient_tolerance,,raw_state_verified,run.py:numpy-batch
HiSD,6.309573444801929e-05,0.002,2000000,422,-0.7390625000000001,1.453125,completed,-2.628045764204389,1.7869725729606638,9.973885470481202e-07,-3153.363700983219,238.07431795500491,8495,success_index1,S_H,gradient_tolerance,,raw_state_verified,run.py:numpy-batch
HiSD,6.309573444801929e-05,0.002,2000000,248,-0.5703125,1.340625,completed,-2.6280457641968646,1.7869725729654784,9.995251132922213e-07,-3153.363700986203,238.07431794655375,8496,success_index1,S_H,gradient_tolerance,,raw_state_verified,run.py:numpy-batch
HiSD,6.309573444801929e-05,0.002,2000000,336,-0.6453125000000001,1.3968749999999999,completed,-2.6280457641978607,1.7869725729648411,9.992423076358259e-07,-3153.3637009858094,238.0743179476717,8496,success_index1,S_H,gradient_tolerance,,raw_state_verified,run.py:numpy-batch
HiSD,6.309573444801929e-05,0.002,2000000,366,-0.6640625,1.415625,completed,-2.628045764167109,1.7869725729111194,9.986206189732185e-07,-3153.363700990816,238.074317874834,8496,success_index1,S_H,gradient_tolerance,,raw_state_verified,run.py:numpy-batch
HiSD,6.309573444801929e-05,0.002,2000000,394,-0.7015625000000001,1.434375,completed,-2.628045764169737,1.7869725729094919,9.978810960234739e-07,-3153.3637009897793,238.0743178778148,8496,success_index1,S_H,gradient_tolerance,,raw_state_verified,run.py:numpy-batch
HiSD,6.309573444801929e-05,0.002,2000000,219,-0.5421875,1.321875,completed,-2.628045764165835,1.7869725729119088,9.989790400522178e-07,-3153.363700991319,238.0743178733897,8497,success_index1,S_H,gradient_tolerance,,raw_state_verified,run.py:numpy-batch
HiSD,6.309573444801929e-05,0.002,2000000,277,-0.5984375000000001,1.359375,completed,-2.6280457641691055,1.7869725729098833,9.98058721213566e-07,-3153.3637009900285,238.0743178770989,8497,success_index1,S_H,gradient_tolerance,,raw_state_verified,run.py:numpy-batch
HiSD,6.309573444801929e-05,0.002,2000000,421,-0.7484375000000001,1.453125,completed,-2.6280457641726094,1.7869725729077128,9.970729052800442e-07,-3153.363700988645,238.07431788107124,8497,success_index1,S_H,gradient_tolerance,,raw_state_verified,run.py:numpy-batch
HiSD,6.309573444801929e-05,0.002,2000000,448,-0.7953125000000001,1.4718749999999998,completed,-2.628045764167135,1.7869725729111037,9.986132106961553e-07,-3153.3637009908066,238.0743178748646,8497,success_index1,S_H,gradient_tolerance,,raw_state_verified,run.py:numpy-batch
HiSD,6.309573444801929e-05,0.002,2000000,247,-0.5796875,1.340625,completed,-2.6280457641958086,1.7869725729661547,9.998252528757227e-07,-3153.363700986623,238.07431794536717,8498,success_index1,S_H,gradient_tolerance,,raw_state_verified,run.py:numpy-batch
HiSD,6.309573444801929e-05,0.002,2000000,306,-0.6265625,1.378125,completed,-2.6280457642053423,1.7869725729600532,9.971176023857802e-07,-3153.36370098284,238.07431795607485,8498,success_index1,S_H,gradient_tolerance,,raw_state_verified,run.py:numpy-batch
HiSD,6.309573444801929e-05,0.002,2000000,365,-0.6734375,1.415625,completed,-2.6280457641656088,1.7869725729120485,9.99042706617546e-07,-3153.363700991409,238.07431787313334,8498,success_index1,S_H,gradient_tolerance,,raw_state_verified,run.py:numpy-batch
HiSD,6.309573444801929e-05,0.002,2000000,393,-0.7109375,1.434375,completed,-2.628045764165187,1.7869725729123098,9.99161380142194e-07,-3153.3637009915747,238.0743178726546,8498,success_index1,S_H,gradient_tolerance,,raw_state_verified,run.py:numpy-batch
HiSD,6.309573444801929e-05,0.002,2000000,218,-0.5515625000000001,1.321875,completed,-2.6280457641674793,1.7869725729108905,9.985163172367701e-07,-3153.3637009906697,238.07431787525454,8499,success_index1,S_H,gradient_tolerance,,raw_state_verified,run.py:numpy-batch
HiSD,6.309573444801929e-05,0.002,2000000,276,-0.6078125000000001,1.359375,completed,-2.6280457641649204,1.7869725729124746,9.992363975740227e-07,-3153.36370099168,238.0743178723524,8499,success_index1,S_H,gradient_tolerance,,raw_state_verified,run.py:numpy-batch
HiSD,6.309573444801929e-05,0.002,2000000,190,-0.5140625000000001,1.3031249999999999,completed,-2.6280457641962225,1.7869725729658898,9.997076327782684e-07,-3153.3637009864588,238.07431794583172,8500,success_index1,S_H,gradient_tolerance,,raw_state_verified,run.py:numpy-batch
HiSD,6.309573444801929e-05,0.002,2000000,191,-0.5046875000000001,1.3031249999999999,completed,-2.628045764203742,1.7869725729610775,9.97572185704737e-07,-3153.3637009834747,238.07431795427738,8500,success_index1,S_H,gradient_tolerance,,raw_state_verified,run.py:numpy-batch
HiSD,6.309573444801929e-05,0.002,2000000,305,-0.6359375,1.378125,completed,-2.628045764201585,1.786972572962458,9.981846642919997e-07,-3153.3637009843314,238.07431795185485,8500,success_index1,S_H,gradient_tolerance,,raw_state_verified,run.py:numpy-batch
HiSD,6.309573444801929e-05,0.002,2000000,364,-0.6828125,1.415625,completed,-2.628045764162213,1.786972572914152,9.99998200762182e-07,-3153.3637009927497,238.0743178692825,8500,success_index1,S_H,gradient_tolerance,,raw_state_verified,run.py:numpy-batch
HiSD,6.309573444801929e-05,0.002,2000000,217,-0.5609375000000001,1.321875,completed,-2.628045764167283,1.7869725729110126,9.985715012423996e-07,-3153.363700990748,238.07431787503202,8501,success_index1,S_H,gradient_tolerance,,raw_state_verified,run.py:numpy-batch
HiSD,6.309573444801929e-05,0.002,2000000,246,-0.5890625,1.340625,completed,-2.628045764170542,1.7869725729089934,9.976545771050082e-07,-3153.363700989462,238.0743178787273,8501,success_index1,S_H,gradient_tolerance,,raw_state_verified,run.py:numpy-batch
HiSD,6.309573444801929e-05,0.002,2000000,392,-0.7203125,1.434375,completed,-2.628045764201756,1.7869725729623485,9.981361651627576e-07,-3153.3637009842632,238.07431795204704,8501,success_index1,S_H,gradient_tolerance,,raw_state_verified,run.py:numpy-batch
HiSD,6.309573444801929e-05,0.002,2000000,420,-0.7578125,1.453125,completed,-2.6280457641717545,1.786972572908242,9.973135308209968e-07,-3153.3637009889826,238.07431788010217,8501,success_index1,S_H,gradient_tolerance,,raw_state_verified,run.py:numpy-batch
HiSD,6.309573444801929e-05,0.002,2000000,189,-0.5234375,1.3031249999999999,completed,-2.6280457642052903,1.7869725729600863,9.971322794931447e-07,-3153.3637009828612,238.0743179560164,8502,success_index1,S_H,gradient_tolerance,,raw_state_verified,run.py:numpy-batch
HiSD,6.309573444801929e-05,0.002,2000000,275,-0.6171875,1.359375,completed,-2.6280457642024513,1.7869725729619037,9.979388069152527e-07,-3153.3637009839877,238.07431795282793,8502,success_index1,S_H,gradient_tolerance,,raw_state_verified,run.py:numpy-batch
HiSD,6.309573444801929e-05,0.002,2000000,304,-0.6453125000000001,1.378125,completed,-2.6280457641955195,1.78697257296634,9.999074361975501e-07,-3153.363700986737,238.07431794504276,8502,success_index1,S_H,gradient_tolerance,,raw_state_verified,run.py:numpy-batch
HiSD,6.309573444801929e-05,0.002,2000000,188,-0.5328125000000001,1.3031249999999999,completed,-2.628045764167285,1.7869725729110106,9.985709705237118e-07,-3153.363700990747,238.0743178750347,8503,success_index1,S_H,gradient_tolerance,,raw_state_verified,run.py:numpy-batch
HiSD,6.309573444801929e-05,0.002,2000000,216,-0.5703125,1.321875,completed,-2.6280457641651522,1.7869725729123314,9.991711636036797e-07,-3153.3637009915883,238.07431787261555,8503,success_index1,S_H,gradient_tolerance,,raw_state_verified,run.py:numpy-batch
HiSD,6.309573444801929e-05,0.002,2000000,245,-0.5984375000000001,1.340625,completed,-2.6280457641652455,1.7869725729122743,9.991448106691014e-07,-3153.3637009915515,238.07431787272196,8503,success_index1,S_H,gradient_tolerance,,raw_state_verified,run.py:numpy-batch
HiSD,6.309573444801929e-05,0.002,2000000,335,-0.6546875000000001,1.3968749999999999,completed,-2.6280457642040336,1.7869725729608907,9.974892311406045e-07,-3153.36370098336,238.0743179546052,8503,success_index1,S_H,gradient_tolerance,,raw_state_verified,run.py:numpy-batch
HiSD,6.309573444801929e-05,0.002,2000000,363,-0.6921875000000001,1.415625,completed,-2.628045764200196,1.7869725729633466,9.985790431972799e-07,-3153.363700984882,238.07431795029467,8503,success_index1,S_H,gradient_tolerance,,raw_state_verified,run.py:numpy-batch
HiSD,6.309573444801929e-05,0.002,2000000,391,-0.7296875,1.434375,completed,-2.628045764171628,1.7869725729083215,9.973490473168866e-07,-3153.3637009890326,238.07431787995924,8504,success_index1,S_H,gradient_tolerance,,raw_state_verified,run.py:numpy-batch
HiSD,6.309573444801929e-05,0.002,2000000,419,-0.7671875,1.453125,completed,-2.6280457641988044,1.7869725729642374,9.989743839881118e-07,-3153.3637009854347,238.07431794873253,8504,success_index1,S_H,gradient_tolerance,,raw_state_verified,run.py:numpy-batch
HiSD,6.309573444801929e-05,0.002,2000000,187,-0.5421875,1.3031249999999999,completed,-2.628045764169734,1.7869725729094936,9.978820265043948e-07,-3153.363700989781,238.07431787781113,8505,success_index1,S_H,gradient_tolerance,,raw_state_verified,run.py:numpy-batch
HiSD,6.309573444801929e-05,0.002,2000000,274,-0.6265625,1.359375,completed,-2.628045764172396,1.7869725729078452,9.97132888428712e-07,-3153.3637009887298,238.0743178808299,8505,success_index1,S_H,gradient_tolerance,,raw_state_verified,run.py:numpy-batch
HiSD,6.309573444801929e-05,0.002,2000000,303,-0.6546875000000001,1.378125,completed,-2.6280457641639323,1.7869725729130865,9.995144168835868e-07,-3153.36370099207,238.07431787123207,8505,success_index1,S_H,gradient_tolerance,,raw_state_verified,run.py:numpy-batch
HiSD,6.309573444801929e-05,0.002,2000000,215,-0.5796875,1.321875,completed,-2.628045764204571,1.786972572960547,9.97336761219926e-07,-3153.3637009831473,238.07431795520847,8506,success_index1,S_H,gradient_tolerance,,raw_state_verified,run.py:numpy-batch
HiSD,6.309573444801929e-05,0.002,2000000,244,-0.6078125000000001,1.340625,completed,-2.628045764201068,1.7869725729627883,9.98331402713051e-07,-3153.363700984536,238.07431795127331,8506,success_index1,S_H,gradient_tolerance,,raw_state_verified,run.py:numpy-batch
HiSD,6.309573444801929e-05,0.002,2000000,362,-0.7015625000000001,1.415625,completed,-2.6280457641697237,1.7869725729094996,9.978849609443855e-07,-3153.363700989785,238.07431787779888,8506,success_index1,S_H,gradient_tolerance,,raw_state_verified,run.py:numpy-batch
HiSD,6.309573444801929e-05,0.002,2000000,390,-0.7390625000000001,1.434375,completed,-2.6280457641651767,1.7869725729123163,9.991642437321387e-07,-3153.3637009915788,238.07431787264304,8506,success_index1,S_H,gradient_tolerance,,raw_state_verified,run.py:numpy-batch
HiSD,6.309573444801929e-05,0.002,2000000,186,-0.5515625000000001,1.3031249999999999,completed,-2.628045764169445,1.7869725729096726,9.9796337530578e-07,-3153.363700989894,238.07431787748308,8507,success_index1,S_H,gradient_tolerance,,raw_state_verified,run.py:numpy-batch
HiSD,6.309573444801929e-05,0.002,2000000,273,-0.6359375,1.359375,completed,-2.6280457641622936,1.7869725729141022,9.999753963890048e-07,-3153.363700992717,238.07431786937448,8507,success_index1,S_H,gradient_tolerance,,raw_state_verified,run.py:numpy-batch
HiSD,6.309573444801929e-05,0.002,2000000,418,-0.7765625,1.453125,completed,-2.6280457641626165,1.7869725729139017,9.998845924405613e-07,-3153.363700992589,238.07431786974038,8507,success_index1,S_H,gradient_tolerance,,raw_state_verified,run.py:numpy-batch
HiSD,6.309573444801929e-05,0.002,2000000,214,-0.5890625,1.321875,completed,-2.6280457641982684,1.786972572964581,9.99126796694708e-07,-3153.363700985647,238.07431794813033,8508,success_index1,S_H,gradient_tolerance,,raw_state_verified,run.py:numpy-batch
HiSD,6.309573444801929e-05,0.002,2000000,334,-0.6640625,1.3968749999999999,completed,-2.6280457641728443,1.7869725729075678,9.97006750927306e-07,-3153.3637009885533,238.07431788133832,8508,success_index1,S_H,gradient_tolerance,,raw_state_verified,run.py:numpy-batch
HiSD,6.309573444801929e-05,0.002,2000000,185,-0.5609375000000001,1.3031249999999999,completed,-2.628045764166561,1.7869725729114587,9.987748145829257e-07,-3153.363700991032,238.07431787421274,8509,success_index1,S_H,gradient_tolerance,,raw_state_verified,run.py:numpy-batch
HiSD,6.309573444801929e-05,0.002,2000000,243,-0.6171875,1.340625,completed,-2.6280457641686654,1.786972572910156,9.981825467481813e-07,-3153.3637009902022,238.0743178765995,8509,success_index1,S_H,gradient_tolerance,,raw_state_verified,run.py:numpy-batch
HiSD,6.309573444801929e-05,0.002,2000000,302,-0.6640625,1.378125,completed,-2.6280457641725907,1.7869725729077246,9.97078177606742e-07,-3153.3637009886525,238.07431788105035,8509,success_index1,S_H,gradient_tolerance,,raw_state_verified,run.py:numpy-batch
HiSD,6.309573444801929e-05,0.002,2000000,333,-0.6734375,1.3968749999999999,completed,-2.6280457641962007,1.786972572965904,9.9971399056629e-07,-3153.363700986468,238.0743179458076,8509,success_index1,S_H,gradient_tolerance,,raw_state_verified,run.py:numpy-batch
HiSD,6.309573444801929e-05,0.002,2000000,361,-0.7109375,1.415625,completed,-2.6280457642017225,1.7869725729623693,9.981454241194863e-07,-3153.363700984278,238.07431795200918,8509,success_index1,S_H,gradient_tolerance,,raw_state_verified,run.py:numpy-batch
HiSD,6.309573444801929e-05,0.002,2000000,389,-0.7484375000000001,1.434375,completed,-2.6280457642009445,1.7869725729628676,9.983665575225702e-07,-3153.363700984586,238.07431795113558,8509,success_index1,S_H,gradient_tolerance,,raw_state_verified,run.py:numpy-batch
HiSD,6.309573444801929e-05,0.002,2000000,213,-0.5984375000000001,1.321875,completed,-2.6280457641673673,1.7869725729109598,9.985478249597268e-07,-3153.363700990715,238.07431787512766,8511,success_index1,S_H,gradient_tolerance,,raw_state_verified,run.py:numpy-batch
HiSD,6.309573444801929e-05,0.002,2000000,272,-0.6453125000000001,1.359375,completed,-2.628045764171417,1.7869725729084516,9.97408414028983e-07,-3153.3637009891168,238.07431787971962,8511,success_index1,S_H,gradient_tolerance,,raw_state_verified,run.py:numpy-batch
HiSD,6.309573444801929e-05,0.002,2000000,417,-0.7859375000000001,1.453125,completed,-2.6280457641709902,1.786972572908716,9.975284211568682e-07,-3153.363700989285,238.0743178792357,8511,success_index1,S_H,gradient_tolerance,,raw_state_verified,run.py:numpy-batch
HiSD,6.309573444801929e-05,0.002,2000000,157,-0.5234375,1.284375,completed,-2.6280457641963992,1.7869725729657766,9.996574370842247e-07,-3153.363700986388,238.07431794603073,8512,success_index1,S_H,gradient_tolerance,,raw_state_verified,run.py:numpy-batch
HiSD,6.309573444801929e-05,0.002,2000000,158,-0.5140625000000001,1.284375,completed,-2.628045764197787,1.7869725729648882,9.992631840967693e-07,-3153.3637009858385,238.07431794758907,8512,success_index1,S_H,gradient_tolerance,,raw_state_verified,run.py:numpy-batch
HiSD,6.309573444801929e-05,0.002,2000000,184,-0.5703125,1.3031249999999999,completed,-2.6280457642046455,1.7869725729604988,9.973154197244121e-07,-3153.3637009831164,238.07431795529217,8512,success_index1,S_H,gradient_tolerance,,raw_state_verified,run.py:numpy-batch
HiSD,6.309573444801929e-05,0.002,2000000,242,-0.6265625,1.340625,completed,-2.6280457641990087,1.7869725729641068,9.9891635947187e-07,-3153.3637009853524,238.07431794896178,8512,success_index1,S_H,gradient_tolerance,,raw_state_verified,run.py:numpy-batch
HiSD,6.309573444801929e-05,0.002,2000000,301,-0.6734375,1.378125,completed,-2.6280457642002975,1.7869725729632815,9.985501763157355e-07,-3153.3637009848417,238.07431795040847,8512,success_index1,S_H,gradient_tolerance,,raw_state_verified,run.py:numpy-batch
HiSD,6.309573444801929e-05,0.002,2000000,332,-0.6828125,1.3968749999999999,completed,-2.6280457641698693,1.78697257290941,9.978439235308775e-07,-3153.3637009897266,238.07431787796477,8512,success_index1,S_H,gradient_tolerance,,raw_state_verified,run.py:numpy-batch
HiSD,6.309573444801929e-05,0.002,2000000,360,-0.7203125,1.415625,completed,-2.6280457641649164,1.7869725729124777,9.99237444837753e-07,-3153.363700991682,238.0743178723486,8512,success_index1,S_H,gradient_tolerance,,raw_state_verified,run.py:numpy-batch
HiSD,6.309573444801929e-05,0.002,2000000,156,-0.5328125000000001,1.284375,completed,-2.6280457641640975,1.7869725729129846,9.994678583085601e-07,-3153.3637009920044,238.07431787141925,8513,success_index1,S_H,gradient_tolerance,,raw_state_verified,run.py:numpy-batch
HiSD,6.309573444801929e-05,0.002,2000000,159,-0.5046875000000001,1.284375,completed,-2.6280457641640975,1.7869725729129846,9.994678583085601e-07,-3153.3637009920044,238.07431787141925,8513,success_index1,S_H,gradient_tolerance,,raw_state_verified,run.py:numpy-batch
HiSD,6.309573444801929e-05,0.002,2000000,183,-0.5796875,1.3031249999999999,completed,-2.6280457641966697,1.7869725729656034,9.995806318234076e-07,-3153.3637009862814,238.07431794633393,8514,success_index1,S_H,gradient_tolerance,,raw_state_verified,run.py:numpy-batch
HiSD,6.309573444801929e-05,0.002,2000000,212,-0.6078125000000001,1.321875,completed,-2.6280457641993498,1.7869725729638883,9.988194708490463e-07,-3153.3637009852173,238.07431794934422,8514,success_index1,S_H,gradient_tolerance,,raw_state_verified,run.py:numpy-batch
HiSD,6.309573444801929e-05,0.002,2000000,271,-0.6546875000000001,1.359375,completed,-2.6280457641998964,1.7869725729635384,9.986641113580089e-07,-3153.3637009850013,238.0743179499584,8514,success_index1,S_H,gradient_tolerance,,raw_state_verified,run.py:numpy-batch
HiSD,6.309573444801929e-05,0.002,2000000,388,-0.7578125,1.434375,completed,-2.6280457641715262,1.7869725729083838,9.973776559691212e-07,-3153.3637009890726,238.07431787984353,8514,success_index1,S_H,gradient_tolerance,,raw_state_verified,run.py:numpy-batch
HiSD,6.309573444801929e-05,0.002,2000000,416,-0.7953125000000001,1.453125,completed,-2.6280457642007415,1.7869725729629977,9.984243012306428e-07,-3153.3637009846652,238.07431795090721,8514,success_index1,S_H,gradient_tolerance,,raw_state_verified,run.py:numpy-batch
HiSD,6.309573444801929e-05,0.002,2000000,155,-0.5421875,1.284375,completed,-2.628045764169115,1.7869725729098769,9.980562663788702e-07,-3153.363700990025,238.07431787710883,8515,success_index1,S_H,gradient_tolerance,,raw_state_verified,run.py:numpy-batch
HiSD,6.309573444801929e-05,0.002,2000000,331,-0.6921875000000001,1.3968749999999999,completed,-2.6280457642037,1.7869725729611048,9.975841975752164e-07,-3153.3637009834915,238.07431795423022,8515,success_index1,S_H,gradient_tolerance,,raw_state_verified,run.py:numpy-batch
HiSD,6.309573444801929e-05,0.002,2000000,241,-0.6359375,1.340625,completed,-2.6280457642041823,1.7869725729607953,9.97446918681399e-07,-3153.3637009833,238.07431795477189,8516,success_index1,S_H,gradient_tolerance,,raw_state_verified,run.py:numpy-batch
HiSD,6.309573444801929e-05,0.002,2000000,300,-0.6828125,1.378125,completed,-2.6280457642027373,1.7869725729617203,9.978573043322348e-07,-3153.363700983874,238.07431795314864,8516,success_index1,S_H,gradient_tolerance,,raw_state_verified,run.py:numpy-batch
HiSD,6.309573444801929e-05,0.002,2000000,359,-0.7296875,1.415625,completed,-2.6280457641687445,1.7869725729101065,9.981603592057228e-07,-3153.363700990171,238.0743178766894,8516,success_index1,S_H,gradient_tolerance,,raw_state_verified,run.py:numpy-batch
HiSD,6.309573444801929e-05,0.002,2000000,154,-0.5515625000000001,1.284375,completed,-2.6280457641690003,1.7869725729099488,9.980883372116189e-07,-3153.363700990071,238.07431787697934,8517,success_index1,S_H,gradient_tolerance,,raw_state_verified,run.py:numpy-batch
HiSD,6.309573444801929e-05,0.002,2000000,182,-0.5890625,1.3031249999999999,completed,-2.628045764163666,1.7869725729132517,9.995893959302864e-07,-3153.363700992176,238.07431787092997,8517,success_index1,S_H,gradient_tolerance,,raw_state_verified,run.py:numpy-batch
HiSD,6.309573444801929e-05,0.002,2000000,211,-0.6171875,1.321875,completed,-2.6280457641625175,1.7869725729139632,9.99912468299471e-07,-3153.3637009926288,238.07431786962835,8517,success_index1,S_H,gradient_tolerance,,raw_state_verified,run.py:numpy-batch
HiSD,6.309573444801929e-05,0.002,2000000,387,-0.7671875,1.434375,completed,-2.628045764172184,1.7869725729079764,9.971925986124588e-07,-3153.3637009888125,238.07431788058963,8517,success_index1,S_H,gradient_tolerance,,raw_state_verified,run.py:numpy-batch
HiSD,6.309573444801929e-05,0.002,2000000,270,-0.6640625,1.359375,completed,-2.6280457642030552,1.7869725729615165,9.977669379387508e-07,-3153.3637009837475,238.07431795350584,8518,success_index1,S_H,gradient_tolerance,,raw_state_verified,run.py:numpy-batch
HiSD,6.309573444801929e-05,0.002,2000000,330,-0.7015625000000001,1.3968749999999999,completed,-2.6280457641672688,1.7869725729110209,9.985755733879426e-07,-3153.3637009907534,238.07431787501596,8518,success_index1,S_H,gradient_tolerance,,raw_state_verified,run.py:numpy-batch
HiSD,6.309573444801929e-05,0.002,2000000,153,-0.5609375000000001,1.284375,completed,-2.6280457641644905,1.7869725729127417,9.99357248004095e-07,-3153.36370099185,238.07431787186565,8519,success_index1,S_H,gradient_tolerance,,raw_state_verified,run.py:numpy-batch
HiSD,6.309573444801929e-05,0.002,2000000,240,-0.6453125000000001,1.340625,completed,-2.6280457641624717,1.7869725729139914,9.999253623204093e-07,-3153.363700992646,238.07431786957562,8519,success_index1,S_H,gradient_tolerance,,raw_state_verified,run.py:numpy-batch
HiSD,6.309573444801929e-05,0.002,2000000,299,-0.6921875000000001,1.378125,completed,-2.6280457641996953,1.786972572963667,9.987212304005752e-07,-3153.36370098508,238.07431794973238,8520,success_index1,S_H,gradient_tolerance,,raw_state_verified,run.py:numpy-batch
HiSD,6.309573444801929e-05,0.002,2000000,358,-0.7390625000000001,1.415625,completed,-2.6280457641703365,1.7869725729091206,9.977123434284146e-07,-3153.363700989542,238.07431787849416,8520,success_index1,S_H,gradient_tolerance,,raw_state_verified,run.py:numpy-batch
HiSD,6.309573444801929e-05,0.002,2000000,181,-0.5984375000000001,1.3031249999999999,completed,-2.628045764171396,1.786972572908464,9.974143209066408e-07,-3153.3637009891236,238.0743178796957,8521,success_index1,S_H,gradient_tolerance,,raw_state_verified,run.py:numpy-batch
HiSD,6.309573444801929e-05,0.002,2000000,210,-0.6265625,1.321875,completed,-2.628045764165854,1.7869725729118966,9.98973703555062e-07,-3153.363700991312,238.0743178734114,8521,success_index1,S_H,gradient_tolerance,,raw_state_verified,run.py:numpy-batch
HiSD,6.309573444801929e-05,0.002,2000000,152,-0.5703125,1.284375,completed,-2.628045764199624,1.7869725729637127,9.987415849731986e-07,-3153.3637009851086,238.07431794965274,8522,success_index1,S_H,gradient_tolerance,,raw_state_verified,run.py:numpy-batch
HiSD,6.309573444801929e-05,0.002,2000000,269,-0.6734375,1.359375,completed,-2.6280457642022506,1.7869725729620316,9.979954470423405e-07,-3153.3637009840677,238.0743179526023,8522,success_index1,S_H,gradient_tolerance,,raw_state_verified,run.py:numpy-batch
HiSD,6.309573444801929e-05,0.002,2000000,329,-0.7109375,1.3968749999999999,completed,-2.6280457641700465,1.7869725729093002,9.977940124961272e-07,-3153.3637009896574,238.0743178781655,8522,success_index1,S_H,gradient_tolerance,,raw_state_verified,run.py:numpy-batch
HiSD,6.309573444801929e-05,0.002,2000000,386,-0.7765625,1.434375,completed,-2.6280457641971,1.786972572965328,9.9945842276399e-07,-3153.36370098611,238.0743179468179,8522,success_index1,S_H,gradient_tolerance,,raw_state_verified,run.py:numpy-batch
HiSD,6.309573444801929e-05,0.002,2000000,180,-0.6078125000000001,1.3031249999999999,completed,-2.628045764197995,1.786972572964755,9.99204104782946e-07,-3153.3637009857557,238.07431794782252,8524,success_index1,S_H,gradient_tolerance,,raw_state_verified,run.py:numpy-batch
HiSD,6.309573444801929e-05,0.002,2000000,239,-0.6546875000000001,1.340625,completed,-2.6280457642043324,1.7869725729606991,9.974042027330231e-07,-3153.363700983242,238.07431795494026,8524,success_index1,S_H,gradient_tolerance,,raw_state_verified,run.py:numpy-batch
HiSD,6.309573444801929e-05,0.002,2000000,357,-0.7484375000000001,1.415625,completed,-2.6280457641709933,1.7869725729087145,9.975275834340802e-07,-3153.363700989284,238.0743178792391,8524,success_index1,S_H,gradient_tolerance,,raw_state_verified,run.py:numpy-batch
HiSD,6.309573444801929e-05,0.002,2000000,151,-0.5796875,1.284375,completed,-2.628045764165264,1.7869725729122623,9.991396206581205e-07,-3153.3637009915446,238.07431787274226,8525,success_index1,S_H,gradient_tolerance,,raw_state_verified,run.py:numpy-batch
HiSD,6.309573444801929e-05,0.002,2000000,209,-0.6359375,1.321875,completed,-2.628045764165126,1.7869725729123476,9.991785112333612e-07,-3153.363700991599,238.07431787258588,8525,success_index1,S_H,gradient_tolerance,,raw_state_verified,run.py:numpy-batch
HiSD,6.309573444801929e-05,0.002,2000000,298,-0.7015625000000001,1.378125,completed,-2.628045764166908,1.786972572911244,9.98677010238598e-07,-3153.3637009908953,238.07431787460663,8525,success_index1,S_H,gradient_tolerance,,raw_state_verified,run.py:numpy-batch
HiSD,6.309573444801929e-05,0.002,2000000,268,-0.6828125,1.359375,completed,-2.6280457641965795,1.7869725729656614,9.996062767328711e-07,-3153.363700986316,238.07431794623346,8526,success_index1,S_H,gradient_tolerance,,raw_state_verified,run.py:numpy-batch
HiSD,6.309573444801929e-05,0.002,2000000,328,-0.7203125,1.3968749999999999,completed,-2.6280457641686494,1.7869725729101658,9.981870419562599e-07,-3153.3637009902086,238.07431787658163,8526,success_index1,S_H,gradient_tolerance,,raw_state_verified,run.py:numpy-batch
HiSD,6.309573444801929e-05,0.002,2000000,179,-0.6171875,1.3031249999999999,completed,-2.6280457641987987,1.7869725729642414,9.989762084079315e-07,-3153.3637009854374,238.07431794872556,8528,success_index1,S_H,gradient_tolerance,,raw_state_verified,run.py:numpy-batch
HiSD,6.309573444801929e-05,0.002,2000000,238,-0.6640625,1.340625,completed,-2.6280457641985424,1.7869725729644048,9.990487397002286e-07,-3153.363700985538,238.07431794843777,8528,success_index1,S_H,gradient_tolerance,,raw_state_verified,run.py:numpy-batch
HiSD,6.309573444801929e-05,0.002,2000000,356,-0.7578125,1.415625,completed,-2.6280457641703636,1.786972572909104,9.977048105834698e-07,-3153.363700989533,238.07431787852477,8528,success_index1,S_H,gradient_tolerance,,raw_state_verified,run.py:numpy-batch
HiSD,6.309573444801929e-05,0.002,2000000,385,-0.7859375000000001,1.434375,completed,-2.6280457642014494,1.786972572962545,9.982233575811664e-07,-3153.363700984385,238.07431795170302,8528,success_index1,S_H,gradient_tolerance,,raw_state_verified,run.py:numpy-batch
HiSD,6.309573444801929e-05,0.002,2000000,150,-0.5890625,1.284375,completed,-2.6280457641706105,1.786972572908951,9.976352843816318e-07,-3153.363700989435,238.07431787880515,8529,success_index1,S_H,gradient_tolerance,,raw_state_verified,run.py:numpy-batch
HiSD,6.309573444801929e-05,0.002,2000000,123,-0.5421875,1.265625,completed,-2.6280457642023762,1.7869725729619512,9.979598660910642e-07,-3153.3637009840177,238.07431795274323,8530,success_index1,S_H,gradient_tolerance,,raw_state_verified,run.py:numpy-batch
HiSD,6.309573444801929e-05,0.002,2000000,124,-0.5328125000000001,1.265625,completed,-2.6280457642038293,1.7869725729610215,9.975472747257742e-07,-3153.363700983442,238.07431795437572,8530,success_index1,S_H,gradient_tolerance,,raw_state_verified,run.py:numpy-batch
HiSD,6.309573444801929e-05,0.002,2000000,208,-0.6453125000000001,1.321875,completed,-2.628045764203449,1.7869725729612644,9.976551355372912e-07,-3153.363700983591,238.07431795394882,8530,success_index1,S_H,gradient_tolerance,,raw_state_verified,run.py:numpy-batch
HiSD,6.309573444801929e-05,0.002,2000000,297,-0.7109375,1.378125,completed,-2.628045764202205,1.7869725729620611,9.980086852685756e-07,-3153.363700984085,238.0743179525509,8530,success_index1,S_H,gradient_tolerance,,raw_state_verified,run.py:numpy-batch
HiSD,6.309573444801929e-05,0.002,2000000,327,-0.7296875,1.3968749999999999,completed,-2.6280457641629424,1.7869725729137003,9.99792814740886e-07,-3153.3637009924605,238.07431787011,8530,success_index1,S_H,gradient_tolerance,,raw_state_verified,run.py:numpy-batch
HiSD,6.309573444801929e-05,0.002,2000000,122,-0.5515625000000001,1.265625,completed,-2.628045764166719,1.786972572911361,9.987302661125863e-07,-3153.36370099097,238.07431787439248,8531,success_index1,S_H,gradient_tolerance,,raw_state_verified,run.py:numpy-batch
HiSD,6.309573444801929e-05,0.002,2000000,125,-0.5234375,1.265625,completed,-2.628045764165241,1.7869725729122767,9.991461102843999e-07,-3153.3637009915533,238.0743178727165,8531,success_index1,S_H,gradient_tolerance,,raw_state_verified,run.py:numpy-batch
HiSD,6.309573444801929e-05,0.002,2000000,267,-0.6921875000000001,1.359375,completed,-2.628045764162645,1.786972572913884,9.998766096179138e-07,-3153.3637009925774,238.07431786977284,8531,success_index1,S_H,gradient_tolerance,,raw_state_verified,run.py:numpy-batch
HiSD,6.309573444801929e-05,0.002,2000000,178,-0.6265625,1.3031249999999999,completed,-2.6280457641955532,1.7869725729663184,9.998978547922625e-07,-3153.3637009867243,238.07431794508017,8532,success_index1,S_H,gradient_tolerance,,raw_state_verified,run.py:numpy-batch
HiSD,6.309573444801929e-05,0.002,2000000,121,-0.5609375000000001,1.265625,completed,-2.628045764165443,1.7869725729121515,9.990892806728476e-07,-3153.3637009914746,238.0743178729455,8533,success_index1,S_H,gradient_tolerance,,raw_state_verified,run.py:numpy-batch
HiSD,6.309573444801929e-05,0.002,2000000,149,-0.5984375000000001,1.284375,completed,-2.6280457641718966,1.7869725729081545,9.972734875952808e-07,-3153.3637009889276,238.07431788026307,8533,success_index1,S_H,gradient_tolerance,,raw_state_verified,run.py:numpy-batch
HiSD,6.309573444801929e-05,0.002,2000000,237,-0.6734375,1.340625,completed,-2.628045764165898,1.7869725729118697,9.989612435853961e-07,-3153.3637009912945,238.07431787346124,8533,success_index1,S_H,gradient_tolerance,,raw_state_verified,run.py:numpy-batch
HiSD,6.309573444801929e-05,0.002,2000000,355,-0.7671875,1.415625,completed,-2.628045764202374,1.7869725729619528,9.979606011788137e-07,-3153.363700984018,238.07431795274098,8533,success_index1,S_H,gradient_tolerance,,raw_state_verified,run.py:numpy-batch
HiSD,6.309573444801929e-05,0.002,2000000,384,-0.7953125000000001,1.434375,completed,-2.628045764205008,1.7869725729602675,9.972126828246493e-07,-3153.363700982973,238.07431795569985,8534,success_index1,S_H,gradient_tolerance,,raw_state_verified,run.py:numpy-batch
HiSD,6.309573444801929e-05,0.002,2000000,207,-0.6546875000000001,1.321875,completed,-2.6280457641710653,1.7869725729086692,9.975073720084013e-07,-3153.363700989255,238.07431787932072,8535,success_index1,S_H,gradient_tolerance,,raw_state_verified,run.py:numpy-batch
HiSD,6.309573444801929e-05,0.002,2000000,326,-0.7390625000000001,1.3968749999999999,completed,-2.628045764196692,1.7869725729655896,9.995745230048263e-07,-3153.3637009862723,238.07431794635946,8535,success_index1,S_H,gradient_tolerance,,raw_state_verified,run.py:numpy-batch
HiSD,6.309573444801929e-05,0.002,2000000,120,-0.5703125,1.265625,completed,-2.628045764200277,1.7869725729632955,9.985562620421916e-07,-3153.3637009848508,238.0743179503861,8536,success_index1,S_H,gradient_tolerance,,raw_state_verified,run.py:numpy-batch
HiSD,6.309573444801929e-05,0.002,2000000,126,-0.5140625000000001,1.265625,completed,-2.6280457642041966,1.7869725729607862,9.97442788849885e-07,-3153.363700983295,238.07431795478772,8536,success_index1,S_H,gradient_tolerance,,raw_state_verified,run.py:numpy-batch
HiSD,6.309573444801929e-05,0.002,2000000,296,-0.7203125,1.378125,completed,-2.628045764201438,1.786972572962552,9.982264366600951e-07,-3153.3637009843887,238.07431795168986,8536,success_index1,S_H,gradient_tolerance,,raw_state_verified,run.py:numpy-batch
HiSD,6.309573444801929e-05,0.002,2000000,148,-0.6078125000000001,1.284375,completed,-2.6280457641689092,1.7869725729100048,9.981139741706152e-07,-3153.363700990106,238.0743178768762,8537,success_index1,S_H,gradient_tolerance,,raw_state_verified,run.py:numpy-batch
HiSD,6.309573444801929e-05,0.002,2000000,177,-0.6359375,1.3031249999999999,completed,-2.628045764165204,1.7869725729122994,9.991565246867901e-07,-3153.363700991569,238.07431787267438,8537,success_index1,S_H,gradient_tolerance,,raw_state_verified,run.py:numpy-batch
HiSD,6.309573444801929e-05,0.002,2000000,266,-0.7015625000000001,1.359375,completed,-2.628045764165848,1.7869725729119008,9.989752827291925e-07,-3153.363700991314,238.07431787340496,8537,success_index1,S_H,gradient_tolerance,,raw_state_verified,run.py:numpy-batch
HiSD,6.309573444801929e-05,0.002,2000000,119,-0.5796875,1.265625,completed,-2.628045764162849,1.786972572913758,9.998191164237247e-07,-3153.363700992497,238.07431787000414,8539,success_index1,S_H,gradient_tolerance,,raw_state_verified,run.py:numpy-batch
HiSD,6.309573444801929e-05,0.002,2000000,236,-0.6828125,1.340625,completed,-2.6280457641712487,1.7869725729085557,9.974557624867865e-07,-3153.363700989182,238.0743178795288,8539,success_index1,S_H,gradient_tolerance,,raw_state_verified,run.py:numpy-batch
HiSD,6.309573444801929e-05,0.002,2000000,206,-0.6640625,1.321875,completed,-2.6280457641985424,1.7869725729644048,9.990487397002286e-07,-3153.363700985538,238.07431794843777,8540,success_index1,S_H,gradient_tolerance,,raw_state_verified,run.py:numpy-batch
HiSD,6.309573444801929e-05,0.002,2000000,354,-0.7765625,1.415625,completed,-2.6280457641651367,1.786972572912341,9.991755533938325e-07,-3153.3637009915956,238.07431787259807,8540,success_index1,S_H,gradient_tolerance,,raw_state_verified,run.py:numpy-batch
HiSD,6.309573444801929e-05,0.002,2000000,325,-0.7484375000000001,1.3968749999999999,completed,-2.6280457642037334,1.786972572961083,9.97574597548386e-07,-3153.363700983479,238.07431795426822,8541,success_index1,S_H,gradient_tolerance,,raw_state_verified,run.py:numpy-batch
HiSD,6.309573444801929e-05,0.002,2000000,147,-0.6171875,1.284375,completed,-2.628045764204613,1.7869725729605197,9.973245881134414e-07,-3153.363700983129,238.074317955256,8542,success_index1,S_H,gradient_tolerance,,raw_state_verified,run.py:numpy-batch
HiSD,6.309573444801929e-05,0.002,2000000,118,-0.5890625,1.265625,completed,-2.628045764162815,1.7869725729137784,9.998288142096727e-07,-3153.3637009925105,238.07431786996565,8543,success_index1,S_H,gradient_tolerance,,raw_state_verified,run.py:numpy-batch
HiSD,6.309573444801929e-05,0.002,2000000,176,-0.6453125000000001,1.3031249999999999,completed,-2.6280457641728243,1.7869725729075798,9.970124335612536e-07,-3153.36370098856,238.07431788131535,8543,success_index1,S_H,gradient_tolerance,,raw_state_verified,run.py:numpy-batch
HiSD,6.309573444801929e-05,0.002,2000000,265,-0.7109375,1.359375,completed,-2.628045764205641,1.786972572959862,9.970327109723843e-07,-3153.363700982723,238.07431795641057,8544,success_index1,S_H,gradient_tolerance,,raw_state_verified,run.py:numpy-batch
HiSD,6.309573444801929e-05,0.002,2000000,235,-0.6921875000000001,1.340625,completed,-2.6280457641698693,1.78697257290941,9.978439235308775e-07,-3153.3637009897266,238.07431787796477,8545,success_index1,S_H,gradient_tolerance,,raw_state_verified,run.py:numpy-batch
HiSD,6.309573444801929e-05,0.002,2000000,295,-0.7296875,1.378125,completed,-2.6280457642003263,1.7869725729632637,9.985423589648848e-07,-3153.3637009848308,238.07431795044147,8545,success_index1,S_H,gradient_tolerance,,raw_state_verified,run.py:numpy-batch
HiSD,6.309573444801929e-05,0.002,2000000,353,-0.7859375000000001,1.415625,completed,-2.6280457641717647,1.7869725729082362,9.973105666449874e-07,-3153.363700988978,238.07431788011382,8545,success_index1,S_H,gradient_tolerance,,raw_state_verified,run.py:numpy-batch
HiSD,6.309573444801929e-05,0.002,2000000,205,-0.6734375,1.321875,completed,-2.6280457641972457,1.786972572965235,9.994170014960903e-07,-3153.3637009860513,238.0743179469812,8546,success_index1,S_H,gradient_tolerance,,raw_state_verified,run.py:numpy-batch
HiSD,6.309573444801929e-05,0.002,2000000,324,-0.7578125,1.3968749999999999,completed,-2.62804576416251,1.7869725729139678,9.999146190448054e-07,-3153.363700992632,238.07431786961914,8546,success_index1,S_H,gradient_tolerance,,raw_state_verified,run.py:numpy-batch
HiSD,6.309573444801929e-05,0.002,2000000,127,-0.5046875000000001,1.265625,completed,-2.628045764169562,1.7869725729096004,9.979303715226534e-07,-3153.3637009898484,238.07431787761598,8547,success_index1,S_H,gradient_tolerance,,raw_state_verified,run.py:numpy-batch
HiSD,6.309573444801929e-05,0.002,2000000,146,-0.6265625,1.284375,completed,-2.6280457641693085,1.7869725729097572,9.980016716537485e-07,-3153.363700989948,238.0743178773287,8547,success_index1,S_H,gradient_tolerance,,raw_state_verified,run.py:numpy-batch
HiSD,6.309573444801929e-05,0.002,2000000,117,-0.5984375000000001,1.265625,completed,-2.6280457642001696,1.7869725729633634,9.98586549963582e-07,-3153.3637009848917,238.07431795026486,8548,success_index1,S_H,gradient_tolerance,,raw_state_verified,run.py:numpy-batch
HiSD,6.309573444801929e-05,0.002,2000000,175,-0.6546875000000001,1.3031249999999999,completed,-2.628045764196022,1.786972572966018,9.997645838205982e-07,-3153.3637009865374,238.07431794560702,8548,success_index1,S_H,gradient_tolerance,,raw_state_verified,run.py:numpy-batch
HiSD,6.309573444801929e-05,0.002,2000000,264,-0.7203125,1.359375,completed,-2.628045764172453,1.7869725729078096,9.97116923975543e-07,-3153.363700988707,238.0743178808942,8551,success_index1,S_H,gradient_tolerance,,raw_state_verified,run.py:numpy-batch
HiSD,6.309573444801929e-05,0.002,2000000,234,-0.7015625000000001,1.340625,completed,-2.628045764203529,1.7869725729612134,9.9763249855685e-07,-3153.3637009835606,238.07431795403826,8552,success_index1,S_H,gradient_tolerance,,raw_state_verified,run.py:numpy-batch
HiSD,6.309573444801929e-05,0.002,2000000,116,-0.6078125000000001,1.265625,completed,-2.628045764165279,1.7869725729122532,9.99135507306174e-07,-3153.363700991539,238.0743178727594,8553,success_index1,S_H,gradient_tolerance,,raw_state_verified,run.py:numpy-batch
HiSD,6.309573444801929e-05,0.002,2000000,145,-0.6359375,1.284375,completed,-2.628045764171211,1.7869725729085792,9.974664049379324e-07,-3153.3637009891977,238.07431787948607,8553,success_index1,S_H,gradient_tolerance,,raw_state_verified,run.py:numpy-batch
HiSD,6.309573444801929e-05,0.002,2000000,204,-0.6828125,1.321875,completed,-2.628045764165892,1.7869725729118735,9.989629221943405e-07,-3153.3637009912964,238.07431787345473,8553,success_index1,S_H,gradient_tolerance,,raw_state_verified,run.py:numpy-batch
HiSD,6.309573444801929e-05,0.002,2000000,294,-0.7390625000000001,1.378125,completed,-2.6280457641964348,1.7869725729657542,9.996474390955588e-07,-3153.3637009863733,238.07431794607047,8553,success_index1,S_H,gradient_tolerance,,raw_state_verified,run.py:numpy-batch
HiSD,6.309573444801929e-05,0.002,2000000,323,-0.7671875,1.3968749999999999,completed,-2.628045764202061,1.7869725729621533,9.980495481870179e-07,-3153.363700984142,238.0743179523895,8553,success_index1,S_H,gradient_tolerance,,raw_state_verified,run.py:numpy-batch
HiSD,6.309573444801929e-05,0.002,2000000,352,-0.7953125000000001,1.415625,completed,-2.6280457642039337,1.7869725729609547,9.975176210910455e-07,-3153.363700983399,238.07431795449244,8554,success_index1,S_H,gradient_tolerance,,raw_state_verified,run.py:numpy-batch
HiSD,6.309573444801929e-05,0.002,2000000,89,-0.5609375000000001,1.246875,completed,-2.628045764166106,1.7869725729117405,9.98902740466594e-07,-3153.363700991212,238.0743178736973,8555,success_index1,S_H,gradient_tolerance,,raw_state_verified,run.py:numpy-batch
HiSD,6.309573444801929e-05,0.002,2000000,90,-0.5515625000000001,1.246875,completed,-2.6280457641670036,1.7869725729111854,9.986500598545966e-07,-3153.363700990858,238.0743178747154,8555,success_index1,S_H,gradient_tolerance,,raw_state_verified,run.py:numpy-batch
HiSD,6.309573444801929e-05,0.002,2000000,174,-0.6640625,1.3031249999999999,completed,-2.628045764166835,1.7869725729112893,9.986976442286508e-07,-3153.3637009909253,238.07431787452342,8555,success_index1,S_H,gradient_tolerance,,raw_state_verified,run.py:numpy-batch
HiSD,6.309573444801929e-05,0.002,2000000,88,-0.5703125,1.246875,completed,-2.6280457641682777,1.7869725729103954,9.98291766618704e-07,-3153.363700990354,238.07431787615928,8557,success_index1,S_H,gradient_tolerance,,raw_state_verified,run.py:numpy-batch
HiSD,6.309573444801929e-05,0.002,2000000,91,-0.5421875,1.246875,completed,-2.6280457642058197,1.7869725729597479,9.96982102640127e-07,-3153.363700982651,238.07431795661103,8558,success_index1,S_H,gradient_tolerance,,raw_state_verified,run.py:numpy-batch
HiSD,6.309573444801929e-05,0.002,2000000,263,-0.7296875,1.359375,completed,-2.628045764195898,1.7869725729660972,9.997997513622743e-07,-3153.363700986588,238.07431794546682,8558,success_index1,S_H,gradient_tolerance,,raw_state_verified,run.py:numpy-batch
HiSD,6.309573444801929e-05,0.002,2000000,115,-0.6171875,1.265625,completed,-2.628045764166763,1.786972572911334,9.987179029551732e-07,-3153.3637009909535,238.07431787444267,8559,success_index1,S_H,gradient_tolerance,,raw_state_verified,run.py:numpy-batch
HiSD,6.309573444801929e-05,0.002,2000000,144,-0.6453125000000001,1.284375,completed,-2.628045764165672,1.7869725729120098,9.99024896743908e-07,-3153.3637009913837,238.0743178732047,8559,success_index1,S_H,gradient_tolerance,,raw_state_verified,run.py:numpy-batch
HiSD,6.309573444801929e-05,0.002,2000000,87,-0.5796875,1.246875,completed,-2.6280457641997916,1.786972572963606,9.98694091024913e-07,-3153.363700985043,238.07431794984086,8560,success_index1,S_H,gradient_tolerance,,raw_state_verified,run.py:numpy-batch
HiSD,6.309573444801929e-05,0.002,2000000,233,-0.7109375,1.340625,completed,-2.6280457642043116,1.786972572960713,9.974104433345944e-07,-3153.363700983249,238.0743179549173,8560,success_index1,S_H,gradient_tolerance,,raw_state_verified,run.py:numpy-batch
HiSD,6.309573444801929e-05,0.002,2000000,322,-0.7765625,1.3968749999999999,completed,-2.6280457641637445,1.786972572913204,9.995671406608455e-07,-3153.3637009921445,238.0743178710198,8560,success_index1,S_H,gradient_tolerance,,raw_state_verified,run.py:numpy-batch
HiSD,6.309573444801929e-05,0.002,2000000,203,-0.6921875000000001,1.321875,completed,-2.6280457641686166,1.7869725729101853,9.981964191332386e-07,-3153.3637009902222,238.07431787654383,8561,success_index1,S_H,gradient_tolerance,,raw_state_verified,run.py:numpy-batch
HiSD,6.309573444801929e-05,0.002,2000000,293,-0.7484375000000001,1.378125,completed,-2.628045764200851,1.786972572962928,9.983932135259442e-07,-3153.3637009846234,238.07431795103025,8561,success_index1,S_H,gradient_tolerance,,raw_state_verified,run.py:numpy-batch
HiSD,6.309573444801929e-05,0.002,2000000,173,-0.6734375,1.3031249999999999,completed,-2.62804576417156,1.7869725729083636,9.973681172289134e-07,-3153.363700989061,238.07431787988216,8563,success_index1,S_H,gradient_tolerance,,raw_state_verified,run.py:numpy-batch
HiSD,6.309573444801929e-05,0.002,2000000,86,-0.5890625,1.246875,completed,-2.6280457641971795,1.7869725729652775,9.994359954805941e-07,-3153.3637009860795,238.0743179469064,8564,success_index1,S_H,gradient_tolerance,,raw_state_verified,run.py:numpy-batch
HiSD,6.309573444801929e-05,0.002,2000000,92,-0.5328125000000001,1.246875,completed,-2.6280457641963264,1.7869725729658232,9.996780689066516e-07,-3153.3637009864165,238.07431794594822,8564,success_index1,S_H,gradient_tolerance,,raw_state_verified,run.py:numpy-batch
HiSD,6.309573444801929e-05,0.002,2000000,114,-0.6265625,1.265625,completed,-2.6280457642035646,1.786972572961191,9.976224703665677e-07,-3153.3637009835456,238.07431795407845,8566,success_index1,S_H,gradient_tolerance,,raw_state_verified,run.py:numpy-batch
HiSD,6.309573444801929e-05,0.002,2000000,143,-0.6546875000000001,1.284375,completed,-2.6280457641724513,1.7869725729078108,9.971174119955965e-07,-3153.363700988707,238.07431788089215,8567,success_index1,S_H,gradient_tolerance,,raw_state_verified,run.py:numpy-batch
HiSD,6.309573444801929e-05,0.002,2000000,262,-0.7390625000000001,1.359375,completed,-2.6280457642050012,1.7869725729602717,9.972145402482564e-07,-3153.3637009829763,238.07431795569258,8568,success_index1,S_H,gradient_tolerance,,raw_state_verified,run.py:numpy-batch
HiSD,6.309573444801929e-05,0.002,2000000,232,-0.7203125,1.340625,completed,-2.62804576416908,1.7869725729098989,9.980659229053e-07,-3153.363700990039,238.07431787707014,8569,success_index1,S_H,gradient_tolerance,,raw_state_verified,run.py:numpy-batch
HiSD,6.309573444801929e-05,0.002,2000000,292,-0.7578125,1.378125,completed,-2.6280457641986734,1.7869725729643213,9.99011582480204e-07,-3153.3637009854865,238.07431794858473,8569,success_index1,S_H,gradient_tolerance,,raw_state_verified,run.py:numpy-batch
HiSD,6.309573444801929e-05,0.002,2000000,85,-0.5984375000000001,1.246875,completed,-2.628045764204577,1.7869725729605428,9.97334874822564e-07,-3153.363700983144,238.07431795521532,8570,success_index1,S_H,gradient_tolerance,,raw_state_verified,run.py:numpy-batch
HiSD,6.309573444801929e-05,0.002,2000000,202,-0.7015625000000001,1.321875,completed,-2.6280457642029256,1.7869725729616002,9.978040105203632e-07,-3153.3637009837985,238.07431795336117,8570,success_index1,S_H,gradient_tolerance,,raw_state_verified,run.py:numpy-batch
HiSD,6.309573444801929e-05,0.002,2000000,321,-0.7859375000000001,1.3968749999999999,completed,-2.628045764167241,1.786972572911038,9.985834918009855e-07,-3153.363700990764,238.07431787498368,8570,success_index1,S_H,gradient_tolerance,,raw_state_verified,run.py:numpy-batch
HiSD,6.309573444801929e-05,0.002,2000000,172,-0.6828125,1.3031249999999999,completed,-2.6280457641643813,1.7869725729128085,9.993880403442824e-07,-3153.363700991893,238.07431787174087,8571,success_index1,S_H,gradient_tolerance,,raw_state_verified,run.py:numpy-batch
HiSD,6.309573444801929e-05,0.002,2000000,113,-0.6359375,1.265625,completed,-2.6280457641651482,1.786972572912334,9.991722377841087e-07,-3153.3637009915906,238.07431787261135,8573,success_index1,S_H,gradient_tolerance,,raw_state_verified,run.py:numpy-batch
HiSD,6.309573444801929e-05,0.002,2000000,142,-0.6640625,1.284375,completed,-2.6280457641679713,1.7869725729105859,9.983778317588234e-07,-3153.363700990475,238.0743178758127,8575,success_index1,S_H,gradient_tolerance,,raw_state_verified,run.py:numpy-batch
HiSD,6.309573444801929e-05,0.002,2000000,84,-0.6078125000000001,1.246875,completed,-2.628045764200562,1.7869725729631123,9.984751025764232e-07,-3153.363700984736,238.07431795070607,8576,success_index1,S_H,gradient_tolerance,,raw_state_verified,run.py:numpy-batch
HiSD,6.309573444801929e-05,0.002,2000000,261,-0.7484375000000001,1.359375,completed,-2.6280457641727626,1.7869725729076187,9.97029671460514e-07,-3153.3637009885842,238.0743178812457,8579,success_index1,S_H,gradient_tolerance,,raw_state_verified,run.py:numpy-batch
HiSD,6.309573444801929e-05,0.002,2000000,291,-0.7671875,1.378125,completed,-2.6280457642051425,1.7869725729601815,9.971746284619079e-07,-3153.36370098292,238.0743179558508,8579,success_index1,S_H,gradient_tolerance,,raw_state_verified,run.py:numpy-batch
HiSD,6.309573444801929e-05,0.002,2000000,201,-0.7109375,1.321875,completed,-2.6280457641997903,1.7869725729636068,9.986944270167046e-07,-3153.3637009850427,238.07431794983952,8580,success_index1,S_H,gradient_tolerance,,raw_state_verified,run.py:numpy-batch
HiSD,6.309573444801929e-05,0.002,2000000,231,-0.7296875,1.340625,completed,-2.6280457642029615,1.7869725729615766,9.977937178511425e-07,-3153.3637009837857,238.07431795340068,8580,success_index1,S_H,gradient_tolerance,,raw_state_verified,run.py:numpy-batch
HiSD,6.309573444801929e-05,0.002,2000000,171,-0.6921875000000001,1.3031249999999999,completed,-2.6280457641635713,1.7869725729133097,9.996160941138182e-07,-3153.363700992212,238.0743178708226,8581,success_index1,S_H,gradient_tolerance,,raw_state_verified,run.py:numpy-batch
HiSD,6.309573444801929e-05,0.002,2000000,93,-0.5234375,1.246875,completed,-2.6280457641983848,1.7869725729645056,9.990934564379754e-07,-3153.363700985602,238.07431794826078,8582,success_index1,S_H,gradient_tolerance,,raw_state_verified,run.py:numpy-batch
HiSD,6.309573444801929e-05,0.002,2000000,112,-0.6453125000000001,1.265625,completed,-2.6280457642021204,1.7869725729621153,9.980326693345963e-07,-3153.3637009841186,238.07431795245643,8582,success_index1,S_H,gradient_tolerance,,raw_state_verified,run.py:numpy-batch
HiSD,6.309573444801929e-05,0.002,2000000,320,-0.7953125000000001,1.3968749999999999,completed,-2.6280457642013064,1.7869725729626362,9.982638492027721e-07,-3153.363700984442,238.07431795154207,8583,success_index1,S_H,gradient_tolerance,,raw_state_verified,run.py:numpy-batch
HiSD,6.309573444801929e-05,0.002,2000000,83,-0.6171875,1.246875,completed,-2.628045764205525,1.786972572959936,9.970655572290503e-07,-3153.363700982769,238.07431795627997,8584,success_index1,S_H,gradient_tolerance,,raw_state_verified,run.py:numpy-batch
HiSD,6.309573444801929e-05,0.002,2000000,141,-0.6734375,1.284375,completed,-2.628045764170354,1.7869725729091104,9.97707493820307e-07,-3153.3637009895365,238.07431787851408,8585,success_index1,S_H,gradient_tolerance,,raw_state_verified,run.py:numpy-batch
HiSD,6.309573444801929e-05,0.002,2000000,290,-0.7765625,1.378125,completed,-2.628045764170658,1.786972572908922,9.976218971979795e-07,-3153.3637009894155,238.0743178788595,8590,success_index1,S_H,gradient_tolerance,,raw_state_verified,run.py:numpy-batch
HiSD,6.309573444801929e-05,0.002,2000000,82,-0.6265625,1.246875,completed,-2.6280457641960764,1.7869725729659833,9.997491628781434e-07,-3153.363700986517,238.07431794566827,8592,success_index1,S_H,gradient_tolerance,,raw_state_verified,run.py:numpy-batch
HiSD,6.309573444801929e-05,0.002,2000000,111,-0.6546875000000001,1.265625,completed,-2.6280457642022896,1.7869725729620063,9.979843104455796e-07,-3153.3637009840513,238.07431795264623,8592,success_index1,S_H,gradient_tolerance,,raw_state_verified,run.py:numpy-batch
HiSD,6.309573444801929e-05,0.002,2000000,200,-0.7203125,1.321875,completed,-2.628045764197311,1.7869725729651929,9.993983958931561e-07,-3153.363700986027,238.07431794705397,8592,success_index1,S_H,gradient_tolerance,,raw_state_verified,run.py:numpy-batch
HiSD,6.309573444801929e-05,0.002,2000000,260,-0.7578125,1.359375,completed,-2.6280457642041366,1.7869725729608246,9.97459856724068e-07,-3153.363700983319,238.07431795472075,8592,success_index1,S_H,gradient_tolerance,,raw_state_verified,run.py:numpy-batch
HiSD,6.309573444801929e-05,0.002,2000000,170,-0.7015625000000001,1.3031249999999999,completed,-2.628045764164512,1.7869725729127282,9.99351269542303e-07,-3153.3637009918402,238.07431787188955,8593,success_index1,S_H,gradient_tolerance,,raw_state_verified,run.py:numpy-batch
HiSD,6.309573444801929e-05,0.002,2000000,230,-0.7390625000000001,1.340625,completed,-2.6280457641696477,1.7869725729095476,9.97906257435557e-07,-3153.3637009898152,238.07431787771355,8593,success_index1,S_H,gradient_tolerance,,raw_state_verified,run.py:numpy-batch
HiSD,6.309573444801929e-05,0.002,2000000,140,-0.6828125,1.284375,completed,-2.6280457641971546,1.7869725729652928,9.994427433190505e-07,-3153.363700986089,238.07431794687886,8596,success_index1,S_H,gradient_tolerance,,raw_state_verified,run.py:numpy-batch
HiSD,6.309573444801929e-05,0.002,2000000,55,-0.5796875,1.228125,completed,-2.6280457641705524,1.7869725729089871,9.976516793202072e-07,-3153.3637009894574,238.07431787873904,8597,success_index1,S_H,gradient_tolerance,,raw_state_verified,run.py:numpy-batch
HiSD,6.309573444801929e-05,0.002,2000000,56,-0.5703125,1.228125,completed,-2.6280457641690584,1.7869725729099124,9.980719829375831e-07,-3153.3637009900467,238.074317877045,8597,success_index1,S_H,gradient_tolerance,,raw_state_verified,run.py:numpy-batch
HiSD,6.309573444801929e-05,0.002,2000000,54,-0.5890625,1.228125,completed,-2.628045764203475,1.786972572961248,9.976478222019833e-07,-3153.363700983581,238.07431795397733,8600,success_index1,S_H,gradient_tolerance,,raw_state_verified,run.py:numpy-batch
HiSD,6.309573444801929e-05,0.002,2000000,57,-0.5609375000000001,1.228125,completed,-2.6280457642043644,1.786972572960679,9.973952825712564e-07,-3153.363700983228,238.07431795497632,8602,success_index1,S_H,gradient_tolerance,,raw_state_verified,run.py:numpy-batch
HiSD,6.309573444801929e-05,0.002,2000000,81,-0.6359375,1.246875,completed,-2.6280457641680677,1.7869725729105255,9.983508168696302e-07,-3153.363700990438,238.07431787592128,8603,success_index1,S_H,gradient_tolerance,,raw_state_verified,run.py:numpy-batch
HiSD,6.309573444801929e-05,0.002,2000000,110,-0.6640625,1.265625,completed,-2.628045764204598,1.78697257296053,9.973291480236784e-07,-3153.3637009831355,238.07431795523905,8604,success_index1,S_H,gradient_tolerance,,raw_state_verified,run.py:numpy-batch
HiSD,6.309573444801929e-05,0.002,2000000,289,-0.7859375000000001,1.378125,completed,-2.6280457641727515,1.7869725729076253,9.970329113267692e-07,-3153.3637009885897,238.07431788123282,8604,success_index1,S_H,gradient_tolerance,,raw_state_verified,run.py:numpy-batch
HiSD,6.309573444801929e-05,0.002,2000000,53,-0.5984375000000001,1.228125,completed,-2.6280457641650115,1.7869725729124182,9.992108078544873e-07,-3153.3637009916447,238.07431787245574,8605,success_index1,S_H,gradient_tolerance,,raw_state_verified,run.py:numpy-batch
HiSD,6.309573444801929e-05,0.002,2000000,199,-0.7296875,1.321875,completed,-2.6280457641643267,1.7869725729128427,9.99403352588892e-07,-3153.363700991915,238.0743178716797,8607,success_index1,S_H,gradient_tolerance,,raw_state_verified,run.py:numpy-batch
HiSD,6.309573444801929e-05,0.002,2000000,169,-0.7109375,1.3031249999999999,completed,-2.628045764203256,1.7869725729613881,9.977099571034841e-07,-3153.3637009836675,238.07431795373137,8608,success_index1,S_H,gradient_tolerance,,raw_state_verified,run.py:numpy-batch
HiSD,6.309573444801929e-05,0.002,2000000,259,-0.7671875,1.359375,completed,-2.628045764205413,1.7869725729600079,9.970975277553283e-07,-3153.3637009828135,238.07431795615415,8608,success_index1,S_H,gradient_tolerance,,raw_state_verified,run.py:numpy-batch
HiSD,6.309573444801929e-05,0.002,2000000,229,-0.7484375000000001,1.340625,completed,-2.62804576417063,1.7869725729089387,9.976298439584014e-07,-3153.3637009894264,238.07431787882706,8609,success_index1,S_H,gradient_tolerance,,raw_state_verified,run.py:numpy-batch
HiSD,6.309573444801929e-05,0.002,2000000,139,-0.6921875000000001,1.284375,completed,-2.6280457641968,1.78697257296552,9.995435135769738e-07,-3153.3637009862296,238.0743179464798,8610,success_index1,S_H,gradient_tolerance,,raw_state_verified,run.py:numpy-batch
HiSD,6.309573444801929e-05,0.002,2000000,52,-0.6078125000000001,1.228125,completed,-2.628045764165852,1.7869725729118977,9.989742398622636e-07,-3153.3637009913123,238.07431787340937,8613,success_index1,S_H,gradient_tolerance,,raw_state_verified,run.py:numpy-batch
HiSD,6.309573444801929e-05,0.002,2000000,58,-0.5515625000000001,1.228125,completed,-2.6280457641653148,1.7869725729122312,9.991253255555392e-07,-3153.3637009915237,238.07431787280007,8615,success_index1,S_H,gradient_tolerance,,raw_state_verified,run.py:numpy-batch
HiSD,6.309573444801929e-05,0.002,2000000,80,-0.6453125000000001,1.246875,completed,-2.628045764204105,1.7869725729608454,9.97469135063551e-07,-3153.363700983331,238.0743179546857,8616,success_index1,S_H,gradient_tolerance,,raw_state_verified,run.py:numpy-batch
HiSD,6.309573444801929e-05,0.002,2000000,109,-0.6734375,1.265625,completed,-2.6280457642016253,1.7869725729624322,9.98173346585314e-07,-3153.363700984315,238.07431795190016,8618,success_index1,S_H,gradient_tolerance,,raw_state_verified,run.py:numpy-batch
HiSD,6.309573444801929e-05,0.002,2000000,288,-0.7953125000000001,1.378125,completed,-2.628045764172746,1.786972572907628,9.970345125661058e-07,-3153.3637009885915,238.07431788122653,8622,success_index1,S_H,gradient_tolerance,,raw_state_verified,run.py:numpy-batch
HiSD,6.309573444801929e-05,0.002,2000000,51,-0.6171875,1.228125,completed,-2.6280457642038826,1.7869725729609875,9.97532300560166e-07,-3153.3637009834206,238.07431795443583,8624,success_index1,S_H,gradient_tolerance,,raw_state_verified,run.py:numpy-batch
HiSD,6.309573444801929e-05,0.002,2000000,168,-0.7203125,1.3031249999999999,completed,-2.6280457642012895,1.7869725729626467,9.982685231413223e-07,-3153.3637009844483,238.0743179515228,8626,success_index1,S_H,gradient_tolerance,,raw_state_verified,run.py:numpy-batch
HiSD,6.309573444801929e-05,0.002,2000000,198,-0.7390625000000001,1.321875,completed,-2.628045764172259,1.7869725729079302,9.971714895626941e-07,-3153.3637009887843,238.07431788067382,8627,success_index1,S_H,gradient_tolerance,,raw_state_verified,run.py:numpy-batch
HiSD,6.309573444801929e-05,0.002,2000000,138,-0.7015625000000001,1.284375,completed,-2.6280457642005133,1.7869725729631436,9.984889357706554e-07,-3153.3637009847557,238.0743179506509,8628,success_index1,S_H,gradient_tolerance,,raw_state_verified,run.py:numpy-batch
HiSD,6.309573444801929e-05,0.002,2000000,228,-0.7578125,1.340625,completed,-2.628045764170041,1.786972572909304,9.977954457319973e-07,-3153.36370098966,238.07431787815963,8629,success_index1,S_H,gradient_tolerance,,raw_state_verified,run.py:numpy-batch
HiSD,6.309573444801929e-05,0.002,2000000,258,-0.7765625,1.359375,completed,-2.628045764169413,1.7869725729096928,9.979722783648476e-07,-3153.3637009899066,238.07431787744713,8629,success_index1,S_H,gradient_tolerance,,raw_state_verified,run.py:numpy-batch
HiSD,6.309573444801929e-05,0.002,2000000,79,-0.6546875000000001,1.246875,completed,-2.628045764163976,1.7869725729130594,9.995021722517017e-07,-3153.3637009920526,238.07431787128132,8631,success_index1,S_H,gradient_tolerance,,raw_state_verified,run.py:numpy-batch
HiSD,6.309573444801929e-05,0.002,2000000,108,-0.6828125,1.265625,completed,-2.6280457642021102,1.7869725729621218,9.980355704395638e-07,-3153.3637009841223,238.0743179524449,8636,success_index1,S_H,gradient_tolerance,,raw_state_verified,run.py:numpy-batch
HiSD,6.309573444801929e-05,0.002,2000000,50,-0.6265625,1.228125,completed,-2.6280457641637556,1.7869725729131962,9.9956416778535e-07,-3153.3637009921404,238.0743178710316,8637,success_index1,S_H,gradient_tolerance,,raw_state_verified,run.py:numpy-batch
HiSD,6.309573444801929e-05,0.002,2000000,167,-0.7296875,1.3031249999999999,completed,-2.6280457641983066,1.7869725729645565,9.991159531948706e-07,-3153.363700985633,238.0743179481727,8650,success_index1,S_H,gradient_tolerance,,raw_state_verified,run.py:numpy-batch
HiSD,6.309573444801929e-05,0.002,2000000,137,-0.7109375,1.284375,completed,-2.6280457641628314,1.7869725729137684,9.998241559449461e-07,-3153.363700992505,238.07431786998404,8651,success_index1,S_H,gradient_tolerance,,raw_state_verified,run.py:numpy-batch
HiSD,6.309573444801929e-05,0.002,2000000,78,-0.6640625,1.246875,completed,-2.6280457642056927,1.7869725729598294,9.970182796624478e-07,-3153.363700982702,238.0743179564691,8652,success_index1,S_H,gradient_tolerance,,raw_state_verified,run.py:numpy-batch
HiSD,6.309573444801929e-05,0.002,2000000,197,-0.7484375000000001,1.321875,completed,-2.6280457641667896,1.7869725729113177,9.987104182933842e-07,-3153.3637009909426,238.07431787447211,8653,success_index1,S_H,gradient_tolerance,,raw_state_verified,run.py:numpy-batch
HiSD,6.309573444801929e-05,0.002,2000000,49,-0.6359375,1.228125,completed,-2.628045764163174,1.7869725729135566,9.997278443514657e-07,-3153.3637009923705,238.07431787037166,8655,success_index1,S_H,gradient_tolerance,,raw_state_verified,run.py:numpy-batch
HiSD,6.309573444801929e-05,0.002,2000000,59,-0.5421875,1.228125,completed,-2.628045764163124,1.7869725729135875,9.99741777330214e-07,-3153.3637009923896,238.074317870316,8655,success_index1,S_H,gradient_tolerance,,raw_state_verified,run.py:numpy-batch
HiSD,6.309573444801929e-05,0.002,2000000,227,-0.7671875,1.340625,completed,-2.6280457642012895,1.7869725729626467,9.982685231413223e-07,-3153.3637009844483,238.0743179515228,8656,success_index1,S_H,gradient_tolerance,,raw_state_verified,run.py:numpy-batch
HiSD,6.309573444801929e-05,0.002,2000000,257,-0.7859375000000001,1.359375,completed,-2.6280457641645243,1.7869725729127206,9.99347709409139e-07,-3153.363700991836,238.07431787190387,8656,success_index1,S_H,gradient_tolerance,,raw_state_verified,run.py:numpy-batch
HiSD,6.309573444801929e-05,0.002,2000000,107,-0.6921875000000001,1.265625,completed,-2.628045764202693,1.7869725729617487,9.978699758487247e-07,-3153.363700983892,238.0743179530989,8660,success_index1,S_H,gradient_tolerance,,raw_state_verified,run.py:numpy-batch
HiSD,6.309573444801929e-05,0.002,2000000,94,-0.5140625000000001,1.246875,completed,-2.6280457642018966,1.7869725729622583,9.980961382519622e-07,-3153.363700984208,238.07431795220458,8666,success_index1,S_H,gradient_tolerance,,raw_state_verified,run.py:numpy-batch
HiSD,6.309573444801929e-05,0.002,2000000,77,-0.6734375,1.246875,completed,-2.6280457641637645,1.786972572913191,9.995615789338946e-07,-3153.3637009921367,238.07431787104224,8679,success_index1,S_H,gradient_tolerance,,raw_state_verified,run.py:numpy-batch
HiSD,6.309573444801929e-05,0.002,2000000,48,-0.6453125000000001,1.228125,completed,-2.628045764196052,1.7869725729659993,9.997561938308724e-07,-3153.363700986525,238.07431794564036,8680,success_index1,S_H,gradient_tolerance,,raw_state_verified,run.py:numpy-batch
HiSD,6.309573444801929e-05,0.002,2000000,136,-0.7203125,1.284375,completed,-2.6280457642025077,1.7869725729618673,9.979226901952732e-07,-3153.3637009839663,238.07431795289128,8686,success_index1,S_H,gradient_tolerance,,raw_state_verified,run.py:numpy-batch
HiSD,6.309573444801929e-05,0.002,2000000,166,-0.7390625000000001,1.3031249999999999,completed,-2.628045764197189,1.7869725729652712,9.994331098860132e-07,-3153.363700986075,238.07431794691732,8686,success_index1,S_H,gradient_tolerance,,raw_state_verified,run.py:numpy-batch
HiSD,6.309573444801929e-05,0.002,2000000,106,-0.7015625000000001,1.265625,completed,-2.628045764165021,1.7869725729124128,9.992081273337302e-07,-3153.3637009916406,238.07431787246662,8695,success_index1,S_H,gradient_tolerance,,raw_state_verified,run.py:numpy-batch
HiSD,6.309573444801929e-05,0.002,2000000,196,-0.7578125,1.321875,completed,-2.628045764172007,1.7869725729080863,9.972422786661334e-07,-3153.3637009888835,238.07431788038977,8695,success_index1,S_H,gradient_tolerance,,raw_state_verified,run.py:numpy-batch
HiSD,6.309573444801929e-05,0.002,2000000,21,-0.5984375000000001,1.2093749999999999,completed,-2.628045764163842,1.786972572913143,9.995396848021975e-07,-3153.363700992105,238.07431787113026,8699,success_index1,S_H,gradient_tolerance,,raw_state_verified,run.py:numpy-batch
HiSD,6.309573444801929e-05,0.002,2000000,226,-0.7765625,1.340625,completed,-2.6280457641722723,1.7869725729079218,9.971677820599974e-07,-3153.3637009887793,238.07431788068956,8699,success_index1,S_H,gradient_tolerance,,raw_state_verified,run.py:numpy-batch
HiSD,6.309573444801929e-05,0.002,2000000,22,-0.5890625,1.2093749999999999,completed,-2.6280457641651247,1.7869725729123482,9.991788710771401e-07,-3153.3637009916,238.074317872584,8701,success_index1,S_H,gradient_tolerance,,raw_state_verified,run.py:numpy-batch
HiSD,6.309573444801929e-05,0.002,2000000,256,-0.7953125000000001,1.359375,completed,-2.628045764199177,1.786972572963999,9.98868610547787e-07,-3153.3637009852864,238.07431794915036,8703,success_index1,S_H,gradient_tolerance,,raw_state_verified,run.py:numpy-batch
HiSD,6.309573444801929e-05,0.002,2000000,20,-0.6078125000000001,1.2093749999999999,completed,-2.628045764203511,1.786972572961225,9.976375450197358e-07,-3153.3637009835666,238.07431795401757,8710,success_index1,S_H,gradient_tolerance,,raw_state_verified,run.py:numpy-batch
HiSD,6.309573444801929e-05,0.002,2000000,47,-0.6546875000000001,1.228125,completed,-2.628045764167113,1.7869725729111172,9.986194312043411e-07,-3153.3637009908143,238.07431787483898,8719,success_index1,S_H,gradient_tolerance,,raw_state_verified,run.py:numpy-batch
HiSD,6.309573444801929e-05,0.002,2000000,23,-0.5796875,1.2093749999999999,completed,-2.628045764168021,1.786972572910555,9.983639103511763e-07,-3153.3637009904564,238.07431787586896,8723,success_index1,S_H,gradient_tolerance,,raw_state_verified,run.py:numpy-batch
HiSD,6.309573444801929e-05,0.002,2000000,76,-0.6828125,1.246875,completed,-2.6280457642051176,1.7869725729601968,9.971813699366933e-07,-3153.363700982929,238.07431795582255,8724,success_index1,S_H,gradient_tolerance,,raw_state_verified,run.py:numpy-batch
HiSD,6.309573444801929e-05,0.002,2000000,19,-0.6171875,1.2093749999999999,completed,-2.6280457641630584,1.7869725729136283,9.997602972894494e-07,-3153.3637009924155,238.07431787024106,8733,success_index1,S_H,gradient_tolerance,,raw_state_verified,run.py:numpy-batch
HiSD,6.309573444801929e-05,0.002,2000000,135,-0.7296875,1.284375,completed,-2.6280457641671786,1.7869725729110764,9.986009519715055e-07,-3153.363700990789,238.0743178749138,8749,success_index1,S_H,gradient_tolerance,,raw_state_verified,run.py:numpy-batch
HiSD,6.309573444801929e-05,0.002,2000000,165,-0.7484375000000001,1.3031249999999999,completed,-2.6280457642000425,1.7869725729634445,9.986225582289068e-07,-3153.3637009849426,238.07431795012207,8756,success_index1,S_H,gradient_tolerance,,raw_state_verified,run.py:numpy-batch
HiSD,6.309573444801929e-05,0.002,2000000,105,-0.7109375,1.265625,completed,-2.628045764172508,1.7869725729077761,9.97101347661256e-07,-3153.3637009886843,238.074317880957,8763,success_index1,S_H,gradient_tolerance,,raw_state_verified,run.py:numpy-batch
HiSD,6.309573444801929e-05,0.002,2000000,18,-0.6265625,1.2093749999999999,completed,-2.628045764171235,1.7869725729085646,9.97459599597569e-07,-3153.3637009891886,238.07431787951307,8783,success_index1,S_H,gradient_tolerance,,raw_state_verified,run.py:numpy-batch
HiSD,6.309573444801929e-05,0.002,2000000,195,-0.7671875,1.321875,completed,-2.6280457641993786,1.7869725729638697,9.988112210896949e-07,-3153.3637009852064,238.07431794937645,8788,success_index1,S_H,gradient_tolerance,,raw_state_verified,run.py:numpy-batch
HiSD,6.309573444801929e-05,0.002,2000000,46,-0.6640625,1.228125,completed,-2.6280457641981996,1.7869725729646244,9.99146119954224e-07,-3153.363700985674,238.07431794805333,8800,success_index1,S_H,gradient_tolerance,,raw_state_verified,run.py:numpy-batch
HiSD,6.309573444801929e-05,0.002,2000000,225,-0.7859375000000001,1.340625,completed,-2.62804576420532,1.7869725729600674,9.971238355078258e-07,-3153.36370098285,238.07431795605027,8802,success_index1,S_H,gradient_tolerance,,raw_state_verified,run.py:numpy-batch
HiSD,6.309573444801929e-05,0.002,2000000,24,-0.5703125,1.2093749999999999,completed,-2.628045764196664,1.7869725729656072,9.995822470098652e-07,-3153.363700986284,238.07431794632805,8832,success_index1,S_H,gradient_tolerance,,raw_state_verified,run.py:numpy-batch
HiSD,6.309573444801929e-05,0.002,2000000,75,-0.6921875000000001,1.246875,completed,-2.628045764170599,1.786972572908958,9.97638588315742e-07,-3153.363700989439,238.0743178787917,8833,success_index1,S_H,gradient_tolerance,,raw_state_verified,run.py:numpy-batch
HiSD,6.309573444801929e-05,0.002,2000000,17,-0.6359375,1.2093749999999999,completed,-2.6280457641692085,1.7869725729098196,9.980297957061858e-07,-3153.363700989988,238.074317877215,9127,success_index1,S_H,gradient_tolerance,,raw_state_verified,run.py:numpy-batch
