method,eta,tau,budget,start_id,x0,y0,execution_status,raw_x,raw_y,grad_norm,lambda1,lambda2,n_outer_updates,terminal_category,endpoint,stop_reason,failure_reason,certification_reason,source
HiSD,0.06309573444801936,0.002,2000000,0,-0.7953125000000001,1.2093749999999999,completed,-21.95649924474616,13.60046764706183,3.138342891203239e+115,2.3358315442057576e+114,7.033410792520943e+116,1,state_safeguard,U,state_safeguard,source_norm2_gt_5,raw_state_verified,run.py:numpy-batch
HiSD,0.06309573444801936,0.002,2000000,1,-0.7859375000000001,1.2093749999999999,completed,-23.305601292437377,14.68945120689108,1.622385791383769e+131,1.1507299182685973e+130,3.857452620325074e+132,1,state_safeguard,U,state_safeguard,source_norm2_gt_5,raw_state_verified,run.py:numpy-batch
HiSD,0.06309573444801936,0.002,2000000,2,-0.7765625,1.2093749999999999,completed,-24.684506680141055,15.755296050302615,1.7146792814710685e+148,1.1571443395766838e+147,4.319179944337456e+149,1,state_safeguard,U,state_safeguard,source_norm2_gt_5,raw_state_verified,run.py:numpy-batch
HiSD,0.06309573444801936,0.002,2000000,3,-0.7671875,1.2093749999999999,completed,-26.091241728790934,16.79140558620355,,,,1,numerical_breakdown,U,state_safeguard,source_norm2_gt_5,nonfinite_derivatives_or_residual,run.py:numpy-batch
HiSD,0.06309573444801936,0.002,2000000,4,-0.7578125,1.2093749999999999,completed,-27.524070267623646,17.790588979233853,,,,1,numerical_breakdown,U,state_safeguard,source_norm2_gt_5,nonfinite_derivatives_or_residual,run.py:numpy-batch
HiSD,0.06309573444801936,0.002,2000000,5,-0.7484375000000001,1.2093749999999999,completed,-28.98155227093709,18.744955315939066,,,,1,numerical_breakdown,U,state_safeguard,source_norm2_gt_5,nonfinite_derivatives_or_residual,run.py:numpy-batch
HiSD,0.06309573444801936,0.002,2000000,6,-0.7390625000000001,1.2093749999999999,completed,-30.462609675347277,19.645774644768686,,,,1,numerical_breakdown,U,state_safeguard,source_norm2_gt_5,nonfinite_derivatives_or_residual,run.py:numpy-batch
HiSD,0.06309573444801936,0.002,2000000,7,-0.7296875,1.2093749999999999,completed,-31.966599612472724,20.483295078137267,,,,1,numerical_breakdown,U,state_safeguard,source_norm2_gt_5,nonfinite_derivatives_or_residual,run.py:numpy-batch
HiSD,0.06309573444801936,0.002,2000000,8,-0.7203125,1.2093749999999999,completed,-33.493394796182486,21.246501265079626,,,,1,numerical_breakdown,U,state_safeguard,source_norm2_gt_5,nonfinite_derivatives_or_residual,run.py:numpy-batch
HiSD,0.06309573444801936,0.002,2000000,9,-0.7109375,1.2093749999999999,completed,-35.0434697710424,21.922794071953312,,,,1,numerical_breakdown,U,state_safeguard,source_norm2_gt_5,nonfinite_derivatives_or_residual,run.py:numpy-batch
HiSD,0.06309573444801936,0.002,2000000,10,-0.7015625000000001,1.2093749999999999,completed,-36.61798971401002,22.497563543506022,,,,1,numerical_breakdown,U,state_safeguard,source_norm2_gt_5,nonfinite_derivatives_or_residual,run.py:numpy-batch
HiSD,0.06309573444801936,0.002,2000000,11,-0.6921875000000001,1.2093749999999999,completed,-38.21889467853656,22.953616142235767,,,,1,numerical_breakdown,U,state_safeguard,source_norm2_gt_5,nonfinite_derivatives_or_residual,run.py:numpy-batch
HiSD,0.06309573444801936,0.002,2000000,12,-0.6828125,1.2093749999999999,completed,-39.84896511636062,23.27040142854817,,,,1,numerical_breakdown,U,state_safeguard,source_norm2_gt_5,nonfinite_derivatives_or_residual,run.py:numpy-batch
HiSD,0.06309573444801936,0.002,2000000,13,-0.6734375,1.2093749999999999,completed,-41.511841524208236,23.422960753758407,,,,1,numerical_breakdown,U,state_safeguard,source_norm2_gt_5,nonfinite_derivatives_or_residual,run.py:numpy-batch
HiSD,0.06309573444801936,0.002,2000000,14,-0.6640625,1.2093749999999999,completed,-43.21194719731304,23.380488633906495,,,,1,numerical_breakdown,U,state_safeguard,source_norm2_gt_5,nonfinite_derivatives_or_residual,run.py:numpy-batch
HiSD,0.06309573444801936,0.002,2000000,15,-0.6546875000000001,1.2093749999999999,completed,-44.95421915750716,23.104353551060203,,,,1,numerical_breakdown,U,state_safeguard,source_norm2_gt_5,nonfinite_derivatives_or_residual,run.py:numpy-batch
HiSD,0.06309573444801936,0.002,2000000,16,-0.6453125000000001,1.2093749999999999,completed,-46.74347133973572,22.54536781898524,,,,1,numerical_breakdown,U,state_safeguard,source_norm2_gt_5,nonfinite_derivatives_or_residual,run.py:numpy-batch
HiSD,0.06309573444801936,0.002,2000000,17,-0.6359375,1.2093749999999999,completed,-48.58306469448507,21.640031526890393,,,,1,numerical_breakdown,U,state_safeguard,source_norm2_gt_5,nonfinite_derivatives_or_residual,run.py:numpy-batch
HiSD,0.06309573444801936,0.002,2000000,18,-0.6265625,1.2093749999999999,completed,-50.472284571965986,20.305430895889973,,,,1,numerical_breakdown,U,state_safeguard,source_norm2_gt_5,nonfinite_derivatives_or_residual,run.py:numpy-batch
HiSD,0.06309573444801936,0.002,2000000,19,-0.6171875,1.2093749999999999,completed,-52.40133124252455,18.432535380888684,,,,1,numerical_breakdown,U,state_safeguard,source_norm2_gt_5,nonfinite_derivatives_or_residual,run.py:numpy-batch
HiSD,0.06309573444801936,0.002,2000000,20,-0.6078125000000001,1.2093749999999999,completed,-54.34197789063618,15.87805885349941,,,,1,numerical_breakdown,U,state_safeguard,source_norm2_gt_5,nonfinite_derivatives_or_residual,run.py:numpy-batch
HiSD,0.06309573444801936,0.002,2000000,21,-0.5984375000000001,1.2093749999999999,completed,-56.23064163563824,12.456459033808704,,,,1,numerical_breakdown,U,state_safeguard,source_norm2_gt_5,nonfinite_derivatives_or_residual,run.py:numpy-batch
HiSD,0.06309573444801936,0.002,2000000,22,-0.5890625,1.2093749999999999,completed,-57.93919021826396,7.937468138443005,,,,1,numerical_breakdown,U,state_safeguard,source_norm2_gt_5,nonfinite_derivatives_or_residual,run.py:numpy-batch
HiSD,0.06309573444801936,0.002,2000000,23,-0.5796875,1.2093749999999999,completed,-59.229483827203,2.0632924974864784,,,,1,numerical_breakdown,U,state_safeguard,source_norm2_gt_5,nonfinite_derivatives_or_residual,run.py:numpy-batch
HiSD,0.06309573444801936,0.002,2000000,24,-0.5703125,1.2093749999999999,completed,-59.698012014279065,-5.385098074889068,,,,1,numerical_breakdown,U,state_safeguard,source_norm2_gt_5,nonfinite_derivatives_or_residual,run.py:numpy-batch
HiSD,0.06309573444801936,0.002,2000000,25,-0.5609375000000001,1.2093749999999999,completed,-58.75286219518468,-14.432428479809436,,,,1,numerical_breakdown,U,state_safeguard,source_norm2_gt_5,nonfinite_derivatives_or_residual,run.py:numpy-batch
HiSD,0.06309573444801936,0.002,2000000,26,-0.5515625000000001,1.2093749999999999,completed,-55.72952742384441,-24.66923169100167,,,,1,numerical_breakdown,U,state_safeguard,source_norm2_gt_5,nonfinite_derivatives_or_residual,run.py:numpy-batch
HiSD,0.06309573444801936,0.002,2000000,27,-0.5421875,1.2093749999999999,completed,-50.247235301943824,-35.10432824209954,,,,1,numerical_breakdown,U,state_safeguard,source_norm2_gt_5,nonfinite_derivatives_or_residual,run.py:numpy-batch
HiSD,0.06309573444801936,0.002,2000000,28,-0.5328125000000001,1.2093749999999999,completed,-42.63260457507525,-44.43294823435761,,,,1,numerical_breakdown,U,state_safeguard,source_norm2_gt_5,nonfinite_derivatives_or_residual,run.py:numpy-batch
HiSD,0.06309573444801936,0.002,2000000,29,-0.5234375,1.2093749999999999,completed,-33.91080947932253,-51.690804521526935,,,,1,numerical_breakdown,U,state_safeguard,source_norm2_gt_5,nonfinite_derivatives_or_residual,run.py:numpy-batch
HiSD,0.06309573444801936,0.002,2000000,30,-0.5140625000000001,1.2093749999999999,completed,-25.249373707266738,-56.66924133103383,,,,1,numerical_breakdown,U,state_safeguard,source_norm2_gt_5,nonfinite_derivatives_or_residual,run.py:numpy-batch
HiSD,0.06309573444801936,0.002,2000000,31,-0.5046875000000001,1.2093749999999999,completed,-17.435444576830395,-59.73985787031442,,,,1,numerical_breakdown,U,state_safeguard,source_norm2_gt_5,nonfinite_derivatives_or_residual,run.py:numpy-batch
HiSD,0.06309573444801936,0.002,2000000,32,-0.7953125000000001,1.228125,completed,-18.98086565929392,12.287446723300691,3.9027598566729194e+86,3.486288691498346e+85,7.465630166651489e+87,1,state_safeguard,U,state_safeguard,source_norm2_gt_5,raw_state_verified,run.py:numpy-batch
HiSD,0.06309573444801936,0.002,2000000,33,-0.7859375000000001,1.228125,completed,-20.288034677910083,13.454948400406586,1.395978494915531e+100,1.1842657289615533e+99,2.853956771623529e+101,1,state_safeguard,U,state_safeguard,source_norm2_gt_5,raw_state_verified,run.py:numpy-batch
HiSD,0.06309573444801936,0.002,2000000,34,-0.7765625,1.228125,completed,-21.628270469726836,14.611601842333746,1.0849818649311073e+115,8.724636142877025e+113,2.3664735539780635e+116,1,state_safeguard,U,state_safeguard,source_norm2_gt_5,raw_state_verified,run.py:numpy-batch
HiSD,0.06309573444801936,0.002,2000000,35,-0.7671875,1.228125,completed,-22.999216623281715,15.751843949024465,1.8274732398899268e+131,1.391527873502334e+130,4.244012502098805e+132,1,state_safeguard,U,state_safeguard,source_norm2_gt_5,raw_state_verified,run.py:numpy-batch
HiSD,0.06309573444801936,0.002,2000000,36,-0.7578125,1.228125,completed,-24.39866849428896,16.869675672806398,6.507812901111459e+148,4.6904470750346216e+147,1.6058128562949075e+150,1,state_safeguard,U,state_safeguard,source_norm2_gt_5,raw_state_verified,run.py:numpy-batch
HiSD,0.06309573444801936,0.002,2000000,37,-0.7484375000000001,1.228125,completed,-25.824622425491253,17.95860370297707,,,,1,numerical_breakdown,U,state_safeguard,source_norm2_gt_5,nonfinite_derivatives_or_residual,run.py:numpy-batch
HiSD,0.06309573444801936,0.002,2000000,38,-0.7390625000000001,1.228125,completed,-27.27533225917336,19.011563333522062,,,,1,numerical_breakdown,U,state_safeguard,source_norm2_gt_5,nonfinite_derivatives_or_residual,run.py:numpy-batch
HiSD,0.06309573444801936,0.002,2000000,39,-0.7296875,1.228125,completed,-28.74937400886686,20.020816455780583,,,,1,numerical_breakdown,U,state_safeguard,source_norm2_gt_5,nonfinite_derivatives_or_residual,run.py:numpy-batch
HiSD,0.06309573444801936,0.002,2000000,40,-0.7203125,1.228125,completed,-30.245719664351288,20.977816563649714,,,,1,numerical_breakdown,U,state_safeguard,source_norm2_gt_5,nonfinite_derivatives_or_residual,run.py:numpy-batch
HiSD,0.06309573444801936,0.002,2000000,41,-0.7109375,1.228125,completed,-31.763821130475247,21.87302977708921,,,,1,numerical_breakdown,U,state_safeguard,source_norm2_gt_5,nonfinite_derivatives_or_residual,run.py:numpy-batch
HiSD,0.06309573444801936,0.002,2000000,42,-0.7015625000000001,1.228125,completed,-33.303705138888645,22.69569681454354,,,,1,numerical_breakdown,U,state_safeguard,source_norm2_gt_5,nonfinite_derivatives_or_residual,run.py:numpy-batch
HiSD,0.06309573444801936,0.002,2000000,43,-0.6921875000000001,1.228125,completed,-34.86607942586235,23.433515024255936,,,,1,numerical_breakdown,U,state_safeguard,source_norm2_gt_5,nonfinite_derivatives_or_residual,run.py:numpy-batch
HiSD,0.06309573444801936,0.002,2000000,44,-0.6828125,1.228125,completed,-36.45244916088973,24.072211202401633,,,,1,numerical_breakdown,U,state_safeguard,source_norm2_gt_5,nonfinite_derivatives_or_residual,run.py:numpy-batch
HiSD,0.06309573444801936,0.002,2000000,45,-0.6734375,1.228125,completed,-38.06523983529578,24.594963751452013,,,,1,numerical_breakdown,U,state_safeguard,source_norm2_gt_5,nonfinite_derivatives_or_residual,run.py:numpy-batch
HiSD,0.06309573444801936,0.002,2000000,46,-0.6640625,1.228125,completed,-39.70791724460998,24.981614931261404,,,,1,numerical_breakdown,U,state_safeguard,source_norm2_gt_5,nonfinite_derivatives_or_residual,run.py:numpy-batch
HiSD,0.06309573444801936,0.002,2000000,47,-0.6546875000000001,1.228125,completed,-41.38508428542053,25.207587835974007,,,,1,numerical_breakdown,U,state_safeguard,source_norm2_gt_5,nonfinite_derivatives_or_residual,run.py:numpy-batch
HiSD,0.06309573444801936,0.002,2000000,48,-0.6453125000000001,1.228125,completed,-43.10251319105298,25.242384439626715,,,,1,numerical_breakdown,U,state_safeguard,source_norm2_gt_5,nonfinite_derivatives_or_residual,run.py:numpy-batch
HiSD,0.06309573444801936,0.002,2000000,49,-0.6359375,1.228125,completed,-44.86703118686006,25.047485513369576,,,,1,numerical_breakdown,U,state_safeguard,source_norm2_gt_5,nonfinite_derivatives_or_residual,run.py:numpy-batch
HiSD,0.06309573444801936,0.002,2000000,50,-0.6265625,1.228125,completed,-46.68609919055273,24.57339489737954,,,,1,numerical_breakdown,U,state_safeguard,source_norm2_gt_5,nonfinite_derivatives_or_residual,run.py:numpy-batch
HiSD,0.06309573444801936,0.002,2000000,51,-0.6171875,1.228125,completed,-48.56677179754823,23.75546742933386,,,,1,numerical_breakdown,U,state_safeguard,source_norm2_gt_5,nonfinite_derivatives_or_residual,run.py:numpy-batch
HiSD,0.06309573444801936,0.002,2000000,52,-0.6078125000000001,1.228125,completed,-50.51343440237028,22.508046306724268,,,,1,numerical_breakdown,U,state_safeguard,source_norm2_gt_5,nonfinite_derivatives_or_residual,run.py:numpy-batch
HiSD,0.06309573444801936,0.002,2000000,53,-0.5984375000000001,1.228125,completed,-52.52315332390119,20.71638265253782,,,,1,numerical_breakdown,U,state_safeguard,source_norm2_gt_5,nonfinite_derivatives_or_residual,run.py:numpy-batch
HiSD,0.06309573444801936,0.002,2000000,54,-0.5890625,1.228125,completed,-54.576431621331004,18.226056087018414,,,,1,numerical_breakdown,U,state_safeguard,source_norm2_gt_5,nonfinite_derivatives_or_residual,run.py:numpy-batch
HiSD,0.06309573444801936,0.002,2000000,55,-0.5796875,1.228125,completed,-56.61935677092014,14.830855299072233,,,,1,numerical_breakdown,U,state_safeguard,source_norm2_gt_5,nonfinite_derivatives_or_residual,run.py:numpy-batch
HiSD,0.06309573444801936,0.002,2000000,56,-0.5703125,1.228125,completed,-58.530571883487276,10.264114202340346,,,,1,numerical_breakdown,U,state_safeguard,source_norm2_gt_5,nonfinite_derivatives_or_residual,run.py:numpy-batch
HiSD,0.06309573444801936,0.002,2000000,57,-0.5609375000000001,1.228125,completed,-60.06519901399879,4.209214540119303,,,,1,numerical_breakdown,U,state_safeguard,source_norm2_gt_5,nonfinite_derivatives_or_residual,run.py:numpy-batch
HiSD,0.06309573444801936,0.002,2000000,58,-0.5515625000000001,1.228125,completed,-60.777124722312486,-3.6327206993643757,,,,1,numerical_breakdown,U,state_safeguard,source_norm2_gt_5,nonfinite_derivatives_or_residual,run.py:numpy-batch
HiSD,0.06309573444801936,0.002,2000000,59,-0.5421875,1.228125,completed,-59.966198280511875,-13.354795408052077,,,,1,numerical_breakdown,U,state_safeguard,source_norm2_gt_5,nonfinite_derivatives_or_residual,run.py:numpy-batch
HiSD,0.06309573444801936,0.002,2000000,60,-0.5328125000000001,1.228125,completed,-56.798598898589894,-24.51661721822303,,,,1,numerical_breakdown,U,state_safeguard,source_norm2_gt_5,nonfinite_derivatives_or_residual,run.py:numpy-batch
HiSD,0.06309573444801936,0.002,2000000,61,-0.5234375,1.228125,completed,-50.77779532505486,-35.90932931412391,,,,1,numerical_breakdown,U,state_safeguard,source_norm2_gt_5,nonfinite_derivatives_or_residual,run.py:numpy-batch
HiSD,0.06309573444801936,0.002,2000000,62,-0.5140625000000001,1.228125,completed,-42.33933768779039,-45.91482351031651,,,,1,numerical_breakdown,U,state_safeguard,source_norm2_gt_5,nonfinite_derivatives_or_residual,run.py:numpy-batch
HiSD,0.06309573444801936,0.002,2000000,63,-0.5046875000000001,1.228125,completed,-32.80382309751138,-53.42158036061224,,,,1,numerical_breakdown,U,state_safeguard,source_norm2_gt_5,nonfinite_derivatives_or_residual,run.py:numpy-batch
HiSD,0.06309573444801936,0.002,2000000,64,-0.7953125000000001,1.246875,completed,-16.044383229155166,10.806485656995758,9.459050398147227e+61,1.0347482547032912e+61,1.509363735365189e+63,1,state_safeguard,U,state_safeguard,source_norm2_gt_5,raw_state_verified,run.py:numpy-batch
HiSD,0.06309573444801936,0.002,2000000,65,-0.7859375000000001,1.246875,completed,-17.302936593083608,12.02747105235227,2.155014435758429e+73,2.22525144825988e+72,3.712282773751199e+74,1,state_safeguard,U,state_safeguard,source_norm2_gt_5,raw_state_verified,run.py:numpy-batch
HiSD,0.06309573444801936,0.002,2000000,66,-0.7765625,1.246875,completed,-18.598326787628995,13.248070764523465,1.0807962582472988e+86,1.0507445460282542e+85,2.0054941559622753e+87,1,state_safeguard,U,state_safeguard,source_norm2_gt_5,raw_state_verified,run.py:numpy-batch
HiSD,0.06309573444801936,0.002,2000000,67,-0.7671875,1.246875,completed,-19.927946628617878,14.46351672598601,1.2348509670133793e+100,1.1290931107471789e+99,2.4617614138821956e+101,1,state_safeguard,U,state_safeguard,source_norm2_gt_5,raw_state_verified,run.py:numpy-batch
HiSD,0.06309573444801936,0.002,2000000,68,-0.7578125,1.246875,completed,-21.289266557036434,15.668692969040151,3.245562040679365e+115,2.790874100309342e+114,6.931970435315892e+116,1,state_safeguard,U,state_safeguard,source_norm2_gt_5,raw_state_verified,run.py:numpy-batch
HiSD,0.06309573444801936,0.002,2000000,69,-0.7484375000000001,1.246875,completed,-22.679873418532715,16.858105391841573,1.9327442273113412e+132,1.5639036819952234e+131,4.409936030348464e+133,1,state_safeguard,U,state_safeguard,source_norm2_gt_5,raw_state_verified,run.py:numpy-batch
HiSD,0.06309573444801936,0.002,2000000,70,-0.7390625000000001,1.246875,completed,-24.097515750600778,18.025841016711066,2.5062244714019223e+150,1.910088897515585e+149,6.091702355400492e+151,1,state_safeguard,U,state_safeguard,source_norm2_gt_5,raw_state_verified,run.py:numpy-batch
HiSD,0.06309573444801936,0.002,2000000,71,-0.7296875,1.246875,completed,-25.54015633996986,19.165513286616783,,,,1,numerical_breakdown,U,state_safeguard,source_norm2_gt_5,nonfinite_derivatives_or_residual,run.py:numpy-batch
HiSD,0.06309573444801936,0.002,2000000,72,-0.7203125,1.246875,completed,-27.006033028892613,20.27018886867579,,,,1,numerical_breakdown,U,state_safeguard,source_norm2_gt_5,nonfinite_derivatives_or_residual,run.py:numpy-batch
HiSD,0.06309573444801936,0.002,2000000,73,-0.7109375,1.246875,completed,-28.493728998820973,21.332289934636492,,,,1,numerical_breakdown,U,state_safeguard,source_norm2_gt_5,nonfinite_derivatives_or_residual,run.py:numpy-batch
HiSD,0.06309573444801936,0.002,2000000,74,-0.7015625000000001,1.246875,completed,-30.002254030551182,22.343463790275575,,,,1,numerical_breakdown,U,state_safeguard,source_norm2_gt_5,nonfinite_derivatives_or_residual,run.py:numpy-batch
HiSD,0.06309573444801936,0.002,2000000,75,-0.6921875000000001,1.246875,completed,-31.531138498948962,23.294408763708276,,,,1,numerical_breakdown,U,state_safeguard,source_norm2_gt_5,nonfinite_derivatives_or_residual,run.py:numpy-batch
HiSD,0.06309573444801936,0.002,2000000,76,-0.6828125,1.246875,completed,-33.080542045252976,24.17464102676101,,,,1,numerical_breakdown,U,state_safeguard,source_norm2_gt_5,nonfinite_derivatives_or_residual,run.py:numpy-batch
HiSD,0.06309573444801936,0.002,2000000,77,-0.6734375,1.246875,completed,-34.65137883091409,24.972180912860036,,,,1,numerical_breakdown,U,state_safeguard,source_norm2_gt_5,nonfinite_derivatives_or_residual,run.py:numpy-batch
HiSD,0.06309573444801936,0.002,2000000,78,-0.6640625,1.246875,completed,-36.24546072621784,25.67312837302535,,,,1,numerical_breakdown,U,state_safeguard,source_norm2_gt_5,nonfinite_derivatives_or_residual,run.py:numpy-batch
HiSD,0.06309573444801936,0.002,2000000,79,-0.6546875000000001,1.246875,completed,-37.86565814187748,26.261084047621335,,,,1,numerical_breakdown,U,state_safeguard,source_norm2_gt_5,nonfinite_derivatives_or_residual,run.py:numpy-batch
HiSD,0.06309573444801936,0.002,2000000,80,-0.6453125000000001,1.246875,completed,-39.51607431597456,26.716352817753965,,,,1,numerical_breakdown,U,state_safeguard,source_norm2_gt_5,nonfinite_derivatives_or_residual,run.py:numpy-batch
HiSD,0.06309573444801936,0.002,2000000,81,-0.6359375,1.246875,completed,-41.20222043383526,27.014837223756764,,,,1,numerical_breakdown,U,state_safeguard,source_norm2_gt_5,nonfinite_derivatives_or_residual,run.py:numpy-batch
HiSD,0.06309573444801936,0.002,2000000,82,-0.6265625,1.246875,completed,-42.931161407628466,27.12648360955368,,,,1,numerical_breakdown,U,state_safeguard,source_norm2_gt_5,nonfinite_derivatives_or_residual,run.py:numpy-batch
HiSD,0.06309573444801936,0.002,2000000,83,-0.6171875,1.246875,completed,-44.71156627299298,27.01307660044912,,,,1,numerical_breakdown,U,state_safeguard,source_norm2_gt_5,nonfinite_derivatives_or_residual,run.py:numpy-batch
HiSD,0.06309573444801936,0.002,2000000,84,-0.6078125000000001,1.246875,completed,-46.55352428253881,26.625077080136624,,,,1,numerical_breakdown,U,state_safeguard,source_norm2_gt_5,nonfinite_derivatives_or_residual,run.py:numpy-batch
HiSD,0.06309573444801936,0.002,2000000,85,-0.5984375000000001,1.246875,completed,-48.46783968283342,25.897053737582024,,,,1,numerical_breakdown,U,state_safeguard,source_norm2_gt_5,nonfinite_derivatives_or_residual,run.py:numpy-batch
HiSD,0.06309573444801936,0.002,2000000,86,-0.5890625,1.246875,completed,-50.46421670069602,24.741065890712317,,,,1,numerical_breakdown,U,state_safeguard,source_norm2_gt_5,nonfinite_derivatives_or_residual,run.py:numpy-batch
HiSD,0.06309573444801936,0.002,2000000,87,-0.5796875,1.246875,completed,-52.54713382952099,23.03715820221165,,,,1,numerical_breakdown,U,state_safeguard,source_norm2_gt_5,nonfinite_derivatives_or_residual,run.py:numpy-batch
HiSD,0.06309573444801936,0.002,2000000,88,-0.5703125,1.246875,completed,-54.70698034539883,20.620131026091414,,,,1,numerical_breakdown,U,state_safeguard,source_norm2_gt_5,nonfinite_derivatives_or_residual,run.py:numpy-batch
HiSD,0.06309573444801936,0.002,2000000,89,-0.5609375000000001,1.246875,completed,-56.901683355352176,17.262668873294647,,,,1,numerical_breakdown,U,state_safeguard,source_norm2_gt_5,nonfinite_derivatives_or_residual,run.py:numpy-batch
HiSD,0.06309573444801936,0.002,2000000,90,-0.5515625000000001,1.246875,completed,-59.02011350926091,12.65889617762762,,,,1,numerical_breakdown,U,state_safeguard,source_norm2_gt_5,nonfinite_derivatives_or_residual,run.py:numpy-batch
HiSD,0.06309573444801936,0.002,2000000,91,-0.5421875,1.246875,completed,-60.8143719421943,6.4249944479412315,,,,1,numerical_breakdown,U,state_safeguard,source_norm2_gt_5,nonfinite_derivatives_or_residual,run.py:numpy-batch
HiSD,0.06309573444801936,0.002,2000000,92,-0.5328125000000001,1.246875,completed,-61.79429507669225,-1.8354873335532667,,,,1,numerical_breakdown,U,state_safeguard,source_norm2_gt_5,nonfinite_derivatives_or_residual,run.py:numpy-batch
HiSD,0.06309573444801936,0.002,2000000,93,-0.5234375,1.246875,completed,-61.131961452222434,-12.306846378926743,,,,1,numerical_breakdown,U,state_safeguard,source_norm2_gt_5,nonfinite_derivatives_or_residual,run.py:numpy-batch
HiSD,0.06309573444801936,0.002,2000000,94,-0.5140625000000001,1.246875,completed,-57.77981635056768,-24.514839197241503,,,,1,numerical_breakdown,U,state_safeguard,source_norm2_gt_5,nonfinite_derivatives_or_residual,run.py:numpy-batch
HiSD,0.06309573444801936,0.002,2000000,95,-0.5046875000000001,1.246875,completed,-51.100159466647845,-36.963852984138555,,,,1,numerical_breakdown,U,state_safeguard,source_norm2_gt_5,nonfinite_derivatives_or_residual,run.py:numpy-batch
HiSD,0.06309573444801936,0.002,2000000,96,-0.7953125000000001,1.265625,completed,-13.165459895248937,9.214956344011592,5.628814626467717e+41,7.7786564437911005e+40,7.256460857371004e+42,1,state_safeguard,U,state_safeguard,source_norm2_gt_5,raw_state_verified,run.py:numpy-batch
HiSD,0.06309573444801936,0.002,2000000,97,-0.7859375000000001,1.265625,completed,-14.368254933586341,10.467536537138574,8.361530550937297e+50,1.0798094283089356e+50,1.180367666741961e+52,1,state_safeguard,U,state_safeguard,source_norm2_gt_5,raw_state_verified,run.py:numpy-batch
HiSD,0.06309573444801936,0.002,2000000,98,-0.7765625,1.265625,completed,-15.611936647271326,11.728733947049555,2.588489609852511e+61,3.112331258375646e+60,3.9896240518391047e+62,1,state_safeguard,U,state_safeguard,source_norm2_gt_5,raw_state_verified,run.py:numpy-batch
HiSD,0.06309573444801936,0.002,2000000,99,-0.7671875,1.265625,completed,-16.893767491379258,12.994443485470084,1.8009066732108765e+73,2.013889430638659e+72,3.0197055043125167e+74,1,state_safeguard,U,state_safeguard,source_norm2_gt_5,raw_state_verified,run.py:numpy-batch
HiSD,0.06309573444801936,0.002,2000000,100,-0.7578125,1.265625,completed,-18.21102784775572,14.260257041971181,2.965032208269139e+86,3.085339038143548e+85,5.387622726796954e+87,1,state_safeguard,U,state_safeguard,source_norm2_gt_5,raw_state_verified,run.py:numpy-batch
HiSD,0.06309573444801936,0.002,2000000,101,-0.7484375000000001,1.265625,completed,-19.561044729968128,15.521449723689926,1.1855937721108754e+101,1.1496804709447025e+100,2.3253009818659456e+102,1,state_safeguard,U,state_safeguard,source_norm2_gt_5,raw_state_verified,run.py:numpy-batch
HiSD,0.06309573444801936,0.002,2000000,102,-0.7390625000000001,1.265625,completed,-20.94122628368832,16.772960477912626,1.1504171385744896e+117,1.0416776750990621e+116,2.4259906892790716e+118,1,state_safeguard,U,state_safeguard,source_norm2_gt_5,raw_state_verified,run.py:numpy-batch
HiSD,0.06309573444801936,0.002,2000000,103,-0.7296875,1.265625,completed,-22.34910256970771,18.00936506900542,2.6338710700194187e+134,2.231971009682983e+133,5.949782499592595e+135,1,state_safeguard,U,state_safeguard,source_norm2_gt_5,raw_state_verified,run.py:numpy-batch
HiSD,0.06309573444801936,0.002,2000000,104,-0.7203125,1.265625,completed,-23.78237331134353,19.22483881623266,1.346615138878317e+153,1.0704443958571625e+152,3.247060758896558e+154,1,state_safeguard,U,state_safeguard,source_norm2_gt_5,raw_state_verified,run.py:numpy-batch
HiSD,0.06309573444801936,0.002,2000000,105,-0.7109375,1.265625,completed,-25.238963530115118,20.413105716975075,,,,1,numerical_breakdown,U,state_safeguard,source_norm2_gt_5,nonfinite_derivatives_or_residual,run.py:numpy-batch
HiSD,0.06309573444801936,0.002,2000000,106,-0.7015625000000001,1.265625,completed,-26.71708828735585,21.567369502430545,,,,1,numerical_breakdown,U,state_safeguard,source_norm2_gt_5,nonfinite_derivatives_or_residual,run.py:numpy-batch
HiSD,0.06309573444801936,0.002,2000000,107,-0.6921875000000001,1.265625,completed,-28.215328110719266,22.680220664889266,,,,1,numerical_breakdown,U,state_safeguard,source_norm2_gt_5,nonfinite_derivatives_or_residual,run.py:numpy-batch
HiSD,0.06309573444801936,0.002,2000000,108,-0.6828125,1.265625,completed,-29.732717112953612,23.743511376551368,,,,1,numerical_breakdown,U,state_safeguard,source_norm2_gt_5,nonfinite_derivatives_or_residual,run.py:numpy-batch
HiSD,0.06309573444801936,0.002,2000000,109,-0.6734375,1.265625,completed,-31.268846306589737,24.748187199344326,,,,1,numerical_breakdown,U,state_safeguard,source_norm2_gt_5,nonfinite_derivatives_or_residual,run.py:numpy-batch
HiSD,0.06309573444801936,0.002,2000000,110,-0.6640625,1.265625,completed,-32.823985151309884,25.68406013489064,,,,1,numerical_breakdown,U,state_safeguard,source_norm2_gt_5,nonfinite_derivatives_or_residual,run.py:numpy-batch
HiSD,0.06309573444801936,0.002,2000000,111,-0.6546875000000001,1.265625,completed,-34.39922485910233,26.539501219299503,,,,1,numerical_breakdown,U,state_safeguard,source_norm2_gt_5,nonfinite_derivatives_or_residual,run.py:numpy-batch
HiSD,0.06309573444801936,0.002,2000000,112,-0.6453125000000001,1.265625,completed,-35.99664723161913,27.301021494259206,,,,1,numerical_breakdown,U,state_safeguard,source_norm2_gt_5,nonfinite_derivatives_or_residual,run.py:numpy-batch
HiSD,0.06309573444801936,0.002,2000000,113,-0.6359375,1.265625,completed,-37.619522378930434,27.952696163653666,,,,1,numerical_breakdown,U,state_safeguard,source_norm2_gt_5,nonfinite_derivatives_or_residual,run.py:numpy-batch
HiSD,0.06309573444801936,0.002,2000000,114,-0.6265625,1.265625,completed,-39.27253664666819,28.475365492890322,,,,1,numerical_breakdown,U,state_safeguard,source_norm2_gt_5,nonfinite_derivatives_or_residual,run.py:numpy-batch
HiSD,0.06309573444801936,0.002,2000000,115,-0.6171875,1.265625,completed,-40.962046505170406,28.845513415382584,,,,1,numerical_breakdown,U,state_safeguard,source_norm2_gt_5,nonfinite_derivatives_or_residual,run.py:numpy-batch
HiSD,0.06309573444801936,0.002,2000000,116,-0.6078125000000001,1.265625,completed,-42.69634093497038,29.033674288955194,,,,1,numerical_breakdown,U,state_safeguard,source_norm2_gt_5,nonfinite_derivatives_or_residual,run.py:numpy-batch
HiSD,0.06309573444801936,0.002,2000000,117,-0.5984375000000001,1.265625,completed,-44.4858653040657,29.00213939683228,,,,1,numerical_breakdown,U,state_safeguard,source_norm2_gt_5,nonfinite_derivatives_or_residual,run.py:numpy-batch
HiSD,0.06309573444801936,0.002,2000000,118,-0.5890625,1.265625,completed,-46.343295425648705,28.70161164557943,,,,1,numerical_breakdown,U,state_safeguard,source_norm2_gt_5,nonfinite_derivatives_or_residual,run.py:numpy-batch
HiSD,0.06309573444801936,0.002,2000000,119,-0.5796875,1.265625,completed,-48.28321167886296,28.066267057643074,,,,1,numerical_breakdown,U,state_safeguard,source_norm2_gt_5,nonfinite_derivatives_or_residual,run.py:numpy-batch
HiSD,0.06309573444801936,0.002,2000000,120,-0.5703125,1.265625,completed,-50.32082366365458,27.006400870790348,,,,1,numerical_breakdown,U,state_safeguard,source_norm2_gt_5,nonfinite_derivatives_or_residual,run.py:numpy-batch
HiSD,0.06309573444801936,0.002,2000000,121,-0.5609375000000001,1.265625,completed,-52.468549374665365,25.397466615226847,,,,1,numerical_breakdown,U,state_safeguard,source_norm2_gt_5,nonfinite_derivatives_or_residual,run.py:numpy-batch
HiSD,0.06309573444801936,0.002,2000000,122,-0.5515625000000001,1.265625,completed,-54.7278646652132,23.063999728362823,,,,1,numerical_breakdown,U,state_safeguard,source_norm2_gt_5,nonfinite_derivatives_or_residual,run.py:numpy-batch
HiSD,0.06309573444801936,0.002,2000000,123,-0.5421875,1.265625,completed,-57.070936322446165,19.75732322837957,,,,1,numerical_breakdown,U,state_safeguard,source_norm2_gt_5,nonfinite_derivatives_or_residual,run.py:numpy-batch
HiSD,0.06309573444801936,0.002,2000000,124,-0.5328125000000001,1.265625,completed,-59.400970828624445,15.12947648097763,,,,1,numerical_breakdown,U,state_safeguard,source_norm2_gt_5,nonfinite_derivatives_or_residual,run.py:numpy-batch
HiSD,0.06309573444801936,0.002,2000000,125,-0.5234375,1.265625,completed,-61.47202313134437,8.719824369841518,,,,1,numerical_breakdown,U,state_safeguard,source_norm2_gt_5,nonfinite_derivatives_or_residual,run.py:numpy-batch
HiSD,0.06309573444801936,0.002,2000000,126,-0.5140625000000001,1.265625,completed,-62.74918998952782,0.012160093691313767,,,,1,numerical_breakdown,U,state_safeguard,source_norm2_gt_5,nonfinite_derivatives_or_residual,run.py:numpy-batch
HiSD,0.06309573444801936,0.002,2000000,127,-0.5046875000000001,1.265625,completed,-62.25229827222763,-11.299813102508315,,,,1,numerical_breakdown,U,state_safeguard,source_norm2_gt_5,nonfinite_derivatives_or_residual,run.py:numpy-batch
HiSD,0.06309573444801936,0.002,2000000,128,-0.7953125000000001,1.284375,completed,-10.362618231918912,7.5651564127675845,8.017427289989465e+25,1.4698064883183496e+25,7.970625106837897e+26,1,state_safeguard,U,state_safeguard,source_norm2_gt_5,raw_state_verified,run.py:numpy-batch
HiSD,0.06309573444801936,0.002,2000000,129,-0.7859375000000001,1.284375,completed,-11.502478609156377,8.829978572874932,9.148273387699255e+32,1.5400113052575768e+32,1.0175616545231381e+34,1,state_safeguard,U,state_safeguard,source_norm2_gt_5,raw_state_verified,run.py:numpy-batch
HiSD,0.06309573444801936,0.002,2000000,130,-0.7765625,1.284375,completed,-12.687330729983858,10.111168653860473,1.9094748150582472e+41,2.936695593555088e+40,2.3658614483467565e+42,1,state_safeguard,U,state_safeguard,source_norm2_gt_5,raw_state_verified,run.py:numpy-batch
HiSD,0.06309573444801936,0.002,2000000,131,-0.7671875,1.284375,completed,-13.914409830342313,11.405219730987907,8.185360582952171e+50,1.1495850325921823e+50,1.1234442344854493e+52,1,state_safeguard,U,state_safeguard,source_norm2_gt_5,raw_state_verified,run.py:numpy-batch
HiSD,0.06309573444801936,0.002,2000000,132,-0.7578125,1.284375,completed,-15.180924263362472,12.708340107692955,7.923479772346491e+61,1.018245328792407e+61,1.1975783917639027e+63,1,state_safeguard,U,state_safeguard,source_norm2_gt_5,raw_state_verified,run.py:numpy-batch
HiSD,0.06309573444801936,0.002,2000000,133,-0.7484375000000001,1.284375,completed,-16.484074548246394,14.016449084781915,1.8596900758829897e+74,2.1939543665890114e+73,3.0773148105839096e+75,1,state_safeguard,U,state_safeguard,source_norm2_gt_5,raw_state_verified,run.py:numpy-batch
HiSD,0.06309573444801936,0.002,2000000,134,-0.7390625000000001,1.284375,completed,-17.82107785770612,15.325170035735914,1.1070994843877055e+88,1.2035971154920419e+87,1.9945701475575604e+89,1,state_safeguard,U,state_safeguard,source_norm2_gt_5,raw_state_verified,run.py:numpy-batch
HiSD,0.06309573444801936,0.002,2000000,135,-0.7296875,1.284375,completed,-19.18919814547242,16.629819548060155,1.7007639714523324e+103,1.7106970891041714e+102,3.318792419305649e+104,1,state_safeguard,U,state_safeguard,source_norm2_gt_5,raw_state_verified,run.py:numpy-batch
HiSD,0.06309573444801936,0.002,2000000,136,-0.7203125,1.284375,completed,-20.58578227339987,17.92539109490155,6.66349677623359e+119,6.225430769730269e+118,1.4015779542233892e+121,1,state_safeguard,U,state_safeguard,source_norm2_gt_5,raw_state_verified,run.py:numpy-batch
HiSD,0.06309573444801936,0.002,2000000,137,-0.7109375,1.284375,completed,-22.00830268619733,19.206531295746785,6.3887301448628575e+137,5.564788054808995e+136,1.442032241161597e+139,1,state_safeguard,U,state_safeguard,source_norm2_gt_5,raw_state_verified,run.py:numpy-batch
HiSD,0.06309573444801936,0.002,2000000,138,-0.7015625000000001,1.284375,completed,-23.454407418860153,20.467506261829044,,,,1,numerical_breakdown,U,state_safeguard,source_norm2_gt_5,nonfinite_derivatives_or_residual,run.py:numpy-batch
HiSD,0.06309573444801936,0.002,2000000,139,-0.6921875000000001,1.284375,completed,-24.92197851339481,21.70215475179402,,,,1,numerical_breakdown,U,state_safeguard,source_norm2_gt_5,nonfinite_derivatives_or_residual,run.py:numpy-batch
HiSD,0.06309573444801936,0.002,2000000,140,-0.6828125,1.284375,completed,-26.40920028930916,22.903823793219686,,,,1,numerical_breakdown,U,state_safeguard,source_norm2_gt_5,nonfinite_derivatives_or_residual,run.py:numpy-batch
HiSD,0.06309573444801936,0.002,2000000,141,-0.6734375,1.284375,completed,-27.914639381121265,24.065280921375557,,,,1,numerical_breakdown,U,state_safeguard,source_norm2_gt_5,nonfinite_derivatives_or_residual,run.py:numpy-batch
HiSD,0.06309573444801936,0.002,2000000,142,-0.6640625,1.284375,completed,-29.437339037150988,25.17859506701066,,,,1,numerical_breakdown,U,state_safeguard,source_norm2_gt_5,nonfinite_derivatives_or_residual,run.py:numpy-batch
HiSD,0.06309573444801936,0.002,2000000,143,-0.6546875000000001,1.284375,completed,-30.976930906233214,26.23497507395831,,,,1,numerical_breakdown,U,state_safeguard,source_norm2_gt_5,nonfinite_derivatives_or_residual,run.py:numpy-batch
HiSD,0.06309573444801936,0.002,2000000,144,-0.6453125000000001,1.284375,completed,-32.53376842120759,27.224550407063788,,,,1,numerical_breakdown,U,state_safeguard,source_norm2_gt_5,nonfinite_derivatives_or_residual,run.py:numpy-batch
HiSD,0.06309573444801936,0.002,2000000,145,-0.6359375,1.284375,completed,-34.10908691704352,28.136072096492814,,,,1,numerical_breakdown,U,state_safeguard,source_norm2_gt_5,nonfinite_derivatives_or_residual,run.py:numpy-batch
HiSD,0.06309573444801936,0.002,2000000,146,-0.6265625,1.284375,completed,-35.70519670105941,28.95650224212281,,,,1,numerical_breakdown,U,state_safeguard,source_norm2_gt_5,nonfinite_derivatives_or_residual,run.py:numpy-batch
HiSD,0.06309573444801936,0.002,2000000,147,-0.6171875,1.284375,completed,-37.32571616804453,29.6704456654484,,,,1,numerical_breakdown,U,state_safeguard,source_norm2_gt_5,nonfinite_derivatives_or_residual,run.py:numpy-batch
HiSD,0.06309573444801936,0.002,2000000,148,-0.6078125000000001,1.284375,completed,-38.97585207561009,30.25935462437351,,,,1,numerical_breakdown,U,state_safeguard,source_norm2_gt_5,nonfinite_derivatives_or_residual,run.py:numpy-batch
HiSD,0.06309573444801936,0.002,2000000,149,-0.5984375000000001,1.284375,completed,-40.662731753670876,30.700402096361152,,,,1,numerical_breakdown,U,state_safeguard,source_norm2_gt_5,nonfinite_derivatives_or_residual,run.py:numpy-batch
HiSD,0.06309573444801936,0.002,2000000,150,-0.5890625,1.284375,completed,-42.395783902856685,30.964863007398154,,,,1,numerical_breakdown,U,state_safeguard,source_norm2_gt_5,nonfinite_derivatives_or_residual,run.py:numpy-batch
HiSD,0.06309573444801936,0.002,2000000,151,-0.5796875,1.284375,completed,-44.1871430377006,31.015752682118116,,,,1,numerical_breakdown,U,state_safeguard,source_norm2_gt_5,nonfinite_derivatives_or_residual,run.py:numpy-batch
HiSD,0.06309573444801936,0.002,2000000,152,-0.5703125,1.284375,completed,-46.0520002076171,30.804325810439728,,,,1,numerical_breakdown,U,state_safeguard,source_norm2_gt_5,nonfinite_derivatives_or_residual,run.py:numpy-batch
HiSD,0.06309573444801936,0.002,2000000,153,-0.5609375000000001,1.284375,completed,-48.00869988499884,30.26480246356538,,,,1,numerical_breakdown,U,state_safeguard,source_norm2_gt_5,nonfinite_derivatives_or_residual,run.py:numpy-batch
HiSD,0.06309573444801936,0.002,2000000,154,-0.5515625000000001,1.284375,completed,-50.07809899104218,29.306309731308954,,,,1,numerical_breakdown,U,state_safeguard,source_norm2_gt_5,nonfinite_derivatives_or_residual,run.py:numpy-batch
HiSD,0.06309573444801936,0.002,2000000,155,-0.5421875,1.284375,completed,-52.28104829730666,27.800456999577055,,,,1,numerical_breakdown,U,state_safeguard,source_norm2_gt_5,nonfinite_derivatives_or_residual,run.py:numpy-batch
HiSD,0.06309573444801936,0.002,2000000,156,-0.5328125000000001,1.284375,completed,-54.63134306385784,25.562240334046216,,,,1,numerical_breakdown,U,state_safeguard,source_norm2_gt_5,nonfinite_derivatives_or_residual,run.py:numpy-batch
HiSD,0.06309573444801936,0.002,2000000,157,-0.5234375,1.284375,completed,-57.118041873603254,22.321629055351067,,,,1,numerical_breakdown,U,state_safeguard,source_norm2_gt_5,nonfinite_derivatives_or_residual,run.py:numpy-batch
HiSD,0.06309573444801936,0.002,2000000,158,-0.5140625000000001,1.284375,completed,-59.66359769546439,17.685729952957214,,,,1,numerical_breakdown,U,state_safeguard,source_norm2_gt_5,nonfinite_derivatives_or_residual,run.py:numpy-batch
HiSD,0.06309573444801936,0.002,2000000,159,-0.5046875000000001,1.284375,completed,-62.03070295786497,11.10605644252624,,,,1,numerical_breakdown,U,state_safeguard,source_norm2_gt_5,nonfinite_derivatives_or_residual,run.py:numpy-batch
HiSD,0.06309573444801936,0.002,2000000,160,-0.7953125000000001,1.3031249999999999,completed,-7.653705043258418,5.905428720474437,194913005991335.06,51487045939166.44,1389152305339499.8,1,state_safeguard,U,state_safeguard,source_norm2_gt_5,raw_state_verified,run.py:numpy-batch
HiSD,0.06309573444801936,0.002,2000000,161,-0.7859375000000001,1.3031249999999999,completed,-8.7238801590557,7.165290713576451,2.3504797348583596e+19,5.504352637027366e+18,1.943652752656028e+20,1,state_safeguard,U,state_safeguard,source_norm2_gt_5,raw_state_verified,run.py:numpy-batch
HiSD,0.06309573444801936,0.002,2000000,162,-0.7765625,1.3031249999999999,completed,-9.842994000981149,8.44812714730058,4.219338893966675e+25,8.715611884337002e+24,4.014678847696843e+26,1,state_safeguard,U,state_safeguard,source_norm2_gt_5,raw_state_verified,run.py:numpy-batch
HiSD,0.06309573444801936,0.002,2000000,163,-0.7671875,1.3031249999999999,completed,-11.008339522735428,9.751006826740923,1.312088040402979e+33,2.398493829269528e+32,1.4219436626194896e+34,1,state_safeguard,U,state_safeguard,source_norm2_gt_5,raw_state_verified,run.py:numpy-batch
HiSD,0.06309573444801936,0.002,2000000,164,-0.7578125,1.3031249999999999,completed,-12.217152756703987,11.070715372833833,8.095343011575426e+41,1.3181208623880667e+41,9.891295021759738e+42,1,state_safeguard,U,state_safeguard,source_norm2_gt_5,raw_state_verified,run.py:numpy-batch
HiSD,0.06309573444801936,0.002,2000000,165,-0.7484375000000001,1.3031249999999999,completed,-13.466622225574172,12.403756447174587,1.1124241500899123e+52,1.6254364345932287e+51,1.5180694511848232e+53,1,state_safeguard,U,state_safeguard,source_norm2_gt_5,raw_state_verified,run.py:numpy-batch
HiSD,0.06309573444801936,0.002,2000000,166,-0.7390625000000001,1.3031249999999999,completed,-14.753903867968246,13.746352026089127,3.733762777701528e+63,4.932269412905678e+62,5.642544078354258e+64,1,state_safeguard,U,state_safeguard,source_norm2_gt_5,raw_state_verified,run.py:numpy-batch
HiSD,0.06309573444801936,0.002,2000000,167,-0.7296875,1.3031249999999999,completed,-16.07614140311411,15.09444092993944,3.270674439503211e+76,3.933435960471255e+75,5.432098120397902e+77,1,state_safeguard,U,state_safeguard,source_norm2_gt_5,raw_state_verified,run.py:numpy-batch
HiSD,0.06309573444801936,0.002,2000000,168,-0.7203125,1.3031249999999999,completed,-17.430492196313658,16.44367466773051,7.766844987503063e+90,8.55861733511982e+89,1.4080755705148806e+92,1,state_safeguard,U,state_safeguard,source_norm2_gt_5,raw_state_verified,run.py:numpy-batch
HiSD,0.06309573444801936,0.002,2000000,169,-0.7109375,1.3031249999999999,completed,-18.814158842404222,17.789409443515744,5.040203211410567e+106,5.11879762271002e+105,9.913776776687116e+107,1,state_safeguard,U,state_safeguard,source_norm2_gt_5,raw_state_verified,run.py:numpy-batch
HiSD,0.06309573444801936,0.002,2000000,170,-0.7015625000000001,1.3031249999999999,completed,-20.224426861281565,19.12669288042972,8.733451064409414e+123,8.21794102428355e+122,1.8535880664468273e+125,1,state_safeguard,U,state_safeguard,source_norm2_gt_5,raw_state_verified,run.py:numpy-batch
HiSD,0.06309573444801936,0.002,2000000,171,-0.6921875000000001,1.3031249999999999,completed,-21.658709118359162,20.450243614027958,3.82474022038721e+142,3.350511315610712e+141,8.716117191691309e+143,1,state_safeguard,U,state_safeguard,source_norm2_gt_5,raw_state_verified,run.py:numpy-batch
HiSD,0.06309573444801936,0.002,2000000,172,-0.6828125,1.3031249999999999,completed,-23.114597848712467,21.75442136001239,,,,1,numerical_breakdown,U,state_safeguard,source_norm2_gt_5,nonfinite_derivatives_or_residual,run.py:numpy-batch
HiSD,0.06309573444801936,0.002,2000000,173,-0.6734375,1.3031249999999999,completed,-24.589925506309957,23.033184301468285,,,,1,numerical_breakdown,U,state_safeguard,source_norm2_gt_5,nonfinite_derivatives_or_residual,run.py:numpy-batch
HiSD,0.06309573444801936,0.002,2000000,174,-0.6640625,1.3031249999999999,completed,-26.082836094327934,24.28002959001931,,,,1,numerical_breakdown,U,state_safeguard,source_norm2_gt_5,nonfinite_derivatives_or_residual,run.py:numpy-batch
HiSD,0.06309573444801936,0.002,2000000,175,-0.6546875000000001,1.3031249999999999,completed,-27.591869199002264,25.487911273330106,,,,1,numerical_breakdown,U,state_safeguard,source_norm2_gt_5,nonfinite_derivatives_or_residual,run.py:numpy-batch
HiSD,0.06309573444801936,0.002,2000000,176,-0.6453125000000001,1.3031249999999999,completed,-29.116059684527553,26.64912785315173,,,,1,numerical_breakdown,U,state_safeguard,source_norm2_gt_5,nonfinite_derivatives_or_residual,run.py:numpy-batch
HiSD,0.06309573444801936,0.002,2000000,177,-0.6359375,1.3031249999999999,completed,-30.655056960653727,27.755168637933558,,,,1,numerical_breakdown,U,state_safeguard,source_norm2_gt_5,nonfinite_derivatives_or_residual,run.py:numpy-batch
HiSD,0.06309573444801936,0.002,2000000,178,-0.6265625,1.3031249999999999,completed,-32.209268969911136,28.796503602679735,,,,1,numerical_breakdown,U,state_safeguard,source_norm2_gt_5,nonfinite_derivatives_or_residual,run.py:numpy-batch
HiSD,0.06309573444801936,0.002,2000000,179,-0.6171875,1.3031249999999999,completed,-33.7800376076985,29.76229486514425,,,,1,numerical_breakdown,U,state_safeguard,source_norm2_gt_5,nonfinite_derivatives_or_residual,run.py:numpy-batch
HiSD,0.06309573444801936,0.002,2000000,180,-0.6078125000000001,1.3031249999999999,completed,-35.36985422590913,30.63999791958784,,,,1,numerical_breakdown,U,state_safeguard,source_norm2_gt_5,nonfinite_derivatives_or_residual,run.py:numpy-batch
HiSD,0.06309573444801936,0.002,2000000,181,-0.5984375000000001,1.3031249999999999,completed,-36.98262610316005,31.414805494395857,,,,1,numerical_breakdown,U,state_safeguard,source_norm2_gt_5,nonfinite_derivatives_or_residual,run.py:numpy-batch
HiSD,0.06309573444801936,0.002,2000000,182,-0.5890625,1.3031249999999999,completed,-38.62400698126316,32.06886306519859,,,,1,numerical_breakdown,U,state_safeguard,source_norm2_gt_5,nonfinite_derivatives_or_residual,run.py:numpy-batch
HiSD,0.06309573444801936,0.002,2000000,183,-0.5796875,1.3031249999999999,completed,-40.30180599618456,32.58014721071201,,,,1,numerical_breakdown,U,state_safeguard,source_norm2_gt_5,nonfinite_derivatives_or_residual,run.py:numpy-batch
HiSD,0.06309573444801936,0.002,2000000,184,-0.5703125,1.3031249999999999,completed,-42.026487054767486,32.92083680380464,,,,1,numerical_breakdown,U,state_safeguard,source_norm2_gt_5,nonfinite_derivatives_or_residual,run.py:numpy-batch
HiSD,0.06309573444801936,0.002,2000000,185,-0.5609375000000001,1.3031249999999999,completed,-43.81175867082482,33.05490631891646,,,,1,numerical_breakdown,U,state_safeguard,source_norm2_gt_5,nonfinite_derivatives_or_residual,run.py:numpy-batch
HiSD,0.06309573444801936,0.002,2000000,186,-0.5515625000000001,1.3031249999999999,completed,-45.67521723888995,32.93450213726172,,,,1,numerical_breakdown,U,state_safeguard,source_norm2_gt_5,nonfinite_derivatives_or_residual,run.py:numpy-batch
HiSD,0.06309573444801936,0.002,2000000,187,-0.5421875,1.3031249999999999,completed,-47.63890757927273,32.49437790359726,,,,1,numerical_breakdown,U,state_safeguard,source_norm2_gt_5,nonfinite_derivatives_or_residual,run.py:numpy-batch
HiSD,0.06309573444801936,0.002,2000000,188,-0.5328125000000001,1.3031249999999999,completed,-49.72941211902145,31.643182544144086,,,,1,numerical_breakdown,U,state_safeguard,source_norm2_gt_5,nonfinite_derivatives_or_residual,run.py:numpy-batch
HiSD,0.06309573444801936,0.002,2000000,189,-0.5234375,1.3031249999999999,completed,-51.976447401996595,30.24959485794864,,,,1,numerical_breakdown,U,state_safeguard,source_norm2_gt_5,nonfinite_derivatives_or_residual,run.py:numpy-batch
HiSD,0.06309573444801936,0.002,2000000,190,-0.5140625000000001,1.3031249999999999,completed,-54.407365538115755,28.120077146826286,,,,1,numerical_breakdown,U,state_safeguard,source_norm2_gt_5,nonfinite_derivatives_or_residual,run.py:numpy-batch
HiSD,0.06309573444801936,0.002,2000000,191,-0.5046875000000001,1.3031249999999999,completed,-57.03102531461044,24.963645431964544,,,,1,numerical_breakdown,U,state_safeguard,source_norm2_gt_5,nonfinite_derivatives_or_residual,run.py:numpy-batch
HiSD,0.06309573444801936,0.002,2000000,192,-0.7953125000000001,1.321875,completed,-5.054994183179165,4.281079509957165,4105635.9592393255,1833711.593275827,18464594.18482336,1,state_safeguard,U,state_safeguard,source_norm2_gt_5,raw_state_verified,run.py:numpy-batch
HiSD,0.06309573444801936,0.002,2000000,193,-0.7859375000000001,1.321875,completed,-6.049640030950316,5.520654556126814,8509720982.030899,3077691373.489441,47789593090.27675,1,state_safeguard,U,state_safeguard,source_norm2_gt_5,raw_state_verified,run.py:numpy-batch
HiSD,0.06309573444801936,0.002,2000000,194,-0.7765625,1.321875,completed,-7.0968094662745065,6.788718860932203,197422380174047.47,58452389450237.2,1353740090799749.5,1,state_safeguard,U,state_safeguard,source_norm2_gt_5,raw_state_verified,run.py:numpy-batch
HiSD,0.06309573444801936,0.002,2000000,195,-0.7671875,1.321875,completed,-8.19392155726717,8.08292095492448,6.170938721258619e+19,1.5275371585606674e+19,5.045866813401891e+20,1,state_safeguard,U,state_safeguard,source_norm2_gt_5,raw_state_verified,run.py:numpy-batch
HiSD,0.06309573444801936,0.002,2000000,196,-0.7578125,1.321875,completed,-9.33832303863514,9.400616799312582,3.0933767307664864e+26,6.533083624297003e+25,2.955374391900347e+27,1,state_safeguard,U,state_safeguard,source_norm2_gt_5,raw_state_verified,run.py:numpy-batch
HiSD,0.06309573444801936,0.002,2000000,197,-0.7484375000000001,1.321875,completed,-10.527287567105454,10.738874315287621,2.911155738284828e+34,5.337812178819385e+33,3.1953293948051063e+35,1,state_safeguard,U,state_safeguard,source_norm2_gt_5,raw_state_verified,run.py:numpy-batch
HiSD,0.06309573444801936,0.002,2000000,198,-0.7390625000000001,1.321875,completed,-11.758021050503311,12.094477918790654,5.901304682660056e+43,9.532168791966184e+42,7.338630865751057e+44,1,state_safeguard,U,state_safeguard,source_norm2_gt_5,raw_state_verified,run.py:numpy-batch
HiSD,0.06309573444801936,0.002,2000000,199,-0.7296875,1.321875,completed,-13.027672670274319,13.463932541525203,2.889159151123356e+54,4.161594624087243e+53,4.023481299094654e+55,1,state_safeguard,U,state_safeguard,source_norm2_gt_5,raw_state_verified,run.py:numpy-batch
HiSD,0.06309573444801936,0.002,2000000,200,-0.7203125,1.321875,completed,-14.33335137022359,14.843466553118542,3.732865920016141e+66,4.844459569117206e+65,5.764515265853497e+67,1,state_safeguard,U,state_safeguard,source_norm2_gt_5,raw_state_verified,run.py:numpy-batch
HiSD,0.06309573444801936,0.002,2000000,201,-0.7109375,1.321875,completed,-15.672147730412206,16.229032893280372,1.3521385241563028e+80,1.594965187627162e+79,2.295983352450567e+81,1,state_safeguard,U,state_safeguard,source_norm2_gt_5,raw_state_verified,run.py:numpy-batch
HiSD,0.06309573444801936,0.002,2000000,202,-0.7015625000000001,1.321875,completed,-17.04116129997584,17.61630756530309,1.4151595562067896e+95,1.528801608970855e+94,2.6230180543930006e+96,1,state_safeguard,U,state_safeguard,source_norm2_gt_5,raw_state_verified,run.py:numpy-batch
HiSD,0.06309573444801936,0.002,2000000,203,-0.6921875000000001,1.321875,completed,-18.437533627646857,19.000684431587953,4.2716337221225576e+111,4.254246485525115e+110,8.58712285260645e+112,1,state_safeguard,U,state_safeguard,source_norm2_gt_5,raw_state_verified,run.py:numpy-batch
HiSD,0.06309573444801936,0.002,2000000,204,-0.6828125,1.321875,completed,-19.858487426122846,20.37726496020192,3.5905995108061726e+129,3.3159067380744915e+128,7.784016283484831e+130,1,state_safeguard,U,state_safeguard,source_norm2_gt_5,raw_state_verified,run.py:numpy-batch
HiSD,0.06309573444801936,0.002,2000000,205,-0.6734375,1.321875,completed,-21.30137254128718,21.740841181575053,7.845392395661746e+148,6.752992969396742e+147,1.8248211285865185e+150,1,state_safeguard,U,state_safeguard,source_norm2_gt_5,raw_state_verified,run.py:numpy-batch
HiSD,0.06309573444801936,0.002,2000000,206,-0.6640625,1.321875,completed,-22.76371969599676,23.08586957855955,,,,1,numerical_breakdown,U,state_safeguard,source_norm2_gt_5,nonfinite_derivatives_or_residual,run.py:numpy-batch
HiSD,0.06309573444801936,0.002,2000000,207,-0.6546875000000001,1.321875,completed,-24.2433033563031,24.40643290076265,,,,1,numerical_breakdown,U,state_safeguard,source_norm2_gt_5,nonfinite_derivatives_or_residual,run.py:numpy-batch
HiSD,0.06309573444801936,0.002,2000000,208,-0.6453125000000001,1.321875,completed,-25.738215570557113,25.696185864424468,,,,1,numerical_breakdown,U,state_safeguard,source_norm2_gt_5,nonfinite_derivatives_or_residual,run.py:numpy-batch
HiSD,0.06309573444801936,0.002,2000000,209,-0.6359375,1.321875,completed,-27.24695328387104,26.94827925828051,,,,1,numerical_breakdown,U,state_safeguard,source_norm2_gt_5,nonfinite_derivatives_or_residual,run.py:numpy-batch
HiSD,0.06309573444801936,0.002,2000000,210,-0.6265625,1.321875,completed,-28.768522509362413,28.155254903284558,,,,1,numerical_breakdown,U,state_safeguard,source_norm2_gt_5,nonfinite_derivatives_or_residual,run.py:numpy-batch
HiSD,0.06309573444801936,0.002,2000000,211,-0.6171875,1.321875,completed,-30.302563907679254,29.308900913400787,,,,1,numerical_breakdown,U,state_safeguard,source_norm2_gt_5,nonfinite_derivatives_or_residual,run.py:numpy-batch
HiSD,0.06309573444801936,0.002,2000000,212,-0.6078125000000001,1.321875,completed,-31.849505898095998,30.4000522817885,,,,1,numerical_breakdown,U,state_safeguard,source_norm2_gt_5,nonfinite_derivatives_or_residual,run.py:numpy-batch
HiSD,0.06309573444801936,0.002,2000000,213,-0.5984375000000001,1.321875,completed,-33.41075352898554,31.41831519606132,,,,1,numerical_breakdown,U,state_safeguard,source_norm2_gt_5,nonfinite_derivatives_or_residual,run.py:numpy-batch
HiSD,0.06309573444801936,0.002,2000000,214,-0.5890625,1.321875,completed,-34.98892412835214,32.351683407446394,,,,1,numerical_breakdown,U,state_safeguard,source_norm2_gt_5,nonfinite_derivatives_or_residual,run.py:numpy-batch
HiSD,0.06309573444801936,0.002,2000000,215,-0.5796875,1.321875,completed,-36.5881443873495,33.18599935556259,,,,1,numerical_breakdown,U,state_safeguard,source_norm2_gt_5,nonfinite_derivatives_or_residual,run.py:numpy-batch
HiSD,0.06309573444801936,0.002,2000000,216,-0.5703125,1.321875,completed,-38.214428050228655,33.90418806555535,,,,1,numerical_breakdown,U,state_safeguard,source_norm2_gt_5,nonfinite_derivatives_or_residual,run.py:numpy-batch
HiSD,0.06309573444801936,0.002,2000000,217,-0.5609375000000001,1.321875,completed,-39.876158469813134,34.485152036645644,,,,1,numerical_breakdown,U,state_safeguard,source_norm2_gt_5,nonfinite_derivatives_or_residual,run.py:numpy-batch
HiSD,0.06309573444801936,0.002,2000000,218,-0.5515625000000001,1.321875,completed,-41.58470453894211,34.90214980254474,,,,1,numerical_breakdown,U,state_safeguard,source_norm2_gt_5,nonfinite_derivatives_or_residual,run.py:numpy-batch
HiSD,0.06309573444801936,0.002,2000000,219,-0.5421875,1.321875,completed,-43.355197607834384,35.12037054548817,,,,1,numerical_breakdown,U,state_safeguard,source_norm2_gt_5,nonfinite_derivatives_or_residual,run.py:numpy-batch
HiSD,0.06309573444801936,0.002,2000000,220,-0.5328125000000001,1.321875,completed,-45.20747896166659,35.09322746386353,,,,1,numerical_breakdown,U,state_safeguard,source_norm2_gt_5,nonfinite_derivatives_or_residual,run.py:numpy-batch
HiSD,0.06309573444801936,0.002,2000000,221,-0.5234375,1.321875,completed,-47.16716008937277,34.75655992058606,,,,1,numerical_breakdown,U,state_safeguard,source_norm2_gt_5,nonfinite_derivatives_or_residual,run.py:numpy-batch
HiSD,0.06309573444801936,0.002,2000000,222,-0.5140625000000001,1.321875,completed,-49.26653548134558,34.0193425160081,,,,1,numerical_breakdown,U,state_safeguard,source_norm2_gt_5,nonfinite_derivatives_or_residual,run.py:numpy-batch
HiSD,0.06309573444801936,0.002,2000000,223,-0.5046875000000001,1.321875,completed,-51.54451891246554,32.748445072912084,,,,1,numerical_breakdown,U,state_safeguard,source_norm2_gt_5,nonfinite_derivatives_or_residual,run.py:numpy-batch
HiSD,0.06309573444801936,0.002,2000000,225,-0.7859375000000001,1.340625,completed,-3.494904838802382,3.940931049654762,19043.28350072078,12184.085525290518,68325.79218749511,1,state_safeguard,U,state_safeguard,source_norm2_gt_5,raw_state_verified,run.py:numpy-batch
HiSD,0.06309573444801936,0.002,2000000,226,-0.7765625,1.340625,completed,-4.465140302059599,5.179442050371798,10241327.72511648,4460235.898451909,47475679.52604825,1,state_safeguard,U,state_safeguard,source_norm2_gt_5,raw_state_verified,run.py:numpy-batch
HiSD,0.06309573444801936,0.002,2000000,227,-0.7671875,1.340625,completed,-5.4885172548328285,6.449146723659956,52071438189.86612,17390111835.728203,308970737759.5644,1,state_safeguard,U,state_safeguard,source_norm2_gt_5,raw_state_verified,run.py:numpy-batch
HiSD,0.06309573444801936,0.002,2000000,228,-0.7578125,1.340625,completed,-6.562563729538493,7.747982653306002,3160404332650800.0,852786626960689.6,2.302010954089099e+16,1,state_safeguard,U,state_safeguard,source_norm2_gt_5,raw_state_verified,run.py:numpy-batch
HiSD,0.06309573444801936,0.002,2000000,229,-0.7484375000000001,1.340625,completed,-7.684722327397505,9.073584420546984,2.797654704365251e+21,6.315479795905791e+20,2.4275891661942745e+22,1,state_safeguard,U,state_safeguard,source_norm2_gt_5,raw_state_verified,run.py:numpy-batch
HiSD,0.06309573444801936,0.002,2000000,230,-0.7390625000000001,1.340625,completed,-8.852345461155002,10.42329110466715,4.322792637334668e+28,8.369392845122786e+27,4.369349782225043e+29,1,state_safeguard,U,state_safeguard,source_norm2_gt_5,raw_state_verified,run.py:numpy-batch
HiSD,0.06309573444801936,0.002,2000000,231,-0.7296875,1.340625,completed,-10.06269702809467,11.794153786204935,1.3665958325606107e+37,2.312130366592069e+36,1.5812729727090184e+38,1,state_safeguard,U,state_safeguard,source_norm2_gt_5,raw_state_verified,run.py:numpy-batch
HiSD,0.06309573444801936,0.002,2000000,232,-0.7203125,1.340625,completed,-11.312959951972285,13.182942725041913,1.0129350613882256e+47,1.5196816034802582e+46,1.3231855201344204e+48,1,state_safeguard,U,state_safeguard,source_norm2_gt_5,raw_state_verified,run.py:numpy-batch
HiSD,0.06309573444801936,0.002,2000000,233,-0.7109375,1.340625,completed,-12.600249215808248,14.586153827873487,1.9672772934121217e+58,2.648282453151483e+57,2.868279841337924e+59,1,state_safeguard,U,state_safeguard,source_norm2_gt_5,raw_state_verified,run.py:numpy-batch
HiSD,0.06309573444801936,0.002,2000000,234,-0.7015625000000001,1.340625,completed,-13.921630169321455,16.00001393207813,1.0883870613124357e+71,1.3275604026431843e+70,1.7542983550121874e+72,1,state_safeguard,U,state_safeguard,source_norm2_gt_5,raw_state_verified,run.py:numpy-batch
HiSD,0.06309573444801936,0.002,2000000,235,-0.6921875000000001,1.340625,completed,-15.274142049882716,17.420484311210757,1.809678069193825e+85,2.016652631271386e+84,3.19846703485761e+86,1,state_safeguard,U,state_safeguard,source_norm2_gt_5,raw_state_verified,run.py:numpy-batch
HiSD,0.06309573444801936,0.002,2000000,236,-0.6828125,1.340625,completed,-16.654826814589715,18.84326164582139,9.239470119369537e+100,9.473707873890518e+99,1.778020597083337e+102,1,state_safeguard,U,state_safeguard,source_norm2_gt_5,raw_state_verified,run.py:numpy-batch
HiSD,0.06309573444801936,0.002,2000000,237,-0.6734375,1.340625,completed,-18.060763554952338,20.263775491118007,1.430763159552119e+118,1.3582369630150148e+117,2.979264183360622e+119,1,state_safeguard,U,state_safeguard,source_norm2_gt_5,raw_state_verified,run.py:numpy-batch
HiSD,0.06309573444801936,0.002,2000000,238,-0.6640625,1.340625,completed,-19.489108971005482,21.677180990072436,6.409104799390061e+136,5.663938791562844e+135,1.436128866982937e+138,1,state_safeguard,U,state_safeguard,source_norm2_gt_5,raw_state_verified,run.py:numpy-batch
HiSD,0.06309573444801936,0.002,2000000,239,-0.6546875000000001,1.340625,completed,-20.937144632215972,23.078345203009007,,,,1,numerical_breakdown,U,state_safeguard,source_norm2_gt_5,nonfinite_derivatives_or_residual,run.py:numpy-batch
HiSD,0.06309573444801936,0.002,2000000,240,-0.6453125000000001,1.340625,completed,-22.402332070670308,24.461824912520623,,,,1,numerical_breakdown,U,state_safeguard,source_norm2_gt_5,nonfinite_derivatives_or_residual,run.py:numpy-batch
HiSD,0.06309573444801936,0.002,2000000,241,-0.6359375,1.340625,completed,-23.882377170227862,25.82183305393692,,,,1,numerical_breakdown,U,state_safeguard,source_norm2_gt_5,nonfinite_derivatives_or_residual,run.py:numpy-batch
HiSD,0.06309573444801936,0.002,2000000,242,-0.6265625,1.340625,completed,-25.375305860408158,27.15218994113523,,,,1,numerical_breakdown,U,state_safeguard,source_norm2_gt_5,nonfinite_derivatives_or_residual,run.py:numpy-batch
HiSD,0.06309573444801936,0.002,2000000,243,-0.6171875,1.340625,completed,-26.879553869326198,28.446254056042513,,,,1,numerical_breakdown,U,state_safeguard,source_norm2_gt_5,nonfinite_derivatives_or_residual,run.py:numpy-batch
HiSD,0.06309573444801936,0.002,2000000,244,-0.6078125000000001,1.340625,completed,-28.394074286099297,29.69682517115073,,,,1,numerical_breakdown,U,state_safeguard,source_norm2_gt_5,nonfinite_derivatives_or_residual,run.py:numpy-batch
HiSD,0.06309573444801936,0.002,2000000,245,-0.5984375000000001,1.340625,completed,-29.91846805969762,30.89600964421501,,,,1,numerical_breakdown,U,state_safeguard,source_norm2_gt_5,nonfinite_derivatives_or_residual,run.py:numpy-batch
HiSD,0.06309573444801936,0.002,2000000,246,-0.5890625,1.340625,completed,-31.453144449922874,32.03503338759381,,,,1,numerical_breakdown,U,state_safeguard,source_norm2_gt_5,nonfinite_derivatives_or_residual,run.py:numpy-batch
HiSD,0.06309573444801936,0.002,2000000,247,-0.5796875,1.340625,completed,-32.99952106688242,33.103981469072394,,,,1,numerical_breakdown,U,state_safeguard,source_norm2_gt_5,nonfinite_derivatives_or_residual,run.py:numpy-batch
HiSD,0.06309573444801936,0.002,2000000,248,-0.5703125,1.340625,completed,-34.56027677055571,34.09143325044681,,,,1,numerical_breakdown,U,state_safeguard,source_norm2_gt_5,nonfinite_derivatives_or_residual,run.py:numpy-batch
HiSD,0.06309573444801936,0.002,2000000,249,-0.5609375000000001,1.340625,completed,-36.13967573633625,34.98394622892599,,,,1,numerical_breakdown,U,state_safeguard,source_norm2_gt_5,nonfinite_derivatives_or_residual,run.py:numpy-batch
HiSD,0.06309573444801936,0.002,2000000,250,-0.5515625000000001,1.340625,completed,-37.74398788023641,35.76531657692605,,,,1,numerical_breakdown,U,state_safeguard,source_norm2_gt_5,nonfinite_derivatives_or_residual,run.py:numpy-batch
HiSD,0.06309573444801936,0.002,2000000,251,-0.5421875,1.340625,completed,-39.382039989123264,36.4155032206584,,,,1,numerical_breakdown,U,state_safeguard,source_norm2_gt_5,nonfinite_derivatives_or_residual,run.py:numpy-batch
HiSD,0.06309573444801936,0.002,2000000,252,-0.5328125000000001,1.340625,completed,-41.06594325509636,36.90903336801298,,,,1,numerical_breakdown,U,state_safeguard,source_norm2_gt_5,nonfinite_derivatives_or_residual,run.py:numpy-batch
HiSD,0.06309573444801936,0.002,2000000,253,-0.5234375,1.340625,completed,-42.8120546042176,37.21258898128753,,,,1,numerical_breakdown,U,state_safeguard,source_norm2_gt_5,nonfinite_derivatives_or_residual,run.py:numpy-batch
HiSD,0.06309573444801936,0.002,2000000,254,-0.5140625000000001,1.340625,completed,-44.642233730179804,37.28126480317584,,,,1,numerical_breakdown,U,state_safeguard,source_norm2_gt_5,nonfinite_derivatives_or_residual,run.py:numpy-batch
HiSD,0.06309573444801936,0.002,2000000,255,-0.5046875000000001,1.340625,completed,-46.58543084260368,37.05261011928094,,,,1,numerical_breakdown,U,state_safeguard,source_norm2_gt_5,nonfinite_derivatives_or_residual,run.py:numpy-batch
HiSD,0.06309573444801936,0.002,2000000,259,-0.7671875,1.359375,completed,-2.907569882191886,4.896085657989382,394656.0449776736,136395.29180321735,1827524.2974673077,1,state_safeguard,U,state_safeguard,source_norm2_gt_5,raw_state_verified,run.py:numpy-batch
HiSD,0.06309573444801936,0.002,2000000,260,-0.7578125,1.359375,completed,-3.90662418895156,6.160605827393185,476073601.3054583,136506790.5141134,2753049591.9940577,1,state_safeguard,U,state_safeguard,source_norm2_gt_5,raw_state_verified,run.py:numpy-batch
HiSD,0.06309573444801936,0.002,2000000,261,-0.7484375000000001,1.359375,completed,-4.9567361017862215,7.457147772080802,6172681039213.771,1505835204872.6636,43420879603850.16,1,state_safeguard,U,state_safeguard,source_norm2_gt_5,raw_state_verified,run.py:numpy-batch
HiSD,0.06309573444801936,0.002,2000000,262,-0.7390625000000001,1.359375,completed,-6.055493126620836,8.783609599523938,1.0601408573691868e+18,2.232949392571309e+17,8.856288496044796e+18,1,state_safeguard,U,state_safeguard,source_norm2_gt_5,raw_state_verified,run.py:numpy-batch
HiSD,0.06309573444801936,0.002,2000000,263,-0.7296875,1.359375,completed,-7.200372848514211,10.13758562674868,2.927084958130205e+24,5.397613782187391e+23,2.846942456611136e+25,1,state_safeguard,U,state_safeguard,source_norm2_gt_5,raw_state_verified,run.py:numpy-batch
HiSD,0.06309573444801936,0.002,2000000,264,-0.7203125,1.359375,completed,-8.388741736868308,11.516376499784446,1.5490937540443003e+32,2.5315844651311104e+31,1.7260387653766645e+33,1,state_safeguard,U,state_safeguard,source_norm2_gt_5,raw_state_verified,run.py:numpy-batch
HiSD,0.06309573444801936,0.002,2000000,265,-0.7109375,1.359375,completed,-9.617859912702919,12.916998967896062,1.8358239576948343e+41,2.6869539207991303e+40,2.3123217891113185e+42,1,state_safeguard,U,state_safeguard,source_norm2_gt_5,raw_state_verified,run.py:numpy-batch
HiSD,0.06309573444801936,0.002,2000000,266,-0.7015625000000001,1.359375,completed,-10.884891369415618,14.336195129717082,5.560783154764971e+51,7.355626262062885e+50,7.830054964495719e+52,1,state_safeguard,U,state_safeguard,source_norm2_gt_5,raw_state_verified,run.py:numpy-batch
HiSD,0.06309573444801936,0.002,2000000,267,-0.6921875000000001,1.359375,completed,-12.186919316396267,15.770440881312132,4.787082413332148e+63,5.7681193599032265e+62,7.464694484214772e+64,1,state_safeguard,U,state_safeguard,source_norm2_gt_5,raw_state_verified,run.py:numpy-batch
HiSD,0.06309573444801936,0.002,2000000,268,-0.6828125,1.359375,completed,-13.520966474456374,17.21595318779713,1.2651664048319365e+77,1.3982886737837006e+76,2.1670704982391927e+78,1,state_safeguard,U,state_safeguard,source_norm2_gt_5,raw_state_verified,run.py:numpy-batch
HiSD,0.06309573444801936,0.002,2000000,269,-0.6734375,1.359375,completed,-14.884020301202531,18.66869566986102,1.0745241239622017e+92,1.0960143476599553e+91,2.0074691630124808e+93,1,state_safeguard,U,state_safeguard,source_norm2_gt_5,raw_state_verified,run.py:numpy-batch
HiSD,0.06309573444801936,0.002,2000000,270,-0.6640625,1.359375,completed,-16.273063281382736,20.124381832046986,2.968377005419439e+108,2.8096708138067263e+107,6.010952797781454e+109,1,state_safeguard,U,state_safeguard,source_norm2_gt_5,raw_state_verified,run.py:numpy-batch
HiSD,0.06309573444801936,0.002,2000000,271,-0.6546875000000001,1.359375,completed,-17.685108590726593,21.578475051971328,2.6057297426058328e+126,2.30015143220917e+125,5.68751341841485e+127,1,state_safeguard,U,state_safeguard,source_norm2_gt_5,raw_state_verified,run.py:numpy-batch
HiSD,0.06309573444801936,0.002,2000000,272,-0.6453125000000001,1.359375,completed,-19.117241649308983,23.026184178913493,6.845437369598586e+145,5.6608347788085635e+144,1.602437602281004e+147,1,state_safeguard,U,state_safeguard,source_norm2_gt_5,raw_state_verified,run.py:numpy-batch
HiSD,0.06309573444801936,0.002,2000000,273,-0.6359375,1.359375,completed,-20.566668339159346,24.462453231220533,,,,1,numerical_breakdown,U,state_safeguard,source_norm2_gt_5,nonfinite_derivatives_or_residual,run.py:numpy-batch
HiSD,0.06309573444801936,0.002,2000000,274,-0.6265625,1.359375,completed,-22.030770995302195,25.88194319602913,,,,1,numerical_breakdown,U,state_safeguard,source_norm2_gt_5,nonfinite_derivatives_or_residual,run.py:numpy-batch
HiSD,0.06309573444801936,0.002,2000000,275,-0.6171875,1.359375,completed,-23.50717371921704,27.279003268006626,,,,1,numerical_breakdown,U,state_safeguard,source_norm2_gt_5,nonfinite_derivatives_or_residual,run.py:numpy-batch
HiSD,0.06309573444801936,0.002,2000000,276,-0.6078125000000001,1.359375,completed,-24.99381915712516,28.647627929249914,,,,1,numerical_breakdown,U,state_safeguard,source_norm2_gt_5,nonfinite_derivatives_or_residual,run.py:numpy-batch
HiSD,0.06309573444801936,0.002,2000000,277,-0.5984375000000001,1.359375,completed,-26.489059692496497,29.98139494586502,,,,1,numerical_breakdown,U,state_safeguard,source_norm2_gt_5,nonfinite_derivatives_or_residual,run.py:numpy-batch
HiSD,0.06309573444801936,0.002,2000000,278,-0.5890625,1.359375,completed,-27.991767113296547,31.273377442828192,,,,1,numerical_breakdown,U,state_safeguard,source_norm2_gt_5,nonfinite_derivatives_or_residual,run.py:numpy-batch
HiSD,0.06309573444801936,0.002,2000000,279,-0.5796875,1.359375,completed,-29.501466365287108,32.51602040817916,,,,1,numerical_breakdown,U,state_safeguard,source_norm2_gt_5,nonfinite_derivatives_or_residual,run.py:numpy-batch
HiSD,0.06309573444801936,0.002,2000000,280,-0.5703125,1.359375,completed,-31.018501182919387,33.700967785510656,,,,1,numerical_breakdown,U,state_safeguard,source_norm2_gt_5,nonfinite_derivatives_or_residual,run.py:numpy-batch
HiSD,0.06309573444801936,0.002,2000000,281,-0.5609375000000001,1.359375,completed,-32.54424248570669,34.81881994542392,,,,1,numerical_breakdown,U,state_safeguard,source_norm2_gt_5,nonfinite_derivatives_or_residual,run.py:numpy-batch
HiSD,0.06309573444801936,0.002,2000000,282,-0.5515625000000001,1.359375,completed,-34.081354864891296,35.858791461926444,,,,1,numerical_breakdown,U,state_safeguard,source_norm2_gt_5,nonfinite_derivatives_or_residual,run.py:numpy-batch
HiSD,0.06309573444801936,0.002,2000000,283,-0.5421875,1.359375,completed,-35.634142879813645,36.80822352336141,,,,1,numerical_breakdown,U,state_safeguard,source_norm2_gt_5,nonfinite_derivatives_or_residual,run.py:numpy-batch
HiSD,0.06309573444801936,0.002,2000000,284,-0.5328125000000001,1.359375,completed,-37.20900812705564,37.651880088126845,,,,1,numerical_breakdown,U,state_safeguard,source_norm2_gt_5,nonfinite_derivatives_or_residual,run.py:numpy-batch
HiSD,0.06309573444801936,0.002,2000000,285,-0.5234375,1.359375,completed,-38.81506135987346,38.370915105945585,,,,1,numerical_breakdown,U,state_safeguard,source_norm2_gt_5,nonfinite_derivatives_or_residual,run.py:numpy-batch
HiSD,0.06309573444801936,0.002,2000000,286,-0.5140625000000001,1.359375,completed,-40.46495278445689,38.94132702303446,,,,1,numerical_breakdown,U,state_safeguard,source_norm2_gt_5,nonfinite_derivatives_or_residual,run.py:numpy-batch
HiSD,0.06309573444801936,0.002,2000000,287,-0.5046875000000001,1.359375,completed,-42.176009130878484,39.331592286789906,,,,1,numerical_breakdown,U,state_safeguard,source_norm2_gt_5,nonfinite_derivatives_or_residual,run.py:numpy-batch
HiSD,0.06309573444801936,0.002,2000000,293,-0.7484375000000001,1.378125,completed,-2.35946378991628,5.93761564597629,155622244.40045464,29911920.205862142,1003544495.2789735,1,state_safeguard,U,state_safeguard,source_norm2_gt_5,raw_state_verified,run.py:numpy-batch
HiSD,0.06309573444801936,0.002,2000000,294,-0.7390625000000001,1.378125,completed,-3.3849481037301232,7.22459621052952,477309549700.8953,86920056550.94351,3577900750358.574,1,state_safeguard,U,state_safeguard,source_norm2_gt_5,raw_state_verified,run.py:numpy-batch
HiSD,0.06309573444801936,0.002,2000000,295,-0.7296875,1.378125,completed,-4.45926665151076,8.544615252989631,1.7647803903106202e+16,2991615058351670.5,1.5270580483112726e+17,1,state_safeguard,U,state_safeguard,source_norm2_gt_5,raw_state_verified,run.py:numpy-batch
HiSD,0.06309573444801936,0.002,2000000,296,-0.7203125,1.378125,completed,-5.580074798247381,9.89549630254426,9.604200249454775e+21,1.5025208739909473e+21,9.503620848950926e+22,1,state_safeguard,U,state_safeguard,source_norm2_gt_5,raw_state_verified,run.py:numpy-batch
HiSD,0.06309573444801936,0.002,2000000,297,-0.7109375,1.378125,completed,-6.744890647871427,11.274764900117177,9.282831614691772e+28,1.3362675016031893e+28,1.040247196497674e+30,1,state_safeguard,U,state_safeguard,source_norm2_gt_5,raw_state_verified,run.py:numpy-batch
HiSD,0.06309573444801936,0.002,2000000,298,-0.7015625000000001,1.378125,completed,-7.951098134997315,12.679660213245084,1.8914513433386015e+37,2.5059186659101984e+36,2.378219903982801e+38,1,state_safeguard,U,state_safeguard,source_norm2_gt_5,raw_state_verified,run.py:numpy-batch
HiSD,0.06309573444801936,0.002,2000000,299,-0.6921875000000001,1.378125,completed,-9.195955372099508,14.107146186011857,9.449889278811632e+46,1.154568703751728e+46,1.3218708548497683e+48,1,state_safeguard,U,state_safeguard,source_norm2_gt_5,raw_state_verified,run.py:numpy-batch
HiSD,0.06309573444801936,0.002,2000000,300,-0.6828125,1.378125,completed,-10.4766078541782,15.553922141166053,1.3146900182149457e+58,1.4855709006262787e+57,2.0302402291891755e+59,1,state_safeguard,U,state_safeguard,source_norm2_gt_5,raw_state_verified,run.py:numpy-batch
HiSD,0.06309573444801936,0.002,2000000,301,-0.6734375,1.378125,completed,-11.790106280491576,17.016432642539684,5.629083898421142e+70,5.902410125100845e+69,9.530356060029582e+71,1,state_safeguard,U,state_safeguard,source_norm2_gt_5,raw_state_verified,run.py:numpy-batch
HiSD,0.06309573444801936,0.002,2000000,302,-0.6640625,1.378125,completed,-13.133428891251581,18.49087630909221,7.954898702355618e+84,7.76725472752487e+83,1.467345309128706e+86,1,state_safeguard,U,state_safeguard,source_norm2_gt_5,raw_state_verified,run.py:numpy-batch
HiSD,0.06309573444801936,0.002,2000000,303,-0.6546875000000001,1.378125,completed,-14.503508354725803,19.973213136862487,3.850774460924064e+100,3.5136099849132244e+99,7.694962033657222e+101,1,state_safeguard,U,state_safeguard,source_norm2_gt_5,raw_state_verified,run.py:numpy-batch
HiSD,0.06309573444801936,0.002,2000000,304,-0.6453125000000001,1.378125,completed,-15.897263382724956,21.45916972706315,6.39896312518218e+117,5.475156517251041e+116,1.378109316087939e+119,1,state_safeguard,U,state_safeguard,source_norm2_gt_5,raw_state_verified,run.py:numpy-batch
HiSD,0.06309573444801936,0.002,2000000,305,-0.6359375,1.378125,completed,-17.311635422751515,22.944241618040675,3.5259186019820525e+136,2.83863434171459e+135,8.145291730110624e+137,1,state_safeguard,U,state_safeguard,source_norm2_gt_5,raw_state_verified,run.py:numpy-batch
HiSD,0.06309573444801936,0.002,2000000,306,-0.6265625,1.378125,completed,-18.743630973168468,24.423691669365912,,,,1,numerical_breakdown,U,state_safeguard,source_norm2_gt_5,nonfinite_derivatives_or_residual,run.py:numpy-batch
HiSD,0.06309573444801936,0.002,2000000,307,-0.6171875,1.378125,completed,-20.190370333868145,25.89254310735821,,,,1,numerical_breakdown,U,state_safeguard,source_norm2_gt_5,nonfinite_derivatives_or_residual,run.py:numpy-batch
HiSD,0.06309573444801936,0.002,2000000,308,-0.6078125000000001,1.378125,completed,-21.649143940789873,27.345565394335836,,,,1,numerical_breakdown,U,state_safeguard,source_norm2_gt_5,nonfinite_derivatives_or_residual,run.py:numpy-batch
HiSD,0.06309573444801936,0.002,2000000,309,-0.5984375000000001,1.378125,completed,-23.11747789087831,28.77725046256183,,,,1,numerical_breakdown,U,state_safeguard,source_norm2_gt_5,nonfinite_derivatives_or_residual,run.py:numpy-batch
HiSD,0.06309573444801936,0.002,2000000,310,-0.5890625,1.378125,completed,-24.593210887340348,30.181775983415168,,,,1,numerical_breakdown,U,state_safeguard,source_norm2_gt_5,nonfinite_derivatives_or_residual,run.py:numpy-batch
HiSD,0.06309573444801936,0.002,2000000,311,-0.5796875,1.378125,completed,-26.074585690852267,31.552951104860604,,,,1,numerical_breakdown,U,state_safeguard,source_norm2_gt_5,nonfinite_derivatives_or_residual,run.py:numpy-batch
HiSD,0.06309573444801936,0.002,2000000,312,-0.5703125,1.378125,completed,-27.56035936163643,32.88413829326285,,,,1,numerical_breakdown,U,state_safeguard,source_norm2_gt_5,nonfinite_derivatives_or_residual,run.py:numpy-batch
HiSD,0.06309573444801936,0.002,2000000,313,-0.5609375000000001,1.378125,completed,-29.04993827438634,34.16814226423773,,,,1,numerical_breakdown,U,state_safeguard,source_norm2_gt_5,nonfinite_derivatives_or_residual,run.py:numpy-batch
HiSD,0.06309573444801936,0.002,2000000,314,-0.5515625000000001,1.378125,completed,-30.54354631020391,35.39705301290226,,,,1,numerical_breakdown,U,state_safeguard,source_norm2_gt_5,nonfinite_derivatives_or_residual,run.py:numpy-batch
HiSD,0.06309573444801936,0.002,2000000,315,-0.5421875,1.378125,completed,-32.04243814801664,36.562023866779136,,,,1,numerical_breakdown,U,state_safeguard,source_norm2_gt_5,nonfinite_derivatives_or_residual,run.py:numpy-batch
HiSD,0.06309573444801936,0.002,2000000,316,-0.5328125000000001,1.378125,completed,-33.549174731317834,37.652955989488895,,,,1,numerical_breakdown,U,state_safeguard,source_norm2_gt_5,nonfinite_derivatives_or_residual,run.py:numpy-batch
HiSD,0.06309573444801936,0.002,2000000,317,-0.5234375,1.378125,completed,-35.06798564263407,38.658045607907354,,,,1,numerical_breakdown,U,state_safeguard,source_norm2_gt_5,nonfinite_derivatives_or_residual,run.py:numpy-batch
HiSD,0.06309573444801936,0.002,2000000,318,-0.5140625000000001,1.378125,completed,-36.60525460758585,39.563125471108215,,,,1,numerical_breakdown,U,state_safeguard,source_norm2_gt_5,nonfinite_derivatives_or_residual,run.py:numpy-batch
HiSD,0.06309573444801936,0.002,2000000,319,-0.5046875000000001,1.378125,completed,-38.170181752840435,40.35069049812841,,,,1,numerical_breakdown,U,state_safeguard,source_norm2_gt_5,nonfinite_derivatives_or_residual,run.py:numpy-batch
HiSD,0.06309573444801936,0.002,2000000,326,-0.7390625000000001,1.3968749999999999,completed,-0.8563822367584325,5.795380700251821,1681209478.5465193,213161670.675447,12966122700.277802,1,state_safeguard,U,state_safeguard,source_norm2_gt_5,raw_state_verified,run.py:numpy-batch
HiSD,0.06309573444801936,0.002,2000000,327,-0.7296875,1.3968749999999999,completed,-1.8566644148823523,7.065007225875403,1410052135818.222,179324106818.11157,12056272012776.629,1,state_safeguard,U,state_safeguard,source_norm2_gt_5,raw_state_verified,run.py:numpy-batch
HiSD,0.06309573444801936,0.002,2000000,328,-0.7203125,1.3968749999999999,completed,-2.905577763117258,8.370871086990741,1.2794633744704452e+16,1609333912195402.2,1.2175475286554326e+17,1,state_safeguard,U,state_safeguard,source_norm2_gt_5,raw_state_verified,run.py:numpy-batch
HiSD,0.06309573444801936,0.002,2000000,329,-0.7109375,1.3968749999999999,completed,-4.001014534343703,9.710981319011951,1.546408414457488e+21,1.894481306891332e+20,1.637762957622118e+22,1,state_safeguard,U,state_safeguard,source_norm2_gt_5,raw_state_verified,run.py:numpy-batch
HiSD,0.06309573444801936,0.002,2000000,330,-0.7015625000000001,1.3968749999999999,completed,-5.140697993077982,11.083049930788953,3.0374255576607164e+27,3.579960720576498e+26,3.571222376611526e+28,1,state_safeguard,U,state_safeguard,source_norm2_gt_5,raw_state_verified,run.py:numpy-batch
HiSD,0.06309573444801936,0.002,2000000,331,-0.6921875000000001,1.3968749999999999,completed,-6.322185438623961,12.484504033647836,1.1672231483334558e+35,1.31222749208828e+34,1.517606282200859e+36,1,state_safeguard,U,state_safeguard,source_norm2_gt_5,raw_state_verified,run.py:numpy-batch
HiSD,0.06309573444801936,0.002,2000000,332,-0.6828125,1.3968749999999999,completed,-7.542875985322907,13.912497615299522,1.0381650494394026e+44,1.1072728225754341e+43,1.485854067966869e+45,1,state_safeguard,U,state_safeguard,source_norm2_gt_5,raw_state_verified,run.py:numpy-batch
HiSD,0.06309573444801936,0.002,2000000,333,-0.6734375,1.3968749999999999,completed,-8.800022718552087,15.363923023036268,2.4749774471094563e+54,2.496769639861094e+53,3.8804710085238314e+55,1,state_safeguard,U,state_safeguard,source_norm2_gt_5,raw_state_verified,run.py:numpy-batch
HiSD,0.06309573444801936,0.002,2000000,334,-0.6640625,1.3968749999999999,completed,-10.090748984115992,16.835422105435622,1.786290864434659e+66,1.7021787287369229e+65,3.053262337944294e+67,1,state_safeguard,U,state_safeguard,source_norm2_gt_5,raw_state_verified,run.py:numpy-batch
HiSD,0.06309573444801936,0.002,2000000,335,-0.6546875000000001,1.3968749999999999,completed,-11.412068686296548,18.32339685082059,4.285448047982457e+79,3.856899091304052e+78,7.94799087703263e+80,1,state_safeguard,U,state_safeguard,source_norm2_gt_5,raw_state_verified,run.py:numpy-batch
HiSD,0.06309573444801936,0.002,2000000,336,-0.6453125000000001,1.3968749999999999,completed,-12.760910580389734,19.82401924553099,3.636475488361333e+94,3.093216170021321e+93,7.28493705140837e+95,1,state_safeguard,U,state_safeguard,source_norm2_gt_5,raw_state_verified,run.py:numpy-batch
HiSD,0.06309573444801936,0.002,2000000,337,-0.6359375,1.3968749999999999,completed,-14.134146656996078,21.33323994957745,1.122584769705702e+111,9.036010667423288e+109,2.418686805832219e+112,1,state_safeguard,U,state_safeguard,source_norm2_gt_5,raw_state_verified,run.py:numpy-batch
HiSD,0.06309573444801936,0.002,2000000,338,-0.6265625,1.3968749999999999,completed,-15.528624844084709,22.8467952386838,1.2505130471075871e+129,9.540638834490349e+127,2.8859865916247544e+130,1,state_safeguard,U,state_safeguard,source_norm2_gt_5,raw_state_verified,run.py:numpy-batch
HiSD,0.06309573444801936,0.002,2000000,339,-0.6171875,1.3968749999999999,completed,-16.941206403789597,24.360211482444964,4.800142888841076e+148,3.4776636246796916e+147,1.1820397664868073e+150,1,state_safeguard,U,state_safeguard,source_norm2_gt_5,raw_state_verified,run.py:numpy-batch
HiSD,0.06309573444801936,0.002,2000000,340,-0.6078125000000001,1.3968749999999999,completed,-18.3688085949707,25.868806198114065,,,,1,numerical_breakdown,U,state_safeguard,source_norm2_gt_5,nonfinite_derivatives_or_residual,run.py:numpy-batch
HiSD,0.06309573444801936,0.002,2000000,341,-0.5984375000000001,1.3968749999999999,completed,-19.808453427352717,27.367684415983575,,,,1,numerical_breakdown,U,state_safeguard,source_norm2_gt_5,nonfinite_derivatives_or_residual,run.py:numpy-batch
HiSD,0.06309573444801936,0.002,2000000,342,-0.5890625,1.3968749999999999,completed,-21.257323669451374,28.851728685909606,,,,1,numerical_breakdown,U,state_safeguard,source_norm2_gt_5,nonfinite_derivatives_or_residual,run.py:numpy-batch
HiSD,0.06309573444801936,0.002,2000000,343,-0.5796875,1.3968749999999999,completed,-22.712827736006023,30.315580489878243,,,,1,numerical_breakdown,U,state_safeguard,source_norm2_gt_5,nonfinite_derivatives_or_residual,run.py:numpy-batch
HiSD,0.06309573444801936,0.002,2000000,344,-0.5703125,1.3968749999999999,completed,-24.1726757126377,31.75361003701117,,,,1,numerical_breakdown,U,state_safeguard,source_norm2_gt_5,nonfinite_derivatives_or_residual,run.py:numpy-batch
HiSD,0.06309573444801936,0.002,2000000,345,-0.5609375000000001,1.3968749999999999,completed,-25.634969668653095,33.15987028096911,,,,1,numerical_breakdown,U,state_safeguard,source_norm2_gt_5,nonfinite_derivatives_or_residual,run.py:numpy-batch
HiSD,0.06309573444801936,0.002,2000000,346,-0.5515625000000001,1.3968749999999999,completed,-27.09831265630063,34.5280293566767,,,,1,numerical_breakdown,U,state_safeguard,source_norm2_gt_5,nonfinite_derivatives_or_residual,run.py:numpy-batch
HiSD,0.06309573444801936,0.002,2000000,347,-0.5421875,1.3968749999999999,completed,-28.561942598610965,35.85127318471113,,,,1,numerical_breakdown,U,state_safeguard,source_norm2_gt_5,nonfinite_derivatives_or_residual,run.py:numpy-batch
HiSD,0.06309573444801936,0.002,2000000,348,-0.5328125000000001,1.3968749999999999,completed,-30.025899872918366,37.122166305824685,,,,1,numerical_breakdown,U,state_safeguard,source_norm2_gt_5,nonfinite_derivatives_or_residual,run.py:numpy-batch
HiSD,0.06309573444801936,0.002,2000000,349,-0.5234375,1.3968749999999999,completed,-31.49124124298963,38.332453326010224,,,,1,numerical_breakdown,U,state_safeguard,source_norm2_gt_5,nonfinite_derivatives_or_residual,run.py:numpy-batch
HiSD,0.06309573444801936,0.002,2000000,350,-0.5140625000000001,1.3968749999999999,completed,-32.96031853907848,39.472774420857505,,,,1,numerical_breakdown,U,state_safeguard,source_norm2_gt_5,nonfinite_derivatives_or_residual,run.py:numpy-batch
HiSD,0.06309573444801936,0.002,2000000,351,-0.5046875000000001,1.3968749999999999,completed,-34.437149220312314,40.532253970727524,,,,1,numerical_breakdown,U,state_safeguard,source_norm2_gt_5,nonfinite_derivatives_or_residual,run.py:numpy-batch
HiSD,0.06309573444801936,0.002,2000000,352,-0.7953125000000001,1.415625,completed,5.959255607223868,-1.752130046274531,131737907902573.6,21909264911925.816,1090468065627818.9,1,state_safeguard,U,state_safeguard,source_norm2_gt_5,raw_state_verified,run.py:numpy-batch
HiSD,0.06309573444801936,0.002,2000000,353,-0.7859375000000001,1.415625,completed,5.355023798654541,-0.8124339063306314,2235754721667.4736,340164004759.52344,18142620174993.15,1,state_safeguard,U,state_safeguard,source_norm2_gt_5,raw_state_verified,run.py:numpy-batch
HiSD,0.06309573444801936,0.002,2000000,359,-0.7296875,1.415625,completed,0.5918197671958139,5.750022531642218,545833754694.901,50445986277.86986,5108287493003.016,1,state_safeguard,U,state_safeguard,source_norm2_gt_5,raw_state_verified,run.py:numpy-batch
HiSD,0.06309573444801936,0.002,2000000,360,-0.7203125,1.415625,completed,-0.38268370379988703,6.993736404338156,147942901391610.84,13746791593270.246,1482913597125666.5,1,state_safeguard,U,state_safeguard,source_norm2_gt_5,raw_state_verified,run.py:numpy-batch
HiSD,0.06309573444801936,0.002,2000000,361,-0.7109375,1.415625,completed,-1.4051903989317718,8.277129879468932,3.836856315462541e+17,3.597675484399024e+16,4.149575491404839e+18,1,state_safeguard,U,state_safeguard,source_norm2_gt_5,raw_state_verified,run.py:numpy-batch
HiSD,0.06309573444801936,0.002,2000000,362,-0.7015625000000001,1.415625,completed,-2.473893719158723,9.598325212396983,1.1837652853733762e+22,1.1135163508086774e+21,1.387699968735133e+23,1,state_safeguard,U,state_safeguard,source_norm2_gt_5,raw_state_verified,run.py:numpy-batch
HiSD,0.06309573444801936,0.002,2000000,363,-0.6921875000000001,1.415625,completed,-3.5867787314792485,10.955160133739776,5.360344817003982e+27,5.00947297374514e+26,6.826446241232923e+28,1,state_safeguard,U,state_safeguard,source_norm2_gt_5,raw_state_verified,run.py:numpy-batch
HiSD,0.06309573444801936,0.002,2000000,364,-0.6828125,1.415625,completed,-4.741627294552243,12.345197957658911,4.345820351189097e+34,3.9948543739472707e+33,6.0147338969857094e+35,1,state_safeguard,U,state_safeguard,source_norm2_gt_5,raw_state_verified,run.py:numpy-batch
HiSD,0.06309573444801936,0.002,2000000,365,-0.6734375,1.415625,completed,-5.936026972164064,13.765737821029262,7.579732012415046e+42,6.794563948080158e+41,1.1390160331512043e+44,1,state_safeguard,U,state_safeguard,source_norm2_gt_5,raw_state_verified,run.py:numpy-batch
HiSD,0.06309573444801936,0.002,2000000,366,-0.6640625,1.415625,completed,-7.16738350338567,15.213825150183341,3.35327172611982e+52,2.9114401306603414e+51,5.460902127854976e+53,1,state_safeguard,U,state_safeguard,source_norm2_gt_5,raw_state_verified,run.py:numpy-batch
HiSD,0.06309573444801936,0.002,2000000,367,-0.6546875000000001,1.415625,completed,-8.432936686892706,16.686262348463096,4.337179253620044e+63,3.629247381598114e+62,7.635728205107299e+64,1,state_safeguard,U,state_safeguard,source_norm2_gt_5,raw_state_verified,run.py:numpy-batch
HiSD,0.06309573444801936,0.002,2000000,368,-0.6453125000000001,1.415625,completed,-9.72977961135492,18.179619604195572,1.8415407643389355e+76,1.4800529098092313e+75,3.4949488398326857e+77,1,state_safeguard,U,state_safeguard,source_norm2_gt_5,raw_state_verified,run.py:numpy-batch
HiSD,0.06309573444801936,0.002,2000000,369,-0.6359375,1.415625,completed,-11.054881233823377,19.690245627438124,2.798274709987307e+90,2.1554600324263562e+89,5.707521377394725e+91,1,state_safeguard,U,state_safeguard,source_norm2_gt_5,raw_state_verified,run.py:numpy-batch
HiSD,0.06309573444801936,0.002,2000000,370,-0.6265625,1.415625,completed,-12.4051123808773,21.214278028705873,1.6059231195490168e+106,1.184207089292084e+105,3.5093097048950094e+107,1,state_safeguard,U,state_safeguard,source_norm2_gt_5,raw_state_verified,run.py:numpy-batch
HiSD,0.06309573444801936,0.002,2000000,371,-0.6171875,1.415625,completed,-13.777275330660524,22.747652947172867,3.5467300434470024e+123,2.5027510750789347e+122,8.277506322194608e+124,1,state_safeguard,U,state_safeguard,source_norm2_gt_5,raw_state_verified,run.py:numpy-batch
HiSD,0.06309573444801936,0.002,2000000,372,-0.6078125000000001,1.415625,completed,-15.168137239466029,24.286113409497613,2.958982931742876e+142,1.9985127920210404e+141,7.352517892649181e+143,1,state_safeguard,U,state_safeguard,source_norm2_gt_5,raw_state_verified,run.py:numpy-batch
HiSD,0.06309573444801936,0.002,2000000,373,-0.5984375000000001,1.415625,completed,-16.574467808848386,25.82521574620858,,,,1,numerical_breakdown,U,state_safeguard,source_norm2_gt_5,nonfinite_derivatives_or_residual,run.py:numpy-batch
HiSD,0.06309573444801936,0.002,2000000,374,-0.5890625,1.415625,completed,-17.993081767393058,27.360333193081118,,,,1,numerical_breakdown,U,state_safeguard,source_norm2_gt_5,nonfinite_derivatives_or_residual,run.py:numpy-batch
HiSD,0.06309573444801936,0.002,2000000,375,-0.5796875,1.415625,completed,-19.420886981578104,28.886655540734207,,,,1,numerical_breakdown,U,state_safeguard,source_norm2_gt_5,nonfinite_derivatives_or_residual,run.py:numpy-batch
HiSD,0.06309573444801936,0.002,2000000,376,-0.5703125,1.415625,completed,-20.854939334506742,30.399183339933018,,,,1,numerical_breakdown,U,state_safeguard,source_norm2_gt_5,nonfinite_derivatives_or_residual,run.py:numpy-batch
HiSD,0.06309573444801936,0.002,2000000,377,-0.5609375000000001,1.415625,completed,-22.292505967574304,31.89271467171515,,,,1,numerical_breakdown,U,state_safeguard,source_norm2_gt_5,nonfinite_derivatives_or_residual,run.py:numpy-batch
HiSD,0.06309573444801936,0.002,2000000,378,-0.5515625000000001,1.415625,completed,-23.73113910404304,33.36182179668405,,,,1,numerical_breakdown,U,state_safeguard,source_norm2_gt_5,nonfinite_derivatives_or_residual,run.py:numpy-batch
HiSD,0.06309573444801936,0.002,2000000,379,-0.5421875,1.415625,completed,-25.168763569202234,34.80081398907822,,,,1,numerical_breakdown,U,state_safeguard,source_norm2_gt_5,nonfinite_derivatives_or_residual,run.py:numpy-batch
HiSD,0.06309573444801936,0.002,2000000,380,-0.5328125000000001,1.415625,completed,-26.603782389300278,36.203681394330694,,,,1,numerical_breakdown,U,state_safeguard,source_norm2_gt_5,nonfinite_derivatives_or_residual,run.py:numpy-batch
HiSD,0.06309573444801936,0.002,2000000,381,-0.5234375,1.415625,completed,-28.03520669560488,37.56401255822552,,,,1,numerical_breakdown,U,state_safeguard,source_norm2_gt_5,nonfinite_derivatives_or_residual,run.py:numpy-batch
HiSD,0.06309573444801936,0.002,2000000,382,-0.5140625000000001,1.415625,completed,-29.462818867477615,38.87487495284495,,,,1,numerical_breakdown,U,state_safeguard,source_norm2_gt_5,nonfinite_derivatives_or_residual,run.py:numpy-batch
HiSD,0.06309573444801936,0.002,2000000,383,-0.5046875000000001,1.415625,completed,-30.88738189455026,40.12864267565808,,,,1,numerical_breakdown,U,state_safeguard,source_norm2_gt_5,nonfinite_derivatives_or_residual,run.py:numpy-batch
HiSD,0.06309573444801936,0.002,2000000,384,-0.7953125000000001,1.434375,completed,7.781571250146165,-2.1333614908615326,2.8427404740479817e+21,3.5246877018155155e+20,3.0119974633142026e+22,1,state_safeguard,U,state_safeguard,source_norm2_gt_5,raw_state_verified,run.py:numpy-batch
HiSD,0.06309573444801936,0.002,2000000,385,-0.7859375000000001,1.434375,completed,7.228601772060318,-1.312076656411995,2.7522237722261668e+19,3.2174520282528015e+18,2.870589184395393e+20,1,state_safeguard,U,state_safeguard,source_norm2_gt_5,raw_state_verified,run.py:numpy-batch
HiSD,0.06309573444801936,0.002,2000000,386,-0.7765625,1.434375,completed,6.626968432884104,-0.44089272373939803,4.304729976901981e+17,4.687683849365788e+16,4.437562029103914e+18,1,state_safeguard,U,state_safeguard,source_norm2_gt_5,raw_state_verified,run.py:numpy-batch
HiSD,0.06309573444801936,0.002,2000000,387,-0.7671875,1.434375,completed,5.975910433160334,0.48017664722248665,1.2887498509563252e+16,1294067973084408.5,1.3202709529349688e+17,1,state_safeguard,U,state_safeguard,source_norm2_gt_5,raw_state_verified,run.py:numpy-batch
HiSD,0.06309573444801936,0.002,2000000,388,-0.7578125,1.434375,completed,5.274948428272718,1.4509241062515477,887800789279751.8,81774901896748.62,9101976397629154.0,1,state_safeguard,U,state_safeguard,source_norm2_gt_5,raw_state_verified,run.py:numpy-batch
HiSD,0.06309573444801936,0.002,2000000,389,-0.7484375000000001,1.434375,completed,4.523882534228907,2.470929753516243,171385957757723.97,14523653220862.037,1773051511308513.2,1,state_safeguard,U,state_safeguard,source_norm2_gt_5,raw_state_verified,run.py:numpy-batch
HiSD,0.06309573444801936,0.002,2000000,390,-0.7390625000000001,1.434375,completed,3.72279149172969,3.539547045261746,114156991850815.75,9015127573324.506,1202779947530840.0,1,state_safeguard,U,state_safeguard,source_norm2_gt_5,raw_state_verified,run.py:numpy-batch
HiSD,0.06309573444801936,0.002,2000000,391,-0.7296875,1.434375,completed,2.8720319104385696,4.6558923945823665,325855292988916.6,24489554815521.28,3530521526234470.0,1,state_safeguard,U,state_safeguard,source_norm2_gt_5,raw_state_verified,run.py:numpy-batch
HiSD,0.06309573444801936,0.002,2000000,392,-0.7203125,1.434375,completed,1.972236874455624,5.81883779955599,4981392621761434.0,364833714657928.94,5.602771490815441e+16,1,state_safeguard,U,state_safeguard,source_norm2_gt_5,raw_state_verified,run.py:numpy-batch
HiSD,0.06309573444801936,0.002,2000000,393,-0.7109375,1.434375,completed,1.0243134125520785,7.027006066743129,5.114538034417044e+17,3.723861425547566e+16,6.02370599725521e+18,1,state_safeguard,U,state_safeguard,source_norm2_gt_5,raw_state_verified,run.py:numpy-batch
HiSD,0.06309573444801936,0.002,2000000,394,-0.7015625000000001,1.434375,completed,0.029438479715484522,8.278768336697304,4.425886906998729e+20,3.242400350448431e+19,5.499084729704024e+21,1,state_safeguard,U,state_safeguard,source_norm2_gt_5,raw_state_verified,run.py:numpy-batch
HiSD,0.06309573444801936,0.002,2000000,395,-0.6921875000000001,1.434375,completed,-1.0109468086234663,9.572243698135011,4.041154308707861e+24,2.9902331088227683e+23,5.328437455824265e+25,1,state_safeguard,U,state_safeguard,source_norm2_gt_5,raw_state_verified,run.py:numpy-batch
HiSD,0.06309573444801936,0.002,2000000,396,-0.6828125,1.434375,completed,-2.0951448833537194,10.905300720586212,4.846681540425423e+29,3.613669290061145e+28,6.811269831396086e+30,1,state_safeguard,U,state_safeguard,source_norm2_gt_5,raw_state_verified,run.py:numpy-batch
HiSD,0.06309573444801936,0.002,2000000,397,-0.6734375,1.434375,completed,-3.2212115184999957,12.275560754700773,9.4185027054003e+35,7.034599402914666e+34,1.4147846117297118e+37,1,state_safeguard,U,state_safeguard,source_norm2_gt_5,raw_state_verified,run.py:numpy-batch
HiSD,0.06309573444801936,0.002,2000000,398,-0.6640625,1.434375,completed,-4.386967835870129,13.680402852274048,3.6119603513947674e+43,2.6830426128075797e+42,5.808223053401205e+44,1,state_safeguard,U,state_safeguard,source_norm2_gt_5,raw_state_verified,run.py:numpy-batch
HiSD,0.06309573444801936,0.002,2000000,399,-0.6546875000000001,1.434375,completed,-5.590014615792816,15.116970148951795,3.274870013825919e+52,2.4021995439999405e+51,5.640053708103603e+53,1,state_safeguard,U,state_safeguard,source_norm2_gt_5,raw_state_verified,run.py:numpy-batch
HiSD,0.06309573444801936,0.002,2000000,400,-0.6453125000000001,1.434375,completed,-6.827749001280423,16.582177533893162,8.241781023705583e+62,5.932226803616775e+61,1.5195860481780455e+64,1,state_safeguard,U,state_safeguard,source_norm2_gt_5,raw_state_verified,run.py:numpy-batch
HiSD,0.06309573444801936,0.002,2000000,401,-0.6359375,1.434375,completed,-8.097383681359174,18.072720403600577,6.60002624822562e+74,4.637137396233537e+73,1.3013962565596815e+76,1,state_safeguard,U,state_safeguard,source_norm2_gt_5,raw_state_verified,run.py:numpy-batch
HiSD,0.06309573444801936,0.002,2000000,402,-0.6265625,1.434375,completed,-9.395968649094632,19.585084260812323,1.875921107604016e+88,1.281281518711172e+87,3.949808697001373e+89,1,state_safeguard,U,state_safeguard,source_norm2_gt_5,raw_state_verified,run.py:numpy-batch
HiSD,0.06309573444801936,0.002,2000000,403,-0.6171875,1.434375,completed,-10.720415648597523,21.11555487445082,2.047363717853151e+103,1.3552640927984625e+102,4.594574788695826e+104,1,state_safeguard,U,state_safeguard,source_norm2_gt_5,raw_state_verified,run.py:numpy-batch
HiSD,0.06309573444801936,0.002,2000000,404,-0.6078125000000001,1.434375,completed,-12.067525462432114,22.6602286583932,8.976476011479991e+119,5.7465020737843665e+118,2.1425746374502416e+121,1,state_safeguard,U,state_safeguard,source_norm2_gt_5,raw_state_verified,run.py:numpy-batch
HiSD,0.06309573444801936,0.002,2000000,405,-0.5984375000000001,1.434375,completed,-13.434018242285235,24.21502285523879,1.595553130632365e+138,9.864641861414657e+136,4.0415388756214975e+139,1,state_safeguard,U,state_safeguard,source_norm2_gt_5,raw_state_verified,run.py:numpy-batch
HiSD,0.06309573444801936,0.002,2000000,406,-0.5890625,1.434375,completed,-14.816567167259578,25.775685016507083,,,,1,numerical_breakdown,U,state_safeguard,source_norm2_gt_5,nonfinite_derivatives_or_residual,run.py:numpy-batch
HiSD,0.06309573444801936,0.002,2000000,407,-0.5796875,1.434375,completed,-16.211835821925554,27.337801151052666,,,,1,numerical_breakdown,U,state_safeguard,source_norm2_gt_5,nonfinite_derivatives_or_residual,run.py:numpy-batch
HiSD,0.06309573444801936,0.002,2000000,408,-0.5703125,1.434375,completed,-17.616519846298992,28.89680175021054,,,,1,numerical_breakdown,U,state_safeguard,source_norm2_gt_5,nonfinite_derivatives_or_residual,run.py:numpy-batch
HiSD,0.06309573444801936,0.002,2000000,409,-0.5609375000000001,1.434375,completed,-19.027393623374493,30.44796468308103,,,,1,numerical_breakdown,U,state_safeguard,source_norm2_gt_5,nonfinite_derivatives_or_residual,run.py:numpy-batch
HiSD,0.06309573444801936,0.002,2000000,410,-0.5515625000000001,1.434375,completed,-20.441363077828317,31.986413654229324,,,,1,numerical_breakdown,U,state_safeguard,source_norm2_gt_5,nonfinite_derivatives_or_residual,run.py:numpy-batch
HiSD,0.06309573444801936,0.002,2000000,411,-0.5421875,1.434375,completed,-21.85552608321936,33.50711049994594,,,,1,numerical_breakdown,U,state_safeguard,source_norm2_gt_5,nonfinite_derivatives_or_residual,run.py:numpy-batch
HiSD,0.06309573444801936,0.002,2000000,412,-0.5328125000000001,1.434375,completed,-23.26724257587286,35.004839006780564,,,,1,numerical_breakdown,U,state_safeguard,source_norm2_gt_5,nonfinite_derivatives_or_residual,run.py:numpy-batch
HiSD,0.06309573444801936,0.002,2000000,413,-0.5234375,1.434375,completed,-24.674217334110622,36.47417707766385,,,,1,numerical_breakdown,U,state_safeguard,source_norm2_gt_5,nonfinite_derivatives_or_residual,run.py:numpy-batch
HiSD,0.06309573444801936,0.002,2000000,414,-0.5140625000000001,1.434375,completed,-26.074599618005944,37.90945281255741,,,,1,numerical_breakdown,U,state_safeguard,source_norm2_gt_5,nonfinite_derivatives_or_residual,run.py:numpy-batch
HiSD,0.06309573444801936,0.002,2000000,415,-0.5046875000000001,1.434375,completed,-27.46710567777814,39.30467818476394,,,,1,numerical_breakdown,U,state_safeguard,source_norm2_gt_5,nonfinite_derivatives_or_residual,run.py:numpy-batch
HiSD,0.06309573444801936,0.002,2000000,416,-0.7953125000000001,1.453125,completed,9.513631351821514,-1.961219367979612,2.825127871444262e+30,2.5902373743470603e+29,3.741448805525701e+31,1,state_safeguard,U,state_safeguard,source_norm2_gt_5,raw_state_verified,run.py:numpy-batch
HiSD,0.06309573444801936,0.002,2000000,417,-0.7859375000000001,1.453125,completed,8.985925329112431,-1.3182767869186507,1.5949646092430008e+28,1.421454484208766e+27,2.075607717249948e+29,1,state_safeguard,U,state_safeguard,source_norm2_gt_5,raw_state_verified,run.py:numpy-batch
HiSD,0.06309573444801936,0.002,2000000,418,-0.7765625,1.453125,completed,8.422182714332013,-0.6081350100689424,1.277564202295287e+26,1.095752485782734e+25,1.63854110417878e+27,1,state_safeguard,U,state_safeguard,source_norm2_gt_5,raw_state_verified,run.py:numpy-batch
HiSD,0.06309573444801936,0.002,2000000,419,-0.7671875,1.453125,completed,7.818998614951207,0.16561082466991062,1.6319046204483488e+24,1.3349348538665756e+23,2.069985972435229e+25,1,state_safeguard,U,state_safeguard,source_norm2_gt_5,raw_state_verified,run.py:numpy-batch
HiSD,0.06309573444801936,0.002,2000000,420,-0.7578125,1.453125,completed,7.173795209415646,1.0002788832181473,3.826449113840155e+22,2.963974159298174e+21,4.820444365019879e+23,1,state_safeguard,U,state_safeguard,source_norm2_gt_5,raw_state_verified,run.py:numpy-batch
HiSD,0.06309573444801936,0.002,2000000,421,-0.7484375000000001,1.453125,completed,6.484662790712578,1.8937353429181267,1.934874139226571e+21,1.4133527013241704e+20,2.4329034558439065e+22,1,state_safeguard,U,state_safeguard,source_norm2_gt_5,raw_state_verified,run.py:numpy-batch
HiSD,0.06309573444801936,0.002,2000000,422,-0.7390625000000001,1.453125,completed,5.750253062550651,2.8441556314822174,2.5227133631956363e+20,1.7382413258819391e+19,3.184382097586714e+21,1,state_safeguard,U,state_safeguard,source_norm2_gt_5,raw_state_verified,run.py:numpy-batch
HiSD,0.06309573444801936,0.002,2000000,423,-0.7296875,1.453125,completed,4.969705935404786,3.849863819706521,1.0293165419674172e+20,6.727946654725049e+18,1.3127808686322253e+21,1,state_safeguard,U,state_safeguard,source_norm2_gt_5,raw_state_verified,run.py:numpy-batch
HiSD,0.06309573444801936,0.002,2000000,424,-0.7203125,1.453125,completed,4.142598005674338,4.909222027261606,1.615003419167078e+20,1.0122311398232136e+19,2.095617854611923e+21,1,state_safeguard,U,state_safeguard,source_norm2_gt_5,raw_state_verified,run.py:numpy-batch
HiSD,0.06309573444801936,0.002,2000000,425,-0.7109375,1.453125,completed,3.268905110259613,6.020552915433913,1.208948088288749e+21,7.369557028293583e+19,1.6074440462512675e+22,1,state_safeguard,U,state_safeguard,source_norm2_gt_5,raw_state_verified,run.py:numpy-batch
HiSD,0.06309573444801936,0.002,2000000,426,-0.7015625000000001,1.453125,completed,2.348973954854774,7.182084777995114,5.3933695989020726e+22,3.244714250333962e+21,7.399710045031119e+23,1,state_safeguard,U,state_safeguard,source_norm2_gt_5,raw_state_verified,run.py:numpy-batch
HiSD,0.06309573444801936,0.002,2000000,427,-0.6921875000000001,1.453125,completed,1.3834994614208247,8.391912552263541,1.7978977900641315e+25,1.0804961457790564e+24,2.5620343493150978e+26,1,state_safeguard,U,state_safeguard,source_norm2_gt_5,raw_state_verified,run.py:numpy-batch
HiSD,0.06309573444801936,0.002,2000000,428,-0.6828125,1.453125,completed,0.37350554292696825,9.64797038990966,5.618132788274884e+28,3.39889614461048e+27,8.363750904769565e+29,1,state_safeguard,U,state_safeguard,source_norm2_gt_5,raw_state_verified,run.py:numpy-batch
HiSD,0.06309573444801936,0.002,2000000,429,-0.6734375,1.453125,completed,-0.6796722873634218,10.948012869394374,2.058663682522614e+33,1.257459531472538e+32,3.217440335007162e+34,1,state_safeguard,U,state_safeguard,source_norm2_gt_5,raw_state_verified,run.py:numpy-batch
HiSD,0.06309573444801936,0.002,2000000,430,-0.6640625,1.453125,completed,-1.7744035960989533,12.289602847121484,1.09959822087689e+39,6.774171658200887e+37,1.8111945840391434e+40,1,state_safeguard,U,state_safeguard,source_norm2_gt_5,raw_state_verified,run.py:numpy-batch
HiSD,0.06309573444801936,0.002,2000000,431,-0.6546875000000001,1.453125,completed,-2.908779804305903,13.670104533901382,1.0536207292958882e+46,6.522415350313565e+44,1.8343083627452442e+47,1,state_safeguard,U,state_safeguard,source_norm2_gt_5,raw_state_verified,run.py:numpy-batch
HiSD,0.06309573444801936,0.002,2000000,432,-0.6453125000000001,1.453125,completed,-4.080631640345462,15.086680766724726,2.1984404988989565e+54,1.3605522809154868e+53,4.053205439943804e+55,1,state_safeguard,U,state_safeguard,source_norm2_gt_5,raw_state_verified,run.py:numpy-batch
HiSD,0.06309573444801936,0.002,2000000,433,-0.6359375,1.453125,completed,-5.28754770246682,16.536293695733125,1.1915088476186478e+64,7.330924533412798e+62,2.328890613214538e+65,1,state_safeguard,U,state_safeguard,source_norm2_gt_5,raw_state_verified,run.py:numpy-batch
HiSD,0.06309573444801936,0.002,2000000,434,-0.6265625,1.453125,completed,-6.526894456255013,18.01570826741475,1.9587377027864517e+75,1.1917159465537584e+74,4.060270370505908e+76,1,state_safeguard,U,state_safeguard,source_norm2_gt_5,raw_state_verified,run.py:numpy-batch
HiSD,0.06309573444801936,0.002,2000000,435,-0.6171875,1.453125,completed,-7.795837921645773,19.52149798536275,1.1124915542532095e+88,6.661151159023394e+86,2.4451353013431085e+89,1,state_safeguard,U,state_safeguard,source_norm2_gt_5,raw_state_verified,run.py:numpy-batch
HiSD,0.06309573444801936,0.002,2000000,436,-0.6078125000000001,1.453125,completed,-9.091367260501942,21.05005248715997,2.417211572655488e+102,1.4186090059312877e+101,5.629138363344044e+103,1,state_safeguard,U,state_safeguard,source_norm2_gt_5,raw_state_verified,run.py:numpy-batch
HiSD,0.06309573444801936,0.002,2000000,437,-0.5984375000000001,1.453125,completed,-10.410320456894967,22.597586500142153,2.155861989605616e+118,1.2360574421522217e+117,5.31374769731468e+119,1,state_safeguard,U,state_safeguard,source_norm2_gt_5,raw_state_verified,run.py:numpy-batch
HiSD,0.06309573444801936,0.002,2000000,438,-0.5890625,1.453125,completed,-11.749412284008791,24.160149736931867,8.182895668838629e+135,4.571816119162902e+134,2.1318051526420166e+137,1,state_safeguard,U,state_safeguard,source_norm2_gt_5,raw_state_verified,run.py:numpy-batch
HiSD,0.06309573444801936,0.002,2000000,439,-0.5796875,1.453125,completed,-13.105264778622335,25.733637264887726,,,,1,numerical_breakdown,U,state_safeguard,source_norm2_gt_5,nonfinite_derivatives_or_residual,run.py:numpy-batch
HiSD,0.06309573444801936,0.002,2000000,440,-0.5703125,1.453125,completed,-14.474440497491349,27.313799832091362,,,,1,numerical_breakdown,U,state_safeguard,source_norm2_gt_5,nonfinite_derivatives_or_residual,run.py:numpy-batch
HiSD,0.06309573444801936,0.002,2000000,441,-0.5609375000000001,1.453125,completed,-15.853478915395575,28.896253552957646,,,,1,numerical_breakdown,U,state_safeguard,source_norm2_gt_5,nonfinite_derivatives_or_residual,run.py:numpy-batch
HiSD,0.06309573444801936,0.002,2000000,442,-0.5515625000000001,1.453125,completed,-17.238936455533604,30.476488239746125,,,,1,numerical_breakdown,U,state_safeguard,source_norm2_gt_5,nonfinite_derivatives_or_residual,run.py:numpy-batch
HiSD,0.06309573444801936,0.002,2000000,443,-0.5421875,1.453125,completed,-18.627430831242812,32.04987350113778,,,,1,numerical_breakdown,U,state_safeguard,source_norm2_gt_5,nonfinite_derivatives_or_residual,run.py:numpy-batch
HiSD,0.06309573444801936,0.002,2000000,444,-0.5328125000000001,1.453125,completed,-20.015690642321083,33.61166149866394,,,,1,numerical_breakdown,U,state_safeguard,source_norm2_gt_5,nonfinite_derivatives_or_residual,run.py:numpy-batch
HiSD,0.06309573444801936,0.002,2000000,445,-0.5234375,1.453125,completed,-21.40061155569547,35.156984918842454,,,,1,numerical_breakdown,U,state_safeguard,source_norm2_gt_5,nonfinite_derivatives_or_residual,run.py:numpy-batch
HiSD,0.06309573444801936,0.002,2000000,446,-0.5140625000000001,1.453125,completed,-22.779320940155394,36.68084824776918,,,,1,numerical_breakdown,U,state_safeguard,source_norm2_gt_5,nonfinite_derivatives_or_residual,run.py:numpy-batch
HiSD,0.06309573444801936,0.002,2000000,447,-0.5046875000000001,1.453125,completed,-24.149253611061688,38.17810974447342,,,,1,numerical_breakdown,U,state_safeguard,source_norm2_gt_5,nonfinite_derivatives_or_residual,run.py:numpy-batch
HiSD,0.06309573444801936,0.002,2000000,448,-0.7953125000000001,1.4718749999999998,completed,11.14353954223424,-0.8919220547592928,2.1197523730710563e+42,1.3797591900636574e+41,3.5259867550113817e+43,1,state_safeguard,U,state_safeguard,source_norm2_gt_5,raw_state_verified,run.py:numpy-batch
HiSD,0.06309573444801936,0.002,2000000,449,-0.7859375000000001,1.4718749999999998,completed,10.616093012834721,-0.565906956604751,2.5577135313507767e+39,1.686078751023104e+38,4.133006769562542e+40,1,state_safeguard,U,state_safeguard,source_norm2_gt_5,raw_state_verified,run.py:numpy-batch
HiSD,0.06309573444801936,0.002,2000000,450,-0.7765625,1.4718749999999998,completed,10.069411815109104,-0.12118339090593921,5.884733340190346e+36,3.874348032556713e+35,9.286689844484223e+37,1,state_safeguard,U,state_safeguard,source_norm2_gt_5,raw_state_verified,run.py:numpy-batch
HiSD,0.06309573444801936,0.002,2000000,451,-0.7671875,1.4718749999999998,completed,9.497205101545962,0.42450913825202674,2.4435232344066598e+34,1.587912894396277e+33,3.783367356238614e+35,1,state_safeguard,U,state_safeguard,source_norm2_gt_5,raw_state_verified,run.py:numpy-batch
HiSD,0.06309573444801936,0.002,2000000,452,-0.7578125,1.4718749999999998,completed,8.894353687870991,1.0590637183225378,1.8668297044318735e+32,1.1857796308375378e+31,2.848292217040416e+33,1,state_safeguard,U,state_safeguard,source_norm2_gt_5,raw_state_verified,run.py:numpy-batch
HiSD,0.06309573444801936,0.002,2000000,453,-0.7484375000000001,1.4718749999999998,completed,8.256783080427057,1.7739269500881463,2.818586498956517e+30,1.7365393438785348e+29,4.256229688952019e+31,1,state_safeguard,U,state_safeguard,source_norm2_gt_5,raw_state_verified,run.py:numpy-batch
HiSD,0.06309573444801936,0.002,2000000,454,-0.7390625000000001,1.4718749999999998,completed,7.581312748354898,2.562828957824011,9.390190818880671e+28,5.58256764636952e+27,1.4098326457474594e+30,1,state_safeguard,U,state_safeguard,source_norm2_gt_5,raw_state_verified,run.py:numpy-batch
HiSD,0.06309573444801936,0.002,2000000,455,-0.7296875,1.4718749999999998,completed,6.8655236373626956,3.420981794206112,7.942970960994582e+27,4.5469244931579636e+26,1.1915115847523657e+29,1,state_safeguard,U,state_safeguard,source_norm2_gt_5,raw_state_verified,run.py:numpy-batch
HiSD,0.06309573444801936,0.002,2000000,456,-0.7203125,1.4718749999999998,completed,6.1076520412367525,4.34455828041354,2.010590705434385e+27,1.1096959108768084e+26,3.029246171780077e+28,1,state_safeguard,U,state_safeguard,source_norm2_gt_5,raw_state_verified,run.py:numpy-batch
HiSD,0.06309573444801936,0.002,2000000,457,-0.7109375,1.4718749999999998,completed,5.3065074310103855,5.3303441596922125,1.8298877583136123e+27,9.78442074223674e+25,2.7844329188398655e+28,1,state_safeguard,U,state_safeguard,source_norm2_gt_5,raw_state_verified,run.py:numpy-batch
HiSD,0.06309573444801936,0.002,2000000,458,-0.7015625000000001,1.4718749999999998,completed,4.461409343955459,6.37550059698112,7.305107778446326e+27,3.813295721996522e+26,1.1290979366096604e+29,1,state_safeguard,U,state_safeguard,source_norm2_gt_5,raw_state_verified,run.py:numpy-batch
HiSD,0.06309573444801936,0.002,2000000,459,-0.6921875000000001,1.4718749999999998,completed,3.5721385462588318,7.477398931850835,1.5786344992139948e+29,8.119709526554081e+27,2.4927986694030924e+30,1,state_safeguard,U,state_safeguard,source_norm2_gt_5,raw_state_verified,run.py:numpy-batch
HiSD,0.06309573444801936,0.002,2000000,460,-0.6828125,1.4718749999999998,completed,2.638898499817513,8.633504020355511,2.297206930731987e+31,1.1749731198934964e+30,3.7269187938910454e+32,1,state_safeguard,U,state_safeguard,source_norm2_gt_5,raw_state_verified,run.py:numpy-batch
HiSD,0.06309573444801936,0.002,2000000,461,-0.6734375,1.4718749999999998,completed,1.6622840411415276,9.841291099948613,2.812571340764896e+34,1.441348086267627e+33,4.712969601196972e+35,1,state_safeguard,U,state_safeguard,source_norm2_gt_5,raw_state_verified,run.py:numpy-batch
HiSD,0.06309573444801936,0.002,2000000,462,-0.6640625,1.4718749999999998,completed,0.6432549292834773,11.098186364143935,3.622851083671302e+38,1.8692726720518147e+37,6.300297180408671e+39,1,state_safeguard,U,state_safeguard,source_norm2_gt_5,raw_state_verified,run.py:numpy-batch
HiSD,0.06309573444801936,0.002,2000000,463,-0.6546875000000001,1.4718749999999998,completed,-0.4168874915942865,12.401524715021363,6.121081034303447e+43,3.1860956283100056e+42,1.1093351193999018e+45,1,state_safeguard,U,state_safeguard,source_norm2_gt_5,raw_state_verified,run.py:numpy-batch
HiSD,0.06309573444801936,0.002,2000000,464,-0.6453125000000001,1.4718749999999998,completed,-1.5165218226287505,13.748520253105756,1.6799957076916438e+50,8.81604450565906e+48,3.1839416566641544e+51,1,state_safeguard,U,state_safeguard,source_norm2_gt_5,raw_state_verified,run.py:numpy-batch
HiSD,0.06309573444801936,0.002,2000000,465,-0.6359375,1.4718749999999998,completed,-2.653727307566813,15.136246420769826,9.178589040220491e+57,4.843546335506142e+56,1.8240465617696852e+59,1,state_safeguard,U,state_safeguard,source_norm2_gt_5,raw_state_verified,run.py:numpy-batch
HiSD,0.06309573444801936,0.002,2000000,466,-0.6265625,1.4718749999999998,completed,-3.826304423160737,16.561623608434825,1.2057264819614592e+67,6.374174027049514e+65,2.5175771939388514e+68,1,state_safeguard,U,state_safeguard,source_norm2_gt_5,raw_state_verified,run.py:numpy-batch
HiSD,0.06309573444801936,0.002,2000000,467,-0.6171875,1.4718749999999998,completed,-5.03179590634601,18.02141262759418,4.516542400170404e+77,2.3817296643644774e+76,9.921940020840739e+78,1,state_safeguard,U,state_safeguard,source_norm2_gt_5,raw_state_verified,run.py:numpy-batch
HiSD,0.06309573444801936,0.002,2000000,468,-0.6078125000000001,1.4718749999999998,completed,-6.267508627731917,19.512212853567938,5.597013026845657e+89,2.931208780243541e+88,1.2945756518456376e+91,1,state_safeguard,U,state_safeguard,source_norm2_gt_5,raw_state_verified,run.py:numpy-batch
HiSD,0.06309573444801936,0.002,2000000,469,-0.5984375000000001,1.4718749999999998,completed,-7.530536624710159,21.030464108551694,2.5946024346780176e+103,1.3439039641067275e+102,6.320076009788807e+104,1,state_safeguard,U,state_safeguard,source_norm2_gt_5,raw_state_verified,run.py:numpy-batch
HiSD,0.06309573444801936,0.002,2000000,470,-0.5890625,1.4718749999999998,completed,-8.817785541858246,22.57245153286132,4.942119486779229e+118,2.5223951681315346e+117,1.2675207534142071e+120,1,state_safeguard,U,state_safeguard,source_norm2_gt_5,raw_state_verified,run.py:numpy-batch
HiSD,0.06309573444801936,0.002,2000000,471,-0.5796875,1.4718749999999998,completed,-10.125998684644228,24.134312806395464,4.1142805360836134e+135,2.0626409011459333e+134,1.1103991017583895e+137,1,state_safeguard,U,state_safeguard,source_norm2_gt_5,raw_state_verified,run.py:numpy-batch
HiSD,0.06309573444801936,0.002,2000000,472,-0.5703125,1.4718749999999998,completed,-11.451784876263535,25.71204714875739,,,,1,numerical_breakdown,U,state_safeguard,source_norm2_gt_5,nonfinite_derivatives_or_residual,run.py:numpy-batch
HiSD,0.06309573444801936,0.002,2000000,473,-0.5609375000000001,1.4718749999999998,completed,-12.791648311590738,27.30152555696761,,,,1,numerical_breakdown,U,state_safeguard,source_norm2_gt_5,nonfinite_derivatives_or_residual,run.py:numpy-batch
HiSD,0.06309573444801936,0.002,2000000,474,-0.5515625000000001,1.4718749999999998,completed,-14.142020633729851,28.89850173784394,,,,1,numerical_breakdown,U,state_safeguard,source_norm2_gt_5,nonfinite_derivatives_or_residual,run.py:numpy-batch
HiSD,0.06309573444801936,0.002,2000000,475,-0.5421875,1.4718749999999998,completed,-15.49929552147058,30.498623158803753,,,,1,numerical_breakdown,U,state_safeguard,source_norm2_gt_5,nonfinite_derivatives_or_residual,run.py:numpy-batch
HiSD,0.06309573444801936,0.002,2000000,476,-0.5328125000000001,1.4718749999999998,completed,-16.859866169388873,32.09744157768204,,,,1,numerical_breakdown,U,state_safeguard,source_norm2_gt_5,nonfinite_derivatives_or_residual,run.py:numpy-batch
HiSD,0.06309573444801936,0.002,2000000,477,-0.5234375,1.4718749999999998,completed,-18.220166196545332,33.690422303396666,,,,1,numerical_breakdown,U,state_safeguard,source_norm2_gt_5,nonfinite_derivatives_or_residual,run.py:numpy-batch
HiSD,0.06309573444801936,0.002,2000000,478,-0.5140625000000001,1.4718749999999998,completed,-19.576714734050373,35.272951280829034,,,,1,numerical_breakdown,U,state_safeguard,source_norm2_gt_5,nonfinite_derivatives_or_residual,run.py:numpy-batch
HiSD,0.06309573444801936,0.002,2000000,479,-0.5046875000000001,1.4718749999999998,completed,-20.926166751959094,36.84033886104385,,,,1,numerical_breakdown,U,state_safeguard,source_norm2_gt_5,nonfinite_derivatives_or_residual,run.py:numpy-batch
HiSD,0.06309573444801936,0.002,2000000,480,-0.7953125000000001,1.4906249999999999,completed,12.4280000127461,1.7798776019928864,1.7158321863140923e+60,7.519503353941196e+58,3.6746771831243647e+61,1,state_safeguard,U,state_safeguard,source_norm2_gt_5,raw_state_verified,run.py:numpy-batch
HiSD,0.06309573444801936,0.002,2000000,481,-0.7859375000000001,1.4906249999999999,completed,11.963615145595762,1.4659447320285686,1.6317920240764287e+55,7.6146119164764176e+53,3.3218274388221454e+56,1,state_safeguard,U,state_safeguard,source_norm2_gt_5,raw_state_verified,run.py:numpy-batch
HiSD,0.06309573444801936,0.002,2000000,482,-0.7765625,1.4906249999999999,completed,11.462470254653763,1.4123247750043648,1.1794103335798166e+51,5.745468537177902e+49,2.3042354515582692e+52,1,state_safeguard,U,state_safeguard,source_norm2_gt_5,raw_state_verified,run.py:numpy-batch
HiSD,0.06309573444801936,0.002,2000000,483,-0.7671875,1.4906249999999999,completed,10.933099401090793,1.558626824765785,3.7352411255047704e+47,1.8677455177406552e+46,7.05967630078704e+48,1,state_safeguard,U,state_safeguard,source_norm2_gt_5,raw_state_verified,run.py:numpy-batch
HiSD,0.06309573444801936,0.002,2000000,484,-0.7578125,1.4906249999999999,completed,10.376528283701969,1.8642557806829034,3.7486551783631906e+44,1.896965867848177e+43,6.899909595173062e+45,1,state_safeguard,U,state_safeguard,source_norm2_gt_5,raw_state_verified,run.py:numpy-batch
HiSD,0.06309573444801936,0.002,2000000,485,-0.7484375000000001,1.4906249999999999,completed,9.790883178130402,2.3015054952935814,1.0082362611450608e+42,5.103453833078162e+40,1.8178021590615632e+43,1,state_safeguard,U,state_safeguard,source_norm2_gt_5,raw_state_verified,run.py:numpy-batch
HiSD,0.06309573444801936,0.002,2000000,486,-0.7390625000000001,1.4906249999999999,completed,9.173389780133736,2.8510568898048003,6.845389194999914e+39,3.43387553028864e+38,1.2152826765114467e+41,1,state_safeguard,U,state_safeguard,source_norm2_gt_5,raw_state_verified,run.py:numpy-batch
HiSD,0.06309573444801936,0.002,2000000,487,-0.7296875,1.4906249999999999,completed,8.521231869118834,3.4991002972091456,1.1922372438085843e+38,5.886320455005701e+36,2.0945562410865475e+39,1,state_safeguard,U,state_safeguard,source_norm2_gt_5,raw_state_verified,run.py:numpy-batch
HiSD,0.06309573444801936,0.002,2000000,488,-0.7203125,1.4906249999999999,completed,7.8319082704425185,4.235487371729709,5.720113044858833e+36,2.767505274584571e+35,9.993017363200727e+37,1,state_safeguard,U,state_safeguard,source_norm2_gt_5,raw_state_verified,run.py:numpy-batch
HiSD,0.06309573444801936,0.002,2000000,489,-0.7109375,1.4906249999999999,completed,7.103368130645895,5.052526980894656,8.461458218553559e+35,4.0049024288122595e+34,1.477133704034143e+37,1,state_safeguard,U,state_safeguard,source_norm2_gt_5,raw_state_verified,run.py:numpy-batch
HiSD,0.06309573444801936,0.002,2000000,490,-0.7015625000000001,1.4906249999999999,completed,6.334049024906667,5.944186410974973,4.458519786198478e+35,2.0663772153901726e+34,7.816237646380968e+36,1,state_safeguard,U,state_safeguard,source_norm2_gt_5,raw_state_verified,run.py:numpy-batch
HiSD,0.06309573444801936,0.002,2000000,491,-0.6921875000000001,1.4906249999999999,completed,5.522873811241329,6.905551428751252,9.908801801547478e+35,4.511804845817583e+34,1.7532292662942092e+37,1,state_safeguard,U,state_safeguard,source_norm2_gt_5,raw_state_verified,run.py:numpy-batch
HiSD,0.06309573444801936,0.002,2000000,492,-0.6828125,1.4906249999999999,completed,4.669231317338614,7.932454717761213,1.1207536279932542e+37,5.039044106599108e+35,2.0115087055732122e+38,1,state_safeguard,U,state_safeguard,source_norm2_gt_5,raw_state_verified,run.py:numpy-batch
HiSD,0.06309573444801936,0.002,2000000,493,-0.6734375,1.4906249999999999,completed,3.7729518879524364,9.02121602802188,7.894136431881692e+38,3.525458774555858e+37,1.444315029428941e+40,1,state_safeguard,U,state_safeguard,source_norm2_gt_5,raw_state_verified,run.py:numpy-batch
HiSD,0.06309573444801936,0.002,2000000,494,-0.6640625,1.4906249999999999,completed,2.834282364739988,10.168457970254112,4.277609926964844e+41,1.9084041245431136e+40,8.01633746383967e+42,1,state_safeguard,U,state_safeguard,source_norm2_gt_5,raw_state_verified,run.py:numpy-batch
HiSD,0.06309573444801936,0.002,2000000,495,-0.6546875000000001,1.4906249999999999,completed,1.8538621210461033,11.37097408976638,2.2147360731329903e+45,9.9166439361541e+43,4.27029290486979e+46,1,state_safeguard,U,state_safeguard,source_norm2_gt_5,raw_state_verified,run.py:numpy-batch
HiSD,0.06309573444801936,0.002,2000000,496,-0.6453125000000001,1.4906249999999999,completed,0.8327004622995892,12.625633814961542,1.3624929474589106e+50,6.141057811276043e+48,2.713942159220879e+51,1,state_safeguard,U,state_safeguard,source_norm2_gt_5,raw_state_verified,run.py:numpy-batch
HiSD,0.06309573444801936,0.002,2000000,497,-0.6359375,1.4906249999999999,completed,-0.2278448417160756,13.929313944043116,1.2350501748587155e+56,5.609768839714164e+54,2.5505978357165585e+57,1,state_safeguard,U,state_safeguard,source_norm2_gt_5,raw_state_verified,run.py:numpy-batch
HiSD,0.06309573444801936,0.002,2000000,498,-0.6265625,1.4906249999999999,completed,-1.3260883143871605,15.278849612680116,2.0315952533917174e+63,9.293682111549696e+61,4.3632806847141156e+64,1,state_safeguard,U,state_safeguard,source_norm2_gt_5,raw_state_verified,run.py:numpy-batch
HiSD,0.06309573444801936,0.002,2000000,499,-0.6171875,1.4906249999999999,completed,-2.460037267895196,16.670999839040874,7.387851924422358e+71,3.397067606134369e+70,1.6542331687405536e+73,1,state_safeguard,U,state_safeguard,source_norm2_gt_5,raw_state_verified,run.py:numpy-batch
HiSD,0.06309573444801936,0.002,2000000,500,-0.6078125000000001,1.4906249999999999,completed,-3.6274124450607186,18.102424176941938,7.128160950136308e+81,3.285022330499591e+80,1.6672487573155354e+83,1,state_safeguard,U,state_safeguard,source_norm2_gt_5,raw_state_verified,run.py:numpy-batch
HiSD,0.06309573444801936,0.002,2000000,501,-0.5984375000000001,1.4906249999999999,completed,-4.8256691521265775,19.569667974785933,2.1492469528563817e+93,9.893196903227895e+91,5.25852676759998e+94,1,state_safeguard,U,state_safeguard,source_norm2_gt_5,raw_state_verified,run.py:numpy-batch
HiSD,0.06309573444801936,0.002,2000000,502,-0.5890625,1.4906249999999999,completed,-6.05201916159427,21.069154396558645,2.3318107791481974e+106,1.0682512192725929e+105,5.97341902307262e+107,1,state_safeguard,U,state_safeguard,source_norm2_gt_5,raw_state_verified,run.py:numpy-batch
HiSD,0.06309573444801936,0.002,2000000,503,-0.5796875,1.4906249999999999,completed,-7.303453605460817,22.597181813083925,1.0210932654489002e+121,4.63930337066194e+119,2.740012531221441e+122,1,state_safeguard,U,state_safeguard,source_norm2_gt_5,raw_state_verified,run.py:numpy-batch
HiSD,0.06309573444801936,0.002,2000000,504,-0.5703125,1.4906249999999999,completed,-8.576767032276962,24.149925482566843,1.965353159830286e+137,8.827236043603543e+135,5.5248826669175286e+138,1,state_safeguard,U,state_safeguard,source_norm2_gt_5,raw_state_verified,run.py:numpy-batch
HiSD,0.06309573444801936,0.002,2000000,505,-0.5609375000000001,1.4906249999999999,completed,-9.86858276638462,25.723442652684394,,,,1,numerical_breakdown,U,state_safeguard,source_norm2_gt_5,nonfinite_derivatives_or_residual,run.py:numpy-batch
HiSD,0.06309573444801936,0.002,2000000,506,-0.5515625000000001,1.4906249999999999,completed,-11.17537968784804,27.313680359894274,,,,1,numerical_breakdown,U,state_safeguard,source_norm2_gt_5,nonfinite_derivatives_or_residual,run.py:numpy-batch
HiSD,0.06309573444801936,0.002,2000000,507,-0.5421875,1.4906249999999999,completed,-12.493520546204733,28.91648529426525,,,,1,numerical_breakdown,U,state_safeguard,source_norm2_gt_5,nonfinite_derivatives_or_residual,run.py:numpy-batch
HiSD,0.06309573444801936,0.002,2000000,508,-0.5328125000000001,1.4906249999999999,completed,-13.819281935654018,30.52761515045618,,,,1,numerical_breakdown,U,state_safeguard,source_norm2_gt_5,nonfinite_derivatives_or_residual,run.py:numpy-batch
HiSD,0.06309573444801936,0.002,2000000,509,-0.5234375,1.4906249999999999,completed,-15.148886093457913,32.14275090540594,,,,1,numerical_breakdown,U,state_safeguard,source_norm2_gt_5,nonfinite_derivatives_or_residual,run.py:numpy-batch
HiSD,0.06309573444801936,0.002,2000000,510,-0.5140625000000001,1.4906249999999999,completed,-16.478534745461403,33.7575094524011,,,,1,numerical_breakdown,U,state_safeguard,source_norm2_gt_5,nonfinite_derivatives_or_residual,run.py:numpy-batch
HiSD,0.06309573444801936,0.002,2000000,511,-0.5046875000000001,1.4906249999999999,completed,-17.804445321802042,35.36745597756278,,,,1,numerical_breakdown,U,state_safeguard,source_norm2_gt_5,nonfinite_derivatives_or_residual,run.py:numpy-batch
HiSD,0.06309573444801936,0.002,2000000,224,-0.7953125000000001,1.340625,completed,-25.93381823388879,-7.994015390096721,,,,2,numerical_breakdown,U,state_safeguard,source_norm2_gt_5,nonfinite_derivatives_or_residual,run.py:numpy-batch
HiSD,0.06309573444801936,0.002,2000000,256,-0.7953125000000001,1.359375,completed,62.27454199028278,-8.190813603276146,,,,2,numerical_breakdown,U,state_safeguard,source_norm2_gt_5,nonfinite_derivatives_or_residual,run.py:numpy-batch
HiSD,0.06309573444801936,0.002,2000000,257,-0.7859375000000001,1.359375,completed,63.567670733312454,26.62192635168942,,,,2,numerical_breakdown,U,state_safeguard,source_norm2_gt_5,nonfinite_derivatives_or_residual,run.py:numpy-batch
HiSD,0.06309573444801936,0.002,2000000,258,-0.7765625,1.359375,completed,-140.34625681406047,-94.87953258297117,,,,2,numerical_breakdown,U,state_safeguard,source_norm2_gt_5,nonfinite_derivatives_or_residual,run.py:numpy-batch
HiSD,0.06309573444801936,0.002,2000000,288,-0.7953125000000001,1.378125,completed,-99.57524533733661,-556.953690393616,,,,2,numerical_breakdown,U,state_safeguard,source_norm2_gt_5,nonfinite_derivatives_or_residual,run.py:numpy-batch
HiSD,0.06309573444801936,0.002,2000000,289,-0.7859375000000001,1.378125,completed,-38.99274291913912,-120.319005579562,,,,2,numerical_breakdown,U,state_safeguard,source_norm2_gt_5,nonfinite_derivatives_or_residual,run.py:numpy-batch
HiSD,0.06309573444801936,0.002,2000000,290,-0.7765625,1.378125,completed,119.0693932560483,-118.96719481063273,,,,2,numerical_breakdown,U,state_safeguard,source_norm2_gt_5,nonfinite_derivatives_or_residual,run.py:numpy-batch
HiSD,0.06309573444801936,0.002,2000000,291,-0.7671875,1.378125,completed,-660.3119223108362,-468.50162997220343,,,,2,numerical_breakdown,U,state_safeguard,source_norm2_gt_5,nonfinite_derivatives_or_residual,run.py:numpy-batch
HiSD,0.06309573444801936,0.002,2000000,292,-0.7578125,1.378125,completed,-28667.17923832802,-12860.713604189083,,,,2,numerical_breakdown,U,state_safeguard,source_norm2_gt_5,nonfinite_derivatives_or_residual,run.py:numpy-batch
HiSD,0.06309573444801936,0.002,2000000,320,-0.7953125000000001,1.3968749999999999,completed,418427.96381751646,-10417614.188089333,,,,2,numerical_breakdown,U,state_safeguard,source_norm2_gt_5,nonfinite_derivatives_or_residual,run.py:numpy-batch
HiSD,0.06309573444801936,0.002,2000000,321,-0.7859375000000001,1.3968749999999999,completed,-66459.86722021282,-472886.1343525612,,,,2,numerical_breakdown,U,state_safeguard,source_norm2_gt_5,nonfinite_derivatives_or_residual,run.py:numpy-batch
HiSD,0.06309573444801936,0.002,2000000,322,-0.7765625,1.3968749999999999,completed,-21624.679727847826,-62483.56967797915,,,,2,numerical_breakdown,U,state_safeguard,source_norm2_gt_5,nonfinite_derivatives_or_residual,run.py:numpy-batch
HiSD,0.06309573444801936,0.002,2000000,323,-0.7671875,1.3968749999999999,completed,-17297.831684566452,-29441.524694081967,,,,2,numerical_breakdown,U,state_safeguard,source_norm2_gt_5,nonfinite_derivatives_or_residual,run.py:numpy-batch
HiSD,0.06309573444801936,0.002,2000000,324,-0.7578125,1.3968749999999999,completed,-53710.07178711937,-61103.32832248049,,,,2,numerical_breakdown,U,state_safeguard,source_norm2_gt_5,nonfinite_derivatives_or_residual,run.py:numpy-batch
HiSD,0.06309573444801936,0.002,2000000,325,-0.7484375000000001,1.3968749999999999,completed,-857131.1144612293,-699004.2605765519,,,,2,numerical_breakdown,U,state_safeguard,source_norm2_gt_5,nonfinite_derivatives_or_residual,run.py:numpy-batch
HiSD,0.06309573444801936,0.002,2000000,354,-0.7765625,1.415625,completed,-914207496.1870264,-5028203861.786958,,,,2,numerical_breakdown,U,state_safeguard,source_norm2_gt_5,nonfinite_derivatives_or_residual,run.py:numpy-batch
HiSD,0.06309573444801936,0.002,2000000,355,-0.7671875,1.415625,completed,-148464112.82321733,-456300731.00719094,,,,2,numerical_breakdown,U,state_safeguard,source_norm2_gt_5,nonfinite_derivatives_or_residual,run.py:numpy-batch
HiSD,0.06309573444801936,0.002,2000000,356,-0.7578125,1.415625,completed,-62795071.90455862,-128861622.5831734,,,,2,numerical_breakdown,U,state_safeguard,source_norm2_gt_5,nonfinite_derivatives_or_residual,run.py:numpy-batch
HiSD,0.06309573444801936,0.002,2000000,357,-0.7484375000000001,1.415625,completed,-94152908.70016892,-139968322.5673051,,,,2,numerical_breakdown,U,state_safeguard,source_norm2_gt_5,nonfinite_derivatives_or_residual,run.py:numpy-batch
HiSD,0.06309573444801936,0.002,2000000,358,-0.7390625000000001,1.415625,completed,-646583503.7290826,-728016731.2465831,,,,2,numerical_breakdown,U,state_safeguard,source_norm2_gt_5,nonfinite_derivatives_or_residual,run.py:numpy-batch
